object_id,phase,noise,realization,k,method,numerator,denominator,risk_difference,pair_floor,numerator_at_floor,denominator_at_floor,receiver_ratio,ratio_missing_reason,near_zero_full_step
2001,early,0.0,0,4,S7,0.01556659293805433,0.0013352954485714493,0.01423129748948288,2.891566989249217e-15,False,False,11.657789259079758,,False
2001,late,0.0,0,4,S7,0.00010905843923490517,0.00028650196246294673,-0.00017744352322804157,1.820467489076045e-19,False,False,0.3806551211634709,,False
2001,middle,0.0,0,4,S7,5.4263393886717905e-05,7.479667796999317e-05,-2.0533284083275263e-05,2.1871235027550443e-19,False,False,0.7254786624144888,,False
2002,early,0.0,0,4,S7,0.009503473844074607,0.0006891547974042401,0.008814319046670367,4.942973330270039e-15,False,False,13.790042353140755,,False
2002,late,0.0,0,4,S7,6.293953948916264e-05,3.7605729856486435e-05,2.5333809632676206e-05,1.4223829255423322e-21,False,False,1.673668872519077,,False
2002,middle,0.0,0,4,S7,5.039294266550504e-05,7.119329782337758e-05,-2.0800355157872544e-05,3.2049436252638086e-19,False,False,0.7078326781619831,,False
2003,early,0.0,0,4,S7,0.020182131717881007,0.00241926509288439,0.017762866624996616,8.40187782869535e-15,False,False,8.342257232264977,,False
2003,late,0.0,0,4,S7,0.0006459336828078937,0.0004046341449102416,0.0002412995378976521,1.0719634174560062e-18,False,False,1.596340029463353,,False
2003,middle,0.0,0,4,S7,0.00018135122594420722,0.0002758140537665381,-9.446282782233086e-05,3.313616084695117e-18,False,False,0.6575126374731847,,False
2004,early,0.0,0,4,S7,0.01968388057453378,0.0005765744240291816,0.019107306150504596,4.318574103338581e-15,False,False,34.139357824754185,,False
2004,late,0.0,0,4,S7,0.0002972605515954913,2.639215316504311e-05,0.0002708683984304482,1.629242733159325e-20,False,False,11.26321712884034,,False
2004,middle,0.0,0,4,S7,0.00022558406714133256,0.00014066404411811466,8.49200230232179e-05,6.884300005212678e-19,False,False,1.6037081014954406,,False
2005,early,0.0,0,4,S7,0.0025851183042076504,0.0003053858738922154,0.002279732430315435,6.931707339510333e-16,False,False,8.465088025388026,,False
2005,late,0.0,0,4,S7,9.552637285450632e-05,0.00025557290966187656,-0.00016004653680737023,2.5583662336426013e-19,False,False,0.37377346832607533,,False
2005,middle,0.0,0,4,S7,4.37425118041352e-05,0.00024022552424430503,-0.00019648301244016983,3.164697338128909e-19,False,False,0.18208935932906886,,False
2006,early,0.0,0,4,S7,0.01196202786173024,0.0025104669040467028,0.009451560957683536,1.7620860629857842e-15,False,False,4.764861804172068,,False
2006,late,0.0,0,4,S7,0.006996466530499325,0.0030892294987901873,0.003907237031709138,9.913725166428e-18,False,False,2.2647933839940673,,False
2006,middle,0.0,0,4,S7,0.0023638461172978045,0.002628467821885829,-0.0002646217045880247,6.034754600482992e-18,False,False,0.8993247311667036,,False
2007,early,0.0,0,4,S7,0.0035230430867670723,0.0001496848697053392,0.003373358217061733,7.923552515459205e-16,False,False,23.536400797905138,,False
2007,late,0.0,0,4,S7,0.00020507637165706637,6.389384427870727e-05,0.0001411825273783591,8.87419218260007e-20,False,False,3.2096420863724493,,False
2007,middle,0.0,0,4,S7,7.033743872940735e-06,6.506961099200635e-05,-5.803586711906561e-05,1.2133994552246492e-19,False,False,0.10809568039072516,,False
2008,early,0.0,0,4,S7,0.005302245392842794,0.0003136722841862631,0.0049885731086565304,1.546332377860864e-15,False,False,16.903773970971066,,False
2008,middle,0.0,0,4,S7,0.0002016043596305884,0.00014085221974923943,6.075213988134895e-05,3.24095682259767e-19,False,False,1.4313182993459852,,False
2009,early,0.0,0,4,S7,0.06425438829116596,0.0010242125862312665,0.0632301757049347,3.819640131283871e-15,False,False,62.73540196142187,,False
2009,late,0.0,0,4,S7,0.0004182164057073001,0.0003590171743105238,5.919923139677632e-05,6.502270868838992e-19,False,False,1.1648924776661889,,False
2010,early,0.0,0,4,S7,0.006033659309520866,0.0011710962936476762,0.004862563015873189,3.915358086798981e-15,False,False,5.152146191776856,,False
2010,late,0.0,0,4,S7,0.00039110054919881703,0.0003125500197810634,7.855052941775365e-05,1.2632182950612938e-18,False,False,1.2513214667936259,,False
2010,middle,0.0,0,4,S7,0.00017394021896245315,0.00016194249404873488,1.1997724913718273e-05,3.460210557353781e-18,False,False,1.0740863291268548,,False
2011,early,0.0,0,4,S7,0.01896333904775744,0.0014324152646242158,0.017530923783133225,3.9551650974336075e-15,False,False,13.238716115422255,,False
2011,late,0.0,0,4,S7,0.0003170627360049064,0.00016215004483324997,0.00015491269117165642,5.67308175097705e-19,False,False,1.9553663172339162,,False
2011,middle,0.0,0,4,S7,0.00017475547186761775,0.00011796827583844877,5.678719602916898e-05,9.31616949929877e-19,False,False,1.481376841575069,,False
2012,early,0.0,0,4,S7,0.0077929045049558434,0.0024402768227149473,0.005352627682240896,3.812233327639918e-15,False,False,3.1934510185142817,,False
2012,late,0.0,0,4,S7,0.00022074405957470898,0.00023145305963308084,-1.0709000058371868e-05,1.092264853824229e-18,False,False,0.9537314387835326,,False
2012,middle,0.0,0,4,S7,9.98387575394075e-05,0.0001178047105604635,-1.7965953021056e-05,1.6314396210534872e-18,False,False,0.8474937637418587,,False
2013,early,0.0,0,4,S7,0.0010950903037608086,0.00018652286060036953,0.000908567443160439,5.51657826361888e-16,False,False,5.871078216557435,,False
2013,late,0.0,0,4,S7,0.001286322302532094,0.00032626979153813063,0.0009600525109939633,2.23034199808535e-19,False,False,3.9425111852004338,,False
2013,middle,0.0,0,4,S7,0.00011893438511195988,0.00015015526541999522,-3.122088030803533e-05,2.3995360688020054e-19,False,False,0.7920760206396475,,False
2014,early,0.0,0,4,S7,0.0007955412998675595,0.00017215927623417455,0.000623382023633385,6.847644058182508e-16,False,False,4.620960991875036,,False
2014,late,0.0,0,4,S7,0.0002391834422055691,0.0002411650525992402,-1.9816103936710937e-06,3.6589387655649004e-19,False,False,0.9917831776523439,,False
2014,middle,0.0,0,4,S7,0.0002698504022779775,0.00012923392770277384,0.00014061647457520366,2.603619526932429e-19,False,False,2.088077079098057,,False
2016,early,0.0,0,4,S7,0.0014659048221096842,0.00015865075353260706,0.001307254068577077,6.810814087806196e-16,False,False,9.239822625919018,,False
2016,late,0.0,0,4,S7,0.000175759821348841,0.00020894491125981123,-3.3185089910970245e-05,1.7415557431939108e-19,False,False,0.8411778027476992,,False
2016,middle,0.0,0,4,S7,3.849034986921399e-05,7.149624115047002e-05,-3.300589128125603e-05,1.6854366987493347e-19,False,False,0.5383548736248627,,False
2001,early,0.0,0,8,S7,0.0009277297348474534,8.831780221565247e-05,0.0008394119326318009,2.891566989249217e-15,False,False,10.504447705595563,,False
2001,late,0.0,0,8,S7,2.056869424965034e-05,5.731667282042725e-05,-3.674797857077691e-05,1.820467489076045e-19,False,False,0.35886057646946673,,False
2001,middle,0.0,0,8,S7,6.458647297771227e-06,8.780418261098788e-06,-2.3217709633275605e-06,2.1871235027550443e-19,False,False,0.7355739904084009,,False
2002,early,0.0,0,8,S7,0.011824284611808024,0.00022409330706041114,0.011600191304747612,4.942973330270039e-15,False,False,52.76500564392327,,False
2002,late,0.0,0,8,S7,1.0105336241099927e-05,3.410206068163427e-06,6.6951301729365e-06,1.4223829255423322e-21,False,False,2.96326264135181,,False
2002,middle,0.0,0,8,S7,2.2548418524347088e-05,5.022639518576059e-05,-2.7677976661413503e-05,3.2049436252638086e-19,False,False,0.4489356331656401,,False
2003,early,0.0,0,8,S7,0.002909546823270859,0.000503076513221201,0.002406470310049658,8.40187782869535e-15,False,False,5.7835075715242965,,False
2003,late,0.0,0,8,S7,9.23278732278871e-05,0.00015690084123470602,-6.457296800681891e-05,1.0719634174560062e-18,False,False,0.5884472798318205,,False
2003,middle,0.0,0,8,S7,0.00010082821473394105,0.00012096878001187249,-2.014056527793143e-05,3.313616084695117e-18,False,False,0.8335060891251881,,False
2004,early,0.0,0,8,S7,0.004318889499623461,0.00023553945103050607,0.004083350048592955,4.318574103338581e-15,False,False,18.336161864723447,,False
2004,late,0.0,0,8,S7,1.9671460078341684e-05,4.257340253565408e-06,1.5414119824776276e-05,1.629242733159325e-20,False,False,4.62059852084112,,False
2004,middle,0.0,0,8,S7,8.549403771606637e-05,8.273124151265951e-05,2.7627962034068603e-06,6.884300005212678e-19,False,False,1.0333948355287779,,False
2005,early,0.0,0,8,S7,0.0006175450928496891,0.00012556656867776067,0.0004919785241719284,6.931707339510333e-16,False,False,4.918069350405557,,False
2005,late,0.0,0,8,S7,3.415668022624476e-05,7.160838852250465e-05,-3.745170829625989e-05,2.5583662336426013e-19,False,False,0.47699272293371336,,False
2005,middle,0.0,0,8,S7,2.186312442578695e-05,4.430961461974132e-05,-2.244649019395437e-05,3.164697338128909e-19,False,False,0.4934171649519661,,False
2006,early,0.0,0,8,S7,0.005920541265231046,0.0009691275331365724,0.004951413732094474,1.7620860629857842e-15,False,False,6.109145662252798,,False
2006,late,0.0,0,8,S7,0.0009227983486886914,0.0021857110053185597,-0.0012629126566298682,9.913725166428e-18,False,False,0.4221959565757856,,False
2006,middle,0.0,0,8,S7,0.0008295309053235998,0.0011633771529892148,-0.00033384624766561496,6.034754600482992e-18,False,False,0.7130369572689125,,False
2007,early,0.0,0,8,S7,0.0008203002718056139,0.00011170559705557691,0.000708594674750037,7.923552515459205e-16,False,False,7.343412446893684,,False
2007,late,0.0,0,8,S7,1.7768330456229553e-05,3.0657752236751264e-05,-1.2889421780521711e-05,8.87419218260007e-20,False,False,0.5795705542603219,,False
2007,middle,0.0,0,8,S7,3.955928109334012e-06,1.055906755500688e-05,-6.603139445672868e-06,1.2133994552246492e-19,False,False,0.3746474855592904,,False
2008,early,0.0,0,8,S7,0.002113725330364082,0.00015613029727981013,0.0019575950330842718,1.546332377860864e-15,False,False,13.538213704774753,,False
2008,middle,0.0,0,8,S7,4.0007656205844225e-05,5.981316118668969e-05,-1.9805504980845467e-05,3.24095682259767e-19,False,False,0.6688771402830852,,False
2009,early,0.0,0,8,S7,0.004424637247731781,0.0006493963330412015,0.0037752409146905794,3.819640131283871e-15,False,False,6.8134620148079215,,False
2009,late,0.0,0,8,S7,0.00010239594146821518,0.00017220686856179036,-6.981092709357518e-05,6.502270868838992e-19,False,False,0.5946100891525938,,False
2010,early,0.0,0,8,S7,0.0030161939537182935,0.0007343634832835196,0.002281830470434774,3.915358086798981e-15,False,False,4.107222135055176,,False
2010,late,0.0,0,8,S7,0.0002431334286269105,0.000152955924686822,9.017750394008851e-05,1.2632182950612938e-18,False,False,1.5895652889858787,,False
2010,middle,0.0,0,8,S7,8.465929556511907e-05,5.2521602389631647e-05,3.213769317548742e-05,3.460210557353781e-18,False,False,1.6118947578383815,,False
2011,early,0.0,0,8,S7,0.0076785944139333385,0.000791383391239247,0.006887211022694091,3.9551650974336075e-15,False,False,9.702749007543911,,False
2011,late,0.0,0,8,S7,6.015731693555583e-05,0.00011781349829420359,-5.765618135864776e-05,5.67308175097705e-19,False,False,0.5106148090546562,,False
2011,middle,0.0,0,8,S7,3.394120651659996e-05,4.5833406878317964e-05,-1.1892200361718001e-05,9.31616949929877e-19,False,False,0.7405342266331996,,False
2012,early,0.0,0,8,S7,0.0048840738219146146,0.0003117147501408791,0.004572359071773735,3.812233327639918e-15,False,False,15.668407798178507,,False
2012,late,0.0,0,8,S7,0.0001557321263358087,0.00014620820128675023,9.523925049058482e-06,1.092264853824229e-18,False,False,1.065139472103755,,False
2012,middle,0.0,0,8,S7,4.37338116857407e-05,8.542052313063387e-05,-4.168671144489317e-05,1.6314396210534872e-18,False,False,0.5119824848047166,,False
2013,early,0.0,0,8,S7,0.0002912063956327714,2.87211515153889e-05,0.0002624852441173825,5.51657826361888e-16,False,False,10.139091932882355,,False
2013,late,0.0,0,8,S7,8.999007175370676e-05,5.627495637536892e-05,3.371511537833784e-05,2.23034199808535e-19,False,False,1.5991140206924206,,False
2013,middle,0.0,0,8,S7,1.5029760545322378e-05,2.2336817268302567e-05,-7.307056722980189e-06,2.3995360688020054e-19,False,False,0.6728693871105178,,False
2014,early,0.0,0,8,S7,0.0012876241534424259,0.000109605416604965,0.001178018736837461,6.847644058182508e-16,False,False,11.747814965050715,,False
2014,late,0.0,0,8,S7,0.0003911120862554264,4.527847728049744e-05,0.00034583360897492895,3.6589387655649004e-19,False,False,8.637924898236099,,False
2014,middle,0.0,0,8,S7,3.666491082307435e-05,4.3933076066588156e-05,-7.268165243513804e-06,2.603619526932429e-19,False,False,0.8345627965476935,,False
2016,early,0.0,0,8,S7,0.0006456713857070338,6.386630430785658e-05,0.0005818050813991772,6.810814087806196e-16,False,False,10.10973458859754,,False
2016,late,0.0,0,8,S7,4.1163251429052714e-05,5.029685520912876e-05,-9.133603780076048e-06,1.7415557431939108e-19,False,False,0.8184060665005887,,False
2016,middle,0.0,0,8,S7,2.105196340254718e-05,2.966112996974212e-05,-8.609166567194941e-06,1.6854366987493347e-19,False,False,0.7097492045657966,,False
2001,early,0.0,0,12,S7,0.00036844190437833053,4.49140169158125e-05,0.000323527887462518,2.891566989249217e-15,False,False,8.203272155971788,,False
2001,late,0.0,0,12,S7,7.678041487334303e-06,7.031335493325358e-06,6.467059940089451e-07,1.820467489076045e-19,False,False,1.091974845265575,,False
2001,middle,0.0,0,12,S7,2.804279119900158e-06,2.4551164168441643e-06,3.4916270305599385e-07,2.1871235027550443e-19,False,False,1.1422183895885523,,False
2002,early,0.0,0,12,S7,0.0029417474356821867,0.00010595440943956039,0.002835793026242626,4.942973330270039e-15,False,False,27.764275703506694,,False
2002,late,0.0,0,12,S7,1.4224594799066975e-06,1.0143507093795925e-06,4.08108770527105e-07,1.4223829255423322e-21,False,False,1.402334978181971,,False
2002,middle,0.0,0,12,S7,1.0045153866650008e-05,1.5964173669877455e-05,-5.9190198032274465e-06,3.2049436252638086e-19,False,False,0.62923105663803,,False
2003,early,0.0,0,12,S7,0.00243496670887554,0.00016853224944082652,0.0022664344594347137,8.40187782869535e-15,False,False,14.448075765644385,,False
2003,late,0.0,0,12,S7,3.131325510267882e-05,4.4608526023454196e-05,-1.3295270920775377e-05,1.0719634174560062e-18,False,False,0.7019567310118022,,False
2003,middle,0.0,0,12,S7,3.131276513012562e-05,7.093734348845808e-05,-3.9624578358332464e-05,3.313616084695117e-18,False,False,0.44141440305303214,,False
2004,early,0.0,0,12,S7,0.0024498060534967154,0.00015182977477609818,0.002297976278720617,4.318574103338581e-15,False,False,16.13521496102737,,False
2004,late,0.0,0,12,S7,9.56637038473271e-06,9.421691275202389e-07,8.624201257212472e-06,1.629242733159325e-20,False,False,10.153559594879862,,False
2004,middle,0.0,0,12,S7,4.12915599602644e-05,4.2287031075746655e-05,-9.954711154822578e-07,6.884300005212678e-19,False,False,0.9764591864181924,,False
2005,early,0.0,0,12,S7,6.697020570176848e-05,4.063793285583441e-05,2.6332272845934063e-05,6.931707339510333e-16,False,False,1.647972743578012,,False
2005,late,0.0,0,12,S7,1.104403139491393e-05,3.539956408820964e-05,-2.435553269329571e-05,2.5583662336426013e-19,False,False,0.3119821297062896,,False
2005,middle,0.0,0,12,S7,1.0591258092230637e-05,2.260478058576597e-05,-1.2013522493535332e-05,3.164697338128909e-19,False,False,0.4685406280342247,,False
2006,early,0.0,0,12,S7,0.0038134739230803426,0.00033867571461657894,0.0034747982084637635,1.7620860629857842e-15,False,False,11.25995682152069,,False
2006,late,0.0,0,12,S7,0.0007099522224397215,0.0005060550422041435,0.00020389718023557796,9.913725166428e-18,False,False,1.402915025502948,,False
2006,middle,0.0,0,12,S7,0.0004770863838116165,0.00039312493348332423,8.396145032829225e-05,6.034754600482992e-18,False,False,1.2135744725839268,,False
2007,early,0.0,0,12,S7,0.0005944021788268435,2.948950641375838e-05,0.000564912672413085,7.923552515459205e-16,False,False,20.156396329154024,,False
2007,late,0.0,0,12,S7,3.111746422712201e-06,1.6434354769215906e-05,-1.3322608346503705e-05,8.87419218260007e-20,False,False,0.18934399715777003,,False
2007,middle,0.0,0,12,S7,1.3052499723159802e-06,6.14265452252695e-06,-4.83740455021097e-06,1.2133994552246492e-19,False,False,0.21248956253835186,,False
2008,early,0.0,0,12,S7,0.001160756406619957,8.271579979377122e-05,0.0010780406068261858,1.546332377860864e-15,False,False,14.033067557999553,,False
2008,middle,0.0,0,12,S7,1.3678916403248242e-05,3.90374393088632e-05,-2.5358522905614957e-05,3.24095682259767e-19,False,False,0.3504050635857801,,False
2009,early,0.0,0,12,S7,0.0007939431574059088,0.0002310144184211772,0.0005629287389847316,3.819640131283871e-15,False,False,3.4367688511910117,,False
2009,late,0.0,0,12,S7,3.5355292340590276e-05,3.280958630795464e-05,2.545706032635639e-06,6.502270868838992e-19,False,False,1.0775903118296386,,False
2010,early,0.0,0,12,S7,0.0015696808005553342,0.00036621820083971505,0.0012034625997156192,3.915358086798981e-15,False,False,4.286190028120274,,False
2010,late,0.0,0,12,S7,0.00017081819534993397,9.340414176532049e-05,7.741405358461349e-05,1.2632182950612938e-18,False,False,1.8288075038376523,,False
2010,middle,0.0,0,12,S7,4.951753947989861e-05,3.2019579740071216e-05,1.749795973982739e-05,3.460210557353781e-18,False,False,1.54647687077321,,False
2011,early,0.0,0,12,S7,0.0015118697547960435,0.000340405075660964,0.0011714646791350794,3.9551650974336075e-15,False,False,4.441384288587496,,False
2011,late,0.0,0,12,S7,8.004817220909074e-06,3.8396676044970665e-05,-3.039185882406159e-05,5.67308175097705e-19,False,False,0.2084768278257663,,False
2011,middle,0.0,0,12,S7,2.184777597991466e-05,2.1181156577058508e-05,6.666194028561508e-07,9.31616949929877e-19,False,False,1.0314722853037295,,False
2012,early,0.0,0,12,S7,0.00332340159598594,0.00021393014433653145,0.0031094714516494083,3.812233327639918e-15,False,False,15.534985059225356,,False
2012,late,0.0,0,12,S7,0.00013471233783317473,7.685172756041621e-05,5.786061027275852e-05,1.092264853824229e-18,False,False,1.752886266964812,,False
2012,middle,0.0,0,12,S7,3.2914196771994874e-05,4.176659887640214e-05,-8.852402104407269e-06,1.6314396210534872e-18,False,False,0.7880506830205698,,False
2013,early,0.0,0,12,S7,0.00012774418628857357,1.2850360871545519e-05,0.00011489382541702805,5.51657826361888e-16,False,False,9.940902638106982,,False
2013,late,0.0,0,12,S7,1.1358797599808645e-05,2.934129735228023e-05,-1.798249975247158e-05,2.23034199808535e-19,False,False,0.3871266312266832,,False
2013,middle,0.0,0,12,S7,3.885803255105644e-06,6.650090339977449e-06,-2.7642870848718045e-06,2.3995360688020054e-19,False,False,0.5843233785480907,,False
2014,early,0.0,0,12,S7,0.0002851434192407119,5.139156828615165e-05,0.0002337518509545602,6.847644058182508e-16,False,False,5.548447512887998,,False
2014,late,0.0,0,12,S7,8.815807922110665e-05,2.4734739400341197e-05,6.342333982076545e-05,3.6589387655649004e-19,False,False,3.5641402075936397,,False
2014,middle,0.0,0,12,S7,1.3461909096963836e-05,2.6658650405657505e-05,-1.3196741308693669e-05,2.603619526932429e-19,False,False,0.5049733910801031,,False
2016,early,0.0,0,12,S7,0.0005025322836329688,4.264133214723729e-05,0.0004598909514857315,6.810814087806196e-16,False,False,11.785098127276203,,False
2016,late,0.0,0,12,S7,3.0419843983317774e-05,2.5869334839044166e-05,4.550509144273609e-06,1.7415557431939108e-19,False,False,1.17590360063706,,False
2016,middle,0.0,0,12,S7,8.991321911306387e-06,2.0204990173175998e-05,-1.121366826186961e-05,1.6854366987493347e-19,False,False,0.44500501283307736,,False
2001,early,0.0,0,16,S7,0.00022212274523932712,2.6428713825332328e-05,0.00019569403141399478,2.891566989249217e-15,False,False,8.404599130602378,,False
2001,late,0.0,0,16,S7,5.3305505896086665e-06,3.468408115451531e-06,1.8621424741571357e-06,1.820467489076045e-19,False,False,1.5368867826889843,,False
2001,middle,0.0,0,16,S7,1.6906853455351277e-06,1.1460114827364622e-06,5.446738627986656e-07,2.1871235027550443e-19,False,False,1.4752778405833122,,False
2002,early,0.0,0,16,S7,0.0012555022470481134,5.2944196055303434e-05,0.00120255805099281,4.942973330270039e-15,False,False,23.713689895992847,,False
2002,late,0.0,0,16,S7,5.934858558967294e-07,2.741481596534078e-07,3.193376962433216e-07,1.4223829255423322e-21,False,False,2.1648361843721466,,False
2002,middle,0.0,0,16,S7,5.895186361346211e-06,5.440028971205098e-06,4.5515739014111327e-07,3.2049436252638086e-19,False,False,1.083668192311168,,False
2003,early,0.0,0,16,S7,0.0022315967295085414,5.2984381237789425e-05,0.002178612348270752,8.40187782869535e-15,False,False,42.11801057925587,,False
2003,late,0.0,0,16,S7,2.2448560379304316e-05,1.635185861835728e-05,6.096701760947035e-06,1.0719634174560062e-18,False,False,1.3728445740169637,,False
2003,middle,0.0,0,16,S7,2.5955717924099416e-05,4.33677542854969e-05,-1.7412036361397487e-05,3.313616084695117e-18,False,False,0.5985026974933668,,False
2004,early,0.0,0,16,S7,0.0013974632817724967,6.07223581889224e-05,0.0013367409235835743,4.318574103338581e-15,False,False,23.013982385608934,,False
2004,late,0.0,0,16,S7,2.570568567701089e-06,3.275290463136678e-07,2.2430395213874215e-06,1.629242733159325e-20,False,False,7.848368248962289,,False
2004,middle,0.0,0,16,S7,1.2743471329031293e-05,1.3746514781767488e-05,-1.0030434527361945e-06,6.884300005212678e-19,False,False,0.9270328902518209,,False
2005,early,0.0,0,16,S7,2.266333539584969e-05,2.0792044445641476e-05,1.871290950208214e-06,6.931707339510333e-16,False,False,1.0900003342672964,,False
2005,late,0.0,0,16,S7,7.162310797665316e-06,1.0693778186553271e-05,-3.5314673888879555e-06,2.5583662336426013e-19,False,False,0.6697642940332776,,False
2005,middle,0.0,0,16,S7,3.823109926931006e-06,7.136677460807446e-06,-3.31356753387644e-06,3.164697338128909e-19,False,False,0.5356988525720003,,False
2006,early,0.0,0,16,S7,0.0025384336394706016,0.00012156713429567694,0.0024168665051749246,1.7620860629857842e-15,False,False,20.88092027650002,,False
2006,late,0.0,0,16,S7,0.0005956092440309107,0.0004220806389562627,0.000173528605074648,9.913725166428e-18,False,False,1.4111266640984912,,False
2006,middle,0.0,0,16,S7,0.0002575004934348562,0.00015944618262370556,9.805431081115064e-05,6.034754600482992e-18,False,False,1.6149680675802676,,False
2007,early,0.0,0,16,S7,0.00020301073801629084,1.9219206255079317e-05,0.00018379153176121152,7.923552515459205e-16,False,False,10.562909587519437,,False
2007,late,0.0,0,16,S7,1.0792177495430522e-06,3.2362275350971463e-06,-2.1570097855540943e-06,8.87419218260007e-20,False,False,0.3334801826629461,,False
2007,middle,0.0,0,16,S7,5.401474373596497e-07,1.6289989965491841e-06,-1.0888515591895344e-06,1.2133994552246492e-19,False,False,0.3315824248534711,,False
2008,early,0.0,0,16,S7,0.0005853255817744869,2.85861615089584e-05,0.0005567394202655285,1.546332377860864e-15,False,False,20.475836939179686,,False
2008,middle,0.0,0,16,S7,8.885217952109418e-06,1.439359653229775e-05,-5.508378580188332e-06,3.24095682259767e-19,False,False,0.6173035302310929,,False
2009,early,0.0,0,16,S7,0.0003557750338894062,8.50801183145728e-05,0.00027069491557483343,3.819640131283871e-15,False,False,4.181647145505531,,False
2009,late,0.0,0,16,S7,1.0527442660780392e-05,1.0080062934862955e-05,4.473797259174368e-07,6.502270868838992e-19,False,False,1.0443826322125556,,False
2010,early,0.0,0,16,S7,0.0009877802497328069,9.158938450385159e-05,0.0008961908652289553,3.915358086798981e-15,False,False,10.784877036609718,,False
2010,late,0.0,0,16,S7,0.000136731346101469,9.229955821839446e-05,4.4431787883074546e-05,1.2632182950612938e-18,False,False,1.4813867882004628,,False
2010,middle,0.0,0,16,S7,2.4845956485966124e-05,1.1193186848327888e-05,1.3652769637638237e-05,3.460210557353781e-18,False,False,2.219739277351363,,False
2011,early,0.0,0,16,S7,0.00030480230456170096,8.287666817442731e-05,0.00022192563638727365,3.9551650974336075e-15,False,False,3.677781832640706,,False
2011,late,0.0,0,16,S7,7.278796609615271e-06,1.1371647399174342e-05,-4.092850789559072e-06,5.67308175097705e-19,False,False,0.6400828617095321,,False
2011,middle,0.0,0,16,S7,8.238382695964082e-06,1.2193328935241002e-05,-3.95494623927692e-06,9.31616949929877e-19,False,False,0.6756467195889069,,False
2012,early,0.0,0,16,S7,0.0023635880610006284,0.00010560798930449844,0.00225798007169613,3.812233327639918e-15,False,False,22.380769452827277,,False
2012,late,0.0,0,16,S7,0.00013349098204306782,4.5088312790368624e-05,8.84026692526992e-05,1.092264853824229e-18,False,False,2.960655961195847,,False
2012,middle,0.0,0,16,S7,2.178167096310094e-05,1.6665532899018763e-05,5.116138064082177e-06,1.6314396210534872e-18,False,False,1.306989167108086,,False
2013,early,0.0,0,16,S7,5.158319245225579e-05,9.065923998766049e-06,4.2517268453489744e-05,5.51657826361888e-16,False,False,5.689788758352344,,False
2013,late,0.0,0,16,S7,4.895042155272735e-06,1.0425108527250067e-05,-5.530066371977333e-06,2.23034199808535e-19,False,False,0.46954352009647116,,False
2013,middle,0.0,0,16,S7,1.3568706517712877e-06,2.147102547328362e-06,-7.902318955570741e-07,2.3995360688020054e-19,False,False,0.6319542834410219,,False
2014,early,0.0,0,16,S7,0.00019712102365345314,1.8452661519314586e-05,0.00017866836213413856,6.847644058182508e-16,False,False,10.682525306559413,,False
2014,late,0.0,0,16,S7,5.843275642287804e-05,1.6979245482329107e-05,4.1453510940548935e-05,3.6589387655649004e-19,False,False,3.4414224403370013,,False
2014,middle,0.0,0,16,S7,1.0862465945902272e-05,7.809939906255468e-06,3.0525260396468046e-06,2.603619526932429e-19,False,False,1.3908514119554038,,False
2016,early,0.0,0,16,S7,0.00028100022255018276,1.6123278450753955e-05,0.00026487694409942883,6.810814087806196e-16,False,False,17.428231076480767,,False
2016,late,0.0,0,16,S7,2.050435162101364e-05,9.951922991409063e-06,1.0552428629604576e-05,1.7415557431939108e-19,False,False,2.0603406636801647,,False
2016,middle,0.0,0,16,S7,3.901788832654598e-06,5.142556148745007e-06,-1.2407673160904094e-06,1.6854366987493347e-19,False,False,0.7587255675578366,,False
2001,early,0.0,0,24,S7,3.363035206338161e-05,2.4575862812432514e-05,9.054489250949095e-06,2.891566989249217e-15,False,False,1.3684301674392723,,False
2001,late,0.0,0,24,S7,1.839584194829796e-06,1.276236332663853e-06,5.63347862165943e-07,1.820467489076045e-19,False,False,1.4414134339758864,,False
2001,middle,0.0,0,24,S7,1.317626007708681e-06,7.183271947980905e-07,5.992988129105905e-07,2.1871235027550443e-19,False,False,1.8342978203394391,,False
2002,early,0.0,0,24,S7,0.000305452888740362,4.9236300017630674e-05,0.00025621658872273135,4.942973330270039e-15,False,False,6.203814840493387,,False
2002,late,0.0,0,24,S7,2.559848542892943e-07,9.30686978659112e-08,1.6291615642338308e-07,1.4223829255423322e-21,False,False,2.750493561842937,,False
2002,middle,0.0,0,24,S7,2.0461683647363e-06,3.157681926827226e-06,-1.1115135620909262e-06,3.2049436252638086e-19,False,False,0.6479969839116279,,False
2003,early,0.0,0,24,S7,0.0019843013595429535,4.592639302249046e-05,0.0019383749665204631,8.40187782869535e-15,False,False,43.20612242662357,,False
2003,late,0.0,0,24,S7,1.2787410003206278e-05,1.1445942442293563e-05,1.341467560912716e-06,1.0719634174560062e-18,False,False,1.1172002714215912,,False
2003,middle,0.0,0,24,S7,5.066609061313693e-06,2.614457306473413e-05,-2.1077964003420436e-05,3.313616084695117e-18,False,False,0.1937919983917403,,False
2004,early,0.0,0,24,S7,0.00027940324394942084,4.1963332462856356e-05,0.0002374399114865645,4.318574103338581e-15,False,False,6.658271103629182,,False
2004,late,0.0,0,24,S7,5.891572147521894e-07,1.7849717627021115e-07,4.106600384819783e-07,1.629242733159325e-20,False,False,3.3006528566049482,,False
2004,middle,0.0,0,24,S7,4.470691927074607e-06,6.772995215170365e-06,-2.302303288095758e-06,6.884300005212678e-19,False,False,0.66007604981929,,False
2005,early,0.0,0,24,S7,4.0568567314503114e-06,1.7403525879199317e-05,-1.3346669147749005e-05,6.931707339510333e-16,False,False,0.23310544998810062,,False
2005,late,0.0,0,24,S7,2.442676390604293e-06,2.1423757225743767e-06,3.0030066802991614e-07,2.5583662336426013e-19,False,False,1.140171803136875,,False
2005,middle,0.0,0,24,S7,7.140767319530409e-07,8.638674916223485e-07,-1.4979075966930761e-07,3.164697338128909e-19,False,False,0.826604472188206,,False
2006,early,0.0,0,24,S7,0.0007635367556764795,3.512836013157995e-05,0.0007284083955448995,1.7620860629857842e-15,False,False,21.735621953786268,,False
2006,late,0.0,0,24,S7,0.0004213239614575362,0.00038727265494155826,3.405130651597791e-05,9.913725166428e-18,False,False,1.0879259252660545,,False
2006,middle,0.0,0,24,S7,7.211776803496579e-05,4.8860740375272e-05,2.3257027659693788e-05,6.034754600482992e-18,False,False,1.4759859854981643,,False
2007,early,0.0,0,24,S7,1.0193255249993785e-05,1.8263958495622544e-05,-8.070703245628759e-06,7.923552515459205e-16,False,False,0.5581076661139411,,False
2007,late,0.0,0,24,S7,8.965558368696841e-07,1.1137531407085294e-06,-2.1719730383884529e-07,8.87419218260007e-20,False,False,0.8049861357062731,,False
2007,middle,0.0,0,24,S7,2.4860615079114064e-07,5.457089192286826e-07,-2.971027684375419e-07,1.2133994552246492e-19,False,False,0.4555654892768222,,False
2008,early,0.0,0,24,S7,0.00012247367687498264,2.1782845274394928e-05,0.00010069083160058771,1.546332377860864e-15,False,False,5.622482982925408,,False
2008,middle,0.0,0,24,S7,4.49870199648341e-06,3.558290416758351e-06,9.40411579725059e-07,3.24095682259767e-19,False,False,1.2642874722355535,,False
2009,early,0.0,0,24,S7,4.895706876486148e-05,7.56519374301288e-05,-2.669486866526732e-05,3.819640131283871e-15,False,False,0.6471356904782197,,False
2009,late,0.0,0,24,S7,4.970156784287818e-06,4.524959171658139e-06,4.45197612629679e-07,6.502270868838992e-19,False,False,1.0983871004667076,,False
2010,early,0.0,0,24,S7,0.00020360930195749958,7.812764189899643e-05,0.00012548166005850315,3.915358086798981e-15,False,False,2.6061109360081045,,False
2010,late,0.0,0,24,S7,5.857117950812367e-05,8.67804330830424e-05,-2.8209253574918733e-05,1.2632182950612938e-18,False,False,0.6749353215612028,,False
2010,middle,0.0,0,24,S7,7.42358454693921e-06,7.198524674359401e-06,2.2505987257980834e-07,3.460210557353781e-18,False,False,1.0312647219758035,,False
2011,early,0.0,0,24,S7,6.245717406868883e-05,7.727796467833365e-05,-1.482079060964482e-05,3.9551650974336075e-15,False,False,0.8082145321588663,,False
2011,late,0.0,0,24,S7,2.3368617920137502e-06,5.1573777377563724e-06,-2.8205159457426222e-06,5.67308175097705e-19,False,False,0.45311045861658394,,False
2011,middle,0.0,0,24,S7,2.9255131250176266e-06,6.867567387875206e-06,-3.94205426285758e-06,9.31616949929877e-19,False,False,0.4259897223844741,,False
2012,early,0.0,0,24,S7,0.0005499560333160961,7.928685347450513e-05,0.00047066917984159095,3.812233327639918e-15,False,False,6.9362827406555585,,False
2012,late,0.0,0,24,S7,6.884971541497882e-05,3.808032415149464e-05,3.076939126348418e-05,1.092264853824229e-18,False,False,1.8080128504440918,,False
2012,middle,0.0,0,24,S7,8.379987143438167e-06,6.069173761927009e-06,2.3108133815111582e-06,1.6314396210534872e-18,False,False,1.3807459585367774,,False
2013,early,0.0,0,24,S7,8.250498938129965e-06,8.967766902492991e-06,-7.172679643630266e-07,5.51657826361888e-16,False,False,0.9200171043514044,,False
2013,late,0.0,0,24,S7,3.7936378433547566e-06,3.2430674571790542e-06,5.505703861757024e-07,2.23034199808535e-19,False,False,1.1697684039710385,,False
2013,middle,0.0,0,24,S7,1.1722602102366003e-06,9.393605032503708e-07,2.328997069862295e-07,2.3995360688020054e-19,False,False,1.2479343193378378,,False
2014,early,0.0,0,24,S7,4.1971697778872276e-05,1.1969425144088784e-05,3.000227263478349e-05,6.847644058182508e-16,False,False,3.5065759026531365,,False
2014,late,0.0,0,24,S7,2.0563805402065545e-05,1.4378776765240511e-05,6.185028636825034e-06,3.6589387655649004e-19,False,False,1.4301498477795984,,False
2014,middle,0.0,0,24,S7,3.8046081140274887e-06,1.2065993084329423e-06,2.5980088055945464e-06,2.603619526932429e-19,False,False,3.1531661649704423,,False
2016,early,0.0,0,24,S7,5.213993062292054e-05,1.1575757437959303e-05,4.056417318496124e-05,6.810814087806196e-16,False,False,4.504234898007013,,False
2016,late,0.0,0,24,S7,1.728061102478524e-05,7.660770632476221e-06,9.619840392309019e-06,1.7415557431939108e-19,False,False,2.255727504949402,,False
2016,middle,0.0,0,24,S7,3.5314677436308676e-06,8.07226778776036e-07,2.7242409648548316e-06,1.6854366987493347e-19,False,False,4.374814905156495,,False
2001,early,0.0,0,32,S7,4.310721181053672e-06,2.372110272925518e-05,-1.9410381548201507e-05,2.891566989249217e-15,False,False,0.18172515967131958,,False
2001,late,0.0,0,32,S7,2.1029125253083156e-06,4.5543424936430104e-07,1.6474782759440146e-06,1.820467489076045e-19,False,False,4.617378970166557,,False
2001,middle,0.0,0,32,S7,7.92712170053307e-07,2.5849735042398463e-07,5.342148196293224e-07,2.1871235027550443e-19,False,False,3.066616229346679,,False
2002,early,0.0,0,32,S7,7.35747538669188e-05,4.725070476182614e-05,2.632404910509266e-05,4.942973330270039e-15,False,False,1.5571144226902593,,False
2002,late,0.0,0,32,S7,1.542220950184412e-07,4.5186957616343526e-08,1.0903513740209767e-07,1.4223829255423322e-21,False,False,3.412978061675502,,False
2002,middle,0.0,0,32,S7,1.7381060567954966e-06,2.8746940228067873e-06,-1.1365879660112908e-06,3.2049436252638086e-19,False,False,0.6046229765693284,,False
2003,early,0.0,0,32,S7,0.001926437392126067,4.403304921879733e-05,0.0018824043429072697,8.40187782869535e-15,False,False,43.74980670890463,,False
2003,late,0.0,0,32,S7,7.1710344656764266e-06,8.231513010948676e-06,-1.0604785452722498e-06,1.0719634174560062e-18,False,False,0.8711684542244281,,False
2003,middle,0.0,0,32,S7,4.7339065520371514e-06,2.694478667719261e-05,-2.221088012515546e-05,3.313616084695117e-18,False,False,0.17568914568710103,,False
2004,early,0.0,0,32,S7,7.995851135302586e-05,3.9024464551634924e-05,4.093404680139094e-05,4.318574103338581e-15,False,False,2.04893295197502,,False
2004,late,0.0,0,32,S7,1.7441483987653004e-07,1.2482140288502227e-07,4.959343699150776e-08,1.629242733159325e-20,False,False,1.3973151706778217,,False
2004,middle,0.0,0,32,S7,3.4213186173165204e-06,5.005816528202756e-06,-1.5844979108862358e-06,6.884300005212678e-19,False,False,0.6834686405386255,,False
2005,early,0.0,0,32,S7,1.7088650808714627e-06,1.661262915357563e-05,-1.4903764072704166e-05,6.931707339510333e-16,False,False,0.10286542034218914,,False
2005,late,0.0,0,32,S7,1.6485225251727744e-06,2.0524337370221223e-06,-4.0391121184934786e-07,2.5583662336426013e-19,False,False,0.8032037748339769,,False
2005,middle,0.0,0,32,S7,6.450359251647245e-07,8.578217101493057e-07,-2.1278578498458125e-07,3.164697338128909e-19,False,False,0.7519463747920936,,False
2006,early,0.0,0,32,S7,0.0002810181736492127,3.267447383166794e-05,0.0002483436998175448,1.7620860629857842e-15,False,False,8.600541667387196,,False
2006,late,0.0,0,32,S7,0.0001986237056404427,0.00037303284509962616,-0.00017440913945918345,9.913725166428e-18,False,False,0.532456346001908,,False
2006,middle,0.0,0,32,S7,5.134020960238225e-05,1.9599962167190583e-05,3.174024743519167e-05,6.034754600482992e-18,False,False,2.619403505192645,,False
2007,early,0.0,0,32,S7,1.817664668853306e-06,1.7698582694288923e-05,-1.588091802543562e-05,7.923552515459205e-16,False,False,0.10270114281183883,,False
2007,late,0.0,0,32,S7,1.0140204433346321e-06,7.169200214738815e-07,2.9710042186075057e-07,8.87419218260007e-20,False,False,1.4144122258574339,,False
2007,middle,0.0,0,32,S7,2.0582187374057006e-07,2.6012822036598906e-07,-5.4306346625419e-08,1.2133994552246492e-19,False,False,0.7912323908993328,,False
2008,early,0.0,0,32,S7,4.333053058505809e-05,1.921717452198303e-05,2.411335606307506e-05,1.546332377860864e-15,False,False,2.2547815515486502,,False
2008,middle,0.0,0,32,S7,4.036980564017182e-06,1.570557790355723e-06,2.466422773661459e-06,3.24095682259767e-19,False,False,2.5704119828044196,,False
2009,early,0.0,0,32,S7,7.677525684981327e-06,7.323808992974714e-05,-6.556056424476581e-05,3.819640131283871e-15,False,False,0.10482968210047411,,False
2009,late,0.0,0,32,S7,2.8291638188654244e-06,5.219450826908645e-06,-2.390287008043221e-06,6.502270868838992e-19,False,False,0.5420424317975747,,False
2010,early,0.0,0,32,S7,4.565392826063582e-05,7.397098822002356e-05,-2.8317059959387742e-05,3.915358086798981e-15,False,False,0.6171869453040177,,False
2010,late,0.0,0,32,S7,3.670883046379408e-05,8.35948231634586e-05,-4.6885992699664525e-05,1.2632182950612938e-18,False,False,0.4391280353810286,,False
2010,middle,0.0,0,32,S7,4.281379527912583e-06,7.270534030159566e-06,-2.9891545022469826e-06,3.460210557353781e-18,False,False,0.5888672702930214,,False
2011,early,0.0,0,32,S7,1.0809696416528455e-05,7.42677347053107e-05,-6.345803828878223e-05,3.9551650974336075e-15,False,False,0.14555037203464727,,False
2011,late,0.0,0,32,S7,1.923678445591577e-06,6.389807454482177e-06,-4.466129008890601e-06,5.67308175097705e-19,False,False,0.30105421161668944,,False
2011,middle,0.0,0,32,S7,2.8173784019952123e-06,8.04897433777022e-06,-5.231595935775007e-06,9.31616949929877e-19,False,False,0.35002949242545367,,False
2012,early,0.0,0,32,S7,0.00011997854123689288,7.409860414336951e-05,4.587993709352337e-05,3.812233327639918e-15,False,False,1.6191741075817392,,False
2012,late,0.0,0,32,S7,2.795423999418263e-05,3.9767821089117176e-05,-1.1813581094934548e-05,1.092264853824229e-18,False,False,0.702936173735517,,False
2012,middle,0.0,0,32,S7,7.420880875388873e-06,5.393602956007491e-06,2.0272779193813826e-06,1.6314396210534872e-18,False,False,1.3758671032919405,,False
2013,early,0.0,0,32,S7,1.3972719430969636e-06,8.223566814406335e-06,-6.826294871309371e-06,5.51657826361888e-16,False,False,0.1699106938183044,,False
2013,late,0.0,0,32,S7,3.601402577501218e-06,9.884406151229013e-07,2.6129619623783168e-06,2.23034199808535e-19,False,False,3.643519420793352,,False
2013,middle,0.0,0,32,S7,1.397315114352577e-06,2.3347652689171793e-07,1.163838587460859e-06,2.3995360688020054e-19,False,False,5.984820542583391,,False
2014,early,0.0,0,32,S7,2.1135473151464274e-05,1.0560505059002306e-05,1.0574968092461968e-05,6.847644058182508e-16,False,False,2.0013695399395064,,False
2014,late,0.0,0,32,S7,1.8718084659452008e-05,1.3107511922804941e-05,5.610572736647067e-06,3.6589387655649004e-19,False,False,1.428042543061554,,False
2014,middle,0.0,0,32,S7,2.7175210276519583e-06,7.120317261153122e-07,2.005489301536646e-06,2.603619526932429e-19,False,False,3.8165729531156605,,False
2016,early,0.0,0,32,S7,1.851775049781912e-05,9.671503839568392e-06,8.846246658250727e-06,6.810814087806196e-16,False,False,1.9146712657093363,,False
2016,late,0.0,0,32,S7,1.3949352760546715e-05,6.245744537561116e-06,7.703608222985598e-06,1.7415557431939108e-19,False,False,2.2334171173119675,,False
2016,middle,0.0,0,32,S7,2.0346650194760232e-06,4.956994820224182e-07,1.538965537453605e-06,1.6854366987493347e-19,False,False,4.104634144814387,,False
2001,early,0.0,0,4,S8_no_probes,0.0007867727563979394,0.0013352954485714493,-0.0005485226921735099,2.891566989249217e-15,False,False,0.5892124901943306,,False
2001,late,0.0,0,4,S8_no_probes,2.577646409578709e-05,0.00028650196246294673,-0.0002607254983671596,1.820467489076045e-19,False,False,0.0899695899958129,,False
2001,middle,0.0,0,4,S8_no_probes,2.271788046196416e-06,7.479667796999317e-05,-7.252488992379675e-05,2.1871235027550443e-19,False,False,0.030372846867715287,,False
2002,early,0.0,0,4,S8_no_probes,0.0005887392965721991,0.0006891547974042401,-0.00010041550083204095,4.942973330270039e-15,False,False,0.8542918061221304,,False
2002,late,0.0,0,4,S8_no_probes,2.210519840505539e-05,3.7605729856486435e-05,-1.5500531451431044e-05,1.4223829255423322e-21,False,False,0.5878146359455,,False
2002,middle,0.0,0,4,S8_no_probes,9.587672075726363e-06,7.119329782337758e-05,-6.160562574765122e-05,3.2049436252638086e-19,False,False,0.13467099247898698,,False
2003,early,0.0,0,4,S8_no_probes,0.0010926177231443436,0.00241926509288439,-0.0013266473697400465,8.40187782869535e-15,False,False,0.4516320788317003,,False
2003,late,0.0,0,4,S8_no_probes,0.0002220048096608706,0.0004046341449102416,-0.00018262933524937098,1.0719634174560062e-18,False,False,0.5486556496860072,,False
2003,middle,0.0,0,4,S8_no_probes,6.635748017910428e-05,0.0002758140537665381,-0.0002094565735874338,3.313616084695117e-18,False,False,0.24058774117171114,,False
2004,early,0.0,0,4,S8_no_probes,0.0011103678907594715,0.0005765744240291816,0.0005337934667302899,4.318574103338581e-15,False,False,1.9258015001776658,,False
2004,late,0.0,0,4,S8_no_probes,1.5417409081987416e-05,2.639215316504311e-05,-1.0974744083055692e-05,1.629242733159325e-20,False,False,0.5841663992162662,,False
2004,middle,0.0,0,4,S8_no_probes,2.8519549542800638e-05,0.00014066404411811466,-0.00011214449457531403,6.884300005212678e-19,False,False,0.20274939286441218,,False
2005,early,0.0,0,4,S8_no_probes,0.0003151653465905843,0.0003053858738922154,9.779472698368907e-06,6.931707339510333e-16,False,False,1.032023330266483,,False
2005,late,0.0,0,4,S8_no_probes,1.582554522426272e-05,0.00025557290966187656,-0.00023974736443761383,2.5583662336426013e-19,False,False,0.06192184158015787,,False
2005,middle,0.0,0,4,S8_no_probes,2.297124058128732e-06,0.00024022552424430503,-0.0002379284001861763,3.164697338128909e-19,False,False,0.00956236463779177,,False
2006,early,0.0,0,4,S8_no_probes,0.0007782286888481721,0.0025104669040467028,-0.0017322382151985305,1.7620860629857842e-15,False,False,0.3099936062067658,,False
2006,late,0.0,0,4,S8_no_probes,0.0007202287455364743,0.0030892294987901873,-0.002369000753253713,9.913725166428e-18,False,False,0.23314187107773388,,False
2006,middle,0.0,0,4,S8_no_probes,0.0002170698865222861,0.002628467821885829,-0.002411397935363543,6.034754600482992e-18,False,False,0.08258419019432638,,False
2007,early,0.0,0,4,S8_no_probes,0.00037516360240585526,0.0001496848697053392,0.00022547873270051605,7.923552515459205e-16,False,False,2.5063562078410473,,False
2007,late,0.0,0,4,S8_no_probes,9.707306234402368e-06,6.389384427870727e-05,-5.41865380443049e-05,8.87419218260007e-20,False,False,0.15192866142251116,,False
2007,middle,0.0,0,4,S8_no_probes,1.049978226221551e-06,6.506961099200635e-05,-6.40196327657848e-05,1.2133994552246492e-19,False,False,0.016136230265008628,,False
2008,early,0.0,0,4,S8_no_probes,0.0003300254482457835,0.0003136722841862631,1.63531640595204e-05,1.546332377860864e-15,False,False,1.0521345521551073,,False
2008,middle,0.0,0,4,S8_no_probes,1.1539916912543265e-05,0.00014085221974923943,-0.00012931230283669617,3.24095682259767e-19,False,False,0.08192925133226789,,False
2009,early,0.0,0,4,S8_no_probes,0.0010481180272787986,0.0010242125862312665,2.390544104753211e-05,3.819640131283871e-15,False,False,1.0233403117369368,,False
2009,late,0.0,0,4,S8_no_probes,9.791056914058396e-05,0.0003590171743105238,-0.00026110660516993987,6.502270868838992e-19,False,False,0.27271834370769804,,False
2010,early,0.0,0,4,S8_no_probes,0.0007151490700276776,0.0011710962936476762,-0.00045594722361999866,3.915358086798981e-15,False,False,0.6106663251406633,,False
2010,late,0.0,0,4,S8_no_probes,0.00011769883405987257,0.0003125500197810634,-0.00019485118572119082,1.2632182950612938e-18,False,False,0.37657599299567746,,False
2010,middle,0.0,0,4,S8_no_probes,3.3900505971924756e-05,0.00016194249404873488,-0.0001280419880768101,3.460210557353781e-18,False,False,0.2093366918365649,,False
2011,early,0.0,0,4,S8_no_probes,0.0011474149559205246,0.0014324152646242158,-0.0002850003087036912,3.9551650974336075e-15,False,False,0.8010351357303784,,False
2011,late,0.0,0,4,S8_no_probes,7.193995209249977e-05,0.00016215004483324997,-9.02100927407502e-05,5.67308175097705e-19,False,False,0.4436628566244343,,False
2011,middle,0.0,0,4,S8_no_probes,1.562852418901135e-05,0.00011796827583844877,-0.00010233975164943742,9.31616949929877e-19,False,False,0.1324807375367067,,False
2012,early,0.0,0,4,S8_no_probes,0.000835406451996712,0.0024402768227149473,-0.0016048703707182352,3.812233327639918e-15,False,False,0.34234085420984106,,False
2012,late,0.0,0,4,S8_no_probes,7.42056639057585e-05,0.00023145305963308084,-0.00015724739572732234,1.092264853824229e-18,False,False,0.3206078330672995,,False
2012,middle,0.0,0,4,S8_no_probes,2.261435554038289e-05,0.0001178047105604635,-9.519035502008061e-05,1.6314396210534872e-18,False,False,0.19196478165256411,,False
2013,early,0.0,0,4,S8_no_probes,3.7211736822212585e-05,0.00018652286060036953,-0.00014931112377815695,5.51657826361888e-16,False,False,0.19950228461239278,,False
2013,late,0.0,0,4,S8_no_probes,4.7094621158724805e-05,0.00032626979153813063,-0.00027917517037940584,2.23034199808535e-19,False,False,0.14434257286495042,,False
2013,middle,0.0,0,4,S8_no_probes,1.1783809401521243e-06,0.00015015526541999522,-0.0001489768844798431,2.3995360688020054e-19,False,False,0.00784774970665269,,False
2014,early,0.0,0,4,S8_no_probes,2.4409532580712912e-05,0.00017215927623417455,-0.00014774974365346164,6.847644058182508e-16,False,False,0.14178459107547925,,False
2014,late,0.0,0,4,S8_no_probes,3.268548056336377e-05,0.0002411650525992402,-0.00020847957203587642,3.6589387655649004e-19,False,False,0.13553157976698796,,False
2014,middle,0.0,0,4,S8_no_probes,6.68165124265018e-06,0.00012923392770277384,-0.00012255227646012365,2.603619526932429e-19,False,False,0.05170199003792072,,False
2016,early,0.0,0,4,S8_no_probes,6.46683989155218e-05,0.00015865075353260706,-9.398235461708526e-05,6.810814087806196e-16,False,False,0.40761482360202395,,False
2016,late,0.0,0,4,S8_no_probes,2.611948981404139e-05,0.00020894491125981123,-0.00018282542144576984,1.7415557431939108e-19,False,False,0.1250065850206961,,False
2016,middle,0.0,0,4,S8_no_probes,3.008595683043564e-06,7.149624115047002e-05,-6.848764546742645e-05,1.6854366987493347e-19,False,False,0.04208047352743642,,False
2001,early,0.0,0,8,S8_no_probes,0.00033391694078418934,8.831780221565247e-05,0.00024559913856853684,2.891566989249217e-15,False,False,3.780856547684897,,False
2001,late,0.0,0,8,S8_no_probes,8.813807254823746e-06,5.731667282042725e-05,-4.85028655656035e-05,1.820467489076045e-19,False,False,0.15377388150978938,,False
2001,middle,0.0,0,8,S8_no_probes,1.9188402794793803e-06,8.780418261098788e-06,-6.861577981619407e-06,2.1871235027550443e-19,False,False,0.21853631825043096,,False
2002,early,0.0,0,8,S8_no_probes,0.00039783885313710856,0.00022409330706041114,0.00017374554607669742,4.942973330270039e-15,False,False,1.7753267973766795,,False
2002,late,0.0,0,8,S8_no_probes,9.462964866402302e-07,3.410206068163427e-06,-2.4639095815231967e-06,1.4223829255423322e-21,False,False,0.27748953222344713,,False
2002,middle,0.0,0,8,S8_no_probes,9.427225883768812e-06,5.022639518576059e-05,-4.079916930199178e-05,3.2049436252638086e-19,False,False,0.18769465435260768,,False
2003,early,0.0,0,8,S8_no_probes,0.0004486494840554386,0.000503076513221201,-5.4427029165762374e-05,8.40187782869535e-15,False,False,0.891811627584707,,False
2003,late,0.0,0,8,S8_no_probes,0.0002073808072405478,0.00015690084123470602,5.047996600584178e-05,1.0719634174560062e-18,False,False,1.321731646615772,,False
2003,middle,0.0,0,8,S8_no_probes,6.022345816462818e-05,0.00012096878001187249,-6.0745321847244306e-05,3.313616084695117e-18,False,False,0.4978429819554892,,False
2004,early,0.0,0,8,S8_no_probes,0.0005635493789271682,0.00023553945103050607,0.0003280099278966621,4.318574103338581e-15,False,False,2.392590185897052,,False
2004,late,0.0,0,8,S8_no_probes,1.731236035765672e-06,4.257340253565408e-06,-2.526104217799736e-06,1.629242733159325e-20,False,False,0.4066473273579222,,False
2004,middle,0.0,0,8,S8_no_probes,2.8212570376522553e-05,8.273124151265951e-05,-5.451867113613696e-05,6.884300005212678e-19,False,False,0.3410147105335712,,False
2005,early,0.0,0,8,S8_no_probes,0.00029219300226127396,0.00012556656867776067,0.0001666264335835133,6.931707339510333e-16,False,False,2.326996790133876,,False
2005,late,0.0,0,8,S8_no_probes,7.306041037120556e-06,7.160838852250465e-05,-6.430234748538409e-05,2.5583662336426013e-19,False,False,0.10202772591125212,,False
2005,middle,0.0,0,8,S8_no_probes,3.1086529151005364e-06,4.430961461974132e-05,-4.120096170464078e-05,3.164697338128909e-19,False,False,0.07015752544404967,,False
2006,early,0.0,0,8,S8_no_probes,0.0003493149871059845,0.0009691275331365724,-0.0006198125460305879,1.7620860629857842e-15,False,False,0.36044274376916086,,False
2006,late,0.0,0,8,S8_no_probes,0.0005142113370875379,0.0021857110053185597,-0.0016714996682310219,9.913725166428e-18,False,False,0.2352604419506015,,False
2006,middle,0.0,0,8,S8_no_probes,0.00020709195910862934,0.0011633771529892148,-0.0009562851938805855,6.034754600482992e-18,False,False,0.17800930556055813,,False
2007,early,0.0,0,8,S8_no_probes,0.00032468181022353844,0.00011170559705557691,0.00021297621316796153,7.923552515459205e-16,False,False,2.9065849767760468,,False
2007,late,0.0,0,8,S8_no_probes,2.0882373045334376e-06,3.0657752236751264e-05,-2.8569514932217827e-05,8.87419218260007e-20,False,False,0.0681144947746738,,False
2007,middle,0.0,0,8,S8_no_probes,1.4138927181894014e-06,1.055906755500688e-05,-9.145174836817478e-06,1.2133994552246492e-19,False,False,0.13390317950176994,,False
2008,early,0.0,0,8,S8_no_probes,6.423071839864164e-05,0.00015613029727981013,-9.189957888116849e-05,1.546332377860864e-15,False,False,0.4113917639158149,,False
2008,middle,0.0,0,8,S8_no_probes,1.1515906731264706e-05,5.981316118668969e-05,-4.829725445542499e-05,3.24095682259767e-19,False,False,0.19253131756940742,,False
2009,early,0.0,0,8,S8_no_probes,0.0009767000295232955,0.0006493963330412015,0.00032730369648209404,3.819640131283871e-15,False,False,1.504012233868478,,False
2009,late,0.0,0,8,S8_no_probes,6.284497722011289e-05,0.00017220686856179036,-0.00010936189134167747,6.502270868838992e-19,False,False,0.3649388537459131,,False
2010,early,0.0,0,8,S8_no_probes,0.0006964682433813714,0.0007343634832835196,-3.78952399021482e-05,3.915358086798981e-15,False,False,0.948397161943961,,False
2010,late,0.0,0,8,S8_no_probes,8.64149972877513e-05,0.000152955924686822,-6.654092739907069e-05,1.2632182950612938e-18,False,False,0.5649666560134001,,False
2010,middle,0.0,0,8,S8_no_probes,3.223887215236201e-05,5.2521602389631647e-05,-2.028273023726964e-05,3.460210557353781e-18,False,False,0.6138211837711623,,False
2011,early,0.0,0,8,S8_no_probes,0.001085447880331624,0.000791383391239247,0.00029406448909237697,3.9551650974336075e-15,False,False,1.371582841322831,,False
2011,late,0.0,0,8,S8_no_probes,3.0005088016978263e-05,0.00011781349829420359,-8.780841027722533e-05,5.67308175097705e-19,False,False,0.2546829391488709,,False
2011,middle,0.0,0,8,S8_no_probes,1.6670262211340393e-05,4.5833406878317964e-05,-2.916314466697757e-05,9.31616949929877e-19,False,False,0.3637142282614487,,False
2012,early,0.0,0,8,S8_no_probes,0.00065879576662013,0.0003117147501408791,0.0003470810164792509,3.812233327639918e-15,False,False,2.113457147351507,,False
2012,late,0.0,0,8,S8_no_probes,4.436829752488054e-05,0.00014620820128675023,-0.00010183990376186969,1.092264853824229e-18,False,False,0.30345970427379376,,False
2012,middle,0.0,0,8,S8_no_probes,2.1120437501685753e-05,8.542052313063387e-05,-6.430008562894812e-05,1.6314396210534872e-18,False,False,0.24725249539137337,,False
2013,early,0.0,0,8,S8_no_probes,9.647477614083943e-06,2.87211515153889e-05,-1.9073673901304957e-05,5.51657826361888e-16,False,False,0.3359014908895553,,False
2013,late,0.0,0,8,S8_no_probes,1.0512024258303657e-05,5.627495637536892e-05,-4.576293211706526e-05,2.23034199808535e-19,False,False,0.1867975549938353,,False
2013,middle,0.0,0,8,S8_no_probes,3.1073105862565747e-06,2.2336817268302567e-05,-1.9229506682045992e-05,2.3995360688020054e-19,False,False,0.13911160882647572,,False
2014,early,0.0,0,8,S8_no_probes,1.7040505041622614e-05,0.000109605416604965,-9.256491156334238e-05,6.847644058182508e-16,False,False,0.15547137695794042,,False
2014,late,0.0,0,8,S8_no_probes,1.9820136075007666e-05,4.527847728049744e-05,-2.5458341205489775e-05,3.6589387655649004e-19,False,False,0.4377385739415024,,False
2014,middle,0.0,0,8,S8_no_probes,7.465787164897534e-06,4.3933076066588156e-05,-3.6467288901690624e-05,2.603619526932429e-19,False,False,0.169935452586608,,False
2016,early,0.0,0,8,S8_no_probes,3.021858036878248e-05,6.386630430785658e-05,-3.3647723939074105e-05,6.810814087806196e-16,False,False,0.473153734136846,,False
2016,late,0.0,0,8,S8_no_probes,1.1183816525343275e-05,5.029685520912876e-05,-3.911303868378549e-05,1.7415557431939108e-19,False,False,0.22235617870823537,,False
2016,middle,0.0,0,8,S8_no_probes,3.2553646831397356e-06,2.966112996974212e-05,-2.6405765286602385e-05,1.6854366987493347e-19,False,False,0.10975187683208949,,False
2001,early,0.0,0,12,S8_no_probes,0.00025523844560343644,4.49140169158125e-05,0.00021032442868762393,2.891566989249217e-15,False,False,5.682823829404063,,False
2001,late,0.0,0,12,S8_no_probes,4.974378749298119e-06,7.031335493325358e-06,-2.0569567440272386e-06,1.820467489076045e-19,False,False,0.7074585978752048,,False
2001,middle,0.0,0,12,S8_no_probes,2.3396803563907686e-06,2.4551164168441643e-06,-1.154360604533957e-07,2.1871235027550443e-19,False,False,0.9529814310794359,,False
2002,early,0.0,0,12,S8_no_probes,0.0003222333954449203,0.00010595440943956039,0.0002162789860053599,4.942973330270039e-15,False,False,3.041245731530711,,False
2002,late,0.0,0,12,S8_no_probes,4.837401700099006e-07,1.0143507093795925e-06,-5.306105393696919e-07,1.4223829255423322e-21,False,False,0.47689636881682734,,False
2002,middle,0.0,0,12,S8_no_probes,9.668940060479498e-06,1.5964173669877455e-05,-6.295233609397956e-06,3.2049436252638086e-19,False,False,0.605664925753324,,False
2003,early,0.0,0,12,S8_no_probes,0.0002998959715431418,0.00016853224944082652,0.00013136372210231526,8.40187782869535e-15,False,False,1.7794574779495747,,False
2003,late,0.0,0,12,S8_no_probes,0.00019358224241047353,4.4608526023454196e-05,0.00014897371638701934,1.0719634174560062e-18,False,False,4.339579440681187,,False
2003,middle,0.0,0,12,S8_no_probes,5.6832436814630935e-05,7.093734348845808e-05,-1.4104906673827148e-05,3.313616084695117e-18,False,False,0.8011638725078266,,False
2004,early,0.0,0,12,S8_no_probes,0.0002801495977546824,0.00015182977477609818,0.0001283198229785842,4.318574103338581e-15,False,False,1.8451558540992117,,False
2004,late,0.0,0,12,S8_no_probes,6.515993011358463e-07,9.421691275202389e-07,-2.905698263843926e-07,1.629242733159325e-20,False,False,0.6915948337755836,,False
2004,middle,0.0,0,12,S8_no_probes,2.8548321550239928e-05,4.2287031075746655e-05,-1.3738709525506727e-05,6.884300005212678e-19,False,False,0.675108202775048,,False
2005,early,0.0,0,12,S8_no_probes,0.00028878938588098154,4.063793285583441e-05,0.00024815145302514713,6.931707339510333e-16,False,False,7.106399503771016,,False
2005,late,0.0,0,12,S8_no_probes,4.971031066524291e-06,3.539956408820964e-05,-3.042853302168535e-05,2.5583662336426013e-19,False,False,0.14042633559377551,,False
2005,middle,0.0,0,12,S8_no_probes,3.5232303547479455e-06,2.260478058576597e-05,-1.9081550231018025e-05,3.164697338128909e-19,False,False,0.1558621788599219,,False
2006,early,0.0,0,12,S8_no_probes,0.0001718540091767153,0.00033867571461657894,-0.00016682170543986364,1.7620860629857842e-15,False,False,0.5074293838023621,,False
2006,late,0.0,0,12,S8_no_probes,0.00045385865899506486,0.0005060550422041435,-5.2196383209078686e-05,9.913725166428e-18,False,False,0.8968563123455203,,False
2006,middle,0.0,0,12,S8_no_probes,0.0002075710647894232,0.00039312493348332423,-0.00018555386869390102,6.034754600482992e-18,False,False,0.5280027978643285,,False
2007,early,0.0,0,12,S8_no_probes,0.00031130041963143353,2.948950641375838e-05,0.00028181091321767516,7.923552515459205e-16,False,False,10.556311633829035,,False
2007,late,0.0,0,12,S8_no_probes,1.6108731294093767e-06,1.6434354769215906e-05,-1.4823481639806529e-05,8.87419218260007e-20,False,False,0.09801864156095692,,False
2007,middle,0.0,0,12,S8_no_probes,1.755026097143633e-06,6.14265452252695e-06,-4.387628425383317e-06,1.2133994552246492e-19,False,False,0.2857113468952922,,False
2008,early,0.0,0,12,S8_no_probes,3.275751965552676e-05,8.271579979377122e-05,-4.995828013824446e-05,1.546332377860864e-15,False,False,0.39602494006221906,,False
2008,middle,0.0,0,12,S8_no_probes,1.1768576362494096e-05,3.90374393088632e-05,-2.7268862946369104e-05,3.24095682259767e-19,False,False,0.30146896340667806,,False
2009,early,0.0,0,12,S8_no_probes,0.0009074301000923396,0.0002310144184211772,0.0006764156816711623,3.819640131283871e-15,False,False,3.9280236545146963,,False
2009,late,0.0,0,12,S8_no_probes,6.326176938553899e-05,3.280958630795464e-05,3.0452183077584355e-05,6.502270868838992e-19,False,False,1.9281489498757034,,False
2010,early,0.0,0,12,S8_no_probes,0.0006916112399580657,0.00036621820083971505,0.0003253930391183507,3.915358086798981e-15,False,False,1.8885223027480478,,False
2010,late,0.0,0,12,S8_no_probes,6.859482076522543e-05,9.340414176532049e-05,-2.480932100009506e-05,1.2632182950612938e-18,False,False,0.7343873565860826,,False
2010,middle,0.0,0,12,S8_no_probes,3.201424820753869e-05,3.2019579740071216e-05,-5.331532532523904e-09,3.460210557353781e-18,False,False,0.999833491489401,,False
2011,early,0.0,0,12,S8_no_probes,0.0009521522076382072,0.000340405075660964,0.0006117471319772433,3.9551650974336075e-15,False,False,2.7971151892768193,,False
2011,late,0.0,0,12,S8_no_probes,1.1172204927299035e-05,3.8396676044970665e-05,-2.722447111767163e-05,5.67308175097705e-19,False,False,0.2909680232271671,,False
2011,middle,0.0,0,12,S8_no_probes,1.832785606820809e-05,2.1181156577058508e-05,-2.853300508850417e-06,9.31616949929877e-19,False,False,0.8652906181742289,,False
2012,early,0.0,0,12,S8_no_probes,0.0006556462932859696,0.00021393014433653145,0.00044171614894943816,3.812233327639918e-15,False,False,3.064768152797479,,False
2012,late,0.0,0,12,S8_no_probes,3.0672885388844916e-05,7.685172756041621e-05,-4.6178842171571295e-05,1.092264853824229e-18,False,False,0.3991177083785363,,False
2012,middle,0.0,0,12,S8_no_probes,2.0875425756445798e-05,4.176659887640214e-05,-2.0891173119956345e-05,1.6314396210534872e-18,False,False,0.4998114837701156,,False
2013,early,0.0,0,12,S8_no_probes,5.948861977852144e-06,1.2850360871545519e-05,-6.901498893693374e-06,5.51657826361888e-16,False,False,0.46293345668016805,,False
2013,late,0.0,0,12,S8_no_probes,6.111412030910525e-06,2.934129735228023e-05,-2.3229885321369702e-05,2.23034199808535e-19,False,False,0.2082870418964478,,False
2013,middle,0.0,0,12,S8_no_probes,2.526493357559937e-06,6.650090339977449e-06,-4.123596982417512e-06,2.3995360688020054e-19,False,False,0.37991865198759156,,False
2014,early,0.0,0,12,S8_no_probes,1.5246339580718147e-05,5.139156828615165e-05,-3.6145228705433505e-05,6.847644058182508e-16,False,False,0.2966700587112952,,False
2014,late,0.0,0,12,S8_no_probes,1.5202504492042218e-05,2.4734739400341197e-05,-9.532234908298979e-06,3.6589387655649004e-19,False,False,0.6146215751855671,,False
2014,middle,0.0,0,12,S8_no_probes,8.18201932010405e-06,2.6658650405657505e-05,-1.8476631085553455e-05,2.603619526932429e-19,False,False,0.30691798705487583,,False
2016,early,0.0,0,12,S8_no_probes,2.5306099234638188e-05,4.264133214723729e-05,-1.7335232912599105e-05,6.810814087806196e-16,False,False,0.5934640866110408,,False
2016,late,0.0,0,12,S8_no_probes,9.614561744374823e-06,2.5869334839044166e-05,-1.625477309466934e-05,1.7415557431939108e-19,False,False,0.37165863769576796,,False
2016,middle,0.0,0,12,S8_no_probes,3.6303393060234483e-06,2.0204990173175998e-05,-1.657465086715255e-05,1.6854366987493347e-19,False,False,0.17967538092857185,,False
2001,early,0.0,0,16,S8_no_probes,0.00021257607374285735,2.6428713825332328e-05,0.00018614735991752502,2.891566989249217e-15,False,False,8.043375668894637,,False
2001,late,0.0,0,16,S8_no_probes,2.909961630496597e-06,3.468408115451531e-06,-5.58446484954934e-07,1.820467489076045e-19,False,False,0.8389905494491575,,False
2001,middle,0.0,0,16,S8_no_probes,3.162785842967661e-06,1.1460114827364622e-06,2.016774360231199e-06,2.1871235027550443e-19,False,False,2.7598203775546097,,False
2002,early,0.0,0,16,S8_no_probes,0.00030123837427971096,5.2944196055303434e-05,0.00024829417822440754,4.942973330270039e-15,False,False,5.689733657775238,,False
2002,late,0.0,0,16,S8_no_probes,1.8590120461963183e-07,2.741481596534078e-07,-8.824695503377595e-08,1.4223829255423322e-21,False,False,0.6781048789627394,,False
2002,middle,0.0,0,16,S8_no_probes,1.0232682711504706e-05,5.440028971205098e-06,4.7926537402996085e-06,3.2049436252638086e-19,False,False,1.8809978339578437,,False
2003,early,0.0,0,16,S8_no_probes,0.00025351880679440585,5.2984381237789425e-05,0.00020053442555661644,8.40187782869535e-15,False,False,4.784783758380321,,False
2003,late,0.0,0,16,S8_no_probes,0.0002061319089931734,1.635185861835728e-05,0.00018978005037481612,1.0719634174560062e-18,False,False,12.606023193092012,,False
2003,middle,0.0,0,16,S8_no_probes,5.411077465413559e-05,4.33677542854969e-05,1.074302036863869e-05,3.313616084695117e-18,False,False,1.2477190840437726,,False
2004,early,0.0,0,16,S8_no_probes,0.00023745381094813603,6.07223581889224e-05,0.00017673145275921362,4.318574103338581e-15,False,False,3.910484013307882,,False
2004,late,0.0,0,16,S8_no_probes,5.224144482775714e-07,3.275290463136678e-07,1.948854019639036e-07,1.629242733159325e-20,False,False,1.595017156973815,,False
2004,middle,0.0,0,16,S8_no_probes,2.9034806211228474e-05,1.3746514781767488e-05,1.5288291429460987e-05,6.884300005212678e-19,False,False,2.11215763938496,,False
2005,early,0.0,0,16,S8_no_probes,0.00029068103363533295,2.0792044445641476e-05,0.00026988898918969145,6.931707339510333e-16,False,False,13.980396896288227,,False
2005,late,0.0,0,16,S8_no_probes,3.857027757976086e-06,1.0693778186553271e-05,-6.836750428577185e-06,2.5583662336426013e-19,False,False,0.3606796111430521,,False
2005,middle,0.0,0,16,S8_no_probes,4.010826601462346e-06,7.136677460807446e-06,-3.1258508593450996e-06,3.164697338128909e-19,False,False,0.562001943269629,,False
2006,early,0.0,0,16,S8_no_probes,0.00015536370714218663,0.00012156713429567694,3.379657284650969e-05,1.7620860629857842e-15,False,False,1.2780074815641314,,False
2006,late,0.0,0,16,S8_no_probes,0.00031988230717840235,0.0004220806389562627,-0.00010219833177786035,9.913725166428e-18,False,False,0.7578701263564699,,False
2006,middle,0.0,0,16,S8_no_probes,0.00021342423490388257,0.00015944618262370556,5.3978052280177004e-05,6.034754600482992e-18,False,False,1.3385346164578031,,False
2007,early,0.0,0,16,S8_no_probes,0.00030760170811302304,1.9219206255079317e-05,0.0002883825018579437,7.923552515459205e-16,False,False,16.004912171215658,,False
2007,late,0.0,0,16,S8_no_probes,1.2015317306525592e-06,3.2362275350971463e-06,-2.034695804444587e-06,8.87419218260007e-20,False,False,0.37127541794322294,,False
2007,middle,0.0,0,16,S8_no_probes,1.7794782418284664e-06,1.6289989965491841e-06,1.504792452792823e-07,1.2133994552246492e-19,False,False,1.092375284207082,,False
2008,early,0.0,0,16,S8_no_probes,2.6776910498448666e-05,2.85861615089584e-05,-1.8092510105097331e-06,1.546332377860864e-15,False,False,0.9367088508912697,,False
2008,middle,0.0,0,16,S8_no_probes,1.224477496271749e-05,1.439359653229775e-05,-2.1488215695802594e-06,3.24095682259767e-19,False,False,0.8507098927805483,,False
2009,early,0.0,0,16,S8_no_probes,0.0008897828481843949,8.50801183145728e-05,0.000804702729869822,3.819640131283871e-15,False,False,10.458175961797998,,False
2009,late,0.0,0,16,S8_no_probes,5.2401578198121165e-05,1.0080062934862955e-05,4.232151526325821e-05,6.502270868838992e-19,False,False,5.198536808424559,,False
2010,early,0.0,0,16,S8_no_probes,0.000691088453038136,9.158938450385159e-05,0.0005994990685342844,3.915358086798981e-15,False,False,7.545508213444473,,False
2010,late,0.0,0,16,S8_no_probes,6.009678731848208e-05,9.229955821839446e-05,-3.220277089991238e-05,1.2632182950612938e-18,False,False,0.65110590428054,,False
2010,middle,0.0,0,16,S8_no_probes,3.326598289722439e-05,1.1193186848327888e-05,2.2072796048896507e-05,3.460210557353781e-18,False,False,2.9719849537036795,,False
2011,early,0.0,0,16,S8_no_probes,0.0009260966154377988,8.287666817442731e-05,0.0008432199472633715,3.9551650974336075e-15,False,False,11.174394866944688,,False
2011,late,0.0,0,16,S8_no_probes,5.705233437100677e-06,1.1371647399174342e-05,-5.666413962073666e-06,5.67308175097705e-19,False,False,0.5017068536186687,,False
2011,middle,0.0,0,16,S8_no_probes,1.8774802120270002e-05,1.2193328935241002e-05,6.581473185029e-06,9.31616949929877e-19,False,False,1.5397601606569729,,False
2012,early,0.0,0,16,S8_no_probes,0.0006541208008389456,0.00010560798930449844,0.0005485128115344472,3.812233327639918e-15,False,False,6.1938571612506115,,False
2012,late,0.0,0,16,S8_no_probes,2.9823775146010586e-05,4.5088312790368624e-05,-1.5264537644358038e-05,1.092264853824229e-18,False,False,0.6614524540909698,,False
2012,middle,0.0,0,16,S8_no_probes,2.1673314032382167e-05,1.6665532899018763e-05,5.007781133363404e-06,1.6314396210534872e-18,False,False,1.300487308969175,,False
2013,early,0.0,0,16,S8_no_probes,4.400365764929662e-06,9.065923998766049e-06,-4.665558233836387e-06,5.51657826361888e-16,False,False,0.4853742172919815,,False
2013,late,0.0,0,16,S8_no_probes,5.5149521334177e-06,1.0425108527250067e-05,-4.910156393832367e-06,2.23034199808535e-19,False,False,0.5290066879402006,,False
2013,middle,0.0,0,16,S8_no_probes,2.0400536290715933e-06,2.147102547328362e-06,-1.070489182567685e-07,2.3995360688020054e-19,False,False,0.9501426150371954,,False
2014,early,0.0,0,16,S8_no_probes,1.422968072317075e-05,1.8452661519314586e-05,-4.222980796143835e-06,6.847644058182508e-16,False,False,0.7711451656053194,,False
2014,late,0.0,0,16,S8_no_probes,1.4832529121665973e-05,1.6979245482329107e-05,-2.146716360663134e-06,3.6589387655649004e-19,False,False,0.8735682122684841,,False
2014,middle,0.0,0,16,S8_no_probes,8.00554401737236e-06,7.809939906255468e-06,1.9560411111689188e-07,2.603619526932429e-19,False,False,1.02504553344389,,False
2016,early,0.0,0,16,S8_no_probes,2.373466282057592e-05,1.6123278450753955e-05,7.611384369821967e-06,6.810814087806196e-16,False,False,1.4720742368290516,,False
2016,late,0.0,0,16,S8_no_probes,9.293220827271312e-06,9.951922991409063e-06,-6.587021641377512e-07,1.7415557431939108e-19,False,False,0.933811569411623,,False
2016,middle,0.0,0,16,S8_no_probes,3.5561444229053488e-06,5.142556148745007e-06,-1.5864117258396585e-06,1.6854366987493347e-19,False,False,0.6915129986034654,,False
2001,early,0.0,0,24,S8_no_probes,0.00019316536924851926,2.4575862812432514e-05,0.00016858950643608675,2.891566989249217e-15,False,False,7.859962871814216,,False
2001,late,0.0,0,24,S8_no_probes,1.8524784837309331e-06,1.276236332663853e-06,5.762421510670801e-07,1.820467489076045e-19,False,False,1.4515168047788656,,False
2001,middle,0.0,0,24,S8_no_probes,2.4927518287405938e-06,7.183271947980905e-07,1.7744246339425033e-06,2.1871235027550443e-19,False,False,3.470217815491816,,False
2002,early,0.0,0,24,S8_no_probes,0.0002887992589943577,4.9236300017630674e-05,0.00023956295897672704,4.942973330270039e-15,False,False,5.865575985420181,,False
2002,late,0.0,0,24,S8_no_probes,9.848691023987133e-08,9.30686978659112e-08,5.418212373960127e-09,1.4223829255423322e-21,False,False,1.0582173437278173,,False
2002,middle,0.0,0,24,S8_no_probes,1.062034487912968e-05,3.157681926827226e-06,7.4626629523024534e-06,3.2049436252638086e-19,False,False,3.3633358663837254,,False
2003,early,0.0,0,24,S8_no_probes,0.00020004747103094056,4.592639302249046e-05,0.0001541210780084501,8.40187782869535e-15,False,False,4.3558280514861245,,False
2003,late,0.0,0,24,S8_no_probes,0.00018657278575928327,1.1445942442293563e-05,0.0001751268433169897,1.0719634174560062e-18,False,False,16.300342824535242,,False
2003,middle,0.0,0,24,S8_no_probes,5.566959351797035e-05,2.614457306473413e-05,2.952502045323622e-05,3.313616084695117e-18,False,False,2.1292982440421606,,False
2004,early,0.0,0,24,S8_no_probes,0.00020754112740221738,4.1963332462856356e-05,0.00016557779493936103,4.318574103338581e-15,False,False,4.945773255399137,,False
2004,late,0.0,0,24,S8_no_probes,2.1239959389125347e-07,1.7849717627021115e-07,3.390241762104232e-08,1.629242733159325e-20,False,False,1.1899325150652267,,False
2004,middle,0.0,0,24,S8_no_probes,3.2483473523864034e-05,6.772995215170365e-06,2.571047830869367e-05,6.884300005212678e-19,False,False,4.7960278269659105,,False
2005,early,0.0,0,24,S8_no_probes,0.0002998505659586844,1.7403525879199317e-05,0.00028244704007948505,6.931707339510333e-16,False,False,17.229299857971053,,False
2005,late,0.0,0,24,S8_no_probes,3.1004288455950406e-06,2.1423757225743767e-06,9.580531230206639e-07,2.5583662336426013e-19,False,False,1.4471919247989906,,False
2005,middle,0.0,0,24,S8_no_probes,3.972519911478803e-06,8.638674916223485e-07,3.1086524198564544e-06,3.164697338128909e-19,False,False,4.598529230470736,,False
2006,early,0.0,0,24,S8_no_probes,0.00013927012432574633,3.512836013157995e-05,0.00010414176419416637,1.7620860629857842e-15,False,False,3.9646064833110226,,False
2006,late,0.0,0,24,S8_no_probes,0.0001956557737620762,0.00038727265494155826,-0.00019161688117948206,9.913725166428e-18,False,False,0.5052145336509799,,False
2006,middle,0.0,0,24,S8_no_probes,0.00023255735740177377,4.8860740375272e-05,0.0001836966170265018,6.034754600482992e-18,False,False,4.759595446479748,,False
2007,early,0.0,0,24,S8_no_probes,0.00028087538216451454,1.8263958495622544e-05,0.000262611423668892,7.923552515459205e-16,False,False,15.378669538251195,,False
2007,late,0.0,0,24,S8_no_probes,1.236710537141197e-06,1.1137531407085294e-06,1.2295739643266757e-07,8.87419218260007e-20,False,False,1.110399146757464,,False
2007,middle,0.0,0,24,S8_no_probes,1.0821105281786806e-06,5.457089192286826e-07,5.36401608949998e-07,1.2133994552246492e-19,False,False,1.9829445516634772,,False
2008,early,0.0,0,24,S8_no_probes,2.4522713120882115e-05,2.1782845274394928e-05,2.7398678464871874e-06,1.546332377860864e-15,False,False,1.1257809901311568,,False
2008,middle,0.0,0,24,S8_no_probes,1.1816085061309787e-05,3.558290416758351e-06,8.257794644551437e-06,3.24095682259767e-19,False,False,3.320719693271803,,False
2009,early,0.0,0,24,S8_no_probes,0.0008653219993773486,7.56519374301288e-05,0.0007896700619472198,3.819640131283871e-15,False,False,11.438200114525149,,False
2009,late,0.0,0,24,S8_no_probes,4.655437155872779e-05,4.524959171658139e-06,4.202941238706965e-05,6.502270868838992e-19,False,False,10.28835173813696,,False
2010,early,0.0,0,24,S8_no_probes,0.0006925561920286692,7.812764189899643e-05,0.0006144285501296728,3.915358086798981e-15,False,False,8.864419496034543,,False
2010,late,0.0,0,24,S8_no_probes,5.8978233342790264e-05,8.67804330830424e-05,-2.780219974025214e-05,1.2632182950612938e-18,False,False,0.6796259392523715,,False
2010,middle,0.0,0,24,S8_no_probes,3.7576306397253144e-05,7.198524674359401e-06,3.0377781722893744e-05,3.460210557353781e-18,False,False,5.2200010553686225,,False
2011,early,0.0,0,24,S8_no_probes,0.0009120500092512648,7.727796467833365e-05,0.0008347720445729311,3.9551650974336075e-15,False,False,11.802200187953131,,False
2011,late,0.0,0,24,S8_no_probes,4.8994901599993615e-06,5.1573777377563724e-06,-2.5788757775701096e-07,5.67308175097705e-19,False,False,0.9499963758967943,,False
2011,middle,0.0,0,24,S8_no_probes,1.597990351596613e-05,6.867567387875206e-06,9.112336128090924e-06,9.31616949929877e-19,False,False,2.3268651930782496,,False
2012,early,0.0,0,24,S8_no_probes,0.000621548672195462,7.928685347450513e-05,0.000542261818720957,3.812233327639918e-15,False,False,7.8392399869333,,False
2012,late,0.0,0,24,S8_no_probes,2.9385446853954644e-05,3.808032415149464e-05,-8.694877297539998e-06,1.092264853824229e-18,False,False,0.7716700818262671,,False
2012,middle,0.0,0,24,S8_no_probes,2.4183677195836522e-05,6.069173761927009e-06,1.8114503433909513e-05,1.6314396210534872e-18,False,False,3.984673720753386,,False
2013,early,0.0,0,24,S8_no_probes,3.7159965977908297e-06,8.967766902492991e-06,-5.251770304702162e-06,5.51657826361888e-16,False,False,0.4143725676854739,,False
2013,late,0.0,0,24,S8_no_probes,4.705911125393125e-06,3.2430674571790542e-06,1.4628436682140704e-06,2.23034199808535e-19,False,False,1.4510679125640231,,False
2013,middle,0.0,0,24,S8_no_probes,1.8537319961626229e-06,9.393605032503708e-07,9.143714929122521e-07,2.3995360688020054e-19,False,False,1.9733978485877872,,False
2014,early,0.0,0,24,S8_no_probes,1.4722543874981405e-05,1.1969425144088784e-05,2.753118730892621e-06,6.847644058182508e-16,False,False,1.2300126111112593,,False
2014,late,0.0,0,24,S8_no_probes,1.4999174143842348e-05,1.4378776765240511e-05,6.203973786018369e-07,3.6589387655649004e-19,False,False,1.04314674250327,,False
2014,middle,0.0,0,24,S8_no_probes,8.752771192088688e-06,1.2065993084329423e-06,7.546171883655745e-06,2.603619526932429e-19,False,False,7.254082719023148,,False
2016,early,0.0,0,24,S8_no_probes,2.243611216884473e-05,1.1575757437959303e-05,1.0860354730885426e-05,6.810814087806196e-16,False,False,1.9381981947265132,,False
2016,late,0.0,0,24,S8_no_probes,8.384104661726483e-06,7.660770632476221e-06,7.233340292502618e-07,1.7415557431939108e-19,False,False,1.0944205307732149,,False
2016,middle,0.0,0,24,S8_no_probes,3.94944083894085e-06,8.07226778776036e-07,3.1422140601648143e-06,1.6854366987493347e-19,False,False,4.89260384167287,,False
2001,early,0.0,0,32,S8_no_probes,0.00018764056836785523,2.372110272925518e-05,0.00016391946563860005,2.891566989249217e-15,False,False,7.910280163174647,,False
2001,late,0.0,0,32,S8_no_probes,1.8454520449744693e-06,4.5543424936430104e-07,1.3900177956101683e-06,1.820467489076045e-19,False,False,4.052071287019733,,False
2001,middle,0.0,0,32,S8_no_probes,2.150197795999985e-06,2.5849735042398463e-07,1.8917004455760005e-06,2.1871235027550443e-19,False,False,8.31806512706321,,False
2002,early,0.0,0,32,S8_no_probes,0.0002949654768988495,4.725070476182614e-05,0.0002477147721370234,4.942973330270039e-15,False,False,6.242562484214039,,False
2002,late,0.0,0,32,S8_no_probes,6.584800448662561e-08,4.5186957616343526e-08,2.0661046870282086e-08,1.4223829255423322e-21,False,False,1.4572347411769377,,False
2002,middle,0.0,0,32,S8_no_probes,1.0502294313644435e-05,2.8746940228067873e-06,7.6276002908376474e-06,3.2049436252638086e-19,False,False,3.6533607508566175,,False
2003,early,0.0,0,32,S8_no_probes,0.00017797917501862723,4.403304921879733e-05,0.0001339461257998299,8.40187782869535e-15,False,False,4.041945270114282,,False
2003,late,0.0,0,32,S8_no_probes,0.00018404738925220142,8.231513010948676e-06,0.00017581587624125274,1.0719634174560062e-18,False,False,22.358877281418533,,False
2003,middle,0.0,0,32,S8_no_probes,5.979552028890511e-05,2.694478667719261e-05,3.28507336117125e-05,3.313616084695117e-18,False,False,2.2191869991503395,,False
2004,early,0.0,0,32,S8_no_probes,0.0002126180412345773,3.9024464551634924e-05,0.00017359357668294238,4.318574103338581e-15,False,False,5.4483269322825265,,False
2004,late,0.0,0,32,S8_no_probes,1.2653741703384703e-07,1.2482140288502227e-07,1.716014148824759e-09,1.629242733159325e-20,False,False,1.013747755666594,,False
2004,middle,0.0,0,32,S8_no_probes,3.4994844022658436e-05,5.005816528202756e-06,2.998902749445568e-05,6.884300005212678e-19,False,False,6.990836325202409,,False
2005,early,0.0,0,32,S8_no_probes,0.0002947967070945009,1.661262915357563e-05,0.00027818407794092526,6.931707339510333e-16,False,False,17.745337259337433,,False
2005,late,0.0,0,32,S8_no_probes,2.970375279059729e-06,2.0524337370221223e-06,9.179415420376068e-07,2.5583662336426013e-19,False,False,1.4472453972470014,,False
2005,middle,0.0,0,32,S8_no_probes,4.385606594335237e-06,8.578217101493057e-07,3.5277848841859315e-06,3.164697338128909e-19,False,False,5.1124919577658074,,False
2006,early,0.0,0,32,S8_no_probes,0.0001379579683718911,3.267447383166794e-05,0.00010528349454022316,1.7620860629857842e-15,False,False,4.222194030808934,,False
2006,late,0.0,0,32,S8_no_probes,0.0001811783344991845,0.00037303284509962616,-0.00019185451060044166,9.913725166428e-18,False,False,0.4856900320688841,,False
2006,middle,0.0,0,32,S8_no_probes,0.0001904116488574721,1.9599962167190583e-05,0.0001708116866902815,6.034754600482992e-18,False,False,9.714898795887079,,False
2007,early,0.0,0,32,S8_no_probes,0.00025605200950534155,1.7698582694288923e-05,0.00023835342681105263,7.923552515459205e-16,False,False,14.467373683428663,,False
2007,late,0.0,0,32,S8_no_probes,1.0504853394401505e-06,7.169200214738815e-07,3.33565317966269e-07,8.87419218260007e-20,False,False,1.465275495138925,,False
2007,middle,0.0,0,32,S8_no_probes,8.832555570345328e-07,2.6012822036598906e-07,6.231273366685437e-07,1.2133994552246492e-19,False,False,3.3954622677686825,,False
2008,early,0.0,0,32,S8_no_probes,2.4330351395761694e-05,1.921717452198303e-05,5.1131768737786646e-06,1.546332377860864e-15,False,False,1.2660732912598347,,False
2008,middle,0.0,0,32,S8_no_probes,1.1413860254104522e-05,1.570557790355723e-06,9.843302463748799e-06,3.24095682259767e-19,False,False,7.267392721358788,,False
2009,early,0.0,0,32,S8_no_probes,0.0009333043861822201,7.323808992974714e-05,0.000860066296252473,3.819640131283871e-15,False,False,12.74342882340982,,False
2009,late,0.0,0,32,S8_no_probes,1.5089053100935654e-05,5.219450826908645e-06,9.869602274027008e-06,6.502270868838992e-19,False,False,2.8909273410805434,,False
2010,early,0.0,0,32,S8_no_probes,0.0007109832257755787,7.397098822002356e-05,0.0006370122375555551,3.915358086798981e-15,False,False,9.61164968704743,,False
2010,late,0.0,0,32,S8_no_probes,4.190191360778272e-05,8.35948231634586e-05,-4.169290955567589e-05,1.2632182950612938e-18,False,False,0.5012501016462356,,False
2010,middle,0.0,0,32,S8_no_probes,2.7857370741099625e-05,7.270534030159566e-06,2.0586836710940058e-05,3.460210557353781e-18,False,False,3.831543958881414,,False
2011,early,0.0,0,32,S8_no_probes,0.0008872725523231936,7.42677347053107e-05,0.0008130048176178829,3.9551650974336075e-15,False,False,11.94694514170697,,False
2011,late,0.0,0,32,S8_no_probes,4.93678621434265e-06,6.389807454482177e-06,-1.453021240139527e-06,5.67308175097705e-19,False,False,0.7726032825730461,,False
2011,middle,0.0,0,32,S8_no_probes,1.2201192226563611e-05,8.04897433777022e-06,4.1522178887933915e-06,9.31616949929877e-19,False,False,1.5158691920918295,,False
2012,early,0.0,0,32,S8_no_probes,0.0006649810214133287,7.409860414336951e-05,0.0005908824172699592,3.812233327639918e-15,False,False,8.974271905671689,,False
2012,late,0.0,0,32,S8_no_probes,2.775497519057832e-05,3.9767821089117176e-05,-1.2012845898538857e-05,1.092264853824229e-18,False,False,0.6979254691470567,,False
2012,middle,0.0,0,32,S8_no_probes,2.433947389208282e-05,5.393602956007491e-06,1.894587093607533e-05,1.6314396210534872e-18,False,False,4.5126558425983285,,False
2013,early,0.0,0,32,S8_no_probes,3.4103710890025403e-06,8.223566814406335e-06,-4.8131957254037946e-06,5.51657826361888e-16,False,False,0.41470704451846024,,False
2013,late,0.0,0,32,S8_no_probes,3.512906029966381e-06,9.884406151229013e-07,2.52446541484348e-06,2.23034199808535e-19,False,False,3.553987944465021,,False
2013,middle,0.0,0,32,S8_no_probes,1.4287784372269242e-06,2.3347652689171793e-07,1.1953019103352063e-06,2.3995360688020054e-19,False,False,6.119580654416557,,False
2014,early,0.0,0,32,S8_no_probes,1.4935526140781652e-05,1.0560505059002306e-05,4.375021081779346e-06,6.847644058182508e-16,False,False,1.4142814247363915,,False
2014,late,0.0,0,32,S8_no_probes,1.5432185563163336e-05,1.3107511922804941e-05,2.324673640358395e-06,3.6589387655649004e-19,False,False,1.177354302940884,,False
2014,middle,0.0,0,32,S8_no_probes,9.698848275475566e-06,7.120317261153122e-07,8.986816549360254e-06,2.603619526932429e-19,False,False,13.621370958272237,,False
2016,early,0.0,0,32,S8_no_probes,2.1353985455011417e-05,9.671503839568392e-06,1.1682481615443025e-05,6.810814087806196e-16,False,False,2.2079281370542656,,False
2016,late,0.0,0,32,S8_no_probes,8.385104813391883e-06,6.245744537561116e-06,2.1393602758307667e-06,1.7415557431939108e-19,False,False,1.3425308644894016,,False
2016,middle,0.0,0,32,S8_no_probes,3.846286848864183e-06,4.956994820224182e-07,3.350587366841765e-06,1.6854366987493347e-19,False,False,7.7593118176593805,,False
2001,early,0.0,0,4,S8_limited_probes,0.0007867727563979394,0.0013352954485714493,-0.0005485226921735099,2.891566989249217e-15,False,False,0.5892124901943306,,False
2001,late,0.0,0,4,S8_limited_probes,2.577646409578709e-05,0.00028650196246294673,-0.0002607254983671596,1.820467489076045e-19,False,False,0.0899695899958129,,False
2001,middle,0.0,0,4,S8_limited_probes,2.271788046196416e-06,7.479667796999317e-05,-7.252488992379675e-05,2.1871235027550443e-19,False,False,0.030372846867715287,,False
2002,early,0.0,0,4,S8_limited_probes,0.0005887392965721991,0.0006891547974042401,-0.00010041550083204095,4.942973330270039e-15,False,False,0.8542918061221304,,False
2002,late,0.0,0,4,S8_limited_probes,2.210519840505539e-05,3.7605729856486435e-05,-1.5500531451431044e-05,1.4223829255423322e-21,False,False,0.5878146359455,,False
2002,middle,0.0,0,4,S8_limited_probes,9.587672075726363e-06,7.119329782337758e-05,-6.160562574765122e-05,3.2049436252638086e-19,False,False,0.13467099247898698,,False
2003,early,0.0,0,4,S8_limited_probes,0.0010926177231443436,0.00241926509288439,-0.0013266473697400465,8.40187782869535e-15,False,False,0.4516320788317003,,False
2003,late,0.0,0,4,S8_limited_probes,0.0002220048096608706,0.0004046341449102416,-0.00018262933524937098,1.0719634174560062e-18,False,False,0.5486556496860072,,False
2003,middle,0.0,0,4,S8_limited_probes,6.635748017910428e-05,0.0002758140537665381,-0.0002094565735874338,3.313616084695117e-18,False,False,0.24058774117171114,,False
2004,early,0.0,0,4,S8_limited_probes,0.0011103678907594715,0.0005765744240291816,0.0005337934667302899,4.318574103338581e-15,False,False,1.9258015001776658,,False
2004,late,0.0,0,4,S8_limited_probes,1.5417409081987416e-05,2.639215316504311e-05,-1.0974744083055692e-05,1.629242733159325e-20,False,False,0.5841663992162662,,False
2004,middle,0.0,0,4,S8_limited_probes,2.8565654232889077e-05,0.00014066404411811466,-0.00011209838988522558,6.884300005212678e-19,False,False,0.2030771574355042,,False
2005,early,0.0,0,4,S8_limited_probes,0.0003151653465905843,0.0003053858738922154,9.779472698368907e-06,6.931707339510333e-16,False,False,1.032023330266483,,False
2005,late,0.0,0,4,S8_limited_probes,1.5967101899475513e-05,0.00025557290966187656,-0.00023960580776240104,2.5583662336426013e-19,False,False,0.06247572139238082,,False
2005,middle,0.0,0,4,S8_limited_probes,2.297124058128732e-06,0.00024022552424430503,-0.0002379284001861763,3.164697338128909e-19,False,False,0.00956236463779177,,False
2006,early,0.0,0,4,S8_limited_probes,0.0007782286888481721,0.0025104669040467028,-0.0017322382151985305,1.7620860629857842e-15,False,False,0.3099936062067658,,False
2006,late,0.0,0,4,S8_limited_probes,0.0007202287455351301,0.0030892294987901873,-0.0023690007532550573,9.913725166428e-18,False,False,0.23314187107729875,,False
2006,middle,0.0,0,4,S8_limited_probes,0.0002170698865222861,0.002628467821885829,-0.002411397935363543,6.034754600482992e-18,False,False,0.08258419019432638,,False
2007,early,0.0,0,4,S8_limited_probes,0.00037516360240585526,0.0001496848697053392,0.00022547873270051605,7.923552515459205e-16,False,False,2.5063562078410473,,False
2007,late,0.0,0,4,S8_limited_probes,9.707306234402368e-06,6.389384427870727e-05,-5.41865380443049e-05,8.87419218260007e-20,False,False,0.15192866142251116,,False
2007,middle,0.0,0,4,S8_limited_probes,1.082628748157873e-06,6.506961099200635e-05,-6.398698224384848e-05,1.2133994552246492e-19,False,False,0.016638008613435104,,False
2008,early,0.0,0,4,S8_limited_probes,0.0003300254482457835,0.0003136722841862631,1.63531640595204e-05,1.546332377860864e-15,False,False,1.0521345521551073,,False
2008,middle,0.0,0,4,S8_limited_probes,1.1539916912543265e-05,0.00014085221974923943,-0.00012931230283669617,3.24095682259767e-19,False,False,0.08192925133226789,,False
2009,early,0.0,0,4,S8_limited_probes,0.0010481180272787986,0.0010242125862312665,2.390544104753211e-05,3.819640131283871e-15,False,False,1.0233403117369368,,False
2009,late,0.0,0,4,S8_limited_probes,9.791056914058396e-05,0.0003590171743105238,-0.00026110660516993987,6.502270868838992e-19,False,False,0.27271834370769804,,False
2010,early,0.0,0,4,S8_limited_probes,0.0007151490700276776,0.0011710962936476762,-0.00045594722361999866,3.915358086798981e-15,False,False,0.6106663251406633,,False
2010,late,0.0,0,4,S8_limited_probes,0.00011769883405987257,0.0003125500197810634,-0.00019485118572119082,1.2632182950612938e-18,False,False,0.37657599299567746,,False
2010,middle,0.0,0,4,S8_limited_probes,3.3900505971924756e-05,0.00016194249404873488,-0.0001280419880768101,3.460210557353781e-18,False,False,0.2093366918365649,,False
2011,early,0.0,0,4,S8_limited_probes,0.0011474149559205246,0.0014324152646242158,-0.0002850003087036912,3.9551650974336075e-15,False,False,0.8010351357303784,,False
2011,late,0.0,0,4,S8_limited_probes,0.00015189881953799219,0.00016215004483324997,-1.0251225295257785e-05,5.67308175097705e-19,False,False,0.9367793866119505,,False
2011,middle,0.0,0,4,S8_limited_probes,1.562852418901135e-05,0.00011796827583844877,-0.00010233975164943742,9.31616949929877e-19,False,False,0.1324807375367067,,False
2012,early,0.0,0,4,S8_limited_probes,0.000835406451996712,0.0024402768227149473,-0.0016048703707182352,3.812233327639918e-15,False,False,0.34234085420984106,,False
2012,late,0.0,0,4,S8_limited_probes,7.42056639057585e-05,0.00023145305963308084,-0.00015724739572732234,1.092264853824229e-18,False,False,0.3206078330672995,,False
2012,middle,0.0,0,4,S8_limited_probes,2.261435554038289e-05,0.0001178047105604635,-9.519035502008061e-05,1.6314396210534872e-18,False,False,0.19196478165256411,,False
2013,early,0.0,0,4,S8_limited_probes,3.7211736822212585e-05,0.00018652286060036953,-0.00014931112377815695,5.51657826361888e-16,False,False,0.19950228461239278,,False
2013,late,0.0,0,4,S8_limited_probes,4.7094621158724805e-05,0.00032626979153813063,-0.00027917517037940584,2.23034199808535e-19,False,False,0.14434257286495042,,False
2013,middle,0.0,0,4,S8_limited_probes,1.1783809401521243e-06,0.00015015526541999522,-0.0001489768844798431,2.3995360688020054e-19,False,False,0.00784774970665269,,False
2014,early,0.0,0,4,S8_limited_probes,2.4409532580712912e-05,0.00017215927623417455,-0.00014774974365346164,6.847644058182508e-16,False,False,0.14178459107547925,,False
2014,late,0.0,0,4,S8_limited_probes,3.268548056336377e-05,0.0002411650525992402,-0.00020847957203587642,3.6589387655649004e-19,False,False,0.13553157976698796,,False
2014,middle,0.0,0,4,S8_limited_probes,6.68165124265018e-06,0.00012923392770277384,-0.00012255227646012365,2.603619526932429e-19,False,False,0.05170199003792072,,False
2016,early,0.0,0,4,S8_limited_probes,6.46683989155218e-05,0.00015865075353260706,-9.398235461708526e-05,6.810814087806196e-16,False,False,0.40761482360202395,,False
2016,late,0.0,0,4,S8_limited_probes,2.611948981404139e-05,0.00020894491125981123,-0.00018282542144576984,1.7415557431939108e-19,False,False,0.1250065850206961,,False
2016,middle,0.0,0,4,S8_limited_probes,3.008595683043564e-06,7.149624115047002e-05,-6.848764546742645e-05,1.6854366987493347e-19,False,False,0.04208047352743642,,False
2001,early,0.0,0,8,S8_limited_probes,0.00033391694078418934,8.831780221565247e-05,0.00024559913856853684,2.891566989249217e-15,False,False,3.780856547684897,,False
2001,late,0.0,0,8,S8_limited_probes,8.813807254823746e-06,5.731667282042725e-05,-4.85028655656035e-05,1.820467489076045e-19,False,False,0.15377388150978938,,False
2001,middle,0.0,0,8,S8_limited_probes,1.9188402794793803e-06,8.780418261098788e-06,-6.861577981619407e-06,2.1871235027550443e-19,False,False,0.21853631825043096,,False
2002,early,0.0,0,8,S8_limited_probes,0.00039783885313710856,0.00022409330706041114,0.00017374554607669742,4.942973330270039e-15,False,False,1.7753267973766795,,False
2002,late,0.0,0,8,S8_limited_probes,9.462964866402302e-07,3.410206068163427e-06,-2.4639095815231967e-06,1.4223829255423322e-21,False,False,0.27748953222344713,,False
2002,middle,0.0,0,8,S8_limited_probes,9.427225883768812e-06,5.022639518576059e-05,-4.079916930199178e-05,3.2049436252638086e-19,False,False,0.18769465435260768,,False
2003,early,0.0,0,8,S8_limited_probes,0.0004486494840554386,0.000503076513221201,-5.4427029165762374e-05,8.40187782869535e-15,False,False,0.891811627584707,,False
2003,late,0.0,0,8,S8_limited_probes,0.0002073808072405478,0.00015690084123470602,5.047996600584178e-05,1.0719634174560062e-18,False,False,1.321731646615772,,False
2003,middle,0.0,0,8,S8_limited_probes,6.022345816462818e-05,0.00012096878001187249,-6.0745321847244306e-05,3.313616084695117e-18,False,False,0.4978429819554892,,False
2004,early,0.0,0,8,S8_limited_probes,0.0005635493789271682,0.00023553945103050607,0.0003280099278966621,4.318574103338581e-15,False,False,2.392590185897052,,False
2004,late,0.0,0,8,S8_limited_probes,1.731236035765672e-06,4.257340253565408e-06,-2.526104217799736e-06,1.629242733159325e-20,False,False,0.4066473273579222,,False
2004,middle,0.0,0,8,S8_limited_probes,2.8042939871109766e-05,8.273124151265951e-05,-5.4688301641549746e-05,6.884300005212678e-19,False,False,0.33896433026233075,,False
2005,early,0.0,0,8,S8_limited_probes,0.00029219300226127396,0.00012556656867776067,0.0001666264335835133,6.931707339510333e-16,False,False,2.326996790133876,,False
2005,late,0.0,0,8,S8_limited_probes,6.63309504358139e-06,7.160838852250465e-05,-6.497529347892326e-05,2.5583662336426013e-19,False,False,0.09263013985431023,,False
2005,middle,0.0,0,8,S8_limited_probes,3.1086529151005364e-06,4.430961461974132e-05,-4.120096170464078e-05,3.164697338128909e-19,False,False,0.07015752544404967,,False
2006,early,0.0,0,8,S8_limited_probes,0.0003493149871059845,0.0009691275331365724,-0.0006198125460305879,1.7620860629857842e-15,False,False,0.36044274376916086,,False
2006,late,0.0,0,8,S8_limited_probes,0.0005142113370883183,0.0021857110053185597,-0.0016714996682302414,9.913725166428e-18,False,False,0.23526044195095855,,False
2006,middle,0.0,0,8,S8_limited_probes,0.00020709195910862934,0.0011633771529892148,-0.0009562851938805855,6.034754600482992e-18,False,False,0.17800930556055813,,False
2007,early,0.0,0,8,S8_limited_probes,0.00032468181022353844,0.00011170559705557691,0.00021297621316796153,7.923552515459205e-16,False,False,2.9065849767760468,,False
2007,late,0.0,0,8,S8_limited_probes,2.0882373045334376e-06,3.0657752236751264e-05,-2.8569514932217827e-05,8.87419218260007e-20,False,False,0.0681144947746738,,False
2007,middle,0.0,0,8,S8_limited_probes,1.395100619049896e-06,1.055906755500688e-05,-9.163966935956984e-06,1.2133994552246492e-19,False,False,0.13212346751095172,,False
2008,early,0.0,0,8,S8_limited_probes,6.423071839864164e-05,0.00015613029727981013,-9.189957888116849e-05,1.546332377860864e-15,False,False,0.4113917639158149,,False
2008,middle,0.0,0,8,S8_limited_probes,1.1515906731264706e-05,5.981316118668969e-05,-4.829725445542499e-05,3.24095682259767e-19,False,False,0.19253131756940742,,False
2009,early,0.0,0,8,S8_limited_probes,0.0009767000295232955,0.0006493963330412015,0.00032730369648209404,3.819640131283871e-15,False,False,1.504012233868478,,False
2009,late,0.0,0,8,S8_limited_probes,6.284497722011289e-05,0.00017220686856179036,-0.00010936189134167747,6.502270868838992e-19,False,False,0.3649388537459131,,False
2010,early,0.0,0,8,S8_limited_probes,0.0006964682433813714,0.0007343634832835196,-3.78952399021482e-05,3.915358086798981e-15,False,False,0.948397161943961,,False
2010,late,0.0,0,8,S8_limited_probes,8.64149972877513e-05,0.000152955924686822,-6.654092739907069e-05,1.2632182950612938e-18,False,False,0.5649666560134001,,False
2010,middle,0.0,0,8,S8_limited_probes,3.223887215236201e-05,5.2521602389631647e-05,-2.028273023726964e-05,3.460210557353781e-18,False,False,0.6138211837711623,,False
2011,early,0.0,0,8,S8_limited_probes,0.001085447880331624,0.000791383391239247,0.00029406448909237697,3.9551650974336075e-15,False,False,1.371582841322831,,False
2011,late,0.0,0,8,S8_limited_probes,4.428530501781204e-05,0.00011781349829420359,-7.352819327639156e-05,5.67308175097705e-19,False,False,0.3758933030510891,,False
2011,middle,0.0,0,8,S8_limited_probes,1.6670262211340434e-05,4.5833406878317964e-05,-2.916314466697753e-05,9.31616949929877e-19,False,False,0.3637142282614496,,False
2012,early,0.0,0,8,S8_limited_probes,0.00065879576662013,0.0003117147501408791,0.0003470810164792509,3.812233327639918e-15,False,False,2.113457147351507,,False
2012,late,0.0,0,8,S8_limited_probes,4.436829752488054e-05,0.00014620820128675023,-0.00010183990376186969,1.092264853824229e-18,False,False,0.30345970427379376,,False
2012,middle,0.0,0,8,S8_limited_probes,2.1120437501685753e-05,8.542052313063387e-05,-6.430008562894812e-05,1.6314396210534872e-18,False,False,0.24725249539137337,,False
2013,early,0.0,0,8,S8_limited_probes,9.647477614083943e-06,2.87211515153889e-05,-1.9073673901304957e-05,5.51657826361888e-16,False,False,0.3359014908895553,,False
2013,late,0.0,0,8,S8_limited_probes,1.0512024258303657e-05,5.627495637536892e-05,-4.576293211706526e-05,2.23034199808535e-19,False,False,0.1867975549938353,,False
2013,middle,0.0,0,8,S8_limited_probes,3.1073105862565747e-06,2.2336817268302567e-05,-1.9229506682045992e-05,2.3995360688020054e-19,False,False,0.13911160882647572,,False
2014,early,0.0,0,8,S8_limited_probes,1.7040505041622614e-05,0.000109605416604965,-9.256491156334238e-05,6.847644058182508e-16,False,False,0.15547137695794042,,False
2014,late,0.0,0,8,S8_limited_probes,1.9820136075007666e-05,4.527847728049744e-05,-2.5458341205489775e-05,3.6589387655649004e-19,False,False,0.4377385739415024,,False
2014,middle,0.0,0,8,S8_limited_probes,7.465787164897534e-06,4.3933076066588156e-05,-3.6467288901690624e-05,2.603619526932429e-19,False,False,0.169935452586608,,False
2016,early,0.0,0,8,S8_limited_probes,3.021858036878248e-05,6.386630430785658e-05,-3.3647723939074105e-05,6.810814087806196e-16,False,False,0.473153734136846,,False
2016,late,0.0,0,8,S8_limited_probes,1.1183816525343275e-05,5.029685520912876e-05,-3.911303868378549e-05,1.7415557431939108e-19,False,False,0.22235617870823537,,False
2016,middle,0.0,0,8,S8_limited_probes,3.2553646831397356e-06,2.966112996974212e-05,-2.6405765286602385e-05,1.6854366987493347e-19,False,False,0.10975187683208949,,False
2001,early,0.0,0,12,S8_limited_probes,0.00025523844560343644,4.49140169158125e-05,0.00021032442868762393,2.891566989249217e-15,False,False,5.682823829404063,,False
2001,late,0.0,0,12,S8_limited_probes,4.974378749298119e-06,7.031335493325358e-06,-2.0569567440272386e-06,1.820467489076045e-19,False,False,0.7074585978752048,,False
2001,middle,0.0,0,12,S8_limited_probes,2.3396803563907686e-06,2.4551164168441643e-06,-1.154360604533957e-07,2.1871235027550443e-19,False,False,0.9529814310794359,,False
2002,early,0.0,0,12,S8_limited_probes,0.0003222333954449203,0.00010595440943956039,0.0002162789860053599,4.942973330270039e-15,False,False,3.041245731530711,,False
2002,late,0.0,0,12,S8_limited_probes,4.837401700099006e-07,1.0143507093795925e-06,-5.306105393696919e-07,1.4223829255423322e-21,False,False,0.47689636881682734,,False
2002,middle,0.0,0,12,S8_limited_probes,9.668940060479498e-06,1.5964173669877455e-05,-6.295233609397956e-06,3.2049436252638086e-19,False,False,0.605664925753324,,False
2003,early,0.0,0,12,S8_limited_probes,0.0002998959715431418,0.00016853224944082652,0.00013136372210231526,8.40187782869535e-15,False,False,1.7794574779495747,,False
2003,late,0.0,0,12,S8_limited_probes,0.00019358224241047353,4.4608526023454196e-05,0.00014897371638701934,1.0719634174560062e-18,False,False,4.339579440681187,,False
2003,middle,0.0,0,12,S8_limited_probes,5.6832436814630935e-05,7.093734348845808e-05,-1.4104906673827148e-05,3.313616084695117e-18,False,False,0.8011638725078266,,False
2004,early,0.0,0,12,S8_limited_probes,0.0002801495977546824,0.00015182977477609818,0.0001283198229785842,4.318574103338581e-15,False,False,1.8451558540992117,,False
2004,late,0.0,0,12,S8_limited_probes,6.515993011358463e-07,9.421691275202389e-07,-2.905698263843926e-07,1.629242733159325e-20,False,False,0.6915948337755836,,False
2004,middle,0.0,0,12,S8_limited_probes,2.8028631898034146e-05,4.2287031075746655e-05,-1.425839917771251e-05,6.884300005212678e-19,False,False,0.6628186274848157,,False
2005,early,0.0,0,12,S8_limited_probes,0.00028878938588098154,4.063793285583441e-05,0.00024815145302514713,6.931707339510333e-16,False,False,7.106399503771016,,False
2005,late,0.0,0,12,S8_limited_probes,5.1272577947138624e-06,3.539956408820964e-05,-3.0272306293495776e-05,2.5583662336426013e-19,False,False,0.14483957435005743,,False
2005,middle,0.0,0,12,S8_limited_probes,3.5232303547479455e-06,2.260478058576597e-05,-1.9081550231018025e-05,3.164697338128909e-19,False,False,0.1558621788599219,,False
2006,early,0.0,0,12,S8_limited_probes,0.0001718540091767153,0.00033867571461657894,-0.00016682170543986364,1.7620860629857842e-15,False,False,0.5074293838023621,,False
2006,late,0.0,0,12,S8_limited_probes,0.0004538586589956018,0.0005060550422041435,-5.2196383208541735e-05,9.913725166428e-18,False,False,0.8968563123465815,,False
2006,middle,0.0,0,12,S8_limited_probes,0.0002075710647894232,0.00039312493348332423,-0.00018555386869390102,6.034754600482992e-18,False,False,0.5280027978643285,,False
2007,early,0.0,0,12,S8_limited_probes,0.00031130041963143353,2.948950641375838e-05,0.00028181091321767516,7.923552515459205e-16,False,False,10.556311633829035,,False
2007,late,0.0,0,12,S8_limited_probes,1.6108731294093767e-06,1.6434354769215906e-05,-1.4823481639806529e-05,8.87419218260007e-20,False,False,0.09801864156095692,,False
2007,middle,0.0,0,12,S8_limited_probes,1.5799815548611125e-06,6.14265452252695e-06,-4.562672967665838e-06,1.2133994552246492e-19,False,False,0.25721478378229606,,False
2008,early,0.0,0,12,S8_limited_probes,3.275751965552676e-05,8.271579979377122e-05,-4.995828013824446e-05,1.546332377860864e-15,False,False,0.39602494006221906,,False
2008,middle,0.0,0,12,S8_limited_probes,1.1768576362494096e-05,3.90374393088632e-05,-2.7268862946369104e-05,3.24095682259767e-19,False,False,0.30146896340667806,,False
2009,early,0.0,0,12,S8_limited_probes,0.0009074301000923396,0.0002310144184211772,0.0006764156816711623,3.819640131283871e-15,False,False,3.9280236545146963,,False
2009,late,0.0,0,12,S8_limited_probes,6.326176938553899e-05,3.280958630795464e-05,3.0452183077584355e-05,6.502270868838992e-19,False,False,1.9281489498757034,,False
2010,early,0.0,0,12,S8_limited_probes,0.0006916112399580657,0.00036621820083971505,0.0003253930391183507,3.915358086798981e-15,False,False,1.8885223027480478,,False
2010,late,0.0,0,12,S8_limited_probes,6.859482076522543e-05,9.340414176532049e-05,-2.480932100009506e-05,1.2632182950612938e-18,False,False,0.7343873565860826,,False
2010,middle,0.0,0,12,S8_limited_probes,3.201424820753869e-05,3.2019579740071216e-05,-5.331532532523904e-09,3.460210557353781e-18,False,False,0.999833491489401,,False
2011,early,0.0,0,12,S8_limited_probes,0.0009521522076382072,0.000340405075660964,0.0006117471319772433,3.9551650974336075e-15,False,False,2.7971151892768193,,False
2011,late,0.0,0,12,S8_limited_probes,1.2858212464391681e-05,3.8396676044970665e-05,-2.5538463580578986e-05,5.67308175097705e-19,False,False,0.3348782704349716,,False
2011,middle,0.0,0,12,S8_limited_probes,1.832785606820803e-05,2.1181156577058508e-05,-2.853300508850478e-06,9.31616949929877e-19,False,False,0.865290618174226,,False
2012,early,0.0,0,12,S8_limited_probes,0.0006556462932859696,0.00021393014433653145,0.00044171614894943816,3.812233327639918e-15,False,False,3.064768152797479,,False
2012,late,0.0,0,12,S8_limited_probes,3.0672885388844916e-05,7.685172756041621e-05,-4.6178842171571295e-05,1.092264853824229e-18,False,False,0.3991177083785363,,False
2012,middle,0.0,0,12,S8_limited_probes,2.0875425756445798e-05,4.176659887640214e-05,-2.0891173119956345e-05,1.6314396210534872e-18,False,False,0.4998114837701156,,False
2013,early,0.0,0,12,S8_limited_probes,5.948861977852144e-06,1.2850360871545519e-05,-6.901498893693374e-06,5.51657826361888e-16,False,False,0.46293345668016805,,False
2013,late,0.0,0,12,S8_limited_probes,6.111412030910525e-06,2.934129735228023e-05,-2.3229885321369702e-05,2.23034199808535e-19,False,False,0.2082870418964478,,False
2013,middle,0.0,0,12,S8_limited_probes,2.526493357559937e-06,6.650090339977449e-06,-4.123596982417512e-06,2.3995360688020054e-19,False,False,0.37991865198759156,,False
2014,early,0.0,0,12,S8_limited_probes,1.5246339580718147e-05,5.139156828615165e-05,-3.6145228705433505e-05,6.847644058182508e-16,False,False,0.2966700587112952,,False
2014,late,0.0,0,12,S8_limited_probes,1.5202504492042218e-05,2.4734739400341197e-05,-9.532234908298979e-06,3.6589387655649004e-19,False,False,0.6146215751855671,,False
2014,middle,0.0,0,12,S8_limited_probes,8.18201932010405e-06,2.6658650405657505e-05,-1.8476631085553455e-05,2.603619526932429e-19,False,False,0.30691798705487583,,False
2016,early,0.0,0,12,S8_limited_probes,2.5306099234638188e-05,4.264133214723729e-05,-1.7335232912599105e-05,6.810814087806196e-16,False,False,0.5934640866110408,,False
2016,late,0.0,0,12,S8_limited_probes,9.614561744374823e-06,2.5869334839044166e-05,-1.625477309466934e-05,1.7415557431939108e-19,False,False,0.37165863769576796,,False
2016,middle,0.0,0,12,S8_limited_probes,3.6303393060234483e-06,2.0204990173175998e-05,-1.657465086715255e-05,1.6854366987493347e-19,False,False,0.17967538092857185,,False
2001,early,0.0,0,16,S8_limited_probes,0.00021257607374285735,2.6428713825332328e-05,0.00018614735991752502,2.891566989249217e-15,False,False,8.043375668894637,,False
2001,late,0.0,0,16,S8_limited_probes,2.909961630496597e-06,3.468408115451531e-06,-5.58446484954934e-07,1.820467489076045e-19,False,False,0.8389905494491575,,False
2001,middle,0.0,0,16,S8_limited_probes,3.162785842967661e-06,1.1460114827364622e-06,2.016774360231199e-06,2.1871235027550443e-19,False,False,2.7598203775546097,,False
2002,early,0.0,0,16,S8_limited_probes,0.00030123837427971096,5.2944196055303434e-05,0.00024829417822440754,4.942973330270039e-15,False,False,5.689733657775238,,False
2002,late,0.0,0,16,S8_limited_probes,1.8590120461963183e-07,2.741481596534078e-07,-8.824695503377595e-08,1.4223829255423322e-21,False,False,0.6781048789627394,,False
2002,middle,0.0,0,16,S8_limited_probes,1.0232682711504706e-05,5.440028971205098e-06,4.7926537402996085e-06,3.2049436252638086e-19,False,False,1.8809978339578437,,False
2003,early,0.0,0,16,S8_limited_probes,0.00025351880679440585,5.2984381237789425e-05,0.00020053442555661644,8.40187782869535e-15,False,False,4.784783758380321,,False
2003,late,0.0,0,16,S8_limited_probes,0.0002061319089931734,1.635185861835728e-05,0.00018978005037481612,1.0719634174560062e-18,False,False,12.606023193092012,,False
2003,middle,0.0,0,16,S8_limited_probes,5.411077465413559e-05,4.33677542854969e-05,1.074302036863869e-05,3.313616084695117e-18,False,False,1.2477190840437726,,False
2004,early,0.0,0,16,S8_limited_probes,0.00023745381094813603,6.07223581889224e-05,0.00017673145275921362,4.318574103338581e-15,False,False,3.910484013307882,,False
2004,late,0.0,0,16,S8_limited_probes,5.224144482775714e-07,3.275290463136678e-07,1.948854019639036e-07,1.629242733159325e-20,False,False,1.595017156973815,,False
2004,middle,0.0,0,16,S8_limited_probes,2.911258539994759e-05,1.3746514781767488e-05,1.53660706181801e-05,6.884300005212678e-19,False,False,2.1178157418170236,,False
2005,early,0.0,0,16,S8_limited_probes,0.00029068103363533295,2.0792044445641476e-05,0.00026988898918969145,6.931707339510333e-16,False,False,13.980396896288227,,False
2005,late,0.0,0,16,S8_limited_probes,3.5267849923424648e-06,1.0693778186553271e-05,-7.166993194210806e-06,2.5583662336426013e-19,False,False,0.3297978442060045,,False
2005,middle,0.0,0,16,S8_limited_probes,4.010826601462346e-06,7.136677460807446e-06,-3.1258508593450996e-06,3.164697338128909e-19,False,False,0.562001943269629,,False
2006,early,0.0,0,16,S8_limited_probes,0.00015536370714218663,0.00012156713429567694,3.379657284650969e-05,1.7620860629857842e-15,False,False,1.2780074815641314,,False
2006,late,0.0,0,16,S8_limited_probes,0.00031988230717544183,0.0004220806389562627,-0.00010219833178082087,9.913725166428e-18,False,False,0.7578701263494557,,False
2006,middle,0.0,0,16,S8_limited_probes,0.00021342423490388257,0.00015944618262370556,5.3978052280177004e-05,6.034754600482992e-18,False,False,1.3385346164578031,,False
2007,early,0.0,0,16,S8_limited_probes,0.00030760170811302304,1.9219206255079317e-05,0.0002883825018579437,7.923552515459205e-16,False,False,16.004912171215658,,False
2007,late,0.0,0,16,S8_limited_probes,1.2015317306525592e-06,3.2362275350971463e-06,-2.034695804444587e-06,8.87419218260007e-20,False,False,0.37127541794322294,,False
2007,middle,0.0,0,16,S8_limited_probes,1.4769726821386568e-06,1.6289989965491841e-06,-1.5202631441052737e-07,1.2133994552246492e-19,False,False,0.906675010400513,,False
2008,early,0.0,0,16,S8_limited_probes,2.6776910498448666e-05,2.85861615089584e-05,-1.8092510105097331e-06,1.546332377860864e-15,False,False,0.9367088508912697,,False
2008,middle,0.0,0,16,S8_limited_probes,1.224477496271749e-05,1.439359653229775e-05,-2.1488215695802594e-06,3.24095682259767e-19,False,False,0.8507098927805483,,False
2009,early,0.0,0,16,S8_limited_probes,0.0008897828481843949,8.50801183145728e-05,0.000804702729869822,3.819640131283871e-15,False,False,10.458175961797998,,False
2009,late,0.0,0,16,S8_limited_probes,5.2401578198121165e-05,1.0080062934862955e-05,4.232151526325821e-05,6.502270868838992e-19,False,False,5.198536808424559,,False
2010,early,0.0,0,16,S8_limited_probes,0.000691088453038136,9.158938450385159e-05,0.0005994990685342844,3.915358086798981e-15,False,False,7.545508213444473,,False
2010,late,0.0,0,16,S8_limited_probes,6.009678731848208e-05,9.229955821839446e-05,-3.220277089991238e-05,1.2632182950612938e-18,False,False,0.65110590428054,,False
2010,middle,0.0,0,16,S8_limited_probes,3.326598289722439e-05,1.1193186848327888e-05,2.2072796048896507e-05,3.460210557353781e-18,False,False,2.9719849537036795,,False
2011,early,0.0,0,16,S8_limited_probes,0.0009260966154377988,8.287666817442731e-05,0.0008432199472633715,3.9551650974336075e-15,False,False,11.174394866944688,,False
2011,late,0.0,0,16,S8_limited_probes,7.95567871592161e-06,1.1371647399174342e-05,-3.4159686832527318e-06,5.67308175097705e-19,False,False,0.699606524600758,,False
2011,middle,0.0,0,16,S8_limited_probes,1.8774802120270046e-05,1.2193328935241002e-05,6.581473185029044e-06,9.31616949929877e-19,False,False,1.5397601606569766,,False
2012,early,0.0,0,16,S8_limited_probes,0.0006541208008389456,0.00010560798930449844,0.0005485128115344472,3.812233327639918e-15,False,False,6.1938571612506115,,False
2012,late,0.0,0,16,S8_limited_probes,2.9823775146010586e-05,4.5088312790368624e-05,-1.5264537644358038e-05,1.092264853824229e-18,False,False,0.6614524540909698,,False
2012,middle,0.0,0,16,S8_limited_probes,2.1673314032382167e-05,1.6665532899018763e-05,5.007781133363404e-06,1.6314396210534872e-18,False,False,1.300487308969175,,False
2013,early,0.0,0,16,S8_limited_probes,4.400365764929662e-06,9.065923998766049e-06,-4.665558233836387e-06,5.51657826361888e-16,False,False,0.4853742172919815,,False
2013,late,0.0,0,16,S8_limited_probes,5.5149521334177e-06,1.0425108527250067e-05,-4.910156393832367e-06,2.23034199808535e-19,False,False,0.5290066879402006,,False
2013,middle,0.0,0,16,S8_limited_probes,2.0400536290715933e-06,2.147102547328362e-06,-1.070489182567685e-07,2.3995360688020054e-19,False,False,0.9501426150371954,,False
2014,early,0.0,0,16,S8_limited_probes,1.422968072317075e-05,1.8452661519314586e-05,-4.222980796143835e-06,6.847644058182508e-16,False,False,0.7711451656053194,,False
2014,late,0.0,0,16,S8_limited_probes,1.4832529121665973e-05,1.6979245482329107e-05,-2.146716360663134e-06,3.6589387655649004e-19,False,False,0.8735682122684841,,False
2014,middle,0.0,0,16,S8_limited_probes,8.00554401737236e-06,7.809939906255468e-06,1.9560411111689188e-07,2.603619526932429e-19,False,False,1.02504553344389,,False
2016,early,0.0,0,16,S8_limited_probes,2.373466282057592e-05,1.6123278450753955e-05,7.611384369821967e-06,6.810814087806196e-16,False,False,1.4720742368290516,,False
2016,late,0.0,0,16,S8_limited_probes,9.293220827271312e-06,9.951922991409063e-06,-6.587021641377512e-07,1.7415557431939108e-19,False,False,0.933811569411623,,False
2016,middle,0.0,0,16,S8_limited_probes,3.5561444229053488e-06,5.142556148745007e-06,-1.5864117258396585e-06,1.6854366987493347e-19,False,False,0.6915129986034654,,False
2001,early,0.0,0,24,S8_limited_probes,0.00019316536924851926,2.4575862812432514e-05,0.00016858950643608675,2.891566989249217e-15,False,False,7.859962871814216,,False
2001,late,0.0,0,24,S8_limited_probes,1.8524784837309331e-06,1.276236332663853e-06,5.762421510670801e-07,1.820467489076045e-19,False,False,1.4515168047788656,,False
2001,middle,0.0,0,24,S8_limited_probes,2.4927518287405938e-06,7.183271947980905e-07,1.7744246339425033e-06,2.1871235027550443e-19,False,False,3.470217815491816,,False
2002,early,0.0,0,24,S8_limited_probes,0.0002887992589943577,4.9236300017630674e-05,0.00023956295897672704,4.942973330270039e-15,False,False,5.865575985420181,,False
2002,late,0.0,0,24,S8_limited_probes,9.848691023987133e-08,9.30686978659112e-08,5.418212373960127e-09,1.4223829255423322e-21,False,False,1.0582173437278173,,False
2002,middle,0.0,0,24,S8_limited_probes,1.062034487912968e-05,3.157681926827226e-06,7.4626629523024534e-06,3.2049436252638086e-19,False,False,3.3633358663837254,,False
2003,early,0.0,0,24,S8_limited_probes,0.00020004747103094056,4.592639302249046e-05,0.0001541210780084501,8.40187782869535e-15,False,False,4.3558280514861245,,False
2003,late,0.0,0,24,S8_limited_probes,0.00018657278575928327,1.1445942442293563e-05,0.0001751268433169897,1.0719634174560062e-18,False,False,16.300342824535242,,False
2003,middle,0.0,0,24,S8_limited_probes,5.566959351797035e-05,2.614457306473413e-05,2.952502045323622e-05,3.313616084695117e-18,False,False,2.1292982440421606,,False
2004,early,0.0,0,24,S8_limited_probes,0.00020754112740221738,4.1963332462856356e-05,0.00016557779493936103,4.318574103338581e-15,False,False,4.945773255399137,,False
2004,late,0.0,0,24,S8_limited_probes,2.1239959389125347e-07,1.7849717627021115e-07,3.390241762104232e-08,1.629242733159325e-20,False,False,1.1899325150652267,,False
2004,middle,0.0,0,24,S8_limited_probes,3.237920286571162e-05,6.772995215170365e-06,2.5606207650541254e-05,6.884300005212678e-19,False,False,4.780632768378114,,False
2005,early,0.0,0,24,S8_limited_probes,0.0002998505659586844,1.7403525879199317e-05,0.00028244704007948505,6.931707339510333e-16,False,False,17.229299857971053,,False
2005,late,0.0,0,24,S8_limited_probes,2.7477884105182074e-06,2.1423757225743767e-06,6.054126879438307e-07,2.5583662336426013e-19,False,False,1.2825894083677998,,False
2005,middle,0.0,0,24,S8_limited_probes,3.972519911478803e-06,8.638674916223485e-07,3.1086524198564544e-06,3.164697338128909e-19,False,False,4.598529230470736,,False
2006,early,0.0,0,24,S8_limited_probes,0.00013927012432574633,3.512836013157995e-05,0.00010414176419416637,1.7620860629857842e-15,False,False,3.9646064833110226,,False
2006,late,0.0,0,24,S8_limited_probes,0.00019565577376219338,0.00038727265494155826,-0.00019161688117936488,9.913725166428e-18,False,False,0.5052145336512824,,False
2006,middle,0.0,0,24,S8_limited_probes,0.00023255735740177377,4.8860740375272e-05,0.0001836966170265018,6.034754600482992e-18,False,False,4.759595446479748,,False
2007,early,0.0,0,24,S8_limited_probes,0.00028087538216451454,1.8263958495622544e-05,0.000262611423668892,7.923552515459205e-16,False,False,15.378669538251195,,False
2007,late,0.0,0,24,S8_limited_probes,1.236710537141197e-06,1.1137531407085294e-06,1.2295739643266757e-07,8.87419218260007e-20,False,False,1.110399146757464,,False
2007,middle,0.0,0,24,S8_limited_probes,1.4155876595597599e-06,5.457089192286826e-07,8.698787403310773e-07,1.2133994552246492e-19,False,False,2.5940343096473186,,False
2008,early,0.0,0,24,S8_limited_probes,2.4522713120882115e-05,2.1782845274394928e-05,2.7398678464871874e-06,1.546332377860864e-15,False,False,1.1257809901311568,,False
2008,middle,0.0,0,24,S8_limited_probes,1.1816085061309787e-05,3.558290416758351e-06,8.257794644551437e-06,3.24095682259767e-19,False,False,3.320719693271803,,False
2009,early,0.0,0,24,S8_limited_probes,0.0008653219993773486,7.56519374301288e-05,0.0007896700619472198,3.819640131283871e-15,False,False,11.438200114525149,,False
2009,late,0.0,0,24,S8_limited_probes,4.655437155872779e-05,4.524959171658139e-06,4.202941238706965e-05,6.502270868838992e-19,False,False,10.28835173813696,,False
2010,early,0.0,0,24,S8_limited_probes,0.0006925561920286692,7.812764189899643e-05,0.0006144285501296728,3.915358086798981e-15,False,False,8.864419496034543,,False
2010,late,0.0,0,24,S8_limited_probes,5.8978233342790264e-05,8.67804330830424e-05,-2.780219974025214e-05,1.2632182950612938e-18,False,False,0.6796259392523715,,False
2010,middle,0.0,0,24,S8_limited_probes,3.7576306397253144e-05,7.198524674359401e-06,3.0377781722893744e-05,3.460210557353781e-18,False,False,5.2200010553686225,,False
2011,early,0.0,0,24,S8_limited_probes,0.0009120500092512648,7.727796467833365e-05,0.0008347720445729311,3.9551650974336075e-15,False,False,11.802200187953131,,False
2011,late,0.0,0,24,S8_limited_probes,5.873021393007752e-06,5.1573777377563724e-06,7.156436552513799e-07,5.67308175097705e-19,False,False,1.1387611479400204,,False
2011,middle,0.0,0,24,S8_limited_probes,1.597990351596611e-05,6.867567387875206e-06,9.112336128090903e-06,9.31616949929877e-19,False,False,2.3268651930782465,,False
2012,early,0.0,0,24,S8_limited_probes,0.000621548672195462,7.928685347450513e-05,0.000542261818720957,3.812233327639918e-15,False,False,7.8392399869333,,False
2012,late,0.0,0,24,S8_limited_probes,2.9385446853954644e-05,3.808032415149464e-05,-8.694877297539998e-06,1.092264853824229e-18,False,False,0.7716700818262671,,False
2012,middle,0.0,0,24,S8_limited_probes,2.4183677195836522e-05,6.069173761927009e-06,1.8114503433909513e-05,1.6314396210534872e-18,False,False,3.984673720753386,,False
2013,early,0.0,0,24,S8_limited_probes,3.7159965977908297e-06,8.967766902492991e-06,-5.251770304702162e-06,5.51657826361888e-16,False,False,0.4143725676854739,,False
2013,late,0.0,0,24,S8_limited_probes,4.705911125393125e-06,3.2430674571790542e-06,1.4628436682140704e-06,2.23034199808535e-19,False,False,1.4510679125640231,,False
2013,middle,0.0,0,24,S8_limited_probes,1.8537319961626229e-06,9.393605032503708e-07,9.143714929122521e-07,2.3995360688020054e-19,False,False,1.9733978485877872,,False
2014,early,0.0,0,24,S8_limited_probes,1.4722543874981405e-05,1.1969425144088784e-05,2.753118730892621e-06,6.847644058182508e-16,False,False,1.2300126111112593,,False
2014,late,0.0,0,24,S8_limited_probes,1.4999174143842348e-05,1.4378776765240511e-05,6.203973786018369e-07,3.6589387655649004e-19,False,False,1.04314674250327,,False
2014,middle,0.0,0,24,S8_limited_probes,8.752771192088688e-06,1.2065993084329423e-06,7.546171883655745e-06,2.603619526932429e-19,False,False,7.254082719023148,,False
2016,early,0.0,0,24,S8_limited_probes,2.243611216884473e-05,1.1575757437959303e-05,1.0860354730885426e-05,6.810814087806196e-16,False,False,1.9381981947265132,,False
2016,late,0.0,0,24,S8_limited_probes,8.384104661726483e-06,7.660770632476221e-06,7.233340292502618e-07,1.7415557431939108e-19,False,False,1.0944205307732149,,False
2016,middle,0.0,0,24,S8_limited_probes,3.94944083894085e-06,8.07226778776036e-07,3.1422140601648143e-06,1.6854366987493347e-19,False,False,4.89260384167287,,False
2001,early,0.0,0,32,S8_limited_probes,0.00018764056836785523,2.372110272925518e-05,0.00016391946563860005,2.891566989249217e-15,False,False,7.910280163174647,,False
2001,late,0.0,0,32,S8_limited_probes,1.8454520449744693e-06,4.5543424936430104e-07,1.3900177956101683e-06,1.820467489076045e-19,False,False,4.052071287019733,,False
2001,middle,0.0,0,32,S8_limited_probes,2.150197795999985e-06,2.5849735042398463e-07,1.8917004455760005e-06,2.1871235027550443e-19,False,False,8.31806512706321,,False
2002,early,0.0,0,32,S8_limited_probes,0.0002949654768988495,4.725070476182614e-05,0.0002477147721370234,4.942973330270039e-15,False,False,6.242562484214039,,False
2002,late,0.0,0,32,S8_limited_probes,6.584800448662561e-08,4.5186957616343526e-08,2.0661046870282086e-08,1.4223829255423322e-21,False,False,1.4572347411769377,,False
2002,middle,0.0,0,32,S8_limited_probes,1.0502294313644435e-05,2.8746940228067873e-06,7.6276002908376474e-06,3.2049436252638086e-19,False,False,3.6533607508566175,,False
2003,early,0.0,0,32,S8_limited_probes,0.00017797917501862723,4.403304921879733e-05,0.0001339461257998299,8.40187782869535e-15,False,False,4.041945270114282,,False
2003,late,0.0,0,32,S8_limited_probes,0.00018404738925220142,8.231513010948676e-06,0.00017581587624125274,1.0719634174560062e-18,False,False,22.358877281418533,,False
2003,middle,0.0,0,32,S8_limited_probes,5.979552028890511e-05,2.694478667719261e-05,3.28507336117125e-05,3.313616084695117e-18,False,False,2.2191869991503395,,False
2004,early,0.0,0,32,S8_limited_probes,0.0002126180412345773,3.9024464551634924e-05,0.00017359357668294238,4.318574103338581e-15,False,False,5.4483269322825265,,False
2004,late,0.0,0,32,S8_limited_probes,1.2653741703384703e-07,1.2482140288502227e-07,1.716014148824759e-09,1.629242733159325e-20,False,False,1.013747755666594,,False
2004,middle,0.0,0,32,S8_limited_probes,3.4681313896033924e-05,5.005816528202756e-06,2.9675497367831168e-05,6.884300005212678e-19,False,False,6.928203161390255,,False
2005,early,0.0,0,32,S8_limited_probes,0.0002947967070945009,1.661262915357563e-05,0.00027818407794092526,6.931707339510333e-16,False,False,17.745337259337433,,False
2005,late,0.0,0,32,S8_limited_probes,2.6227471509822923e-06,2.0524337370221223e-06,5.7031341396017e-07,2.5583662336426013e-19,False,False,1.277871779084882,,False
2005,middle,0.0,0,32,S8_limited_probes,4.385606594335237e-06,8.578217101493057e-07,3.5277848841859315e-06,3.164697338128909e-19,False,False,5.1124919577658074,,False
2006,early,0.0,0,32,S8_limited_probes,0.0001379579683718911,3.267447383166794e-05,0.00010528349454022316,1.7620860629857842e-15,False,False,4.222194030808934,,False
2006,late,0.0,0,32,S8_limited_probes,0.0001811783344981469,0.00037303284509962616,-0.00019185451060147927,9.913725166428e-18,False,False,0.48569003206610256,,False
2006,middle,0.0,0,32,S8_limited_probes,0.0001904116488574721,1.9599962167190583e-05,0.0001708116866902815,6.034754600482992e-18,False,False,9.714898795887079,,False
2007,early,0.0,0,32,S8_limited_probes,0.00025605200950534155,1.7698582694288923e-05,0.00023835342681105263,7.923552515459205e-16,False,False,14.467373683428663,,False
2007,late,0.0,0,32,S8_limited_probes,1.0504853394401505e-06,7.169200214738815e-07,3.33565317966269e-07,8.87419218260007e-20,False,False,1.465275495138925,,False
2007,middle,0.0,0,32,S8_limited_probes,9.494861434050326e-07,2.6012822036598906e-07,6.893579230390436e-07,1.2133994552246492e-19,False,False,3.6500697312623256,,False
2008,early,0.0,0,32,S8_limited_probes,2.4330351395761694e-05,1.921717452198303e-05,5.1131768737786646e-06,1.546332377860864e-15,False,False,1.2660732912598347,,False
2008,middle,0.0,0,32,S8_limited_probes,1.1413860254104522e-05,1.570557790355723e-06,9.843302463748799e-06,3.24095682259767e-19,False,False,7.267392721358788,,False
2009,early,0.0,0,32,S8_limited_probes,0.0009333043861822201,7.323808992974714e-05,0.000860066296252473,3.819640131283871e-15,False,False,12.74342882340982,,False
2009,late,0.0,0,32,S8_limited_probes,1.5089053100935654e-05,5.219450826908645e-06,9.869602274027008e-06,6.502270868838992e-19,False,False,2.8909273410805434,,False
2010,early,0.0,0,32,S8_limited_probes,0.0007109832257755787,7.397098822002356e-05,0.0006370122375555551,3.915358086798981e-15,False,False,9.61164968704743,,False
2010,late,0.0,0,32,S8_limited_probes,4.190191360778272e-05,8.35948231634586e-05,-4.169290955567589e-05,1.2632182950612938e-18,False,False,0.5012501016462356,,False
2010,middle,0.0,0,32,S8_limited_probes,2.7857370741099625e-05,7.270534030159566e-06,2.0586836710940058e-05,3.460210557353781e-18,False,False,3.831543958881414,,False
2011,early,0.0,0,32,S8_limited_probes,0.0008872725523231936,7.42677347053107e-05,0.0008130048176178829,3.9551650974336075e-15,False,False,11.94694514170697,,False
2011,late,0.0,0,32,S8_limited_probes,4.276181970168538e-06,6.389807454482177e-06,-2.1136254843136394e-06,5.67308175097705e-19,False,False,0.6692192214914048,,False
2011,middle,0.0,0,32,S8_limited_probes,1.2201192226563572e-05,8.04897433777022e-06,4.1522178887933526e-06,9.31616949929877e-19,False,False,1.5158691920918246,,False
2012,early,0.0,0,32,S8_limited_probes,0.0006649810214133287,7.409860414336951e-05,0.0005908824172699592,3.812233327639918e-15,False,False,8.974271905671689,,False
2012,late,0.0,0,32,S8_limited_probes,2.775497519057832e-05,3.9767821089117176e-05,-1.2012845898538857e-05,1.092264853824229e-18,False,False,0.6979254691470567,,False
2012,middle,0.0,0,32,S8_limited_probes,2.433947389208282e-05,5.393602956007491e-06,1.894587093607533e-05,1.6314396210534872e-18,False,False,4.5126558425983285,,False
2013,early,0.0,0,32,S8_limited_probes,3.4103710890025403e-06,8.223566814406335e-06,-4.8131957254037946e-06,5.51657826361888e-16,False,False,0.41470704451846024,,False
2013,late,0.0,0,32,S8_limited_probes,3.512906029966381e-06,9.884406151229013e-07,2.52446541484348e-06,2.23034199808535e-19,False,False,3.553987944465021,,False
2013,middle,0.0,0,32,S8_limited_probes,1.4287784372269242e-06,2.3347652689171793e-07,1.1953019103352063e-06,2.3995360688020054e-19,False,False,6.119580654416557,,False
2014,early,0.0,0,32,S8_limited_probes,1.4935526140781652e-05,1.0560505059002306e-05,4.375021081779346e-06,6.847644058182508e-16,False,False,1.4142814247363915,,False
2014,late,0.0,0,32,S8_limited_probes,1.5432185563163336e-05,1.3107511922804941e-05,2.324673640358395e-06,3.6589387655649004e-19,False,False,1.177354302940884,,False
2014,middle,0.0,0,32,S8_limited_probes,9.698848275475566e-06,7.120317261153122e-07,8.986816549360254e-06,2.603619526932429e-19,False,False,13.621370958272237,,False
2016,early,0.0,0,32,S8_limited_probes,2.1353985455011417e-05,9.671503839568392e-06,1.1682481615443025e-05,6.810814087806196e-16,False,False,2.2079281370542656,,False
2016,late,0.0,0,32,S8_limited_probes,8.385104813391883e-06,6.245744537561116e-06,2.1393602758307667e-06,1.7415557431939108e-19,False,False,1.3425308644894016,,False
2016,middle,0.0,0,32,S8_limited_probes,3.846286848864183e-06,4.956994820224182e-07,3.350587366841765e-06,1.6854366987493347e-19,False,False,7.7593118176593805,,False
2001,early,0.0,0,4,S9b,0.00019360290594818173,0.0013352954485714493,-0.0011416925426232676,2.891566989249217e-15,False,False,0.14498881588737952,,False
2001,late,0.0,0,4,S9b,2.577646409578709e-05,0.00028650196246294673,-0.0002607254983671596,1.820467489076045e-19,False,False,0.0899695899958129,,False
2001,middle,0.0,0,4,S9b,2.271788046196416e-06,7.479667796999317e-05,-7.252488992379675e-05,2.1871235027550443e-19,False,False,0.030372846867715287,,False
2002,early,0.0,0,4,S9b,0.00036785425586224234,0.0006891547974042401,-0.0003213005415419977,4.942973330270039e-15,False,False,0.5337759488112055,,False
2002,late,0.0,0,4,S9b,1.5716657843133154e-05,3.7605729856486435e-05,-2.188907201335328e-05,1.4223829255423322e-21,False,False,0.417932530577445,,False
2002,middle,0.0,0,4,S9b,5.726719805846866e-06,7.119329782337758e-05,-6.546657801753072e-05,3.2049436252638086e-19,False,False,0.080439029809438,,False
2003,early,0.0,0,4,S9b,0.0009602325258306111,0.00241926509288439,-0.001459032567053779,8.40187782869535e-15,False,False,0.39691083406067146,,False
2003,late,0.0,0,4,S9b,0.0002220048096608706,0.0004046341449102416,-0.00018262933524937098,1.0719634174560062e-18,False,False,0.5486556496860072,,False
2003,middle,0.0,0,4,S9b,4.552231383064272e-05,0.0002758140537665381,-0.00023029173993589536,3.313616084695117e-18,False,False,0.16504711492756252,,False
2004,early,0.0,0,4,S9b,0.0004097172141957183,0.0005765744240291816,-0.0001668572098334633,4.318574103338581e-15,False,False,0.7106059462932086,,False
2004,late,0.0,0,4,S9b,1.1808004186971441e-05,2.639215316504311e-05,-1.4584148978071668e-05,1.629242733159325e-20,False,False,0.4474058676884067,,False
2004,middle,0.0,0,4,S9b,1.4324522849257347e-05,0.00014066404411811466,-0.00012633952126885731,6.884300005212678e-19,False,False,0.10183499940630984,,False
2005,early,0.0,0,4,S9b,0.00014363463242826355,0.0003053858738922154,-0.00016175124146395185,6.931707339510333e-16,False,False,0.470338167897572,,False
2005,late,0.0,0,4,S9b,1.582554522426272e-05,0.00025557290966187656,-0.00023974736443761383,2.5583662336426013e-19,False,False,0.06192184158015787,,False
2005,middle,0.0,0,4,S9b,2.297124058128732e-06,0.00024022552424430503,-0.0002379284001861763,3.164697338128909e-19,False,False,0.00956236463779177,,False
2006,early,0.0,0,4,S9b,0.0007782286888481721,0.0025104669040467028,-0.0017322382151985305,1.7620860629857842e-15,False,False,0.3099936062067658,,False
2006,late,0.0,0,4,S9b,0.0006993258588993913,0.0030892294987901873,-0.0023899036398907962,9.913725166428e-18,False,False,0.22637549562868775,,False
2006,middle,0.0,0,4,S9b,0.00020257671535720055,0.002628467821885829,-0.0024258911065286287,6.034754600482992e-18,False,False,0.0770702664382854,,False
2007,early,0.0,0,4,S9b,0.0001452343958811357,0.0001496848697053392,-4.4504738242035055e-06,7.923552515459205e-16,False,False,0.9702677108717505,,False
2007,late,0.0,0,4,S9b,9.707306234402368e-06,6.389384427870727e-05,-5.41865380443049e-05,8.87419218260007e-20,False,False,0.15192866142251116,,False
2007,middle,0.0,0,4,S9b,1.0499782262215505e-06,6.506961099200635e-05,-6.40196327657848e-05,1.2133994552246492e-19,False,False,0.01613623026500862,,False
2008,early,0.0,0,4,S9b,0.0001925822033435443,0.0003136722841862631,-0.0001210900808427188,1.546332377860864e-15,False,False,0.6139598971683013,,False
2008,middle,0.0,0,4,S9b,1.1539916912543265e-05,0.00014085221974923943,-0.00012931230283669617,3.24095682259767e-19,False,False,0.08192925133226789,,False
2009,early,0.0,0,4,S9b,0.0006596904975230135,0.0010242125862312665,-0.00036452208870825303,3.819640131283871e-15,False,False,0.6440952848963094,,False
2009,late,0.0,0,4,S9b,9.791056914058396e-05,0.0003590171743105238,-0.00026110660516993987,6.502270868838992e-19,False,False,0.27271834370769804,,False
2010,early,0.0,0,4,S9b,0.0006629150240899166,0.0011710962936476762,-0.0005081812695577596,3.915358086798981e-15,False,False,0.5660636342935557,,False
2010,late,0.0,0,4,S9b,0.00011769883405987257,0.0003125500197810634,-0.00019485118572119082,1.2632182950612938e-18,False,False,0.37657599299567746,,False
2010,middle,0.0,0,4,S9b,2.7563380238093067e-05,0.00016194249404873488,-0.0001343791138106418,3.460210557353781e-18,False,False,0.17020474088659002,,False
2011,early,0.0,0,4,S9b,0.000835531676739775,0.0014324152646242158,-0.0005968835878844408,3.9551650974336075e-15,False,False,0.5833026897817729,,False
2011,late,0.0,0,4,S9b,7.193995209249977e-05,0.00016215004483324997,-9.02100927407502e-05,5.67308175097705e-19,False,False,0.4436628566244343,,False
2011,middle,0.0,0,4,S9b,1.562852418901135e-05,0.00011796827583844877,-0.00010233975164943742,9.31616949929877e-19,False,False,0.1324807375367067,,False
2012,early,0.0,0,4,S9b,0.00039569296695847445,0.0024402768227149473,-0.0020445838557564726,3.812233327639918e-15,False,False,0.16215085242593233,,False
2012,late,0.0,0,4,S9b,7.42056639057585e-05,0.00023145305963308084,-0.00015724739572732234,1.092264853824229e-18,False,False,0.3206078330672995,,False
2012,middle,0.0,0,4,S9b,2.261435554038289e-05,0.0001178047105604635,-9.519035502008061e-05,1.6314396210534872e-18,False,False,0.19196478165256411,,False
2013,early,0.0,0,4,S9b,3.7211736822212585e-05,0.00018652286060036953,-0.00014931112377815695,5.51657826361888e-16,False,False,0.19950228461239278,,False
2013,late,0.0,0,4,S9b,4.7094621158724805e-05,0.00032626979153813063,-0.00027917517037940584,2.23034199808535e-19,False,False,0.14434257286495042,,False
2013,middle,0.0,0,4,S9b,1.1783809401521243e-06,0.00015015526541999522,-0.0001489768844798431,2.3995360688020054e-19,False,False,0.00784774970665269,,False
2014,early,0.0,0,4,S9b,2.4409532580712912e-05,0.00017215927623417455,-0.00014774974365346164,6.847644058182508e-16,False,False,0.14178459107547925,,False
2014,late,0.0,0,4,S9b,3.268548056336377e-05,0.0002411650525992402,-0.00020847957203587642,3.6589387655649004e-19,False,False,0.13553157976698796,,False
2014,middle,0.0,0,4,S9b,6.68165124265018e-06,0.00012923392770277384,-0.00012255227646012365,2.603619526932429e-19,False,False,0.05170199003792072,,False
2016,early,0.0,0,4,S9b,6.46683989155218e-05,0.00015865075353260706,-9.398235461708526e-05,6.810814087806196e-16,False,False,0.40761482360202395,,False
2016,late,0.0,0,4,S9b,2.611948981404139e-05,0.00020894491125981123,-0.00018282542144576984,1.7415557431939108e-19,False,False,0.1250065850206961,,False
2016,middle,0.0,0,4,S9b,3.008595683043564e-06,7.149624115047002e-05,-6.848764546742645e-05,1.6854366987493347e-19,False,False,0.04208047352743642,,False
2001,early,0.0,0,8,S9b,8.432687836456605e-05,8.831780221565247e-05,-3.990923851086419e-06,2.891566989249217e-15,False,False,0.9548117848161408,,False
2001,late,0.0,0,8,S9b,8.813807254823746e-06,5.731667282042725e-05,-4.85028655656035e-05,1.820467489076045e-19,False,False,0.15377388150978938,,False
2001,middle,0.0,0,8,S9b,1.9188402794793803e-06,8.780418261098788e-06,-6.861577981619407e-06,2.1871235027550443e-19,False,False,0.21853631825043096,,False
2002,early,0.0,0,8,S9b,0.00021278171750426707,0.00022409330706041114,-1.1311589556144071e-05,4.942973330270039e-15,False,False,0.9495228585604536,,False
2002,late,0.0,0,8,S9b,6.636702817343248e-07,3.410206068163427e-06,-2.746535786429102e-06,1.4223829255423322e-21,False,False,0.19461295548387367,,False
2002,middle,0.0,0,8,S9b,9.427225883768812e-06,5.022639518576059e-05,-4.079916930199178e-05,3.2049436252638086e-19,False,False,0.18769465435260768,,False
2003,early,0.0,0,8,S9b,0.0004486494840554386,0.000503076513221201,-5.4427029165762374e-05,8.40187782869535e-15,False,False,0.891811627584707,,False
2003,late,0.0,0,8,S9b,7.355895196552007e-05,0.00015690084123470602,-8.334188926918594e-05,1.0719634174560062e-18,False,False,0.4688244587260316,,False
2003,middle,0.0,0,8,S9b,6.022345816462818e-05,0.00012096878001187249,-6.0745321847244306e-05,3.313616084695117e-18,False,False,0.4978429819554892,,False
2004,early,0.0,0,8,S9b,0.0002130202219296829,0.00023553945103050607,-2.251922910082317e-05,4.318574103338581e-15,False,False,0.9043929626128466,,False
2004,late,0.0,0,8,S9b,1.1233363411216398e-06,4.257340253565408e-06,-3.1340039124437684e-06,1.629242733159325e-20,False,False,0.26385871793565846,,False
2004,middle,0.0,0,8,S9b,1.7704790945680586e-05,8.273124151265951e-05,-6.502645056697892e-05,6.884300005212678e-19,False,False,0.21400368980285886,,False
2005,early,0.0,0,8,S9b,0.00012011796602350249,0.00012556656867776067,-5.448602654258182e-06,6.931707339510333e-16,False,False,0.9566078558040331,,False
2005,late,0.0,0,8,S9b,6.63309504358139e-06,7.160838852250465e-05,-6.497529347892326e-05,2.5583662336426013e-19,False,False,0.09263013985431023,,False
2005,middle,0.0,0,8,S9b,3.1086529151005364e-06,4.430961461974132e-05,-4.120096170464078e-05,3.164697338128909e-19,False,False,0.07015752544404967,,False
2006,early,0.0,0,8,S9b,0.0003493149871059845,0.0009691275331365724,-0.0006198125460305879,1.7620860629857842e-15,False,False,0.36044274376916086,,False
2006,late,0.0,0,8,S9b,0.0005142113370875379,0.0021857110053185597,-0.0016714996682310219,9.913725166428e-18,False,False,0.2352604419506015,,False
2006,middle,0.0,0,8,S9b,0.0001854043387726836,0.0011633771529892148,-0.0009779728142165311,6.034754600482992e-18,False,False,0.15936735416911046,,False
2007,early,0.0,0,8,S9b,7.684560050115466e-05,0.00011170559705557691,-3.485999655442225e-05,7.923552515459205e-16,False,False,0.6879297235475287,,False
2007,late,0.0,0,8,S9b,2.0882373045334376e-06,3.0657752236751264e-05,-2.8569514932217827e-05,8.87419218260007e-20,False,False,0.0681144947746738,,False
2007,middle,0.0,0,8,S9b,1.395100619049896e-06,1.055906755500688e-05,-9.163966935956984e-06,1.2133994552246492e-19,False,False,0.13212346751095172,,False
2008,early,0.0,0,8,S9b,6.423071839864164e-05,0.00015613029727981013,-9.189957888116849e-05,1.546332377860864e-15,False,False,0.4113917639158149,,False
2008,middle,0.0,0,8,S9b,1.1515906731264706e-05,5.981316118668969e-05,-4.829725445542499e-05,3.24095682259767e-19,False,False,0.19253131756940742,,False
2009,early,0.0,0,8,S9b,0.0005882988378626431,0.0006493963330412015,-6.10974951785584e-05,3.819640131283871e-15,False,False,0.9059164764721854,,False
2009,late,0.0,0,8,S9b,6.284497722011289e-05,0.00017220686856179036,-0.00010936189134167747,6.502270868838992e-19,False,False,0.3649388537459131,,False
2010,early,0.0,0,8,S9b,0.0006458553628449461,0.0007343634832835196,-8.850812043857345e-05,3.915358086798981e-15,False,False,0.8794764139921121,,False
2010,late,0.0,0,8,S9b,8.64149972877513e-05,0.000152955924686822,-6.654092739907069e-05,1.2632182950612938e-18,False,False,0.5649666560134001,,False
2010,middle,0.0,0,8,S9b,3.223887215236201e-05,5.2521602389631647e-05,-2.028273023726964e-05,3.460210557353781e-18,False,False,0.6138211837711623,,False
2011,early,0.0,0,8,S9b,0.0005012686250751475,0.000791383391239247,-0.00029011476616409957,3.9551650974336075e-15,False,False,0.6334080682312506,,False
2011,late,0.0,0,8,S9b,3.0005088016978263e-05,0.00011781349829420359,-8.780841027722533e-05,5.67308175097705e-19,False,False,0.2546829391488709,,False
2011,middle,0.0,0,8,S9b,1.6670262211340393e-05,4.5833406878317964e-05,-2.916314466697757e-05,9.31616949929877e-19,False,False,0.3637142282614487,,False
2012,early,0.0,0,8,S9b,0.0003084323558723115,0.0003117147501408791,-3.282394268567569e-06,3.812233327639918e-15,False,False,0.9894698782554111,,False
2012,late,0.0,0,8,S9b,4.436829752488054e-05,0.00014620820128675023,-0.00010183990376186969,1.092264853824229e-18,False,False,0.30345970427379376,,False
2012,middle,0.0,0,8,S9b,2.1120437501685753e-05,8.542052313063387e-05,-6.430008562894812e-05,1.6314396210534872e-18,False,False,0.24725249539137337,,False
2013,early,0.0,0,8,S9b,9.647477614083943e-06,2.87211515153889e-05,-1.9073673901304957e-05,5.51657826361888e-16,False,False,0.3359014908895553,,False
2013,late,0.0,0,8,S9b,1.0512024258303657e-05,5.627495637536892e-05,-4.576293211706526e-05,2.23034199808535e-19,False,False,0.1867975549938353,,False
2013,middle,0.0,0,8,S9b,3.1073105862565747e-06,2.2336817268302567e-05,-1.9229506682045992e-05,2.3995360688020054e-19,False,False,0.13911160882647572,,False
2014,early,0.0,0,8,S9b,1.7040505041622614e-05,0.000109605416604965,-9.256491156334238e-05,6.847644058182508e-16,False,False,0.15547137695794042,,False
2014,late,0.0,0,8,S9b,1.9820136075007666e-05,4.527847728049744e-05,-2.5458341205489775e-05,3.6589387655649004e-19,False,False,0.4377385739415024,,False
2014,middle,0.0,0,8,S9b,7.465787164897534e-06,4.3933076066588156e-05,-3.6467288901690624e-05,2.603619526932429e-19,False,False,0.169935452586608,,False
2016,early,0.0,0,8,S9b,3.021858036878248e-05,6.386630430785658e-05,-3.3647723939074105e-05,6.810814087806196e-16,False,False,0.473153734136846,,False
2016,late,0.0,0,8,S9b,1.1183816525343275e-05,5.029685520912876e-05,-3.911303868378549e-05,1.7415557431939108e-19,False,False,0.22235617870823537,,False
2016,middle,0.0,0,8,S9b,3.2553646831397356e-06,2.966112996974212e-05,-2.6405765286602385e-05,1.6854366987493347e-19,False,False,0.10975187683208949,,False
2001,early,0.0,0,12,S9b,3.762382753148439e-05,4.49140169158125e-05,-7.290189384328105e-06,2.891566989249217e-15,False,False,0.8376856517199754,,False
2001,late,0.0,0,12,S9b,3.0679543372862535e-06,7.031335493325358e-06,-3.963381156039105e-06,1.820467489076045e-19,False,False,0.43632597821545754,,False
2001,middle,0.0,0,12,S9b,1.8415439306611388e-06,2.4551164168441643e-06,-6.135724861830255e-07,2.1871235027550443e-19,False,False,0.7500841581387335,,False
2002,early,0.0,0,12,S9b,7.346356886644084e-05,0.00010595440943956039,-3.2490840573119555e-05,4.942973330270039e-15,False,False,0.6933507463731057,,False
2002,late,0.0,0,12,S9b,3.7207662462361177e-07,1.0143507093795925e-06,-6.422740847559807e-07,1.4223829255423322e-21,False,False,0.3668126035532474,,False
2002,middle,0.0,0,12,S9b,7.983863115788125e-06,1.5964173669877455e-05,-7.98031055408933e-06,3.2049436252638086e-19,False,False,0.5001112666954225,,False
2003,early,0.0,0,12,S9b,0.00010977801214036692,0.00016853224944082652,-5.87542373004596e-05,8.40187782869535e-15,False,False,0.6513768878336319,,False
2003,late,0.0,0,12,S9b,3.0566471397188704e-05,4.4608526023454196e-05,-1.4042054626265492e-05,1.0719634174560062e-18,False,False,0.6852159020254899,,False
2003,middle,0.0,0,12,S9b,1.9386979945271417e-05,7.093734348845808e-05,-5.155036354318666e-05,3.313616084695117e-18,False,False,0.27329723657365024,,False
2004,early,0.0,0,12,S9b,0.00011053588749231108,0.00015182977477609818,-4.129388728378709e-05,4.318574103338581e-15,False,False,0.7280251034773465,,False
2004,late,0.0,0,12,S9b,3.341060477724622e-07,9.421691275202389e-07,-6.080630797477767e-07,1.629242733159325e-20,False,False,0.3546136654379871,,False
2004,middle,0.0,0,12,S9b,1.4803915144398652e-05,4.2287031075746655e-05,-2.7483115931348005e-05,6.884300005212678e-19,False,False,0.3500816862238717,,False
2005,early,0.0,0,12,S9b,3.0337848721036543e-05,4.063793285583441e-05,-1.030008413479787e-05,6.931707339510333e-16,False,False,0.7465401556880844,,False
2005,late,0.0,0,12,S9b,4.706547209450657e-06,3.539956408820964e-05,-3.069301687875898e-05,2.5583662336426013e-19,False,False,0.13295494819435486,,False
2005,middle,0.0,0,12,S9b,3.5232303547479455e-06,2.260478058576597e-05,-1.9081550231018025e-05,3.164697338128909e-19,False,False,0.1558621788599219,,False
2006,early,0.0,0,12,S9b,0.0001718540091767153,0.00033867571461657894,-0.00016682170543986364,1.7620860629857842e-15,False,False,0.5074293838023621,,False
2006,late,0.0,0,12,S9b,0.0004161911870131979,0.0005060550422041435,-8.986385519094565e-05,9.913725166428e-18,False,False,0.8224227649238709,,False
2006,middle,0.0,0,12,S9b,0.0002069980294451598,0.00039312493348332423,-0.00018612690403816442,6.034754600482992e-18,False,False,0.5265451560424629,,False
2007,early,0.0,0,12,S9b,2.4465269510916402e-05,2.948950641375838e-05,-5.0242369028419765e-06,7.923552515459205e-16,False,False,0.8296262801978296,,False
2007,late,0.0,0,12,S9b,1.589580304535259e-06,1.6434354769215906e-05,-1.4844774464680646e-05,8.87419218260007e-20,False,False,0.09672301266812065,,False
2007,middle,0.0,0,12,S9b,9.462057597330173e-07,6.14265452252695e-06,-5.196448762793933e-06,1.2133994552246492e-19,False,False,0.15403857668748877,,False
2008,early,0.0,0,12,S9b,3.275751965552676e-05,8.271579979377122e-05,-4.995828013824446e-05,1.546332377860864e-15,False,False,0.39602494006221906,,False
2008,middle,0.0,0,12,S9b,1.0762200799036522e-05,3.90374393088632e-05,-2.827523850982668e-05,3.24095682259767e-19,False,False,0.27568920988608575,,False
2009,early,0.0,0,12,S9b,0.00014989762937719876,0.0002310144184211772,-8.111678904397843e-05,3.819640131283871e-15,False,False,0.6488669858861831,,False
2009,late,0.0,0,12,S9b,2.038040480359202e-05,3.280958630795464e-05,-1.2429181504362618e-05,6.502270868838992e-19,False,False,0.621172257775491,,False
2010,early,0.0,0,12,S9b,0.00017932123860865933,0.00036621820083971505,-0.00018689696223105572,3.915358086798981e-15,False,False,0.48965681715842396,,False
2010,late,0.0,0,12,S9b,5.174810030802905e-05,9.340414176532049e-05,-4.165604145729144e-05,1.2632182950612938e-18,False,False,0.5540236153343931,,False
2010,middle,0.0,0,12,S9b,2.397777454135621e-05,3.2019579740071216e-05,-8.041805198715005e-06,3.460210557353781e-18,False,False,0.7488472595831416,,False
2011,early,0.0,0,12,S9b,0.00012141460037146267,0.000340405075660964,-0.00021899047528950132,3.9551650974336075e-15,False,False,0.3566768213890822,,False
2011,late,0.0,0,12,S9b,8.004817220909074e-06,3.8396676044970665e-05,-3.039185882406159e-05,5.67308175097705e-19,False,False,0.2084768278257663,,False
2011,middle,0.0,0,12,S9b,5.621258125328565e-06,2.1181156577058508e-05,-1.5559898451729943e-05,9.31616949929877e-19,False,False,0.26538957421319465,,False
2012,early,0.0,0,12,S9b,0.00015796787639218272,0.00021393014433653145,-5.596226794434873e-05,3.812233327639918e-15,False,False,0.7384086842090144,,False
2012,late,0.0,0,12,S9b,3.0672885388844916e-05,7.685172756041621e-05,-4.6178842171571295e-05,1.092264853824229e-18,False,False,0.3991177083785363,,False
2012,middle,0.0,0,12,S9b,2.0875425756445798e-05,4.176659887640214e-05,-2.0891173119956345e-05,1.6314396210534872e-18,False,False,0.4998114837701156,,False
2013,early,0.0,0,12,S9b,5.948861977852144e-06,1.2850360871545519e-05,-6.901498893693374e-06,5.51657826361888e-16,False,False,0.46293345668016805,,False
2013,late,0.0,0,12,S9b,6.111412030910525e-06,2.934129735228023e-05,-2.3229885321369702e-05,2.23034199808535e-19,False,False,0.2082870418964478,,False
2013,middle,0.0,0,12,S9b,2.526493357559937e-06,6.650090339977449e-06,-4.123596982417512e-06,2.3995360688020054e-19,False,False,0.37991865198759156,,False
2014,early,0.0,0,12,S9b,1.5246339580718147e-05,5.139156828615165e-05,-3.6145228705433505e-05,6.847644058182508e-16,False,False,0.2966700587112952,,False
2014,late,0.0,0,12,S9b,1.5202504492042218e-05,2.4734739400341197e-05,-9.532234908298979e-06,3.6589387655649004e-19,False,False,0.6146215751855671,,False
2014,middle,0.0,0,12,S9b,8.18201932010405e-06,2.6658650405657505e-05,-1.8476631085553455e-05,2.603619526932429e-19,False,False,0.30691798705487583,,False
2016,early,0.0,0,12,S9b,2.5306099234638188e-05,4.264133214723729e-05,-1.7335232912599105e-05,6.810814087806196e-16,False,False,0.5934640866110408,,False
2016,late,0.0,0,12,S9b,9.41753564911569e-06,2.5869334839044166e-05,-1.6451799189928478e-05,1.7415557431939108e-19,False,False,0.3640424350958555,,False
2016,middle,0.0,0,12,S9b,3.6303393060234483e-06,2.0204990173175998e-05,-1.657465086715255e-05,1.6854366987493347e-19,False,False,0.17967538092857185,,False
2001,early,0.0,0,16,S9b,2.1188829267952282e-05,2.6428713825332328e-05,-5.239884557380046e-06,2.891566989249217e-15,False,False,0.8017351660769229,,False
2001,late,0.0,0,16,S9b,2.2730421751373755e-06,3.468408115451531e-06,-1.1953659403141553e-06,1.820467489076045e-19,False,False,0.6553560306271692,,False
2001,middle,0.0,0,16,S9b,9.861818355076584e-07,1.1460114827364622e-06,-1.5982964722880373e-07,2.1871235027550443e-19,False,False,0.8605339914682528,,False
2002,early,0.0,0,16,S9b,3.9641641927756375e-05,5.2944196055303434e-05,-1.330255412754706e-05,4.942973330270039e-15,False,False,0.7487438639421075,,False
2002,late,0.0,0,16,S9b,1.596740889230758e-07,2.741481596534078e-07,-1.1447407073033196e-07,1.4223829255423322e-21,False,False,0.5824372088616026,,False
2002,middle,0.0,0,16,S9b,4.495242510166809e-06,5.440028971205098e-06,-9.44786461038289e-07,3.2049436252638086e-19,False,False,0.8263269431028424,,False
2003,early,0.0,0,16,S9b,4.7622209474747714e-05,5.2984381237789425e-05,-5.362171763041711e-06,8.40187782869535e-15,False,False,0.8987971240245926,,False
2003,late,0.0,0,16,S9b,1.412618839228126e-05,1.635185861835728e-05,-2.2256702260760203e-06,1.0719634174560062e-18,False,False,0.8638888533700145,,False
2003,middle,0.0,0,16,S9b,8.034068624969292e-06,4.33677542854969e-05,-3.533368566052761e-05,3.313616084695117e-18,False,False,0.18525443056331037,,False
2004,early,0.0,0,16,S9b,5.647374379106429e-05,6.07223581889224e-05,-4.2486143978581146e-06,4.318574103338581e-15,False,False,0.9300321244995193,,False
2004,late,0.0,0,16,S9b,1.6799396780991877e-07,3.275290463136678e-07,-1.5953507850374902e-07,1.629242733159325e-20,False,False,0.5129131895344464,,False
2004,middle,0.0,0,16,S9b,8.017517736686302e-06,1.3746514781767488e-05,-5.728997045081186e-06,6.884300005212678e-19,False,False,0.5832400331260861,,False
2005,early,0.0,0,16,S9b,1.3927140647875701e-05,2.0792044445641476e-05,-6.864903797765775e-06,6.931707339510333e-16,False,False,0.6698302653347383,,False
2005,late,0.0,0,16,S9b,3.5267849923424648e-06,1.0693778186553271e-05,-7.166993194210806e-06,2.5583662336426013e-19,False,False,0.3297978442060045,,False
2005,middle,0.0,0,16,S9b,1.666175988870119e-06,7.136677460807446e-06,-5.470501471937327e-06,3.164697338128909e-19,False,False,0.23346662337204846,,False
2006,early,0.0,0,16,S9b,8.844795411806652e-05,0.00012156713429567694,-3.3119180177610413e-05,1.7620860629857842e-15,False,False,0.7275646878616258,,False
2006,late,0.0,0,16,S9b,0.0002368685173637945,0.0004220806389562627,-0.00018521212159246822,9.913725166428e-18,False,False,0.5611925672533383,,False
2006,middle,0.0,0,16,S9b,9.953362400665608e-05,0.00015944618262370556,-5.991255861704949e-05,6.034754600482992e-18,False,False,0.6242458889188732,,False
2007,early,0.0,0,16,S9b,1.390356045784142e-05,1.9219206255079317e-05,-5.315645797237896e-06,7.923552515459205e-16,False,False,0.7234201180481603,,False
2007,late,0.0,0,16,S9b,6.473646107420389e-07,3.2362275350971463e-06,-2.588862924355107e-06,8.87419218260007e-20,False,False,0.2000368032597578,,False
2007,middle,0.0,0,16,S9b,3.770150080603235e-07,1.6289989965491841e-06,-1.2519839884888606e-06,1.2133994552246492e-19,False,False,0.23143968096909773,,False
2008,early,0.0,0,16,S9b,2.447982369360805e-05,2.85861615089584e-05,-4.10633781535035e-06,1.546332377860864e-15,False,False,0.8563522488297879,,False
2008,middle,0.0,0,16,S9b,8.009249870846759e-06,1.439359653229775e-05,-6.3843466614509914e-06,3.24095682259767e-19,False,False,0.5564453507415486,,False
2009,early,0.0,0,16,S9b,5.3175434903944067e-05,8.50801183145728e-05,-3.190468341062873e-05,3.819640131283871e-15,False,False,0.6250042425579938,,False
2009,late,0.0,0,16,S9b,8.395888800566118e-06,1.0080062934862955e-05,-1.684174134296837e-06,6.502270868838992e-19,False,False,0.8329202758772523,,False
2010,early,0.0,0,16,S9b,6.118464248031763e-05,9.158938450385159e-05,-3.0404742023533955e-05,3.915358086798981e-15,False,False,0.668032030259409,,False
2010,late,0.0,0,16,S9b,4.005279675852034e-05,9.229955821839446e-05,-5.224676145987412e-05,1.2632182950612938e-18,False,False,0.4339435370183406,,False
2010,middle,0.0,0,16,S9b,7.455548354449844e-06,1.1193186848327888e-05,-3.737638493878044e-06,3.460210557353781e-18,False,False,0.6660791475631985,,False
2011,early,0.0,0,16,S9b,3.679082918182844e-05,8.287666817442731e-05,-4.608583899259887e-05,3.9551650974336075e-15,False,False,0.4439226382073687,,False
2011,late,0.0,0,16,S9b,4.266301322601381e-06,1.1371647399174342e-05,-7.105346076572961e-06,5.67308175097705e-19,False,False,0.375170032348272,,False
2011,middle,0.0,0,16,S9b,4.941553950830327e-06,1.2193328935241002e-05,-7.251774984410675e-06,9.31616949929877e-19,False,False,0.4052670092863903,,False
2012,early,0.0,0,16,S9b,6.001116608832183e-05,0.00010560798930449844,-4.5596823216176604e-05,3.812233327639918e-15,False,False,0.5682445663773813,,False
2012,late,0.0,0,16,S9b,2.9823775146010586e-05,4.5088312790368624e-05,-1.5264537644358038e-05,1.092264853824229e-18,False,False,0.6614524540909698,,False
2012,middle,0.0,0,16,S9b,1.2014378650389755e-05,1.6665532899018763e-05,-4.651154248629008e-06,1.6314396210534872e-18,False,False,0.7209117598092012,,False
2013,early,0.0,0,16,S9b,4.373443284290741e-06,9.065923998766049e-06,-4.692480714475308e-06,5.51657826361888e-16,False,False,0.48240458279663545,,False
2013,late,0.0,0,16,S9b,4.408648298799872e-06,1.0425108527250067e-05,-6.0164602284501955e-06,2.23034199808535e-19,False,False,0.4228875207654825,,False
2013,middle,0.0,0,16,S9b,1.2445144136723953e-06,2.147102547328362e-06,-9.025881336559665e-07,2.3995360688020054e-19,False,False,0.5796250464240489,,False
2014,early,0.0,0,16,S9b,1.0009168981243127e-05,1.8452661519314586e-05,-8.443492538071459e-06,6.847644058182508e-16,False,False,0.5424241359852848,,False
2014,late,0.0,0,16,S9b,1.4306812011482571e-05,1.6979245482329107e-05,-2.6724334708465354e-06,3.6589387655649004e-19,False,False,0.8426058758837176,,False
2014,middle,0.0,0,16,S9b,4.8116488670212336e-06,7.809939906255468e-06,-2.998291039234234e-06,2.603619526932429e-19,False,False,0.616092943707196,,False
2016,early,0.0,0,16,S9b,1.3008449189815846e-05,1.6123278450753955e-05,-3.1148292609381085e-06,6.810814087806196e-16,False,False,0.8068116685789513,,False
2016,late,0.0,0,16,S9b,8.405644408202723e-06,9.951922991409063e-06,-1.5462785832063405e-06,1.7415557431939108e-19,False,False,0.8446251458596338,,False
2016,middle,0.0,0,16,S9b,2.666131825710224e-06,5.142556148745007e-06,-2.4764243230347834e-06,1.6854366987493347e-19,False,False,0.5184448644981482,,False
2001,early,0.0,0,24,S9b,1.2894869541202153e-05,2.4575862812432514e-05,-1.1680993271230361e-05,2.891566989249217e-15,False,False,0.5246965137955952,,False
2001,late,0.0,0,24,S9b,9.527941242182091e-07,1.276236332663853e-06,-3.234422084456439e-07,1.820467489076045e-19,False,False,0.7465655849410494,,False
2001,middle,0.0,0,24,S9b,5.835347906239518e-07,7.183271947980905e-07,-1.347924041741387e-07,2.1871235027550443e-19,False,False,0.8123523581589772,,False
2002,early,0.0,0,24,S9b,2.8178790719405934e-05,4.9236300017630674e-05,-2.105750929822474e-05,4.942973330270039e-15,False,False,0.5723173900011901,,False
2002,late,0.0,0,24,S9b,6.704524521457612e-08,9.30686978659112e-08,-2.6023452651335083e-08,1.4223829255423322e-21,False,False,0.7203844767568534,,False
2002,middle,0.0,0,24,S9b,2.0461683647363e-06,3.157681926827226e-06,-1.1115135620909262e-06,3.2049436252638086e-19,False,False,0.6479969839116279,,False
2003,early,0.0,0,24,S9b,2.3853186700481887e-05,4.592639302249046e-05,-2.2073206322008574e-05,8.40187782869535e-15,False,False,0.519378621543408,,False
2003,late,0.0,0,24,S9b,9.352707707800931e-06,1.1445942442293563e-05,-2.0932347344926315e-06,1.0719634174560062e-18,False,False,0.8171199317971422,,False
2003,middle,0.0,0,24,S9b,5.066609061313693e-06,2.614457306473413e-05,-2.1077964003420436e-05,3.313616084695117e-18,False,False,0.1937919983917403,,False
2004,early,0.0,0,24,S9b,3.0230362767388825e-05,4.1963332462856356e-05,-1.1732969695467531e-05,4.318574103338581e-15,False,False,0.7203994771899274,,False
2004,late,0.0,0,24,S9b,9.756609799949935e-08,1.7849717627021115e-07,-8.09310782707118e-08,1.629242733159325e-20,False,False,0.5465974310529296,,False
2004,middle,0.0,0,24,S9b,4.107878191122146e-06,6.772995215170365e-06,-2.665117024048219e-06,6.884300005212678e-19,False,False,0.6065083557007678,,False
2005,early,0.0,0,24,S9b,4.0568567314503114e-06,1.7403525879199317e-05,-1.3346669147749005e-05,6.931707339510333e-16,False,False,0.23310544998810062,,False
2005,late,0.0,0,24,S9b,1.353938995472589e-06,2.1423757225743767e-06,-7.884367271017876e-07,2.5583662336426013e-19,False,False,0.6319801803231947,,False
2005,middle,0.0,0,24,S9b,5.55190562678804e-07,8.638674916223485e-07,-3.0867692894354447e-07,3.164697338128909e-19,False,False,0.6426802351783752,,False
2006,early,0.0,0,24,S9b,1.4942093846588561e-05,3.512836013157995e-05,-2.018626628499139e-05,1.7620860629857842e-15,False,False,0.4253569990349708,,False
2006,late,0.0,0,24,S9b,0.0001956557737620762,0.00038727265494155826,-0.00019161688117948206,9.913725166428e-18,False,False,0.5052145336509799,,False
2006,middle,0.0,0,24,S9b,4.0824923277071733e-05,4.8860740375272e-05,-8.035817098200265e-06,6.034754600482992e-18,False,False,0.8355363214621463,,False
2007,early,0.0,0,24,S9b,9.259719916495159e-06,1.8263958495622544e-05,-9.004238579127385e-06,7.923552515459205e-16,False,False,0.5069941392340824,,False
2007,late,0.0,0,24,S9b,4.7591257885550504e-07,1.1137531407085294e-06,-6.378405618530244e-07,8.87419218260007e-20,False,False,0.4273052631328579,,False
2007,middle,0.0,0,24,S9b,1.995426346228637e-07,5.457089192286826e-07,-3.461662846058189e-07,1.2133994552246492e-19,False,False,0.3656576383338242,,False
2008,early,0.0,0,24,S9b,8.52454700759941e-06,2.1782845274394928e-05,-1.3258298266795518e-05,1.546332377860864e-15,False,False,0.3913422190819009,,False
2008,middle,0.0,0,24,S9b,2.0156273777469966e-06,3.558290416758351e-06,-1.5426630390113544e-06,3.24095682259767e-19,False,False,0.5664594908425882,,False
2009,early,0.0,0,24,S9b,3.7375044856526785e-05,7.56519374301288e-05,-3.8276892573602015e-05,3.819640131283871e-15,False,False,0.4940394935826451,,False
2009,late,0.0,0,24,S9b,3.71819268987904e-06,4.524959171658139e-06,-8.067664817790987e-07,6.502270868838992e-19,False,False,0.8217074560954625,,False
2010,early,0.0,0,24,S9b,3.161990060971378e-05,7.812764189899643e-05,-4.650774128928265e-05,3.915358086798981e-15,False,False,0.4047210416332807,,False
2010,late,0.0,0,24,S9b,3.192833031136391e-05,8.67804330830424e-05,-5.485210277167849e-05,1.2632182950612938e-18,False,False,0.36792084548380716,,False
2010,middle,0.0,0,24,S9b,6.750905738241629e-06,7.198524674359401e-06,-4.4761893611777213e-07,3.460210557353781e-18,False,False,0.9378179618231834,,False
2011,early,0.0,0,24,S9b,2.6798068293935164e-05,7.727796467833365e-05,-5.0479896384398486e-05,3.9551650974336075e-15,False,False,0.34677502707894836,,False
2011,late,0.0,0,24,S9b,1.8981907200047841e-06,5.1573777377563724e-06,-3.2591870177515883e-06,5.67308175097705e-19,False,False,0.36805345982482934,,False
2011,middle,0.0,0,24,S9b,2.673357935282228e-06,6.867567387875206e-06,-4.194209452592978e-06,9.31616949929877e-19,False,False,0.3892729090656004,,False
2012,early,0.0,0,24,S9b,3.811836751483034e-05,7.928685347450513e-05,-4.1168485959674786e-05,3.812233327639918e-15,False,False,0.48076529518336086,,False
2012,late,0.0,0,24,S9b,2.6455515451569594e-05,3.808032415149464e-05,-1.1624808699925048e-05,1.092264853824229e-18,False,False,0.6947292608729335,,False
2012,middle,0.0,0,24,S9b,5.667027926127744e-06,6.069173761927009e-06,-4.021458357992648e-07,1.6314396210534872e-18,False,False,0.9337396074698016,,False
2013,early,0.0,0,24,S9b,3.6638081976023344e-06,8.967766902492991e-06,-5.3039587048906565e-06,5.51657826361888e-16,False,False,0.4085530140824485,,False
2013,late,0.0,0,24,S9b,2.4752768008644983e-06,3.2430674571790542e-06,-7.677906563145559e-07,2.23034199808535e-19,False,False,0.7632517157128733,,False
2013,middle,0.0,0,24,S9b,7.13676676184329e-07,9.393605032503708e-07,-2.256838270660418e-07,2.3995360688020054e-19,False,False,0.7597473746393086,,False
2014,early,0.0,0,24,S9b,6.383709912730637e-06,1.1969425144088784e-05,-5.585715231358147e-06,6.847644058182508e-16,False,False,0.5333347120586901,,False
2014,late,0.0,0,24,S9b,1.1332324252660962e-05,1.4378776765240511e-05,-3.0464525125795493e-06,3.6589387655649004e-19,False,False,0.7881285339971275,,False
2014,middle,0.0,0,24,S9b,1.1432296379231483e-06,1.2065993084329423e-06,-6.336967050979396e-08,2.603619526932429e-19,False,False,0.9474807667575289,,False
2016,early,0.0,0,24,S9b,7.07150154802468e-06,1.1575757437959303e-05,-4.504255889934623e-06,6.810814087806196e-16,False,False,0.6108888844574234,,False
2016,late,0.0,0,24,S9b,6.073994768067273e-06,7.660770632476221e-06,-1.5867758644089478e-06,1.7415557431939108e-19,False,False,0.7928699421332175,,False
2016,middle,0.0,0,24,S9b,7.187566839249548e-07,8.07226778776036e-07,-8.847009485108126e-08,1.6854366987493347e-19,False,False,0.8904024281934443,,False
2001,early,0.0,0,32,S9b,4.310721181053672e-06,2.372110272925518e-05,-1.9410381548201507e-05,2.891566989249217e-15,False,False,0.18172515967131958,,False
2001,late,0.0,0,32,S9b,2.530814626450843e-07,4.5543424936430104e-07,-2.0235278671921674e-07,1.820467489076045e-19,False,False,0.5556926449829751,,False
2001,middle,0.0,0,32,S9b,1.9461788138960662e-07,2.5849735042398463e-07,-6.387946903437802e-08,2.1871235027550443e-19,False,False,0.7528815327135711,,False
2002,early,0.0,0,32,S9b,2.2057712762767924e-05,4.725070476182614e-05,-2.5192991999058214e-05,4.942973330270039e-15,False,False,0.46682293679962966,,False
2002,late,0.0,0,32,S9b,3.903302035833076e-08,4.5186957616343526e-08,-6.153937258012767e-09,1.4223829255423322e-21,False,False,0.8638116487004434,,False
2002,middle,0.0,0,32,S9b,1.6712480267086563e-06,2.8746940228067873e-06,-1.203445996098131e-06,3.2049436252638086e-19,False,False,0.5813655343662929,,False
2003,early,0.0,0,32,S9b,8.602683276968512e-06,4.403304921879733e-05,-3.543036594182882e-05,8.40187782869535e-15,False,False,0.19536878389280615,,False
2003,late,0.0,0,32,S9b,6.888396541104039e-06,8.231513010948676e-06,-1.343116469844637e-06,1.0719634174560062e-18,False,False,0.8368323699351301,,False
2003,middle,0.0,0,32,S9b,4.5076170186307655e-06,2.694478667719261e-05,-2.2437169658561846e-05,3.313616084695117e-18,False,False,0.16729087792133956,,False
2004,early,0.0,0,32,S9b,2.066765480134747e-05,3.9024464551634924e-05,-1.8356809750287454e-05,4.318574103338581e-15,False,False,0.5296076458397326,,False
2004,late,0.0,0,32,S9b,7.92263969064621e-08,1.2482140288502227e-07,-4.559500597856018e-08,1.629242733159325e-20,False,False,0.6347180457460531,,False
2004,middle,0.0,0,32,S9b,3.117320075451787e-06,5.005816528202756e-06,-1.8884964527509693e-06,6.884300005212678e-19,False,False,0.6227395786259473,,False
2005,early,0.0,0,32,S9b,1.7088650808714627e-06,1.661262915357563e-05,-1.4903764072704166e-05,6.931707339510333e-16,False,False,0.10286542034218914,,False
2005,late,0.0,0,32,S9b,1.2111750932373972e-06,2.0524337370221223e-06,-8.412586437847251e-07,2.5583662336426013e-19,False,False,0.5901165389118442,,False
2005,middle,0.0,0,32,S9b,4.686263960352891e-07,8.578217101493057e-07,-3.891953141140166e-07,3.164697338128909e-19,False,False,0.5462981298919606,,False
2006,early,0.0,0,32,S9b,1.7913624291820712e-05,3.267447383166794e-05,-1.4760849539847227e-05,1.7620860629857842e-15,False,False,0.5482452260473408,,False
2006,late,0.0,0,32,S9b,0.0001194596485553947,0.00037303284509962616,-0.00025357319654423146,9.913725166428e-18,False,False,0.3202389551608801,,False
2006,middle,0.0,0,32,S9b,1.9599962167190583e-05,1.9599962167190583e-05,0.0,6.034754600482992e-18,False,False,1.0,,False
2007,early,0.0,0,32,S9b,1.8176646688527393e-06,1.7698582694288923e-05,-1.5880918025436184e-05,7.923552515459205e-16,False,False,0.10270114281180681,,False
2007,late,0.0,0,32,S9b,4.838564574319244e-07,7.169200214738815e-07,-2.3306356404195715e-07,8.87419218260007e-20,False,False,0.6749099522108297,,False
2007,middle,0.0,0,32,S9b,1.6362680960246334e-07,2.6012822036598906e-07,-9.650141076352572e-08,1.2133994552246492e-19,False,False,0.6290236767554384,,False
2008,early,0.0,0,32,S9b,6.623137643388219e-06,1.921717452198303e-05,-1.259403687859481e-05,1.546332377860864e-15,False,False,0.3446467968437212,,False
2008,middle,0.0,0,32,S9b,8.105048900803779e-07,1.570557790355723e-06,-7.600529002753451e-07,3.24095682259767e-19,False,False,0.5160618062305131,,False
2009,early,0.0,0,32,S9b,7.6169025707429805e-06,7.323808992974714e-05,-6.562118735900415e-05,3.819640131283871e-15,False,False,0.10400192820497385,,False
2009,late,0.0,0,32,S9b,2.624743402238811e-06,5.219450826908645e-06,-2.5947074246698342e-06,6.502270868838992e-19,False,False,0.502877312054951,,False
2010,early,0.0,0,32,S9b,2.7316073208102904e-05,7.397098822002356e-05,-4.665491501192066e-05,3.915358086798981e-15,False,False,0.36928090141032593,,False
2010,late,0.0,0,32,S9b,2.2813060605949475e-05,8.35948231634586e-05,-6.0781762557509135e-05,1.2632182950612938e-18,False,False,0.2729003991232993,,False
2010,middle,0.0,0,32,S9b,3.852869612714756e-06,7.270534030159566e-06,-3.4176644174448095e-06,3.460210557353781e-18,False,False,0.529929383004373,,False
2011,early,0.0,0,32,S9b,9.87791878091137e-06,7.42677347053107e-05,-6.438981592439933e-05,3.9551650974336075e-15,False,False,0.13300417496381542,,False
2011,late,0.0,0,32,S9b,1.6932344242746715e-06,6.389807454482177e-06,-4.696573030207506e-06,5.67308175097705e-19,False,False,0.26498989779213766,,False
2011,middle,0.0,0,32,S9b,2.776828985110659e-06,8.04897433777022e-06,-5.27214535265956e-06,9.31616949929877e-19,False,False,0.3449916559033178,,False
2012,early,0.0,0,32,S9b,3.3166725523007626e-05,7.409860414336951e-05,-4.093187862036188e-05,3.812233327639918e-15,False,False,0.44760256831336614,,False
2012,late,0.0,0,32,S9b,2.4266991610152274e-05,3.9767821089117176e-05,-1.5500829478964902e-05,1.092264853824229e-18,False,False,0.6102167769205026,,False
2012,middle,0.0,0,32,S9b,4.2709406349333954e-06,5.393602956007491e-06,-1.1226623210740953e-06,1.6314396210534872e-18,False,False,0.7918529913619885,,False
2013,early,0.0,0,32,S9b,1.3972719430969636e-06,8.223566814406335e-06,-6.826294871309371e-06,5.51657826361888e-16,False,False,0.1699106938183044,,False
2013,late,0.0,0,32,S9b,7.87854001896261e-07,9.884406151229013e-07,-2.0058661322664026e-07,2.23034199808535e-19,False,False,0.7970676132104308,,False
2013,middle,0.0,0,32,S9b,1.7424193941500006e-07,2.3347652689171793e-07,-5.923458747671787e-08,2.3995360688020054e-19,False,False,0.7462931787391639,,False
2014,early,0.0,0,32,S9b,5.413566613032742e-06,1.0560505059002306e-05,-5.146938445969564e-06,6.847644058182508e-16,False,False,0.5126238359611357,,False
2014,late,0.0,0,32,S9b,8.630679131690279e-06,1.3107511922804941e-05,-4.476832791114663e-06,3.6589387655649004e-19,False,False,0.658452891938576,,False
2014,middle,0.0,0,32,S9b,7.120317261153122e-07,7.120317261153122e-07,0.0,2.603619526932429e-19,False,False,1.0,,False
2016,early,0.0,0,32,S9b,5.020617860229594e-06,9.671503839568392e-06,-4.650885979338798e-06,6.810814087806196e-16,False,False,0.5191144979634985,,False
2016,late,0.0,0,32,S9b,2.174352819041854e-06,6.245744537561116e-06,-4.071391718519262e-06,1.7415557431939108e-19,False,False,0.3481334860824953,,False
2016,middle,0.0,0,32,S9b,4.932583293501586e-07,4.956994820224182e-07,-2.4411526722596205e-09,1.6854366987493347e-19,False,False,0.9950753374558716,,False
