scope,object,version,run_id,record_index,actual_branch,status,wall_s,exclusive_stage_wall_s,unattributed_wall_s,hash_read_bytes,bank_storage_copy_bytes,return_copy_bytes,audited_provider_sha256,source,phase_label_is_branch_evidence
eff_nonlinear,2002,a17.efficiency.nonlinear_top1cap3_transfer.v1,ca114ca3dfe212d36bd20f8b34ce3aa01787d5954612bcf50324b92ece06acfa,0,MISS_ORIGINAL_ACQUISITION,OK,5.800566199992318,"{""geometry_signature_hash"": 1.3087016000063159, ""identity_and_content_comparison"": 5.799985956400633e-06, ""cache_invalidation"": 2.0199979189783335e-05, ""bank_key_lookup"": 3.89997148886323e-06, ""original_provider_call"": 4.490051999979187, ""first_bank_storage_copy"": 0.0014689000090584159}",0.000313800061121583,860046336,2654208,0,e8b6ae0a97de23db232d3c2731a642b0e2a238e13590636f803eafb1e23c36b8,evidence/final_snapshot/results/nonlinear_top1cap3_transfer_v1/object_2002/top1_cap3_cache/rep0/result.json,False
eff_nonlinear,2002,a17.efficiency.nonlinear_top1cap3_transfer.v1,ca114ca3dfe212d36bd20f8b34ce3aa01787d5954612bcf50324b92ece06acfa,1,EXACT_GEOMETRY_BANK_HIT,OK,0.6478330999962054,"{""geometry_signature_hash"": 0.646245900017675, ""identity_and_content_comparison"": 8.600007276982069e-06, ""bank_key_lookup"": 4.199973773211241e-06, ""hit_bank_and_metadata_copy"": 0.0014287999947555363}",0.00014560000272467732,430023168,0,2654208,e8b6ae0a97de23db232d3c2731a642b0e2a238e13590636f803eafb1e23c36b8,evidence/final_snapshot/results/nonlinear_top1cap3_transfer_v1/object_2002/top1_cap3_cache/rep0/result.json,False
eff_nonlinear,2002,a17.efficiency.nonlinear_top1cap3_transfer.v1,ca114ca3dfe212d36bd20f8b34ce3aa01787d5954612bcf50324b92ece06acfa,2,EXACT_GEOMETRY_BANK_HIT,OK,0.6437399999704212,"{""geometry_signature_hash"": 0.6415051000076346, ""identity_and_content_comparison"": 0.0002460000105202198, ""bank_key_lookup"": 6.499991286545992e-06, ""hit_bank_and_metadata_copy"": 0.0018325999844819307}",0.00014979997649788857,430023168,0,2654208,e8b6ae0a97de23db232d3c2731a642b0e2a238e13590636f803eafb1e23c36b8,evidence/final_snapshot/results/nonlinear_top1cap3_transfer_v1/object_2002/top1_cap3_cache/rep0/result.json,False
eff_nonlinear,2002,a17.efficiency.nonlinear_top1cap3_transfer.v1,ca114ca3dfe212d36bd20f8b34ce3aa01787d5954612bcf50324b92ece06acfa,3,EXACT_GEOMETRY_BANK_HIT,OK,0.6483219999936409,"{""geometry_signature_hash"": 0.6468571000150405, ""identity_and_content_comparison"": 8.100003469735384e-06, ""bank_key_lookup"": 4.999979864805937e-06, ""hit_bank_and_metadata_copy"": 0.0013126999838277698}",0.00013910001143813133,430023168,0,2654208,e8b6ae0a97de23db232d3c2731a642b0e2a238e13590636f803eafb1e23c36b8,evidence/final_snapshot/results/nonlinear_top1cap3_transfer_v1/object_2002/top1_cap3_cache/rep0/result.json,False
eff_nonlinear,2002,a17.efficiency.nonlinear_top1cap3_transfer.v1,ca114ca3dfe212d36bd20f8b34ce3aa01787d5954612bcf50324b92ece06acfa,4,EXACT_GEOMETRY_BANK_HIT,OK,0.6606647000298835,"{""geometry_signature_hash"": 0.6589300000341609, ""identity_and_content_comparison"": 8.400005754083395e-06, ""bank_key_lookup"": 5.499983672052622e-06, ""hit_bank_and_metadata_copy"": 0.0015739999944344163}",0.00014680001186206937,430023168,0,2654208,e8b6ae0a97de23db232d3c2731a642b0e2a238e13590636f803eafb1e23c36b8,evidence/final_snapshot/results/nonlinear_top1cap3_transfer_v1/object_2002/top1_cap3_cache/rep0/result.json,False
eff_nonlinear,2002,a17.efficiency.nonlinear_top1cap3_transfer.v1,ca114ca3dfe212d36bd20f8b34ce3aa01787d5954612bcf50324b92ece06acfa,5,EXACT_GEOMETRY_BANK_HIT,OK,0.6659269999945536,"{""geometry_signature_hash"": 0.6557951999711804, ""identity_and_content_comparison"": 8.700008038431406e-06, ""bank_key_lookup"": 4.8999791033566e-06, ""hit_bank_and_metadata_copy"": 0.009970599960070103}",0.00014760007616132498,430023168,0,2654208,e8b6ae0a97de23db232d3c2731a642b0e2a238e13590636f803eafb1e23c36b8,evidence/final_snapshot/results/nonlinear_top1cap3_transfer_v1/object_2002/top1_cap3_cache/rep0/result.json,False
eff_nonlinear,2002,a17.efficiency.nonlinear_top1cap3_transfer.v1,ca114ca3dfe212d36bd20f8b34ce3aa01787d5954612bcf50324b92ece06acfa,6,EXACT_GEOMETRY_BANK_HIT,OK,0.6559524000040255,"{""geometry_signature_hash"": 0.6543961999705061, ""identity_and_content_comparison"": 8.100003469735384e-06, ""bank_key_lookup"": 5.300040356814861e-06, ""hit_bank_and_metadata_copy"": 0.001404800044838339}",0.0001379999448545277,430023168,0,2654208,e8b6ae0a97de23db232d3c2731a642b0e2a238e13590636f803eafb1e23c36b8,evidence/final_snapshot/results/nonlinear_top1cap3_transfer_v1/object_2002/top1_cap3_cache/rep0/result.json,False
eff_nonlinear,2002,a17.efficiency.nonlinear_top1cap3_transfer.v1,ca114ca3dfe212d36bd20f8b34ce3aa01787d5954612bcf50324b92ece06acfa,7,EXACT_GEOMETRY_BANK_HIT,OK,0.6458401999552734,"{""geometry_signature_hash"": 0.6442360000219196, ""identity_and_content_comparison"": 8.400005754083395e-06, ""bank_key_lookup"": 5.300040356814861e-06, ""hit_bank_and_metadata_copy"": 0.0013544000103138387}",0.00023609987692907453,430023168,0,2654208,e8b6ae0a97de23db232d3c2731a642b0e2a238e13590636f803eafb1e23c36b8,evidence/final_snapshot/results/nonlinear_top1cap3_transfer_v1/object_2002/top1_cap3_cache/rep0/result.json,False
eff_nonlinear,2002,a17.efficiency.nonlinear_top1cap3_transfer.v1,ca114ca3dfe212d36bd20f8b34ce3aa01787d5954612bcf50324b92ece06acfa,8,EXACT_GEOMETRY_BANK_HIT,OK,0.6514767000335269,"{""geometry_signature_hash"": 0.6498798999818973, ""identity_and_content_comparison"": 9.899958968162537e-06, ""bank_key_lookup"": 5.89998671784997e-06, ""hit_bank_and_metadata_copy"": 0.0014383000088855624}",0.00014270009705796838,430023168,0,2654208,e8b6ae0a97de23db232d3c2731a642b0e2a238e13590636f803eafb1e23c36b8,evidence/final_snapshot/results/nonlinear_top1cap3_transfer_v1/object_2002/top1_cap3_cache/rep0/result.json,False
eff_nonlinear,2002,a17.efficiency.nonlinear_top1cap3_transfer.v1,ca114ca3dfe212d36bd20f8b34ce3aa01787d5954612bcf50324b92ece06acfa,9,EXACT_GEOMETRY_BANK_HIT,OK,0.6536777999717742,"{""geometry_signature_hash"": 0.6512077000224963, ""identity_and_content_comparison"": 8.100003469735384e-06, ""bank_key_lookup"": 5.00003807246685e-06, ""hit_bank_and_metadata_copy"": 0.0023087000008672476}",0.0001482999068684876,430023168,0,2654208,e8b6ae0a97de23db232d3c2731a642b0e2a238e13590636f803eafb1e23c36b8,evidence/final_snapshot/results/nonlinear_top1cap3_transfer_v1/object_2002/top1_cap3_cache/rep0/result.json,False
eff_nonlinear,2002,a17.efficiency.nonlinear_top1cap3_transfer.v1,ca114ca3dfe212d36bd20f8b34ce3aa01787d5954612bcf50324b92ece06acfa,10,EXACT_GEOMETRY_BANK_HIT,OK,0.6574752999586053,"{""geometry_signature_hash"": 0.6558490000315942, ""identity_and_content_comparison"": 8.500006515532732e-06, ""bank_key_lookup"": 5.599984433501959e-06, ""hit_bank_and_metadata_copy"": 0.0014590999926440418}",0.00015309994341805577,430023168,0,2654208,e8b6ae0a97de23db232d3c2731a642b0e2a238e13590636f803eafb1e23c36b8,evidence/final_snapshot/results/nonlinear_top1cap3_transfer_v1/object_2002/top1_cap3_cache/rep0/result.json,False
eff_nonlinear,2002,a17.efficiency.nonlinear_top1cap3_transfer.v1,ca114ca3dfe212d36bd20f8b34ce3aa01787d5954612bcf50324b92ece06acfa,11,EXACT_GEOMETRY_BANK_HIT,OK,0.6549410000443459,"{""geometry_signature_hash"": 0.6534715999732725, ""identity_and_content_comparison"": 8.800008799880743e-06, ""bank_key_lookup"": 5.299982149153948e-06, ""hit_bank_and_metadata_copy"": 0.0013153000036254525}",0.00014000007649883628,430023168,0,2654208,e8b6ae0a97de23db232d3c2731a642b0e2a238e13590636f803eafb1e23c36b8,evidence/final_snapshot/results/nonlinear_top1cap3_transfer_v1/object_2002/top1_cap3_cache/rep0/result.json,False
eff_nonlinear,2002,a17.efficiency.nonlinear_top1cap3_transfer.v1,ca114ca3dfe212d36bd20f8b34ce3aa01787d5954612bcf50324b92ece06acfa,12,EXACT_GEOMETRY_BANK_HIT,OK,0.6483338000252843,"{""geometry_signature_hash"": 0.6468864000053145, ""identity_and_content_comparison"": 8.000002708286047e-06, ""bank_key_lookup"": 5.699985194951296e-06, ""hit_bank_and_metadata_copy"": 0.0013049000408500433}",0.00012879999121651053,430023168,0,2654208,e8b6ae0a97de23db232d3c2731a642b0e2a238e13590636f803eafb1e23c36b8,evidence/final_snapshot/results/nonlinear_top1cap3_transfer_v1/object_2002/top1_cap3_cache/rep0/result.json,False
eff_nonlinear,2002,a17.efficiency.nonlinear_top1cap3_transfer.v1,ca114ca3dfe212d36bd20f8b34ce3aa01787d5954612bcf50324b92ece06acfa,13,EXACT_GEOMETRY_BANK_HIT,OK,0.6402506000013091,"{""geometry_signature_hash"": 0.6386048999847844, ""identity_and_content_comparison"": 8.700008038431406e-06, ""bank_key_lookup"": 4.799978341907263e-06, ""hit_bank_and_metadata_copy"": 0.0014896999928168952}",0.0001425000373274088,430023168,0,2654208,e8b6ae0a97de23db232d3c2731a642b0e2a238e13590636f803eafb1e23c36b8,evidence/final_snapshot/results/nonlinear_top1cap3_transfer_v1/object_2002/top1_cap3_cache/rep0/result.json,False
eff_nonlinear,2002,a17.efficiency.nonlinear_top1cap3_transfer.v1,ca114ca3dfe212d36bd20f8b34ce3aa01787d5954612bcf50324b92ece06acfa,14,EXACT_GEOMETRY_BANK_HIT,OK,0.650163300044369,"{""geometry_signature_hash"": 0.6487547000288032, ""identity_and_content_comparison"": 8.90000956133008e-06, ""bank_key_lookup"": 5.699985194951296e-06, ""hit_bank_and_metadata_copy"": 0.001263099955394864}",0.00013090006541460752,430023168,0,2654208,e8b6ae0a97de23db232d3c2731a642b0e2a238e13590636f803eafb1e23c36b8,evidence/final_snapshot/results/nonlinear_top1cap3_transfer_v1/object_2002/top1_cap3_cache/rep0/result.json,False
eff_nonlinear,2002,a17.efficiency.nonlinear_top1cap3_transfer.v1,ca114ca3dfe212d36bd20f8b34ce3aa01787d5954612bcf50324b92ece06acfa,15,EXACT_GEOMETRY_BANK_HIT,OK,0.6468750999774784,"{""geometry_signature_hash"": 0.6453906999668106, ""identity_and_content_comparison"": 8.100003469735384e-06, ""bank_key_lookup"": 4.799978341907263e-06, ""hit_bank_and_metadata_copy"": 0.0013291999930515885}",0.00014230003580451012,430023168,0,2654208,e8b6ae0a97de23db232d3c2731a642b0e2a238e13590636f803eafb1e23c36b8,evidence/final_snapshot/results/nonlinear_top1cap3_transfer_v1/object_2002/top1_cap3_cache/rep0/result.json,False
eff_nonlinear,2002,a17.efficiency.nonlinear_top1cap3_transfer.v1,ca114ca3dfe212d36bd20f8b34ce3aa01787d5954612bcf50324b92ece06acfa,16,EXACT_GEOMETRY_BANK_HIT,OK,0.652193600020837,"{""geometry_signature_hash"": 0.6504335000063293, ""identity_and_content_comparison"": 8.500006515532732e-06, ""bank_key_lookup"": 6.00004568696022e-06, ""hit_bank_and_metadata_copy"": 0.0016055000014603138}",0.0001400999608449638,430023168,0,2654208,e8b6ae0a97de23db232d3c2731a642b0e2a238e13590636f803eafb1e23c36b8,evidence/final_snapshot/results/nonlinear_top1cap3_transfer_v1/object_2002/top1_cap3_cache/rep0/result.json,False
eff_nonlinear,2002,a17.efficiency.nonlinear_top1cap3_transfer.v1,ca114ca3dfe212d36bd20f8b34ce3aa01787d5954612bcf50324b92ece06acfa,17,EXACT_GEOMETRY_BANK_HIT,OK,0.6567647000192665,"{""geometry_signature_hash"": 0.6552839000360109, ""identity_and_content_comparison"": 8.400005754083395e-06, ""bank_key_lookup"": 5.099980626255274e-06, ""hit_bank_and_metadata_copy"": 0.0013297999976202846}",0.00013749999925494194,430023168,0,2654208,e8b6ae0a97de23db232d3c2731a642b0e2a238e13590636f803eafb1e23c36b8,evidence/final_snapshot/results/nonlinear_top1cap3_transfer_v1/object_2002/top1_cap3_cache/rep0/result.json,False
eff_nonlinear,2002,a17.efficiency.nonlinear_top1cap3_transfer.v1,ca114ca3dfe212d36bd20f8b34ce3aa01787d5954612bcf50324b92ece06acfa,18,EXACT_GEOMETRY_BANK_HIT,OK,0.658769299974665,"{""geometry_signature_hash"": 0.6570730999810621, ""identity_and_content_comparison"": 1.0399962775409222e-05, ""bank_key_lookup"": 6.099988240748644e-06, ""hit_bank_and_metadata_copy"": 0.00153929996304214}",0.00014040007954463363,430023168,0,2654208,e8b6ae0a97de23db232d3c2731a642b0e2a238e13590636f803eafb1e23c36b8,evidence/final_snapshot/results/nonlinear_top1cap3_transfer_v1/object_2002/top1_cap3_cache/rep0/result.json,False
eff_nonlinear,2002,a17.efficiency.nonlinear_top1cap3_transfer.v1,ca114ca3dfe212d36bd20f8b34ce3aa01787d5954612bcf50324b92ece06acfa,19,EXACT_GEOMETRY_BANK_HIT,OK,0.6488796999910846,"{""geometry_signature_hash"": 0.6473376000067219, ""identity_and_content_comparison"": 8.700008038431406e-06, ""bank_key_lookup"": 4.999979864805937e-06, ""hit_bank_and_metadata_copy"": 0.0013758999994024634}",0.00015249999705702066,430023168,0,2654208,e8b6ae0a97de23db232d3c2731a642b0e2a238e13590636f803eafb1e23c36b8,evidence/final_snapshot/results/nonlinear_top1cap3_transfer_v1/object_2002/top1_cap3_cache/rep0/result.json,False
eff_nonlinear,2002,a17.efficiency.nonlinear_top1cap3_transfer.v1,ca114ca3dfe212d36bd20f8b34ce3aa01787d5954612bcf50324b92ece06acfa,20,EXACT_GEOMETRY_BANK_HIT,OK,0.666545899992343,"{""geometry_signature_hash"": 0.6651338000083342, ""identity_and_content_comparison"": 8.300004992634058e-06, ""bank_key_lookup"": 5.399982910603285e-06, ""hit_bank_and_metadata_copy"": 0.0012634999584406614}",0.0001349000376649201,430023168,0,2654208,e8b6ae0a97de23db232d3c2731a642b0e2a238e13590636f803eafb1e23c36b8,evidence/final_snapshot/results/nonlinear_top1cap3_transfer_v1/object_2002/top1_cap3_cache/rep0/result.json,False
eff_nonlinear,2002,a17.efficiency.nonlinear_top1cap3_transfer.v1,ca114ca3dfe212d36bd20f8b34ce3aa01787d5954612bcf50324b92ece06acfa,21,EXACT_GEOMETRY_BANK_HIT,OK,0.6495752999908291,"{""geometry_signature_hash"": 0.6480274999630637, ""identity_and_content_comparison"": 8.000002708286047e-06, ""bank_key_lookup"": 4.999979864805937e-06, ""hit_bank_and_metadata_copy"": 0.0013317999546416104}",0.00020300009055063128,430023168,0,2654208,e8b6ae0a97de23db232d3c2731a642b0e2a238e13590636f803eafb1e23c36b8,evidence/final_snapshot/results/nonlinear_top1cap3_transfer_v1/object_2002/top1_cap3_cache/rep0/result.json,False
eff_nonlinear,2002,a17.efficiency.nonlinear_top1cap3_transfer.v1,ca114ca3dfe212d36bd20f8b34ce3aa01787d5954612bcf50324b92ece06acfa,22,EXACT_GEOMETRY_BANK_HIT,OK,0.6474089000257663,"{""geometry_signature_hash"": 0.6461083999602124, ""identity_and_content_comparison"": 8.300004992634058e-06, ""bank_key_lookup"": 5.600042641162872e-06, ""hit_bank_and_metadata_copy"": 0.001157500024419278}",0.00012909999350085855,430023168,0,2654208,e8b6ae0a97de23db232d3c2731a642b0e2a238e13590636f803eafb1e23c36b8,evidence/final_snapshot/results/nonlinear_top1cap3_transfer_v1/object_2002/top1_cap3_cache/rep0/result.json,False
eff_nonlinear,2002,a17.efficiency.nonlinear_top1cap3_transfer.v1,ca114ca3dfe212d36bd20f8b34ce3aa01787d5954612bcf50324b92ece06acfa,23,EXACT_GEOMETRY_BANK_HIT,OK,0.6001527999760583,"{""geometry_signature_hash"": 0.5986205999506637, ""identity_and_content_comparison"": 8.500006515532732e-06, ""bank_key_lookup"": 5.299982149153948e-06, ""hit_bank_and_metadata_copy"": 0.0013766000047326088}",0.00014180003199726343,430023168,0,2654208,e8b6ae0a97de23db232d3c2731a642b0e2a238e13590636f803eafb1e23c36b8,evidence/final_snapshot/results/nonlinear_top1cap3_transfer_v1/object_2002/top1_cap3_cache/rep0/result.json,False
eff_nonlinear,2002,a17.efficiency.nonlinear_top1cap3_transfer.v1,ca114ca3dfe212d36bd20f8b34ce3aa01787d5954612bcf50324b92ece06acfa,24,EXACT_GEOMETRY_BANK_HIT,OK,0.6423289999947883,"{""geometry_signature_hash"": 0.6408063000417314, ""identity_and_content_comparison"": 7.90000194683671e-06, ""bank_key_lookup"": 5.399982910603285e-06, ""hit_bank_and_metadata_copy"": 0.0013790000230073929}",0.000130399945192039,430023168,0,2654208,e8b6ae0a97de23db232d3c2731a642b0e2a238e13590636f803eafb1e23c36b8,evidence/final_snapshot/results/nonlinear_top1cap3_transfer_v1/object_2002/top1_cap3_cache/rep0/result.json,False
eff_nonlinear,2002,a17.efficiency.nonlinear_top1cap3_transfer.v1,ca114ca3dfe212d36bd20f8b34ce3aa01787d5954612bcf50324b92ece06acfa,25,EXACT_GEOMETRY_BANK_HIT,OK,0.6386504999827594,"{""geometry_signature_hash"": 0.6371106999577023, ""identity_and_content_comparison"": 8.90000956133008e-06, ""bank_key_lookup"": 5.199981387704611e-06, ""hit_bank_and_metadata_copy"": 0.00138229998992756}",0.00014340004418045282,430023168,0,2654208,e8b6ae0a97de23db232d3c2731a642b0e2a238e13590636f803eafb1e23c36b8,evidence/final_snapshot/results/nonlinear_top1cap3_transfer_v1/object_2002/top1_cap3_cache/rep0/result.json,False
eff_nonlinear,2002,a17.efficiency.nonlinear_top1cap3_transfer.v1,ca114ca3dfe212d36bd20f8b34ce3aa01787d5954612bcf50324b92ece06acfa,26,EXACT_GEOMETRY_BANK_HIT,OK,0.6363290000008419,"{""geometry_signature_hash"": 0.6347447999869473, ""identity_and_content_comparison"": 1.0299962013959885e-05, ""bank_key_lookup"": 6.200047209858894e-06, ""hit_bank_and_metadata_copy"": 0.0014291999978013337}",0.0001385000068694353,430023168,0,2654208,e8b6ae0a97de23db232d3c2731a642b0e2a238e13590636f803eafb1e23c36b8,evidence/final_snapshot/results/nonlinear_top1cap3_transfer_v1/object_2002/top1_cap3_cache/rep0/result.json,False
eff_nonlinear,2002,a17.efficiency.nonlinear_top1cap3_transfer.v1,ca114ca3dfe212d36bd20f8b34ce3aa01787d5954612bcf50324b92ece06acfa,27,EXACT_GEOMETRY_BANK_HIT,OK,0.6353164999745786,"{""geometry_signature_hash"": 0.6330223000259139, ""identity_and_content_comparison"": 8.90000956133008e-06, ""bank_key_lookup"": 5.599984433501959e-06, ""hit_bank_and_metadata_copy"": 0.00211419997503981}",0.00016549997963011265,430023168,0,2654208,e8b6ae0a97de23db232d3c2731a642b0e2a238e13590636f803eafb1e23c36b8,evidence/final_snapshot/results/nonlinear_top1cap3_transfer_v1/object_2002/top1_cap3_cache/rep0/result.json,False
eff_nonlinear,2002,a17.efficiency.nonlinear_top1cap3_transfer.v1,ca114ca3dfe212d36bd20f8b34ce3aa01787d5954612bcf50324b92ece06acfa,28,EXACT_GEOMETRY_BANK_HIT,OK,0.6412981000030413,"{""geometry_signature_hash"": 0.6395690999925137, ""identity_and_content_comparison"": 8.90000956133008e-06, ""bank_key_lookup"": 5.999987479299307e-06, ""hit_bank_and_metadata_copy"": 0.0015628999681212008}",0.0001512000453658402,430023168,0,2654208,e8b6ae0a97de23db232d3c2731a642b0e2a238e13590636f803eafb1e23c36b8,evidence/final_snapshot/results/nonlinear_top1cap3_transfer_v1/object_2002/top1_cap3_cache/rep0/result.json,False
eff_nonlinear,2002,a17.efficiency.nonlinear_top1cap3_transfer.v1,ca114ca3dfe212d36bd20f8b34ce3aa01787d5954612bcf50324b92ece06acfa,29,EXACT_GEOMETRY_BANK_HIT,OK,0.6427121000015177,"{""geometry_signature_hash"": 0.6411980999982916, ""identity_and_content_comparison"": 8.500006515532732e-06, ""bank_key_lookup"": 4.999979864805937e-06, ""hit_bank_and_metadata_copy"": 0.0013646000297740102}",0.00013589998707175255,430023168,0,2654208,e8b6ae0a97de23db232d3c2731a642b0e2a238e13590636f803eafb1e23c36b8,evidence/final_snapshot/results/nonlinear_top1cap3_transfer_v1/object_2002/top1_cap3_cache/rep0/result.json,False
eff_nonlinear,2002,a17.efficiency.nonlinear_top1cap3_transfer.v1,ca114ca3dfe212d36bd20f8b34ce3aa01787d5954612bcf50324b92ece06acfa,30,EXACT_GEOMETRY_BANK_HIT,OK,0.6530702000018209,"{""geometry_signature_hash"": 0.6516460999846458, ""identity_and_content_comparison"": 9.700015652924776e-06, ""bank_key_lookup"": 6.099988240748644e-06, ""hit_bank_and_metadata_copy"": 0.0012900999863632023}",0.00011820002691820264,430023168,0,2654208,e8b6ae0a97de23db232d3c2731a642b0e2a238e13590636f803eafb1e23c36b8,evidence/final_snapshot/results/nonlinear_top1cap3_transfer_v1/object_2002/top1_cap3_cache/rep0/result.json,False
eff_nonlinear,2002,a17.efficiency.nonlinear_top1cap3_transfer.v1,ca114ca3dfe212d36bd20f8b34ce3aa01787d5954612bcf50324b92ece06acfa,31,EXACT_GEOMETRY_BANK_HIT,OK,0.6493697999976575,"{""geometry_signature_hash"": 0.6478059000219218, ""identity_and_content_comparison"": 7.599999662488699e-06, ""bank_key_lookup"": 4.799978341907263e-06, ""hit_bank_and_metadata_copy"": 0.001416000013705343}",0.0001354999840259552,430023168,0,2654208,e8b6ae0a97de23db232d3c2731a642b0e2a238e13590636f803eafb1e23c36b8,evidence/final_snapshot/results/nonlinear_top1cap3_transfer_v1/object_2002/top1_cap3_cache/rep0/result.json,False
eff_nonlinear,2002,a17.efficiency.nonlinear_top1cap3_transfer.v1,ca114ca3dfe212d36bd20f8b34ce3aa01787d5954612bcf50324b92ece06acfa,32,EXACT_GEOMETRY_BANK_HIT,OK,0.6473189000389539,"{""geometry_signature_hash"": 0.6459040000336245, ""identity_and_content_comparison"": 8.300004992634058e-06, ""bank_key_lookup"": 7.499998901039362e-06, ""hit_bank_and_metadata_copy"": 0.0012716000201180577}",0.00012749998131766915,430023168,0,2654208,e8b6ae0a97de23db232d3c2731a642b0e2a238e13590636f803eafb1e23c36b8,evidence/final_snapshot/results/nonlinear_top1cap3_transfer_v1/object_2002/top1_cap3_cache/rep0/result.json,False
eff_nonlinear,2002,a17.efficiency.nonlinear_top1cap3_transfer.v1,ca114ca3dfe212d36bd20f8b34ce3aa01787d5954612bcf50324b92ece06acfa,33,EXACT_GEOMETRY_BANK_HIT,OK,0.6450920999632217,"{""geometry_signature_hash"": 0.6438055000035092, ""identity_and_content_comparison"": 4.300032742321491e-06, ""bank_key_lookup"": 2.300017513334751e-06, ""hit_bank_and_metadata_copy"": 0.0011675000423565507}",0.0001124998671002686,430023168,0,2654208,e8b6ae0a97de23db232d3c2731a642b0e2a238e13590636f803eafb1e23c36b8,evidence/final_snapshot/results/nonlinear_top1cap3_transfer_v1/object_2002/top1_cap3_cache/rep0/result.json,False
eff_nonlinear,2002,a17.efficiency.nonlinear_top1cap3_transfer.v1,ca114ca3dfe212d36bd20f8b34ce3aa01787d5954612bcf50324b92ece06acfa,34,EXACT_GEOMETRY_BANK_HIT,OK,0.6335816000355408,"{""geometry_signature_hash"": 0.6316350999986753, ""identity_and_content_comparison"": 8.100003469735384e-06, ""bank_key_lookup"": 5.399982910603285e-06, ""hit_bank_and_metadata_copy"": 0.0014967999886721373}",0.00043620006181299686,430023168,0,2654208,e8b6ae0a97de23db232d3c2731a642b0e2a238e13590636f803eafb1e23c36b8,evidence/final_snapshot/results/nonlinear_top1cap3_transfer_v1/object_2002/top1_cap3_cache/rep0/result.json,False
eff_nonlinear,2002,a17.efficiency.nonlinear_top1cap3_transfer.v1,ca114ca3dfe212d36bd20f8b34ce3aa01787d5954612bcf50324b92ece06acfa,35,EXACT_GEOMETRY_BANK_HIT,OK,0.6438343999907374,"{""geometry_signature_hash"": 0.6423267000354826, ""identity_and_content_comparison"": 8.500006515532732e-06, ""bank_key_lookup"": 5.099980626255274e-06, ""hit_bank_and_metadata_copy"": 0.0013527999981306493}",0.00014129996998235583,430023168,0,2654208,e8b6ae0a97de23db232d3c2731a642b0e2a238e13590636f803eafb1e23c36b8,evidence/final_snapshot/results/nonlinear_top1cap3_transfer_v1/object_2002/top1_cap3_cache/rep0/result.json,False
eff_nonlinear,2002,a17.efficiency.nonlinear_top1cap3_transfer.v1,c60a8815de965ad064a0e3f1c982717f13758e3fa0ab673ba87d260653245f93,0,MISS_ORIGINAL_ACQUISITION,OK,5.733639399986714,"{""geometry_signature_hash"": 1.281411100004334, ""identity_and_content_comparison"": 6.900052540004253e-06, ""cache_invalidation"": 1.9000028260052204e-05, ""bank_key_lookup"": 4.100031219422817e-06, ""original_provider_call"": 4.450439099979121, ""first_bank_storage_copy"": 0.0015053999959491193}",0.00025379989529028535,860046336,2654208,0,e8b6ae0a97de23db232d3c2731a642b0e2a238e13590636f803eafb1e23c36b8,evidence/final_snapshot/results/nonlinear_top1cap3_transfer_v1/object_2002/top1_cap3_cache/rep1/result.json,False
eff_nonlinear,2002,a17.efficiency.nonlinear_top1cap3_transfer.v1,c60a8815de965ad064a0e3f1c982717f13758e3fa0ab673ba87d260653245f93,1,EXACT_GEOMETRY_BANK_HIT,OK,0.6508082000073045,"{""geometry_signature_hash"": 0.6493888000259176, ""identity_and_content_comparison"": 8.500006515532732e-06, ""bank_key_lookup"": 4.099973011761904e-06, ""hit_bank_and_metadata_copy"": 0.0012712999596260488}",0.00013550004223361611,430023168,0,2654208,e8b6ae0a97de23db232d3c2731a642b0e2a238e13590636f803eafb1e23c36b8,evidence/final_snapshot/results/nonlinear_top1cap3_transfer_v1/object_2002/top1_cap3_cache/rep1/result.json,False
eff_nonlinear,2002,a17.efficiency.nonlinear_top1cap3_transfer.v1,c60a8815de965ad064a0e3f1c982717f13758e3fa0ab673ba87d260653245f93,2,EXACT_GEOMETRY_BANK_HIT,OK,0.6482152999960817,"{""geometry_signature_hash"": 0.6466463999822736, ""identity_and_content_comparison"": 1.0100018698722124e-05, ""bank_key_lookup"": 5.600042641162872e-06, ""hit_bank_and_metadata_copy"": 0.0014081000117585063}",0.00014509994070976973,430023168,0,2654208,e8b6ae0a97de23db232d3c2731a642b0e2a238e13590636f803eafb1e23c36b8,evidence/final_snapshot/results/nonlinear_top1cap3_transfer_v1/object_2002/top1_cap3_cache/rep1/result.json,False
eff_nonlinear,2002,a17.efficiency.nonlinear_top1cap3_transfer.v1,c60a8815de965ad064a0e3f1c982717f13758e3fa0ab673ba87d260653245f93,3,EXACT_GEOMETRY_BANK_HIT,OK,0.6503386999829672,"{""geometry_signature_hash"": 0.6487405000370927, ""identity_and_content_comparison"": 8.300004992634058e-06, ""bank_key_lookup"": 5.299982149153948e-06, ""hit_bank_and_metadata_copy"": 0.0014319999609142542}",0.00015259999781847,430023168,0,2654208,e8b6ae0a97de23db232d3c2731a642b0e2a238e13590636f803eafb1e23c36b8,evidence/final_snapshot/results/nonlinear_top1cap3_transfer_v1/object_2002/top1_cap3_cache/rep1/result.json,False
eff_nonlinear,2002,a17.efficiency.nonlinear_top1cap3_transfer.v1,c60a8815de965ad064a0e3f1c982717f13758e3fa0ab673ba87d260653245f93,4,EXACT_GEOMETRY_BANK_HIT,OK,0.6398528999998234,"{""geometry_signature_hash"": 0.6382925999932922, ""identity_and_content_comparison"": 9.600014891475439e-06, ""bank_key_lookup"": 5.600042641162872e-06, ""hit_bank_and_metadata_copy"": 0.0014019000227563083}",0.00014319992624223232,430023168,0,2654208,e8b6ae0a97de23db232d3c2731a642b0e2a238e13590636f803eafb1e23c36b8,evidence/final_snapshot/results/nonlinear_top1cap3_transfer_v1/object_2002/top1_cap3_cache/rep1/result.json,False
eff_nonlinear,2002,a17.efficiency.nonlinear_top1cap3_transfer.v1,c60a8815de965ad064a0e3f1c982717f13758e3fa0ab673ba87d260653245f93,5,EXACT_GEOMETRY_BANK_HIT,OK,0.6528279999620281,"{""geometry_signature_hash"": 0.6511159000219777, ""identity_and_content_comparison"": 8.000002708286047e-06, ""bank_key_lookup"": 5.699985194951296e-06, ""hit_bank_and_metadata_copy"": 0.0013553999597206712}",0.0003429999924264848,430023168,0,2654208,e8b6ae0a97de23db232d3c2731a642b0e2a238e13590636f803eafb1e23c36b8,evidence/final_snapshot/results/nonlinear_top1cap3_transfer_v1/object_2002/top1_cap3_cache/rep1/result.json,False
eff_nonlinear,2002,a17.efficiency.nonlinear_top1cap3_transfer.v1,c60a8815de965ad064a0e3f1c982717f13758e3fa0ab673ba87d260653245f93,6,EXACT_GEOMETRY_BANK_HIT,OK,0.6545918000047095,"{""geometry_signature_hash"": 0.652972600015346, ""identity_and_content_comparison"": 9.699957445263863e-06, ""bank_key_lookup"": 5.599984433501959e-06, ""hit_bank_and_metadata_copy"": 0.0014619000139646232}",0.0001420000335201621,430023168,0,2654208,e8b6ae0a97de23db232d3c2731a642b0e2a238e13590636f803eafb1e23c36b8,evidence/final_snapshot/results/nonlinear_top1cap3_transfer_v1/object_2002/top1_cap3_cache/rep1/result.json,False
eff_nonlinear,2002,a17.efficiency.nonlinear_top1cap3_transfer.v1,c60a8815de965ad064a0e3f1c982717f13758e3fa0ab673ba87d260653245f93,7,EXACT_GEOMETRY_BANK_HIT,OK,0.6433785000117496,"{""geometry_signature_hash"": 0.6418191000120714, ""identity_and_content_comparison"": 8.199946023523808e-06, ""bank_key_lookup"": 4.8999791033566e-06, ""hit_bank_and_metadata_copy"": 0.001399700006004423}",0.0001466000685468316,430023168,0,2654208,e8b6ae0a97de23db232d3c2731a642b0e2a238e13590636f803eafb1e23c36b8,evidence/final_snapshot/results/nonlinear_top1cap3_transfer_v1/object_2002/top1_cap3_cache/rep1/result.json,False
eff_nonlinear,2002,a17.efficiency.nonlinear_top1cap3_transfer.v1,c60a8815de965ad064a0e3f1c982717f13758e3fa0ab673ba87d260653245f93,8,EXACT_GEOMETRY_BANK_HIT,OK,0.6499585999990813,"{""geometry_signature_hash"": 0.6483886999776587, ""identity_and_content_comparison"": 9.400013368576765e-06, ""bank_key_lookup"": 5.499983672052622e-06, ""hit_bank_and_metadata_copy"": 0.0014160999562591314}",0.00013890006812289357,430023168,0,2654208,e8b6ae0a97de23db232d3c2731a642b0e2a238e13590636f803eafb1e23c36b8,evidence/final_snapshot/results/nonlinear_top1cap3_transfer_v1/object_2002/top1_cap3_cache/rep1/result.json,False
eff_nonlinear,2002,a17.efficiency.nonlinear_top1cap3_transfer.v1,c60a8815de965ad064a0e3f1c982717f13758e3fa0ab673ba87d260653245f93,9,EXACT_GEOMETRY_BANK_HIT,OK,0.6613737000152469,"{""geometry_signature_hash"": 0.6598804999957792, ""identity_and_content_comparison"": 8.000002708286047e-06, ""bank_key_lookup"": 4.699977580457926e-06, ""hit_bank_and_metadata_copy"": 0.0013405999634414911}",0.00013990007573738694,430023168,0,2654208,e8b6ae0a97de23db232d3c2731a642b0e2a238e13590636f803eafb1e23c36b8,evidence/final_snapshot/results/nonlinear_top1cap3_transfer_v1/object_2002/top1_cap3_cache/rep1/result.json,False
eff_nonlinear,2002,a17.efficiency.nonlinear_top1cap3_transfer.v1,c60a8815de965ad064a0e3f1c982717f13758e3fa0ab673ba87d260653245f93,10,EXACT_GEOMETRY_BANK_HIT,OK,0.6550771000329405,"{""geometry_signature_hash"": 0.6535831000073813, ""identity_and_content_comparison"": 1.0399962775409222e-05, ""bank_key_lookup"": 5.89998671784997e-06, ""hit_bank_and_metadata_copy"": 0.0013311999500729144}",0.00014650012599304318,430023168,0,2654208,e8b6ae0a97de23db232d3c2731a642b0e2a238e13590636f803eafb1e23c36b8,evidence/final_snapshot/results/nonlinear_top1cap3_transfer_v1/object_2002/top1_cap3_cache/rep1/result.json,False
eff_nonlinear,2002,a17.efficiency.nonlinear_top1cap3_transfer.v1,c60a8815de965ad064a0e3f1c982717f13758e3fa0ab673ba87d260653245f93,11,EXACT_GEOMETRY_BANK_HIT,OK,0.6454736999585293,"{""geometry_signature_hash"": 0.6440010999795049, ""identity_and_content_comparison"": 9.600014891475439e-06, ""bank_key_lookup"": 5.299982149153948e-06, ""hit_bank_and_metadata_copy"": 0.001317799964454025}",0.00013990001752972603,430023168,0,2654208,e8b6ae0a97de23db232d3c2731a642b0e2a238e13590636f803eafb1e23c36b8,evidence/final_snapshot/results/nonlinear_top1cap3_transfer_v1/object_2002/top1_cap3_cache/rep1/result.json,False
eff_nonlinear,2002,a17.efficiency.nonlinear_top1cap3_transfer.v1,c60a8815de965ad064a0e3f1c982717f13758e3fa0ab673ba87d260653245f93,12,EXACT_GEOMETRY_BANK_HIT,OK,0.646991599991452,"{""geometry_signature_hash"": 0.6453455000300892, ""identity_and_content_comparison"": 1.0000017937272787e-05, ""bank_key_lookup"": 5.600042641162872e-06, ""hit_bank_and_metadata_copy"": 0.0014838000060990453}",0.0001466998946852982,430023168,0,2654208,e8b6ae0a97de23db232d3c2731a642b0e2a238e13590636f803eafb1e23c36b8,evidence/final_snapshot/results/nonlinear_top1cap3_transfer_v1/object_2002/top1_cap3_cache/rep1/result.json,False
eff_nonlinear,2002,a17.efficiency.nonlinear_top1cap3_transfer.v1,c60a8815de965ad064a0e3f1c982717f13758e3fa0ab673ba87d260653245f93,13,EXACT_GEOMETRY_BANK_HIT,OK,0.6452528999652714,"{""geometry_signature_hash"": 0.643479100021068, ""identity_and_content_comparison"": 8.400005754083395e-06, ""bank_key_lookup"": 5.200039595365524e-06, ""hit_bank_and_metadata_copy"": 0.001604699995368719}",0.00015549990348517895,430023168,0,2654208,e8b6ae0a97de23db232d3c2731a642b0e2a238e13590636f803eafb1e23c36b8,evidence/final_snapshot/results/nonlinear_top1cap3_transfer_v1/object_2002/top1_cap3_cache/rep1/result.json,False
eff_nonlinear,2002,a17.efficiency.nonlinear_top1cap3_transfer.v1,c60a8815de965ad064a0e3f1c982717f13758e3fa0ab673ba87d260653245f93,14,EXACT_GEOMETRY_BANK_HIT,OK,0.6399881000397727,"{""geometry_signature_hash"": 0.638483599992469, ""identity_and_content_comparison"": 9.800016414374113e-06, ""bank_key_lookup"": 5.300040356814861e-06, ""hit_bank_and_metadata_copy"": 0.001352399995084852}",0.00013699999544769526,430023168,0,2654208,e8b6ae0a97de23db232d3c2731a642b0e2a238e13590636f803eafb1e23c36b8,evidence/final_snapshot/results/nonlinear_top1cap3_transfer_v1/object_2002/top1_cap3_cache/rep1/result.json,False
eff_nonlinear,2002,a17.efficiency.nonlinear_top1cap3_transfer.v1,c60a8815de965ad064a0e3f1c982717f13758e3fa0ab673ba87d260653245f93,15,EXACT_GEOMETRY_BANK_HIT,OK,0.6352379000163637,"{""geometry_signature_hash"": 0.6337002000072971, ""identity_and_content_comparison"": 8.200004231184721e-06, ""bank_key_lookup"": 4.699977580457926e-06, ""hit_bank_and_metadata_copy"": 0.0013702999567613006}",0.00015450007049366832,430023168,0,2654208,e8b6ae0a97de23db232d3c2731a642b0e2a238e13590636f803eafb1e23c36b8,evidence/final_snapshot/results/nonlinear_top1cap3_transfer_v1/object_2002/top1_cap3_cache/rep1/result.json,False
eff_nonlinear,2002,a17.efficiency.nonlinear_top1cap3_transfer.v1,c60a8815de965ad064a0e3f1c982717f13758e3fa0ab673ba87d260653245f93,16,EXACT_GEOMETRY_BANK_HIT,OK,0.6489723999984562,"{""geometry_signature_hash"": 0.6473210999974981, ""identity_and_content_comparison"": 8.800008799880743e-06, ""bank_key_lookup"": 5.299982149153948e-06, ""hit_bank_and_metadata_copy"": 0.001506200002040714}",0.00013100000796839595,430023168,0,2654208,e8b6ae0a97de23db232d3c2731a642b0e2a238e13590636f803eafb1e23c36b8,evidence/final_snapshot/results/nonlinear_top1cap3_transfer_v1/object_2002/top1_cap3_cache/rep1/result.json,False
eff_nonlinear,2002,a17.efficiency.nonlinear_top1cap3_transfer.v1,c60a8815de965ad064a0e3f1c982717f13758e3fa0ab673ba87d260653245f93,17,EXACT_GEOMETRY_BANK_HIT,OK,0.6404256999958307,"{""geometry_signature_hash"": 0.6383782000048086, ""identity_and_content_comparison"": 8.100003469735384e-06, ""bank_key_lookup"": 4.999979864805937e-06, ""hit_bank_and_metadata_copy"": 0.0018943999893963337}",0.00014000001829117537,430023168,0,2654208,e8b6ae0a97de23db232d3c2731a642b0e2a238e13590636f803eafb1e23c36b8,evidence/final_snapshot/results/nonlinear_top1cap3_transfer_v1/object_2002/top1_cap3_cache/rep1/result.json,False
eff_nonlinear,2002,a17.efficiency.nonlinear_top1cap3_transfer.v1,c60a8815de965ad064a0e3f1c982717f13758e3fa0ab673ba87d260653245f93,18,EXACT_GEOMETRY_BANK_HIT,OK,0.6467709999997169,"{""geometry_signature_hash"": 0.6453225999721326, ""identity_and_content_comparison"": 9.90001717582345e-06, ""bank_key_lookup"": 6.00004568696022e-06, ""hit_bank_and_metadata_copy"": 0.0012963000335730612}",0.00013619993114843965,430023168,0,2654208,e8b6ae0a97de23db232d3c2731a642b0e2a238e13590636f803eafb1e23c36b8,evidence/final_snapshot/results/nonlinear_top1cap3_transfer_v1/object_2002/top1_cap3_cache/rep1/result.json,False
eff_nonlinear,2002,a17.efficiency.nonlinear_top1cap3_transfer.v1,c60a8815de965ad064a0e3f1c982717f13758e3fa0ab673ba87d260653245f93,19,EXACT_GEOMETRY_BANK_HIT,OK,0.6500082000275142,"{""geometry_signature_hash"": 0.6484155000071041, ""identity_and_content_comparison"": 8.500006515532732e-06, ""bank_key_lookup"": 4.800036549568176e-06, ""hit_bank_and_metadata_copy"": 0.0012940000160597265}",0.0002853999612852931,430023168,0,2654208,e8b6ae0a97de23db232d3c2731a642b0e2a238e13590636f803eafb1e23c36b8,evidence/final_snapshot/results/nonlinear_top1cap3_transfer_v1/object_2002/top1_cap3_cache/rep1/result.json,False
eff_nonlinear,2002,a17.efficiency.nonlinear_top1cap3_transfer.v1,c60a8815de965ad064a0e3f1c982717f13758e3fa0ab673ba87d260653245f93,20,EXACT_GEOMETRY_BANK_HIT,OK,0.6483162000076845,"{""geometry_signature_hash"": 0.6467606999794953, ""identity_and_content_comparison"": 9.599956683814526e-06, ""bank_key_lookup"": 5.89998671784997e-06, ""hit_bank_and_metadata_copy"": 0.0014002000098116696}",0.0001398000749759376,430023168,0,2654208,e8b6ae0a97de23db232d3c2731a642b0e2a238e13590636f803eafb1e23c36b8,evidence/final_snapshot/results/nonlinear_top1cap3_transfer_v1/object_2002/top1_cap3_cache/rep1/result.json,False
eff_nonlinear,2002,a17.efficiency.nonlinear_top1cap3_transfer.v1,c60a8815de965ad064a0e3f1c982717f13758e3fa0ab673ba87d260653245f93,21,EXACT_GEOMETRY_BANK_HIT,OK,0.652224000019487,"{""geometry_signature_hash"": 0.6505233999923803, ""identity_and_content_comparison"": 8.700008038431406e-06, ""bank_key_lookup"": 5.299982149153948e-06, ""hit_bank_and_metadata_copy"": 0.0015297000063583255}",0.0001569000305607915,430023168,0,2654208,e8b6ae0a97de23db232d3c2731a642b0e2a238e13590636f803eafb1e23c36b8,evidence/final_snapshot/results/nonlinear_top1cap3_transfer_v1/object_2002/top1_cap3_cache/rep1/result.json,False
eff_nonlinear,2002,a17.efficiency.nonlinear_top1cap3_transfer.v1,c60a8815de965ad064a0e3f1c982717f13758e3fa0ab673ba87d260653245f93,22,EXACT_GEOMETRY_BANK_HIT,OK,0.6453143999679014,"{""geometry_signature_hash"": 0.6437411999795586, ""identity_and_content_comparison"": 9.899958968162537e-06, ""bank_key_lookup"": 7.299997378140688e-06, ""hit_bank_and_metadata_copy"": 0.0013219999964348972}",0.0002340000355616212,430023168,0,2654208,e8b6ae0a97de23db232d3c2731a642b0e2a238e13590636f803eafb1e23c36b8,evidence/final_snapshot/results/nonlinear_top1cap3_transfer_v1/object_2002/top1_cap3_cache/rep1/result.json,False
eff_nonlinear,2002,a17.efficiency.nonlinear_top1cap3_transfer.v1,c60a8815de965ad064a0e3f1c982717f13758e3fa0ab673ba87d260653245f93,23,EXACT_GEOMETRY_BANK_HIT,OK,0.6566147000412457,"{""geometry_signature_hash"": 0.6543343999655917, ""identity_and_content_comparison"": 9.200011845678091e-06, ""bank_key_lookup"": 6.999995093792677e-06, ""hit_bank_and_metadata_copy"": 0.001776800025254488}",0.0004873000434599817,430023168,0,2654208,e8b6ae0a97de23db232d3c2731a642b0e2a238e13590636f803eafb1e23c36b8,evidence/final_snapshot/results/nonlinear_top1cap3_transfer_v1/object_2002/top1_cap3_cache/rep1/result.json,False
eff_nonlinear,2002,a17.efficiency.nonlinear_top1cap3_transfer.v1,c60a8815de965ad064a0e3f1c982717f13758e3fa0ab673ba87d260653245f93,24,EXACT_GEOMETRY_BANK_HIT,OK,0.650503300013952,"{""geometry_signature_hash"": 0.6489716999931261, ""identity_and_content_comparison"": 9.599956683814526e-06, ""bank_key_lookup"": 5.599984433501959e-06, ""hit_bank_and_metadata_copy"": 0.0013768000062555075}",0.00013960007345303893,430023168,0,2654208,e8b6ae0a97de23db232d3c2731a642b0e2a238e13590636f803eafb1e23c36b8,evidence/final_snapshot/results/nonlinear_top1cap3_transfer_v1/object_2002/top1_cap3_cache/rep1/result.json,False
eff_nonlinear,2002,a17.efficiency.nonlinear_top1cap3_transfer.v1,c60a8815de965ad064a0e3f1c982717f13758e3fa0ab673ba87d260653245f93,25,EXACT_GEOMETRY_BANK_HIT,OK,0.6437338999821804,"{""geometry_signature_hash"": 0.6422721000271849, ""identity_and_content_comparison"": 8.400005754083395e-06, ""bank_key_lookup"": 5.00003807246685e-06, ""hit_bank_and_metadata_copy"": 0.0012858000118285418}",0.00016259989934042096,430023168,0,2654208,e8b6ae0a97de23db232d3c2731a642b0e2a238e13590636f803eafb1e23c36b8,evidence/final_snapshot/results/nonlinear_top1cap3_transfer_v1/object_2002/top1_cap3_cache/rep1/result.json,False
eff_nonlinear,2002,a17.efficiency.nonlinear_top1cap3_transfer.v1,c60a8815de965ad064a0e3f1c982717f13758e3fa0ab673ba87d260653245f93,26,EXACT_GEOMETRY_BANK_HIT,OK,0.6617083000019193,"{""geometry_signature_hash"": 0.6608145000063814, ""identity_and_content_comparison"": 9.999959729611874e-06, ""bank_key_lookup"": 6.00004568696022e-06, ""hit_bank_and_metadata_copy"": 0.0007425000076182187}",0.00013529998250305653,430023168,0,2654208,e8b6ae0a97de23db232d3c2731a642b0e2a238e13590636f803eafb1e23c36b8,evidence/final_snapshot/results/nonlinear_top1cap3_transfer_v1/object_2002/top1_cap3_cache/rep1/result.json,False
eff_nonlinear,2002,a17.efficiency.nonlinear_top1cap3_transfer.v1,c60a8815de965ad064a0e3f1c982717f13758e3fa0ab673ba87d260653245f93,27,EXACT_GEOMETRY_BANK_HIT,OK,0.6389618999673985,"{""geometry_signature_hash"": 0.6374428999843076, ""identity_and_content_comparison"": 8.199946023523808e-06, ""bank_key_lookup"": 4.800036549568176e-06, ""hit_bank_and_metadata_copy"": 0.001362500013783574}",0.00014349998673424125,430023168,0,2654208,e8b6ae0a97de23db232d3c2731a642b0e2a238e13590636f803eafb1e23c36b8,evidence/final_snapshot/results/nonlinear_top1cap3_transfer_v1/object_2002/top1_cap3_cache/rep1/result.json,False
eff_nonlinear,2002,a17.efficiency.nonlinear_top1cap3_transfer.v1,c60a8815de965ad064a0e3f1c982717f13758e3fa0ab673ba87d260653245f93,28,EXACT_GEOMETRY_BANK_HIT,OK,0.6478226999752223,"{""geometry_signature_hash"": 0.6460204999893904, ""identity_and_content_comparison"": 1.0000017937272787e-05, ""bank_key_lookup"": 5.399982910603285e-06, ""hit_bank_and_metadata_copy"": 0.0016306000179611146}",0.00015619996702298522,430023168,0,2654208,e8b6ae0a97de23db232d3c2731a642b0e2a238e13590636f803eafb1e23c36b8,evidence/final_snapshot/results/nonlinear_top1cap3_transfer_v1/object_2002/top1_cap3_cache/rep1/result.json,False
eff_nonlinear,2002,a17.efficiency.nonlinear_top1cap3_transfer.v1,c60a8815de965ad064a0e3f1c982717f13758e3fa0ab673ba87d260653245f93,29,EXACT_GEOMETRY_BANK_HIT,OK,0.642018000013195,"{""geometry_signature_hash"": 0.6398733000387438, ""identity_and_content_comparison"": 6.619998021051288e-05, ""bank_key_lookup"": 4.900037311017513e-06, ""hit_bank_and_metadata_copy"": 0.001923800038639456}",0.00014979991829022765,430023168,0,2654208,e8b6ae0a97de23db232d3c2731a642b0e2a238e13590636f803eafb1e23c36b8,evidence/final_snapshot/results/nonlinear_top1cap3_transfer_v1/object_2002/top1_cap3_cache/rep1/result.json,False
eff_nonlinear,2002,a17.efficiency.nonlinear_top1cap3_transfer.v1,c60a8815de965ad064a0e3f1c982717f13758e3fa0ab673ba87d260653245f93,30,EXACT_GEOMETRY_BANK_HIT,OK,0.6473972999956459,"{""geometry_signature_hash"": 0.6459581999806687, ""identity_and_content_comparison"": 9.500014130026102e-06, ""bank_key_lookup"": 5.800044164061546e-06, ""hit_bank_and_metadata_copy"": 0.0012946000206284225}",0.00012919993605464697,430023168,0,2654208,e8b6ae0a97de23db232d3c2731a642b0e2a238e13590636f803eafb1e23c36b8,evidence/final_snapshot/results/nonlinear_top1cap3_transfer_v1/object_2002/top1_cap3_cache/rep1/result.json,False
eff_nonlinear,2002,a17.efficiency.nonlinear_top1cap3_transfer.v1,c60a8815de965ad064a0e3f1c982717f13758e3fa0ab673ba87d260653245f93,31,EXACT_GEOMETRY_BANK_HIT,OK,0.6536874999874271,"{""geometry_signature_hash"": 0.6521949999732897, ""identity_and_content_comparison"": 8.500006515532732e-06, ""bank_key_lookup"": 4.8999791033566e-06, ""hit_bank_and_metadata_copy"": 0.0013370999949984252}",0.0001420000335201621,430023168,0,2654208,e8b6ae0a97de23db232d3c2731a642b0e2a238e13590636f803eafb1e23c36b8,evidence/final_snapshot/results/nonlinear_top1cap3_transfer_v1/object_2002/top1_cap3_cache/rep1/result.json,False
eff_nonlinear,2002,a17.efficiency.nonlinear_top1cap3_transfer.v1,c60a8815de965ad064a0e3f1c982717f13758e3fa0ab673ba87d260653245f93,32,EXACT_GEOMETRY_BANK_HIT,OK,0.6466523999697529,"{""geometry_signature_hash"": 0.6451231999672018, ""identity_and_content_comparison"": 1.0199961252510548e-05, ""bank_key_lookup"": 5.799985956400633e-06, ""hit_bank_and_metadata_copy"": 0.0013820999884046614}",0.0001311000669375062,430023168,0,2654208,e8b6ae0a97de23db232d3c2731a642b0e2a238e13590636f803eafb1e23c36b8,evidence/final_snapshot/results/nonlinear_top1cap3_transfer_v1/object_2002/top1_cap3_cache/rep1/result.json,False
eff_nonlinear,2002,a17.efficiency.nonlinear_top1cap3_transfer.v1,c60a8815de965ad064a0e3f1c982717f13758e3fa0ab673ba87d260653245f93,33,EXACT_GEOMETRY_BANK_HIT,OK,0.6453052000142634,"{""geometry_signature_hash"": 0.6437059000018053, ""identity_and_content_comparison"": 9.300012607127428e-06, ""bank_key_lookup"": 7.90000194683671e-06, ""hit_bank_and_metadata_copy"": 0.001324599958024919}",0.00025750003987923265,430023168,0,2654208,e8b6ae0a97de23db232d3c2731a642b0e2a238e13590636f803eafb1e23c36b8,evidence/final_snapshot/results/nonlinear_top1cap3_transfer_v1/object_2002/top1_cap3_cache/rep1/result.json,False
eff_nonlinear,2002,a17.efficiency.nonlinear_top1cap3_transfer.v1,c60a8815de965ad064a0e3f1c982717f13758e3fa0ab673ba87d260653245f93,34,EXACT_GEOMETRY_BANK_HIT,OK,0.6581269000307657,"{""geometry_signature_hash"": 0.6566458999877796, ""identity_and_content_comparison"": 9.800016414374113e-06, ""bank_key_lookup"": 5.800044164061546e-06, ""hit_bank_and_metadata_copy"": 0.0013357000425457954}",0.00012969993986189365,430023168,0,2654208,e8b6ae0a97de23db232d3c2731a642b0e2a238e13590636f803eafb1e23c36b8,evidence/final_snapshot/results/nonlinear_top1cap3_transfer_v1/object_2002/top1_cap3_cache/rep1/result.json,False
eff_nonlinear,2002,a17.efficiency.nonlinear_top1cap3_transfer.v1,c60a8815de965ad064a0e3f1c982717f13758e3fa0ab673ba87d260653245f93,35,EXACT_GEOMETRY_BANK_HIT,OK,0.6451431000023149,"{""geometry_signature_hash"": 0.6436029000324197, ""identity_and_content_comparison"": 8.200004231184721e-06, ""bank_key_lookup"": 5.200039595365524e-06, ""hit_bank_and_metadata_copy"": 0.0013887000386603177}",0.00013809988740831614,430023168,0,2654208,e8b6ae0a97de23db232d3c2731a642b0e2a238e13590636f803eafb1e23c36b8,evidence/final_snapshot/results/nonlinear_top1cap3_transfer_v1/object_2002/top1_cap3_cache/rep1/result.json,False
eff_nonlinear,2002,a17.efficiency.nonlinear_top1cap3_transfer.v1,4613a5bb0adb9d17646d77c3f45aa304dde9641d101b6d2afc9613a7913f789d,0,MISS_ORIGINAL_ACQUISITION,OK,5.7651588000007905,"{""geometry_signature_hash"": 1.288009499956388, ""identity_and_content_comparison"": 5.89998671784997e-06, ""cache_invalidation"": 1.8600025214254856e-05, ""bank_key_lookup"": 3.4999684430658817e-06, ""original_provider_call"": 4.475162299990188, ""first_bank_storage_copy"": 0.0017115999944508076}",0.00024740007938817143,860046336,2654208,0,e8b6ae0a97de23db232d3c2731a642b0e2a238e13590636f803eafb1e23c36b8,evidence/final_snapshot/results/nonlinear_top1cap3_transfer_v1/object_2002/top1_cap3_cache/rep2/result.json,False
eff_nonlinear,2002,a17.efficiency.nonlinear_top1cap3_transfer.v1,4613a5bb0adb9d17646d77c3f45aa304dde9641d101b6d2afc9613a7913f789d,1,EXACT_GEOMETRY_BANK_HIT,OK,0.6520573000307195,"{""geometry_signature_hash"": 0.6504770999890752, ""identity_and_content_comparison"": 8.300004992634058e-06, ""bank_key_lookup"": 4.399975296109915e-06, ""hit_bank_and_metadata_copy"": 0.0014213999966159463}",0.00014610006473958492,430023168,0,2654208,e8b6ae0a97de23db232d3c2731a642b0e2a238e13590636f803eafb1e23c36b8,evidence/final_snapshot/results/nonlinear_top1cap3_transfer_v1/object_2002/top1_cap3_cache/rep2/result.json,False
eff_nonlinear,2002,a17.efficiency.nonlinear_top1cap3_transfer.v1,4613a5bb0adb9d17646d77c3f45aa304dde9641d101b6d2afc9613a7913f789d,2,EXACT_GEOMETRY_BANK_HIT,OK,0.641047700017225,"{""geometry_signature_hash"": 0.6394180000061169, ""identity_and_content_comparison"": 8.400005754083395e-06, ""bank_key_lookup"": 7.499998901039362e-06, ""hit_bank_and_metadata_copy"": 0.0014785000239498913}",0.00013529998250305653,430023168,0,2654208,e8b6ae0a97de23db232d3c2731a642b0e2a238e13590636f803eafb1e23c36b8,evidence/final_snapshot/results/nonlinear_top1cap3_transfer_v1/object_2002/top1_cap3_cache/rep2/result.json,False
eff_nonlinear,2002,a17.efficiency.nonlinear_top1cap3_transfer.v1,4613a5bb0adb9d17646d77c3f45aa304dde9641d101b6d2afc9613a7913f789d,3,EXACT_GEOMETRY_BANK_HIT,OK,0.6444336000131443,"{""geometry_signature_hash"": 0.6425854000262916, ""identity_and_content_comparison"": 8.500006515532732e-06, ""bank_key_lookup"": 4.999979864805937e-06, ""hit_bank_and_metadata_copy"": 0.0016884999931789935}",0.00014620000729337335,430023168,0,2654208,e8b6ae0a97de23db232d3c2731a642b0e2a238e13590636f803eafb1e23c36b8,evidence/final_snapshot/results/nonlinear_top1cap3_transfer_v1/object_2002/top1_cap3_cache/rep2/result.json,False
eff_nonlinear,2002,a17.efficiency.nonlinear_top1cap3_transfer.v1,4613a5bb0adb9d17646d77c3f45aa304dde9641d101b6d2afc9613a7913f789d,4,EXACT_GEOMETRY_BANK_HIT,OK,0.6487989999586716,"{""geometry_signature_hash"": 0.6469940000097267, ""identity_and_content_comparison"": 8.100003469735384e-06, ""bank_key_lookup"": 6.599992047995329e-06, ""hit_bank_and_metadata_copy"": 0.0016420999891124666}",0.00014819996431469917,430023168,0,2654208,e8b6ae0a97de23db232d3c2731a642b0e2a238e13590636f803eafb1e23c36b8,evidence/final_snapshot/results/nonlinear_top1cap3_transfer_v1/object_2002/top1_cap3_cache/rep2/result.json,False
eff_nonlinear,2002,a17.efficiency.nonlinear_top1cap3_transfer.v1,4613a5bb0adb9d17646d77c3f45aa304dde9641d101b6d2afc9613a7913f789d,5,EXACT_GEOMETRY_BANK_HIT,OK,0.6131541999639012,"{""geometry_signature_hash"": 0.6116895999875851, ""identity_and_content_comparison"": 8.600007276982069e-06, ""bank_key_lookup"": 5.499983672052622e-06, ""hit_bank_and_metadata_copy"": 0.0013039999757893384}",0.00014650000957772136,430023168,0,2654208,e8b6ae0a97de23db232d3c2731a642b0e2a238e13590636f803eafb1e23c36b8,evidence/final_snapshot/results/nonlinear_top1cap3_transfer_v1/object_2002/top1_cap3_cache/rep2/result.json,False
eff_nonlinear,2002,a17.efficiency.nonlinear_top1cap3_transfer.v1,4613a5bb0adb9d17646d77c3f45aa304dde9641d101b6d2afc9613a7913f789d,6,EXACT_GEOMETRY_BANK_HIT,OK,0.6353789999848232,"{""geometry_signature_hash"": 0.6339508999953978, ""identity_and_content_comparison"": 3.900029696524143e-06, ""bank_key_lookup"": 5.599984433501959e-06, ""hit_bank_and_metadata_copy"": 0.0013064999948255718}",0.00011209998046979308,430023168,0,2654208,e8b6ae0a97de23db232d3c2731a642b0e2a238e13590636f803eafb1e23c36b8,evidence/final_snapshot/results/nonlinear_top1cap3_transfer_v1/object_2002/top1_cap3_cache/rep2/result.json,False
eff_nonlinear,2002,a17.efficiency.nonlinear_top1cap3_transfer.v1,4613a5bb0adb9d17646d77c3f45aa304dde9641d101b6d2afc9613a7913f789d,7,EXACT_GEOMETRY_BANK_HIT,OK,0.6478357999585569,"{""geometry_signature_hash"": 0.6461804999853484, ""identity_and_content_comparison"": 1.0200019460171461e-05, ""bank_key_lookup"": 5.399982910603285e-06, ""hit_bank_and_metadata_copy"": 0.0013761000009253621}",0.0002635999699123204,430023168,0,2654208,e8b6ae0a97de23db232d3c2731a642b0e2a238e13590636f803eafb1e23c36b8,evidence/final_snapshot/results/nonlinear_top1cap3_transfer_v1/object_2002/top1_cap3_cache/rep2/result.json,False
eff_nonlinear,2002,a17.efficiency.nonlinear_top1cap3_transfer.v1,4613a5bb0adb9d17646d77c3f45aa304dde9641d101b6d2afc9613a7913f789d,8,EXACT_GEOMETRY_BANK_HIT,OK,0.6493485999526456,"{""geometry_signature_hash"": 0.6477816000115126, ""identity_and_content_comparison"": 7.90000194683671e-06, ""bank_key_lookup"": 7.299997378140688e-06, ""hit_bank_and_metadata_copy"": 0.001413299993146211}",0.0001384999486617744,430023168,0,2654208,e8b6ae0a97de23db232d3c2731a642b0e2a238e13590636f803eafb1e23c36b8,evidence/final_snapshot/results/nonlinear_top1cap3_transfer_v1/object_2002/top1_cap3_cache/rep2/result.json,False
eff_nonlinear,2002,a17.efficiency.nonlinear_top1cap3_transfer.v1,4613a5bb0adb9d17646d77c3f45aa304dde9641d101b6d2afc9613a7913f789d,9,EXACT_GEOMETRY_BANK_HIT,OK,0.6460342999780551,"{""geometry_signature_hash"": 0.6444515999755822, ""identity_and_content_comparison"": 7.90000194683671e-06, ""bank_key_lookup"": 4.999979864805937e-06, ""hit_bank_and_metadata_copy"": 0.0014313999563455582}",0.0001384000643156469,430023168,0,2654208,e8b6ae0a97de23db232d3c2731a642b0e2a238e13590636f803eafb1e23c36b8,evidence/final_snapshot/results/nonlinear_top1cap3_transfer_v1/object_2002/top1_cap3_cache/rep2/result.json,False
eff_nonlinear,2002,a17.efficiency.nonlinear_top1cap3_transfer.v1,4613a5bb0adb9d17646d77c3f45aa304dde9641d101b6d2afc9613a7913f789d,10,EXACT_GEOMETRY_BANK_HIT,OK,0.6422286999877542,"{""geometry_signature_hash"": 0.6407000999897718, ""identity_and_content_comparison"": 1.0200019460171461e-05, ""bank_key_lookup"": 6.999995093792677e-06, ""hit_bank_and_metadata_copy"": 0.0013707999605685472}",0.0001406000228598714,430023168,0,2654208,e8b6ae0a97de23db232d3c2731a642b0e2a238e13590636f803eafb1e23c36b8,evidence/final_snapshot/results/nonlinear_top1cap3_transfer_v1/object_2002/top1_cap3_cache/rep2/result.json,False
eff_nonlinear,2002,a17.efficiency.nonlinear_top1cap3_transfer.v1,4613a5bb0adb9d17646d77c3f45aa304dde9641d101b6d2afc9613a7913f789d,11,EXACT_GEOMETRY_BANK_HIT,OK,0.6458427000325173,"{""geometry_signature_hash"": 0.6443422000156716, ""identity_and_content_comparison"": 8.500006515532732e-06, ""bank_key_lookup"": 4.799978341907263e-06, ""hit_bank_and_metadata_copy"": 0.0013482999638654292}",0.00013890006812289357,430023168,0,2654208,e8b6ae0a97de23db232d3c2731a642b0e2a238e13590636f803eafb1e23c36b8,evidence/final_snapshot/results/nonlinear_top1cap3_transfer_v1/object_2002/top1_cap3_cache/rep2/result.json,False
eff_nonlinear,2002,a17.efficiency.nonlinear_top1cap3_transfer.v1,4613a5bb0adb9d17646d77c3f45aa304dde9641d101b6d2afc9613a7913f789d,12,EXACT_GEOMETRY_BANK_HIT,OK,0.6464890000061132,"{""geometry_signature_hash"": 0.644997900002636, ""identity_and_content_comparison"": 8.000002708286047e-06, ""bank_key_lookup"": 6.299989763647318e-06, ""hit_bank_and_metadata_copy"": 0.0013413999695330858}",0.00013540004147216678,430023168,0,2654208,e8b6ae0a97de23db232d3c2731a642b0e2a238e13590636f803eafb1e23c36b8,evidence/final_snapshot/results/nonlinear_top1cap3_transfer_v1/object_2002/top1_cap3_cache/rep2/result.json,False
eff_nonlinear,2002,a17.efficiency.nonlinear_top1cap3_transfer.v1,4613a5bb0adb9d17646d77c3f45aa304dde9641d101b6d2afc9613a7913f789d,13,EXACT_GEOMETRY_BANK_HIT,OK,0.63492739998037,"{""geometry_signature_hash"": 0.6332192000118084, ""identity_and_content_comparison"": 8.400005754083395e-06, ""bank_key_lookup"": 5.099980626255274e-06, ""hit_bank_and_metadata_copy"": 0.0015576999867334962}",0.00013699999544769526,430023168,0,2654208,e8b6ae0a97de23db232d3c2731a642b0e2a238e13590636f803eafb1e23c36b8,evidence/final_snapshot/results/nonlinear_top1cap3_transfer_v1/object_2002/top1_cap3_cache/rep2/result.json,False
eff_nonlinear,2002,a17.efficiency.nonlinear_top1cap3_transfer.v1,4613a5bb0adb9d17646d77c3f45aa304dde9641d101b6d2afc9613a7913f789d,14,EXACT_GEOMETRY_BANK_HIT,OK,0.651470800046809,"{""geometry_signature_hash"": 0.6499210000038147, ""identity_and_content_comparison"": 8.000002708286047e-06, ""bank_key_lookup"": 6.599992047995329e-06, ""hit_bank_and_metadata_copy"": 0.0014029000303708017}",0.00013230001786723733,430023168,0,2654208,e8b6ae0a97de23db232d3c2731a642b0e2a238e13590636f803eafb1e23c36b8,evidence/final_snapshot/results/nonlinear_top1cap3_transfer_v1/object_2002/top1_cap3_cache/rep2/result.json,False
eff_nonlinear,2002,a17.efficiency.nonlinear_top1cap3_transfer.v1,4613a5bb0adb9d17646d77c3f45aa304dde9641d101b6d2afc9613a7913f789d,15,EXACT_GEOMETRY_BANK_HIT,OK,0.6494071999914013,"{""geometry_signature_hash"": 0.6478529000305571, ""identity_and_content_comparison"": 8.699949830770493e-06, ""bank_key_lookup"": 5.100038833916187e-06, ""hit_bank_and_metadata_copy"": 0.0013984999968670309}",0.0001419999753125012,430023168,0,2654208,e8b6ae0a97de23db232d3c2731a642b0e2a238e13590636f803eafb1e23c36b8,evidence/final_snapshot/results/nonlinear_top1cap3_transfer_v1/object_2002/top1_cap3_cache/rep2/result.json,False
eff_nonlinear,2002,a17.efficiency.nonlinear_top1cap3_transfer.v1,4613a5bb0adb9d17646d77c3f45aa304dde9641d101b6d2afc9613a7913f789d,16,EXACT_GEOMETRY_BANK_HIT,OK,0.6497056999942288,"{""geometry_signature_hash"": 0.6482735000317916, ""identity_and_content_comparison"": 7.599999662488699e-06, ""bank_key_lookup"": 6.299989763647318e-06, ""hit_bank_and_metadata_copy"": 0.001291799999307841}",0.00012649997370317578,430023168,0,2654208,e8b6ae0a97de23db232d3c2731a642b0e2a238e13590636f803eafb1e23c36b8,evidence/final_snapshot/results/nonlinear_top1cap3_transfer_v1/object_2002/top1_cap3_cache/rep2/result.json,False
eff_nonlinear,2002,a17.efficiency.nonlinear_top1cap3_transfer.v1,4613a5bb0adb9d17646d77c3f45aa304dde9641d101b6d2afc9613a7913f789d,17,EXACT_GEOMETRY_BANK_HIT,OK,0.6435780000174418,"{""geometry_signature_hash"": 0.6420362999779172, ""identity_and_content_comparison"": 8.300004992634058e-06, ""bank_key_lookup"": 5.299982149153948e-06, ""hit_bank_and_metadata_copy"": 0.0013876999728381634}",0.00014040007954463363,430023168,0,2654208,e8b6ae0a97de23db232d3c2731a642b0e2a238e13590636f803eafb1e23c36b8,evidence/final_snapshot/results/nonlinear_top1cap3_transfer_v1/object_2002/top1_cap3_cache/rep2/result.json,False
eff_nonlinear,2002,a17.efficiency.nonlinear_top1cap3_transfer.v1,4613a5bb0adb9d17646d77c3f45aa304dde9641d101b6d2afc9613a7913f789d,18,EXACT_GEOMETRY_BANK_HIT,OK,0.6477184999966994,"{""geometry_signature_hash"": 0.6461911999504082, ""identity_and_content_comparison"": 8.500006515532732e-06, ""bank_key_lookup"": 8.100003469735384e-06, ""hit_bank_and_metadata_copy"": 0.0013584999833256006}",0.00015220005298033357,430023168,0,2654208,e8b6ae0a97de23db232d3c2731a642b0e2a238e13590636f803eafb1e23c36b8,evidence/final_snapshot/results/nonlinear_top1cap3_transfer_v1/object_2002/top1_cap3_cache/rep2/result.json,False
eff_nonlinear,2002,a17.efficiency.nonlinear_top1cap3_transfer.v1,4613a5bb0adb9d17646d77c3f45aa304dde9641d101b6d2afc9613a7913f789d,19,EXACT_GEOMETRY_BANK_HIT,OK,0.634258400008548,"{""geometry_signature_hash"": 0.6327383000170812, ""identity_and_content_comparison"": 8.000002708286047e-06, ""bank_key_lookup"": 5.199981387704611e-06, ""hit_bank_and_metadata_copy"": 0.0013678999966941774}",0.000139000010676682,430023168,0,2654208,e8b6ae0a97de23db232d3c2731a642b0e2a238e13590636f803eafb1e23c36b8,evidence/final_snapshot/results/nonlinear_top1cap3_transfer_v1/object_2002/top1_cap3_cache/rep2/result.json,False
eff_nonlinear,2002,a17.efficiency.nonlinear_top1cap3_transfer.v1,4613a5bb0adb9d17646d77c3f45aa304dde9641d101b6d2afc9613a7913f789d,20,EXACT_GEOMETRY_BANK_HIT,OK,0.6360581999761052,"{""geometry_signature_hash"": 0.6345557000022382, ""identity_and_content_comparison"": 9.7999582067132e-06, ""bank_key_lookup"": 6.89999433234334e-06, ""hit_bank_and_metadata_copy"": 0.0012964000343345106}",0.00018939998699352145,430023168,0,2654208,e8b6ae0a97de23db232d3c2731a642b0e2a238e13590636f803eafb1e23c36b8,evidence/final_snapshot/results/nonlinear_top1cap3_transfer_v1/object_2002/top1_cap3_cache/rep2/result.json,False
eff_nonlinear,2002,a17.efficiency.nonlinear_top1cap3_transfer.v1,4613a5bb0adb9d17646d77c3f45aa304dde9641d101b6d2afc9613a7913f789d,21,EXACT_GEOMETRY_BANK_HIT,OK,0.6400331999757327,"{""geometry_signature_hash"": 0.6377745000063442, ""identity_and_content_comparison"": 7.90000194683671e-06, ""bank_key_lookup"": 5.300040356814861e-06, ""hit_bank_and_metadata_copy"": 0.002101200050674379}",0.00014429987641051412,430023168,0,2654208,e8b6ae0a97de23db232d3c2731a642b0e2a238e13590636f803eafb1e23c36b8,evidence/final_snapshot/results/nonlinear_top1cap3_transfer_v1/object_2002/top1_cap3_cache/rep2/result.json,False
eff_nonlinear,2002,a17.efficiency.nonlinear_top1cap3_transfer.v1,4613a5bb0adb9d17646d77c3f45aa304dde9641d101b6d2afc9613a7913f789d,22,EXACT_GEOMETRY_BANK_HIT,OK,0.6456422000192106,"{""geometry_signature_hash"": 0.6442246999940835, ""identity_and_content_comparison"": 8.100003469735384e-06, ""bank_key_lookup"": 7.299997378140688e-06, ""hit_bank_and_metadata_copy"": 0.001263100013602525}",0.000139000010676682,430023168,0,2654208,e8b6ae0a97de23db232d3c2731a642b0e2a238e13590636f803eafb1e23c36b8,evidence/final_snapshot/results/nonlinear_top1cap3_transfer_v1/object_2002/top1_cap3_cache/rep2/result.json,False
eff_nonlinear,2002,a17.efficiency.nonlinear_top1cap3_transfer.v1,4613a5bb0adb9d17646d77c3f45aa304dde9641d101b6d2afc9613a7913f789d,23,EXACT_GEOMETRY_BANK_HIT,OK,0.6350757000036538,"{""geometry_signature_hash"": 0.6334973000339232, ""identity_and_content_comparison"": 1.0700023267418146e-05, ""bank_key_lookup"": 5.299982149153948e-06, ""hit_bank_and_metadata_copy"": 0.0013455000007525086}",0.00021689996356144547,430023168,0,2654208,e8b6ae0a97de23db232d3c2731a642b0e2a238e13590636f803eafb1e23c36b8,evidence/final_snapshot/results/nonlinear_top1cap3_transfer_v1/object_2002/top1_cap3_cache/rep2/result.json,False
eff_nonlinear,2002,a17.efficiency.nonlinear_top1cap3_transfer.v1,4613a5bb0adb9d17646d77c3f45aa304dde9641d101b6d2afc9613a7913f789d,24,EXACT_GEOMETRY_BANK_HIT,OK,0.6527748000225984,"{""geometry_signature_hash"": 0.6513155000284314, ""identity_and_content_comparison"": 8.700008038431406e-06, ""bank_key_lookup"": 6.499991286545992e-06, ""hit_bank_and_metadata_copy"": 0.0012975999852642417}",0.00014650000957772136,430023168,0,2654208,e8b6ae0a97de23db232d3c2731a642b0e2a238e13590636f803eafb1e23c36b8,evidence/final_snapshot/results/nonlinear_top1cap3_transfer_v1/object_2002/top1_cap3_cache/rep2/result.json,False
eff_nonlinear,2002,a17.efficiency.nonlinear_top1cap3_transfer.v1,4613a5bb0adb9d17646d77c3f45aa304dde9641d101b6d2afc9613a7913f789d,25,EXACT_GEOMETRY_BANK_HIT,OK,0.6448450000025332,"{""geometry_signature_hash"": 0.6433766999980435, ""identity_and_content_comparison"": 4.18000272475183e-05, ""bank_key_lookup"": 5.500041879713535e-06, ""hit_bank_and_metadata_copy"": 0.0012777000083588064}",0.00014329992700368166,430023168,0,2654208,e8b6ae0a97de23db232d3c2731a642b0e2a238e13590636f803eafb1e23c36b8,evidence/final_snapshot/results/nonlinear_top1cap3_transfer_v1/object_2002/top1_cap3_cache/rep2/result.json,False
eff_nonlinear,2002,a17.efficiency.nonlinear_top1cap3_transfer.v1,4613a5bb0adb9d17646d77c3f45aa304dde9641d101b6d2afc9613a7913f789d,26,EXACT_GEOMETRY_BANK_HIT,OK,0.6574507000041194,"{""geometry_signature_hash"": 0.6559451000066474, ""identity_and_content_comparison"": 8.800008799880743e-06, ""bank_key_lookup"": 7.099995855242014e-06, ""hit_bank_and_metadata_copy"": 0.0013559000217355788}",0.00013379997108131647,430023168,0,2654208,e8b6ae0a97de23db232d3c2731a642b0e2a238e13590636f803eafb1e23c36b8,evidence/final_snapshot/results/nonlinear_top1cap3_transfer_v1/object_2002/top1_cap3_cache/rep2/result.json,False
eff_nonlinear,2002,a17.efficiency.nonlinear_top1cap3_transfer.v1,4613a5bb0adb9d17646d77c3f45aa304dde9641d101b6d2afc9613a7913f789d,27,EXACT_GEOMETRY_BANK_HIT,OK,0.6469670000369661,"{""geometry_signature_hash"": 0.6450617999653332, ""identity_and_content_comparison"": 9.399955160915852e-06, ""bank_key_lookup"": 9.100011084228754e-06, ""hit_bank_and_metadata_copy"": 0.0015924000181257725}",0.000294300087261945,430023168,0,2654208,e8b6ae0a97de23db232d3c2731a642b0e2a238e13590636f803eafb1e23c36b8,evidence/final_snapshot/results/nonlinear_top1cap3_transfer_v1/object_2002/top1_cap3_cache/rep2/result.json,False
eff_nonlinear,2002,a17.efficiency.nonlinear_top1cap3_transfer.v1,4613a5bb0adb9d17646d77c3f45aa304dde9641d101b6d2afc9613a7913f789d,28,EXACT_GEOMETRY_BANK_HIT,OK,0.6547652999870479,"{""geometry_signature_hash"": 0.6532321000122465, ""identity_and_content_comparison"": 7.800001185387373e-06, ""bank_key_lookup"": 6.399990525096655e-06, ""hit_bank_and_metadata_copy"": 0.0013812999823130667}",0.00013770000077784061,430023168,0,2654208,e8b6ae0a97de23db232d3c2731a642b0e2a238e13590636f803eafb1e23c36b8,evidence/final_snapshot/results/nonlinear_top1cap3_transfer_v1/object_2002/top1_cap3_cache/rep2/result.json,False
eff_nonlinear,2002,a17.efficiency.nonlinear_top1cap3_transfer.v1,4613a5bb0adb9d17646d77c3f45aa304dde9641d101b6d2afc9613a7913f789d,29,EXACT_GEOMETRY_BANK_HIT,OK,0.6484398000175133,"{""geometry_signature_hash"": 0.6466573000070639, ""identity_and_content_comparison"": 8.90000956133008e-06, ""bank_key_lookup"": 5.099980626255274e-06, ""hit_bank_and_metadata_copy"": 0.0015528000076301396}",0.00021570001263171434,430023168,0,2654208,e8b6ae0a97de23db232d3c2731a642b0e2a238e13590636f803eafb1e23c36b8,evidence/final_snapshot/results/nonlinear_top1cap3_transfer_v1/object_2002/top1_cap3_cache/rep2/result.json,False
eff_nonlinear,2002,a17.efficiency.nonlinear_top1cap3_transfer.v1,4613a5bb0adb9d17646d77c3f45aa304dde9641d101b6d2afc9613a7913f789d,30,EXACT_GEOMETRY_BANK_HIT,OK,0.6540958000114188,"{""geometry_signature_hash"": 0.6526298999669962, ""identity_and_content_comparison"": 8.800008799880743e-06, ""bank_key_lookup"": 6.099988240748644e-06, ""hit_bank_and_metadata_copy"": 0.0013139999937266111}",0.00013700005365535617,430023168,0,2654208,e8b6ae0a97de23db232d3c2731a642b0e2a238e13590636f803eafb1e23c36b8,evidence/final_snapshot/results/nonlinear_top1cap3_transfer_v1/object_2002/top1_cap3_cache/rep2/result.json,False
eff_nonlinear,2002,a17.efficiency.nonlinear_top1cap3_transfer.v1,4613a5bb0adb9d17646d77c3f45aa304dde9641d101b6d2afc9613a7913f789d,31,EXACT_GEOMETRY_BANK_HIT,OK,0.6507547000073828,"{""geometry_signature_hash"": 0.6490964000113308, ""identity_and_content_comparison"": 8.800008799880743e-06, ""bank_key_lookup"": 5.200039595365524e-06, ""hit_bank_and_metadata_copy"": 0.0014962999848648906}",0.0001479999627918005,430023168,0,2654208,e8b6ae0a97de23db232d3c2731a642b0e2a238e13590636f803eafb1e23c36b8,evidence/final_snapshot/results/nonlinear_top1cap3_transfer_v1/object_2002/top1_cap3_cache/rep2/result.json,False
eff_nonlinear,2002,a17.efficiency.nonlinear_top1cap3_transfer.v1,4613a5bb0adb9d17646d77c3f45aa304dde9641d101b6d2afc9613a7913f789d,32,EXACT_GEOMETRY_BANK_HIT,OK,0.6498758000088856,"{""geometry_signature_hash"": 0.6482589999795891, ""identity_and_content_comparison"": 8.700008038431406e-06, ""bank_key_lookup"": 7.399998139590025e-06, ""hit_bank_and_metadata_copy"": 0.0014535000082105398}",0.00014720001490786672,430023168,0,2654208,e8b6ae0a97de23db232d3c2731a642b0e2a238e13590636f803eafb1e23c36b8,evidence/final_snapshot/results/nonlinear_top1cap3_transfer_v1/object_2002/top1_cap3_cache/rep2/result.json,False
eff_nonlinear,2002,a17.efficiency.nonlinear_top1cap3_transfer.v1,4613a5bb0adb9d17646d77c3f45aa304dde9641d101b6d2afc9613a7913f789d,33,EXACT_GEOMETRY_BANK_HIT,OK,0.6314949999796227,"{""geometry_signature_hash"": 0.6300188999739476, ""identity_and_content_comparison"": 8.600007276982069e-06, ""bank_key_lookup"": 4.999979864805937e-06, ""hit_bank_and_metadata_copy"": 0.0013214999926276505}",0.00014100002590566874,430023168,0,2654208,e8b6ae0a97de23db232d3c2731a642b0e2a238e13590636f803eafb1e23c36b8,evidence/final_snapshot/results/nonlinear_top1cap3_transfer_v1/object_2002/top1_cap3_cache/rep2/result.json,False
eff_nonlinear,2002,a17.efficiency.nonlinear_top1cap3_transfer.v1,4613a5bb0adb9d17646d77c3f45aa304dde9641d101b6d2afc9613a7913f789d,34,EXACT_GEOMETRY_BANK_HIT,OK,0.6478060000226833,"{""geometry_signature_hash"": 0.6460083000129089, ""identity_and_content_comparison"": 9.000010322779417e-06, ""bank_key_lookup"": 6.89999433234334e-06, ""hit_bank_and_metadata_copy"": 0.0016431999974884093}",0.00013860000763088465,430023168,0,2654208,e8b6ae0a97de23db232d3c2731a642b0e2a238e13590636f803eafb1e23c36b8,evidence/final_snapshot/results/nonlinear_top1cap3_transfer_v1/object_2002/top1_cap3_cache/rep2/result.json,False
eff_nonlinear,2002,a17.efficiency.nonlinear_top1cap3_transfer.v1,4613a5bb0adb9d17646d77c3f45aa304dde9641d101b6d2afc9613a7913f789d,35,EXACT_GEOMETRY_BANK_HIT,OK,0.6518522999831475,"{""geometry_signature_hash"": 0.6504681000369601, ""identity_and_content_comparison"": 8.200004231184721e-06, ""bank_key_lookup"": 5.199981387704611e-06, ""hit_bank_and_metadata_copy"": 0.0012357999803498387}",0.00013499998021870852,430023168,0,2654208,e8b6ae0a97de23db232d3c2731a642b0e2a238e13590636f803eafb1e23c36b8,evidence/final_snapshot/results/nonlinear_top1cap3_transfer_v1/object_2002/top1_cap3_cache/rep2/result.json,False
eff_nonlinear,2009,a17.efficiency.nonlinear_top1cap3_transfer.v1,262bf190fa972a34f12e2c1d897874f246ce7b8a47ced7d38fdf6dfd90546e00,0,MISS_ORIGINAL_ACQUISITION,OK,5.745789400010835,"{""geometry_signature_hash"": 1.3029414000338875, ""identity_and_content_comparison"": 7.100054062902927e-06, ""cache_invalidation"": 1.8900027498602867e-05, ""bank_key_lookup"": 3.900029696524143e-06, ""original_provider_call"": 4.441274499986321, ""first_bank_storage_copy"": 0.0013007000088691711}",0.00024289987049996853,860046336,2654208,0,e8b6ae0a97de23db232d3c2731a642b0e2a238e13590636f803eafb1e23c36b8,evidence/final_snapshot/results/nonlinear_top1cap3_transfer_v1/object_2009/top1_cap3_cache/rep0/result.json,False
eff_nonlinear,2009,a17.efficiency.nonlinear_top1cap3_transfer.v1,262bf190fa972a34f12e2c1d897874f246ce7b8a47ced7d38fdf6dfd90546e00,1,EXACT_GEOMETRY_BANK_HIT,OK,0.6325079000089318,"{""geometry_signature_hash"": 0.6309499999624677, ""identity_and_content_comparison"": 7.90000194683671e-06, ""bank_key_lookup"": 4.099973011761904e-06, ""hit_bank_and_metadata_copy"": 0.0014109000330790877}",0.00013500003842636943,430023168,0,2654208,e8b6ae0a97de23db232d3c2731a642b0e2a238e13590636f803eafb1e23c36b8,evidence/final_snapshot/results/nonlinear_top1cap3_transfer_v1/object_2009/top1_cap3_cache/rep0/result.json,False
eff_nonlinear,2009,a17.efficiency.nonlinear_top1cap3_transfer.v1,262bf190fa972a34f12e2c1d897874f246ce7b8a47ced7d38fdf6dfd90546e00,2,EXACT_GEOMETRY_BANK_HIT,OK,0.6536124999984168,"{""geometry_signature_hash"": 0.652100800012704, ""identity_and_content_comparison"": 8.500006515532732e-06, ""bank_key_lookup"": 5.900044925510883e-06, ""hit_bank_and_metadata_copy"": 0.0013473000144585967}",0.00014999991981312633,430023168,0,2654208,e8b6ae0a97de23db232d3c2731a642b0e2a238e13590636f803eafb1e23c36b8,evidence/final_snapshot/results/nonlinear_top1cap3_transfer_v1/object_2009/top1_cap3_cache/rep0/result.json,False
eff_nonlinear,2009,a17.efficiency.nonlinear_top1cap3_transfer.v1,262bf190fa972a34f12e2c1d897874f246ce7b8a47ced7d38fdf6dfd90546e00,3,EXACT_GEOMETRY_BANK_HIT,OK,0.6364331999793649,"{""geometry_signature_hash"": 0.6350587999913841, ""identity_and_content_comparison"": 3.999972250312567e-06, ""bank_key_lookup"": 2.5999615900218487e-06, ""hit_bank_and_metadata_copy"": 0.0012648999691009521}",0.00010290008503943682,430023168,0,2654208,e8b6ae0a97de23db232d3c2731a642b0e2a238e13590636f803eafb1e23c36b8,evidence/final_snapshot/results/nonlinear_top1cap3_transfer_v1/object_2009/top1_cap3_cache/rep0/result.json,False
eff_nonlinear,2009,a17.efficiency.nonlinear_top1cap3_transfer.v1,262bf190fa972a34f12e2c1d897874f246ce7b8a47ced7d38fdf6dfd90546e00,4,EXACT_GEOMETRY_BANK_HIT,OK,0.6413237000233494,"{""geometry_signature_hash"": 0.639820399985183, ""identity_and_content_comparison"": 8.899951353669167e-06, ""bank_key_lookup"": 5.699985194951296e-06, ""hit_bank_and_metadata_copy"": 0.0013412999687716365}",0.00014740013284608722,430023168,0,2654208,e8b6ae0a97de23db232d3c2731a642b0e2a238e13590636f803eafb1e23c36b8,evidence/final_snapshot/results/nonlinear_top1cap3_transfer_v1/object_2009/top1_cap3_cache/rep0/result.json,False
eff_nonlinear,2009,a17.efficiency.nonlinear_top1cap3_transfer.v1,262bf190fa972a34f12e2c1d897874f246ce7b8a47ced7d38fdf6dfd90546e00,5,EXACT_GEOMETRY_BANK_HIT,OK,0.6575239999801852,"{""geometry_signature_hash"": 0.6560069000115618, ""identity_and_content_comparison"": 8.100003469735384e-06, ""bank_key_lookup"": 5.299982149153948e-06, ""hit_bank_and_metadata_copy"": 0.0013473999570123851}",0.00015630002599209547,430023168,0,2654208,e8b6ae0a97de23db232d3c2731a642b0e2a238e13590636f803eafb1e23c36b8,evidence/final_snapshot/results/nonlinear_top1cap3_transfer_v1/object_2009/top1_cap3_cache/rep0/result.json,False
eff_nonlinear,2009,a17.efficiency.nonlinear_top1cap3_transfer.v1,262bf190fa972a34f12e2c1d897874f246ce7b8a47ced7d38fdf6dfd90546e00,6,EXACT_GEOMETRY_BANK_HIT,OK,0.6547415999812074,"{""geometry_signature_hash"": 0.6528538999846205, ""identity_and_content_comparison"": 9.100011084228754e-06, ""bank_key_lookup"": 6.099988240748644e-06, ""hit_bank_and_metadata_copy"": 0.0017260999884456396}",0.00014640000881627202,430023168,0,2654208,e8b6ae0a97de23db232d3c2731a642b0e2a238e13590636f803eafb1e23c36b8,evidence/final_snapshot/results/nonlinear_top1cap3_transfer_v1/object_2009/top1_cap3_cache/rep0/result.json,False
eff_nonlinear,2009,a17.efficiency.nonlinear_top1cap3_transfer.v1,262bf190fa972a34f12e2c1d897874f246ce7b8a47ced7d38fdf6dfd90546e00,7,EXACT_GEOMETRY_BANK_HIT,OK,0.6444749999791384,"{""geometry_signature_hash"": 0.642708900035359, ""identity_and_content_comparison"": 8.199946023523808e-06, ""bank_key_lookup"": 5.200039595365524e-06, ""hit_bank_and_metadata_copy"": 0.0016057000029832125}",0.00014699995517730713,430023168,0,2654208,e8b6ae0a97de23db232d3c2731a642b0e2a238e13590636f803eafb1e23c36b8,evidence/final_snapshot/results/nonlinear_top1cap3_transfer_v1/object_2009/top1_cap3_cache/rep0/result.json,False
eff_nonlinear,2009,a17.efficiency.nonlinear_top1cap3_transfer.v1,262bf190fa972a34f12e2c1d897874f246ce7b8a47ced7d38fdf6dfd90546e00,8,EXACT_GEOMETRY_BANK_HIT,OK,0.6401209000032395,"{""geometry_signature_hash"": 0.6386207999894395, ""identity_and_content_comparison"": 8.700008038431406e-06, ""bank_key_lookup"": 5.999987479299307e-06, ""hit_bank_and_metadata_copy"": 0.001339100010227412}",0.00014630000805482268,430023168,0,2654208,e8b6ae0a97de23db232d3c2731a642b0e2a238e13590636f803eafb1e23c36b8,evidence/final_snapshot/results/nonlinear_top1cap3_transfer_v1/object_2009/top1_cap3_cache/rep0/result.json,False
eff_nonlinear,2009,a17.efficiency.nonlinear_top1cap3_transfer.v1,262bf190fa972a34f12e2c1d897874f246ce7b8a47ced7d38fdf6dfd90546e00,9,EXACT_GEOMETRY_BANK_HIT,OK,0.6503824000246823,"{""geometry_signature_hash"": 0.6488379999645986, ""identity_and_content_comparison"": 8.300004992634058e-06, ""bank_key_lookup"": 5.799985956400633e-06, ""hit_bank_and_metadata_copy"": 0.0013785000192001462}",0.00015180004993453622,430023168,0,2654208,e8b6ae0a97de23db232d3c2731a642b0e2a238e13590636f803eafb1e23c36b8,evidence/final_snapshot/results/nonlinear_top1cap3_transfer_v1/object_2009/top1_cap3_cache/rep0/result.json,False
eff_nonlinear,2009,a17.efficiency.nonlinear_top1cap3_transfer.v1,262bf190fa972a34f12e2c1d897874f246ce7b8a47ced7d38fdf6dfd90546e00,10,EXACT_GEOMETRY_BANK_HIT,OK,0.6396568000200205,"{""geometry_signature_hash"": 0.6377114999922924, ""identity_and_content_comparison"": 1.3899989426136017e-05, ""bank_key_lookup"": 5.499983672052622e-06, ""hit_bank_and_metadata_copy"": 0.0017646000487729907}",0.0001613000058569014,430023168,0,2654208,e8b6ae0a97de23db232d3c2731a642b0e2a238e13590636f803eafb1e23c36b8,evidence/final_snapshot/results/nonlinear_top1cap3_transfer_v1/object_2009/top1_cap3_cache/rep0/result.json,False
eff_nonlinear,2009,a17.efficiency.nonlinear_top1cap3_transfer.v1,262bf190fa972a34f12e2c1d897874f246ce7b8a47ced7d38fdf6dfd90546e00,11,EXACT_GEOMETRY_BANK_HIT,OK,0.6475072000175714,"{""geometry_signature_hash"": 0.645833499962464, ""identity_and_content_comparison"": 8.000002708286047e-06, ""bank_key_lookup"": 5.299982149153948e-06, ""hit_bank_and_metadata_copy"": 0.0015172000275924802}",0.00014320004265755415,430023168,0,2654208,e8b6ae0a97de23db232d3c2731a642b0e2a238e13590636f803eafb1e23c36b8,evidence/final_snapshot/results/nonlinear_top1cap3_transfer_v1/object_2009/top1_cap3_cache/rep0/result.json,False
eff_nonlinear,2009,a17.efficiency.nonlinear_top1cap3_transfer.v1,262bf190fa972a34f12e2c1d897874f246ce7b8a47ced7d38fdf6dfd90546e00,12,EXACT_GEOMETRY_BANK_HIT,OK,0.6517739999690093,"{""geometry_signature_hash"": 0.6503025999991223, ""identity_and_content_comparison"": 8.500006515532732e-06, ""bank_key_lookup"": 5.500041879713535e-06, ""hit_bank_and_metadata_copy"": 0.0013263000291772187}",0.00013109989231452346,430023168,0,2654208,e8b6ae0a97de23db232d3c2731a642b0e2a238e13590636f803eafb1e23c36b8,evidence/final_snapshot/results/nonlinear_top1cap3_transfer_v1/object_2009/top1_cap3_cache/rep0/result.json,False
eff_nonlinear,2009,a17.efficiency.nonlinear_top1cap3_transfer.v1,262bf190fa972a34f12e2c1d897874f246ce7b8a47ced7d38fdf6dfd90546e00,13,EXACT_GEOMETRY_BANK_HIT,OK,0.6432750999811105,"{""geometry_signature_hash"": 0.6417752000270411, ""identity_and_content_comparison"": 7.499998901039362e-06, ""bank_key_lookup"": 4.8999791033566e-06, ""hit_bank_and_metadata_copy"": 0.0013510999851860106}",0.00013639999087899923,430023168,0,2654208,e8b6ae0a97de23db232d3c2731a642b0e2a238e13590636f803eafb1e23c36b8,evidence/final_snapshot/results/nonlinear_top1cap3_transfer_v1/object_2009/top1_cap3_cache/rep0/result.json,False
eff_nonlinear,2009,a17.efficiency.nonlinear_top1cap3_transfer.v1,262bf190fa972a34f12e2c1d897874f246ce7b8a47ced7d38fdf6dfd90546e00,14,EXACT_GEOMETRY_BANK_HIT,OK,0.6521386000094935,"{""geometry_signature_hash"": 0.6506762999924831, ""identity_and_content_comparison"": 8.400005754083395e-06, ""bank_key_lookup"": 5.799985956400633e-06, ""hit_bank_and_metadata_copy"": 0.0013108999701216817}",0.00013720005517825484,430023168,0,2654208,e8b6ae0a97de23db232d3c2731a642b0e2a238e13590636f803eafb1e23c36b8,evidence/final_snapshot/results/nonlinear_top1cap3_transfer_v1/object_2009/top1_cap3_cache/rep0/result.json,False
eff_nonlinear,2009,a17.efficiency.nonlinear_top1cap3_transfer.v1,262bf190fa972a34f12e2c1d897874f246ce7b8a47ced7d38fdf6dfd90546e00,15,EXACT_GEOMETRY_BANK_HIT,OK,0.6512682000175118,"{""geometry_signature_hash"": 0.6493683999869972, ""identity_and_content_comparison"": 7.700000423938036e-06, ""bank_key_lookup"": 4.399975296109915e-06, ""hit_bank_and_metadata_copy"": 0.0017453000182285905}",0.00014240003656595945,430023168,0,2654208,e8b6ae0a97de23db232d3c2731a642b0e2a238e13590636f803eafb1e23c36b8,evidence/final_snapshot/results/nonlinear_top1cap3_transfer_v1/object_2009/top1_cap3_cache/rep0/result.json,False
eff_nonlinear,2009,a17.efficiency.nonlinear_top1cap3_transfer.v1,262bf190fa972a34f12e2c1d897874f246ce7b8a47ced7d38fdf6dfd90546e00,16,EXACT_GEOMETRY_BANK_HIT,OK,0.6448158999555744,"{""geometry_signature_hash"": 0.6433260000194423, ""identity_and_content_comparison"": 8.800008799880743e-06, ""bank_key_lookup"": 5.999987479299307e-06, ""hit_bank_and_metadata_copy"": 0.0013335999683476985}",0.0001414999715052545,430023168,0,2654208,e8b6ae0a97de23db232d3c2731a642b0e2a238e13590636f803eafb1e23c36b8,evidence/final_snapshot/results/nonlinear_top1cap3_transfer_v1/object_2009/top1_cap3_cache/rep0/result.json,False
eff_nonlinear,2009,a17.efficiency.nonlinear_top1cap3_transfer.v1,262bf190fa972a34f12e2c1d897874f246ce7b8a47ced7d38fdf6dfd90546e00,17,EXACT_GEOMETRY_BANK_HIT,OK,0.6469776000012644,"{""geometry_signature_hash"": 0.6449442000011913, ""identity_and_content_comparison"": 7.800001185387373e-06, ""bank_key_lookup"": 4.800036549568176e-06, ""hit_bank_and_metadata_copy"": 0.0018635000451467931}",0.000157299917191267,430023168,0,2654208,e8b6ae0a97de23db232d3c2731a642b0e2a238e13590636f803eafb1e23c36b8,evidence/final_snapshot/results/nonlinear_top1cap3_transfer_v1/object_2009/top1_cap3_cache/rep0/result.json,False
eff_nonlinear,2009,a17.efficiency.nonlinear_top1cap3_transfer.v1,262bf190fa972a34f12e2c1d897874f246ce7b8a47ced7d38fdf6dfd90546e00,18,EXACT_GEOMETRY_BANK_HIT,OK,0.6453125000116415,"{""geometry_signature_hash"": 0.6435864999657497, ""identity_and_content_comparison"": 9.600014891475439e-06, ""bank_key_lookup"": 6.499991286545992e-06, ""hit_bank_and_metadata_copy"": 0.0015433999942615628}",0.00016650004545226693,430023168,0,2654208,e8b6ae0a97de23db232d3c2731a642b0e2a238e13590636f803eafb1e23c36b8,evidence/final_snapshot/results/nonlinear_top1cap3_transfer_v1/object_2009/top1_cap3_cache/rep0/result.json,False
eff_nonlinear,2009,a17.efficiency.nonlinear_top1cap3_transfer.v1,262bf190fa972a34f12e2c1d897874f246ce7b8a47ced7d38fdf6dfd90546e00,19,EXACT_GEOMETRY_BANK_HIT,OK,0.651769999996759,"{""geometry_signature_hash"": 0.6500142000149935, ""identity_and_content_comparison"": 8.300004992634058e-06, ""bank_key_lookup"": 5.099980626255274e-06, ""hit_bank_and_metadata_copy"": 0.0015888000489212573}",0.00015359994722530246,430023168,0,2654208,e8b6ae0a97de23db232d3c2731a642b0e2a238e13590636f803eafb1e23c36b8,evidence/final_snapshot/results/nonlinear_top1cap3_transfer_v1/object_2009/top1_cap3_cache/rep0/result.json,False
eff_nonlinear,2009,a17.efficiency.nonlinear_top1cap3_transfer.v1,262bf190fa972a34f12e2c1d897874f246ce7b8a47ced7d38fdf6dfd90546e00,20,EXACT_GEOMETRY_BANK_HIT,OK,0.6470883999718353,"{""geometry_signature_hash"": 0.645531399990432, ""identity_and_content_comparison"": 9.699957445263863e-06, ""bank_key_lookup"": 5.89998671784997e-06, ""hit_bank_and_metadata_copy"": 0.0014150000060908496}",0.00012640003114938736,430023168,0,2654208,e8b6ae0a97de23db232d3c2731a642b0e2a238e13590636f803eafb1e23c36b8,evidence/final_snapshot/results/nonlinear_top1cap3_transfer_v1/object_2009/top1_cap3_cache/rep0/result.json,False
eff_nonlinear,2009,a17.efficiency.nonlinear_top1cap3_transfer.v1,262bf190fa972a34f12e2c1d897874f246ce7b8a47ced7d38fdf6dfd90546e00,21,EXACT_GEOMETRY_BANK_HIT,OK,0.6488562000449747,"{""geometry_signature_hash"": 0.6472852000151761, ""identity_and_content_comparison"": 7.599999662488699e-06, ""bank_key_lookup"": 4.999979864805937e-06, ""hit_bank_and_metadata_copy"": 0.0013334999675862491}",0.00022490008268505335,430023168,0,2654208,e8b6ae0a97de23db232d3c2731a642b0e2a238e13590636f803eafb1e23c36b8,evidence/final_snapshot/results/nonlinear_top1cap3_transfer_v1/object_2009/top1_cap3_cache/rep0/result.json,False
eff_nonlinear,2009,a17.efficiency.nonlinear_top1cap3_transfer.v1,262bf190fa972a34f12e2c1d897874f246ce7b8a47ced7d38fdf6dfd90546e00,22,EXACT_GEOMETRY_BANK_HIT,OK,0.6523786000325345,"{""geometry_signature_hash"": 0.6507808999740519, ""identity_and_content_comparison"": 9.600014891475439e-06, ""bank_key_lookup"": 6.599992047995329e-06, ""hit_bank_and_metadata_copy"": 0.0014367999974638224}",0.0001447000540792942,430023168,0,2654208,e8b6ae0a97de23db232d3c2731a642b0e2a238e13590636f803eafb1e23c36b8,evidence/final_snapshot/results/nonlinear_top1cap3_transfer_v1/object_2009/top1_cap3_cache/rep0/result.json,False
eff_nonlinear,2009,a17.efficiency.nonlinear_top1cap3_transfer.v1,262bf190fa972a34f12e2c1d897874f246ce7b8a47ced7d38fdf6dfd90546e00,23,EXACT_GEOMETRY_BANK_HIT,OK,0.6375725000398234,"{""geometry_signature_hash"": 0.6360879999701865, ""identity_and_content_comparison"": 7.700000423938036e-06, ""bank_key_lookup"": 5.199981387704611e-06, ""hit_bank_and_metadata_copy"": 0.0013269000337459147}",0.0001447000540792942,430023168,0,2654208,e8b6ae0a97de23db232d3c2731a642b0e2a238e13590636f803eafb1e23c36b8,evidence/final_snapshot/results/nonlinear_top1cap3_transfer_v1/object_2009/top1_cap3_cache/rep0/result.json,False
eff_nonlinear,2009,a17.efficiency.nonlinear_top1cap3_transfer.v1,262bf190fa972a34f12e2c1d897874f246ce7b8a47ced7d38fdf6dfd90546e00,24,EXACT_GEOMETRY_BANK_HIT,OK,0.636443399998825,"{""geometry_signature_hash"": 0.6347091000061482, ""identity_and_content_comparison"": 8.999952115118504e-06, ""bank_key_lookup"": 5.999987479299307e-06, ""hit_bank_and_metadata_copy"": 0.0015705999685451388}",0.00014870008453726768,430023168,0,2654208,e8b6ae0a97de23db232d3c2731a642b0e2a238e13590636f803eafb1e23c36b8,evidence/final_snapshot/results/nonlinear_top1cap3_transfer_v1/object_2009/top1_cap3_cache/rep0/result.json,False
eff_nonlinear,2009,a17.efficiency.nonlinear_top1cap3_transfer.v1,262bf190fa972a34f12e2c1d897874f246ce7b8a47ced7d38fdf6dfd90546e00,25,EXACT_GEOMETRY_BANK_HIT,OK,0.6433031000196934,"{""geometry_signature_hash"": 0.6418285999679938, ""identity_and_content_comparison"": 7.499998901039362e-06, ""bank_key_lookup"": 4.8999791033566e-06, ""hit_bank_and_metadata_copy"": 0.0013235000078566372}",0.00013860006583854556,430023168,0,2654208,e8b6ae0a97de23db232d3c2731a642b0e2a238e13590636f803eafb1e23c36b8,evidence/final_snapshot/results/nonlinear_top1cap3_transfer_v1/object_2009/top1_cap3_cache/rep0/result.json,False
eff_nonlinear,2009,a17.efficiency.nonlinear_top1cap3_transfer.v1,262bf190fa972a34f12e2c1d897874f246ce7b8a47ced7d38fdf6dfd90546e00,26,EXACT_GEOMETRY_BANK_HIT,OK,0.6473431999911554,"{""geometry_signature_hash"": 0.6458336000214331, ""identity_and_content_comparison"": 8.600007276982069e-06, ""bank_key_lookup"": 5.900044925510883e-06, ""hit_bank_and_metadata_copy"": 0.0013631000183522701}",0.0001319998991675675,430023168,0,2654208,e8b6ae0a97de23db232d3c2731a642b0e2a238e13590636f803eafb1e23c36b8,evidence/final_snapshot/results/nonlinear_top1cap3_transfer_v1/object_2009/top1_cap3_cache/rep0/result.json,False
eff_nonlinear,2009,a17.efficiency.nonlinear_top1cap3_transfer.v1,262bf190fa972a34f12e2c1d897874f246ce7b8a47ced7d38fdf6dfd90546e00,27,EXACT_GEOMETRY_BANK_HIT,OK,0.6357815000228584,"{""geometry_signature_hash"": 0.6341891999472864, ""identity_and_content_comparison"": 8.300004992634058e-06, ""bank_key_lookup"": 5.100038833916187e-06, ""hit_bank_and_metadata_copy"": 0.0014124000445008278}",0.00016649998724460602,430023168,0,2654208,e8b6ae0a97de23db232d3c2731a642b0e2a238e13590636f803eafb1e23c36b8,evidence/final_snapshot/results/nonlinear_top1cap3_transfer_v1/object_2009/top1_cap3_cache/rep0/result.json,False
eff_nonlinear,2009,a17.efficiency.nonlinear_top1cap3_transfer.v1,262bf190fa972a34f12e2c1d897874f246ce7b8a47ced7d38fdf6dfd90546e00,28,EXACT_GEOMETRY_BANK_HIT,OK,0.659116199996788,"{""geometry_signature_hash"": 0.6575437000137754, ""identity_and_content_comparison"": 8.800008799880743e-06, ""bank_key_lookup"": 6.00004568696022e-06, ""hit_bank_and_metadata_copy"": 0.0014152000076137483}",0.00014249992091208696,430023168,0,2654208,e8b6ae0a97de23db232d3c2731a642b0e2a238e13590636f803eafb1e23c36b8,evidence/final_snapshot/results/nonlinear_top1cap3_transfer_v1/object_2009/top1_cap3_cache/rep0/result.json,False
eff_nonlinear,2009,a17.efficiency.nonlinear_top1cap3_transfer.v1,262bf190fa972a34f12e2c1d897874f246ce7b8a47ced7d38fdf6dfd90546e00,29,EXACT_GEOMETRY_BANK_HIT,OK,0.6397111999685876,"{""geometry_signature_hash"": 0.6381493000080809, ""identity_and_content_comparison"": 7.599999662488699e-06, ""bank_key_lookup"": 5.300040356814861e-06, ""hit_bank_and_metadata_copy"": 0.001408300013281405}",0.0001406999072059989,430023168,0,2654208,e8b6ae0a97de23db232d3c2731a642b0e2a238e13590636f803eafb1e23c36b8,evidence/final_snapshot/results/nonlinear_top1cap3_transfer_v1/object_2009/top1_cap3_cache/rep0/result.json,False
eff_nonlinear,2009,a17.efficiency.nonlinear_top1cap3_transfer.v1,262bf190fa972a34f12e2c1d897874f246ce7b8a47ced7d38fdf6dfd90546e00,30,EXACT_GEOMETRY_BANK_HIT,OK,0.6332279000198469,"{""geometry_signature_hash"": 0.631759499956388, ""identity_and_content_comparison"": 9.200011845678091e-06, ""bank_key_lookup"": 5.89998671784997e-06, ""hit_bank_and_metadata_copy"": 0.0013086000108160079}",0.0001447000540792942,430023168,0,2654208,e8b6ae0a97de23db232d3c2731a642b0e2a238e13590636f803eafb1e23c36b8,evidence/final_snapshot/results/nonlinear_top1cap3_transfer_v1/object_2009/top1_cap3_cache/rep0/result.json,False
eff_nonlinear,2009,a17.efficiency.nonlinear_top1cap3_transfer.v1,262bf190fa972a34f12e2c1d897874f246ce7b8a47ced7d38fdf6dfd90546e00,31,EXACT_GEOMETRY_BANK_HIT,OK,0.6583310000132769,"{""geometry_signature_hash"": 0.6565380999818444, ""identity_and_content_comparison"": 9.000010322779417e-06, ""bank_key_lookup"": 5.600042641162872e-06, ""hit_bank_and_metadata_copy"": 0.0016208000015467405}",0.0001574999769218266,430023168,0,2654208,e8b6ae0a97de23db232d3c2731a642b0e2a238e13590636f803eafb1e23c36b8,evidence/final_snapshot/results/nonlinear_top1cap3_transfer_v1/object_2009/top1_cap3_cache/rep0/result.json,False
eff_nonlinear,2009,a17.efficiency.nonlinear_top1cap3_transfer.v1,262bf190fa972a34f12e2c1d897874f246ce7b8a47ced7d38fdf6dfd90546e00,32,EXACT_GEOMETRY_BANK_HIT,OK,0.6522651999839582,"{""geometry_signature_hash"": 0.6505068999831565, ""identity_and_content_comparison"": 8.999952115118504e-06, ""bank_key_lookup"": 5.89998671784997e-06, ""hit_bank_and_metadata_copy"": 0.001595799985807389}",0.00014760007616132498,430023168,0,2654208,e8b6ae0a97de23db232d3c2731a642b0e2a238e13590636f803eafb1e23c36b8,evidence/final_snapshot/results/nonlinear_top1cap3_transfer_v1/object_2009/top1_cap3_cache/rep0/result.json,False
eff_nonlinear,2009,a17.efficiency.nonlinear_top1cap3_transfer.v1,262bf190fa972a34f12e2c1d897874f246ce7b8a47ced7d38fdf6dfd90546e00,33,EXACT_GEOMETRY_BANK_HIT,OK,0.6542271000216715,"{""geometry_signature_hash"": 0.6527261000010185, ""identity_and_content_comparison"": 7.800001185387373e-06, ""bank_key_lookup"": 4.600035026669502e-06, ""hit_bank_and_metadata_copy"": 0.0013515999889932573}",0.00013699999544769526,430023168,0,2654208,e8b6ae0a97de23db232d3c2731a642b0e2a238e13590636f803eafb1e23c36b8,evidence/final_snapshot/results/nonlinear_top1cap3_transfer_v1/object_2009/top1_cap3_cache/rep0/result.json,False
eff_nonlinear,2009,a17.efficiency.nonlinear_top1cap3_transfer.v1,262bf190fa972a34f12e2c1d897874f246ce7b8a47ced7d38fdf6dfd90546e00,34,EXACT_GEOMETRY_BANK_HIT,OK,0.6484073000028729,"{""geometry_signature_hash"": 0.6468391999951564, ""identity_and_content_comparison"": 9.100011084228754e-06, ""bank_key_lookup"": 6.199989002197981e-06, ""hit_bank_and_metadata_copy"": 0.0014177000266499817}",0.00013509998098015785,430023168,0,2654208,e8b6ae0a97de23db232d3c2731a642b0e2a238e13590636f803eafb1e23c36b8,evidence/final_snapshot/results/nonlinear_top1cap3_transfer_v1/object_2009/top1_cap3_cache/rep0/result.json,False
eff_nonlinear,2009,a17.efficiency.nonlinear_top1cap3_transfer.v1,262bf190fa972a34f12e2c1d897874f246ce7b8a47ced7d38fdf6dfd90546e00,35,EXACT_GEOMETRY_BANK_HIT,OK,0.6467852999921888,"{""geometry_signature_hash"": 0.645176200021524, ""identity_and_content_comparison"": 8.000002708286047e-06, ""bank_key_lookup"": 5.300040356814861e-06, ""hit_bank_and_metadata_copy"": 0.0014468000154010952}",0.00014899991219863296,430023168,0,2654208,e8b6ae0a97de23db232d3c2731a642b0e2a238e13590636f803eafb1e23c36b8,evidence/final_snapshot/results/nonlinear_top1cap3_transfer_v1/object_2009/top1_cap3_cache/rep0/result.json,False
eff_nonlinear,2009,a17.efficiency.nonlinear_top1cap3_transfer.v1,5c45c27b0e8b154d9f90f48ce51cdf3fb178072ad39bb895cfe1e5f00bd0e2d1,0,MISS_ORIGINAL_ACQUISITION,OK,5.78887389996089,"{""geometry_signature_hash"": 1.3165652000461705, ""identity_and_content_comparison"": 5.699985194951296e-06, ""cache_invalidation"": 2.0199979189783335e-05, ""bank_key_lookup"": 3.89997148886323e-06, ""original_provider_call"": 4.470502500014845, ""first_bank_storage_copy"": 0.0013299999991431832}",0.0004463999648578465,860046336,2654208,0,e8b6ae0a97de23db232d3c2731a642b0e2a238e13590636f803eafb1e23c36b8,evidence/final_snapshot/results/nonlinear_top1cap3_transfer_v1/object_2009/top1_cap3_cache/rep1/result.json,False
eff_nonlinear,2009,a17.efficiency.nonlinear_top1cap3_transfer.v1,5c45c27b0e8b154d9f90f48ce51cdf3fb178072ad39bb895cfe1e5f00bd0e2d1,1,EXACT_GEOMETRY_BANK_HIT,OK,0.6453980000223964,"{""geometry_signature_hash"": 0.6438712999806739, ""identity_and_content_comparison"": 8.300004992634058e-06, ""bank_key_lookup"": 4.199973773211241e-06, ""hit_bank_and_metadata_copy"": 0.0013762000016868114}",0.00013800006126984954,430023168,0,2654208,e8b6ae0a97de23db232d3c2731a642b0e2a238e13590636f803eafb1e23c36b8,evidence/final_snapshot/results/nonlinear_top1cap3_transfer_v1/object_2009/top1_cap3_cache/rep1/result.json,False
eff_nonlinear,2009,a17.efficiency.nonlinear_top1cap3_transfer.v1,5c45c27b0e8b154d9f90f48ce51cdf3fb178072ad39bb895cfe1e5f00bd0e2d1,2,EXACT_GEOMETRY_BANK_HIT,OK,0.6428133000154048,"{""geometry_signature_hash"": 0.6412551000248641, ""identity_and_content_comparison"": 8.500006515532732e-06, ""bank_key_lookup"": 5.699985194951296e-06, ""hit_bank_and_metadata_copy"": 0.0014117999817244709}",0.000132200017105788,430023168,0,2654208,e8b6ae0a97de23db232d3c2731a642b0e2a238e13590636f803eafb1e23c36b8,evidence/final_snapshot/results/nonlinear_top1cap3_transfer_v1/object_2009/top1_cap3_cache/rep1/result.json,False
eff_nonlinear,2009,a17.efficiency.nonlinear_top1cap3_transfer.v1,5c45c27b0e8b154d9f90f48ce51cdf3fb178072ad39bb895cfe1e5f00bd0e2d1,3,EXACT_GEOMETRY_BANK_HIT,OK,0.6487138000084087,"{""geometry_signature_hash"": 0.6471069999970496, ""identity_and_content_comparison"": 8.400005754083395e-06, ""bank_key_lookup"": 5.299982149153948e-06, ""hit_bank_and_metadata_copy"": 0.0014548999606631696}",0.0001382000627927482,430023168,0,2654208,e8b6ae0a97de23db232d3c2731a642b0e2a238e13590636f803eafb1e23c36b8,evidence/final_snapshot/results/nonlinear_top1cap3_transfer_v1/object_2009/top1_cap3_cache/rep1/result.json,False
eff_nonlinear,2009,a17.efficiency.nonlinear_top1cap3_transfer.v1,5c45c27b0e8b154d9f90f48ce51cdf3fb178072ad39bb895cfe1e5f00bd0e2d1,4,EXACT_GEOMETRY_BANK_HIT,OK,0.6531634000129998,"{""geometry_signature_hash"": 0.6512388999690302, ""identity_and_content_comparison"": 8.100003469735384e-06, ""bank_key_lookup"": 5.900044925510883e-06, ""hit_bank_and_metadata_copy"": 0.0017742000054568052}",0.0001362999901175499,430023168,0,2654208,e8b6ae0a97de23db232d3c2731a642b0e2a238e13590636f803eafb1e23c36b8,evidence/final_snapshot/results/nonlinear_top1cap3_transfer_v1/object_2009/top1_cap3_cache/rep1/result.json,False
eff_nonlinear,2009,a17.efficiency.nonlinear_top1cap3_transfer.v1,5c45c27b0e8b154d9f90f48ce51cdf3fb178072ad39bb895cfe1e5f00bd0e2d1,5,EXACT_GEOMETRY_BANK_HIT,OK,0.6435572000336833,"{""geometry_signature_hash"": 0.6420570000191219, ""identity_and_content_comparison"": 8.800008799880743e-06, ""bank_key_lookup"": 5.599984433501959e-06, ""hit_bank_and_metadata_copy"": 0.0013472000136971474}",0.00013860000763088465,430023168,0,2654208,e8b6ae0a97de23db232d3c2731a642b0e2a238e13590636f803eafb1e23c36b8,evidence/final_snapshot/results/nonlinear_top1cap3_transfer_v1/object_2009/top1_cap3_cache/rep1/result.json,False
eff_nonlinear,2009,a17.efficiency.nonlinear_top1cap3_transfer.v1,5c45c27b0e8b154d9f90f48ce51cdf3fb178072ad39bb895cfe1e5f00bd0e2d1,6,EXACT_GEOMETRY_BANK_HIT,OK,0.6338515999959782,"{""geometry_signature_hash"": 0.6324024999630637, ""identity_and_content_comparison"": 7.90000194683671e-06, ""bank_key_lookup"": 5.699985194951296e-06, ""hit_bank_and_metadata_copy"": 0.0013057999894954264}",0.00012970005627721548,430023168,0,2654208,e8b6ae0a97de23db232d3c2731a642b0e2a238e13590636f803eafb1e23c36b8,evidence/final_snapshot/results/nonlinear_top1cap3_transfer_v1/object_2009/top1_cap3_cache/rep1/result.json,False
eff_nonlinear,2009,a17.efficiency.nonlinear_top1cap3_transfer.v1,5c45c27b0e8b154d9f90f48ce51cdf3fb178072ad39bb895cfe1e5f00bd0e2d1,7,EXACT_GEOMETRY_BANK_HIT,OK,0.6504874000092968,"{""geometry_signature_hash"": 0.6482684000511654, ""identity_and_content_comparison"": 8.100003469735384e-06, ""bank_key_lookup"": 5.200039595365524e-06, ""hit_bank_and_metadata_copy"": 0.0020616999827325344}",0.00014399993233382702,430023168,0,2654208,e8b6ae0a97de23db232d3c2731a642b0e2a238e13590636f803eafb1e23c36b8,evidence/final_snapshot/results/nonlinear_top1cap3_transfer_v1/object_2009/top1_cap3_cache/rep1/result.json,False
eff_nonlinear,2009,a17.efficiency.nonlinear_top1cap3_transfer.v1,5c45c27b0e8b154d9f90f48ce51cdf3fb178072ad39bb895cfe1e5f00bd0e2d1,8,EXACT_GEOMETRY_BANK_HIT,OK,0.648769999970682,"{""geometry_signature_hash"": 0.6468992000445724, ""identity_and_content_comparison"": 8.300004992634058e-06, ""bank_key_lookup"": 5.999987479299307e-06, ""hit_bank_and_metadata_copy"": 0.001675899955444038}",0.0001805999781936407,430023168,0,2654208,e8b6ae0a97de23db232d3c2731a642b0e2a238e13590636f803eafb1e23c36b8,evidence/final_snapshot/results/nonlinear_top1cap3_transfer_v1/object_2009/top1_cap3_cache/rep1/result.json,False
eff_nonlinear,2009,a17.efficiency.nonlinear_top1cap3_transfer.v1,5c45c27b0e8b154d9f90f48ce51cdf3fb178072ad39bb895cfe1e5f00bd0e2d1,9,EXACT_GEOMETRY_BANK_HIT,OK,0.6474694000207819,"{""geometry_signature_hash"": 0.6459474999574013, ""identity_and_content_comparison"": 7.099995855242014e-06, ""bank_key_lookup"": 8.90000956133008e-06, ""hit_bank_and_metadata_copy"": 0.0013361999881453812}",0.00016970006981864572,430023168,0,2654208,e8b6ae0a97de23db232d3c2731a642b0e2a238e13590636f803eafb1e23c36b8,evidence/final_snapshot/results/nonlinear_top1cap3_transfer_v1/object_2009/top1_cap3_cache/rep1/result.json,False
eff_nonlinear,2009,a17.efficiency.nonlinear_top1cap3_transfer.v1,5c45c27b0e8b154d9f90f48ce51cdf3fb178072ad39bb895cfe1e5f00bd0e2d1,10,EXACT_GEOMETRY_BANK_HIT,OK,0.6484113999758847,"{""geometry_signature_hash"": 0.6468869000091217, ""identity_and_content_comparison"": 8.300004992634058e-06, ""bank_key_lookup"": 6.099988240748644e-06, ""hit_bank_and_metadata_copy"": 0.0013708000187762082}",0.0001392999547533691,430023168,0,2654208,e8b6ae0a97de23db232d3c2731a642b0e2a238e13590636f803eafb1e23c36b8,evidence/final_snapshot/results/nonlinear_top1cap3_transfer_v1/object_2009/top1_cap3_cache/rep1/result.json,False
eff_nonlinear,2009,a17.efficiency.nonlinear_top1cap3_transfer.v1,5c45c27b0e8b154d9f90f48ce51cdf3fb178072ad39bb895cfe1e5f00bd0e2d1,11,EXACT_GEOMETRY_BANK_HIT,OK,0.6476602999609895,"{""geometry_signature_hash"": 0.6459782000165433, ""identity_and_content_comparison"": 8.499948307871819e-06, ""bank_key_lookup"": 5.100038833916187e-06, ""hit_bank_and_metadata_copy"": 0.0015289000002667308}",0.0001395999570377171,430023168,0,2654208,e8b6ae0a97de23db232d3c2731a642b0e2a238e13590636f803eafb1e23c36b8,evidence/final_snapshot/results/nonlinear_top1cap3_transfer_v1/object_2009/top1_cap3_cache/rep1/result.json,False
eff_nonlinear,2009,a17.efficiency.nonlinear_top1cap3_transfer.v1,5c45c27b0e8b154d9f90f48ce51cdf3fb178072ad39bb895cfe1e5f00bd0e2d1,12,EXACT_GEOMETRY_BANK_HIT,OK,0.6426947999862023,"{""geometry_signature_hash"": 0.6412677000043914, ""identity_and_content_comparison"": 7.399998139590025e-06, ""bank_key_lookup"": 5.599984433501959e-06, ""hit_bank_and_metadata_copy"": 0.0012868999619968235}",0.00012720003724098206,430023168,0,2654208,e8b6ae0a97de23db232d3c2731a642b0e2a238e13590636f803eafb1e23c36b8,evidence/final_snapshot/results/nonlinear_top1cap3_transfer_v1/object_2009/top1_cap3_cache/rep1/result.json,False
eff_nonlinear,2009,a17.efficiency.nonlinear_top1cap3_transfer.v1,5c45c27b0e8b154d9f90f48ce51cdf3fb178072ad39bb895cfe1e5f00bd0e2d1,13,EXACT_GEOMETRY_BANK_HIT,OK,0.6461089000222273,"{""geometry_signature_hash"": 0.6454735000152141, ""identity_and_content_comparison"": 3.2999669201672077e-06, ""bank_key_lookup"": 2.200016751885414e-06, ""hit_bank_and_metadata_copy"": 0.0005488000460900366}",8.109997725114226e-05,430023168,0,2654208,e8b6ae0a97de23db232d3c2731a642b0e2a238e13590636f803eafb1e23c36b8,evidence/final_snapshot/results/nonlinear_top1cap3_transfer_v1/object_2009/top1_cap3_cache/rep1/result.json,False
eff_nonlinear,2009,a17.efficiency.nonlinear_top1cap3_transfer.v1,5c45c27b0e8b154d9f90f48ce51cdf3fb178072ad39bb895cfe1e5f00bd0e2d1,14,EXACT_GEOMETRY_BANK_HIT,OK,0.6565396000514738,"{""geometry_signature_hash"": 0.6550119000021368, ""identity_and_content_comparison"": 7.700000423938036e-06, ""bank_key_lookup"": 5.599984433501959e-06, ""hit_bank_and_metadata_copy"": 0.001378399960231036}",0.0001360001042485237,430023168,0,2654208,e8b6ae0a97de23db232d3c2731a642b0e2a238e13590636f803eafb1e23c36b8,evidence/final_snapshot/results/nonlinear_top1cap3_transfer_v1/object_2009/top1_cap3_cache/rep1/result.json,False
eff_nonlinear,2009,a17.efficiency.nonlinear_top1cap3_transfer.v1,5c45c27b0e8b154d9f90f48ce51cdf3fb178072ad39bb895cfe1e5f00bd0e2d1,15,EXACT_GEOMETRY_BANK_HIT,OK,0.6436426999862306,"{""geometry_signature_hash"": 0.6421784000121988, ""identity_and_content_comparison"": 7.499998901039362e-06, ""bank_key_lookup"": 4.8999791033566e-06, ""hit_bank_and_metadata_copy"": 0.0013116999762132764}",0.00014020001981407404,430023168,0,2654208,e8b6ae0a97de23db232d3c2731a642b0e2a238e13590636f803eafb1e23c36b8,evidence/final_snapshot/results/nonlinear_top1cap3_transfer_v1/object_2009/top1_cap3_cache/rep1/result.json,False
eff_nonlinear,2009,a17.efficiency.nonlinear_top1cap3_transfer.v1,5c45c27b0e8b154d9f90f48ce51cdf3fb178072ad39bb895cfe1e5f00bd0e2d1,16,EXACT_GEOMETRY_BANK_HIT,OK,0.6538699999800883,"{""geometry_signature_hash"": 0.6520446999929845, ""identity_and_content_comparison"": 8.400005754083395e-06, ""bank_key_lookup"": 5.699985194951296e-06, ""hit_bank_and_metadata_copy"": 0.0016722999862395227}",0.00013890000991523266,430023168,0,2654208,e8b6ae0a97de23db232d3c2731a642b0e2a238e13590636f803eafb1e23c36b8,evidence/final_snapshot/results/nonlinear_top1cap3_transfer_v1/object_2009/top1_cap3_cache/rep1/result.json,False
eff_nonlinear,2009,a17.efficiency.nonlinear_top1cap3_transfer.v1,5c45c27b0e8b154d9f90f48ce51cdf3fb178072ad39bb895cfe1e5f00bd0e2d1,17,EXACT_GEOMETRY_BANK_HIT,OK,0.6468363999738358,"{""geometry_signature_hash"": 0.6452566999942064, ""identity_and_content_comparison"": 8.700008038431406e-06, ""bank_key_lookup"": 5.500041879713535e-06, ""hit_bank_and_metadata_copy"": 0.0014233000110834837}",0.00014219991862773895,430023168,0,2654208,e8b6ae0a97de23db232d3c2731a642b0e2a238e13590636f803eafb1e23c36b8,evidence/final_snapshot/results/nonlinear_top1cap3_transfer_v1/object_2009/top1_cap3_cache/rep1/result.json,False
eff_nonlinear,2009,a17.efficiency.nonlinear_top1cap3_transfer.v1,5c45c27b0e8b154d9f90f48ce51cdf3fb178072ad39bb895cfe1e5f00bd0e2d1,18,EXACT_GEOMETRY_BANK_HIT,OK,0.6421061999863014,"{""geometry_signature_hash"": 0.6405692000407726, ""identity_and_content_comparison"": 8.299946784973145e-06, ""bank_key_lookup"": 5.500041879713535e-06, ""hit_bank_and_metadata_copy"": 0.0013921000063419342}",0.00013109995052218437,430023168,0,2654208,e8b6ae0a97de23db232d3c2731a642b0e2a238e13590636f803eafb1e23c36b8,evidence/final_snapshot/results/nonlinear_top1cap3_transfer_v1/object_2009/top1_cap3_cache/rep1/result.json,False
eff_nonlinear,2009,a17.efficiency.nonlinear_top1cap3_transfer.v1,5c45c27b0e8b154d9f90f48ce51cdf3fb178072ad39bb895cfe1e5f00bd0e2d1,19,EXACT_GEOMETRY_BANK_HIT,OK,0.6408040000242181,"{""geometry_signature_hash"": 0.6393053999636322, ""identity_and_content_comparison"": 8.100003469735384e-06, ""bank_key_lookup"": 4.999979864805937e-06, ""hit_bank_and_metadata_copy"": 0.0013507999829016626}",0.00013470009434968233,430023168,0,2654208,e8b6ae0a97de23db232d3c2731a642b0e2a238e13590636f803eafb1e23c36b8,evidence/final_snapshot/results/nonlinear_top1cap3_transfer_v1/object_2009/top1_cap3_cache/rep1/result.json,False
eff_nonlinear,2009,a17.efficiency.nonlinear_top1cap3_transfer.v1,5c45c27b0e8b154d9f90f48ce51cdf3fb178072ad39bb895cfe1e5f00bd0e2d1,20,EXACT_GEOMETRY_BANK_HIT,OK,0.661651200032793,"{""geometry_signature_hash"": 0.6600474999868311, ""identity_and_content_comparison"": 8.999952115118504e-06, ""bank_key_lookup"": 1.2899981811642647e-05, ""hit_bank_and_metadata_copy"": 0.001437300001271069}",0.00014450011076405644,430023168,0,2654208,e8b6ae0a97de23db232d3c2731a642b0e2a238e13590636f803eafb1e23c36b8,evidence/final_snapshot/results/nonlinear_top1cap3_transfer_v1/object_2009/top1_cap3_cache/rep1/result.json,False
eff_nonlinear,2009,a17.efficiency.nonlinear_top1cap3_transfer.v1,5c45c27b0e8b154d9f90f48ce51cdf3fb178072ad39bb895cfe1e5f00bd0e2d1,21,EXACT_GEOMETRY_BANK_HIT,OK,0.6554748999769799,"{""geometry_signature_hash"": 0.6534788000280969, ""identity_and_content_comparison"": 9.600014891475439e-06, ""bank_key_lookup"": 5.299982149153948e-06, ""hit_bank_and_metadata_copy"": 0.0018340999959036708}",0.00014709995593875647,430023168,0,2654208,e8b6ae0a97de23db232d3c2731a642b0e2a238e13590636f803eafb1e23c36b8,evidence/final_snapshot/results/nonlinear_top1cap3_transfer_v1/object_2009/top1_cap3_cache/rep1/result.json,False
eff_nonlinear,2009,a17.efficiency.nonlinear_top1cap3_transfer.v1,5c45c27b0e8b154d9f90f48ce51cdf3fb178072ad39bb895cfe1e5f00bd0e2d1,22,EXACT_GEOMETRY_BANK_HIT,OK,0.6428652000031434,"{""geometry_signature_hash"": 0.6412454000092112, ""identity_and_content_comparison"": 9.199953638017178e-06, ""bank_key_lookup"": 6.199989002197981e-06, ""hit_bank_and_metadata_copy"": 0.001458599988836795}",0.0001458000624552369,430023168,0,2654208,e8b6ae0a97de23db232d3c2731a642b0e2a238e13590636f803eafb1e23c36b8,evidence/final_snapshot/results/nonlinear_top1cap3_transfer_v1/object_2009/top1_cap3_cache/rep1/result.json,False
eff_nonlinear,2009,a17.efficiency.nonlinear_top1cap3_transfer.v1,5c45c27b0e8b154d9f90f48ce51cdf3fb178072ad39bb895cfe1e5f00bd0e2d1,23,EXACT_GEOMETRY_BANK_HIT,OK,0.6438863000366837,"{""geometry_signature_hash"": 0.6421529999934137, ""identity_and_content_comparison"": 8.500006515532732e-06, ""bank_key_lookup"": 5.199981387704611e-06, ""hit_bank_and_metadata_copy"": 0.0015853000222705305}",0.00013430003309622407,430023168,0,2654208,e8b6ae0a97de23db232d3c2731a642b0e2a238e13590636f803eafb1e23c36b8,evidence/final_snapshot/results/nonlinear_top1cap3_transfer_v1/object_2009/top1_cap3_cache/rep1/result.json,False
eff_nonlinear,2009,a17.efficiency.nonlinear_top1cap3_transfer.v1,5c45c27b0e8b154d9f90f48ce51cdf3fb178072ad39bb895cfe1e5f00bd0e2d1,24,EXACT_GEOMETRY_BANK_HIT,OK,0.6497400000225753,"{""geometry_signature_hash"": 0.6477804000023752, ""identity_and_content_comparison"": 8.300004992634058e-06, ""bank_key_lookup"": 6.499991286545992e-06, ""hit_bank_and_metadata_copy"": 0.0018084999755956233}",0.0001363000483252108,430023168,0,2654208,e8b6ae0a97de23db232d3c2731a642b0e2a238e13590636f803eafb1e23c36b8,evidence/final_snapshot/results/nonlinear_top1cap3_transfer_v1/object_2009/top1_cap3_cache/rep1/result.json,False
eff_nonlinear,2009,a17.efficiency.nonlinear_top1cap3_transfer.v1,5c45c27b0e8b154d9f90f48ce51cdf3fb178072ad39bb895cfe1e5f00bd0e2d1,25,EXACT_GEOMETRY_BANK_HIT,OK,0.64266700000735,"{""geometry_signature_hash"": 0.6411571000353433, ""identity_and_content_comparison"": 7.90000194683671e-06, ""bank_key_lookup"": 5.100038833916187e-06, ""hit_bank_and_metadata_copy"": 0.0013547000125981867}",0.00014219991862773895,430023168,0,2654208,e8b6ae0a97de23db232d3c2731a642b0e2a238e13590636f803eafb1e23c36b8,evidence/final_snapshot/results/nonlinear_top1cap3_transfer_v1/object_2009/top1_cap3_cache/rep1/result.json,False
eff_nonlinear,2009,a17.efficiency.nonlinear_top1cap3_transfer.v1,5c45c27b0e8b154d9f90f48ce51cdf3fb178072ad39bb895cfe1e5f00bd0e2d1,26,EXACT_GEOMETRY_BANK_HIT,OK,0.6497058999957517,"{""geometry_signature_hash"": 0.6481937000062317, ""identity_and_content_comparison"": 8.500006515532732e-06, ""bank_key_lookup"": 5.89998671784997e-06, ""hit_bank_and_metadata_copy"": 0.0013543999521061778}",0.00014340004418045282,430023168,0,2654208,e8b6ae0a97de23db232d3c2731a642b0e2a238e13590636f803eafb1e23c36b8,evidence/final_snapshot/results/nonlinear_top1cap3_transfer_v1/object_2009/top1_cap3_cache/rep1/result.json,False
eff_nonlinear,2009,a17.efficiency.nonlinear_top1cap3_transfer.v1,5c45c27b0e8b154d9f90f48ce51cdf3fb178072ad39bb895cfe1e5f00bd0e2d1,27,EXACT_GEOMETRY_BANK_HIT,OK,0.6433875000220723,"{""geometry_signature_hash"": 0.6418629999971017, ""identity_and_content_comparison"": 8.500006515532732e-06, ""bank_key_lookup"": 5.099980626255274e-06, ""hit_bank_and_metadata_copy"": 0.0013728999765589833}",0.00013800006126984954,430023168,0,2654208,e8b6ae0a97de23db232d3c2731a642b0e2a238e13590636f803eafb1e23c36b8,evidence/final_snapshot/results/nonlinear_top1cap3_transfer_v1/object_2009/top1_cap3_cache/rep1/result.json,False
eff_nonlinear,2009,a17.efficiency.nonlinear_top1cap3_transfer.v1,5c45c27b0e8b154d9f90f48ce51cdf3fb178072ad39bb895cfe1e5f00bd0e2d1,28,EXACT_GEOMETRY_BANK_HIT,OK,0.6454302000347525,"{""geometry_signature_hash"": 0.6439088000333868, ""identity_and_content_comparison"": 9.100011084228754e-06, ""bank_key_lookup"": 6.199989002197981e-06, ""hit_bank_and_metadata_copy"": 0.00136009999550879}",0.00014600000577047467,430023168,0,2654208,e8b6ae0a97de23db232d3c2731a642b0e2a238e13590636f803eafb1e23c36b8,evidence/final_snapshot/results/nonlinear_top1cap3_transfer_v1/object_2009/top1_cap3_cache/rep1/result.json,False
eff_nonlinear,2009,a17.efficiency.nonlinear_top1cap3_transfer.v1,5c45c27b0e8b154d9f90f48ce51cdf3fb178072ad39bb895cfe1e5f00bd0e2d1,29,EXACT_GEOMETRY_BANK_HIT,OK,0.6556867000181228,"{""geometry_signature_hash"": 0.6538588000112213, ""identity_and_content_comparison"": 8.500006515532732e-06, ""bank_key_lookup"": 5.400041118264198e-06, ""hit_bank_and_metadata_copy"": 0.0016686000162735581}",0.00014539994299411774,430023168,0,2654208,e8b6ae0a97de23db232d3c2731a642b0e2a238e13590636f803eafb1e23c36b8,evidence/final_snapshot/results/nonlinear_top1cap3_transfer_v1/object_2009/top1_cap3_cache/rep1/result.json,False
eff_nonlinear,2009,a17.efficiency.nonlinear_top1cap3_transfer.v1,5c45c27b0e8b154d9f90f48ce51cdf3fb178072ad39bb895cfe1e5f00bd0e2d1,30,EXACT_GEOMETRY_BANK_HIT,OK,0.6562490000505932,"{""geometry_signature_hash"": 0.6547496999846771, ""identity_and_content_comparison"": 8.100003469735384e-06, ""bank_key_lookup"": 5.599984433501959e-06, ""hit_bank_and_metadata_copy"": 0.001339399954304099}",0.00014620012370869517,430023168,0,2654208,e8b6ae0a97de23db232d3c2731a642b0e2a238e13590636f803eafb1e23c36b8,evidence/final_snapshot/results/nonlinear_top1cap3_transfer_v1/object_2009/top1_cap3_cache/rep1/result.json,False
eff_nonlinear,2009,a17.efficiency.nonlinear_top1cap3_transfer.v1,5c45c27b0e8b154d9f90f48ce51cdf3fb178072ad39bb895cfe1e5f00bd0e2d1,31,EXACT_GEOMETRY_BANK_HIT,OK,0.6561139000114053,"{""geometry_signature_hash"": 0.6543270000256598, ""identity_and_content_comparison"": 8.200004231184721e-06, ""bank_key_lookup"": 5.200039595365524e-06, ""hit_bank_and_metadata_copy"": 0.0016264999867416918}",0.00014699995517730713,430023168,0,2654208,e8b6ae0a97de23db232d3c2731a642b0e2a238e13590636f803eafb1e23c36b8,evidence/final_snapshot/results/nonlinear_top1cap3_transfer_v1/object_2009/top1_cap3_cache/rep1/result.json,False
eff_nonlinear,2009,a17.efficiency.nonlinear_top1cap3_transfer.v1,5c45c27b0e8b154d9f90f48ce51cdf3fb178072ad39bb895cfe1e5f00bd0e2d1,32,EXACT_GEOMETRY_BANK_HIT,OK,0.6386162999551743,"{""geometry_signature_hash"": 0.6368575000087731, ""identity_and_content_comparison"": 8.299946784973145e-06, ""bank_key_lookup"": 5.699985194951296e-06, ""hit_bank_and_metadata_copy"": 0.001609099970664829}",0.0001357000437565148,430023168,0,2654208,e8b6ae0a97de23db232d3c2731a642b0e2a238e13590636f803eafb1e23c36b8,evidence/final_snapshot/results/nonlinear_top1cap3_transfer_v1/object_2009/top1_cap3_cache/rep1/result.json,False
eff_nonlinear,2009,a17.efficiency.nonlinear_top1cap3_transfer.v1,5c45c27b0e8b154d9f90f48ce51cdf3fb178072ad39bb895cfe1e5f00bd0e2d1,33,EXACT_GEOMETRY_BANK_HIT,OK,0.651753899990581,"{""geometry_signature_hash"": 0.6502185999997891, ""identity_and_content_comparison"": 7.369997911155224e-05, ""bank_key_lookup"": 6.699992809444666e-06, ""hit_bank_and_metadata_copy"": 0.001298599992878735}",0.00015630002599209547,430023168,0,2654208,e8b6ae0a97de23db232d3c2731a642b0e2a238e13590636f803eafb1e23c36b8,evidence/final_snapshot/results/nonlinear_top1cap3_transfer_v1/object_2009/top1_cap3_cache/rep1/result.json,False
eff_nonlinear,2009,a17.efficiency.nonlinear_top1cap3_transfer.v1,5c45c27b0e8b154d9f90f48ce51cdf3fb178072ad39bb895cfe1e5f00bd0e2d1,34,EXACT_GEOMETRY_BANK_HIT,OK,0.6468875999562442,"{""geometry_signature_hash"": 0.6451695999712683, ""identity_and_content_comparison"": 8.800008799880743e-06, ""bank_key_lookup"": 9.200011845678091e-06, ""hit_bank_and_metadata_copy"": 0.001575100002810359}",0.0001248999615199864,430023168,0,2654208,e8b6ae0a97de23db232d3c2731a642b0e2a238e13590636f803eafb1e23c36b8,evidence/final_snapshot/results/nonlinear_top1cap3_transfer_v1/object_2009/top1_cap3_cache/rep1/result.json,False
eff_nonlinear,2009,a17.efficiency.nonlinear_top1cap3_transfer.v1,5c45c27b0e8b154d9f90f48ce51cdf3fb178072ad39bb895cfe1e5f00bd0e2d1,35,EXACT_GEOMETRY_BANK_HIT,OK,0.6343652000068687,"{""geometry_signature_hash"": 0.6327217000070959, ""identity_and_content_comparison"": 9.000010322779417e-06, ""bank_key_lookup"": 6.099988240748644e-06, ""hit_bank_and_metadata_copy"": 0.0014832000015303493}",0.00014519999967887998,430023168,0,2654208,e8b6ae0a97de23db232d3c2731a642b0e2a238e13590636f803eafb1e23c36b8,evidence/final_snapshot/results/nonlinear_top1cap3_transfer_v1/object_2009/top1_cap3_cache/rep1/result.json,False
eff_nonlinear,2009,a17.efficiency.nonlinear_top1cap3_transfer.v1,30b65fccbf5cd7299aefd8c12307d3aa09232e54fad3fcf72ecffb955b8b3fd4,0,MISS_ORIGINAL_ACQUISITION,OK,5.771237000008114,"{""geometry_signature_hash"": 1.295893700036686, ""identity_and_content_comparison"": 8.200004231184721e-06, ""cache_invalidation"": 1.9199971575289965e-05, ""bank_key_lookup"": 4.299974534660578e-06, ""original_provider_call"": 4.473685899982229, ""first_bank_storage_copy"": 0.0013803999754600227}",0.00024530006339773536,860046336,2654208,0,e8b6ae0a97de23db232d3c2731a642b0e2a238e13590636f803eafb1e23c36b8,evidence/final_snapshot/results/nonlinear_top1cap3_transfer_v1/object_2009/top1_cap3_cache/rep2/result.json,False
eff_nonlinear,2009,a17.efficiency.nonlinear_top1cap3_transfer.v1,30b65fccbf5cd7299aefd8c12307d3aa09232e54fad3fcf72ecffb955b8b3fd4,1,EXACT_GEOMETRY_BANK_HIT,OK,0.6405925999861211,"{""geometry_signature_hash"": 0.6389920999645256, ""identity_and_content_comparison"": 7.499998901039362e-06, ""bank_key_lookup"": 3.8000289350748062e-06, ""hit_bank_and_metadata_copy"": 0.001458899991121143}",0.0001303000026382506,430023168,0,2654208,e8b6ae0a97de23db232d3c2731a642b0e2a238e13590636f803eafb1e23c36b8,evidence/final_snapshot/results/nonlinear_top1cap3_transfer_v1/object_2009/top1_cap3_cache/rep2/result.json,False
eff_nonlinear,2009,a17.efficiency.nonlinear_top1cap3_transfer.v1,30b65fccbf5cd7299aefd8c12307d3aa09232e54fad3fcf72ecffb955b8b3fd4,2,EXACT_GEOMETRY_BANK_HIT,OK,0.6731130999978632,"{""geometry_signature_hash"": 0.6715575000271201, ""identity_and_content_comparison"": 8.90000956133008e-06, ""bank_key_lookup"": 5.89998671784997e-06, ""hit_bank_and_metadata_copy"": 0.0014044999843463302}",0.0001362999901175499,430023168,0,2654208,e8b6ae0a97de23db232d3c2731a642b0e2a238e13590636f803eafb1e23c36b8,evidence/final_snapshot/results/nonlinear_top1cap3_transfer_v1/object_2009/top1_cap3_cache/rep2/result.json,False
eff_nonlinear,2009,a17.efficiency.nonlinear_top1cap3_transfer.v1,30b65fccbf5cd7299aefd8c12307d3aa09232e54fad3fcf72ecffb955b8b3fd4,3,EXACT_GEOMETRY_BANK_HIT,OK,0.6552507999585941,"{""geometry_signature_hash"": 0.6531658999738283, ""identity_and_content_comparison"": 8.399947546422482e-06, ""bank_key_lookup"": 4.799978341907263e-06, ""hit_bank_and_metadata_copy"": 0.0019212999613955617}",0.00015040009748190641,430023168,0,2654208,e8b6ae0a97de23db232d3c2731a642b0e2a238e13590636f803eafb1e23c36b8,evidence/final_snapshot/results/nonlinear_top1cap3_transfer_v1/object_2009/top1_cap3_cache/rep2/result.json,False
eff_nonlinear,2009,a17.efficiency.nonlinear_top1cap3_transfer.v1,30b65fccbf5cd7299aefd8c12307d3aa09232e54fad3fcf72ecffb955b8b3fd4,4,EXACT_GEOMETRY_BANK_HIT,OK,0.6530780000030063,"{""geometry_signature_hash"": 0.6515953000052832, ""identity_and_content_comparison"": 9.700015652924776e-06, ""bank_key_lookup"": 5.699985194951296e-06, ""hit_bank_and_metadata_copy"": 0.0013347999774850905}",0.000132500019390136,430023168,0,2654208,e8b6ae0a97de23db232d3c2731a642b0e2a238e13590636f803eafb1e23c36b8,evidence/final_snapshot/results/nonlinear_top1cap3_transfer_v1/object_2009/top1_cap3_cache/rep2/result.json,False
eff_nonlinear,2009,a17.efficiency.nonlinear_top1cap3_transfer.v1,30b65fccbf5cd7299aefd8c12307d3aa09232e54fad3fcf72ecffb955b8b3fd4,5,EXACT_GEOMETRY_BANK_HIT,OK,0.6473894999944605,"{""geometry_signature_hash"": 0.6458598999888636, ""identity_and_content_comparison"": 8.000002708286047e-06, ""bank_key_lookup"": 5.199981387704611e-06, ""hit_bank_and_metadata_copy"": 0.0013666999875567853}",0.00014970003394410014,430023168,0,2654208,e8b6ae0a97de23db232d3c2731a642b0e2a238e13590636f803eafb1e23c36b8,evidence/final_snapshot/results/nonlinear_top1cap3_transfer_v1/object_2009/top1_cap3_cache/rep2/result.json,False
eff_nonlinear,2009,a17.efficiency.nonlinear_top1cap3_transfer.v1,30b65fccbf5cd7299aefd8c12307d3aa09232e54fad3fcf72ecffb955b8b3fd4,6,EXACT_GEOMETRY_BANK_HIT,OK,0.6429562999983318,"{""geometry_signature_hash"": 0.6411505000432953, ""identity_and_content_comparison"": 9.600014891475439e-06, ""bank_key_lookup"": 6.199989002197981e-06, ""hit_bank_and_metadata_copy"": 0.001651099999435246}",0.00013889995170757174,430023168,0,2654208,e8b6ae0a97de23db232d3c2731a642b0e2a238e13590636f803eafb1e23c36b8,evidence/final_snapshot/results/nonlinear_top1cap3_transfer_v1/object_2009/top1_cap3_cache/rep2/result.json,False
eff_nonlinear,2009,a17.efficiency.nonlinear_top1cap3_transfer.v1,30b65fccbf5cd7299aefd8c12307d3aa09232e54fad3fcf72ecffb955b8b3fd4,7,EXACT_GEOMETRY_BANK_HIT,OK,0.6276159000117332,"{""geometry_signature_hash"": 0.6260221999837086, ""identity_and_content_comparison"": 8.600007276982069e-06, ""bank_key_lookup"": 6.100046448409557e-06, ""hit_bank_and_metadata_copy"": 0.001429900003131479}",0.0001490999711677432,430023168,0,2654208,e8b6ae0a97de23db232d3c2731a642b0e2a238e13590636f803eafb1e23c36b8,evidence/final_snapshot/results/nonlinear_top1cap3_transfer_v1/object_2009/top1_cap3_cache/rep2/result.json,False
eff_nonlinear,2009,a17.efficiency.nonlinear_top1cap3_transfer.v1,30b65fccbf5cd7299aefd8c12307d3aa09232e54fad3fcf72ecffb955b8b3fd4,8,EXACT_GEOMETRY_BANK_HIT,OK,0.6586697999737225,"{""geometry_signature_hash"": 0.6569044000352733, ""identity_and_content_comparison"": 9.200011845678091e-06, ""bank_key_lookup"": 5.500041879713535e-06, ""hit_bank_and_metadata_copy"": 0.001601400028448552}",0.00014929985627532005,430023168,0,2654208,e8b6ae0a97de23db232d3c2731a642b0e2a238e13590636f803eafb1e23c36b8,evidence/final_snapshot/results/nonlinear_top1cap3_transfer_v1/object_2009/top1_cap3_cache/rep2/result.json,False
eff_nonlinear,2009,a17.efficiency.nonlinear_top1cap3_transfer.v1,30b65fccbf5cd7299aefd8c12307d3aa09232e54fad3fcf72ecffb955b8b3fd4,9,EXACT_GEOMETRY_BANK_HIT,OK,0.6420628000050783,"{""geometry_signature_hash"": 0.6405730999540538, ""identity_and_content_comparison"": 8.400005754083395e-06, ""bank_key_lookup"": 4.999979864805937e-06, ""hit_bank_and_metadata_copy"": 0.001332900021225214}",0.00014340004418045282,430023168,0,2654208,e8b6ae0a97de23db232d3c2731a642b0e2a238e13590636f803eafb1e23c36b8,evidence/final_snapshot/results/nonlinear_top1cap3_transfer_v1/object_2009/top1_cap3_cache/rep2/result.json,False
eff_nonlinear,2009,a17.efficiency.nonlinear_top1cap3_transfer.v1,30b65fccbf5cd7299aefd8c12307d3aa09232e54fad3fcf72ecffb955b8b3fd4,10,EXACT_GEOMETRY_BANK_HIT,OK,0.6479342000093311,"{""geometry_signature_hash"": 0.6463564999867231, ""identity_and_content_comparison"": 9.300012607127428e-06, ""bank_key_lookup"": 6.300047971308231e-06, ""hit_bank_and_metadata_copy"": 0.0014174000243656337}",0.00014469993766397238,430023168,0,2654208,e8b6ae0a97de23db232d3c2731a642b0e2a238e13590636f803eafb1e23c36b8,evidence/final_snapshot/results/nonlinear_top1cap3_transfer_v1/object_2009/top1_cap3_cache/rep2/result.json,False
eff_nonlinear,2009,a17.efficiency.nonlinear_top1cap3_transfer.v1,30b65fccbf5cd7299aefd8c12307d3aa09232e54fad3fcf72ecffb955b8b3fd4,11,EXACT_GEOMETRY_BANK_HIT,OK,0.6491107000038028,"{""geometry_signature_hash"": 0.6474061999469995, ""identity_and_content_comparison"": 1.1899974197149277e-05, ""bank_key_lookup"": 4.599976819008589e-06, ""hit_bank_and_metadata_copy"": 0.001541999983601272}",0.0001460001221857965,430023168,0,2654208,e8b6ae0a97de23db232d3c2731a642b0e2a238e13590636f803eafb1e23c36b8,evidence/final_snapshot/results/nonlinear_top1cap3_transfer_v1/object_2009/top1_cap3_cache/rep2/result.json,False
eff_nonlinear,2009,a17.efficiency.nonlinear_top1cap3_transfer.v1,30b65fccbf5cd7299aefd8c12307d3aa09232e54fad3fcf72ecffb955b8b3fd4,12,EXACT_GEOMETRY_BANK_HIT,OK,0.6559063000022434,"{""geometry_signature_hash"": 0.6542945000110194, ""identity_and_content_comparison"": 9.400013368576765e-06, ""bank_key_lookup"": 5.799985956400633e-06, ""hit_bank_and_metadata_copy"": 0.0014157999539747834}",0.0001808000379242003,430023168,0,2654208,e8b6ae0a97de23db232d3c2731a642b0e2a238e13590636f803eafb1e23c36b8,evidence/final_snapshot/results/nonlinear_top1cap3_transfer_v1/object_2009/top1_cap3_cache/rep2/result.json,False
eff_nonlinear,2009,a17.efficiency.nonlinear_top1cap3_transfer.v1,30b65fccbf5cd7299aefd8c12307d3aa09232e54fad3fcf72ecffb955b8b3fd4,13,EXACT_GEOMETRY_BANK_HIT,OK,0.6495532999979332,"{""geometry_signature_hash"": 0.6480650000157766, ""identity_and_content_comparison"": 8.100003469735384e-06, ""bank_key_lookup"": 5.199981387704611e-06, ""hit_bank_and_metadata_copy"": 0.0013368999934755266}",0.00013810000382363796,430023168,0,2654208,e8b6ae0a97de23db232d3c2731a642b0e2a238e13590636f803eafb1e23c36b8,evidence/final_snapshot/results/nonlinear_top1cap3_transfer_v1/object_2009/top1_cap3_cache/rep2/result.json,False
eff_nonlinear,2009,a17.efficiency.nonlinear_top1cap3_transfer.v1,30b65fccbf5cd7299aefd8c12307d3aa09232e54fad3fcf72ecffb955b8b3fd4,14,EXACT_GEOMETRY_BANK_HIT,OK,0.6254721999866888,"{""geometry_signature_hash"": 0.6240266999811865, ""identity_and_content_comparison"": 9.100011084228754e-06, ""bank_key_lookup"": 5.599984433501959e-06, ""hit_bank_and_metadata_copy"": 0.0012969999806955457}",0.00013380002928897738,430023168,0,2654208,e8b6ae0a97de23db232d3c2731a642b0e2a238e13590636f803eafb1e23c36b8,evidence/final_snapshot/results/nonlinear_top1cap3_transfer_v1/object_2009/top1_cap3_cache/rep2/result.json,False
eff_nonlinear,2009,a17.efficiency.nonlinear_top1cap3_transfer.v1,30b65fccbf5cd7299aefd8c12307d3aa09232e54fad3fcf72ecffb955b8b3fd4,15,EXACT_GEOMETRY_BANK_HIT,OK,0.659777800028678,"{""geometry_signature_hash"": 0.658268200000748, ""identity_and_content_comparison"": 9.000010322779417e-06, ""bank_key_lookup"": 5.199981387704611e-06, ""hit_bank_and_metadata_copy"": 0.001357399974949658}",0.00013800006126984954,430023168,0,2654208,e8b6ae0a97de23db232d3c2731a642b0e2a238e13590636f803eafb1e23c36b8,evidence/final_snapshot/results/nonlinear_top1cap3_transfer_v1/object_2009/top1_cap3_cache/rep2/result.json,False
eff_nonlinear,2009,a17.efficiency.nonlinear_top1cap3_transfer.v1,30b65fccbf5cd7299aefd8c12307d3aa09232e54fad3fcf72ecffb955b8b3fd4,16,EXACT_GEOMETRY_BANK_HIT,OK,0.6544859000132419,"{""geometry_signature_hash"": 0.6528159999870695, ""identity_and_content_comparison"": 9.500014130026102e-06, ""bank_key_lookup"": 6.499991286545992e-06, ""hit_bank_and_metadata_copy"": 0.0015076000127010047}",0.00014630000805482268,430023168,0,2654208,e8b6ae0a97de23db232d3c2731a642b0e2a238e13590636f803eafb1e23c36b8,evidence/final_snapshot/results/nonlinear_top1cap3_transfer_v1/object_2009/top1_cap3_cache/rep2/result.json,False
eff_nonlinear,2009,a17.efficiency.nonlinear_top1cap3_transfer.v1,30b65fccbf5cd7299aefd8c12307d3aa09232e54fad3fcf72ecffb955b8b3fd4,17,EXACT_GEOMETRY_BANK_HIT,OK,0.6456114000175148,"{""geometry_signature_hash"": 0.6440312000340782, ""identity_and_content_comparison"": 8.000002708286047e-06, ""bank_key_lookup"": 4.900037311017513e-06, ""hit_bank_and_metadata_copy"": 0.0014297000016085804}",0.00013759994180873036,430023168,0,2654208,e8b6ae0a97de23db232d3c2731a642b0e2a238e13590636f803eafb1e23c36b8,evidence/final_snapshot/results/nonlinear_top1cap3_transfer_v1/object_2009/top1_cap3_cache/rep2/result.json,False
eff_nonlinear,2009,a17.efficiency.nonlinear_top1cap3_transfer.v1,30b65fccbf5cd7299aefd8c12307d3aa09232e54fad3fcf72ecffb955b8b3fd4,18,EXACT_GEOMETRY_BANK_HIT,OK,0.6477206000126898,"{""geometry_signature_hash"": 0.6461641000350937, ""identity_and_content_comparison"": 9.600014891475439e-06, ""bank_key_lookup"": 6.00004568696022e-06, ""hit_bank_and_metadata_copy"": 0.0013837000005878508}",0.00015719991642981768,430023168,0,2654208,e8b6ae0a97de23db232d3c2731a642b0e2a238e13590636f803eafb1e23c36b8,evidence/final_snapshot/results/nonlinear_top1cap3_transfer_v1/object_2009/top1_cap3_cache/rep2/result.json,False
eff_nonlinear,2009,a17.efficiency.nonlinear_top1cap3_transfer.v1,30b65fccbf5cd7299aefd8c12307d3aa09232e54fad3fcf72ecffb955b8b3fd4,19,EXACT_GEOMETRY_BANK_HIT,OK,0.6500194999971427,"{""geometry_signature_hash"": 0.6481862000073306, ""identity_and_content_comparison"": 7.90000194683671e-06, ""bank_key_lookup"": 4.999979864805937e-06, ""hit_bank_and_metadata_copy"": 0.0016774000250734389}",0.00014299998292699456,430023168,0,2654208,e8b6ae0a97de23db232d3c2731a642b0e2a238e13590636f803eafb1e23c36b8,evidence/final_snapshot/results/nonlinear_top1cap3_transfer_v1/object_2009/top1_cap3_cache/rep2/result.json,False
eff_nonlinear,2009,a17.efficiency.nonlinear_top1cap3_transfer.v1,30b65fccbf5cd7299aefd8c12307d3aa09232e54fad3fcf72ecffb955b8b3fd4,20,EXACT_GEOMETRY_BANK_HIT,OK,0.6537309999694116,"{""geometry_signature_hash"": 0.6518764999927953, ""identity_and_content_comparison"": 8.500006515532732e-06, ""bank_key_lookup"": 7.800001185387373e-06, ""hit_bank_and_metadata_copy"": 0.0016255999798886478}",0.0002125999890267849,430023168,0,2654208,e8b6ae0a97de23db232d3c2731a642b0e2a238e13590636f803eafb1e23c36b8,evidence/final_snapshot/results/nonlinear_top1cap3_transfer_v1/object_2009/top1_cap3_cache/rep2/result.json,False
eff_nonlinear,2009,a17.efficiency.nonlinear_top1cap3_transfer.v1,30b65fccbf5cd7299aefd8c12307d3aa09232e54fad3fcf72ecffb955b8b3fd4,21,EXACT_GEOMETRY_BANK_HIT,OK,0.6451654999982566,"{""geometry_signature_hash"": 0.6436071000061929, ""identity_and_content_comparison"": 7.599999662488699e-06, ""bank_key_lookup"": 4.999979864805937e-06, ""hit_bank_and_metadata_copy"": 0.001393800019286573}",0.00015199999324977398,430023168,0,2654208,e8b6ae0a97de23db232d3c2731a642b0e2a238e13590636f803eafb1e23c36b8,evidence/final_snapshot/results/nonlinear_top1cap3_transfer_v1/object_2009/top1_cap3_cache/rep2/result.json,False
eff_nonlinear,2009,a17.efficiency.nonlinear_top1cap3_transfer.v1,30b65fccbf5cd7299aefd8c12307d3aa09232e54fad3fcf72ecffb955b8b3fd4,22,EXACT_GEOMETRY_BANK_HIT,OK,0.644094799994491,"{""geometry_signature_hash"": 0.6424476000247523, ""identity_and_content_comparison"": 9.7999582067132e-06, ""bank_key_lookup"": 5.699985194951296e-06, ""hit_bank_and_metadata_copy"": 0.001489299989771098}",0.00014240003656595945,430023168,0,2654208,e8b6ae0a97de23db232d3c2731a642b0e2a238e13590636f803eafb1e23c36b8,evidence/final_snapshot/results/nonlinear_top1cap3_transfer_v1/object_2009/top1_cap3_cache/rep2/result.json,False
eff_nonlinear,2009,a17.efficiency.nonlinear_top1cap3_transfer.v1,30b65fccbf5cd7299aefd8c12307d3aa09232e54fad3fcf72ecffb955b8b3fd4,23,EXACT_GEOMETRY_BANK_HIT,OK,0.6550208000116982,"{""geometry_signature_hash"": 0.6534612000104971, ""identity_and_content_comparison"": 8.300004992634058e-06, ""bank_key_lookup"": 5.299982149153948e-06, ""hit_bank_and_metadata_copy"": 0.0013962999801151454}",0.00014970003394410014,430023168,0,2654208,e8b6ae0a97de23db232d3c2731a642b0e2a238e13590636f803eafb1e23c36b8,evidence/final_snapshot/results/nonlinear_top1cap3_transfer_v1/object_2009/top1_cap3_cache/rep2/result.json,False
eff_nonlinear,2009,a17.efficiency.nonlinear_top1cap3_transfer.v1,30b65fccbf5cd7299aefd8c12307d3aa09232e54fad3fcf72ecffb955b8b3fd4,24,EXACT_GEOMETRY_BANK_HIT,OK,0.5138050999958068,"{""geometry_signature_hash"": 0.5128354000044055, ""identity_and_content_comparison"": 4.699977580457926e-06, ""bank_key_lookup"": 2.6999623514711857e-06, ""hit_bank_and_metadata_copy"": 0.000887200003489852}",7.510004797950387e-05,430023168,0,2654208,e8b6ae0a97de23db232d3c2731a642b0e2a238e13590636f803eafb1e23c36b8,evidence/final_snapshot/results/nonlinear_top1cap3_transfer_v1/object_2009/top1_cap3_cache/rep2/result.json,False
eff_nonlinear,2009,a17.efficiency.nonlinear_top1cap3_transfer.v1,30b65fccbf5cd7299aefd8c12307d3aa09232e54fad3fcf72ecffb955b8b3fd4,25,EXACT_GEOMETRY_BANK_HIT,OK,0.610675000003539,"{""geometry_signature_hash"": 0.609043299977202, ""identity_and_content_comparison"": 8.100003469735384e-06, ""bank_key_lookup"": 4.799978341907263e-06, ""hit_bank_and_metadata_copy"": 0.0014751999988220632}",0.0001436000457033515,430023168,0,2654208,e8b6ae0a97de23db232d3c2731a642b0e2a238e13590636f803eafb1e23c36b8,evidence/final_snapshot/results/nonlinear_top1cap3_transfer_v1/object_2009/top1_cap3_cache/rep2/result.json,False
eff_nonlinear,2009,a17.efficiency.nonlinear_top1cap3_transfer.v1,30b65fccbf5cd7299aefd8c12307d3aa09232e54fad3fcf72ecffb955b8b3fd4,26,EXACT_GEOMETRY_BANK_HIT,OK,0.6472684000036679,"{""geometry_signature_hash"": 0.6457534999935888, ""identity_and_content_comparison"": 9.000010322779417e-06, ""bank_key_lookup"": 5.399982910603285e-06, ""hit_bank_and_metadata_copy"": 0.0013658999814651906}",0.00013460003538057208,430023168,0,2654208,e8b6ae0a97de23db232d3c2731a642b0e2a238e13590636f803eafb1e23c36b8,evidence/final_snapshot/results/nonlinear_top1cap3_transfer_v1/object_2009/top1_cap3_cache/rep2/result.json,False
eff_nonlinear,2009,a17.efficiency.nonlinear_top1cap3_transfer.v1,30b65fccbf5cd7299aefd8c12307d3aa09232e54fad3fcf72ecffb955b8b3fd4,27,EXACT_GEOMETRY_BANK_HIT,OK,0.6404478999902494,"{""geometry_signature_hash"": 0.6388976000016555, ""identity_and_content_comparison"": 9.499955922365189e-06, ""bank_key_lookup"": 5.89998671784997e-06, ""hit_bank_and_metadata_copy"": 0.0013818999868817627}",0.00015300005907192826,430023168,0,2654208,e8b6ae0a97de23db232d3c2731a642b0e2a238e13590636f803eafb1e23c36b8,evidence/final_snapshot/results/nonlinear_top1cap3_transfer_v1/object_2009/top1_cap3_cache/rep2/result.json,False
eff_nonlinear,2009,a17.efficiency.nonlinear_top1cap3_transfer.v1,30b65fccbf5cd7299aefd8c12307d3aa09232e54fad3fcf72ecffb955b8b3fd4,28,EXACT_GEOMETRY_BANK_HIT,OK,0.645102099981159,"{""geometry_signature_hash"": 0.6430108000058681, ""identity_and_content_comparison"": 9.400013368576765e-06, ""bank_key_lookup"": 5.699985194951296e-06, ""hit_bank_and_metadata_copy"": 0.0019200000097043812}",0.00015619996702298522,430023168,0,2654208,e8b6ae0a97de23db232d3c2731a642b0e2a238e13590636f803eafb1e23c36b8,evidence/final_snapshot/results/nonlinear_top1cap3_transfer_v1/object_2009/top1_cap3_cache/rep2/result.json,False
eff_nonlinear,2009,a17.efficiency.nonlinear_top1cap3_transfer.v1,30b65fccbf5cd7299aefd8c12307d3aa09232e54fad3fcf72ecffb955b8b3fd4,29,EXACT_GEOMETRY_BANK_HIT,OK,0.6284076999872923,"{""geometry_signature_hash"": 0.6266649999888614, ""identity_and_content_comparison"": 8.200004231184721e-06, ""bank_key_lookup"": 5.00003807246685e-06, ""hit_bank_and_metadata_copy"": 0.0015897999983280897}",0.00013969995779916644,430023168,0,2654208,e8b6ae0a97de23db232d3c2731a642b0e2a238e13590636f803eafb1e23c36b8,evidence/final_snapshot/results/nonlinear_top1cap3_transfer_v1/object_2009/top1_cap3_cache/rep2/result.json,False
eff_nonlinear,2009,a17.efficiency.nonlinear_top1cap3_transfer.v1,30b65fccbf5cd7299aefd8c12307d3aa09232e54fad3fcf72ecffb955b8b3fd4,30,EXACT_GEOMETRY_BANK_HIT,OK,0.6571476000244729,"{""geometry_signature_hash"": 0.6556388000026345, ""identity_and_content_comparison"": 9.599956683814526e-06, ""bank_key_lookup"": 2.9099988751113415e-05, ""hit_bank_and_metadata_copy"": 0.0013374999980442226}",0.00013260007835924625,430023168,0,2654208,e8b6ae0a97de23db232d3c2731a642b0e2a238e13590636f803eafb1e23c36b8,evidence/final_snapshot/results/nonlinear_top1cap3_transfer_v1/object_2009/top1_cap3_cache/rep2/result.json,False
eff_nonlinear,2009,a17.efficiency.nonlinear_top1cap3_transfer.v1,30b65fccbf5cd7299aefd8c12307d3aa09232e54fad3fcf72ecffb955b8b3fd4,31,EXACT_GEOMETRY_BANK_HIT,OK,0.6518273000256158,"{""geometry_signature_hash"": 0.6503690000390634, ""identity_and_content_comparison"": 8.200004231184721e-06, ""bank_key_lookup"": 5.499983672052622e-06, ""hit_bank_and_metadata_copy"": 0.0012936000130139291}",0.0001509999856352806,430023168,0,2654208,e8b6ae0a97de23db232d3c2731a642b0e2a238e13590636f803eafb1e23c36b8,evidence/final_snapshot/results/nonlinear_top1cap3_transfer_v1/object_2009/top1_cap3_cache/rep2/result.json,False
eff_nonlinear,2009,a17.efficiency.nonlinear_top1cap3_transfer.v1,30b65fccbf5cd7299aefd8c12307d3aa09232e54fad3fcf72ecffb955b8b3fd4,32,EXACT_GEOMETRY_BANK_HIT,OK,0.6449158999603242,"{""geometry_signature_hash"": 0.6433787999558263, ""identity_and_content_comparison"": 8.600007276982069e-06, ""bank_key_lookup"": 5.299982149153948e-06, ""hit_bank_and_metadata_copy"": 0.0013874999713152647}",0.0001357000437565148,430023168,0,2654208,e8b6ae0a97de23db232d3c2731a642b0e2a238e13590636f803eafb1e23c36b8,evidence/final_snapshot/results/nonlinear_top1cap3_transfer_v1/object_2009/top1_cap3_cache/rep2/result.json,False
eff_nonlinear,2009,a17.efficiency.nonlinear_top1cap3_transfer.v1,30b65fccbf5cd7299aefd8c12307d3aa09232e54fad3fcf72ecffb955b8b3fd4,33,EXACT_GEOMETRY_BANK_HIT,OK,0.6454876000061631,"{""geometry_signature_hash"": 0.6438933999743313, ""identity_and_content_comparison"": 8.400005754083395e-06, ""bank_key_lookup"": 4.999979864805937e-06, ""hit_bank_and_metadata_copy"": 0.0014451000024564564}",0.0001357000437565148,430023168,0,2654208,e8b6ae0a97de23db232d3c2731a642b0e2a238e13590636f803eafb1e23c36b8,evidence/final_snapshot/results/nonlinear_top1cap3_transfer_v1/object_2009/top1_cap3_cache/rep2/result.json,False
eff_nonlinear,2009,a17.efficiency.nonlinear_top1cap3_transfer.v1,30b65fccbf5cd7299aefd8c12307d3aa09232e54fad3fcf72ecffb955b8b3fd4,34,EXACT_GEOMETRY_BANK_HIT,OK,0.6490595000213943,"{""geometry_signature_hash"": 0.6474175000330433, ""identity_and_content_comparison"": 9.400013368576765e-06, ""bank_key_lookup"": 5.799985956400633e-06, ""hit_bank_and_metadata_copy"": 0.0014863000251352787}",0.00014049996389076114,430023168,0,2654208,e8b6ae0a97de23db232d3c2731a642b0e2a238e13590636f803eafb1e23c36b8,evidence/final_snapshot/results/nonlinear_top1cap3_transfer_v1/object_2009/top1_cap3_cache/rep2/result.json,False
eff_nonlinear,2009,a17.efficiency.nonlinear_top1cap3_transfer.v1,30b65fccbf5cd7299aefd8c12307d3aa09232e54fad3fcf72ecffb955b8b3fd4,35,EXACT_GEOMETRY_BANK_HIT,OK,0.6438445000094362,"{""geometry_signature_hash"": 0.6423639999702573, ""identity_and_content_comparison"": 8.300004992634058e-06, ""bank_key_lookup"": 4.799978341907263e-06, ""hit_bank_and_metadata_copy"": 0.0013361999881453812}",0.00013120006769895554,430023168,0,2654208,e8b6ae0a97de23db232d3c2731a642b0e2a238e13590636f803eafb1e23c36b8,evidence/final_snapshot/results/nonlinear_top1cap3_transfer_v1/object_2009/top1_cap3_cache/rep2/result.json,False
eff_nonlinear,2002,a17.efficiency.nonlinear_transfer.v1,03d1cea9d1c2187f45c8bce78b82d2124e0c729223f575ac586d0e1f9b12de12,0,MISS_ORIGINAL_ACQUISITION,OK,5.7434964000131,"{""geometry_signature_hash"": 1.2913096999982372, ""identity_and_content_comparison"": 7.199996616691351e-06, ""cache_invalidation"": 1.869996776804328e-05, ""bank_key_lookup"": 3.7999707274138927e-06, ""original_provider_call"": 4.450526400003582, ""first_bank_storage_copy"": 0.0013826999929733574}",0.0002479000831954181,860046336,2654208,0,e8b6ae0a97de23db232d3c2731a642b0e2a238e13590636f803eafb1e23c36b8,evidence/final_snapshot/results/nonlinear_transfer_v1/object_2002/original_top2_cap3_cache/rep0/result.json,False
eff_nonlinear,2002,a17.efficiency.nonlinear_transfer.v1,03d1cea9d1c2187f45c8bce78b82d2124e0c729223f575ac586d0e1f9b12de12,1,EXACT_GEOMETRY_BANK_HIT,OK,0.6524288000073284,"{""geometry_signature_hash"": 0.650749700027518, ""identity_and_content_comparison"": 7.800001185387373e-06, ""bank_key_lookup"": 4.499976057559252e-06, ""hit_bank_and_metadata_copy"": 0.0015245999675244093}",0.00014220003504306078,430023168,0,2654208,e8b6ae0a97de23db232d3c2731a642b0e2a238e13590636f803eafb1e23c36b8,evidence/final_snapshot/results/nonlinear_transfer_v1/object_2002/original_top2_cap3_cache/rep0/result.json,False
eff_nonlinear,2002,a17.efficiency.nonlinear_transfer.v1,03d1cea9d1c2187f45c8bce78b82d2124e0c729223f575ac586d0e1f9b12de12,2,EXACT_GEOMETRY_BANK_HIT,OK,0.6373614000040106,"{""geometry_signature_hash"": 0.6357588999671862, ""identity_and_content_comparison"": 9.100011084228754e-06, ""bank_key_lookup"": 5.600042641162872e-06, ""hit_bank_and_metadata_copy"": 0.0014502000412903726}",0.00013759994180873036,430023168,0,2654208,e8b6ae0a97de23db232d3c2731a642b0e2a238e13590636f803eafb1e23c36b8,evidence/final_snapshot/results/nonlinear_transfer_v1/object_2002/original_top2_cap3_cache/rep0/result.json,False
eff_nonlinear,2002,a17.efficiency.nonlinear_transfer.v1,03d1cea9d1c2187f45c8bce78b82d2124e0c729223f575ac586d0e1f9b12de12,3,EXACT_GEOMETRY_BANK_HIT,OK,0.6282988999737427,"{""geometry_signature_hash"": 0.6267290000105277, ""identity_and_content_comparison"": 8.400005754083395e-06, ""bank_key_lookup"": 5.300040356814861e-06, ""hit_bank_and_metadata_copy"": 0.001416000013705343}",0.0001401999033987522,430023168,0,2654208,e8b6ae0a97de23db232d3c2731a642b0e2a238e13590636f803eafb1e23c36b8,evidence/final_snapshot/results/nonlinear_transfer_v1/object_2002/original_top2_cap3_cache/rep0/result.json,False
eff_nonlinear,2002,a17.efficiency.nonlinear_transfer.v1,03d1cea9d1c2187f45c8bce78b82d2124e0c729223f575ac586d0e1f9b12de12,4,EXACT_GEOMETRY_BANK_HIT,OK,0.643272600020282,"{""geometry_signature_hash"": 0.6416408999939449, ""identity_and_content_comparison"": 9.400013368576765e-06, ""bank_key_lookup"": 5.700043402612209e-06, ""hit_bank_and_metadata_copy"": 0.0014820000506006181}",0.00013459991896525025,430023168,0,2654208,e8b6ae0a97de23db232d3c2731a642b0e2a238e13590636f803eafb1e23c36b8,evidence/final_snapshot/results/nonlinear_transfer_v1/object_2002/original_top2_cap3_cache/rep0/result.json,False
eff_nonlinear,2002,a17.efficiency.nonlinear_transfer.v1,03d1cea9d1c2187f45c8bce78b82d2124e0c729223f575ac586d0e1f9b12de12,5,EXACT_GEOMETRY_BANK_HIT,OK,0.6529009000514634,"{""geometry_signature_hash"": 0.6509600999997929, ""identity_and_content_comparison"": 8.800008799880743e-06, ""bank_key_lookup"": 4.8999791033566e-06, ""hit_bank_and_metadata_copy"": 0.0015718999784439802}",0.00035520008532330394,430023168,0,2654208,e8b6ae0a97de23db232d3c2731a642b0e2a238e13590636f803eafb1e23c36b8,evidence/final_snapshot/results/nonlinear_transfer_v1/object_2002/original_top2_cap3_cache/rep0/result.json,False
eff_nonlinear,2002,a17.efficiency.nonlinear_transfer.v1,03d1cea9d1c2187f45c8bce78b82d2124e0c729223f575ac586d0e1f9b12de12,6,EXACT_GEOMETRY_BANK_HIT,OK,0.6495746999862604,"{""geometry_signature_hash"": 0.6481481000082567, ""identity_and_content_comparison"": 9.599956683814526e-06, ""bank_key_lookup"": 5.999987479299307e-06, ""hit_bank_and_metadata_copy"": 0.0013022000202909112}",0.00010880001354962587,430023168,0,2654208,e8b6ae0a97de23db232d3c2731a642b0e2a238e13590636f803eafb1e23c36b8,evidence/final_snapshot/results/nonlinear_transfer_v1/object_2002/original_top2_cap3_cache/rep0/result.json,False
eff_nonlinear,2002,a17.efficiency.nonlinear_transfer.v1,03d1cea9d1c2187f45c8bce78b82d2124e0c729223f575ac586d0e1f9b12de12,7,EXACT_GEOMETRY_BANK_HIT,OK,0.6480347999604419,"{""geometry_signature_hash"": 0.6464512000093237, ""identity_and_content_comparison"": 8.100003469735384e-06, ""bank_key_lookup"": 5.199981387704611e-06, ""hit_bank_and_metadata_copy"": 0.0014287999947555363}",0.0001414999715052545,430023168,0,2654208,e8b6ae0a97de23db232d3c2731a642b0e2a238e13590636f803eafb1e23c36b8,evidence/final_snapshot/results/nonlinear_transfer_v1/object_2002/original_top2_cap3_cache/rep0/result.json,False
eff_nonlinear,2002,a17.efficiency.nonlinear_transfer.v1,03d1cea9d1c2187f45c8bce78b82d2124e0c729223f575ac586d0e1f9b12de12,8,EXACT_GEOMETRY_BANK_HIT,OK,0.6410929999547079,"{""geometry_signature_hash"": 0.6395932000014, ""identity_and_content_comparison"": 9.999959729611874e-06, ""bank_key_lookup"": 5.799985956400633e-06, ""hit_bank_and_metadata_copy"": 0.0013477999600581825}",0.00013620004756376147,430023168,0,2654208,e8b6ae0a97de23db232d3c2731a642b0e2a238e13590636f803eafb1e23c36b8,evidence/final_snapshot/results/nonlinear_transfer_v1/object_2002/original_top2_cap3_cache/rep0/result.json,False
eff_nonlinear,2002,a17.efficiency.nonlinear_transfer.v1,03d1cea9d1c2187f45c8bce78b82d2124e0c729223f575ac586d0e1f9b12de12,9,EXACT_GEOMETRY_BANK_HIT,OK,0.6486705000279471,"{""geometry_signature_hash"": 0.6471153000020422, ""identity_and_content_comparison"": 7.800001185387373e-06, ""bank_key_lookup"": 5.399982910603285e-06, ""hit_bank_and_metadata_copy"": 0.0013941999641247094}",0.00014780007768422365,430023168,0,2654208,e8b6ae0a97de23db232d3c2731a642b0e2a238e13590636f803eafb1e23c36b8,evidence/final_snapshot/results/nonlinear_transfer_v1/object_2002/original_top2_cap3_cache/rep0/result.json,False
eff_nonlinear,2002,a17.efficiency.nonlinear_transfer.v1,03d1cea9d1c2187f45c8bce78b82d2124e0c729223f575ac586d0e1f9b12de12,10,EXACT_GEOMETRY_BANK_HIT,OK,0.6489873999962583,"{""geometry_signature_hash"": 0.6473872999777086, ""identity_and_content_comparison"": 9.800016414374113e-06, ""bank_key_lookup"": 5.700043402612209e-06, ""hit_bank_and_metadata_copy"": 0.0014475000207312405}",0.00013709993800148368,430023168,0,2654208,e8b6ae0a97de23db232d3c2731a642b0e2a238e13590636f803eafb1e23c36b8,evidence/final_snapshot/results/nonlinear_transfer_v1/object_2002/original_top2_cap3_cache/rep0/result.json,False
eff_nonlinear,2002,a17.efficiency.nonlinear_transfer.v1,03d1cea9d1c2187f45c8bce78b82d2124e0c729223f575ac586d0e1f9b12de12,11,EXACT_GEOMETRY_BANK_HIT,OK,0.6463540999684483,"{""geometry_signature_hash"": 0.6445531999925151, ""identity_and_content_comparison"": 1.0999967344105244e-05, ""bank_key_lookup"": 5.999987479299307e-06, ""hit_bank_and_metadata_copy"": 0.0016116999904625118}",0.00017220003064721823,430023168,0,2654208,e8b6ae0a97de23db232d3c2731a642b0e2a238e13590636f803eafb1e23c36b8,evidence/final_snapshot/results/nonlinear_transfer_v1/object_2002/original_top2_cap3_cache/rep0/result.json,False
eff_nonlinear,2002,a17.efficiency.nonlinear_transfer.v1,03d1cea9d1c2187f45c8bce78b82d2124e0c729223f575ac586d0e1f9b12de12,12,EXACT_GEOMETRY_BANK_HIT,OK,0.644419799966272,"{""geometry_signature_hash"": 0.6423173000221141, ""identity_and_content_comparison"": 9.300012607127428e-06, ""bank_key_lookup"": 5.699985194951296e-06, ""hit_bank_and_metadata_copy"": 0.001941199996508658}",0.00014629994984716177,430023168,0,2654208,e8b6ae0a97de23db232d3c2731a642b0e2a238e13590636f803eafb1e23c36b8,evidence/final_snapshot/results/nonlinear_transfer_v1/object_2002/original_top2_cap3_cache/rep0/result.json,False
eff_nonlinear,2002,a17.efficiency.nonlinear_transfer.v1,03d1cea9d1c2187f45c8bce78b82d2124e0c729223f575ac586d0e1f9b12de12,13,EXACT_GEOMETRY_BANK_HIT,OK,0.6477876999997534,"{""geometry_signature_hash"": 0.6454291999689303, ""identity_and_content_comparison"": 8.90000956133008e-06, ""bank_key_lookup"": 1.5700003132224083e-05, ""hit_bank_and_metadata_copy"": 0.0019308999762870371}",0.00040300004184246063,430023168,0,2654208,e8b6ae0a97de23db232d3c2731a642b0e2a238e13590636f803eafb1e23c36b8,evidence/final_snapshot/results/nonlinear_transfer_v1/object_2002/original_top2_cap3_cache/rep0/result.json,False
eff_nonlinear,2002,a17.efficiency.nonlinear_transfer.v1,03d1cea9d1c2187f45c8bce78b82d2124e0c729223f575ac586d0e1f9b12de12,14,EXACT_GEOMETRY_BANK_HIT,OK,0.6345225999830291,"{""geometry_signature_hash"": 0.6329486999893561, ""identity_and_content_comparison"": 9.600014891475439e-06, ""bank_key_lookup"": 5.900044925510883e-06, ""hit_bank_and_metadata_copy"": 0.0014165000175125897}",0.00014189991634339094,430023168,0,2654208,e8b6ae0a97de23db232d3c2731a642b0e2a238e13590636f803eafb1e23c36b8,evidence/final_snapshot/results/nonlinear_transfer_v1/object_2002/original_top2_cap3_cache/rep0/result.json,False
eff_nonlinear,2002,a17.efficiency.nonlinear_transfer.v1,03d1cea9d1c2187f45c8bce78b82d2124e0c729223f575ac586d0e1f9b12de12,15,EXACT_GEOMETRY_BANK_HIT,OK,0.6560172999743372,"{""geometry_signature_hash"": 0.6543757999897934, ""identity_and_content_comparison"": 8.499948307871819e-06, ""bank_key_lookup"": 5.500041879713535e-06, ""hit_bank_and_metadata_copy"": 0.001484300009906292}",0.00014319998444989324,430023168,0,2654208,e8b6ae0a97de23db232d3c2731a642b0e2a238e13590636f803eafb1e23c36b8,evidence/final_snapshot/results/nonlinear_transfer_v1/object_2002/original_top2_cap3_cache/rep0/result.json,False
eff_nonlinear,2002,a17.efficiency.nonlinear_transfer.v1,03d1cea9d1c2187f45c8bce78b82d2124e0c729223f575ac586d0e1f9b12de12,16,EXACT_GEOMETRY_BANK_HIT,OK,0.6479241999913938,"{""geometry_signature_hash"": 0.6464400000404567, ""identity_and_content_comparison"": 9.300012607127428e-06, ""bank_key_lookup"": 5.799985956400633e-06, ""hit_bank_and_metadata_copy"": 0.0013357999850995839}",0.00013329996727406979,430023168,0,2654208,e8b6ae0a97de23db232d3c2731a642b0e2a238e13590636f803eafb1e23c36b8,evidence/final_snapshot/results/nonlinear_transfer_v1/object_2002/original_top2_cap3_cache/rep0/result.json,False
eff_nonlinear,2002,a17.efficiency.nonlinear_transfer.v1,03d1cea9d1c2187f45c8bce78b82d2124e0c729223f575ac586d0e1f9b12de12,17,EXACT_GEOMETRY_BANK_HIT,OK,0.65230039996095,"{""geometry_signature_hash"": 0.6502391000394709, ""identity_and_content_comparison"": 8.400005754083395e-06, ""bank_key_lookup"": 5.499983672052622e-06, ""hit_bank_and_metadata_copy"": 0.0018982000183314085}",0.00014919991372153163,430023168,0,2654208,e8b6ae0a97de23db232d3c2731a642b0e2a238e13590636f803eafb1e23c36b8,evidence/final_snapshot/results/nonlinear_transfer_v1/object_2002/original_top2_cap3_cache/rep0/result.json,False
eff_nonlinear,2002,a17.efficiency.nonlinear_transfer.v1,03d1cea9d1c2187f45c8bce78b82d2124e0c729223f575ac586d0e1f9b12de12,18,EXACT_GEOMETRY_BANK_HIT,OK,0.6522913000080734,"{""geometry_signature_hash"": 0.6506800000206567, ""identity_and_content_comparison"": 9.199953638017178e-06, ""bank_key_lookup"": 5.799985956400633e-06, ""hit_bank_and_metadata_copy"": 0.0014642999740317464}",0.00013200007379055023,430023168,0,2654208,e8b6ae0a97de23db232d3c2731a642b0e2a238e13590636f803eafb1e23c36b8,evidence/final_snapshot/results/nonlinear_transfer_v1/object_2002/original_top2_cap3_cache/rep0/result.json,False
eff_nonlinear,2002,a17.efficiency.nonlinear_transfer.v1,03d1cea9d1c2187f45c8bce78b82d2124e0c729223f575ac586d0e1f9b12de12,19,EXACT_GEOMETRY_BANK_HIT,OK,0.6540449000312947,"{""geometry_signature_hash"": 0.6520694000064395, ""identity_and_content_comparison"": 8.100003469735384e-06, ""bank_key_lookup"": 5.299982149153948e-06, ""hit_bank_and_metadata_copy"": 0.001818799995817244}",0.0001433000434190035,430023168,0,2654208,e8b6ae0a97de23db232d3c2731a642b0e2a238e13590636f803eafb1e23c36b8,evidence/final_snapshot/results/nonlinear_transfer_v1/object_2002/original_top2_cap3_cache/rep0/result.json,False
eff_nonlinear,2002,a17.efficiency.nonlinear_transfer.v1,03d1cea9d1c2187f45c8bce78b82d2124e0c729223f575ac586d0e1f9b12de12,20,EXACT_GEOMETRY_BANK_HIT,OK,0.6496458000037819,"{""geometry_signature_hash"": 0.6481006999965757, ""identity_and_content_comparison"": 9.200011845678091e-06, ""bank_key_lookup"": 5.999987479299307e-06, ""hit_bank_and_metadata_copy"": 0.0013975999900139868}",0.00013230001786723733,430023168,0,2654208,e8b6ae0a97de23db232d3c2731a642b0e2a238e13590636f803eafb1e23c36b8,evidence/final_snapshot/results/nonlinear_transfer_v1/object_2002/original_top2_cap3_cache/rep0/result.json,False
eff_nonlinear,2002,a17.efficiency.nonlinear_transfer.v1,03d1cea9d1c2187f45c8bce78b82d2124e0c729223f575ac586d0e1f9b12de12,21,EXACT_GEOMETRY_BANK_HIT,OK,0.64710910001304,"{""geometry_signature_hash"": 0.6455203000223264, ""identity_and_content_comparison"": 8.400005754083395e-06, ""bank_key_lookup"": 5.499983672052622e-06, ""hit_bank_and_metadata_copy"": 0.0014269999810494483}",0.00014790002023801208,430023168,0,2654208,e8b6ae0a97de23db232d3c2731a642b0e2a238e13590636f803eafb1e23c36b8,evidence/final_snapshot/results/nonlinear_transfer_v1/object_2002/original_top2_cap3_cache/rep0/result.json,False
eff_nonlinear,2002,a17.efficiency.nonlinear_transfer.v1,03d1cea9d1c2187f45c8bce78b82d2124e0c729223f575ac586d0e1f9b12de12,22,EXACT_GEOMETRY_BANK_HIT,OK,0.6498150999541394,"{""geometry_signature_hash"": 0.6483169000130147, ""identity_and_content_comparison"": 9.599956683814526e-06, ""bank_key_lookup"": 5.799985956400633e-06, ""hit_bank_and_metadata_copy"": 0.001336999994236976}",0.000145800004247576,430023168,0,2654208,e8b6ae0a97de23db232d3c2731a642b0e2a238e13590636f803eafb1e23c36b8,evidence/final_snapshot/results/nonlinear_transfer_v1/object_2002/original_top2_cap3_cache/rep0/result.json,False
eff_nonlinear,2002,a17.efficiency.nonlinear_transfer.v1,03d1cea9d1c2187f45c8bce78b82d2124e0c729223f575ac586d0e1f9b12de12,23,EXACT_GEOMETRY_BANK_HIT,OK,0.645628200029023,"{""geometry_signature_hash"": 0.6439191999961622, ""identity_and_content_comparison"": 7.90000194683671e-06, ""bank_key_lookup"": 9.600014891475439e-06, ""hit_bank_and_metadata_copy"": 0.0014455000055022538}",0.0002460000105202198,430023168,0,2654208,e8b6ae0a97de23db232d3c2731a642b0e2a238e13590636f803eafb1e23c36b8,evidence/final_snapshot/results/nonlinear_transfer_v1/object_2002/original_top2_cap3_cache/rep0/result.json,False
eff_nonlinear,2002,a17.efficiency.nonlinear_transfer.v1,03d1cea9d1c2187f45c8bce78b82d2124e0c729223f575ac586d0e1f9b12de12,24,EXACT_GEOMETRY_BANK_HIT,OK,0.6635183999896981,"{""geometry_signature_hash"": 0.6620606999495067, ""identity_and_content_comparison"": 8.700008038431406e-06, ""bank_key_lookup"": 5.399982910603285e-06, ""hit_bank_and_metadata_copy"": 0.0013023000210523605}",0.00014130002819001675,430023168,0,2654208,e8b6ae0a97de23db232d3c2731a642b0e2a238e13590636f803eafb1e23c36b8,evidence/final_snapshot/results/nonlinear_transfer_v1/object_2002/original_top2_cap3_cache/rep0/result.json,False
eff_nonlinear,2002,a17.efficiency.nonlinear_transfer.v1,03d1cea9d1c2187f45c8bce78b82d2124e0c729223f575ac586d0e1f9b12de12,25,EXACT_GEOMETRY_BANK_HIT,OK,0.6502984000253491,"{""geometry_signature_hash"": 0.648802199983038, ""identity_and_content_comparison"": 8.200004231184721e-06, ""bank_key_lookup"": 6.799993570894003e-06, ""hit_bank_and_metadata_copy"": 0.001339100010227412}",0.00014210003428161144,430023168,0,2654208,e8b6ae0a97de23db232d3c2731a642b0e2a238e13590636f803eafb1e23c36b8,evidence/final_snapshot/results/nonlinear_transfer_v1/object_2002/original_top2_cap3_cache/rep0/result.json,False
eff_nonlinear,2002,a17.efficiency.nonlinear_transfer.v1,03d1cea9d1c2187f45c8bce78b82d2124e0c729223f575ac586d0e1f9b12de12,26,EXACT_GEOMETRY_BANK_HIT,OK,0.644295800011605,"{""geometry_signature_hash"": 0.6428332999930717, ""identity_and_content_comparison"": 9.000010322779417e-06, ""bank_key_lookup"": 5.699985194951296e-06, ""hit_bank_and_metadata_copy"": 0.0013157999492250383}",0.00013200007379055023,430023168,0,2654208,e8b6ae0a97de23db232d3c2731a642b0e2a238e13590636f803eafb1e23c36b8,evidence/final_snapshot/results/nonlinear_transfer_v1/object_2002/original_top2_cap3_cache/rep0/result.json,False
eff_nonlinear,2002,a17.efficiency.nonlinear_transfer.v1,03d1cea9d1c2187f45c8bce78b82d2124e0c729223f575ac586d0e1f9b12de12,27,EXACT_GEOMETRY_BANK_HIT,OK,0.6403669000137597,"{""geometry_signature_hash"": 0.638704199984204, ""identity_and_content_comparison"": 8.90000956133008e-06, ""bank_key_lookup"": 5.399982910603285e-06, ""hit_bank_and_metadata_copy"": 0.0015012999647296965}",0.0001471000723540783,430023168,0,2654208,e8b6ae0a97de23db232d3c2731a642b0e2a238e13590636f803eafb1e23c36b8,evidence/final_snapshot/results/nonlinear_transfer_v1/object_2002/original_top2_cap3_cache/rep0/result.json,False
eff_nonlinear,2002,a17.efficiency.nonlinear_transfer.v1,03d1cea9d1c2187f45c8bce78b82d2124e0c729223f575ac586d0e1f9b12de12,28,EXACT_GEOMETRY_BANK_HIT,OK,0.661583699984476,"{""geometry_signature_hash"": 0.6601958000101149, ""identity_and_content_comparison"": 8.800008799880743e-06, ""bank_key_lookup"": 6.499991286545992e-06, ""hit_bank_and_metadata_copy"": 0.0012461000005714595}",0.00012649997370317578,430023168,0,2654208,e8b6ae0a97de23db232d3c2731a642b0e2a238e13590636f803eafb1e23c36b8,evidence/final_snapshot/results/nonlinear_transfer_v1/object_2002/original_top2_cap3_cache/rep0/result.json,False
eff_nonlinear,2002,a17.efficiency.nonlinear_transfer.v1,03d1cea9d1c2187f45c8bce78b82d2124e0c729223f575ac586d0e1f9b12de12,29,EXACT_GEOMETRY_BANK_HIT,OK,0.6573164999717847,"{""geometry_signature_hash"": 0.6558349999831989, ""identity_and_content_comparison"": 8.100003469735384e-06, ""bank_key_lookup"": 5.200039595365524e-06, ""hit_bank_and_metadata_copy"": 0.0013080000062473118}",0.0001601999392732978,430023168,0,2654208,e8b6ae0a97de23db232d3c2731a642b0e2a238e13590636f803eafb1e23c36b8,evidence/final_snapshot/results/nonlinear_transfer_v1/object_2002/original_top2_cap3_cache/rep0/result.json,False
eff_nonlinear,2002,a17.efficiency.nonlinear_transfer.v1,03d1cea9d1c2187f45c8bce78b82d2124e0c729223f575ac586d0e1f9b12de12,30,EXACT_GEOMETRY_BANK_HIT,OK,0.6570453000022098,"{""geometry_signature_hash"": 0.6552278000162914, ""identity_and_content_comparison"": 1.4899997040629387e-05, ""bank_key_lookup"": 6.799993570894003e-06, ""hit_bank_and_metadata_copy"": 0.0016373000107705593}",0.00015849998453631997,430023168,0,2654208,e8b6ae0a97de23db232d3c2731a642b0e2a238e13590636f803eafb1e23c36b8,evidence/final_snapshot/results/nonlinear_transfer_v1/object_2002/original_top2_cap3_cache/rep0/result.json,False
eff_nonlinear,2002,a17.efficiency.nonlinear_transfer.v1,03d1cea9d1c2187f45c8bce78b82d2124e0c729223f575ac586d0e1f9b12de12,31,EXACT_GEOMETRY_BANK_HIT,OK,0.6441552999895066,"{""geometry_signature_hash"": 0.6426681000157259, ""identity_and_content_comparison"": 8.399947546422482e-06, ""bank_key_lookup"": 5.399982910603285e-06, ""hit_bank_and_metadata_copy"": 0.0013207999872975051}",0.00015260005602613091,430023168,0,2654208,e8b6ae0a97de23db232d3c2731a642b0e2a238e13590636f803eafb1e23c36b8,evidence/final_snapshot/results/nonlinear_transfer_v1/object_2002/original_top2_cap3_cache/rep0/result.json,False
eff_nonlinear,2002,a17.efficiency.nonlinear_transfer.v1,03d1cea9d1c2187f45c8bce78b82d2124e0c729223f575ac586d0e1f9b12de12,32,EXACT_GEOMETRY_BANK_HIT,OK,0.651767099974677,"{""geometry_signature_hash"": 0.6502561999950558, ""identity_and_content_comparison"": 1.0399962775409222e-05, ""bank_key_lookup"": 5.799985956400633e-06, ""hit_bank_and_metadata_copy"": 0.0013557999627664685}",0.00013890006812289357,430023168,0,2654208,e8b6ae0a97de23db232d3c2731a642b0e2a238e13590636f803eafb1e23c36b8,evidence/final_snapshot/results/nonlinear_transfer_v1/object_2002/original_top2_cap3_cache/rep0/result.json,False
eff_nonlinear,2002,a17.efficiency.nonlinear_transfer.v1,03d1cea9d1c2187f45c8bce78b82d2124e0c729223f575ac586d0e1f9b12de12,33,EXACT_GEOMETRY_BANK_HIT,OK,0.6419186000130139,"{""geometry_signature_hash"": 0.6403392000356689, ""identity_and_content_comparison"": 8.500006515532732e-06, ""bank_key_lookup"": 6.00004568696022e-06, ""hit_bank_and_metadata_copy"": 0.0014165000175125897}",0.00014839990762993693,430023168,0,2654208,e8b6ae0a97de23db232d3c2731a642b0e2a238e13590636f803eafb1e23c36b8,evidence/final_snapshot/results/nonlinear_transfer_v1/object_2002/original_top2_cap3_cache/rep0/result.json,False
eff_nonlinear,2002,a17.efficiency.nonlinear_transfer.v1,03d1cea9d1c2187f45c8bce78b82d2124e0c729223f575ac586d0e1f9b12de12,34,EXACT_GEOMETRY_BANK_HIT,OK,0.6512923000263982,"{""geometry_signature_hash"": 0.6498114000423811, ""identity_and_content_comparison"": 8.90000956133008e-06, ""bank_key_lookup"": 5.999987479299307e-06, ""hit_bank_and_metadata_copy"": 0.0013348000356927514}",0.0001311999512836337,430023168,0,2654208,e8b6ae0a97de23db232d3c2731a642b0e2a238e13590636f803eafb1e23c36b8,evidence/final_snapshot/results/nonlinear_transfer_v1/object_2002/original_top2_cap3_cache/rep0/result.json,False
eff_nonlinear,2002,a17.efficiency.nonlinear_transfer.v1,03d1cea9d1c2187f45c8bce78b82d2124e0c729223f575ac586d0e1f9b12de12,35,EXACT_GEOMETRY_BANK_HIT,OK,0.6490449000266381,"{""geometry_signature_hash"": 0.6475109999882989, ""identity_and_content_comparison"": 8.500006515532732e-06, ""bank_key_lookup"": 5.89998671784997e-06, ""hit_bank_and_metadata_copy"": 0.0013758999994024634}",0.0001436000457033515,430023168,0,2654208,e8b6ae0a97de23db232d3c2731a642b0e2a238e13590636f803eafb1e23c36b8,evidence/final_snapshot/results/nonlinear_transfer_v1/object_2002/original_top2_cap3_cache/rep0/result.json,False
eff_nonlinear,2002,a17.efficiency.nonlinear_transfer.v1,6705050fa9f7141392c4dbc74ec69d984ffe708725195834bd9b057edb3f6f77,0,MISS_ORIGINAL_ACQUISITION,OK,5.775107299967203,"{""geometry_signature_hash"": 1.2941918999422342, ""identity_and_content_comparison"": 7.299997378140688e-06, ""cache_invalidation"": 1.910002902150154e-05, ""bank_key_lookup"": 4.099973011761904e-06, ""original_provider_call"": 4.479312699986622, ""first_bank_storage_copy"": 0.0013413000269792974}",0.00023090001195669174,860046336,2654208,0,e8b6ae0a97de23db232d3c2731a642b0e2a238e13590636f803eafb1e23c36b8,evidence/final_snapshot/results/nonlinear_transfer_v1/object_2002/original_top2_cap3_cache/rep1/result.json,False
eff_nonlinear,2002,a17.efficiency.nonlinear_transfer.v1,6705050fa9f7141392c4dbc74ec69d984ffe708725195834bd9b057edb3f6f77,1,EXACT_GEOMETRY_BANK_HIT,OK,0.645564700011164,"{""geometry_signature_hash"": 0.6440258999937214, ""identity_and_content_comparison"": 8.199946023523808e-06, ""bank_key_lookup"": 4.099973011761904e-06, ""hit_bank_and_metadata_copy"": 0.0013612000038847327}",0.0001653000945225358,430023168,0,2654208,e8b6ae0a97de23db232d3c2731a642b0e2a238e13590636f803eafb1e23c36b8,evidence/final_snapshot/results/nonlinear_transfer_v1/object_2002/original_top2_cap3_cache/rep1/result.json,False
eff_nonlinear,2002,a17.efficiency.nonlinear_transfer.v1,6705050fa9f7141392c4dbc74ec69d984ffe708725195834bd9b057edb3f6f77,2,EXACT_GEOMETRY_BANK_HIT,OK,0.7315921999979764,"{""geometry_signature_hash"": 0.728398900013417, ""identity_and_content_comparison"": 9.100011084228754e-06, ""bank_key_lookup"": 5.499983672052622e-06, ""hit_bank_and_metadata_copy"": 0.0030391999753192067}",0.00013950001448392868,430023168,0,2654208,e8b6ae0a97de23db232d3c2731a642b0e2a238e13590636f803eafb1e23c36b8,evidence/final_snapshot/results/nonlinear_transfer_v1/object_2002/original_top2_cap3_cache/rep1/result.json,False
eff_nonlinear,2002,a17.efficiency.nonlinear_transfer.v1,6705050fa9f7141392c4dbc74ec69d984ffe708725195834bd9b057edb3f6f77,3,EXACT_GEOMETRY_BANK_HIT,OK,0.6465199000085704,"{""geometry_signature_hash"": 0.6443485000054352, ""identity_and_content_comparison"": 8.400005754083395e-06, ""bank_key_lookup"": 5.299982149153948e-06, ""hit_bank_and_metadata_copy"": 0.0013444999931380153}",0.0008132000220939517,430023168,0,2654208,e8b6ae0a97de23db232d3c2731a642b0e2a238e13590636f803eafb1e23c36b8,evidence/final_snapshot/results/nonlinear_transfer_v1/object_2002/original_top2_cap3_cache/rep1/result.json,False
eff_nonlinear,2002,a17.efficiency.nonlinear_transfer.v1,6705050fa9f7141392c4dbc74ec69d984ffe708725195834bd9b057edb3f6f77,4,EXACT_GEOMETRY_BANK_HIT,OK,0.6502195000066422,"{""geometry_signature_hash"": 0.64870369998971, ""identity_and_content_comparison"": 9.199953638017178e-06, ""bank_key_lookup"": 5.999987479299307e-06, ""hit_bank_and_metadata_copy"": 0.0013558999635279179}",0.00014470011228695512,430023168,0,2654208,e8b6ae0a97de23db232d3c2731a642b0e2a238e13590636f803eafb1e23c36b8,evidence/final_snapshot/results/nonlinear_transfer_v1/object_2002/original_top2_cap3_cache/rep1/result.json,False
eff_nonlinear,2002,a17.efficiency.nonlinear_transfer.v1,6705050fa9f7141392c4dbc74ec69d984ffe708725195834bd9b057edb3f6f77,5,EXACT_GEOMETRY_BANK_HIT,OK,0.6546635000267997,"{""geometry_signature_hash"": 0.6531673000426963, ""identity_and_content_comparison"": 8.100003469735384e-06, ""bank_key_lookup"": 5.299982149153948e-06, ""hit_bank_and_metadata_copy"": 0.0013436000444926322}",0.00013919995399191976,430023168,0,2654208,e8b6ae0a97de23db232d3c2731a642b0e2a238e13590636f803eafb1e23c36b8,evidence/final_snapshot/results/nonlinear_transfer_v1/object_2002/original_top2_cap3_cache/rep1/result.json,False
eff_nonlinear,2002,a17.efficiency.nonlinear_transfer.v1,6705050fa9f7141392c4dbc74ec69d984ffe708725195834bd9b057edb3f6f77,6,EXACT_GEOMETRY_BANK_HIT,OK,0.6515846999827772,"{""geometry_signature_hash"": 0.650056799990125, ""identity_and_content_comparison"": 9.199953638017178e-06, ""bank_key_lookup"": 5.799985956400633e-06, ""hit_bank_and_metadata_copy"": 0.0013715000241063535}",0.00014140002895146608,430023168,0,2654208,e8b6ae0a97de23db232d3c2731a642b0e2a238e13590636f803eafb1e23c36b8,evidence/final_snapshot/results/nonlinear_transfer_v1/object_2002/original_top2_cap3_cache/rep1/result.json,False
eff_nonlinear,2002,a17.efficiency.nonlinear_transfer.v1,6705050fa9f7141392c4dbc74ec69d984ffe708725195834bd9b057edb3f6f77,7,EXACT_GEOMETRY_BANK_HIT,OK,0.6422459000023082,"{""geometry_signature_hash"": 0.6405766000389121, ""identity_and_content_comparison"": 8.700008038431406e-06, ""bank_key_lookup"": 5.700043402612209e-06, ""hit_bank_and_metadata_copy"": 0.0015017000259831548}",0.0001531998859718442,430023168,0,2654208,e8b6ae0a97de23db232d3c2731a642b0e2a238e13590636f803eafb1e23c36b8,evidence/final_snapshot/results/nonlinear_transfer_v1/object_2002/original_top2_cap3_cache/rep1/result.json,False
eff_nonlinear,2002,a17.efficiency.nonlinear_transfer.v1,6705050fa9f7141392c4dbc74ec69d984ffe708725195834bd9b057edb3f6f77,8,EXACT_GEOMETRY_BANK_HIT,OK,0.6571926000178792,"{""geometry_signature_hash"": 0.6556645999662578, ""identity_and_content_comparison"": 3.50000336766243e-05, ""bank_key_lookup"": 5.89998671784997e-06, ""hit_bank_and_metadata_copy"": 0.00134680001065135}",0.00014030002057552338,430023168,0,2654208,e8b6ae0a97de23db232d3c2731a642b0e2a238e13590636f803eafb1e23c36b8,evidence/final_snapshot/results/nonlinear_transfer_v1/object_2002/original_top2_cap3_cache/rep1/result.json,False
eff_nonlinear,2002,a17.efficiency.nonlinear_transfer.v1,6705050fa9f7141392c4dbc74ec69d984ffe708725195834bd9b057edb3f6f77,9,EXACT_GEOMETRY_BANK_HIT,OK,0.6439489999902435,"{""geometry_signature_hash"": 0.6423490000306629, ""identity_and_content_comparison"": 8.500006515532732e-06, ""bank_key_lookup"": 5.299982149153948e-06, ""hit_bank_and_metadata_copy"": 0.001424000016413629}",0.00016219995450228453,430023168,0,2654208,e8b6ae0a97de23db232d3c2731a642b0e2a238e13590636f803eafb1e23c36b8,evidence/final_snapshot/results/nonlinear_transfer_v1/object_2002/original_top2_cap3_cache/rep1/result.json,False
eff_nonlinear,2002,a17.efficiency.nonlinear_transfer.v1,6705050fa9f7141392c4dbc74ec69d984ffe708725195834bd9b057edb3f6f77,10,EXACT_GEOMETRY_BANK_HIT,OK,0.6600395999848843,"{""geometry_signature_hash"": 0.6573563999845646, ""identity_and_content_comparison"": 9.699957445263863e-06, ""bank_key_lookup"": 5.89998671784997e-06, ""hit_bank_and_metadata_copy"": 0.002528199984226376}",0.00013940007193014026,430023168,0,2654208,e8b6ae0a97de23db232d3c2731a642b0e2a238e13590636f803eafb1e23c36b8,evidence/final_snapshot/results/nonlinear_transfer_v1/object_2002/original_top2_cap3_cache/rep1/result.json,False
eff_nonlinear,2002,a17.efficiency.nonlinear_transfer.v1,6705050fa9f7141392c4dbc74ec69d984ffe708725195834bd9b057edb3f6f77,11,EXACT_GEOMETRY_BANK_HIT,OK,0.6511343999882229,"{""geometry_signature_hash"": 0.6495299999951385, ""identity_and_content_comparison"": 8.600007276982069e-06, ""bank_key_lookup"": 5.799985956400633e-06, ""hit_bank_and_metadata_copy"": 0.001443199987988919}",0.00014680001186206937,430023168,0,2654208,e8b6ae0a97de23db232d3c2731a642b0e2a238e13590636f803eafb1e23c36b8,evidence/final_snapshot/results/nonlinear_transfer_v1/object_2002/original_top2_cap3_cache/rep1/result.json,False
eff_nonlinear,2002,a17.efficiency.nonlinear_transfer.v1,6705050fa9f7141392c4dbc74ec69d984ffe708725195834bd9b057edb3f6f77,12,EXACT_GEOMETRY_BANK_HIT,OK,0.6559543999610469,"{""geometry_signature_hash"": 0.6542687999899499, ""identity_and_content_comparison"": 9.499955922365189e-06, ""bank_key_lookup"": 5.89998671784997e-06, ""hit_bank_and_metadata_copy"": 0.0015287999995052814}",0.00014140002895146608,430023168,0,2654208,e8b6ae0a97de23db232d3c2731a642b0e2a238e13590636f803eafb1e23c36b8,evidence/final_snapshot/results/nonlinear_transfer_v1/object_2002/original_top2_cap3_cache/rep1/result.json,False
eff_nonlinear,2002,a17.efficiency.nonlinear_transfer.v1,6705050fa9f7141392c4dbc74ec69d984ffe708725195834bd9b057edb3f6f77,13,EXACT_GEOMETRY_BANK_HIT,OK,0.6439222000190057,"{""geometry_signature_hash"": 0.6414522999548353, ""identity_and_content_comparison"": 7.90000194683671e-06, ""bank_key_lookup"": 5.299982149153948e-06, ""hit_bank_and_metadata_copy"": 0.0023044999688863754}",0.00015220011118799448,430023168,0,2654208,e8b6ae0a97de23db232d3c2731a642b0e2a238e13590636f803eafb1e23c36b8,evidence/final_snapshot/results/nonlinear_transfer_v1/object_2002/original_top2_cap3_cache/rep1/result.json,False
eff_nonlinear,2002,a17.efficiency.nonlinear_transfer.v1,6705050fa9f7141392c4dbc74ec69d984ffe708725195834bd9b057edb3f6f77,14,EXACT_GEOMETRY_BANK_HIT,OK,0.6473857000237331,"{""geometry_signature_hash"": 0.6457860000082292, ""identity_and_content_comparison"": 1.0199961252510548e-05, ""bank_key_lookup"": 5.599984433501959e-06, ""hit_bank_and_metadata_copy"": 0.0014464000123552978}",0.00013750005746260285,430023168,0,2654208,e8b6ae0a97de23db232d3c2731a642b0e2a238e13590636f803eafb1e23c36b8,evidence/final_snapshot/results/nonlinear_transfer_v1/object_2002/original_top2_cap3_cache/rep1/result.json,False
eff_nonlinear,2002,a17.efficiency.nonlinear_transfer.v1,6705050fa9f7141392c4dbc74ec69d984ffe708725195834bd9b057edb3f6f77,15,EXACT_GEOMETRY_BANK_HIT,OK,0.6357062000315636,"{""geometry_signature_hash"": 0.6340390000259504, ""identity_and_content_comparison"": 8.300004992634058e-06, ""bank_key_lookup"": 5.199981387704611e-06, ""hit_bank_and_metadata_copy"": 0.0015124999918043613}",0.0001412000274285674,430023168,0,2654208,e8b6ae0a97de23db232d3c2731a642b0e2a238e13590636f803eafb1e23c36b8,evidence/final_snapshot/results/nonlinear_transfer_v1/object_2002/original_top2_cap3_cache/rep1/result.json,False
eff_nonlinear,2002,a17.efficiency.nonlinear_transfer.v1,6705050fa9f7141392c4dbc74ec69d984ffe708725195834bd9b057edb3f6f77,16,EXACT_GEOMETRY_BANK_HIT,OK,0.6537214999552816,"{""geometry_signature_hash"": 0.6521409000270069, ""identity_and_content_comparison"": 9.399955160915852e-06, ""bank_key_lookup"": 5.799985956400633e-06, ""hit_bank_and_metadata_copy"": 0.0014105999725870788}",0.00015480001457035542,430023168,0,2654208,e8b6ae0a97de23db232d3c2731a642b0e2a238e13590636f803eafb1e23c36b8,evidence/final_snapshot/results/nonlinear_transfer_v1/object_2002/original_top2_cap3_cache/rep1/result.json,False
eff_nonlinear,2002,a17.efficiency.nonlinear_transfer.v1,6705050fa9f7141392c4dbc74ec69d984ffe708725195834bd9b057edb3f6f77,17,EXACT_GEOMETRY_BANK_HIT,OK,0.6505075000459328,"{""geometry_signature_hash"": 0.6488061000127345, ""identity_and_content_comparison"": 8.600007276982069e-06, ""bank_key_lookup"": 5.299982149153948e-06, ""hit_bank_and_metadata_copy"": 0.0015192999853752553}",0.00016820005839690566,430023168,0,2654208,e8b6ae0a97de23db232d3c2731a642b0e2a238e13590636f803eafb1e23c36b8,evidence/final_snapshot/results/nonlinear_transfer_v1/object_2002/original_top2_cap3_cache/rep1/result.json,False
eff_nonlinear,2002,a17.efficiency.nonlinear_transfer.v1,6705050fa9f7141392c4dbc74ec69d984ffe708725195834bd9b057edb3f6f77,18,EXACT_GEOMETRY_BANK_HIT,OK,0.6456907999818213,"{""geometry_signature_hash"": 0.6442068999749608, ""identity_and_content_comparison"": 9.400013368576765e-06, ""bank_key_lookup"": 6.399990525096655e-06, ""hit_bank_and_metadata_copy"": 0.0013275999808683991}",0.00014050002209842205,430023168,0,2654208,e8b6ae0a97de23db232d3c2731a642b0e2a238e13590636f803eafb1e23c36b8,evidence/final_snapshot/results/nonlinear_transfer_v1/object_2002/original_top2_cap3_cache/rep1/result.json,False
eff_nonlinear,2002,a17.efficiency.nonlinear_transfer.v1,6705050fa9f7141392c4dbc74ec69d984ffe708725195834bd9b057edb3f6f77,19,EXACT_GEOMETRY_BANK_HIT,OK,0.6434608999988995,"{""geometry_signature_hash"": 0.6417117000091821, ""identity_and_content_comparison"": 8.899951353669167e-06, ""bank_key_lookup"": 5.400041118264198e-06, ""hit_bank_and_metadata_copy"": 0.001360399997793138}",0.0003744999994523823,430023168,0,2654208,e8b6ae0a97de23db232d3c2731a642b0e2a238e13590636f803eafb1e23c36b8,evidence/final_snapshot/results/nonlinear_transfer_v1/object_2002/original_top2_cap3_cache/rep1/result.json,False
eff_nonlinear,2002,a17.efficiency.nonlinear_transfer.v1,6705050fa9f7141392c4dbc74ec69d984ffe708725195834bd9b057edb3f6f77,20,EXACT_GEOMETRY_BANK_HIT,OK,0.6405535000376403,"{""geometry_signature_hash"": 0.6391142999636941, ""identity_and_content_comparison"": 9.500014130026102e-06, ""bank_key_lookup"": 6.299989763647318e-06, ""hit_bank_and_metadata_copy"": 0.0012752000475302339}",0.00014820002252236009,430023168,0,2654208,e8b6ae0a97de23db232d3c2731a642b0e2a238e13590636f803eafb1e23c36b8,evidence/final_snapshot/results/nonlinear_transfer_v1/object_2002/original_top2_cap3_cache/rep1/result.json,False
eff_nonlinear,2002,a17.efficiency.nonlinear_transfer.v1,6705050fa9f7141392c4dbc74ec69d984ffe708725195834bd9b057edb3f6f77,21,EXACT_GEOMETRY_BANK_HIT,OK,0.6500307000242174,"{""geometry_signature_hash"": 0.6485741000506096, ""identity_and_content_comparison"": 8.500006515532732e-06, ""bank_key_lookup"": 5.299982149153948e-06, ""hit_bank_and_metadata_copy"": 0.001296799979172647}",0.00014600000577047467,430023168,0,2654208,e8b6ae0a97de23db232d3c2731a642b0e2a238e13590636f803eafb1e23c36b8,evidence/final_snapshot/results/nonlinear_transfer_v1/object_2002/original_top2_cap3_cache/rep1/result.json,False
eff_nonlinear,2002,a17.efficiency.nonlinear_transfer.v1,6705050fa9f7141392c4dbc74ec69d984ffe708725195834bd9b057edb3f6f77,22,EXACT_GEOMETRY_BANK_HIT,OK,0.6541943000047468,"{""geometry_signature_hash"": 0.6527381999767385, ""identity_and_content_comparison"": 9.400013368576765e-06, ""bank_key_lookup"": 5.800044164061546e-06, ""hit_bank_and_metadata_copy"": 0.0013077000039629638}",0.00013319996651262045,430023168,0,2654208,e8b6ae0a97de23db232d3c2731a642b0e2a238e13590636f803eafb1e23c36b8,evidence/final_snapshot/results/nonlinear_transfer_v1/object_2002/original_top2_cap3_cache/rep1/result.json,False
eff_nonlinear,2002,a17.efficiency.nonlinear_transfer.v1,6705050fa9f7141392c4dbc74ec69d984ffe708725195834bd9b057edb3f6f77,23,EXACT_GEOMETRY_BANK_HIT,OK,0.6510298000066541,"{""geometry_signature_hash"": 0.6491526000318117, ""identity_and_content_comparison"": 8.000002708286047e-06, ""bank_key_lookup"": 4.999979864805937e-06, ""hit_bank_and_metadata_copy"": 0.0017205000040121377}",0.00014369998825713992,430023168,0,2654208,e8b6ae0a97de23db232d3c2731a642b0e2a238e13590636f803eafb1e23c36b8,evidence/final_snapshot/results/nonlinear_transfer_v1/object_2002/original_top2_cap3_cache/rep1/result.json,False
eff_nonlinear,2002,a17.efficiency.nonlinear_transfer.v1,6705050fa9f7141392c4dbc74ec69d984ffe708725195834bd9b057edb3f6f77,24,EXACT_GEOMETRY_BANK_HIT,OK,0.6563054000143893,"{""geometry_signature_hash"": 0.6543753000441939, ""identity_and_content_comparison"": 9.600014891475439e-06, ""bank_key_lookup"": 5.699985194951296e-06, ""hit_bank_and_metadata_copy"": 0.0017810999997891486}",0.00013369997031986713,430023168,0,2654208,e8b6ae0a97de23db232d3c2731a642b0e2a238e13590636f803eafb1e23c36b8,evidence/final_snapshot/results/nonlinear_transfer_v1/object_2002/original_top2_cap3_cache/rep1/result.json,False
eff_nonlinear,2002,a17.efficiency.nonlinear_transfer.v1,6705050fa9f7141392c4dbc74ec69d984ffe708725195834bd9b057edb3f6f77,25,EXACT_GEOMETRY_BANK_HIT,OK,0.6382991999853402,"{""geometry_signature_hash"": 0.6367931000422686, ""identity_and_content_comparison"": 8.399947546422482e-06, ""bank_key_lookup"": 4.999979864805937e-06, ""hit_bank_and_metadata_copy"": 0.0013564999680966139}",0.00013620004756376147,430023168,0,2654208,e8b6ae0a97de23db232d3c2731a642b0e2a238e13590636f803eafb1e23c36b8,evidence/final_snapshot/results/nonlinear_transfer_v1/object_2002/original_top2_cap3_cache/rep1/result.json,False
eff_nonlinear,2002,a17.efficiency.nonlinear_transfer.v1,6705050fa9f7141392c4dbc74ec69d984ffe708725195834bd9b057edb3f6f77,26,EXACT_GEOMETRY_BANK_HIT,OK,0.6440873999963515,"{""geometry_signature_hash"": 0.6425729999900796, ""identity_and_content_comparison"": 9.800016414374113e-06, ""bank_key_lookup"": 5.600042641162872e-06, ""hit_bank_and_metadata_copy"": 0.0013498000334948301}",0.00014919991372153163,430023168,0,2654208,e8b6ae0a97de23db232d3c2731a642b0e2a238e13590636f803eafb1e23c36b8,evidence/final_snapshot/results/nonlinear_transfer_v1/object_2002/original_top2_cap3_cache/rep1/result.json,False
eff_nonlinear,2002,a17.efficiency.nonlinear_transfer.v1,6705050fa9f7141392c4dbc74ec69d984ffe708725195834bd9b057edb3f6f77,27,EXACT_GEOMETRY_BANK_HIT,OK,0.6484423000365496,"{""geometry_signature_hash"": 0.6475797000457533, ""identity_and_content_comparison"": 5.399982910603285e-06, ""bank_key_lookup"": 2.800021320581436e-06, ""hit_bank_and_metadata_copy"": 0.0007511000148952007}",0.00010329997166991234,430023168,0,2654208,e8b6ae0a97de23db232d3c2731a642b0e2a238e13590636f803eafb1e23c36b8,evidence/final_snapshot/results/nonlinear_transfer_v1/object_2002/original_top2_cap3_cache/rep1/result.json,False
eff_nonlinear,2002,a17.efficiency.nonlinear_transfer.v1,6705050fa9f7141392c4dbc74ec69d984ffe708725195834bd9b057edb3f6f77,28,EXACT_GEOMETRY_BANK_HIT,OK,0.6503860999946482,"{""geometry_signature_hash"": 0.6489447999629192, ""identity_and_content_comparison"": 9.400013368576765e-06, ""bank_key_lookup"": 5.199981387704611e-06, ""hit_bank_and_metadata_copy"": 0.0012841999996453524}",0.0001425000373274088,430023168,0,2654208,e8b6ae0a97de23db232d3c2731a642b0e2a238e13590636f803eafb1e23c36b8,evidence/final_snapshot/results/nonlinear_transfer_v1/object_2002/original_top2_cap3_cache/rep1/result.json,False
eff_nonlinear,2002,a17.efficiency.nonlinear_transfer.v1,6705050fa9f7141392c4dbc74ec69d984ffe708725195834bd9b057edb3f6f77,29,EXACT_GEOMETRY_BANK_HIT,OK,0.6407168000005186,"{""geometry_signature_hash"": 0.6391038000001572, ""identity_and_content_comparison"": 8.800008799880743e-06, ""bank_key_lookup"": 5.499983672052622e-06, ""hit_bank_and_metadata_copy"": 0.0014522999990731478}",0.00014640000881627202,430023168,0,2654208,e8b6ae0a97de23db232d3c2731a642b0e2a238e13590636f803eafb1e23c36b8,evidence/final_snapshot/results/nonlinear_transfer_v1/object_2002/original_top2_cap3_cache/rep1/result.json,False
eff_nonlinear,2002,a17.efficiency.nonlinear_transfer.v1,6705050fa9f7141392c4dbc74ec69d984ffe708725195834bd9b057edb3f6f77,30,EXACT_GEOMETRY_BANK_HIT,OK,0.6414853999740444,"{""geometry_signature_hash"": 0.6400506000500172, ""identity_and_content_comparison"": 9.90001717582345e-06, ""bank_key_lookup"": 6.099988240748644e-06, ""hit_bank_and_metadata_copy"": 0.001270200009457767}",0.0001485999091528356,430023168,0,2654208,e8b6ae0a97de23db232d3c2731a642b0e2a238e13590636f803eafb1e23c36b8,evidence/final_snapshot/results/nonlinear_transfer_v1/object_2002/original_top2_cap3_cache/rep1/result.json,False
eff_nonlinear,2002,a17.efficiency.nonlinear_transfer.v1,6705050fa9f7141392c4dbc74ec69d984ffe708725195834bd9b057edb3f6f77,31,EXACT_GEOMETRY_BANK_HIT,OK,0.635139900026843,"{""geometry_signature_hash"": 0.6336805999744684, ""identity_and_content_comparison"": 8.700008038431406e-06, ""bank_key_lookup"": 4.900037311017513e-06, ""hit_bank_and_metadata_copy"": 0.0012998000020161271}",0.00014590000500902534,430023168,0,2654208,e8b6ae0a97de23db232d3c2731a642b0e2a238e13590636f803eafb1e23c36b8,evidence/final_snapshot/results/nonlinear_transfer_v1/object_2002/original_top2_cap3_cache/rep1/result.json,False
eff_nonlinear,2002,a17.efficiency.nonlinear_transfer.v1,6705050fa9f7141392c4dbc74ec69d984ffe708725195834bd9b057edb3f6f77,32,EXACT_GEOMETRY_BANK_HIT,OK,0.6546650999807753,"{""geometry_signature_hash"": 0.6531732000294141, ""identity_and_content_comparison"": 1.0200019460171461e-05, ""bank_key_lookup"": 5.89998671784997e-06, ""hit_bank_and_metadata_copy"": 0.0013304000021889806}",0.00014539994299411774,430023168,0,2654208,e8b6ae0a97de23db232d3c2731a642b0e2a238e13590636f803eafb1e23c36b8,evidence/final_snapshot/results/nonlinear_transfer_v1/object_2002/original_top2_cap3_cache/rep1/result.json,False
eff_nonlinear,2002,a17.efficiency.nonlinear_transfer.v1,6705050fa9f7141392c4dbc74ec69d984ffe708725195834bd9b057edb3f6f77,33,EXACT_GEOMETRY_BANK_HIT,OK,0.6490080000367016,"{""geometry_signature_hash"": 0.6472753999987617, ""identity_and_content_comparison"": 8.600007276982069e-06, ""bank_key_lookup"": 5.699985194951296e-06, ""hit_bank_and_metadata_copy"": 0.001303600030951202}",0.00041470001451671124,430023168,0,2654208,e8b6ae0a97de23db232d3c2731a642b0e2a238e13590636f803eafb1e23c36b8,evidence/final_snapshot/results/nonlinear_transfer_v1/object_2002/original_top2_cap3_cache/rep1/result.json,False
eff_nonlinear,2002,a17.efficiency.nonlinear_transfer.v1,6705050fa9f7141392c4dbc74ec69d984ffe708725195834bd9b057edb3f6f77,34,EXACT_GEOMETRY_BANK_HIT,OK,0.6503835000330582,"{""geometry_signature_hash"": 0.6489257999928668, ""identity_and_content_comparison"": 8.90000956133008e-06, ""bank_key_lookup"": 5.199981387704611e-06, ""hit_bank_and_metadata_copy"": 0.0013018000172451138}",0.00014180003199726343,430023168,0,2654208,e8b6ae0a97de23db232d3c2731a642b0e2a238e13590636f803eafb1e23c36b8,evidence/final_snapshot/results/nonlinear_transfer_v1/object_2002/original_top2_cap3_cache/rep1/result.json,False
eff_nonlinear,2002,a17.efficiency.nonlinear_transfer.v1,6705050fa9f7141392c4dbc74ec69d984ffe708725195834bd9b057edb3f6f77,35,EXACT_GEOMETRY_BANK_HIT,OK,0.634257500001695,"{""geometry_signature_hash"": 0.6328043999965303, ""identity_and_content_comparison"": 8.100003469735384e-06, ""bank_key_lookup"": 5.699985194951296e-06, ""hit_bank_and_metadata_copy"": 0.0012910999939776957}",0.00014820002252236009,430023168,0,2654208,e8b6ae0a97de23db232d3c2731a642b0e2a238e13590636f803eafb1e23c36b8,evidence/final_snapshot/results/nonlinear_transfer_v1/object_2002/original_top2_cap3_cache/rep1/result.json,False
eff_nonlinear,2002,a17.efficiency.nonlinear_transfer.v1,1baf42752f87d1b55ef874e01e7faacd574cd750808988ea279391a2321e24e7,0,MISS_ORIGINAL_ACQUISITION,OK,5.777598200016655,"{""geometry_signature_hash"": 1.2962667999672703, ""identity_and_content_comparison"": 5.199981387704611e-06, ""cache_invalidation"": 1.769996015354991e-05, ""bank_key_lookup"": 3.700028173625469e-06, ""original_provider_call"": 4.47963560000062, ""first_bank_storage_copy"": 0.0014352000434882939}",0.0002340000355616212,860046336,2654208,0,e8b6ae0a97de23db232d3c2731a642b0e2a238e13590636f803eafb1e23c36b8,evidence/final_snapshot/results/nonlinear_transfer_v1/object_2002/original_top2_cap3_cache/rep2/result.json,False
eff_nonlinear,2002,a17.efficiency.nonlinear_transfer.v1,1baf42752f87d1b55ef874e01e7faacd574cd750808988ea279391a2321e24e7,1,EXACT_GEOMETRY_BANK_HIT,OK,0.653934300004039,"{""geometry_signature_hash"": 0.6522212999989279, ""identity_and_content_comparison"": 8.700008038431406e-06, ""bank_key_lookup"": 4.699977580457926e-06, ""hit_bank_and_metadata_copy"": 0.0015628999681212008}",0.00013670005137100816,430023168,0,2654208,e8b6ae0a97de23db232d3c2731a642b0e2a238e13590636f803eafb1e23c36b8,evidence/final_snapshot/results/nonlinear_transfer_v1/object_2002/original_top2_cap3_cache/rep2/result.json,False
eff_nonlinear,2002,a17.efficiency.nonlinear_transfer.v1,1baf42752f87d1b55ef874e01e7faacd574cd750808988ea279391a2321e24e7,2,EXACT_GEOMETRY_BANK_HIT,OK,0.6385600999929011,"{""geometry_signature_hash"": 0.6370729000191204, ""identity_and_content_comparison"": 7.599999662488699e-06, ""bank_key_lookup"": 5.399982910603285e-06, ""hit_bank_and_metadata_copy"": 0.001339700014796108}",0.00013449997641146183,430023168,0,2654208,e8b6ae0a97de23db232d3c2731a642b0e2a238e13590636f803eafb1e23c36b8,evidence/final_snapshot/results/nonlinear_transfer_v1/object_2002/original_top2_cap3_cache/rep2/result.json,False
eff_nonlinear,2002,a17.efficiency.nonlinear_transfer.v1,1baf42752f87d1b55ef874e01e7faacd574cd750808988ea279391a2321e24e7,3,EXACT_GEOMETRY_BANK_HIT,OK,0.6563087000395171,"{""geometry_signature_hash"": 0.6545555000193417, ""identity_and_content_comparison"": 8.500006515532732e-06, ""bank_key_lookup"": 5.099980626255274e-06, ""hit_bank_and_metadata_copy"": 0.0015894999960437417}",0.0001501000369898975,430023168,0,2654208,e8b6ae0a97de23db232d3c2731a642b0e2a238e13590636f803eafb1e23c36b8,evidence/final_snapshot/results/nonlinear_transfer_v1/object_2002/original_top2_cap3_cache/rep2/result.json,False
eff_nonlinear,2002,a17.efficiency.nonlinear_transfer.v1,1baf42752f87d1b55ef874e01e7faacd574cd750808988ea279391a2321e24e7,4,EXACT_GEOMETRY_BANK_HIT,OK,0.6453021999914199,"{""geometry_signature_hash"": 0.643789800000377, ""identity_and_content_comparison"": 7.90000194683671e-06, ""bank_key_lookup"": 5.300040356814861e-06, ""hit_bank_and_metadata_copy"": 0.00136160000693053}",0.00013759994180873036,430023168,0,2654208,e8b6ae0a97de23db232d3c2731a642b0e2a238e13590636f803eafb1e23c36b8,evidence/final_snapshot/results/nonlinear_transfer_v1/object_2002/original_top2_cap3_cache/rep2/result.json,False
eff_nonlinear,2002,a17.efficiency.nonlinear_transfer.v1,1baf42752f87d1b55ef874e01e7faacd574cd750808988ea279391a2321e24e7,5,EXACT_GEOMETRY_BANK_HIT,OK,0.6472578999819234,"{""geometry_signature_hash"": 0.6458333999617025, ""identity_and_content_comparison"": 8.000002708286047e-06, ""bank_key_lookup"": 5.399982910603285e-06, ""hit_bank_and_metadata_copy"": 0.0012827999889850616}",0.00012830004561692476,430023168,0,2654208,e8b6ae0a97de23db232d3c2731a642b0e2a238e13590636f803eafb1e23c36b8,evidence/final_snapshot/results/nonlinear_transfer_v1/object_2002/original_top2_cap3_cache/rep2/result.json,False
eff_nonlinear,2002,a17.efficiency.nonlinear_transfer.v1,1baf42752f87d1b55ef874e01e7faacd574cd750808988ea279391a2321e24e7,6,EXACT_GEOMETRY_BANK_HIT,OK,0.6510541999596171,"{""geometry_signature_hash"": 0.649523500003852, ""identity_and_content_comparison"": 7.599999662488699e-06, ""bank_key_lookup"": 5.399982910603285e-06, ""hit_bank_and_metadata_copy"": 0.001386700023431331}",0.00013099994976073503,430023168,0,2654208,e8b6ae0a97de23db232d3c2731a642b0e2a238e13590636f803eafb1e23c36b8,evidence/final_snapshot/results/nonlinear_transfer_v1/object_2002/original_top2_cap3_cache/rep2/result.json,False
eff_nonlinear,2002,a17.efficiency.nonlinear_transfer.v1,1baf42752f87d1b55ef874e01e7faacd574cd750808988ea279391a2321e24e7,7,EXACT_GEOMETRY_BANK_HIT,OK,0.642098399985116,"{""geometry_signature_hash"": 0.6404889000114053, ""identity_and_content_comparison"": 1.1100026313215494e-05, ""bank_key_lookup"": 4.799978341907263e-06, ""hit_bank_and_metadata_copy"": 0.0014418999780900776}",0.00015169999096542597,430023168,0,2654208,e8b6ae0a97de23db232d3c2731a642b0e2a238e13590636f803eafb1e23c36b8,evidence/final_snapshot/results/nonlinear_transfer_v1/object_2002/original_top2_cap3_cache/rep2/result.json,False
eff_nonlinear,2002,a17.efficiency.nonlinear_transfer.v1,1baf42752f87d1b55ef874e01e7faacd574cd750808988ea279391a2321e24e7,8,EXACT_GEOMETRY_BANK_HIT,OK,0.642507599957753,"{""geometry_signature_hash"": 0.6407818999723531, ""identity_and_content_comparison"": 8.90000956133008e-06, ""bank_key_lookup"": 5.699985194951296e-06, ""hit_bank_and_metadata_copy"": 0.0015631999704055488}",0.00014790002023801208,430023168,0,2654208,e8b6ae0a97de23db232d3c2731a642b0e2a238e13590636f803eafb1e23c36b8,evidence/final_snapshot/results/nonlinear_transfer_v1/object_2002/original_top2_cap3_cache/rep2/result.json,False
eff_nonlinear,2002,a17.efficiency.nonlinear_transfer.v1,1baf42752f87d1b55ef874e01e7faacd574cd750808988ea279391a2321e24e7,9,EXACT_GEOMETRY_BANK_HIT,OK,0.6399486999725923,"{""geometry_signature_hash"": 0.63765000004787, ""identity_and_content_comparison"": 7.700000423938036e-06, ""bank_key_lookup"": 5.299982149153948e-06, ""hit_bank_and_metadata_copy"": 0.0021043000160716474}",0.0001813999260775745,430023168,0,2654208,e8b6ae0a97de23db232d3c2731a642b0e2a238e13590636f803eafb1e23c36b8,evidence/final_snapshot/results/nonlinear_transfer_v1/object_2002/original_top2_cap3_cache/rep2/result.json,False
eff_nonlinear,2002,a17.efficiency.nonlinear_transfer.v1,1baf42752f87d1b55ef874e01e7faacd574cd750808988ea279391a2321e24e7,10,EXACT_GEOMETRY_BANK_HIT,OK,0.6215000000083819,"{""geometry_signature_hash"": 0.6200787000125274, ""identity_and_content_comparison"": 7.90000194683671e-06, ""bank_key_lookup"": 5.200039595365524e-06, ""hit_bank_and_metadata_copy"": 0.001268699998036027}",0.00013949995627626777,430023168,0,2654208,e8b6ae0a97de23db232d3c2731a642b0e2a238e13590636f803eafb1e23c36b8,evidence/final_snapshot/results/nonlinear_transfer_v1/object_2002/original_top2_cap3_cache/rep2/result.json,False
eff_nonlinear,2002,a17.efficiency.nonlinear_transfer.v1,1baf42752f87d1b55ef874e01e7faacd574cd750808988ea279391a2321e24e7,11,EXACT_GEOMETRY_BANK_HIT,OK,0.6521620999556035,"{""geometry_signature_hash"": 0.6506594000384212, ""identity_and_content_comparison"": 8.400005754083395e-06, ""bank_key_lookup"": 5.00003807246685e-06, ""hit_bank_and_metadata_copy"": 0.00133940001251176}",0.00014989986084401608,430023168,0,2654208,e8b6ae0a97de23db232d3c2731a642b0e2a238e13590636f803eafb1e23c36b8,evidence/final_snapshot/results/nonlinear_transfer_v1/object_2002/original_top2_cap3_cache/rep2/result.json,False
eff_nonlinear,2002,a17.efficiency.nonlinear_transfer.v1,1baf42752f87d1b55ef874e01e7faacd574cd750808988ea279391a2321e24e7,12,EXACT_GEOMETRY_BANK_HIT,OK,0.6494242000044324,"{""geometry_signature_hash"": 0.6478249999927357, ""identity_and_content_comparison"": 1.0100018698722124e-05, ""bank_key_lookup"": 5.999987479299307e-06, ""hit_bank_and_metadata_copy"": 0.0014123999862931669}",0.00017070001922547817,430023168,0,2654208,e8b6ae0a97de23db232d3c2731a642b0e2a238e13590636f803eafb1e23c36b8,evidence/final_snapshot/results/nonlinear_transfer_v1/object_2002/original_top2_cap3_cache/rep2/result.json,False
eff_nonlinear,2002,a17.efficiency.nonlinear_transfer.v1,1baf42752f87d1b55ef874e01e7faacd574cd750808988ea279391a2321e24e7,13,EXACT_GEOMETRY_BANK_HIT,OK,0.6504436999675818,"{""geometry_signature_hash"": 0.6484085000120103, ""identity_and_content_comparison"": 8.800008799880743e-06, ""bank_key_lookup"": 5.299982149153948e-06, ""hit_bank_and_metadata_copy"": 0.0018558999872766435}",0.00016519997734576464,430023168,0,2654208,e8b6ae0a97de23db232d3c2731a642b0e2a238e13590636f803eafb1e23c36b8,evidence/final_snapshot/results/nonlinear_transfer_v1/object_2002/original_top2_cap3_cache/rep2/result.json,False
eff_nonlinear,2002,a17.efficiency.nonlinear_transfer.v1,1baf42752f87d1b55ef874e01e7faacd574cd750808988ea279391a2321e24e7,14,EXACT_GEOMETRY_BANK_HIT,OK,0.6485817999928258,"{""geometry_signature_hash"": 0.6470946000190452, ""identity_and_content_comparison"": 7.800001185387373e-06, ""bank_key_lookup"": 5.299982149153948e-06, ""hit_bank_and_metadata_copy"": 0.001341800030786544}",0.00013229995965957642,430023168,0,2654208,e8b6ae0a97de23db232d3c2731a642b0e2a238e13590636f803eafb1e23c36b8,evidence/final_snapshot/results/nonlinear_transfer_v1/object_2002/original_top2_cap3_cache/rep2/result.json,False
eff_nonlinear,2002,a17.efficiency.nonlinear_transfer.v1,1baf42752f87d1b55ef874e01e7faacd574cd750808988ea279391a2321e24e7,15,EXACT_GEOMETRY_BANK_HIT,OK,0.6381293999729678,"{""geometry_signature_hash"": 0.6363250000285916, ""identity_and_content_comparison"": 8.300004992634058e-06, ""bank_key_lookup"": 5.199981387704611e-06, ""hit_bank_and_metadata_copy"": 0.0016479999758303165}",0.00014289998216554523,430023168,0,2654208,e8b6ae0a97de23db232d3c2731a642b0e2a238e13590636f803eafb1e23c36b8,evidence/final_snapshot/results/nonlinear_transfer_v1/object_2002/original_top2_cap3_cache/rep2/result.json,False
eff_nonlinear,2002,a17.efficiency.nonlinear_transfer.v1,1baf42752f87d1b55ef874e01e7faacd574cd750808988ea279391a2321e24e7,16,EXACT_GEOMETRY_BANK_HIT,OK,0.6539818000164814,"{""geometry_signature_hash"": 0.6522310000145808, ""identity_and_content_comparison"": 8.300004992634058e-06, ""bank_key_lookup"": 5.799985956400633e-06, ""hit_bank_and_metadata_copy"": 0.0015977000002749264}",0.000139000010676682,430023168,0,2654208,e8b6ae0a97de23db232d3c2731a642b0e2a238e13590636f803eafb1e23c36b8,evidence/final_snapshot/results/nonlinear_transfer_v1/object_2002/original_top2_cap3_cache/rep2/result.json,False
eff_nonlinear,2002,a17.efficiency.nonlinear_transfer.v1,1baf42752f87d1b55ef874e01e7faacd574cd750808988ea279391a2321e24e7,17,EXACT_GEOMETRY_BANK_HIT,OK,0.6560129999998026,"{""geometry_signature_hash"": 0.6544849000056274, ""identity_and_content_comparison"": 8.300004992634058e-06, ""bank_key_lookup"": 5.199981387704611e-06, ""hit_bank_and_metadata_copy"": 0.001361900009214878}",0.00015269999857991934,430023168,0,2654208,e8b6ae0a97de23db232d3c2731a642b0e2a238e13590636f803eafb1e23c36b8,evidence/final_snapshot/results/nonlinear_transfer_v1/object_2002/original_top2_cap3_cache/rep2/result.json,False
eff_nonlinear,2002,a17.efficiency.nonlinear_transfer.v1,1baf42752f87d1b55ef874e01e7faacd574cd750808988ea279391a2321e24e7,18,EXACT_GEOMETRY_BANK_HIT,OK,0.6564820000203326,"{""geometry_signature_hash"": 0.6550525999628007, ""identity_and_content_comparison"": 8.199946023523808e-06, ""bank_key_lookup"": 5.399982910603285e-06, ""hit_bank_and_metadata_copy"": 0.0012715000193566084}",0.00014430010924115777,430023168,0,2654208,e8b6ae0a97de23db232d3c2731a642b0e2a238e13590636f803eafb1e23c36b8,evidence/final_snapshot/results/nonlinear_transfer_v1/object_2002/original_top2_cap3_cache/rep2/result.json,False
eff_nonlinear,2002,a17.efficiency.nonlinear_transfer.v1,1baf42752f87d1b55ef874e01e7faacd574cd750808988ea279391a2321e24e7,19,EXACT_GEOMETRY_BANK_HIT,OK,0.6494437000364996,"{""geometry_signature_hash"": 0.6479182000039145, ""identity_and_content_comparison"": 8.100003469735384e-06, ""bank_key_lookup"": 5.399982910603285e-06, ""hit_bank_and_metadata_copy"": 0.0013706000172533095}",0.00014140002895146608,430023168,0,2654208,e8b6ae0a97de23db232d3c2731a642b0e2a238e13590636f803eafb1e23c36b8,evidence/final_snapshot/results/nonlinear_transfer_v1/object_2002/original_top2_cap3_cache/rep2/result.json,False
eff_nonlinear,2002,a17.efficiency.nonlinear_transfer.v1,1baf42752f87d1b55ef874e01e7faacd574cd750808988ea279391a2321e24e7,20,EXACT_GEOMETRY_BANK_HIT,OK,0.6493367999792099,"{""geometry_signature_hash"": 0.6477712000487372, ""identity_and_content_comparison"": 8.100003469735384e-06, ""bank_key_lookup"": 6.00004568696022e-06, ""hit_bank_and_metadata_copy"": 0.001402400026563555}",0.00014909985475242138,430023168,0,2654208,e8b6ae0a97de23db232d3c2731a642b0e2a238e13590636f803eafb1e23c36b8,evidence/final_snapshot/results/nonlinear_transfer_v1/object_2002/original_top2_cap3_cache/rep2/result.json,False
eff_nonlinear,2002,a17.efficiency.nonlinear_transfer.v1,1baf42752f87d1b55ef874e01e7faacd574cd750808988ea279391a2321e24e7,21,EXACT_GEOMETRY_BANK_HIT,OK,0.6319995000376366,"{""geometry_signature_hash"": 0.6305480999872088, ""identity_and_content_comparison"": 7.800001185387373e-06, ""bank_key_lookup"": 4.699977580457926e-06, ""hit_bank_and_metadata_copy"": 0.001296499976888299}",0.00014240009477362037,430023168,0,2654208,e8b6ae0a97de23db232d3c2731a642b0e2a238e13590636f803eafb1e23c36b8,evidence/final_snapshot/results/nonlinear_transfer_v1/object_2002/original_top2_cap3_cache/rep2/result.json,False
eff_nonlinear,2002,a17.efficiency.nonlinear_transfer.v1,1baf42752f87d1b55ef874e01e7faacd574cd750808988ea279391a2321e24e7,22,EXACT_GEOMETRY_BANK_HIT,OK,0.657545999973081,"{""geometry_signature_hash"": 0.655226600007154, ""identity_and_content_comparison"": 7.400056347250938e-06, ""bank_key_lookup"": 5.399982910603285e-06, ""hit_bank_and_metadata_copy"": 0.0021646000095643103}",0.00014199991710484028,430023168,0,2654208,e8b6ae0a97de23db232d3c2731a642b0e2a238e13590636f803eafb1e23c36b8,evidence/final_snapshot/results/nonlinear_transfer_v1/object_2002/original_top2_cap3_cache/rep2/result.json,False
eff_nonlinear,2002,a17.efficiency.nonlinear_transfer.v1,1baf42752f87d1b55ef874e01e7faacd574cd750808988ea279391a2321e24e7,23,EXACT_GEOMETRY_BANK_HIT,OK,0.6509680000017397,"{""geometry_signature_hash"": 0.6492504999623634, ""identity_and_content_comparison"": 7.700000423938036e-06, ""bank_key_lookup"": 5.099980626255274e-06, ""hit_bank_and_metadata_copy"": 0.001558799995109439}",0.00014590006321668625,430023168,0,2654208,e8b6ae0a97de23db232d3c2731a642b0e2a238e13590636f803eafb1e23c36b8,evidence/final_snapshot/results/nonlinear_transfer_v1/object_2002/original_top2_cap3_cache/rep2/result.json,False
eff_nonlinear,2002,a17.efficiency.nonlinear_transfer.v1,1baf42752f87d1b55ef874e01e7faacd574cd750808988ea279391a2321e24e7,24,EXACT_GEOMETRY_BANK_HIT,OK,0.6469356000307016,"{""geometry_signature_hash"": 0.6454318999894895, ""identity_and_content_comparison"": 8.000002708286047e-06, ""bank_key_lookup"": 5.600042641162872e-06, ""hit_bank_and_metadata_copy"": 0.0013578000362031162}",0.00013229995965957642,430023168,0,2654208,e8b6ae0a97de23db232d3c2731a642b0e2a238e13590636f803eafb1e23c36b8,evidence/final_snapshot/results/nonlinear_transfer_v1/object_2002/original_top2_cap3_cache/rep2/result.json,False
eff_nonlinear,2002,a17.efficiency.nonlinear_transfer.v1,1baf42752f87d1b55ef874e01e7faacd574cd750808988ea279391a2321e24e7,25,EXACT_GEOMETRY_BANK_HIT,OK,0.6395508999703452,"{""geometry_signature_hash"": 0.6379356000106782, ""identity_and_content_comparison"": 8.400005754083395e-06, ""bank_key_lookup"": 5.400041118264198e-06, ""hit_bank_and_metadata_copy"": 0.0014506999868899584}",0.00015079992590472102,430023168,0,2654208,e8b6ae0a97de23db232d3c2731a642b0e2a238e13590636f803eafb1e23c36b8,evidence/final_snapshot/results/nonlinear_transfer_v1/object_2002/original_top2_cap3_cache/rep2/result.json,False
eff_nonlinear,2002,a17.efficiency.nonlinear_transfer.v1,1baf42752f87d1b55ef874e01e7faacd574cd750808988ea279391a2321e24e7,26,EXACT_GEOMETRY_BANK_HIT,OK,0.6578826999757439,"{""geometry_signature_hash"": 0.6561896000057459, ""identity_and_content_comparison"": 8.499948307871819e-06, ""bank_key_lookup"": 1.0400020983070135e-05, ""hit_bank_and_metadata_copy"": 0.0013974999892525375}",0.0002767000114545226,430023168,0,2654208,e8b6ae0a97de23db232d3c2731a642b0e2a238e13590636f803eafb1e23c36b8,evidence/final_snapshot/results/nonlinear_transfer_v1/object_2002/original_top2_cap3_cache/rep2/result.json,False
eff_nonlinear,2002,a17.efficiency.nonlinear_transfer.v1,1baf42752f87d1b55ef874e01e7faacd574cd750808988ea279391a2321e24e7,27,EXACT_GEOMETRY_BANK_HIT,OK,0.6478383999783546,"{""geometry_signature_hash"": 0.645909600018058, ""identity_and_content_comparison"": 8.300004992634058e-06, ""bank_key_lookup"": 5.499983672052622e-06, ""hit_bank_and_metadata_copy"": 0.001768499962054193}",0.00014650000957772136,430023168,0,2654208,e8b6ae0a97de23db232d3c2731a642b0e2a238e13590636f803eafb1e23c36b8,evidence/final_snapshot/results/nonlinear_transfer_v1/object_2002/original_top2_cap3_cache/rep2/result.json,False
eff_nonlinear,2002,a17.efficiency.nonlinear_transfer.v1,1baf42752f87d1b55ef874e01e7faacd574cd750808988ea279391a2321e24e7,28,EXACT_GEOMETRY_BANK_HIT,OK,0.6568845000001602,"{""geometry_signature_hash"": 0.6554196999641135, ""identity_and_content_comparison"": 8.500006515532732e-06, ""bank_key_lookup"": 7.199996616691351e-06, ""hit_bank_and_metadata_copy"": 0.0013077000039629638}",0.00014140002895146608,430023168,0,2654208,e8b6ae0a97de23db232d3c2731a642b0e2a238e13590636f803eafb1e23c36b8,evidence/final_snapshot/results/nonlinear_transfer_v1/object_2002/original_top2_cap3_cache/rep2/result.json,False
eff_nonlinear,2002,a17.efficiency.nonlinear_transfer.v1,1baf42752f87d1b55ef874e01e7faacd574cd750808988ea279391a2321e24e7,29,EXACT_GEOMETRY_BANK_HIT,OK,0.6430845999857411,"{""geometry_signature_hash"": 0.6412879999843426, ""identity_and_content_comparison"": 8.399947546422482e-06, ""bank_key_lookup"": 5.699985194951296e-06, ""hit_bank_and_metadata_copy"": 0.0016287000034935772}",0.00015380006516352296,430023168,0,2654208,e8b6ae0a97de23db232d3c2731a642b0e2a238e13590636f803eafb1e23c36b8,evidence/final_snapshot/results/nonlinear_transfer_v1/object_2002/original_top2_cap3_cache/rep2/result.json,False
eff_nonlinear,2002,a17.efficiency.nonlinear_transfer.v1,1baf42752f87d1b55ef874e01e7faacd574cd750808988ea279391a2321e24e7,30,EXACT_GEOMETRY_BANK_HIT,OK,0.651687600009609,"{""geometry_signature_hash"": 0.6496765000047162, ""identity_and_content_comparison"": 7.599999662488699e-06, ""bank_key_lookup"": 5.699985194951296e-06, ""hit_bank_and_metadata_copy"": 0.0017710999818518758}",0.0002267000381834805,430023168,0,2654208,e8b6ae0a97de23db232d3c2731a642b0e2a238e13590636f803eafb1e23c36b8,evidence/final_snapshot/results/nonlinear_transfer_v1/object_2002/original_top2_cap3_cache/rep2/result.json,False
eff_nonlinear,2002,a17.efficiency.nonlinear_transfer.v1,1baf42752f87d1b55ef874e01e7faacd574cd750808988ea279391a2321e24e7,31,EXACT_GEOMETRY_BANK_HIT,OK,0.6546161999576725,"{""geometry_signature_hash"": 0.6529844999895431, ""identity_and_content_comparison"": 8.800008799880743e-06, ""bank_key_lookup"": 5.00003807246685e-06, ""hit_bank_and_metadata_copy"": 0.0014758000033907592}",0.00014209991786628962,430023168,0,2654208,e8b6ae0a97de23db232d3c2731a642b0e2a238e13590636f803eafb1e23c36b8,evidence/final_snapshot/results/nonlinear_transfer_v1/object_2002/original_top2_cap3_cache/rep2/result.json,False
eff_nonlinear,2002,a17.efficiency.nonlinear_transfer.v1,1baf42752f87d1b55ef874e01e7faacd574cd750808988ea279391a2321e24e7,32,EXACT_GEOMETRY_BANK_HIT,OK,0.6447437999886461,"{""geometry_signature_hash"": 0.6431392999948002, ""identity_and_content_comparison"": 8.800008799880743e-06, ""bank_key_lookup"": 5.500041879713535e-06, ""hit_bank_and_metadata_copy"": 0.0014470000169239938}",0.00014319992624223232,430023168,0,2654208,e8b6ae0a97de23db232d3c2731a642b0e2a238e13590636f803eafb1e23c36b8,evidence/final_snapshot/results/nonlinear_transfer_v1/object_2002/original_top2_cap3_cache/rep2/result.json,False
eff_nonlinear,2002,a17.efficiency.nonlinear_transfer.v1,1baf42752f87d1b55ef874e01e7faacd574cd750808988ea279391a2321e24e7,33,EXACT_GEOMETRY_BANK_HIT,OK,0.6500151000218466,"{""geometry_signature_hash"": 0.6484951000311412, ""identity_and_content_comparison"": 8.400005754083395e-06, ""bank_key_lookup"": 5.099980626255274e-06, ""hit_bank_and_metadata_copy"": 0.0013640000252053142}",0.00014249997911974788,430023168,0,2654208,e8b6ae0a97de23db232d3c2731a642b0e2a238e13590636f803eafb1e23c36b8,evidence/final_snapshot/results/nonlinear_transfer_v1/object_2002/original_top2_cap3_cache/rep2/result.json,False
eff_nonlinear,2002,a17.efficiency.nonlinear_transfer.v1,1baf42752f87d1b55ef874e01e7faacd574cd750808988ea279391a2321e24e7,34,EXACT_GEOMETRY_BANK_HIT,OK,0.6513646999956109,"{""geometry_signature_hash"": 0.6498401999706402, ""identity_and_content_comparison"": 8.600007276982069e-06, ""bank_key_lookup"": 6.199989002197981e-06, ""hit_bank_and_metadata_copy"": 0.0013407000224106014}",0.00016900000628083944,430023168,0,2654208,e8b6ae0a97de23db232d3c2731a642b0e2a238e13590636f803eafb1e23c36b8,evidence/final_snapshot/results/nonlinear_transfer_v1/object_2002/original_top2_cap3_cache/rep2/result.json,False
eff_nonlinear,2002,a17.efficiency.nonlinear_transfer.v1,1baf42752f87d1b55ef874e01e7faacd574cd750808988ea279391a2321e24e7,35,EXACT_GEOMETRY_BANK_HIT,OK,0.6522089000209235,"{""geometry_signature_hash"": 0.6507955999695696, ""identity_and_content_comparison"": 8.400005754083395e-06, ""bank_key_lookup"": 4.799978341907263e-06, ""hit_bank_and_metadata_copy"": 0.0012540000025182962}",0.00014610006473958492,430023168,0,2654208,e8b6ae0a97de23db232d3c2731a642b0e2a238e13590636f803eafb1e23c36b8,evidence/final_snapshot/results/nonlinear_transfer_v1/object_2002/original_top2_cap3_cache/rep2/result.json,False
eff_nonlinear,2002,a17.efficiency.nonlinear_reuse_transfer.v1,2302b0438a2b734492a9e7e2c99520164889e0ff844e9092748a9df8397594d4,0,MISS_ORIGINAL_ACQUISITION,OK,5.847919500025455,"{""geometry_signature_hash"": 1.3138062999933027, ""identity_and_content_comparison"": 6.999995093792677e-06, ""cache_invalidation"": 2.039998071268201e-05, ""bank_key_lookup"": 4.099973011761904e-06, ""original_provider_call"": 4.532439999980852, ""first_bank_storage_copy"": 0.0013853000127710402}",0.00025640008971095085,860046336,2654208,0,e8b6ae0a97de23db232d3c2731a642b0e2a238e13590636f803eafb1e23c36b8,evidence/final_snapshot/results/nonlinear_transfer_v1/object_2002/reuse_previous_cache/rep0/result.json,False
eff_nonlinear,2002,a17.efficiency.nonlinear_reuse_transfer.v1,2302b0438a2b734492a9e7e2c99520164889e0ff844e9092748a9df8397594d4,1,EXACT_GEOMETRY_BANK_HIT,OK,0.6469717999571003,"{""geometry_signature_hash"": 0.6454462000401691, ""identity_and_content_comparison"": 8.600007276982069e-06, ""bank_key_lookup"": 4.200031980872154e-06, ""hit_bank_and_metadata_copy"": 0.0013778000138700008}",0.0001349998638033867,430023168,0,2654208,e8b6ae0a97de23db232d3c2731a642b0e2a238e13590636f803eafb1e23c36b8,evidence/final_snapshot/results/nonlinear_transfer_v1/object_2002/reuse_previous_cache/rep0/result.json,False
eff_nonlinear,2002,a17.efficiency.nonlinear_reuse_transfer.v1,2302b0438a2b734492a9e7e2c99520164889e0ff844e9092748a9df8397594d4,2,EXACT_GEOMETRY_BANK_HIT,OK,0.6514405999914743,"{""geometry_signature_hash"": 0.6495747999870218, ""identity_and_content_comparison"": 8.100003469735384e-06, ""bank_key_lookup"": 7.90000194683671e-06, ""hit_bank_and_metadata_copy"": 0.0016962000518105924}",0.00015359994722530246,430023168,0,2654208,e8b6ae0a97de23db232d3c2731a642b0e2a238e13590636f803eafb1e23c36b8,evidence/final_snapshot/results/nonlinear_transfer_v1/object_2002/reuse_previous_cache/rep0/result.json,False
eff_nonlinear,2002,a17.efficiency.nonlinear_reuse_transfer.v1,2302b0438a2b734492a9e7e2c99520164889e0ff844e9092748a9df8397594d4,3,EXACT_GEOMETRY_BANK_HIT,OK,0.6552528999745846,"{""geometry_signature_hash"": 0.6537346999975853, ""identity_and_content_comparison"": 8.300004992634058e-06, ""bank_key_lookup"": 5.399982910603285e-06, ""hit_bank_and_metadata_copy"": 0.0013620000099763274}",0.00014249997911974788,430023168,0,2654208,e8b6ae0a97de23db232d3c2731a642b0e2a238e13590636f803eafb1e23c36b8,evidence/final_snapshot/results/nonlinear_transfer_v1/object_2002/reuse_previous_cache/rep0/result.json,False
eff_nonlinear,2002,a17.efficiency.nonlinear_reuse_transfer.v1,2302b0438a2b734492a9e7e2c99520164889e0ff844e9092748a9df8397594d4,4,EXACT_GEOMETRY_BANK_HIT,OK,0.651772000011988,"{""geometry_signature_hash"": 0.6502409999957308, ""identity_and_content_comparison"": 9.500014130026102e-06, ""bank_key_lookup"": 6.299989763647318e-06, ""hit_bank_and_metadata_copy"": 0.001379900029860437}",0.00013529998250305653,430023168,0,2654208,e8b6ae0a97de23db232d3c2731a642b0e2a238e13590636f803eafb1e23c36b8,evidence/final_snapshot/results/nonlinear_transfer_v1/object_2002/reuse_previous_cache/rep0/result.json,False
eff_nonlinear,2002,a17.efficiency.nonlinear_reuse_transfer.v1,2302b0438a2b734492a9e7e2c99520164889e0ff844e9092748a9df8397594d4,5,EXACT_GEOMETRY_BANK_HIT,OK,0.6597867999807931,"{""geometry_signature_hash"": 0.6583111000363715, ""identity_and_content_comparison"": 8.200004231184721e-06, ""bank_key_lookup"": 5.100038833916187e-06, ""hit_bank_and_metadata_copy"": 0.0013259000261314213}",0.00013649987522512674,430023168,0,2654208,e8b6ae0a97de23db232d3c2731a642b0e2a238e13590636f803eafb1e23c36b8,evidence/final_snapshot/results/nonlinear_transfer_v1/object_2002/reuse_previous_cache/rep0/result.json,False
eff_nonlinear,2002,a17.efficiency.nonlinear_reuse_transfer.v1,2302b0438a2b734492a9e7e2c99520164889e0ff844e9092748a9df8397594d4,6,EXACT_GEOMETRY_BANK_HIT,OK,0.6489381999708712,"{""geometry_signature_hash"": 0.6474260999821126, ""identity_and_content_comparison"": 8.90000956133008e-06, ""bank_key_lookup"": 6.89999433234334e-06, ""hit_bank_and_metadata_copy"": 0.0013145999982953072}",0.00018169998656958342,430023168,0,2654208,e8b6ae0a97de23db232d3c2731a642b0e2a238e13590636f803eafb1e23c36b8,evidence/final_snapshot/results/nonlinear_transfer_v1/object_2002/reuse_previous_cache/rep0/result.json,False
eff_nonlinear,2002,a17.efficiency.nonlinear_reuse_transfer.v1,2302b0438a2b734492a9e7e2c99520164889e0ff844e9092748a9df8397594d4,7,EXACT_GEOMETRY_BANK_HIT,OK,0.6459787999629043,"{""geometry_signature_hash"": 0.6445261999615468, ""identity_and_content_comparison"": 8.100003469735384e-06, ""bank_key_lookup"": 4.999979864805937e-06, ""hit_bank_and_metadata_copy"": 0.001297099981456995}",0.00014240003656595945,430023168,0,2654208,e8b6ae0a97de23db232d3c2731a642b0e2a238e13590636f803eafb1e23c36b8,evidence/final_snapshot/results/nonlinear_transfer_v1/object_2002/reuse_previous_cache/rep0/result.json,False
eff_nonlinear,2002,a17.efficiency.nonlinear_reuse_transfer.v1,2302b0438a2b734492a9e7e2c99520164889e0ff844e9092748a9df8397594d4,8,EXACT_GEOMETRY_BANK_HIT,OK,0.642796800006181,"{""geometry_signature_hash"": 0.6412765000131913, ""identity_and_content_comparison"": 7.800001185387373e-06, ""bank_key_lookup"": 6.700051017105579e-06, ""hit_bank_and_metadata_copy"": 0.0013741999864578247}",0.00013159995432943106,430023168,0,2654208,e8b6ae0a97de23db232d3c2731a642b0e2a238e13590636f803eafb1e23c36b8,evidence/final_snapshot/results/nonlinear_transfer_v1/object_2002/reuse_previous_cache/rep0/result.json,False
eff_nonlinear,2002,a17.efficiency.nonlinear_reuse_transfer.v1,2302b0438a2b734492a9e7e2c99520164889e0ff844e9092748a9df8397594d4,9,EXACT_GEOMETRY_BANK_HIT,OK,0.6473649999825284,"{""geometry_signature_hash"": 0.6458159000030719, ""identity_and_content_comparison"": 8.500006515532732e-06, ""bank_key_lookup"": 5.099980626255274e-06, ""hit_bank_and_metadata_copy"": 0.0014001000090502203}",0.00013539998326450586,430023168,0,2654208,e8b6ae0a97de23db232d3c2731a642b0e2a238e13590636f803eafb1e23c36b8,evidence/final_snapshot/results/nonlinear_transfer_v1/object_2002/reuse_previous_cache/rep0/result.json,False
eff_nonlinear,2002,a17.efficiency.nonlinear_reuse_transfer.v1,2302b0438a2b734492a9e7e2c99520164889e0ff844e9092748a9df8397594d4,10,EXACT_GEOMETRY_BANK_HIT,OK,0.6552593000233173,"{""geometry_signature_hash"": 0.6533627000171691, ""identity_and_content_comparison"": 9.400013368576765e-06, ""bank_key_lookup"": 6.299989763647318e-06, ""hit_bank_and_metadata_copy"": 0.001737200014758855}",0.00014369998825713992,430023168,0,2654208,e8b6ae0a97de23db232d3c2731a642b0e2a238e13590636f803eafb1e23c36b8,evidence/final_snapshot/results/nonlinear_transfer_v1/object_2002/reuse_previous_cache/rep0/result.json,False
eff_nonlinear,2002,a17.efficiency.nonlinear_reuse_transfer.v1,2302b0438a2b734492a9e7e2c99520164889e0ff844e9092748a9df8397594d4,11,EXACT_GEOMETRY_BANK_HIT,OK,0.6430710999993607,"{""geometry_signature_hash"": 0.6415762000251561, ""identity_and_content_comparison"": 8.100003469735384e-06, ""bank_key_lookup"": 4.999979864805937e-06, ""hit_bank_and_metadata_copy"": 0.0013493999722413719}",0.00013240001862868667,430023168,0,2654208,e8b6ae0a97de23db232d3c2731a642b0e2a238e13590636f803eafb1e23c36b8,evidence/final_snapshot/results/nonlinear_transfer_v1/object_2002/reuse_previous_cache/rep0/result.json,False
eff_nonlinear,2002,a17.efficiency.nonlinear_reuse_transfer.v1,2302b0438a2b734492a9e7e2c99520164889e0ff844e9092748a9df8397594d4,12,EXACT_GEOMETRY_BANK_HIT,OK,0.6456788000068627,"{""geometry_signature_hash"": 0.6441759000299498, ""identity_and_content_comparison"": 8.100003469735384e-06, ""bank_key_lookup"": 6.699992809444666e-06, ""hit_bank_and_metadata_copy"": 0.0013591000461019576}",0.0001289999345317483,430023168,0,2654208,e8b6ae0a97de23db232d3c2731a642b0e2a238e13590636f803eafb1e23c36b8,evidence/final_snapshot/results/nonlinear_transfer_v1/object_2002/reuse_previous_cache/rep0/result.json,False
eff_nonlinear,2002,a17.efficiency.nonlinear_reuse_transfer.v1,2302b0438a2b734492a9e7e2c99520164889e0ff844e9092748a9df8397594d4,13,EXACT_GEOMETRY_BANK_HIT,OK,0.6446060000453144,"{""geometry_signature_hash"": 0.6433440000400878, ""identity_and_content_comparison"": 6.499991286545992e-06, ""bank_key_lookup"": 3.100023604929447e-06, ""hit_bank_and_metadata_copy"": 0.001138599996920675}",0.00011379999341443181,430023168,0,2654208,e8b6ae0a97de23db232d3c2731a642b0e2a238e13590636f803eafb1e23c36b8,evidence/final_snapshot/results/nonlinear_transfer_v1/object_2002/reuse_previous_cache/rep0/result.json,False
eff_nonlinear,2002,a17.efficiency.nonlinear_reuse_transfer.v1,2302b0438a2b734492a9e7e2c99520164889e0ff844e9092748a9df8397594d4,14,EXACT_GEOMETRY_BANK_HIT,OK,0.6574977000127546,"{""geometry_signature_hash"": 0.6556630000122823, ""identity_and_content_comparison"": 8.500006515532732e-06, ""bank_key_lookup"": 7.099995855242014e-06, ""hit_bank_and_metadata_copy"": 0.0016675000078976154}",0.00015159999020397663,430023168,0,2654208,e8b6ae0a97de23db232d3c2731a642b0e2a238e13590636f803eafb1e23c36b8,evidence/final_snapshot/results/nonlinear_transfer_v1/object_2002/reuse_previous_cache/rep0/result.json,False
eff_nonlinear,2002,a17.efficiency.nonlinear_reuse_transfer.v1,2302b0438a2b734492a9e7e2c99520164889e0ff844e9092748a9df8397594d4,15,EXACT_GEOMETRY_BANK_HIT,OK,0.6414541000267491,"{""geometry_signature_hash"": 0.6398329000221565, ""identity_and_content_comparison"": 8.500006515532732e-06, ""bank_key_lookup"": 5.00003807246685e-06, ""hit_bank_and_metadata_copy"": 0.0014610000071115792}",0.00014669995289295912,430023168,0,2654208,e8b6ae0a97de23db232d3c2731a642b0e2a238e13590636f803eafb1e23c36b8,evidence/final_snapshot/results/nonlinear_transfer_v1/object_2002/reuse_previous_cache/rep0/result.json,False
eff_nonlinear,2002,a17.efficiency.nonlinear_reuse_transfer.v1,2302b0438a2b734492a9e7e2c99520164889e0ff844e9092748a9df8397594d4,16,EXACT_GEOMETRY_BANK_HIT,OK,0.6519122000318021,"{""geometry_signature_hash"": 0.6500095999799669, ""identity_and_content_comparison"": 9.300012607127428e-06, ""bank_key_lookup"": 7.399998139590025e-06, ""hit_bank_and_metadata_copy"": 0.0017275999998673797}",0.0001583000412210822,430023168,0,2654208,e8b6ae0a97de23db232d3c2731a642b0e2a238e13590636f803eafb1e23c36b8,evidence/final_snapshot/results/nonlinear_transfer_v1/object_2002/reuse_previous_cache/rep0/result.json,False
eff_nonlinear,2002,a17.efficiency.nonlinear_reuse_transfer.v1,2302b0438a2b734492a9e7e2c99520164889e0ff844e9092748a9df8397594d4,17,EXACT_GEOMETRY_BANK_HIT,OK,0.6524558999808505,"{""geometry_signature_hash"": 0.6507428000331856, ""identity_and_content_comparison"": 8.200004231184721e-06, ""bank_key_lookup"": 4.799978341907263e-06, ""hit_bank_and_metadata_copy"": 0.0015569999814033508}",0.0001430999836884439,430023168,0,2654208,e8b6ae0a97de23db232d3c2731a642b0e2a238e13590636f803eafb1e23c36b8,evidence/final_snapshot/results/nonlinear_transfer_v1/object_2002/reuse_previous_cache/rep0/result.json,False
eff_nonlinear,2002,a17.efficiency.nonlinear_reuse_transfer.v1,2302b0438a2b734492a9e7e2c99520164889e0ff844e9092748a9df8397594d4,18,EXACT_GEOMETRY_BANK_HIT,OK,0.6533991000032984,"{""geometry_signature_hash"": 0.6519255999592133, ""identity_and_content_comparison"": 8.300004992634058e-06, ""bank_key_lookup"": 7.199996616691351e-06, ""hit_bank_and_metadata_copy"": 0.0013186000287532806}",0.00013940001372247934,430023168,0,2654208,e8b6ae0a97de23db232d3c2731a642b0e2a238e13590636f803eafb1e23c36b8,evidence/final_snapshot/results/nonlinear_transfer_v1/object_2002/reuse_previous_cache/rep0/result.json,False
eff_nonlinear,2002,a17.efficiency.nonlinear_reuse_transfer.v1,2302b0438a2b734492a9e7e2c99520164889e0ff844e9092748a9df8397594d4,19,EXACT_GEOMETRY_BANK_HIT,OK,0.6421459999983199,"{""geometry_signature_hash"": 0.6401412999839522, ""identity_and_content_comparison"": 8.000002708286047e-06, ""bank_key_lookup"": 5.00003807246685e-06, ""hit_bank_and_metadata_copy"": 0.001851900015026331}",0.00013979995856061578,430023168,0,2654208,e8b6ae0a97de23db232d3c2731a642b0e2a238e13590636f803eafb1e23c36b8,evidence/final_snapshot/results/nonlinear_transfer_v1/object_2002/reuse_previous_cache/rep0/result.json,False
eff_nonlinear,2002,a17.efficiency.nonlinear_reuse_transfer.v1,2302b0438a2b734492a9e7e2c99520164889e0ff844e9092748a9df8397594d4,20,EXACT_GEOMETRY_BANK_HIT,OK,0.6531497999676503,"{""geometry_signature_hash"": 0.651685000048019, ""identity_and_content_comparison"": 8.300004992634058e-06, ""bank_key_lookup"": 6.299989763647318e-06, ""hit_bank_and_metadata_copy"": 0.0013104999670758843}",0.00013969995779916644,430023168,0,2654208,e8b6ae0a97de23db232d3c2731a642b0e2a238e13590636f803eafb1e23c36b8,evidence/final_snapshot/results/nonlinear_transfer_v1/object_2002/reuse_previous_cache/rep0/result.json,False
eff_nonlinear,2002,a17.efficiency.nonlinear_reuse_transfer.v1,2302b0438a2b734492a9e7e2c99520164889e0ff844e9092748a9df8397594d4,21,EXACT_GEOMETRY_BANK_HIT,OK,0.6390065999585204,"{""geometry_signature_hash"": 0.6374078000080772, ""identity_and_content_comparison"": 8.500006515532732e-06, ""bank_key_lookup"": 5.89998671784997e-06, ""hit_bank_and_metadata_copy"": 0.0014331999700516462}",0.00015119998715817928,430023168,0,2654208,e8b6ae0a97de23db232d3c2731a642b0e2a238e13590636f803eafb1e23c36b8,evidence/final_snapshot/results/nonlinear_transfer_v1/object_2002/reuse_previous_cache/rep0/result.json,False
eff_nonlinear,2002,a17.efficiency.nonlinear_reuse_transfer.v1,2302b0438a2b734492a9e7e2c99520164889e0ff844e9092748a9df8397594d4,22,EXACT_GEOMETRY_BANK_HIT,OK,0.6449588999967091,"{""geometry_signature_hash"": 0.6434934000135399, ""identity_and_content_comparison"": 8.999952115118504e-06, ""bank_key_lookup"": 7.199996616691351e-06, ""hit_bank_and_metadata_copy"": 0.001301799959037453}",0.00014750007539987564,430023168,0,2654208,e8b6ae0a97de23db232d3c2731a642b0e2a238e13590636f803eafb1e23c36b8,evidence/final_snapshot/results/nonlinear_transfer_v1/object_2002/reuse_previous_cache/rep0/result.json,False
eff_nonlinear,2002,a17.efficiency.nonlinear_reuse_transfer.v1,2302b0438a2b734492a9e7e2c99520164889e0ff844e9092748a9df8397594d4,23,EXACT_GEOMETRY_BANK_HIT,OK,0.6509233000106178,"{""geometry_signature_hash"": 0.6490704999887384, ""identity_and_content_comparison"": 8.200004231184721e-06, ""bank_key_lookup"": 5.299982149153948e-06, ""hit_bank_and_metadata_copy"": 0.0016903000068850815}",0.00014900002861395478,430023168,0,2654208,e8b6ae0a97de23db232d3c2731a642b0e2a238e13590636f803eafb1e23c36b8,evidence/final_snapshot/results/nonlinear_transfer_v1/object_2002/reuse_previous_cache/rep0/result.json,False
eff_nonlinear,2002,a17.efficiency.nonlinear_reuse_transfer.v1,2302b0438a2b734492a9e7e2c99520164889e0ff844e9092748a9df8397594d4,24,EXACT_GEOMETRY_BANK_HIT,OK,0.6536457999609411,"{""geometry_signature_hash"": 0.6522097000270151, ""identity_and_content_comparison"": 8.400005754083395e-06, ""bank_key_lookup"": 6.799993570894003e-06, ""hit_bank_and_metadata_copy"": 0.0012861000141128898}",0.00013479992048814893,430023168,0,2654208,e8b6ae0a97de23db232d3c2731a642b0e2a238e13590636f803eafb1e23c36b8,evidence/final_snapshot/results/nonlinear_transfer_v1/object_2002/reuse_previous_cache/rep0/result.json,False
eff_nonlinear,2002,a17.efficiency.nonlinear_reuse_transfer.v1,2302b0438a2b734492a9e7e2c99520164889e0ff844e9092748a9df8397594d4,25,EXACT_GEOMETRY_BANK_HIT,OK,0.6557578999781981,"{""geometry_signature_hash"": 0.6542973999748938, ""identity_and_content_comparison"": 8.600007276982069e-06, ""bank_key_lookup"": 5.400041118264198e-06, ""hit_bank_and_metadata_copy"": 0.0013013000134378672}",0.00014519994147121906,430023168,0,2654208,e8b6ae0a97de23db232d3c2731a642b0e2a238e13590636f803eafb1e23c36b8,evidence/final_snapshot/results/nonlinear_transfer_v1/object_2002/reuse_previous_cache/rep0/result.json,False
eff_nonlinear,2002,a17.efficiency.nonlinear_reuse_transfer.v1,2302b0438a2b734492a9e7e2c99520164889e0ff844e9092748a9df8397594d4,26,EXACT_GEOMETRY_BANK_HIT,OK,0.6593568000243977,"{""geometry_signature_hash"": 0.6577524000313133, ""identity_and_content_comparison"": 8.400005754083395e-06, ""bank_key_lookup"": 6.300047971308231e-06, ""hit_bank_and_metadata_copy"": 0.0014535000082105398}",0.00013619993114843965,430023168,0,2654208,e8b6ae0a97de23db232d3c2731a642b0e2a238e13590636f803eafb1e23c36b8,evidence/final_snapshot/results/nonlinear_transfer_v1/object_2002/reuse_previous_cache/rep0/result.json,False
eff_nonlinear,2002,a17.efficiency.nonlinear_reuse_transfer.v1,2302b0438a2b734492a9e7e2c99520164889e0ff844e9092748a9df8397594d4,27,EXACT_GEOMETRY_BANK_HIT,OK,0.6441952000022866,"{""geometry_signature_hash"": 0.6425902000046335, ""identity_and_content_comparison"": 7.90000194683671e-06, ""bank_key_lookup"": 5.099980626255274e-06, ""hit_bank_and_metadata_copy"": 0.001458299986552447}",0.00013370002852752805,430023168,0,2654208,e8b6ae0a97de23db232d3c2731a642b0e2a238e13590636f803eafb1e23c36b8,evidence/final_snapshot/results/nonlinear_transfer_v1/object_2002/reuse_previous_cache/rep0/result.json,False
eff_nonlinear,2002,a17.efficiency.nonlinear_reuse_transfer.v1,2302b0438a2b734492a9e7e2c99520164889e0ff844e9092748a9df8397594d4,28,EXACT_GEOMETRY_BANK_HIT,OK,0.6564355000155047,"{""geometry_signature_hash"": 0.6548634999780916, ""identity_and_content_comparison"": 7.90000194683671e-06, ""bank_key_lookup"": 6.89999433234334e-06, ""hit_bank_and_metadata_copy"": 0.001415100006852299}",0.00014210003428161144,430023168,0,2654208,e8b6ae0a97de23db232d3c2731a642b0e2a238e13590636f803eafb1e23c36b8,evidence/final_snapshot/results/nonlinear_transfer_v1/object_2002/reuse_previous_cache/rep0/result.json,False
eff_nonlinear,2002,a17.efficiency.nonlinear_reuse_transfer.v1,2302b0438a2b734492a9e7e2c99520164889e0ff844e9092748a9df8397594d4,29,EXACT_GEOMETRY_BANK_HIT,OK,0.6402182000456378,"{""geometry_signature_hash"": 0.6387495999806561, ""identity_and_content_comparison"": 8.300004992634058e-06, ""bank_key_lookup"": 5.199981387704611e-06, ""hit_bank_and_metadata_copy"": 0.0013152000028640032}",0.00013990007573738694,430023168,0,2654208,e8b6ae0a97de23db232d3c2731a642b0e2a238e13590636f803eafb1e23c36b8,evidence/final_snapshot/results/nonlinear_transfer_v1/object_2002/reuse_previous_cache/rep0/result.json,False
eff_nonlinear,2002,a17.efficiency.nonlinear_reuse_transfer.v1,2302b0438a2b734492a9e7e2c99520164889e0ff844e9092748a9df8397594d4,30,EXACT_GEOMETRY_BANK_HIT,OK,0.6496450999984518,"{""geometry_signature_hash"": 0.6478398999897763, ""identity_and_content_comparison"": 8.000002708286047e-06, ""bank_key_lookup"": 6.499991286545992e-06, ""hit_bank_and_metadata_copy"": 0.001444699999410659}",0.00034600001526996493,430023168,0,2654208,e8b6ae0a97de23db232d3c2731a642b0e2a238e13590636f803eafb1e23c36b8,evidence/final_snapshot/results/nonlinear_transfer_v1/object_2002/reuse_previous_cache/rep0/result.json,False
eff_nonlinear,2002,a17.efficiency.nonlinear_reuse_transfer.v1,2302b0438a2b734492a9e7e2c99520164889e0ff844e9092748a9df8397594d4,31,EXACT_GEOMETRY_BANK_HIT,OK,0.6482584999757819,"{""geometry_signature_hash"": 0.6467715000035241, ""identity_and_content_comparison"": 8.400005754083395e-06, ""bank_key_lookup"": 5.999987479299307e-06, ""hit_bank_and_metadata_copy"": 0.0013352999812923372}",0.00013729999773204327,430023168,0,2654208,e8b6ae0a97de23db232d3c2731a642b0e2a238e13590636f803eafb1e23c36b8,evidence/final_snapshot/results/nonlinear_transfer_v1/object_2002/reuse_previous_cache/rep0/result.json,False
eff_nonlinear,2002,a17.efficiency.nonlinear_reuse_transfer.v1,2302b0438a2b734492a9e7e2c99520164889e0ff844e9092748a9df8397594d4,32,EXACT_GEOMETRY_BANK_HIT,OK,0.6414015000336803,"{""geometry_signature_hash"": 0.6399999000132084, ""identity_and_content_comparison"": 9.500014130026102e-06, ""bank_key_lookup"": 7.299997378140688e-06, ""hit_bank_and_metadata_copy"": 0.001241199963260442}",0.0001436000457033515,430023168,0,2654208,e8b6ae0a97de23db232d3c2731a642b0e2a238e13590636f803eafb1e23c36b8,evidence/final_snapshot/results/nonlinear_transfer_v1/object_2002/reuse_previous_cache/rep0/result.json,False
eff_nonlinear,2002,a17.efficiency.nonlinear_reuse_transfer.v1,2302b0438a2b734492a9e7e2c99520164889e0ff844e9092748a9df8397594d4,33,EXACT_GEOMETRY_BANK_HIT,OK,0.6565714000025764,"{""geometry_signature_hash"": 0.654958600003738, ""identity_and_content_comparison"": 8.700008038431406e-06, ""bank_key_lookup"": 5.299982149153948e-06, ""hit_bank_and_metadata_copy"": 0.001456199970562011}",0.00014260003808885813,430023168,0,2654208,e8b6ae0a97de23db232d3c2731a642b0e2a238e13590636f803eafb1e23c36b8,evidence/final_snapshot/results/nonlinear_transfer_v1/object_2002/reuse_previous_cache/rep0/result.json,False
eff_nonlinear,2002,a17.efficiency.nonlinear_reuse_transfer.v1,2302b0438a2b734492a9e7e2c99520164889e0ff844e9092748a9df8397594d4,34,EXACT_GEOMETRY_BANK_HIT,OK,0.6466269000084139,"{""geometry_signature_hash"": 0.6449615999590605, ""identity_and_content_comparison"": 8.400005754083395e-06, ""bank_key_lookup"": 6.89999433234334e-06, ""hit_bank_and_metadata_copy"": 0.001507700013462454}",0.00014230003580451012,430023168,0,2654208,e8b6ae0a97de23db232d3c2731a642b0e2a238e13590636f803eafb1e23c36b8,evidence/final_snapshot/results/nonlinear_transfer_v1/object_2002/reuse_previous_cache/rep0/result.json,False
eff_nonlinear,2002,a17.efficiency.nonlinear_reuse_transfer.v1,2302b0438a2b734492a9e7e2c99520164889e0ff844e9092748a9df8397594d4,35,EXACT_GEOMETRY_BANK_HIT,OK,0.6465457999729551,"{""geometry_signature_hash"": 0.6449961999896914, ""identity_and_content_comparison"": 8.500006515532732e-06, ""bank_key_lookup"": 5.399982910603285e-06, ""hit_bank_and_metadata_copy"": 0.0013858000165782869}",0.0001498999772593379,430023168,0,2654208,e8b6ae0a97de23db232d3c2731a642b0e2a238e13590636f803eafb1e23c36b8,evidence/final_snapshot/results/nonlinear_transfer_v1/object_2002/reuse_previous_cache/rep0/result.json,False
eff_nonlinear,2002,a17.efficiency.nonlinear_reuse_transfer.v1,05f23399b923c69e3ae87257bcdbea9419d6bc59d05023b1b4cb2f131b6ae074,0,MISS_ORIGINAL_ACQUISITION,OK,5.730084699986037,"{""geometry_signature_hash"": 1.2676761000184342, ""identity_and_content_comparison"": 5.600042641162872e-06, ""cache_invalidation"": 1.8600025214254856e-05, ""bank_key_lookup"": 4.300032742321491e-06, ""original_provider_call"": 4.460827699978836, ""first_bank_storage_copy"": 0.0013128999853506684}",0.00023949990281835198,860046336,2654208,0,e8b6ae0a97de23db232d3c2731a642b0e2a238e13590636f803eafb1e23c36b8,evidence/final_snapshot/results/nonlinear_transfer_v1/object_2002/reuse_reset3_cache/rep0/result.json,False
eff_nonlinear,2002,a17.efficiency.nonlinear_reuse_transfer.v1,05f23399b923c69e3ae87257bcdbea9419d6bc59d05023b1b4cb2f131b6ae074,1,EXACT_GEOMETRY_BANK_HIT,OK,0.6477892000111751,"{""geometry_signature_hash"": 0.6460781000205316, ""identity_and_content_comparison"": 8.299946784973145e-06, ""bank_key_lookup"": 4.399975296109915e-06, ""hit_bank_and_metadata_copy"": 0.0015528000076301396}",0.00014560006093233824,430023168,0,2654208,e8b6ae0a97de23db232d3c2731a642b0e2a238e13590636f803eafb1e23c36b8,evidence/final_snapshot/results/nonlinear_transfer_v1/object_2002/reuse_reset3_cache/rep0/result.json,False
eff_nonlinear,2002,a17.efficiency.nonlinear_reuse_transfer.v1,05f23399b923c69e3ae87257bcdbea9419d6bc59d05023b1b4cb2f131b6ae074,2,EXACT_GEOMETRY_BANK_HIT,OK,0.6492760999826714,"{""geometry_signature_hash"": 0.6474631000310183, ""identity_and_content_comparison"": 7.700000423938036e-06, ""bank_key_lookup"": 5.599984433501959e-06, ""hit_bank_and_metadata_copy"": 0.0016638999804854393}",0.0001357999863103032,430023168,0,2654208,e8b6ae0a97de23db232d3c2731a642b0e2a238e13590636f803eafb1e23c36b8,evidence/final_snapshot/results/nonlinear_transfer_v1/object_2002/reuse_reset3_cache/rep0/result.json,False
eff_nonlinear,2002,a17.efficiency.nonlinear_reuse_transfer.v1,05f23399b923c69e3ae87257bcdbea9419d6bc59d05023b1b4cb2f131b6ae074,3,EXACT_GEOMETRY_BANK_HIT,OK,0.6517493999563158,"{""geometry_signature_hash"": 0.6502416000002995, ""identity_and_content_comparison"": 7.90000194683671e-06, ""bank_key_lookup"": 4.8999791033566e-06, ""hit_bank_and_metadata_copy"": 0.0013481999631039798}",0.00014680001186206937,430023168,0,2654208,e8b6ae0a97de23db232d3c2731a642b0e2a238e13590636f803eafb1e23c36b8,evidence/final_snapshot/results/nonlinear_transfer_v1/object_2002/reuse_reset3_cache/rep0/result.json,False
eff_nonlinear,2002,a17.efficiency.nonlinear_reuse_transfer.v1,05f23399b923c69e3ae87257bcdbea9419d6bc59d05023b1b4cb2f131b6ae074,4,EXACT_GEOMETRY_BANK_HIT,OK,0.639000799972564,"{""geometry_signature_hash"": 0.637514200003352, ""identity_and_content_comparison"": 7.499998901039362e-06, ""bank_key_lookup"": 5.699985194951296e-06, ""hit_bank_and_metadata_copy"": 0.0013342999736778438}",0.00013910001143813133,430023168,0,2654208,e8b6ae0a97de23db232d3c2731a642b0e2a238e13590636f803eafb1e23c36b8,evidence/final_snapshot/results/nonlinear_transfer_v1/object_2002/reuse_reset3_cache/rep0/result.json,False
eff_nonlinear,2002,a17.efficiency.nonlinear_reuse_transfer.v1,05f23399b923c69e3ae87257bcdbea9419d6bc59d05023b1b4cb2f131b6ae074,5,EXACT_GEOMETRY_BANK_HIT,OK,0.6381767999846488,"{""geometry_signature_hash"": 0.6366350000025705, ""identity_and_content_comparison"": 7.700000423938036e-06, ""bank_key_lookup"": 5.199981387704611e-06, ""hit_bank_and_metadata_copy"": 0.0013673999928869307}",0.00016150000737980008,430023168,0,2654208,e8b6ae0a97de23db232d3c2731a642b0e2a238e13590636f803eafb1e23c36b8,evidence/final_snapshot/results/nonlinear_transfer_v1/object_2002/reuse_reset3_cache/rep0/result.json,False
eff_nonlinear,2002,a17.efficiency.nonlinear_reuse_transfer.v1,05f23399b923c69e3ae87257bcdbea9419d6bc59d05023b1b4cb2f131b6ae074,6,EXACT_GEOMETRY_BANK_HIT,OK,0.6491738999611698,"{""geometry_signature_hash"": 0.6473377000074834, ""identity_and_content_comparison"": 8.400005754083395e-06, ""bank_key_lookup"": 5.600042641162872e-06, ""hit_bank_and_metadata_copy"": 0.0014676999999210238}",0.00035449990537017584,430023168,0,2654208,e8b6ae0a97de23db232d3c2731a642b0e2a238e13590636f803eafb1e23c36b8,evidence/final_snapshot/results/nonlinear_transfer_v1/object_2002/reuse_reset3_cache/rep0/result.json,False
eff_nonlinear,2002,a17.efficiency.nonlinear_reuse_transfer.v1,05f23399b923c69e3ae87257bcdbea9419d6bc59d05023b1b4cb2f131b6ae074,7,EXACT_GEOMETRY_BANK_HIT,OK,0.6405192999518476,"{""geometry_signature_hash"": 0.6388650999870151, ""identity_and_content_comparison"": 8.400005754083395e-06, ""bank_key_lookup"": 5.300040356814861e-06, ""hit_bank_and_metadata_copy"": 0.0014714000280946493}",0.00016909989062696695,430023168,0,2654208,e8b6ae0a97de23db232d3c2731a642b0e2a238e13590636f803eafb1e23c36b8,evidence/final_snapshot/results/nonlinear_transfer_v1/object_2002/reuse_reset3_cache/rep0/result.json,False
eff_nonlinear,2002,a17.efficiency.nonlinear_reuse_transfer.v1,05f23399b923c69e3ae87257bcdbea9419d6bc59d05023b1b4cb2f131b6ae074,8,EXACT_GEOMETRY_BANK_HIT,OK,0.6454783999943174,"{""geometry_signature_hash"": 0.6440300000249408, ""identity_and_content_comparison"": 8.90000956133008e-06, ""bank_key_lookup"": 5.700043402612209e-06, ""hit_bank_and_metadata_copy"": 0.0012987999944016337}",0.0001349999220110476,430023168,0,2654208,e8b6ae0a97de23db232d3c2731a642b0e2a238e13590636f803eafb1e23c36b8,evidence/final_snapshot/results/nonlinear_transfer_v1/object_2002/reuse_reset3_cache/rep0/result.json,False
eff_nonlinear,2002,a17.efficiency.nonlinear_reuse_transfer.v1,05f23399b923c69e3ae87257bcdbea9419d6bc59d05023b1b4cb2f131b6ae074,9,EXACT_GEOMETRY_BANK_HIT,OK,0.6419005999923684,"{""geometry_signature_hash"": 0.6403846999746747, ""identity_and_content_comparison"": 8.299946784973145e-06, ""bank_key_lookup"": 5.200039595365524e-06, ""hit_bank_and_metadata_copy"": 0.001359499990940094}",0.00014290004037320614,430023168,0,2654208,e8b6ae0a97de23db232d3c2731a642b0e2a238e13590636f803eafb1e23c36b8,evidence/final_snapshot/results/nonlinear_transfer_v1/object_2002/reuse_reset3_cache/rep0/result.json,False
eff_nonlinear,2002,a17.efficiency.nonlinear_reuse_transfer.v1,05f23399b923c69e3ae87257bcdbea9419d6bc59d05023b1b4cb2f131b6ae074,10,EXACT_GEOMETRY_BANK_HIT,OK,0.6513963000033982,"{""geometry_signature_hash"": 0.6496341999736615, ""identity_and_content_comparison"": 9.600014891475439e-06, ""bank_key_lookup"": 6.499991286545992e-06, ""hit_bank_and_metadata_copy"": 0.0016093000303953886}",0.00013669999316334724,430023168,0,2654208,e8b6ae0a97de23db232d3c2731a642b0e2a238e13590636f803eafb1e23c36b8,evidence/final_snapshot/results/nonlinear_transfer_v1/object_2002/reuse_reset3_cache/rep0/result.json,False
eff_nonlinear,2002,a17.efficiency.nonlinear_reuse_transfer.v1,05f23399b923c69e3ae87257bcdbea9419d6bc59d05023b1b4cb2f131b6ae074,11,EXACT_GEOMETRY_BANK_HIT,OK,0.6475877000484616,"{""geometry_signature_hash"": 0.646093400020618, ""identity_and_content_comparison"": 7.90000194683671e-06, ""bank_key_lookup"": 5.199981387704611e-06, ""hit_bank_and_metadata_copy"": 0.0013405999634414911}",0.0001406000810675323,430023168,0,2654208,e8b6ae0a97de23db232d3c2731a642b0e2a238e13590636f803eafb1e23c36b8,evidence/final_snapshot/results/nonlinear_transfer_v1/object_2002/reuse_reset3_cache/rep0/result.json,False
eff_nonlinear,2002,a17.efficiency.nonlinear_reuse_transfer.v1,05f23399b923c69e3ae87257bcdbea9419d6bc59d05023b1b4cb2f131b6ae074,12,EXACT_GEOMETRY_BANK_HIT,OK,0.6428584000095725,"{""geometry_signature_hash"": 0.6406843999866396, ""identity_and_content_comparison"": 8.600007276982069e-06, ""bank_key_lookup"": 5.600042641162872e-06, ""hit_bank_and_metadata_copy"": 0.0020148000330664217}",0.0001449999399483204,430023168,0,2654208,e8b6ae0a97de23db232d3c2731a642b0e2a238e13590636f803eafb1e23c36b8,evidence/final_snapshot/results/nonlinear_transfer_v1/object_2002/reuse_reset3_cache/rep0/result.json,False
eff_nonlinear,2002,a17.efficiency.nonlinear_reuse_transfer.v1,05f23399b923c69e3ae87257bcdbea9419d6bc59d05023b1b4cb2f131b6ae074,13,EXACT_GEOMETRY_BANK_HIT,OK,0.6508497000322677,"{""geometry_signature_hash"": 0.6494097000104375, ""identity_and_content_comparison"": 8.600007276982069e-06, ""bank_key_lookup"": 5.00003807246685e-06, ""hit_bank_and_metadata_copy"": 0.0012816000380553305}",0.00014479993842542171,430023168,0,2654208,e8b6ae0a97de23db232d3c2731a642b0e2a238e13590636f803eafb1e23c36b8,evidence/final_snapshot/results/nonlinear_transfer_v1/object_2002/reuse_reset3_cache/rep0/result.json,False
eff_nonlinear,2002,a17.efficiency.nonlinear_reuse_transfer.v1,05f23399b923c69e3ae87257bcdbea9419d6bc59d05023b1b4cb2f131b6ae074,14,EXACT_GEOMETRY_BANK_HIT,OK,0.648183900048025,"{""geometry_signature_hash"": 0.6467428000178188, ""identity_and_content_comparison"": 7.999944500625134e-06, ""bank_key_lookup"": 5.89998671784997e-06, ""hit_bank_and_metadata_copy"": 0.001285600010305643}",0.00014160008868202567,430023168,0,2654208,e8b6ae0a97de23db232d3c2731a642b0e2a238e13590636f803eafb1e23c36b8,evidence/final_snapshot/results/nonlinear_transfer_v1/object_2002/reuse_reset3_cache/rep0/result.json,False
eff_nonlinear,2002,a17.efficiency.nonlinear_reuse_transfer.v1,05f23399b923c69e3ae87257bcdbea9419d6bc59d05023b1b4cb2f131b6ae074,15,EXACT_GEOMETRY_BANK_HIT,OK,0.6435813999851234,"{""geometry_signature_hash"": 0.6420404999516904, ""identity_and_content_comparison"": 8.400005754083395e-06, ""bank_key_lookup"": 5.499983672052622e-06, ""hit_bank_and_metadata_copy"": 0.0013799999724142253}",0.00014700007159262896,430023168,0,2654208,e8b6ae0a97de23db232d3c2731a642b0e2a238e13590636f803eafb1e23c36b8,evidence/final_snapshot/results/nonlinear_transfer_v1/object_2002/reuse_reset3_cache/rep0/result.json,False
eff_nonlinear,2002,a17.efficiency.nonlinear_reuse_transfer.v1,05f23399b923c69e3ae87257bcdbea9419d6bc59d05023b1b4cb2f131b6ae074,16,EXACT_GEOMETRY_BANK_HIT,OK,0.6521483999677002,"{""geometry_signature_hash"": 0.65052890003426, ""identity_and_content_comparison"": 8.300004992634058e-06, ""bank_key_lookup"": 6.099988240748644e-06, ""hit_bank_and_metadata_copy"": 0.0014513999922201037}",0.0001536999479867518,430023168,0,2654208,e8b6ae0a97de23db232d3c2731a642b0e2a238e13590636f803eafb1e23c36b8,evidence/final_snapshot/results/nonlinear_transfer_v1/object_2002/reuse_reset3_cache/rep0/result.json,False
eff_nonlinear,2002,a17.efficiency.nonlinear_reuse_transfer.v1,05f23399b923c69e3ae87257bcdbea9419d6bc59d05023b1b4cb2f131b6ae074,17,EXACT_GEOMETRY_BANK_HIT,OK,0.6499863999779336,"{""geometry_signature_hash"": 0.648479400028009, ""identity_and_content_comparison"": 9.000010322779417e-06, ""bank_key_lookup"": 5.499983672052622e-06, ""hit_bank_and_metadata_copy"": 0.0013358999858610332}",0.00015659997006878257,430023168,0,2654208,e8b6ae0a97de23db232d3c2731a642b0e2a238e13590636f803eafb1e23c36b8,evidence/final_snapshot/results/nonlinear_transfer_v1/object_2002/reuse_reset3_cache/rep0/result.json,False
eff_nonlinear,2002,a17.efficiency.nonlinear_reuse_transfer.v1,05f23399b923c69e3ae87257bcdbea9419d6bc59d05023b1b4cb2f131b6ae074,18,EXACT_GEOMETRY_BANK_HIT,OK,0.6455327000003308,"{""geometry_signature_hash"": 0.6440691000316292, ""identity_and_content_comparison"": 7.800001185387373e-06, ""bank_key_lookup"": 6.199989002197981e-06, ""hit_bank_and_metadata_copy"": 0.001316900015808642}",0.00013269996270537376,430023168,0,2654208,e8b6ae0a97de23db232d3c2731a642b0e2a238e13590636f803eafb1e23c36b8,evidence/final_snapshot/results/nonlinear_transfer_v1/object_2002/reuse_reset3_cache/rep0/result.json,False
eff_nonlinear,2002,a17.efficiency.nonlinear_reuse_transfer.v1,05f23399b923c69e3ae87257bcdbea9419d6bc59d05023b1b4cb2f131b6ae074,19,EXACT_GEOMETRY_BANK_HIT,OK,0.6559842999558896,"{""geometry_signature_hash"": 0.654407900001388, ""identity_and_content_comparison"": 8.700008038431406e-06, ""bank_key_lookup"": 6.300047971308231e-06, ""hit_bank_and_metadata_copy"": 0.001386400021146983}",0.00017499987734481692,430023168,0,2654208,e8b6ae0a97de23db232d3c2731a642b0e2a238e13590636f803eafb1e23c36b8,evidence/final_snapshot/results/nonlinear_transfer_v1/object_2002/reuse_reset3_cache/rep0/result.json,False
eff_nonlinear,2002,a17.efficiency.nonlinear_reuse_transfer.v1,05f23399b923c69e3ae87257bcdbea9419d6bc59d05023b1b4cb2f131b6ae074,20,EXACT_GEOMETRY_BANK_HIT,OK,0.6309071000432596,"{""geometry_signature_hash"": 0.6293568999972194, ""identity_and_content_comparison"": 9.699957445263863e-06, ""bank_key_lookup"": 6.299989763647318e-06, ""hit_bank_and_metadata_copy"": 0.001382599992211908}",0.00015160010661929846,430023168,0,2654208,e8b6ae0a97de23db232d3c2731a642b0e2a238e13590636f803eafb1e23c36b8,evidence/final_snapshot/results/nonlinear_transfer_v1/object_2002/reuse_reset3_cache/rep0/result.json,False
eff_nonlinear,2002,a17.efficiency.nonlinear_reuse_transfer.v1,05f23399b923c69e3ae87257bcdbea9419d6bc59d05023b1b4cb2f131b6ae074,21,EXACT_GEOMETRY_BANK_HIT,OK,0.642086100007873,"{""geometry_signature_hash"": 0.6406150999828242, ""identity_and_content_comparison"": 8.200004231184721e-06, ""bank_key_lookup"": 5.299982149153948e-06, ""hit_bank_and_metadata_copy"": 0.0013220999971963465}",0.00013540004147216678,430023168,0,2654208,e8b6ae0a97de23db232d3c2731a642b0e2a238e13590636f803eafb1e23c36b8,evidence/final_snapshot/results/nonlinear_transfer_v1/object_2002/reuse_reset3_cache/rep0/result.json,False
eff_nonlinear,2002,a17.efficiency.nonlinear_reuse_transfer.v1,05f23399b923c69e3ae87257bcdbea9419d6bc59d05023b1b4cb2f131b6ae074,22,EXACT_GEOMETRY_BANK_HIT,OK,0.6432005000533536,"{""geometry_signature_hash"": 0.641163999971468, ""identity_and_content_comparison"": 0.0002437999937683344, ""bank_key_lookup"": 6.599992047995329e-06, ""hit_bank_and_metadata_copy"": 0.00163569999858737}",0.00015040009748190641,430023168,0,2654208,e8b6ae0a97de23db232d3c2731a642b0e2a238e13590636f803eafb1e23c36b8,evidence/final_snapshot/results/nonlinear_transfer_v1/object_2002/reuse_reset3_cache/rep0/result.json,False
eff_nonlinear,2002,a17.efficiency.nonlinear_reuse_transfer.v1,05f23399b923c69e3ae87257bcdbea9419d6bc59d05023b1b4cb2f131b6ae074,23,EXACT_GEOMETRY_BANK_HIT,OK,0.6528140000300482,"{""geometry_signature_hash"": 0.6513273000018671, ""identity_and_content_comparison"": 8.000002708286047e-06, ""bank_key_lookup"": 5.400041118264198e-06, ""hit_bank_and_metadata_copy"": 0.0013293999945744872}",0.0001438999897800386,430023168,0,2654208,e8b6ae0a97de23db232d3c2731a642b0e2a238e13590636f803eafb1e23c36b8,evidence/final_snapshot/results/nonlinear_transfer_v1/object_2002/reuse_reset3_cache/rep0/result.json,False
eff_nonlinear,2002,a17.efficiency.nonlinear_reuse_transfer.v1,05f23399b923c69e3ae87257bcdbea9419d6bc59d05023b1b4cb2f131b6ae074,24,EXACT_GEOMETRY_BANK_HIT,OK,0.6506020000088029,"{""geometry_signature_hash"": 0.6488672999548726, ""identity_and_content_comparison"": 7.700000423938036e-06, ""bank_key_lookup"": 5.499983672052622e-06, ""hit_bank_and_metadata_copy"": 0.0015901000006124377}",0.0001314000692218542,430023168,0,2654208,e8b6ae0a97de23db232d3c2731a642b0e2a238e13590636f803eafb1e23c36b8,evidence/final_snapshot/results/nonlinear_transfer_v1/object_2002/reuse_reset3_cache/rep0/result.json,False
eff_nonlinear,2002,a17.efficiency.nonlinear_reuse_transfer.v1,05f23399b923c69e3ae87257bcdbea9419d6bc59d05023b1b4cb2f131b6ae074,25,EXACT_GEOMETRY_BANK_HIT,OK,0.6484817999880761,"{""geometry_signature_hash"": 0.646481599949766, ""identity_and_content_comparison"": 8.200004231184721e-06, ""bank_key_lookup"": 4.999979864805937e-06, ""hit_bank_and_metadata_copy"": 0.0018406999879516661}",0.0001463000662624836,430023168,0,2654208,e8b6ae0a97de23db232d3c2731a642b0e2a238e13590636f803eafb1e23c36b8,evidence/final_snapshot/results/nonlinear_transfer_v1/object_2002/reuse_reset3_cache/rep0/result.json,False
eff_nonlinear,2002,a17.efficiency.nonlinear_reuse_transfer.v1,05f23399b923c69e3ae87257bcdbea9419d6bc59d05023b1b4cb2f131b6ae074,26,EXACT_GEOMETRY_BANK_HIT,OK,0.6369552999967709,"{""geometry_signature_hash"": 0.6354160999762826, ""identity_and_content_comparison"": 8.400005754083395e-06, ""bank_key_lookup"": 5.799985956400633e-06, ""hit_bank_and_metadata_copy"": 0.0013925000093877316}",0.000132500019390136,430023168,0,2654208,e8b6ae0a97de23db232d3c2731a642b0e2a238e13590636f803eafb1e23c36b8,evidence/final_snapshot/results/nonlinear_transfer_v1/object_2002/reuse_reset3_cache/rep0/result.json,False
eff_nonlinear,2002,a17.efficiency.nonlinear_reuse_transfer.v1,05f23399b923c69e3ae87257bcdbea9419d6bc59d05023b1b4cb2f131b6ae074,27,EXACT_GEOMETRY_BANK_HIT,OK,0.6426758000161499,"{""geometry_signature_hash"": 0.640991699998267, ""identity_and_content_comparison"": 8.90000956133008e-06, ""bank_key_lookup"": 5.900044925510883e-06, ""hit_bank_and_metadata_copy"": 0.0012903999886475503}",0.00037889997474849224,430023168,0,2654208,e8b6ae0a97de23db232d3c2731a642b0e2a238e13590636f803eafb1e23c36b8,evidence/final_snapshot/results/nonlinear_transfer_v1/object_2002/reuse_reset3_cache/rep0/result.json,False
eff_nonlinear,2002,a17.efficiency.nonlinear_reuse_transfer.v1,05f23399b923c69e3ae87257bcdbea9419d6bc59d05023b1b4cb2f131b6ae074,28,EXACT_GEOMETRY_BANK_HIT,OK,0.6528064999729395,"{""geometry_signature_hash"": 0.6512689999653958, ""identity_and_content_comparison"": 7.800001185387373e-06, ""bank_key_lookup"": 5.900044925510883e-06, ""hit_bank_and_metadata_copy"": 0.0013763000024482608}",0.00014749995898455381,430023168,0,2654208,e8b6ae0a97de23db232d3c2731a642b0e2a238e13590636f803eafb1e23c36b8,evidence/final_snapshot/results/nonlinear_transfer_v1/object_2002/reuse_reset3_cache/rep0/result.json,False
eff_nonlinear,2002,a17.efficiency.nonlinear_reuse_transfer.v1,05f23399b923c69e3ae87257bcdbea9419d6bc59d05023b1b4cb2f131b6ae074,29,EXACT_GEOMETRY_BANK_HIT,OK,0.6541394999949262,"{""geometry_signature_hash"": 0.6527134999632835, ""identity_and_content_comparison"": 7.800001185387373e-06, ""bank_key_lookup"": 4.999979864805937e-06, ""hit_bank_and_metadata_copy"": 0.0012755999923683703}",0.0001376000582240522,430023168,0,2654208,e8b6ae0a97de23db232d3c2731a642b0e2a238e13590636f803eafb1e23c36b8,evidence/final_snapshot/results/nonlinear_transfer_v1/object_2002/reuse_reset3_cache/rep0/result.json,False
eff_nonlinear,2002,a17.efficiency.nonlinear_reuse_transfer.v1,05f23399b923c69e3ae87257bcdbea9419d6bc59d05023b1b4cb2f131b6ae074,30,EXACT_GEOMETRY_BANK_HIT,OK,0.6493534999899566,"{""geometry_signature_hash"": 0.6478349999524653, ""identity_and_content_comparison"": 7.599999662488699e-06, ""bank_key_lookup"": 5.299982149153948e-06, ""hit_bank_and_metadata_copy"": 0.0013747999910265207}",0.0001308000646531582,430023168,0,2654208,e8b6ae0a97de23db232d3c2731a642b0e2a238e13590636f803eafb1e23c36b8,evidence/final_snapshot/results/nonlinear_transfer_v1/object_2002/reuse_reset3_cache/rep0/result.json,False
eff_nonlinear,2002,a17.efficiency.nonlinear_reuse_transfer.v1,05f23399b923c69e3ae87257bcdbea9419d6bc59d05023b1b4cb2f131b6ae074,31,EXACT_GEOMETRY_BANK_HIT,OK,0.6449951999820769,"{""geometry_signature_hash"": 0.6432219000416808, ""identity_and_content_comparison"": 8.600007276982069e-06, ""bank_key_lookup"": 5.299982149153948e-06, ""hit_bank_and_metadata_copy"": 0.0015881999861449003}",0.00017119996482506394,430023168,0,2654208,e8b6ae0a97de23db232d3c2731a642b0e2a238e13590636f803eafb1e23c36b8,evidence/final_snapshot/results/nonlinear_transfer_v1/object_2002/reuse_reset3_cache/rep0/result.json,False
eff_nonlinear,2002,a17.efficiency.nonlinear_reuse_transfer.v1,05f23399b923c69e3ae87257bcdbea9419d6bc59d05023b1b4cb2f131b6ae074,32,EXACT_GEOMETRY_BANK_HIT,OK,0.6431020000018179,"{""geometry_signature_hash"": 0.6415259000496008, ""identity_and_content_comparison"": 1.2299977242946625e-05, ""bank_key_lookup"": 5.499983672052622e-06, ""hit_bank_and_metadata_copy"": 0.0014113999786786735}",0.0001469000126235187,430023168,0,2654208,e8b6ae0a97de23db232d3c2731a642b0e2a238e13590636f803eafb1e23c36b8,evidence/final_snapshot/results/nonlinear_transfer_v1/object_2002/reuse_reset3_cache/rep0/result.json,False
eff_nonlinear,2002,a17.efficiency.nonlinear_reuse_transfer.v1,05f23399b923c69e3ae87257bcdbea9419d6bc59d05023b1b4cb2f131b6ae074,33,EXACT_GEOMETRY_BANK_HIT,OK,0.6354480000445619,"{""geometry_signature_hash"": 0.6338793000322767, ""identity_and_content_comparison"": 7.90000194683671e-06, ""bank_key_lookup"": 4.799978341907263e-06, ""hit_bank_and_metadata_copy"": 0.0014195000403560698}",0.00013649999164044857,430023168,0,2654208,e8b6ae0a97de23db232d3c2731a642b0e2a238e13590636f803eafb1e23c36b8,evidence/final_snapshot/results/nonlinear_transfer_v1/object_2002/reuse_reset3_cache/rep0/result.json,False
eff_nonlinear,2002,a17.efficiency.nonlinear_reuse_transfer.v1,05f23399b923c69e3ae87257bcdbea9419d6bc59d05023b1b4cb2f131b6ae074,34,EXACT_GEOMETRY_BANK_HIT,OK,0.6531316000036895,"{""geometry_signature_hash"": 0.6515230999793857, ""identity_and_content_comparison"": 8.199946023523808e-06, ""bank_key_lookup"": 1.2599979527294636e-05, ""hit_bank_and_metadata_copy"": 0.0013210000470280647}",0.00026670005172491074,430023168,0,2654208,e8b6ae0a97de23db232d3c2731a642b0e2a238e13590636f803eafb1e23c36b8,evidence/final_snapshot/results/nonlinear_transfer_v1/object_2002/reuse_reset3_cache/rep0/result.json,False
eff_nonlinear,2002,a17.efficiency.nonlinear_reuse_transfer.v1,05f23399b923c69e3ae87257bcdbea9419d6bc59d05023b1b4cb2f131b6ae074,35,EXACT_GEOMETRY_BANK_HIT,OK,0.6497229000087827,"{""geometry_signature_hash"": 0.6480932999984361, ""identity_and_content_comparison"": 8.200004231184721e-06, ""bank_key_lookup"": 5.199981387704611e-06, ""hit_bank_and_metadata_copy"": 0.0014756000018678606}",0.0001406000228598714,430023168,0,2654208,e8b6ae0a97de23db232d3c2731a642b0e2a238e13590636f803eafb1e23c36b8,evidence/final_snapshot/results/nonlinear_transfer_v1/object_2002/reuse_reset3_cache/rep0/result.json,False
eff_nonlinear,2002,a17.efficiency.nonlinear_transfer.v1,332830a7f3d0c03ba114c5ec0d7972997689e5fd763f8cac2b8750fffa803184,0,MISS_ORIGINAL_ACQUISITION,OK,5.770942400034983,"{""geometry_signature_hash"": 1.3025338999577798, ""identity_and_content_comparison"": 6.799993570894003e-06, ""cache_invalidation"": 1.8300022929906845e-05, ""bank_key_lookup"": 3.999972250312567e-06, ""original_provider_call"": 4.466386199987028, ""first_bank_storage_copy"": 0.0013902000500820577}",0.0006030000513419509,860046336,2654208,0,e8b6ae0a97de23db232d3c2731a642b0e2a238e13590636f803eafb1e23c36b8,evidence/final_snapshot/results/nonlinear_transfer_v1/object_2002/top1_cap2_cache/rep0/result.json,False
eff_nonlinear,2002,a17.efficiency.nonlinear_transfer.v1,332830a7f3d0c03ba114c5ec0d7972997689e5fd763f8cac2b8750fffa803184,1,EXACT_GEOMETRY_BANK_HIT,OK,0.6456373000401072,"{""geometry_signature_hash"": 0.6428203000104986, ""identity_and_content_comparison"": 8.700008038431406e-06, ""bank_key_lookup"": 4.800036549568176e-06, ""hit_bank_and_metadata_copy"": 0.002647800021804869}",0.00015569996321573853,430023168,0,2654208,e8b6ae0a97de23db232d3c2731a642b0e2a238e13590636f803eafb1e23c36b8,evidence/final_snapshot/results/nonlinear_transfer_v1/object_2002/top1_cap2_cache/rep0/result.json,False
eff_nonlinear,2002,a17.efficiency.nonlinear_transfer.v1,332830a7f3d0c03ba114c5ec0d7972997689e5fd763f8cac2b8750fffa803184,2,EXACT_GEOMETRY_BANK_HIT,OK,0.6509158999542706,"{""geometry_signature_hash"": 0.6485979999997653, ""identity_and_content_comparison"": 9.400013368576765e-06, ""bank_key_lookup"": 5.399982910603285e-06, ""hit_bank_and_metadata_copy"": 0.002154399990104139}",0.00014869996812194586,430023168,0,2654208,e8b6ae0a97de23db232d3c2731a642b0e2a238e13590636f803eafb1e23c36b8,evidence/final_snapshot/results/nonlinear_transfer_v1/object_2002/top1_cap2_cache/rep0/result.json,False
eff_nonlinear,2002,a17.efficiency.nonlinear_transfer.v1,332830a7f3d0c03ba114c5ec0d7972997689e5fd763f8cac2b8750fffa803184,3,EXACT_GEOMETRY_BANK_HIT,OK,0.6510648999828845,"{""geometry_signature_hash"": 0.6491489000036381, ""identity_and_content_comparison"": 8.300004992634058e-06, ""bank_key_lookup"": 4.999979864805937e-06, ""hit_bank_and_metadata_copy"": 0.0017602000152692199}",0.00014249997911974788,430023168,0,2654208,e8b6ae0a97de23db232d3c2731a642b0e2a238e13590636f803eafb1e23c36b8,evidence/final_snapshot/results/nonlinear_transfer_v1/object_2002/top1_cap2_cache/rep0/result.json,False
eff_nonlinear,2002,a17.efficiency.nonlinear_transfer.v1,332830a7f3d0c03ba114c5ec0d7972997689e5fd763f8cac2b8750fffa803184,4,EXACT_GEOMETRY_BANK_HIT,OK,0.639397100021597,"{""geometry_signature_hash"": 0.6378894999506883, ""identity_and_content_comparison"": 8.90000956133008e-06, ""bank_key_lookup"": 5.499983672052622e-06, ""hit_bank_and_metadata_copy"": 0.0013608000008389354}",0.00013240007683634758,430023168,0,2654208,e8b6ae0a97de23db232d3c2731a642b0e2a238e13590636f803eafb1e23c36b8,evidence/final_snapshot/results/nonlinear_transfer_v1/object_2002/top1_cap2_cache/rep0/result.json,False
eff_nonlinear,2002,a17.efficiency.nonlinear_transfer.v1,332830a7f3d0c03ba114c5ec0d7972997689e5fd763f8cac2b8750fffa803184,5,EXACT_GEOMETRY_BANK_HIT,OK,0.6510070000076666,"{""geometry_signature_hash"": 0.6494640000164509, ""identity_and_content_comparison"": 8.700008038431406e-06, ""bank_key_lookup"": 5.599984433501959e-06, ""hit_bank_and_metadata_copy"": 0.001386999967508018}",0.0001417000312358141,430023168,0,2654208,e8b6ae0a97de23db232d3c2731a642b0e2a238e13590636f803eafb1e23c36b8,evidence/final_snapshot/results/nonlinear_transfer_v1/object_2002/top1_cap2_cache/rep0/result.json,False
eff_nonlinear,2002,a17.efficiency.nonlinear_transfer.v1,332830a7f3d0c03ba114c5ec0d7972997689e5fd763f8cac2b8750fffa803184,6,EXACT_GEOMETRY_BANK_HIT,OK,0.6526932999840938,"{""geometry_signature_hash"": 0.6512055000057444, ""identity_and_content_comparison"": 9.800016414374113e-06, ""bank_key_lookup"": 5.89998671784997e-06, ""hit_bank_and_metadata_copy"": 0.0012558000162243843}",0.00021629995899274945,430023168,0,2654208,e8b6ae0a97de23db232d3c2731a642b0e2a238e13590636f803eafb1e23c36b8,evidence/final_snapshot/results/nonlinear_transfer_v1/object_2002/top1_cap2_cache/rep0/result.json,False
eff_nonlinear,2002,a17.efficiency.nonlinear_transfer.v1,332830a7f3d0c03ba114c5ec0d7972997689e5fd763f8cac2b8750fffa803184,7,EXACT_GEOMETRY_BANK_HIT,OK,0.6527560999966227,"{""geometry_signature_hash"": 0.6512535999645479, ""identity_and_content_comparison"": 7.700000423938036e-06, ""bank_key_lookup"": 4.599976819008589e-06, ""hit_bank_and_metadata_copy"": 0.001332300016656518}",0.00015790003817528486,430023168,0,2654208,e8b6ae0a97de23db232d3c2731a642b0e2a238e13590636f803eafb1e23c36b8,evidence/final_snapshot/results/nonlinear_transfer_v1/object_2002/top1_cap2_cache/rep0/result.json,False
eff_nonlinear,2002,a17.efficiency.nonlinear_transfer.v1,332830a7f3d0c03ba114c5ec0d7972997689e5fd763f8cac2b8750fffa803184,8,EXACT_GEOMETRY_BANK_HIT,OK,0.649513799988199,"{""geometry_signature_hash"": 0.6479277999605983, ""identity_and_content_comparison"": 9.199953638017178e-06, ""bank_key_lookup"": 5.300040356814861e-06, ""hit_bank_and_metadata_copy"": 0.0014403000241145492}",0.00013120000949129462,430023168,0,2654208,e8b6ae0a97de23db232d3c2731a642b0e2a238e13590636f803eafb1e23c36b8,evidence/final_snapshot/results/nonlinear_transfer_v1/object_2002/top1_cap2_cache/rep0/result.json,False
eff_nonlinear,2002,a17.efficiency.nonlinear_transfer.v1,332830a7f3d0c03ba114c5ec0d7972997689e5fd763f8cac2b8750fffa803184,9,EXACT_GEOMETRY_BANK_HIT,OK,0.6409477000124753,"{""geometry_signature_hash"": 0.6393179000006057, ""identity_and_content_comparison"": 8.400005754083395e-06, ""bank_key_lookup"": 5.199981387704611e-06, ""hit_bank_and_metadata_copy"": 0.0014739999896846712}",0.00014220003504306078,430023168,0,2654208,e8b6ae0a97de23db232d3c2731a642b0e2a238e13590636f803eafb1e23c36b8,evidence/final_snapshot/results/nonlinear_transfer_v1/object_2002/top1_cap2_cache/rep0/result.json,False
eff_nonlinear,2002,a17.efficiency.nonlinear_transfer.v1,332830a7f3d0c03ba114c5ec0d7972997689e5fd763f8cac2b8750fffa803184,10,EXACT_GEOMETRY_BANK_HIT,OK,0.6495132999843918,"{""geometry_signature_hash"": 0.6476074000238441, ""identity_and_content_comparison"": 9.200011845678091e-06, ""bank_key_lookup"": 9.90001717582345e-06, ""hit_bank_and_metadata_copy"": 0.0015250000287778676}",0.0003617999027483165,430023168,0,2654208,e8b6ae0a97de23db232d3c2731a642b0e2a238e13590636f803eafb1e23c36b8,evidence/final_snapshot/results/nonlinear_transfer_v1/object_2002/top1_cap2_cache/rep0/result.json,False
eff_nonlinear,2002,a17.efficiency.nonlinear_transfer.v1,332830a7f3d0c03ba114c5ec0d7972997689e5fd763f8cac2b8750fffa803184,11,EXACT_GEOMETRY_BANK_HIT,OK,0.6342360000126064,"{""geometry_signature_hash"": 0.6327491999836639, ""identity_and_content_comparison"": 3.100000321865082e-05, ""bank_key_lookup"": 5.999987479299307e-06, ""hit_bank_and_metadata_copy"": 0.0013083000085316598}",0.00014150002971291542,430023168,0,2654208,e8b6ae0a97de23db232d3c2731a642b0e2a238e13590636f803eafb1e23c36b8,evidence/final_snapshot/results/nonlinear_transfer_v1/object_2002/top1_cap2_cache/rep0/result.json,False
eff_nonlinear,2002,a17.efficiency.nonlinear_transfer.v1,332830a7f3d0c03ba114c5ec0d7972997689e5fd763f8cac2b8750fffa803184,12,EXACT_GEOMETRY_BANK_HIT,OK,0.6497769000125118,"{""geometry_signature_hash"": 0.6480292999767698, ""identity_and_content_comparison"": 1.009996049106121e-05, ""bank_key_lookup"": 6.499991286545992e-06, ""hit_bank_and_metadata_copy"": 0.0015629000263288617}",0.00016810005763545632,430023168,0,2654208,e8b6ae0a97de23db232d3c2731a642b0e2a238e13590636f803eafb1e23c36b8,evidence/final_snapshot/results/nonlinear_transfer_v1/object_2002/top1_cap2_cache/rep0/result.json,False
eff_nonlinear,2002,a17.efficiency.nonlinear_transfer.v1,332830a7f3d0c03ba114c5ec0d7972997689e5fd763f8cac2b8750fffa803184,13,EXACT_GEOMETRY_BANK_HIT,OK,0.6534082000143826,"{""geometry_signature_hash"": 0.6518696999992244, ""identity_and_content_comparison"": 7.90000194683671e-06, ""bank_key_lookup"": 4.8999791033566e-06, ""hit_bank_and_metadata_copy"": 0.0013842000043950975}",0.00014150002971291542,430023168,0,2654208,e8b6ae0a97de23db232d3c2731a642b0e2a238e13590636f803eafb1e23c36b8,evidence/final_snapshot/results/nonlinear_transfer_v1/object_2002/top1_cap2_cache/rep0/result.json,False
eff_nonlinear,2002,a17.efficiency.nonlinear_transfer.v1,332830a7f3d0c03ba114c5ec0d7972997689e5fd763f8cac2b8750fffa803184,14,EXACT_GEOMETRY_BANK_HIT,OK,0.6591639000107534,"{""geometry_signature_hash"": 0.6576568000018597, ""identity_and_content_comparison"": 9.300012607127428e-06, ""bank_key_lookup"": 6.300047971308231e-06, ""hit_bank_and_metadata_copy"": 0.0013547000125981867}",0.00013679993571713567,430023168,0,2654208,e8b6ae0a97de23db232d3c2731a642b0e2a238e13590636f803eafb1e23c36b8,evidence/final_snapshot/results/nonlinear_transfer_v1/object_2002/top1_cap2_cache/rep0/result.json,False
eff_nonlinear,2002,a17.efficiency.nonlinear_transfer.v1,332830a7f3d0c03ba114c5ec0d7972997689e5fd763f8cac2b8750fffa803184,15,EXACT_GEOMETRY_BANK_HIT,OK,0.6450789999798872,"{""geometry_signature_hash"": 0.6432584999711253, ""identity_and_content_comparison"": 8.400005754083395e-06, ""bank_key_lookup"": 5.099980626255274e-06, ""hit_bank_and_metadata_copy"": 0.0016570999869145453}",0.00014990003546699882,430023168,0,2654208,e8b6ae0a97de23db232d3c2731a642b0e2a238e13590636f803eafb1e23c36b8,evidence/final_snapshot/results/nonlinear_transfer_v1/object_2002/top1_cap2_cache/rep0/result.json,False
eff_nonlinear,2002,a17.efficiency.nonlinear_transfer.v1,332830a7f3d0c03ba114c5ec0d7972997689e5fd763f8cac2b8750fffa803184,16,EXACT_GEOMETRY_BANK_HIT,OK,0.640713200031314,"{""geometry_signature_hash"": 0.6390231000259519, ""identity_and_content_comparison"": 9.299954399466515e-06, ""bank_key_lookup"": 5.499983672052622e-06, ""hit_bank_and_metadata_copy"": 0.0015285999979823828}",0.00014670006930828094,430023168,0,2654208,e8b6ae0a97de23db232d3c2731a642b0e2a238e13590636f803eafb1e23c36b8,evidence/final_snapshot/results/nonlinear_transfer_v1/object_2002/top1_cap2_cache/rep0/result.json,False
eff_nonlinear,2002,a17.efficiency.nonlinear_transfer.v1,332830a7f3d0c03ba114c5ec0d7972997689e5fd763f8cac2b8750fffa803184,17,EXACT_GEOMETRY_BANK_HIT,OK,0.642859400017187,"{""geometry_signature_hash"": 0.6412915000109933, ""identity_and_content_comparison"": 8.600007276982069e-06, ""bank_key_lookup"": 5.300040356814861e-06, ""hit_bank_and_metadata_copy"": 0.0014034000341780484}",0.00015059992438182235,430023168,0,2654208,e8b6ae0a97de23db232d3c2731a642b0e2a238e13590636f803eafb1e23c36b8,evidence/final_snapshot/results/nonlinear_transfer_v1/object_2002/top1_cap2_cache/rep0/result.json,False
eff_nonlinear,2002,a17.efficiency.nonlinear_transfer.v1,332830a7f3d0c03ba114c5ec0d7972997689e5fd763f8cac2b8750fffa803184,18,EXACT_GEOMETRY_BANK_HIT,OK,0.6555960000259802,"{""geometry_signature_hash"": 0.654082200024277, ""identity_and_content_comparison"": 9.000010322779417e-06, ""bank_key_lookup"": 5.800044164061546e-06, ""hit_bank_and_metadata_copy"": 0.0013499000342562795}",0.0001490999129600823,430023168,0,2654208,e8b6ae0a97de23db232d3c2731a642b0e2a238e13590636f803eafb1e23c36b8,evidence/final_snapshot/results/nonlinear_transfer_v1/object_2002/top1_cap2_cache/rep0/result.json,False
eff_nonlinear,2002,a17.efficiency.nonlinear_transfer.v1,332830a7f3d0c03ba114c5ec0d7972997689e5fd763f8cac2b8750fffa803184,19,EXACT_GEOMETRY_BANK_HIT,OK,0.6608438999974169,"{""geometry_signature_hash"": 0.6593632999574766, ""identity_and_content_comparison"": 9.600014891475439e-06, ""bank_key_lookup"": 5.300040356814861e-06, ""hit_bank_and_metadata_copy"": 0.0012980999890714884}",0.00016759999562054873,430023168,0,2654208,e8b6ae0a97de23db232d3c2731a642b0e2a238e13590636f803eafb1e23c36b8,evidence/final_snapshot/results/nonlinear_transfer_v1/object_2002/top1_cap2_cache/rep0/result.json,False
eff_nonlinear,2002,a17.efficiency.nonlinear_transfer.v1,332830a7f3d0c03ba114c5ec0d7972997689e5fd763f8cac2b8750fffa803184,20,EXACT_GEOMETRY_BANK_HIT,OK,0.6479210000252351,"{""geometry_signature_hash"": 0.646460100018885, ""identity_and_content_comparison"": 8.90000956133008e-06, ""bank_key_lookup"": 5.599984433501959e-06, ""hit_bank_and_metadata_copy"": 0.001311000029090792}",0.00013539998326450586,430023168,0,2654208,e8b6ae0a97de23db232d3c2731a642b0e2a238e13590636f803eafb1e23c36b8,evidence/final_snapshot/results/nonlinear_transfer_v1/object_2002/top1_cap2_cache/rep0/result.json,False
eff_nonlinear,2002,a17.efficiency.nonlinear_transfer.v1,332830a7f3d0c03ba114c5ec0d7972997689e5fd763f8cac2b8750fffa803184,21,EXACT_GEOMETRY_BANK_HIT,OK,0.654800099960994,"{""geometry_signature_hash"": 0.6524955999921076, ""identity_and_content_comparison"": 8.000002708286047e-06, ""bank_key_lookup"": 5.500041879713535e-06, ""hit_bank_and_metadata_copy"": 0.0013676999951712787}",0.0009232999291270971,430023168,0,2654208,e8b6ae0a97de23db232d3c2731a642b0e2a238e13590636f803eafb1e23c36b8,evidence/final_snapshot/results/nonlinear_transfer_v1/object_2002/top1_cap2_cache/rep0/result.json,False
eff_nonlinear,2002,a17.efficiency.nonlinear_transfer.v1,332830a7f3d0c03ba114c5ec0d7972997689e5fd763f8cac2b8750fffa803184,22,EXACT_GEOMETRY_BANK_HIT,OK,0.6508382000029087,"{""geometry_signature_hash"": 0.6493023000075482, ""identity_and_content_comparison"": 1.0000017937272787e-05, ""bank_key_lookup"": 5.999987479299307e-06, ""hit_bank_and_metadata_copy"": 0.0013794000260531902}",0.00014049996389076114,430023168,0,2654208,e8b6ae0a97de23db232d3c2731a642b0e2a238e13590636f803eafb1e23c36b8,evidence/final_snapshot/results/nonlinear_transfer_v1/object_2002/top1_cap2_cache/rep0/result.json,False
eff_nonlinear,2002,a17.efficiency.nonlinear_transfer.v1,332830a7f3d0c03ba114c5ec0d7972997689e5fd763f8cac2b8750fffa803184,23,EXACT_GEOMETRY_BANK_HIT,OK,0.6566991999861784,"{""geometry_signature_hash"": 0.6551681999699213, ""identity_and_content_comparison"": 8.899951353669167e-06, ""bank_key_lookup"": 5.200039595365524e-06, ""hit_bank_and_metadata_copy"": 0.0013707999605685472}",0.00014610006473958492,430023168,0,2654208,e8b6ae0a97de23db232d3c2731a642b0e2a238e13590636f803eafb1e23c36b8,evidence/final_snapshot/results/nonlinear_transfer_v1/object_2002/top1_cap2_cache/rep0/result.json,False
eff_nonlinear,2002,a17.efficiency.nonlinear_transfer.v1,332830a7f3d0c03ba114c5ec0d7972997689e5fd763f8cac2b8750fffa803184,24,EXACT_GEOMETRY_BANK_HIT,OK,0.6467227000393905,"{""geometry_signature_hash"": 0.6450894000008702, ""identity_and_content_comparison"": 1.0000017937272787e-05, ""bank_key_lookup"": 5.299982149153948e-06, ""hit_bank_and_metadata_copy"": 0.0013919000048190355}",0.00022610003361478448,430023168,0,2654208,e8b6ae0a97de23db232d3c2731a642b0e2a238e13590636f803eafb1e23c36b8,evidence/final_snapshot/results/nonlinear_transfer_v1/object_2002/top1_cap2_cache/rep0/result.json,False
eff_nonlinear,2002,a17.efficiency.nonlinear_transfer.v1,332830a7f3d0c03ba114c5ec0d7972997689e5fd763f8cac2b8750fffa803184,25,EXACT_GEOMETRY_BANK_HIT,OK,0.6526838000281714,"{""geometry_signature_hash"": 0.6510711999726482, ""identity_and_content_comparison"": 9.100011084228754e-06, ""bank_key_lookup"": 5.499983672052622e-06, ""hit_bank_and_metadata_copy"": 0.001347700017504394}",0.0002503000432625413,430023168,0,2654208,e8b6ae0a97de23db232d3c2731a642b0e2a238e13590636f803eafb1e23c36b8,evidence/final_snapshot/results/nonlinear_transfer_v1/object_2002/top1_cap2_cache/rep0/result.json,False
eff_nonlinear,2002,a17.efficiency.nonlinear_transfer.v1,332830a7f3d0c03ba114c5ec0d7972997689e5fd763f8cac2b8750fffa803184,26,EXACT_GEOMETRY_BANK_HIT,OK,0.6498105000355281,"{""geometry_signature_hash"": 0.648301699955482, ""identity_and_content_comparison"": 1.3500044587999582e-05, ""bank_key_lookup"": 5.89998671784997e-06, ""hit_bank_and_metadata_copy"": 0.0013479999615810812}",0.000141400087159127,430023168,0,2654208,e8b6ae0a97de23db232d3c2731a642b0e2a238e13590636f803eafb1e23c36b8,evidence/final_snapshot/results/nonlinear_transfer_v1/object_2002/top1_cap2_cache/rep0/result.json,False
eff_nonlinear,2002,a17.efficiency.nonlinear_transfer.v1,332830a7f3d0c03ba114c5ec0d7972997689e5fd763f8cac2b8750fffa803184,27,EXACT_GEOMETRY_BANK_HIT,OK,0.647150699980557,"{""geometry_signature_hash"": 0.6456193000194617, ""identity_and_content_comparison"": 8.200004231184721e-06, ""bank_key_lookup"": 5.099980626255274e-06, ""hit_bank_and_metadata_copy"": 0.0013577999779954553}",0.00016029999824240804,430023168,0,2654208,e8b6ae0a97de23db232d3c2731a642b0e2a238e13590636f803eafb1e23c36b8,evidence/final_snapshot/results/nonlinear_transfer_v1/object_2002/top1_cap2_cache/rep0/result.json,False
eff_nonlinear,2002,a17.efficiency.nonlinear_transfer.v1,332830a7f3d0c03ba114c5ec0d7972997689e5fd763f8cac2b8750fffa803184,28,EXACT_GEOMETRY_BANK_HIT,OK,0.6566553000011481,"{""geometry_signature_hash"": 0.6552080999827012, ""identity_and_content_comparison"": 8.400005754083395e-06, ""bank_key_lookup"": 5.599984433501959e-06, ""hit_bank_and_metadata_copy"": 0.0012987999944016337}",0.0001344000338576734,430023168,0,2654208,e8b6ae0a97de23db232d3c2731a642b0e2a238e13590636f803eafb1e23c36b8,evidence/final_snapshot/results/nonlinear_transfer_v1/object_2002/top1_cap2_cache/rep0/result.json,False
eff_nonlinear,2002,a17.efficiency.nonlinear_transfer.v1,332830a7f3d0c03ba114c5ec0d7972997689e5fd763f8cac2b8750fffa803184,29,EXACT_GEOMETRY_BANK_HIT,OK,0.648206299985759,"{""geometry_signature_hash"": 0.6467414999497123, ""identity_and_content_comparison"": 8.300004992634058e-06, ""bank_key_lookup"": 4.8999791033566e-06, ""hit_bank_and_metadata_copy"": 0.0013122999807819724}",0.00013930007116869092,430023168,0,2654208,e8b6ae0a97de23db232d3c2731a642b0e2a238e13590636f803eafb1e23c36b8,evidence/final_snapshot/results/nonlinear_transfer_v1/object_2002/top1_cap2_cache/rep0/result.json,False
eff_nonlinear,2002,a17.efficiency.nonlinear_transfer.v1,332830a7f3d0c03ba114c5ec0d7972997689e5fd763f8cac2b8750fffa803184,30,EXACT_GEOMETRY_BANK_HIT,OK,0.6502910000272095,"{""geometry_signature_hash"": 0.6487244999734685, ""identity_and_content_comparison"": 9.699957445263863e-06, ""bank_key_lookup"": 5.599984433501959e-06, ""hit_bank_and_metadata_copy"": 0.0013713000225834548}",0.00017990008927881718,430023168,0,2654208,e8b6ae0a97de23db232d3c2731a642b0e2a238e13590636f803eafb1e23c36b8,evidence/final_snapshot/results/nonlinear_transfer_v1/object_2002/top1_cap2_cache/rep0/result.json,False
eff_nonlinear,2002,a17.efficiency.nonlinear_transfer.v1,332830a7f3d0c03ba114c5ec0d7972997689e5fd763f8cac2b8750fffa803184,31,EXACT_GEOMETRY_BANK_HIT,OK,0.641889100021217,"{""geometry_signature_hash"": 0.6400421999860555, ""identity_and_content_comparison"": 8.499948307871819e-06, ""bank_key_lookup"": 5.300040356814861e-06, ""hit_bank_and_metadata_copy"": 0.0016543000238016248}",0.00017880002269521356,430023168,0,2654208,e8b6ae0a97de23db232d3c2731a642b0e2a238e13590636f803eafb1e23c36b8,evidence/final_snapshot/results/nonlinear_transfer_v1/object_2002/top1_cap2_cache/rep0/result.json,False
eff_nonlinear,2002,a17.efficiency.nonlinear_transfer.v1,332830a7f3d0c03ba114c5ec0d7972997689e5fd763f8cac2b8750fffa803184,32,EXACT_GEOMETRY_BANK_HIT,OK,0.6513968000072055,"{""geometry_signature_hash"": 0.6499361000023782, ""identity_and_content_comparison"": 9.199953638017178e-06, ""bank_key_lookup"": 5.600042641162872e-06, ""hit_bank_and_metadata_copy"": 0.0013174000196158886}",0.00012849998893216252,430023168,0,2654208,e8b6ae0a97de23db232d3c2731a642b0e2a238e13590636f803eafb1e23c36b8,evidence/final_snapshot/results/nonlinear_transfer_v1/object_2002/top1_cap2_cache/rep0/result.json,False
eff_nonlinear,2002,a17.efficiency.nonlinear_transfer.v1,332830a7f3d0c03ba114c5ec0d7972997689e5fd763f8cac2b8750fffa803184,33,EXACT_GEOMETRY_BANK_HIT,OK,0.6375803999835625,"{""geometry_signature_hash"": 0.6360628000111319, ""identity_and_content_comparison"": 8.400005754083395e-06, ""bank_key_lookup"": 4.900037311017513e-06, ""hit_bank_and_metadata_copy"": 0.0013862000196240842}",0.00011809990974143147,430023168,0,2654208,e8b6ae0a97de23db232d3c2731a642b0e2a238e13590636f803eafb1e23c36b8,evidence/final_snapshot/results/nonlinear_transfer_v1/object_2002/top1_cap2_cache/rep0/result.json,False
eff_nonlinear,2002,a17.efficiency.nonlinear_transfer.v1,332830a7f3d0c03ba114c5ec0d7972997689e5fd763f8cac2b8750fffa803184,34,EXACT_GEOMETRY_BANK_HIT,OK,0.6303916000179015,"{""geometry_signature_hash"": 0.6288460999494419, ""identity_and_content_comparison"": 9.500014130026102e-06, ""bank_key_lookup"": 5.600042641162872e-06, ""hit_bank_and_metadata_copy"": 0.0013926000101491809}",0.00013780000153928995,430023168,0,2654208,e8b6ae0a97de23db232d3c2731a642b0e2a238e13590636f803eafb1e23c36b8,evidence/final_snapshot/results/nonlinear_transfer_v1/object_2002/top1_cap2_cache/rep0/result.json,False
eff_nonlinear,2002,a17.efficiency.nonlinear_transfer.v1,332830a7f3d0c03ba114c5ec0d7972997689e5fd763f8cac2b8750fffa803184,35,EXACT_GEOMETRY_BANK_HIT,OK,0.6381702999933623,"{""geometry_signature_hash"": 0.6366201000055298, ""identity_and_content_comparison"": 8.90000956133008e-06, ""bank_key_lookup"": 5.00003807246685e-06, ""hit_bank_and_metadata_copy"": 0.0014004000113345683}",0.00013589992886409163,430023168,0,2654208,e8b6ae0a97de23db232d3c2731a642b0e2a238e13590636f803eafb1e23c36b8,evidence/final_snapshot/results/nonlinear_transfer_v1/object_2002/top1_cap2_cache/rep0/result.json,False
eff_nonlinear,2002,a17.efficiency.nonlinear_transfer.v1,107ecdc7f23d376b45d22375d7c08434f8bc9547a446dbde53438039132705e2,0,MISS_ORIGINAL_ACQUISITION,OK,5.763351900037378,"{""geometry_signature_hash"": 1.283683400019072, ""identity_and_content_comparison"": 8.700008038431406e-06, ""cache_invalidation"": 1.9300030544400215e-05, ""bank_key_lookup"": 3.89997148886323e-06, ""original_provider_call"": 4.477771700010635, ""first_bank_storage_copy"": 0.0016124999965541065}",0.00025240000104531646,860046336,2654208,0,e8b6ae0a97de23db232d3c2731a642b0e2a238e13590636f803eafb1e23c36b8,evidence/final_snapshot/results/nonlinear_transfer_v1/object_2002/top1_cap2_cache/rep1/result.json,False
eff_nonlinear,2002,a17.efficiency.nonlinear_transfer.v1,107ecdc7f23d376b45d22375d7c08434f8bc9547a446dbde53438039132705e2,1,EXACT_GEOMETRY_BANK_HIT,OK,0.6452260999940336,"{""geometry_signature_hash"": 0.6436286000534892, ""identity_and_content_comparison"": 1.0200019460171461e-05, ""bank_key_lookup"": 4.300032742321491e-06, ""hit_bank_and_metadata_copy"": 0.0013881000340916216}",0.00019489985425025225,430023168,0,2654208,e8b6ae0a97de23db232d3c2731a642b0e2a238e13590636f803eafb1e23c36b8,evidence/final_snapshot/results/nonlinear_transfer_v1/object_2002/top1_cap2_cache/rep1/result.json,False
eff_nonlinear,2002,a17.efficiency.nonlinear_transfer.v1,107ecdc7f23d376b45d22375d7c08434f8bc9547a446dbde53438039132705e2,2,EXACT_GEOMETRY_BANK_HIT,OK,0.6456557000055909,"{""geometry_signature_hash"": 0.643982200010214, ""identity_and_content_comparison"": 8.399947546422482e-06, ""bank_key_lookup"": 6.099988240748644e-06, ""hit_bank_and_metadata_copy"": 0.001519199984613806}",0.0001398000749759376,430023168,0,2654208,e8b6ae0a97de23db232d3c2731a642b0e2a238e13590636f803eafb1e23c36b8,evidence/final_snapshot/results/nonlinear_transfer_v1/object_2002/top1_cap2_cache/rep1/result.json,False
eff_nonlinear,2002,a17.efficiency.nonlinear_transfer.v1,107ecdc7f23d376b45d22375d7c08434f8bc9547a446dbde53438039132705e2,3,EXACT_GEOMETRY_BANK_HIT,OK,0.6383420000202022,"{""geometry_signature_hash"": 0.6365558999823406, ""identity_and_content_comparison"": 8.79995059221983e-06, ""bank_key_lookup"": 6.599992047995329e-06, ""hit_bank_and_metadata_copy"": 0.0015477000270038843}",0.00022300006821751595,430023168,0,2654208,e8b6ae0a97de23db232d3c2731a642b0e2a238e13590636f803eafb1e23c36b8,evidence/final_snapshot/results/nonlinear_transfer_v1/object_2002/top1_cap2_cache/rep1/result.json,False
eff_nonlinear,2002,a17.efficiency.nonlinear_transfer.v1,107ecdc7f23d376b45d22375d7c08434f8bc9547a446dbde53438039132705e2,4,EXACT_GEOMETRY_BANK_HIT,OK,0.65053409995744,"{""geometry_signature_hash"": 0.6489951999974437, ""identity_and_content_comparison"": 7.90000194683671e-06, ""bank_key_lookup"": 5.499983672052622e-06, ""hit_bank_and_metadata_copy"": 0.0013861999614164233}",0.00013930001296103,430023168,0,2654208,e8b6ae0a97de23db232d3c2731a642b0e2a238e13590636f803eafb1e23c36b8,evidence/final_snapshot/results/nonlinear_transfer_v1/object_2002/top1_cap2_cache/rep1/result.json,False
eff_nonlinear,2002,a17.efficiency.nonlinear_transfer.v1,107ecdc7f23d376b45d22375d7c08434f8bc9547a446dbde53438039132705e2,5,EXACT_GEOMETRY_BANK_HIT,OK,0.6468635000055656,"{""geometry_signature_hash"": 0.6453124000108801, ""identity_and_content_comparison"": 8.300004992634058e-06, ""bank_key_lookup"": 5.699985194951296e-06, ""hit_bank_and_metadata_copy"": 0.0014001000090502203}",0.00013699999544769526,430023168,0,2654208,e8b6ae0a97de23db232d3c2731a642b0e2a238e13590636f803eafb1e23c36b8,evidence/final_snapshot/results/nonlinear_transfer_v1/object_2002/top1_cap2_cache/rep1/result.json,False
eff_nonlinear,2002,a17.efficiency.nonlinear_transfer.v1,107ecdc7f23d376b45d22375d7c08434f8bc9547a446dbde53438039132705e2,6,EXACT_GEOMETRY_BANK_HIT,OK,0.6424034000374377,"{""geometry_signature_hash"": 0.6406287000281736, ""identity_and_content_comparison"": 9.700015652924776e-06, ""bank_key_lookup"": 6.499991286545992e-06, ""hit_bank_and_metadata_copy"": 0.0014236000133678317}",0.00033489998895674944,430023168,0,2654208,e8b6ae0a97de23db232d3c2731a642b0e2a238e13590636f803eafb1e23c36b8,evidence/final_snapshot/results/nonlinear_transfer_v1/object_2002/top1_cap2_cache/rep1/result.json,False
eff_nonlinear,2002,a17.efficiency.nonlinear_transfer.v1,107ecdc7f23d376b45d22375d7c08434f8bc9547a446dbde53438039132705e2,7,EXACT_GEOMETRY_BANK_HIT,OK,0.6482890999759547,"{""geometry_signature_hash"": 0.6467385999858379, ""identity_and_content_comparison"": 8.500006515532732e-06, ""bank_key_lookup"": 4.700035788118839e-06, ""hit_bank_and_metadata_copy"": 0.0014012999599799514}",0.00013599998783320189,430023168,0,2654208,e8b6ae0a97de23db232d3c2731a642b0e2a238e13590636f803eafb1e23c36b8,evidence/final_snapshot/results/nonlinear_transfer_v1/object_2002/top1_cap2_cache/rep1/result.json,False
eff_nonlinear,2002,a17.efficiency.nonlinear_transfer.v1,107ecdc7f23d376b45d22375d7c08434f8bc9547a446dbde53438039132705e2,8,EXACT_GEOMETRY_BANK_HIT,OK,0.662187299982179,"{""geometry_signature_hash"": 0.6606365999905393, ""identity_and_content_comparison"": 8.300004992634058e-06, ""bank_key_lookup"": 5.400041118264198e-06, ""hit_bank_and_metadata_copy"": 0.0013916000025346875}",0.00014539994299411774,430023168,0,2654208,e8b6ae0a97de23db232d3c2731a642b0e2a238e13590636f803eafb1e23c36b8,evidence/final_snapshot/results/nonlinear_transfer_v1/object_2002/top1_cap2_cache/rep1/result.json,False
eff_nonlinear,2002,a17.efficiency.nonlinear_transfer.v1,107ecdc7f23d376b45d22375d7c08434f8bc9547a446dbde53438039132705e2,9,EXACT_GEOMETRY_BANK_HIT,OK,0.6511098999762908,"{""geometry_signature_hash"": 0.6492350000189617, ""identity_and_content_comparison"": 8.600007276982069e-06, ""bank_key_lookup"": 5.700043402612209e-06, ""hit_bank_and_metadata_copy"": 0.0017039999947883189}",0.00015659991186112165,430023168,0,2654208,e8b6ae0a97de23db232d3c2731a642b0e2a238e13590636f803eafb1e23c36b8,evidence/final_snapshot/results/nonlinear_transfer_v1/object_2002/top1_cap2_cache/rep1/result.json,False
eff_nonlinear,2002,a17.efficiency.nonlinear_transfer.v1,107ecdc7f23d376b45d22375d7c08434f8bc9547a446dbde53438039132705e2,10,EXACT_GEOMETRY_BANK_HIT,OK,0.6432278000283986,"{""geometry_signature_hash"": 0.6417388000409119, ""identity_and_content_comparison"": 8.90000956133008e-06, ""bank_key_lookup"": 5.999987479299307e-06, ""hit_bank_and_metadata_copy"": 0.0013368999934755266}",0.00013719999697059393,430023168,0,2654208,e8b6ae0a97de23db232d3c2731a642b0e2a238e13590636f803eafb1e23c36b8,evidence/final_snapshot/results/nonlinear_transfer_v1/object_2002/top1_cap2_cache/rep1/result.json,False
eff_nonlinear,2002,a17.efficiency.nonlinear_transfer.v1,107ecdc7f23d376b45d22375d7c08434f8bc9547a446dbde53438039132705e2,11,EXACT_GEOMETRY_BANK_HIT,OK,0.646465600002557,"{""geometry_signature_hash"": 0.6449033999815583, ""identity_and_content_comparison"": 8.400005754083395e-06, ""bank_key_lookup"": 4.8999791033566e-06, ""hit_bank_and_metadata_copy"": 0.001408600015565753}",0.00014030002057552338,430023168,0,2654208,e8b6ae0a97de23db232d3c2731a642b0e2a238e13590636f803eafb1e23c36b8,evidence/final_snapshot/results/nonlinear_transfer_v1/object_2002/top1_cap2_cache/rep1/result.json,False
eff_nonlinear,2002,a17.efficiency.nonlinear_transfer.v1,107ecdc7f23d376b45d22375d7c08434f8bc9547a446dbde53438039132705e2,12,EXACT_GEOMETRY_BANK_HIT,OK,0.6403145000222139,"{""geometry_signature_hash"": 0.638764799979981, ""identity_and_content_comparison"": 8.600007276982069e-06, ""bank_key_lookup"": 5.699985194951296e-06, ""hit_bank_and_metadata_copy"": 0.0013971999869681895}",0.0001382000627927482,430023168,0,2654208,e8b6ae0a97de23db232d3c2731a642b0e2a238e13590636f803eafb1e23c36b8,evidence/final_snapshot/results/nonlinear_transfer_v1/object_2002/top1_cap2_cache/rep1/result.json,False
eff_nonlinear,2002,a17.efficiency.nonlinear_transfer.v1,107ecdc7f23d376b45d22375d7c08434f8bc9547a446dbde53438039132705e2,13,EXACT_GEOMETRY_BANK_HIT,OK,0.6633832000079565,"{""geometry_signature_hash"": 0.6618848000071011, ""identity_and_content_comparison"": 8.999952115118504e-06, ""bank_key_lookup"": 4.999979864805937e-06, ""hit_bank_and_metadata_copy"": 0.0013513999874703586}",0.0001330000814050436,430023168,0,2654208,e8b6ae0a97de23db232d3c2731a642b0e2a238e13590636f803eafb1e23c36b8,evidence/final_snapshot/results/nonlinear_transfer_v1/object_2002/top1_cap2_cache/rep1/result.json,False
eff_nonlinear,2002,a17.efficiency.nonlinear_transfer.v1,107ecdc7f23d376b45d22375d7c08434f8bc9547a446dbde53438039132705e2,14,EXACT_GEOMETRY_BANK_HIT,OK,0.6533530000015162,"{""geometry_signature_hash"": 0.6515866999980062, ""identity_and_content_comparison"": 7.90000194683671e-06, ""bank_key_lookup"": 5.399982910603285e-06, ""hit_bank_and_metadata_copy"": 0.0016124999965541065}",0.00014050002209842205,430023168,0,2654208,e8b6ae0a97de23db232d3c2731a642b0e2a238e13590636f803eafb1e23c36b8,evidence/final_snapshot/results/nonlinear_transfer_v1/object_2002/top1_cap2_cache/rep1/result.json,False
eff_nonlinear,2002,a17.efficiency.nonlinear_transfer.v1,107ecdc7f23d376b45d22375d7c08434f8bc9547a446dbde53438039132705e2,15,EXACT_GEOMETRY_BANK_HIT,OK,0.6455015999963507,"{""geometry_signature_hash"": 0.6439320999779738, ""identity_and_content_comparison"": 8.700008038431406e-06, ""bank_key_lookup"": 5.300040356814861e-06, ""hit_bank_and_metadata_copy"": 0.001408900017850101}",0.00014659995213150978,430023168,0,2654208,e8b6ae0a97de23db232d3c2731a642b0e2a238e13590636f803eafb1e23c36b8,evidence/final_snapshot/results/nonlinear_transfer_v1/object_2002/top1_cap2_cache/rep1/result.json,False
eff_nonlinear,2002,a17.efficiency.nonlinear_transfer.v1,107ecdc7f23d376b45d22375d7c08434f8bc9547a446dbde53438039132705e2,16,EXACT_GEOMETRY_BANK_HIT,OK,0.6532064999919385,"{""geometry_signature_hash"": 0.6513120000017807, ""identity_and_content_comparison"": 9.400013368576765e-06, ""bank_key_lookup"": 5.699985194951296e-06, ""hit_bank_and_metadata_copy"": 0.0017371000139974058}",0.0001422999775968492,430023168,0,2654208,e8b6ae0a97de23db232d3c2731a642b0e2a238e13590636f803eafb1e23c36b8,evidence/final_snapshot/results/nonlinear_transfer_v1/object_2002/top1_cap2_cache/rep1/result.json,False
eff_nonlinear,2002,a17.efficiency.nonlinear_transfer.v1,107ecdc7f23d376b45d22375d7c08434f8bc9547a446dbde53438039132705e2,17,EXACT_GEOMETRY_BANK_HIT,OK,0.650336199963931,"{""geometry_signature_hash"": 0.6485591999953613, ""identity_and_content_comparison"": 8.200004231184721e-06, ""bank_key_lookup"": 5.300040356814861e-06, ""hit_bank_and_metadata_copy"": 0.0016154000186361372}",0.00014809990534558892,430023168,0,2654208,e8b6ae0a97de23db232d3c2731a642b0e2a238e13590636f803eafb1e23c36b8,evidence/final_snapshot/results/nonlinear_transfer_v1/object_2002/top1_cap2_cache/rep1/result.json,False
eff_nonlinear,2002,a17.efficiency.nonlinear_transfer.v1,107ecdc7f23d376b45d22375d7c08434f8bc9547a446dbde53438039132705e2,18,EXACT_GEOMETRY_BANK_HIT,OK,0.6599549999809824,"{""geometry_signature_hash"": 0.6584426000481471, ""identity_and_content_comparison"": 8.800008799880743e-06, ""bank_key_lookup"": 6.099988240748644e-06, ""hit_bank_and_metadata_copy"": 0.0013604999985545874}",0.00013699993724003434,430023168,0,2654208,e8b6ae0a97de23db232d3c2731a642b0e2a238e13590636f803eafb1e23c36b8,evidence/final_snapshot/results/nonlinear_transfer_v1/object_2002/top1_cap2_cache/rep1/result.json,False
eff_nonlinear,2002,a17.efficiency.nonlinear_transfer.v1,107ecdc7f23d376b45d22375d7c08434f8bc9547a446dbde53438039132705e2,19,EXACT_GEOMETRY_BANK_HIT,OK,0.6488970000064,"{""geometry_signature_hash"": 0.6475269000511616, ""identity_and_content_comparison"": 8.500006515532732e-06, ""bank_key_lookup"": 5.099980626255274e-06, ""hit_bank_and_metadata_copy"": 0.0012184000224806368}",0.00013809994561597705,430023168,0,2654208,e8b6ae0a97de23db232d3c2731a642b0e2a238e13590636f803eafb1e23c36b8,evidence/final_snapshot/results/nonlinear_transfer_v1/object_2002/top1_cap2_cache/rep1/result.json,False
eff_nonlinear,2002,a17.efficiency.nonlinear_transfer.v1,107ecdc7f23d376b45d22375d7c08434f8bc9547a446dbde53438039132705e2,20,EXACT_GEOMETRY_BANK_HIT,OK,0.6542653999640606,"{""geometry_signature_hash"": 0.6528425000142306, ""identity_and_content_comparison"": 8.600007276982069e-06, ""bank_key_lookup"": 5.699985194951296e-06, ""hit_bank_and_metadata_copy"": 0.0012588000390678644}",0.00014979991829022765,430023168,0,2654208,e8b6ae0a97de23db232d3c2731a642b0e2a238e13590636f803eafb1e23c36b8,evidence/final_snapshot/results/nonlinear_transfer_v1/object_2002/top1_cap2_cache/rep1/result.json,False
eff_nonlinear,2002,a17.efficiency.nonlinear_transfer.v1,107ecdc7f23d376b45d22375d7c08434f8bc9547a446dbde53438039132705e2,21,EXACT_GEOMETRY_BANK_HIT,OK,0.6474488999811001,"{""geometry_signature_hash"": 0.6455179000040516, ""identity_and_content_comparison"": 8.500006515532732e-06, ""bank_key_lookup"": 5.00003807246685e-06, ""hit_bank_and_metadata_copy"": 0.0017802000511437654}",0.00013729988131672144,430023168,0,2654208,e8b6ae0a97de23db232d3c2731a642b0e2a238e13590636f803eafb1e23c36b8,evidence/final_snapshot/results/nonlinear_transfer_v1/object_2002/top1_cap2_cache/rep1/result.json,False
eff_nonlinear,2002,a17.efficiency.nonlinear_transfer.v1,107ecdc7f23d376b45d22375d7c08434f8bc9547a446dbde53438039132705e2,22,EXACT_GEOMETRY_BANK_HIT,OK,0.6290422999882139,"{""geometry_signature_hash"": 0.6271902999724261, ""identity_and_content_comparison"": 1.0200019460171461e-05, ""bank_key_lookup"": 1.0000017937272787e-05, ""hit_bank_and_metadata_copy"": 0.0014462999533861876}",0.0003855000250041485,430023168,0,2654208,e8b6ae0a97de23db232d3c2731a642b0e2a238e13590636f803eafb1e23c36b8,evidence/final_snapshot/results/nonlinear_transfer_v1/object_2002/top1_cap2_cache/rep1/result.json,False
eff_nonlinear,2002,a17.efficiency.nonlinear_transfer.v1,107ecdc7f23d376b45d22375d7c08434f8bc9547a446dbde53438039132705e2,23,EXACT_GEOMETRY_BANK_HIT,OK,0.6376226000138558,"{""geometry_signature_hash"": 0.6357553999987431, ""identity_and_content_comparison"": 8.300004992634058e-06, ""bank_key_lookup"": 5.00003807246685e-06, ""hit_bank_and_metadata_copy"": 0.0014345000381581485}",0.00041939993388950825,430023168,0,2654208,e8b6ae0a97de23db232d3c2731a642b0e2a238e13590636f803eafb1e23c36b8,evidence/final_snapshot/results/nonlinear_transfer_v1/object_2002/top1_cap2_cache/rep1/result.json,False
eff_nonlinear,2002,a17.efficiency.nonlinear_transfer.v1,107ecdc7f23d376b45d22375d7c08434f8bc9547a446dbde53438039132705e2,24,EXACT_GEOMETRY_BANK_HIT,OK,0.6522662999923341,"{""geometry_signature_hash"": 0.6508585000410676, ""identity_and_content_comparison"": 8.200004231184721e-06, ""bank_key_lookup"": 5.600042641162872e-06, ""hit_bank_and_metadata_copy"": 0.001260399993043393}",0.00013359991135075688,430023168,0,2654208,e8b6ae0a97de23db232d3c2731a642b0e2a238e13590636f803eafb1e23c36b8,evidence/final_snapshot/results/nonlinear_transfer_v1/object_2002/top1_cap2_cache/rep1/result.json,False
eff_nonlinear,2002,a17.efficiency.nonlinear_transfer.v1,107ecdc7f23d376b45d22375d7c08434f8bc9547a446dbde53438039132705e2,25,EXACT_GEOMETRY_BANK_HIT,OK,0.6487301000161096,"{""geometry_signature_hash"": 0.6470523999887519, ""identity_and_content_comparison"": 8.300004992634058e-06, ""bank_key_lookup"": 5.00003807246685e-06, ""hit_bank_and_metadata_copy"": 0.0015160000184550881}",0.00014839996583759785,430023168,0,2654208,e8b6ae0a97de23db232d3c2731a642b0e2a238e13590636f803eafb1e23c36b8,evidence/final_snapshot/results/nonlinear_transfer_v1/object_2002/top1_cap2_cache/rep1/result.json,False
eff_nonlinear,2002,a17.efficiency.nonlinear_transfer.v1,107ecdc7f23d376b45d22375d7c08434f8bc9547a446dbde53438039132705e2,26,EXACT_GEOMETRY_BANK_HIT,OK,0.6468074999866076,"{""geometry_signature_hash"": 0.6449375999509357, ""identity_and_content_comparison"": 1.1000025551766157e-05, ""bank_key_lookup"": 5.799985956400633e-06, ""hit_bank_and_metadata_copy"": 0.0016974000027403235}",0.00015570002142339945,430023168,0,2654208,e8b6ae0a97de23db232d3c2731a642b0e2a238e13590636f803eafb1e23c36b8,evidence/final_snapshot/results/nonlinear_transfer_v1/object_2002/top1_cap2_cache/rep1/result.json,False
eff_nonlinear,2002,a17.efficiency.nonlinear_transfer.v1,107ecdc7f23d376b45d22375d7c08434f8bc9547a446dbde53438039132705e2,27,EXACT_GEOMETRY_BANK_HIT,OK,0.6352367000072263,"{""geometry_signature_hash"": 0.6335282999789342, ""identity_and_content_comparison"": 9.100011084228754e-06, ""bank_key_lookup"": 4.8999791033566e-06, ""hit_bank_and_metadata_copy"": 0.0015453000087291002}",0.00014910002937540412,430023168,0,2654208,e8b6ae0a97de23db232d3c2731a642b0e2a238e13590636f803eafb1e23c36b8,evidence/final_snapshot/results/nonlinear_transfer_v1/object_2002/top1_cap2_cache/rep1/result.json,False
eff_nonlinear,2002,a17.efficiency.nonlinear_transfer.v1,107ecdc7f23d376b45d22375d7c08434f8bc9547a446dbde53438039132705e2,28,EXACT_GEOMETRY_BANK_HIT,OK,0.6460797999752685,"{""geometry_signature_hash"": 0.6446004000026733, ""identity_and_content_comparison"": 8.500006515532732e-06, ""bank_key_lookup"": 5.299982149153948e-06, ""hit_bank_and_metadata_copy"": 0.0013280999846756458}",0.00013749999925494194,430023168,0,2654208,e8b6ae0a97de23db232d3c2731a642b0e2a238e13590636f803eafb1e23c36b8,evidence/final_snapshot/results/nonlinear_transfer_v1/object_2002/top1_cap2_cache/rep1/result.json,False
eff_nonlinear,2002,a17.efficiency.nonlinear_transfer.v1,107ecdc7f23d376b45d22375d7c08434f8bc9547a446dbde53438039132705e2,29,EXACT_GEOMETRY_BANK_HIT,OK,0.644068099965807,"{""geometry_signature_hash"": 0.6425990000134334, ""identity_and_content_comparison"": 8.399947546422482e-06, ""bank_key_lookup"": 4.999979864805937e-06, ""hit_bank_and_metadata_copy"": 0.0013196999789215624}",0.0001360000460408628,430023168,0,2654208,e8b6ae0a97de23db232d3c2731a642b0e2a238e13590636f803eafb1e23c36b8,evidence/final_snapshot/results/nonlinear_transfer_v1/object_2002/top1_cap2_cache/rep1/result.json,False
eff_nonlinear,2002,a17.efficiency.nonlinear_transfer.v1,107ecdc7f23d376b45d22375d7c08434f8bc9547a446dbde53438039132705e2,30,EXACT_GEOMETRY_BANK_HIT,OK,0.6438638999825343,"{""geometry_signature_hash"": 0.6423719999729656, ""identity_and_content_comparison"": 1.0000017937272787e-05, ""bank_key_lookup"": 1.0100018698722124e-05, ""hit_bank_and_metadata_copy"": 0.0013386000064201653}",0.00013319996651262045,430023168,0,2654208,e8b6ae0a97de23db232d3c2731a642b0e2a238e13590636f803eafb1e23c36b8,evidence/final_snapshot/results/nonlinear_transfer_v1/object_2002/top1_cap2_cache/rep1/result.json,False
eff_nonlinear,2002,a17.efficiency.nonlinear_transfer.v1,107ecdc7f23d376b45d22375d7c08434f8bc9547a446dbde53438039132705e2,31,EXACT_GEOMETRY_BANK_HIT,OK,0.6412312999600545,"{""geometry_signature_hash"": 0.6397739000385627, ""identity_and_content_comparison"": 1.1200027074664831e-05, ""bank_key_lookup"": 5.699985194951296e-06, ""hit_bank_and_metadata_copy"": 0.0013043999788351357}",0.0001360999303869903,430023168,0,2654208,e8b6ae0a97de23db232d3c2731a642b0e2a238e13590636f803eafb1e23c36b8,evidence/final_snapshot/results/nonlinear_transfer_v1/object_2002/top1_cap2_cache/rep1/result.json,False
eff_nonlinear,2002,a17.efficiency.nonlinear_transfer.v1,107ecdc7f23d376b45d22375d7c08434f8bc9547a446dbde53438039132705e2,32,EXACT_GEOMETRY_BANK_HIT,OK,0.6378760999650694,"{""geometry_signature_hash"": 0.6361965999822132, ""identity_and_content_comparison"": 1.0399962775409222e-05, ""bank_key_lookup"": 5.599984433501959e-06, ""hit_bank_and_metadata_copy"": 0.0015460000140592456}",0.00011750002158805728,430023168,0,2654208,e8b6ae0a97de23db232d3c2731a642b0e2a238e13590636f803eafb1e23c36b8,evidence/final_snapshot/results/nonlinear_transfer_v1/object_2002/top1_cap2_cache/rep1/result.json,False
eff_nonlinear,2002,a17.efficiency.nonlinear_transfer.v1,107ecdc7f23d376b45d22375d7c08434f8bc9547a446dbde53438039132705e2,33,EXACT_GEOMETRY_BANK_HIT,OK,0.6401374000124633,"{""geometry_signature_hash"": 0.6386301000020467, ""identity_and_content_comparison"": 8.100003469735384e-06, ""bank_key_lookup"": 4.8999791033566e-06, ""hit_bank_and_metadata_copy"": 0.0013225000002421439}",0.00017180002760142088,430023168,0,2654208,e8b6ae0a97de23db232d3c2731a642b0e2a238e13590636f803eafb1e23c36b8,evidence/final_snapshot/results/nonlinear_transfer_v1/object_2002/top1_cap2_cache/rep1/result.json,False
eff_nonlinear,2002,a17.efficiency.nonlinear_transfer.v1,107ecdc7f23d376b45d22375d7c08434f8bc9547a446dbde53438039132705e2,34,EXACT_GEOMETRY_BANK_HIT,OK,0.6530739000299945,"{""geometry_signature_hash"": 0.6515175999957137, ""identity_and_content_comparison"": 1.0100018698722124e-05, ""bank_key_lookup"": 4.999979864805937e-06, ""hit_bank_and_metadata_copy"": 0.0013814999838359654}",0.00015970005188137293,430023168,0,2654208,e8b6ae0a97de23db232d3c2731a642b0e2a238e13590636f803eafb1e23c36b8,evidence/final_snapshot/results/nonlinear_transfer_v1/object_2002/top1_cap2_cache/rep1/result.json,False
eff_nonlinear,2002,a17.efficiency.nonlinear_transfer.v1,107ecdc7f23d376b45d22375d7c08434f8bc9547a446dbde53438039132705e2,35,EXACT_GEOMETRY_BANK_HIT,OK,0.6381225999793969,"{""geometry_signature_hash"": 0.6363912000088021, ""identity_and_content_comparison"": 8.600007276982069e-06, ""bank_key_lookup"": 5.300040356814861e-06, ""hit_bank_and_metadata_copy"": 0.001575700007379055}",0.0001417999155819416,430023168,0,2654208,e8b6ae0a97de23db232d3c2731a642b0e2a238e13590636f803eafb1e23c36b8,evidence/final_snapshot/results/nonlinear_transfer_v1/object_2002/top1_cap2_cache/rep1/result.json,False
eff_nonlinear,2002,a17.efficiency.nonlinear_transfer.v1,279f41fc1af9320c2ee928c22f9b560788543479c141444fa0895f1ed96309ad,0,MISS_ORIGINAL_ACQUISITION,OK,5.759018899989314,"{""geometry_signature_hash"": 1.3005844000144862, ""identity_and_content_comparison"": 6.999995093792677e-06, ""cache_invalidation"": 1.6000005416572094e-05, ""bank_key_lookup"": 3.5999692045152187e-06, ""original_provider_call"": 4.456162700022105, ""first_bank_storage_copy"": 0.0019387999782338738}",0.00030640000477433205,860046336,2654208,0,e8b6ae0a97de23db232d3c2731a642b0e2a238e13590636f803eafb1e23c36b8,evidence/final_snapshot/results/nonlinear_transfer_v1/object_2002/top1_cap2_cache/rep2/result.json,False
eff_nonlinear,2002,a17.efficiency.nonlinear_transfer.v1,279f41fc1af9320c2ee928c22f9b560788543479c141444fa0895f1ed96309ad,1,EXACT_GEOMETRY_BANK_HIT,OK,0.6455162999918684,"{""geometry_signature_hash"": 0.6439445000141859, ""identity_and_content_comparison"": 8.90000956133008e-06, ""bank_key_lookup"": 4.00003045797348e-06, ""hit_bank_and_metadata_copy"": 0.0014039999805390835}",0.00015489995712414384,430023168,0,2654208,e8b6ae0a97de23db232d3c2731a642b0e2a238e13590636f803eafb1e23c36b8,evidence/final_snapshot/results/nonlinear_transfer_v1/object_2002/top1_cap2_cache/rep2/result.json,False
eff_nonlinear,2002,a17.efficiency.nonlinear_transfer.v1,279f41fc1af9320c2ee928c22f9b560788543479c141444fa0895f1ed96309ad,2,EXACT_GEOMETRY_BANK_HIT,OK,0.651695300010033,"{""geometry_signature_hash"": 0.6501715999911539, ""identity_and_content_comparison"": 9.999959729611874e-06, ""bank_key_lookup"": 5.499983672052622e-06, ""hit_bank_and_metadata_copy"": 0.0013772000093013048}",0.00013100006617605686,430023168,0,2654208,e8b6ae0a97de23db232d3c2731a642b0e2a238e13590636f803eafb1e23c36b8,evidence/final_snapshot/results/nonlinear_transfer_v1/object_2002/top1_cap2_cache/rep2/result.json,False
eff_nonlinear,2002,a17.efficiency.nonlinear_transfer.v1,279f41fc1af9320c2ee928c22f9b560788543479c141444fa0895f1ed96309ad,3,EXACT_GEOMETRY_BANK_HIT,OK,0.6488575999974273,"{""geometry_signature_hash"": 0.6472617000108585, ""identity_and_content_comparison"": 8.300004992634058e-06, ""bank_key_lookup"": 4.699977580457926e-06, ""hit_bank_and_metadata_copy"": 0.0014411999727599323}",0.0001417000312358141,430023168,0,2654208,e8b6ae0a97de23db232d3c2731a642b0e2a238e13590636f803eafb1e23c36b8,evidence/final_snapshot/results/nonlinear_transfer_v1/object_2002/top1_cap2_cache/rep2/result.json,False
eff_nonlinear,2002,a17.efficiency.nonlinear_transfer.v1,279f41fc1af9320c2ee928c22f9b560788543479c141444fa0895f1ed96309ad,4,EXACT_GEOMETRY_BANK_HIT,OK,0.642249200027436,"{""geometry_signature_hash"": 0.6407520000357181, ""identity_and_content_comparison"": 1.0800024028867483e-05, ""bank_key_lookup"": 5.89998671784997e-06, ""hit_bank_and_metadata_copy"": 0.001338200003374368}",0.0001422999775968492,430023168,0,2654208,e8b6ae0a97de23db232d3c2731a642b0e2a238e13590636f803eafb1e23c36b8,evidence/final_snapshot/results/nonlinear_transfer_v1/object_2002/top1_cap2_cache/rep2/result.json,False
eff_nonlinear,2002,a17.efficiency.nonlinear_transfer.v1,279f41fc1af9320c2ee928c22f9b560788543479c141444fa0895f1ed96309ad,5,EXACT_GEOMETRY_BANK_HIT,OK,0.6402418999932706,"{""geometry_signature_hash"": 0.6369787000003271, ""identity_and_content_comparison"": 8.500006515532732e-06, ""bank_key_lookup"": 5.300040356814861e-06, ""hit_bank_and_metadata_copy"": 0.003097800014074892}",0.00015159993199631572,430023168,0,2654208,e8b6ae0a97de23db232d3c2731a642b0e2a238e13590636f803eafb1e23c36b8,evidence/final_snapshot/results/nonlinear_transfer_v1/object_2002/top1_cap2_cache/rep2/result.json,False
eff_nonlinear,2002,a17.efficiency.nonlinear_transfer.v1,279f41fc1af9320c2ee928c22f9b560788543479c141444fa0895f1ed96309ad,6,EXACT_GEOMETRY_BANK_HIT,OK,0.6395746999769472,"{""geometry_signature_hash"": 0.6378032000502571, ""identity_and_content_comparison"": 1.0400020983070135e-05, ""bank_key_lookup"": 5.799985956400633e-06, ""hit_bank_and_metadata_copy"": 0.0016204999992623925}",0.00013479992048814893,430023168,0,2654208,e8b6ae0a97de23db232d3c2731a642b0e2a238e13590636f803eafb1e23c36b8,evidence/final_snapshot/results/nonlinear_transfer_v1/object_2002/top1_cap2_cache/rep2/result.json,False
eff_nonlinear,2002,a17.efficiency.nonlinear_transfer.v1,279f41fc1af9320c2ee928c22f9b560788543479c141444fa0895f1ed96309ad,7,EXACT_GEOMETRY_BANK_HIT,OK,0.6395277000265196,"{""geometry_signature_hash"": 0.6379980000201613, ""identity_and_content_comparison"": 8.100003469735384e-06, ""bank_key_lookup"": 4.600035026669502e-06, ""hit_bank_and_metadata_copy"": 0.0013747999910265207}",0.00014219997683539987,430023168,0,2654208,e8b6ae0a97de23db232d3c2731a642b0e2a238e13590636f803eafb1e23c36b8,evidence/final_snapshot/results/nonlinear_transfer_v1/object_2002/top1_cap2_cache/rep2/result.json,False
eff_nonlinear,2002,a17.efficiency.nonlinear_transfer.v1,279f41fc1af9320c2ee928c22f9b560788543479c141444fa0895f1ed96309ad,8,EXACT_GEOMETRY_BANK_HIT,OK,0.6409367999876849,"{""geometry_signature_hash"": 0.6393348000128753, ""identity_and_content_comparison"": 1.0600022505968809e-05, ""bank_key_lookup"": 5.999987479299307e-06, ""hit_bank_and_metadata_copy"": 0.0014438999933190644}",0.0001414999715052545,430023168,0,2654208,e8b6ae0a97de23db232d3c2731a642b0e2a238e13590636f803eafb1e23c36b8,evidence/final_snapshot/results/nonlinear_transfer_v1/object_2002/top1_cap2_cache/rep2/result.json,False
eff_nonlinear,2002,a17.efficiency.nonlinear_transfer.v1,279f41fc1af9320c2ee928c22f9b560788543479c141444fa0895f1ed96309ad,9,EXACT_GEOMETRY_BANK_HIT,OK,0.6455916999839246,"{""geometry_signature_hash"": 0.6440788000472821, ""identity_and_content_comparison"": 8.200004231184721e-06, ""bank_key_lookup"": 5.500041879713535e-06, ""hit_bank_and_metadata_copy"": 0.001340600021649152}",0.00015859986888244748,430023168,0,2654208,e8b6ae0a97de23db232d3c2731a642b0e2a238e13590636f803eafb1e23c36b8,evidence/final_snapshot/results/nonlinear_transfer_v1/object_2002/top1_cap2_cache/rep2/result.json,False
eff_nonlinear,2002,a17.efficiency.nonlinear_transfer.v1,279f41fc1af9320c2ee928c22f9b560788543479c141444fa0895f1ed96309ad,10,EXACT_GEOMETRY_BANK_HIT,OK,0.643193700001575,"{""geometry_signature_hash"": 0.6417269000085071, ""identity_and_content_comparison"": 1.0599964298307896e-05, ""bank_key_lookup"": 5.999987479299307e-06, ""hit_bank_and_metadata_copy"": 0.0013184999697841704}",0.00013170007150620222,430023168,0,2654208,e8b6ae0a97de23db232d3c2731a642b0e2a238e13590636f803eafb1e23c36b8,evidence/final_snapshot/results/nonlinear_transfer_v1/object_2002/top1_cap2_cache/rep2/result.json,False
eff_nonlinear,2002,a17.efficiency.nonlinear_transfer.v1,279f41fc1af9320c2ee928c22f9b560788543479c141444fa0895f1ed96309ad,11,EXACT_GEOMETRY_BANK_HIT,OK,0.6515350000117905,"{""geometry_signature_hash"": 0.6494932000059634, ""identity_and_content_comparison"": 9.000010322779417e-06, ""bank_key_lookup"": 4.799978341907263e-06, ""hit_bank_and_metadata_copy"": 0.001884099969174713}",0.0001439000479876995,430023168,0,2654208,e8b6ae0a97de23db232d3c2731a642b0e2a238e13590636f803eafb1e23c36b8,evidence/final_snapshot/results/nonlinear_transfer_v1/object_2002/top1_cap2_cache/rep2/result.json,False
eff_nonlinear,2002,a17.efficiency.nonlinear_transfer.v1,279f41fc1af9320c2ee928c22f9b560788543479c141444fa0895f1ed96309ad,12,EXACT_GEOMETRY_BANK_HIT,OK,0.6441620999830775,"{""geometry_signature_hash"": 0.6425562999793328, ""identity_and_content_comparison"": 1.0199961252510548e-05, ""bank_key_lookup"": 5.499983672052622e-06, ""hit_bank_and_metadata_copy"": 0.0014376999461092055}",0.00015240011271089315,430023168,0,2654208,e8b6ae0a97de23db232d3c2731a642b0e2a238e13590636f803eafb1e23c36b8,evidence/final_snapshot/results/nonlinear_transfer_v1/object_2002/top1_cap2_cache/rep2/result.json,False
eff_nonlinear,2002,a17.efficiency.nonlinear_transfer.v1,279f41fc1af9320c2ee928c22f9b560788543479c141444fa0895f1ed96309ad,13,EXACT_GEOMETRY_BANK_HIT,OK,0.6513219000189565,"{""geometry_signature_hash"": 0.6498290000017732, ""identity_and_content_comparison"": 8.500006515532732e-06, ""bank_key_lookup"": 4.699977580457926e-06, ""hit_bank_and_metadata_copy"": 0.0013435999862849712}",0.00013610004680231214,430023168,0,2654208,e8b6ae0a97de23db232d3c2731a642b0e2a238e13590636f803eafb1e23c36b8,evidence/final_snapshot/results/nonlinear_transfer_v1/object_2002/top1_cap2_cache/rep2/result.json,False
eff_nonlinear,2002,a17.efficiency.nonlinear_transfer.v1,279f41fc1af9320c2ee928c22f9b560788543479c141444fa0895f1ed96309ad,14,EXACT_GEOMETRY_BANK_HIT,OK,0.6486415999825113,"{""geometry_signature_hash"": 0.6471396999550052, ""identity_and_content_comparison"": 1.0400020983070135e-05, ""bank_key_lookup"": 5.89998671784997e-06, ""hit_bank_and_metadata_copy"": 0.0013469000114127994}",0.00013870000839233398,430023168,0,2654208,e8b6ae0a97de23db232d3c2731a642b0e2a238e13590636f803eafb1e23c36b8,evidence/final_snapshot/results/nonlinear_transfer_v1/object_2002/top1_cap2_cache/rep2/result.json,False
eff_nonlinear,2002,a17.efficiency.nonlinear_transfer.v1,279f41fc1af9320c2ee928c22f9b560788543479c141444fa0895f1ed96309ad,15,EXACT_GEOMETRY_BANK_HIT,OK,0.6376757000107318,"{""geometry_signature_hash"": 0.6364194999914616, ""identity_and_content_comparison"": 5.89998671784997e-06, ""bank_key_lookup"": 2.9999646358191967e-06, ""hit_bank_and_metadata_copy"": 0.0011307999957352877}",0.00011650007218122482,430023168,0,2654208,e8b6ae0a97de23db232d3c2731a642b0e2a238e13590636f803eafb1e23c36b8,evidence/final_snapshot/results/nonlinear_transfer_v1/object_2002/top1_cap2_cache/rep2/result.json,False
eff_nonlinear,2002,a17.efficiency.nonlinear_transfer.v1,279f41fc1af9320c2ee928c22f9b560788543479c141444fa0895f1ed96309ad,16,EXACT_GEOMETRY_BANK_HIT,OK,0.6402918000239879,"{""geometry_signature_hash"": 0.6386399999610148, ""identity_and_content_comparison"": 1.0899966582655907e-05, ""bank_key_lookup"": 6.199989002197981e-06, ""hit_bank_and_metadata_copy"": 0.0013773000100627542}",0.0002574000973254442,430023168,0,2654208,e8b6ae0a97de23db232d3c2731a642b0e2a238e13590636f803eafb1e23c36b8,evidence/final_snapshot/results/nonlinear_transfer_v1/object_2002/top1_cap2_cache/rep2/result.json,False
eff_nonlinear,2002,a17.efficiency.nonlinear_transfer.v1,279f41fc1af9320c2ee928c22f9b560788543479c141444fa0895f1ed96309ad,17,EXACT_GEOMETRY_BANK_HIT,OK,0.6550090000382625,"{""geometry_signature_hash"": 0.6534825999988243, ""identity_and_content_comparison"": 7.90000194683671e-06, ""bank_key_lookup"": 5.199981387704611e-06, ""hit_bank_and_metadata_copy"": 0.0013430000399239361}",0.00017030001617968082,430023168,0,2654208,e8b6ae0a97de23db232d3c2731a642b0e2a238e13590636f803eafb1e23c36b8,evidence/final_snapshot/results/nonlinear_transfer_v1/object_2002/top1_cap2_cache/rep2/result.json,False
eff_nonlinear,2002,a17.efficiency.nonlinear_transfer.v1,279f41fc1af9320c2ee928c22f9b560788543479c141444fa0895f1ed96309ad,18,EXACT_GEOMETRY_BANK_HIT,OK,0.6526271000038832,"{""geometry_signature_hash"": 0.6510014999657869, ""identity_and_content_comparison"": 1.0100018698722124e-05, ""bank_key_lookup"": 7.700000423938036e-06, ""hit_bank_and_metadata_copy"": 0.0014044999843463302}",0.00020330003462731838,430023168,0,2654208,e8b6ae0a97de23db232d3c2731a642b0e2a238e13590636f803eafb1e23c36b8,evidence/final_snapshot/results/nonlinear_transfer_v1/object_2002/top1_cap2_cache/rep2/result.json,False
eff_nonlinear,2002,a17.efficiency.nonlinear_transfer.v1,279f41fc1af9320c2ee928c22f9b560788543479c141444fa0895f1ed96309ad,19,EXACT_GEOMETRY_BANK_HIT,OK,0.6476565000484698,"{""geometry_signature_hash"": 0.646074199990835, ""identity_and_content_comparison"": 8.000002708286047e-06, ""bank_key_lookup"": 5.099980626255274e-06, ""hit_bank_and_metadata_copy"": 0.0014256999711506069}",0.00014350010314956307,430023168,0,2654208,e8b6ae0a97de23db232d3c2731a642b0e2a238e13590636f803eafb1e23c36b8,evidence/final_snapshot/results/nonlinear_transfer_v1/object_2002/top1_cap2_cache/rep2/result.json,False
eff_nonlinear,2002,a17.efficiency.nonlinear_transfer.v1,279f41fc1af9320c2ee928c22f9b560788543479c141444fa0895f1ed96309ad,20,EXACT_GEOMETRY_BANK_HIT,OK,0.6486635000328533,"{""geometry_signature_hash"": 0.6471908999956213, ""identity_and_content_comparison"": 1.0100018698722124e-05, ""bank_key_lookup"": 5.799985956400633e-06, ""hit_bank_and_metadata_copy"": 0.0013172999606467783}",0.00013940007193014026,430023168,0,2654208,e8b6ae0a97de23db232d3c2731a642b0e2a238e13590636f803eafb1e23c36b8,evidence/final_snapshot/results/nonlinear_transfer_v1/object_2002/top1_cap2_cache/rep2/result.json,False
eff_nonlinear,2002,a17.efficiency.nonlinear_transfer.v1,279f41fc1af9320c2ee928c22f9b560788543479c141444fa0895f1ed96309ad,21,EXACT_GEOMETRY_BANK_HIT,OK,0.6448902999982238,"{""geometry_signature_hash"": 0.6434295999933966, ""identity_and_content_comparison"": 8.600007276982069e-06, ""bank_key_lookup"": 4.8999791033566e-06, ""hit_bank_and_metadata_copy"": 0.0013065999955870211}",0.0001406000228598714,430023168,0,2654208,e8b6ae0a97de23db232d3c2731a642b0e2a238e13590636f803eafb1e23c36b8,evidence/final_snapshot/results/nonlinear_transfer_v1/object_2002/top1_cap2_cache/rep2/result.json,False
eff_nonlinear,2002,a17.efficiency.nonlinear_transfer.v1,279f41fc1af9320c2ee928c22f9b560788543479c141444fa0895f1ed96309ad,22,EXACT_GEOMETRY_BANK_HIT,OK,0.6611246999818832,"{""geometry_signature_hash"": 0.6592121999710798, ""identity_and_content_comparison"": 1.1200027074664831e-05, ""bank_key_lookup"": 6.299989763647318e-06, ""hit_bank_and_metadata_copy"": 0.0017383999656885862}",0.00015660002827644348,430023168,0,2654208,e8b6ae0a97de23db232d3c2731a642b0e2a238e13590636f803eafb1e23c36b8,evidence/final_snapshot/results/nonlinear_transfer_v1/object_2002/top1_cap2_cache/rep2/result.json,False
eff_nonlinear,2002,a17.efficiency.nonlinear_transfer.v1,279f41fc1af9320c2ee928c22f9b560788543479c141444fa0895f1ed96309ad,23,EXACT_GEOMETRY_BANK_HIT,OK,0.6519705000100657,"{""geometry_signature_hash"": 0.6503208000212908, ""identity_and_content_comparison"": 8.100003469735384e-06, ""bank_key_lookup"": 5.099980626255274e-06, ""hit_bank_and_metadata_copy"": 0.0014983000000938773}",0.0001382000045850873,430023168,0,2654208,e8b6ae0a97de23db232d3c2731a642b0e2a238e13590636f803eafb1e23c36b8,evidence/final_snapshot/results/nonlinear_transfer_v1/object_2002/top1_cap2_cache/rep2/result.json,False
eff_nonlinear,2002,a17.efficiency.nonlinear_transfer.v1,279f41fc1af9320c2ee928c22f9b560788543479c141444fa0895f1ed96309ad,24,EXACT_GEOMETRY_BANK_HIT,OK,0.6644189999788068,"{""geometry_signature_hash"": 0.662778600002639, ""identity_and_content_comparison"": 1.0500021744519472e-05, ""bank_key_lookup"": 6.099988240748644e-06, ""hit_bank_and_metadata_copy"": 0.001484900014474988}",0.00013889995170757174,430023168,0,2654208,e8b6ae0a97de23db232d3c2731a642b0e2a238e13590636f803eafb1e23c36b8,evidence/final_snapshot/results/nonlinear_transfer_v1/object_2002/top1_cap2_cache/rep2/result.json,False
eff_nonlinear,2002,a17.efficiency.nonlinear_transfer.v1,279f41fc1af9320c2ee928c22f9b560788543479c141444fa0895f1ed96309ad,25,EXACT_GEOMETRY_BANK_HIT,OK,0.6487548999721184,"{""geometry_signature_hash"": 0.6471060999901965, ""identity_and_content_comparison"": 8.000002708286047e-06, ""bank_key_lookup"": 8.100003469735384e-06, ""hit_bank_and_metadata_copy"": 0.0013235000078566372}",0.00030919996788725257,430023168,0,2654208,e8b6ae0a97de23db232d3c2731a642b0e2a238e13590636f803eafb1e23c36b8,evidence/final_snapshot/results/nonlinear_transfer_v1/object_2002/top1_cap2_cache/rep2/result.json,False
eff_nonlinear,2002,a17.efficiency.nonlinear_transfer.v1,279f41fc1af9320c2ee928c22f9b560788543479c141444fa0895f1ed96309ad,26,EXACT_GEOMETRY_BANK_HIT,OK,0.6172610000357963,"{""geometry_signature_hash"": 0.6137481000041589, ""identity_and_content_comparison"": 1.3299984857439995e-05, ""bank_key_lookup"": 6.099988240748644e-06, ""hit_bank_and_metadata_copy"": 0.0033279999624937773}",0.00016550009604543447,430023168,0,2654208,e8b6ae0a97de23db232d3c2731a642b0e2a238e13590636f803eafb1e23c36b8,evidence/final_snapshot/results/nonlinear_transfer_v1/object_2002/top1_cap2_cache/rep2/result.json,False
eff_nonlinear,2002,a17.efficiency.nonlinear_transfer.v1,279f41fc1af9320c2ee928c22f9b560788543479c141444fa0895f1ed96309ad,27,EXACT_GEOMETRY_BANK_HIT,OK,0.6461346999858506,"{""geometry_signature_hash"": 0.6445575000252575, ""identity_and_content_comparison"": 8.499948307871819e-06, ""bank_key_lookup"": 5.200039595365524e-06, ""hit_bank_and_metadata_copy"": 0.0014241000171750784}",0.00013939995551481843,430023168,0,2654208,e8b6ae0a97de23db232d3c2731a642b0e2a238e13590636f803eafb1e23c36b8,evidence/final_snapshot/results/nonlinear_transfer_v1/object_2002/top1_cap2_cache/rep2/result.json,False
eff_nonlinear,2002,a17.efficiency.nonlinear_transfer.v1,279f41fc1af9320c2ee928c22f9b560788543479c141444fa0895f1ed96309ad,28,EXACT_GEOMETRY_BANK_HIT,OK,0.6465835999697447,"{""geometry_signature_hash"": 0.6445985999889672, ""identity_and_content_comparison"": 9.90001717582345e-06, ""bank_key_lookup"": 5.800044164061546e-06, ""hit_bank_and_metadata_copy"": 0.0018255000468343496}",0.00014379987260326743,430023168,0,2654208,e8b6ae0a97de23db232d3c2731a642b0e2a238e13590636f803eafb1e23c36b8,evidence/final_snapshot/results/nonlinear_transfer_v1/object_2002/top1_cap2_cache/rep2/result.json,False
eff_nonlinear,2002,a17.efficiency.nonlinear_transfer.v1,279f41fc1af9320c2ee928c22f9b560788543479c141444fa0895f1ed96309ad,29,EXACT_GEOMETRY_BANK_HIT,OK,0.6489129000110552,"{""geometry_signature_hash"": 0.6471117000328377, ""identity_and_content_comparison"": 8.300004992634058e-06, ""bank_key_lookup"": 5.100038833916187e-06, ""hit_bank_and_metadata_copy"": 0.0015540000167675316}",0.0002337999176234007,430023168,0,2654208,e8b6ae0a97de23db232d3c2731a642b0e2a238e13590636f803eafb1e23c36b8,evidence/final_snapshot/results/nonlinear_transfer_v1/object_2002/top1_cap2_cache/rep2/result.json,False
eff_nonlinear,2002,a17.efficiency.nonlinear_transfer.v1,279f41fc1af9320c2ee928c22f9b560788543479c141444fa0895f1ed96309ad,30,EXACT_GEOMETRY_BANK_HIT,OK,0.655695800029207,"{""geometry_signature_hash"": 0.6539422000059858, ""identity_and_content_comparison"": 1.0400020983070135e-05, ""bank_key_lookup"": 5.600042641162872e-06, ""hit_bank_and_metadata_copy"": 0.0016052999999374151}",0.00013229995965957642,430023168,0,2654208,e8b6ae0a97de23db232d3c2731a642b0e2a238e13590636f803eafb1e23c36b8,evidence/final_snapshot/results/nonlinear_transfer_v1/object_2002/top1_cap2_cache/rep2/result.json,False
eff_nonlinear,2002,a17.efficiency.nonlinear_transfer.v1,279f41fc1af9320c2ee928c22f9b560788543479c141444fa0895f1ed96309ad,31,EXACT_GEOMETRY_BANK_HIT,OK,0.6609597000060603,"{""geometry_signature_hash"": 0.659319200029131, ""identity_and_content_comparison"": 7.800001185387373e-06, ""bank_key_lookup"": 5.200039595365524e-06, ""hit_bank_and_metadata_copy"": 0.0014842000091448426}",0.00014329992700368166,430023168,0,2654208,e8b6ae0a97de23db232d3c2731a642b0e2a238e13590636f803eafb1e23c36b8,evidence/final_snapshot/results/nonlinear_transfer_v1/object_2002/top1_cap2_cache/rep2/result.json,False
eff_nonlinear,2002,a17.efficiency.nonlinear_transfer.v1,279f41fc1af9320c2ee928c22f9b560788543479c141444fa0895f1ed96309ad,32,EXACT_GEOMETRY_BANK_HIT,OK,0.6557458000024781,"{""geometry_signature_hash"": 0.6538407999905758, ""identity_and_content_comparison"": 1.1299969628453255e-05, ""bank_key_lookup"": 6.199989002197981e-06, ""hit_bank_and_metadata_copy"": 0.0017363999504595995}",0.00015110010281205177,430023168,0,2654208,e8b6ae0a97de23db232d3c2731a642b0e2a238e13590636f803eafb1e23c36b8,evidence/final_snapshot/results/nonlinear_transfer_v1/object_2002/top1_cap2_cache/rep2/result.json,False
eff_nonlinear,2002,a17.efficiency.nonlinear_transfer.v1,279f41fc1af9320c2ee928c22f9b560788543479c141444fa0895f1ed96309ad,33,EXACT_GEOMETRY_BANK_HIT,OK,0.6451082000276074,"{""geometry_signature_hash"": 0.6435418999753892, ""identity_and_content_comparison"": 8.300004992634058e-06, ""bank_key_lookup"": 4.999979864805937e-06, ""hit_bank_and_metadata_copy"": 0.0014118999824859202}",0.00014110008487477899,430023168,0,2654208,e8b6ae0a97de23db232d3c2731a642b0e2a238e13590636f803eafb1e23c36b8,evidence/final_snapshot/results/nonlinear_transfer_v1/object_2002/top1_cap2_cache/rep2/result.json,False
eff_nonlinear,2002,a17.efficiency.nonlinear_transfer.v1,279f41fc1af9320c2ee928c22f9b560788543479c141444fa0895f1ed96309ad,34,EXACT_GEOMETRY_BANK_HIT,OK,0.6529399999999441,"{""geometry_signature_hash"": 0.6514085000380874, ""identity_and_content_comparison"": 1.0500021744519472e-05, ""bank_key_lookup"": 6.199989002197981e-06, ""hit_bank_and_metadata_copy"": 0.0013672999921254814}",0.00014749995898455381,430023168,0,2654208,e8b6ae0a97de23db232d3c2731a642b0e2a238e13590636f803eafb1e23c36b8,evidence/final_snapshot/results/nonlinear_transfer_v1/object_2002/top1_cap2_cache/rep2/result.json,False
eff_nonlinear,2002,a17.efficiency.nonlinear_transfer.v1,279f41fc1af9320c2ee928c22f9b560788543479c141444fa0895f1ed96309ad,35,EXACT_GEOMETRY_BANK_HIT,OK,0.6254922999651171,"{""geometry_signature_hash"": 0.6238118999754079, ""identity_and_content_comparison"": 7.90000194683671e-06, ""bank_key_lookup"": 4.8999791033566e-06, ""hit_bank_and_metadata_copy"": 0.001519499986898154}",0.00014810002176091075,430023168,0,2654208,e8b6ae0a97de23db232d3c2731a642b0e2a238e13590636f803eafb1e23c36b8,evidence/final_snapshot/results/nonlinear_transfer_v1/object_2002/top1_cap2_cache/rep2/result.json,False
eff_nonlinear,2009,a17.efficiency.nonlinear_transfer.v1,b72280487bff4cf2617f32bf0d2e6c0bca323446605a36e606fde4b29cb5b391,0,MISS_ORIGINAL_ACQUISITION,OK,5.753471400006674,"{""geometry_signature_hash"": 1.2898474999819882, ""identity_and_content_comparison"": 8.400005754083395e-06, ""cache_invalidation"": 1.8600025214254856e-05, ""bank_key_lookup"": 4.099973011761904e-06, ""original_provider_call"": 4.461935100029223, ""first_bank_storage_copy"": 0.001417800027411431}",0.00023989996407181025,860046336,2654208,0,e8b6ae0a97de23db232d3c2731a642b0e2a238e13590636f803eafb1e23c36b8,evidence/final_snapshot/results/nonlinear_transfer_v1/object_2009/original_top2_cap3_cache/rep0/result.json,False
eff_nonlinear,2009,a17.efficiency.nonlinear_transfer.v1,b72280487bff4cf2617f32bf0d2e6c0bca323446605a36e606fde4b29cb5b391,1,EXACT_GEOMETRY_BANK_HIT,OK,0.644828500051517,"{""geometry_signature_hash"": 0.6433809000300243, ""identity_and_content_comparison"": 7.399998139590025e-06, ""bank_key_lookup"": 4.100031219422817e-06, ""hit_bank_and_metadata_copy"": 0.0013086000108160079}",0.00012749998131766915,430023168,0,2654208,e8b6ae0a97de23db232d3c2731a642b0e2a238e13590636f803eafb1e23c36b8,evidence/final_snapshot/results/nonlinear_transfer_v1/object_2009/original_top2_cap3_cache/rep0/result.json,False
eff_nonlinear,2009,a17.efficiency.nonlinear_transfer.v1,b72280487bff4cf2617f32bf0d2e6c0bca323446605a36e606fde4b29cb5b391,2,EXACT_GEOMETRY_BANK_HIT,OK,0.6597539000213146,"{""geometry_signature_hash"": 0.6581506000366062, ""identity_and_content_comparison"": 1.0300020221620798e-05, ""bank_key_lookup"": 5.699985194951296e-06, ""hit_bank_and_metadata_copy"": 0.0014458000077866018}",0.0001414999715052545,430023168,0,2654208,e8b6ae0a97de23db232d3c2731a642b0e2a238e13590636f803eafb1e23c36b8,evidence/final_snapshot/results/nonlinear_transfer_v1/object_2009/original_top2_cap3_cache/rep0/result.json,False
eff_nonlinear,2009,a17.efficiency.nonlinear_transfer.v1,b72280487bff4cf2617f32bf0d2e6c0bca323446605a36e606fde4b29cb5b391,3,EXACT_GEOMETRY_BANK_HIT,OK,0.6499038999900222,"{""geometry_signature_hash"": 0.6483237000065856, ""identity_and_content_comparison"": 8.700008038431406e-06, ""bank_key_lookup"": 5.399982910603285e-06, ""hit_bank_and_metadata_copy"": 0.0014216999989002943}",0.00014439999358728528,430023168,0,2654208,e8b6ae0a97de23db232d3c2731a642b0e2a238e13590636f803eafb1e23c36b8,evidence/final_snapshot/results/nonlinear_transfer_v1/object_2009/original_top2_cap3_cache/rep0/result.json,False
eff_nonlinear,2009,a17.efficiency.nonlinear_transfer.v1,b72280487bff4cf2617f32bf0d2e6c0bca323446605a36e606fde4b29cb5b391,4,EXACT_GEOMETRY_BANK_HIT,OK,0.6611314999754541,"{""geometry_signature_hash"": 0.6594800999737345, ""identity_and_content_comparison"": 1.160003012046218e-05, ""bank_key_lookup"": 6.299989763647318e-06, ""hit_bank_and_metadata_copy"": 0.001477199955843389}",0.00015630002599209547,430023168,0,2654208,e8b6ae0a97de23db232d3c2731a642b0e2a238e13590636f803eafb1e23c36b8,evidence/final_snapshot/results/nonlinear_transfer_v1/object_2009/original_top2_cap3_cache/rep0/result.json,False
eff_nonlinear,2009,a17.efficiency.nonlinear_transfer.v1,b72280487bff4cf2617f32bf0d2e6c0bca323446605a36e606fde4b29cb5b391,5,EXACT_GEOMETRY_BANK_HIT,OK,0.6627055999706499,"{""geometry_signature_hash"": 0.6613439999637194, ""identity_and_content_comparison"": 8.400005754083395e-06, ""bank_key_lookup"": 5.600042641162872e-06, ""hit_bank_and_metadata_copy"": 0.0012102000182494521}",0.0001373999402858317,430023168,0,2654208,e8b6ae0a97de23db232d3c2731a642b0e2a238e13590636f803eafb1e23c36b8,evidence/final_snapshot/results/nonlinear_transfer_v1/object_2009/original_top2_cap3_cache/rep0/result.json,False
eff_nonlinear,2009,a17.efficiency.nonlinear_transfer.v1,b72280487bff4cf2617f32bf0d2e6c0bca323446605a36e606fde4b29cb5b391,6,EXACT_GEOMETRY_BANK_HIT,OK,0.6436112999799661,"{""geometry_signature_hash"": 0.6417293000267819, ""identity_and_content_comparison"": 9.899958968162537e-06, ""bank_key_lookup"": 6.199989002197981e-06, ""hit_bank_and_metadata_copy"": 0.001727700000628829}",0.0001382000045850873,430023168,0,2654208,e8b6ae0a97de23db232d3c2731a642b0e2a238e13590636f803eafb1e23c36b8,evidence/final_snapshot/results/nonlinear_transfer_v1/object_2009/original_top2_cap3_cache/rep0/result.json,False
eff_nonlinear,2009,a17.efficiency.nonlinear_transfer.v1,b72280487bff4cf2617f32bf0d2e6c0bca323446605a36e606fde4b29cb5b391,7,EXACT_GEOMETRY_BANK_HIT,OK,0.6392630999907851,"{""geometry_signature_hash"": 0.6377727999933995, ""identity_and_content_comparison"": 8.600007276982069e-06, ""bank_key_lookup"": 5.299982149153948e-06, ""hit_bank_and_metadata_copy"": 0.0013405000208877027}",0.00013589998707175255,430023168,0,2654208,e8b6ae0a97de23db232d3c2731a642b0e2a238e13590636f803eafb1e23c36b8,evidence/final_snapshot/results/nonlinear_transfer_v1/object_2009/original_top2_cap3_cache/rep0/result.json,False
eff_nonlinear,2009,a17.efficiency.nonlinear_transfer.v1,b72280487bff4cf2617f32bf0d2e6c0bca323446605a36e606fde4b29cb5b391,8,EXACT_GEOMETRY_BANK_HIT,OK,0.6520956000313163,"{""geometry_signature_hash"": 0.6505287999752909, ""identity_and_content_comparison"": 9.200011845678091e-06, ""bank_key_lookup"": 5.700043402612209e-06, ""hit_bank_and_metadata_copy"": 0.001410100026987493}",0.00014179997378960252,430023168,0,2654208,e8b6ae0a97de23db232d3c2731a642b0e2a238e13590636f803eafb1e23c36b8,evidence/final_snapshot/results/nonlinear_transfer_v1/object_2009/original_top2_cap3_cache/rep0/result.json,False
eff_nonlinear,2009,a17.efficiency.nonlinear_transfer.v1,b72280487bff4cf2617f32bf0d2e6c0bca323446605a36e606fde4b29cb5b391,9,EXACT_GEOMETRY_BANK_HIT,OK,0.6482458999962546,"{""geometry_signature_hash"": 0.6465391999809071, ""identity_and_content_comparison"": 7.90000194683671e-06, ""bank_key_lookup"": 5.400041118264198e-06, ""hit_bank_and_metadata_copy"": 0.0015509999939240515}",0.00014239997835829854,430023168,0,2654208,e8b6ae0a97de23db232d3c2731a642b0e2a238e13590636f803eafb1e23c36b8,evidence/final_snapshot/results/nonlinear_transfer_v1/object_2009/original_top2_cap3_cache/rep0/result.json,False
eff_nonlinear,2009,a17.efficiency.nonlinear_transfer.v1,b72280487bff4cf2617f32bf0d2e6c0bca323446605a36e606fde4b29cb5b391,10,EXACT_GEOMETRY_BANK_HIT,OK,0.6433450999902561,"{""geometry_signature_hash"": 0.6415407000458799, ""identity_and_content_comparison"": 1.109996810555458e-05, ""bank_key_lookup"": 6.999995093792677e-06, ""hit_bank_and_metadata_copy"": 0.0016376000130549073}",0.00014869996812194586,430023168,0,2654208,e8b6ae0a97de23db232d3c2731a642b0e2a238e13590636f803eafb1e23c36b8,evidence/final_snapshot/results/nonlinear_transfer_v1/object_2009/original_top2_cap3_cache/rep0/result.json,False
eff_nonlinear,2009,a17.efficiency.nonlinear_transfer.v1,b72280487bff4cf2617f32bf0d2e6c0bca323446605a36e606fde4b29cb5b391,11,EXACT_GEOMETRY_BANK_HIT,OK,0.6520101000205614,"{""geometry_signature_hash"": 0.6505188999581151, ""identity_and_content_comparison"": 8.100003469735384e-06, ""bank_key_lookup"": 5.100038833916187e-06, ""hit_bank_and_metadata_copy"": 0.0013381000026129186}",0.00013990001752972603,430023168,0,2654208,e8b6ae0a97de23db232d3c2731a642b0e2a238e13590636f803eafb1e23c36b8,evidence/final_snapshot/results/nonlinear_transfer_v1/object_2009/original_top2_cap3_cache/rep0/result.json,False
eff_nonlinear,2009,a17.efficiency.nonlinear_transfer.v1,b72280487bff4cf2617f32bf0d2e6c0bca323446605a36e606fde4b29cb5b391,12,EXACT_GEOMETRY_BANK_HIT,OK,0.6471000000019558,"{""geometry_signature_hash"": 0.6456475000013597, ""identity_and_content_comparison"": 1.0400020983070135e-05, ""bank_key_lookup"": 5.500041879713535e-06, ""hit_bank_and_metadata_copy"": 0.0012981999898329377}",0.00013839994790032506,430023168,0,2654208,e8b6ae0a97de23db232d3c2731a642b0e2a238e13590636f803eafb1e23c36b8,evidence/final_snapshot/results/nonlinear_transfer_v1/object_2009/original_top2_cap3_cache/rep0/result.json,False
eff_nonlinear,2009,a17.efficiency.nonlinear_transfer.v1,b72280487bff4cf2617f32bf0d2e6c0bca323446605a36e606fde4b29cb5b391,13,EXACT_GEOMETRY_BANK_HIT,OK,0.6355494000017643,"{""geometry_signature_hash"": 0.6339701000251807, ""identity_and_content_comparison"": 8.300004992634058e-06, ""bank_key_lookup"": 6.999995093792677e-06, ""hit_bank_and_metadata_copy"": 0.0013395000132732093}",0.00022449996322393417,430023168,0,2654208,e8b6ae0a97de23db232d3c2731a642b0e2a238e13590636f803eafb1e23c36b8,evidence/final_snapshot/results/nonlinear_transfer_v1/object_2009/original_top2_cap3_cache/rep0/result.json,False
eff_nonlinear,2009,a17.efficiency.nonlinear_transfer.v1,b72280487bff4cf2617f32bf0d2e6c0bca323446605a36e606fde4b29cb5b391,14,EXACT_GEOMETRY_BANK_HIT,OK,0.6528866000007838,"{""geometry_signature_hash"": 0.6511820000014268, ""identity_and_content_comparison"": 1.0599964298307896e-05, ""bank_key_lookup"": 6.299989763647318e-06, ""hit_bank_and_metadata_copy"": 0.0015528000076301396}",0.0001349000376649201,430023168,0,2654208,e8b6ae0a97de23db232d3c2731a642b0e2a238e13590636f803eafb1e23c36b8,evidence/final_snapshot/results/nonlinear_transfer_v1/object_2009/original_top2_cap3_cache/rep0/result.json,False
eff_nonlinear,2009,a17.efficiency.nonlinear_transfer.v1,b72280487bff4cf2617f32bf0d2e6c0bca323446605a36e606fde4b29cb5b391,15,EXACT_GEOMETRY_BANK_HIT,OK,0.6423734999843873,"{""geometry_signature_hash"": 0.640437500027474, ""identity_and_content_comparison"": 7.800001185387373e-06, ""bank_key_lookup"": 4.800036549568176e-06, ""hit_bank_and_metadata_copy"": 0.0017791000427678227}",0.00014429987641051412,430023168,0,2654208,e8b6ae0a97de23db232d3c2731a642b0e2a238e13590636f803eafb1e23c36b8,evidence/final_snapshot/results/nonlinear_transfer_v1/object_2009/original_top2_cap3_cache/rep0/result.json,False
eff_nonlinear,2009,a17.efficiency.nonlinear_transfer.v1,b72280487bff4cf2617f32bf0d2e6c0bca323446605a36e606fde4b29cb5b391,16,EXACT_GEOMETRY_BANK_HIT,OK,0.6441743999603204,"{""geometry_signature_hash"": 0.6426827000104822, ""identity_and_content_comparison"": 1.0000017937272787e-05, ""bank_key_lookup"": 6.199989002197981e-06, ""hit_bank_and_metadata_copy"": 0.0013405999634414911}",0.00013489997945725918,430023168,0,2654208,e8b6ae0a97de23db232d3c2731a642b0e2a238e13590636f803eafb1e23c36b8,evidence/final_snapshot/results/nonlinear_transfer_v1/object_2009/original_top2_cap3_cache/rep0/result.json,False
eff_nonlinear,2009,a17.efficiency.nonlinear_transfer.v1,b72280487bff4cf2617f32bf0d2e6c0bca323446605a36e606fde4b29cb5b391,17,EXACT_GEOMETRY_BANK_HIT,OK,0.6486082000192255,"{""geometry_signature_hash"": 0.6470054999808781, ""identity_and_content_comparison"": 8.800008799880743e-06, ""bank_key_lookup"": 5.200039595365524e-06, ""hit_bank_and_metadata_copy"": 0.0014555000234395266}",0.00013319996651262045,430023168,0,2654208,e8b6ae0a97de23db232d3c2731a642b0e2a238e13590636f803eafb1e23c36b8,evidence/final_snapshot/results/nonlinear_transfer_v1/object_2009/original_top2_cap3_cache/rep0/result.json,False
eff_nonlinear,2009,a17.efficiency.nonlinear_transfer.v1,b72280487bff4cf2617f32bf0d2e6c0bca323446605a36e606fde4b29cb5b391,18,EXACT_GEOMETRY_BANK_HIT,OK,0.6536513000028208,"{""geometry_signature_hash"": 0.6520514000440016, ""identity_and_content_comparison"": 1.0100018698722124e-05, ""bank_key_lookup"": 5.499983672052622e-06, ""hit_bank_and_metadata_copy"": 0.0014486999716609716}",0.00013559998478740454,430023168,0,2654208,e8b6ae0a97de23db232d3c2731a642b0e2a238e13590636f803eafb1e23c36b8,evidence/final_snapshot/results/nonlinear_transfer_v1/object_2009/original_top2_cap3_cache/rep0/result.json,False
eff_nonlinear,2009,a17.efficiency.nonlinear_transfer.v1,b72280487bff4cf2617f32bf0d2e6c0bca323446605a36e606fde4b29cb5b391,19,EXACT_GEOMETRY_BANK_HIT,OK,0.649814400007017,"{""geometry_signature_hash"": 0.6481914999894798, ""identity_and_content_comparison"": 8.299946784973145e-06, ""bank_key_lookup"": 5.300040356814861e-06, ""hit_bank_and_metadata_copy"": 0.0013620000099763274}",0.0002473000204190612,430023168,0,2654208,e8b6ae0a97de23db232d3c2731a642b0e2a238e13590636f803eafb1e23c36b8,evidence/final_snapshot/results/nonlinear_transfer_v1/object_2009/original_top2_cap3_cache/rep0/result.json,False
eff_nonlinear,2009,a17.efficiency.nonlinear_transfer.v1,b72280487bff4cf2617f32bf0d2e6c0bca323446605a36e606fde4b29cb5b391,20,EXACT_GEOMETRY_BANK_HIT,OK,0.6545007000095211,"{""geometry_signature_hash"": 0.6529928000527434, ""identity_and_content_comparison"": 9.90001717582345e-06, ""bank_key_lookup"": 5.700043402612209e-06, ""hit_bank_and_metadata_copy"": 0.0013615000061690807}",0.00013079989003017545,430023168,0,2654208,e8b6ae0a97de23db232d3c2731a642b0e2a238e13590636f803eafb1e23c36b8,evidence/final_snapshot/results/nonlinear_transfer_v1/object_2009/original_top2_cap3_cache/rep0/result.json,False
eff_nonlinear,2009,a17.efficiency.nonlinear_transfer.v1,b72280487bff4cf2617f32bf0d2e6c0bca323446605a36e606fde4b29cb5b391,21,EXACT_GEOMETRY_BANK_HIT,OK,0.644805499992799,"{""geometry_signature_hash"": 0.6429015999892727, ""identity_and_content_comparison"": 7.90000194683671e-06, ""bank_key_lookup"": 5.499983672052622e-06, ""hit_bank_and_metadata_copy"": 0.0017416999908164144}",0.0001488000270910561,430023168,0,2654208,e8b6ae0a97de23db232d3c2731a642b0e2a238e13590636f803eafb1e23c36b8,evidence/final_snapshot/results/nonlinear_transfer_v1/object_2009/original_top2_cap3_cache/rep0/result.json,False
eff_nonlinear,2009,a17.efficiency.nonlinear_transfer.v1,b72280487bff4cf2617f32bf0d2e6c0bca323446605a36e606fde4b29cb5b391,22,EXACT_GEOMETRY_BANK_HIT,OK,0.6529804000165313,"{""geometry_signature_hash"": 0.6513735000044107, ""identity_and_content_comparison"": 1.0100018698722124e-05, ""bank_key_lookup"": 5.800044164061546e-06, ""hit_bank_and_metadata_copy"": 0.001449400035198778}",0.00014159991405904293,430023168,0,2654208,e8b6ae0a97de23db232d3c2731a642b0e2a238e13590636f803eafb1e23c36b8,evidence/final_snapshot/results/nonlinear_transfer_v1/object_2009/original_top2_cap3_cache/rep0/result.json,False
eff_nonlinear,2009,a17.efficiency.nonlinear_transfer.v1,b72280487bff4cf2617f32bf0d2e6c0bca323446605a36e606fde4b29cb5b391,23,EXACT_GEOMETRY_BANK_HIT,OK,0.6302107999799773,"{""geometry_signature_hash"": 0.6287124999798834, ""identity_and_content_comparison"": 9.399955160915852e-06, ""bank_key_lookup"": 5.89998671784997e-06, ""hit_bank_and_metadata_copy"": 0.001344399992376566}",0.00013860006583854556,430023168,0,2654208,e8b6ae0a97de23db232d3c2731a642b0e2a238e13590636f803eafb1e23c36b8,evidence/final_snapshot/results/nonlinear_transfer_v1/object_2009/original_top2_cap3_cache/rep0/result.json,False
eff_nonlinear,2009,a17.efficiency.nonlinear_transfer.v1,b72280487bff4cf2617f32bf0d2e6c0bca323446605a36e606fde4b29cb5b391,24,EXACT_GEOMETRY_BANK_HIT,OK,0.6429879000061192,"{""geometry_signature_hash"": 0.6413878000457771, ""identity_and_content_comparison"": 1.0600022505968809e-05, ""bank_key_lookup"": 6.099988240748644e-06, ""hit_bank_and_metadata_copy"": 0.0014429999864660203}",0.0001403999631293118,430023168,0,2654208,e8b6ae0a97de23db232d3c2731a642b0e2a238e13590636f803eafb1e23c36b8,evidence/final_snapshot/results/nonlinear_transfer_v1/object_2009/original_top2_cap3_cache/rep0/result.json,False
eff_nonlinear,2009,a17.efficiency.nonlinear_transfer.v1,b72280487bff4cf2617f32bf0d2e6c0bca323446605a36e606fde4b29cb5b391,25,EXACT_GEOMETRY_BANK_HIT,OK,0.658933500002604,"{""geometry_signature_hash"": 0.6574169999803416, ""identity_and_content_comparison"": 8.500006515532732e-06, ""bank_key_lookup"": 5.200039595365524e-06, ""hit_bank_and_metadata_copy"": 0.0013653000351041555}",0.00013749994104728103,430023168,0,2654208,e8b6ae0a97de23db232d3c2731a642b0e2a238e13590636f803eafb1e23c36b8,evidence/final_snapshot/results/nonlinear_transfer_v1/object_2009/original_top2_cap3_cache/rep0/result.json,False
eff_nonlinear,2009,a17.efficiency.nonlinear_transfer.v1,b72280487bff4cf2617f32bf0d2e6c0bca323446605a36e606fde4b29cb5b391,26,EXACT_GEOMETRY_BANK_HIT,OK,0.6436206999933347,"{""geometry_signature_hash"": 0.6420491000171751, ""identity_and_content_comparison"": 1.079996582120657e-05, ""bank_key_lookup"": 6.199989002197981e-06, ""hit_bank_and_metadata_copy"": 0.0014226000057533383}",0.00013200001558288932,430023168,0,2654208,e8b6ae0a97de23db232d3c2731a642b0e2a238e13590636f803eafb1e23c36b8,evidence/final_snapshot/results/nonlinear_transfer_v1/object_2009/original_top2_cap3_cache/rep0/result.json,False
eff_nonlinear,2009,a17.efficiency.nonlinear_transfer.v1,b72280487bff4cf2617f32bf0d2e6c0bca323446605a36e606fde4b29cb5b391,27,EXACT_GEOMETRY_BANK_HIT,OK,0.6354563999921083,"{""geometry_signature_hash"": 0.6339093999704346, ""identity_and_content_comparison"": 8.200004231184721e-06, ""bank_key_lookup"": 5.900044925510883e-06, ""hit_bank_and_metadata_copy"": 0.0013871000264771283}",0.00014579994603991508,430023168,0,2654208,e8b6ae0a97de23db232d3c2731a642b0e2a238e13590636f803eafb1e23c36b8,evidence/final_snapshot/results/nonlinear_transfer_v1/object_2009/original_top2_cap3_cache/rep0/result.json,False
eff_nonlinear,2009,a17.efficiency.nonlinear_transfer.v1,b72280487bff4cf2617f32bf0d2e6c0bca323446605a36e606fde4b29cb5b391,28,EXACT_GEOMETRY_BANK_HIT,OK,0.6393415000056848,"{""geometry_signature_hash"": 0.637258600036148, ""identity_and_content_comparison"": 1.1699972674250603e-05, ""bank_key_lookup"": 6.399990525096655e-06, ""hit_bank_and_metadata_copy"": 0.0019121000077575445}",0.00015269999857991934,430023168,0,2654208,e8b6ae0a97de23db232d3c2731a642b0e2a238e13590636f803eafb1e23c36b8,evidence/final_snapshot/results/nonlinear_transfer_v1/object_2009/original_top2_cap3_cache/rep0/result.json,False
eff_nonlinear,2009,a17.efficiency.nonlinear_transfer.v1,b72280487bff4cf2617f32bf0d2e6c0bca323446605a36e606fde4b29cb5b391,29,EXACT_GEOMETRY_BANK_HIT,OK,0.6406530999811366,"{""geometry_signature_hash"": 0.6388322000275366, ""identity_and_content_comparison"": 8.300004992634058e-06, ""bank_key_lookup"": 5.399982910603285e-06, ""hit_bank_and_metadata_copy"": 0.0016595000051893294}",0.0001476999605074525,430023168,0,2654208,e8b6ae0a97de23db232d3c2731a642b0e2a238e13590636f803eafb1e23c36b8,evidence/final_snapshot/results/nonlinear_transfer_v1/object_2009/original_top2_cap3_cache/rep0/result.json,False
eff_nonlinear,2009,a17.efficiency.nonlinear_transfer.v1,b72280487bff4cf2617f32bf0d2e6c0bca323446605a36e606fde4b29cb5b391,30,EXACT_GEOMETRY_BANK_HIT,OK,0.6493854000000283,"{""geometry_signature_hash"": 0.6478592000203207, ""identity_and_content_comparison"": 1.0000017937272787e-05, ""bank_key_lookup"": 6.099988240748644e-06, ""hit_bank_and_metadata_copy"": 0.00137189996894449}",0.0001382000045850873,430023168,0,2654208,e8b6ae0a97de23db232d3c2731a642b0e2a238e13590636f803eafb1e23c36b8,evidence/final_snapshot/results/nonlinear_transfer_v1/object_2009/original_top2_cap3_cache/rep0/result.json,False
eff_nonlinear,2009,a17.efficiency.nonlinear_transfer.v1,b72280487bff4cf2617f32bf0d2e6c0bca323446605a36e606fde4b29cb5b391,31,EXACT_GEOMETRY_BANK_HIT,OK,0.6370408000075258,"{""geometry_signature_hash"": 0.6354861999861896, ""identity_and_content_comparison"": 8.800008799880743e-06, ""bank_key_lookup"": 5.700043402612209e-06, ""hit_bank_and_metadata_copy"": 0.0013858000165782869}",0.00015429995255544782,430023168,0,2654208,e8b6ae0a97de23db232d3c2731a642b0e2a238e13590636f803eafb1e23c36b8,evidence/final_snapshot/results/nonlinear_transfer_v1/object_2009/original_top2_cap3_cache/rep0/result.json,False
eff_nonlinear,2009,a17.efficiency.nonlinear_transfer.v1,b72280487bff4cf2617f32bf0d2e6c0bca323446605a36e606fde4b29cb5b391,32,EXACT_GEOMETRY_BANK_HIT,OK,0.6470594999846071,"{""geometry_signature_hash"": 0.6454699999885634, ""identity_and_content_comparison"": 9.899958968162537e-06, ""bank_key_lookup"": 5.799985956400633e-06, ""hit_bank_and_metadata_copy"": 0.001438500010408461}",0.00013530004071071744,430023168,0,2654208,e8b6ae0a97de23db232d3c2731a642b0e2a238e13590636f803eafb1e23c36b8,evidence/final_snapshot/results/nonlinear_transfer_v1/object_2009/original_top2_cap3_cache/rep0/result.json,False
eff_nonlinear,2009,a17.efficiency.nonlinear_transfer.v1,b72280487bff4cf2617f32bf0d2e6c0bca323446605a36e606fde4b29cb5b391,33,EXACT_GEOMETRY_BANK_HIT,OK,0.6403959000017494,"{""geometry_signature_hash"": 0.6385437999852002, ""identity_and_content_comparison"": 8.499948307871819e-06, ""bank_key_lookup"": 5.599984433501959e-06, ""hit_bank_and_metadata_copy"": 0.0016882999916560948}",0.00014970009215176105,430023168,0,2654208,e8b6ae0a97de23db232d3c2731a642b0e2a238e13590636f803eafb1e23c36b8,evidence/final_snapshot/results/nonlinear_transfer_v1/object_2009/original_top2_cap3_cache/rep0/result.json,False
eff_nonlinear,2009,a17.efficiency.nonlinear_transfer.v1,b72280487bff4cf2617f32bf0d2e6c0bca323446605a36e606fde4b29cb5b391,34,EXACT_GEOMETRY_BANK_HIT,OK,0.6445227999938652,"{""geometry_signature_hash"": 0.6430310000432655, ""identity_and_content_comparison"": 1.0500021744519472e-05, ""bank_key_lookup"": 7.299997378140688e-06, ""hit_bank_and_metadata_copy"": 0.0013129999861121178}",0.00016099994536489248,430023168,0,2654208,e8b6ae0a97de23db232d3c2731a642b0e2a238e13590636f803eafb1e23c36b8,evidence/final_snapshot/results/nonlinear_transfer_v1/object_2009/original_top2_cap3_cache/rep0/result.json,False
eff_nonlinear,2009,a17.efficiency.nonlinear_transfer.v1,b72280487bff4cf2617f32bf0d2e6c0bca323446605a36e606fde4b29cb5b391,35,EXACT_GEOMETRY_BANK_HIT,OK,0.6462529000127688,"{""geometry_signature_hash"": 0.6455827999743633, ""identity_and_content_comparison"": 3.400025889277458e-06, ""bank_key_lookup"": 2.1999585442245007e-06, ""hit_bank_and_metadata_copy"": 0.0005790999857708812}",8.540006820112467e-05,430023168,0,2654208,e8b6ae0a97de23db232d3c2731a642b0e2a238e13590636f803eafb1e23c36b8,evidence/final_snapshot/results/nonlinear_transfer_v1/object_2009/original_top2_cap3_cache/rep0/result.json,False
eff_nonlinear,2009,a17.efficiency.nonlinear_transfer.v1,9a1713dea1b91d0597b593fdfbbd91deab2313a891a195c4ee51e388d78b36ac,0,MISS_ORIGINAL_ACQUISITION,OK,5.761384800018277,"{""geometry_signature_hash"": 1.3048554999986663, ""identity_and_content_comparison"": 5.199981387704611e-06, ""cache_invalidation"": 1.7900019884109497e-05, ""bank_key_lookup"": 3.8000289350748062e-06, ""original_provider_call"": 4.454595299961511, ""first_bank_storage_copy"": 0.0016736999968998134}",0.00023340003099292517,860046336,2654208,0,e8b6ae0a97de23db232d3c2731a642b0e2a238e13590636f803eafb1e23c36b8,evidence/final_snapshot/results/nonlinear_transfer_v1/object_2009/original_top2_cap3_cache/rep1/result.json,False
eff_nonlinear,2009,a17.efficiency.nonlinear_transfer.v1,9a1713dea1b91d0597b593fdfbbd91deab2313a891a195c4ee51e388d78b36ac,1,EXACT_GEOMETRY_BANK_HIT,OK,0.6481341999606229,"{""geometry_signature_hash"": 0.6466348000103608, ""identity_and_content_comparison"": 3.100023604929447e-06, ""bank_key_lookup"": 1.700012944638729e-06, ""hit_bank_and_metadata_copy"": 0.0013081000070087612}",0.00018649990670382977,430023168,0,2654208,e8b6ae0a97de23db232d3c2731a642b0e2a238e13590636f803eafb1e23c36b8,evidence/final_snapshot/results/nonlinear_transfer_v1/object_2009/original_top2_cap3_cache/rep1/result.json,False
eff_nonlinear,2009,a17.efficiency.nonlinear_transfer.v1,9a1713dea1b91d0597b593fdfbbd91deab2313a891a195c4ee51e388d78b36ac,2,EXACT_GEOMETRY_BANK_HIT,OK,0.6448330000275746,"{""geometry_signature_hash"": 0.6432937000063248, ""identity_and_content_comparison"": 8.800008799880743e-06, ""bank_key_lookup"": 5.400041118264198e-06, ""hit_bank_and_metadata_copy"": 0.0013890000409446657}",0.0001360999303869903,430023168,0,2654208,e8b6ae0a97de23db232d3c2731a642b0e2a238e13590636f803eafb1e23c36b8,evidence/final_snapshot/results/nonlinear_transfer_v1/object_2009/original_top2_cap3_cache/rep1/result.json,False
eff_nonlinear,2009,a17.efficiency.nonlinear_transfer.v1,9a1713dea1b91d0597b593fdfbbd91deab2313a891a195c4ee51e388d78b36ac,3,EXACT_GEOMETRY_BANK_HIT,OK,0.6322425000253133,"{""geometry_signature_hash"": 0.6305768999736756, ""identity_and_content_comparison"": 1.2300035450607538e-05, ""bank_key_lookup"": 5.299982149153948e-06, ""hit_bank_and_metadata_copy"": 0.0015061000012792647}",0.00014190003275871277,430023168,0,2654208,e8b6ae0a97de23db232d3c2731a642b0e2a238e13590636f803eafb1e23c36b8,evidence/final_snapshot/results/nonlinear_transfer_v1/object_2009/original_top2_cap3_cache/rep1/result.json,False
eff_nonlinear,2009,a17.efficiency.nonlinear_transfer.v1,9a1713dea1b91d0597b593fdfbbd91deab2313a891a195c4ee51e388d78b36ac,4,EXACT_GEOMETRY_BANK_HIT,OK,0.6504806000157259,"{""geometry_signature_hash"": 0.6489876999985427, ""identity_and_content_comparison"": 9.200011845678091e-06, ""bank_key_lookup"": 5.300040356814861e-06, ""hit_bank_and_metadata_copy"": 0.0013348000356927514}",0.00014359992928802967,430023168,0,2654208,e8b6ae0a97de23db232d3c2731a642b0e2a238e13590636f803eafb1e23c36b8,evidence/final_snapshot/results/nonlinear_transfer_v1/object_2009/original_top2_cap3_cache/rep1/result.json,False
eff_nonlinear,2009,a17.efficiency.nonlinear_transfer.v1,9a1713dea1b91d0597b593fdfbbd91deab2313a891a195c4ee51e388d78b36ac,5,EXACT_GEOMETRY_BANK_HIT,OK,0.6429362000199035,"{""geometry_signature_hash"": 0.6414368000114337, ""identity_and_content_comparison"": 8.000002708286047e-06, ""bank_key_lookup"": 4.900037311017513e-06, ""hit_bank_and_metadata_copy"": 0.0013410000246949494}",0.00014549994375556707,430023168,0,2654208,e8b6ae0a97de23db232d3c2731a642b0e2a238e13590636f803eafb1e23c36b8,evidence/final_snapshot/results/nonlinear_transfer_v1/object_2009/original_top2_cap3_cache/rep1/result.json,False
eff_nonlinear,2009,a17.efficiency.nonlinear_transfer.v1,9a1713dea1b91d0597b593fdfbbd91deab2313a891a195c4ee51e388d78b36ac,6,EXACT_GEOMETRY_BANK_HIT,OK,0.6519825999857858,"{""geometry_signature_hash"": 0.6504227999830619, ""identity_and_content_comparison"": 9.100011084228754e-06, ""bank_key_lookup"": 5.500041879713535e-06, ""hit_bank_and_metadata_copy"": 0.0014051999896764755}",0.00013999996008351445,430023168,0,2654208,e8b6ae0a97de23db232d3c2731a642b0e2a238e13590636f803eafb1e23c36b8,evidence/final_snapshot/results/nonlinear_transfer_v1/object_2009/original_top2_cap3_cache/rep1/result.json,False
eff_nonlinear,2009,a17.efficiency.nonlinear_transfer.v1,9a1713dea1b91d0597b593fdfbbd91deab2313a891a195c4ee51e388d78b36ac,7,EXACT_GEOMETRY_BANK_HIT,OK,0.6293727000011131,"{""geometry_signature_hash"": 0.6278842000174336, ""identity_and_content_comparison"": 8.200004231184721e-06, ""bank_key_lookup"": 4.8999791033566e-06, ""hit_bank_and_metadata_copy"": 0.0013390000094659626}",0.00013639999087899923,430023168,0,2654208,e8b6ae0a97de23db232d3c2731a642b0e2a238e13590636f803eafb1e23c36b8,evidence/final_snapshot/results/nonlinear_transfer_v1/object_2009/original_top2_cap3_cache/rep1/result.json,False
eff_nonlinear,2009,a17.efficiency.nonlinear_transfer.v1,9a1713dea1b91d0597b593fdfbbd91deab2313a891a195c4ee51e388d78b36ac,8,EXACT_GEOMETRY_BANK_HIT,OK,0.6533587999874726,"{""geometry_signature_hash"": 0.6517579999635927, ""identity_and_content_comparison"": 9.500014130026102e-06, ""bank_key_lookup"": 5.89998671784997e-06, ""hit_bank_and_metadata_copy"": 0.0014302999479696155}",0.00015510007506236434,430023168,0,2654208,e8b6ae0a97de23db232d3c2731a642b0e2a238e13590636f803eafb1e23c36b8,evidence/final_snapshot/results/nonlinear_transfer_v1/object_2009/original_top2_cap3_cache/rep1/result.json,False
eff_nonlinear,2009,a17.efficiency.nonlinear_transfer.v1,9a1713dea1b91d0597b593fdfbbd91deab2313a891a195c4ee51e388d78b36ac,9,EXACT_GEOMETRY_BANK_HIT,OK,0.6436017000232823,"{""geometry_signature_hash"": 0.6419792000087909, ""identity_and_content_comparison"": 7.800001185387373e-06, ""bank_key_lookup"": 5.400041118264198e-06, ""hit_bank_and_metadata_copy"": 0.0014557000249624252}",0.00015359994722530246,430023168,0,2654208,e8b6ae0a97de23db232d3c2731a642b0e2a238e13590636f803eafb1e23c36b8,evidence/final_snapshot/results/nonlinear_transfer_v1/object_2009/original_top2_cap3_cache/rep1/result.json,False
eff_nonlinear,2009,a17.efficiency.nonlinear_transfer.v1,9a1713dea1b91d0597b593fdfbbd91deab2313a891a195c4ee51e388d78b36ac,10,EXACT_GEOMETRY_BANK_HIT,OK,0.6267271999968216,"{""geometry_signature_hash"": 0.624744999979157, ""identity_and_content_comparison"": 9.800016414374113e-06, ""bank_key_lookup"": 5.499983672052622e-06, ""hit_bank_and_metadata_copy"": 0.001818499993532896}",0.00014840002404525876,430023168,0,2654208,e8b6ae0a97de23db232d3c2731a642b0e2a238e13590636f803eafb1e23c36b8,evidence/final_snapshot/results/nonlinear_transfer_v1/object_2009/original_top2_cap3_cache/rep1/result.json,False
eff_nonlinear,2009,a17.efficiency.nonlinear_transfer.v1,9a1713dea1b91d0597b593fdfbbd91deab2313a891a195c4ee51e388d78b36ac,11,EXACT_GEOMETRY_BANK_HIT,OK,0.6393054000218399,"{""geometry_signature_hash"": 0.6377957000513561, ""identity_and_content_comparison"": 8.200004231184721e-06, ""bank_key_lookup"": 4.600035026669502e-06, ""hit_bank_and_metadata_copy"": 0.001360399997793138}",0.00013649993343278766,430023168,0,2654208,e8b6ae0a97de23db232d3c2731a642b0e2a238e13590636f803eafb1e23c36b8,evidence/final_snapshot/results/nonlinear_transfer_v1/object_2009/original_top2_cap3_cache/rep1/result.json,False
eff_nonlinear,2009,a17.efficiency.nonlinear_transfer.v1,9a1713dea1b91d0597b593fdfbbd91deab2313a891a195c4ee51e388d78b36ac,12,EXACT_GEOMETRY_BANK_HIT,OK,0.6473861999693327,"{""geometry_signature_hash"": 0.6458805000293069, ""identity_and_content_comparison"": 9.500014130026102e-06, ""bank_key_lookup"": 4.999979864805937e-06, ""hit_bank_and_metadata_copy"": 0.0013435999862849712}",0.00014759995974600315,430023168,0,2654208,e8b6ae0a97de23db232d3c2731a642b0e2a238e13590636f803eafb1e23c36b8,evidence/final_snapshot/results/nonlinear_transfer_v1/object_2009/original_top2_cap3_cache/rep1/result.json,False
eff_nonlinear,2009,a17.efficiency.nonlinear_transfer.v1,9a1713dea1b91d0597b593fdfbbd91deab2313a891a195c4ee51e388d78b36ac,13,EXACT_GEOMETRY_BANK_HIT,OK,0.6279639999847859,"{""geometry_signature_hash"": 0.6263812000397593, ""identity_and_content_comparison"": 3.2800016924738884e-05, ""bank_key_lookup"": 4.999979864805937e-06, ""hit_bank_and_metadata_copy"": 0.0013976999907754362}",0.00014729995746165514,430023168,0,2654208,e8b6ae0a97de23db232d3c2731a642b0e2a238e13590636f803eafb1e23c36b8,evidence/final_snapshot/results/nonlinear_transfer_v1/object_2009/original_top2_cap3_cache/rep1/result.json,False
eff_nonlinear,2009,a17.efficiency.nonlinear_transfer.v1,9a1713dea1b91d0597b593fdfbbd91deab2313a891a195c4ee51e388d78b36ac,14,EXACT_GEOMETRY_BANK_HIT,OK,0.6492619999917224,"{""geometry_signature_hash"": 0.6476725999964401, ""identity_and_content_comparison"": 9.599956683814526e-06, ""bank_key_lookup"": 5.099980626255274e-06, ""hit_bank_and_metadata_copy"": 0.0014337999746203423}",0.0001409000833518803,430023168,0,2654208,e8b6ae0a97de23db232d3c2731a642b0e2a238e13590636f803eafb1e23c36b8,evidence/final_snapshot/results/nonlinear_transfer_v1/object_2009/original_top2_cap3_cache/rep1/result.json,False
eff_nonlinear,2009,a17.efficiency.nonlinear_transfer.v1,9a1713dea1b91d0597b593fdfbbd91deab2313a891a195c4ee51e388d78b36ac,15,EXACT_GEOMETRY_BANK_HIT,OK,0.6456605999846943,"{""geometry_signature_hash"": 0.6441415000008419, ""identity_and_content_comparison"": 8.800008799880743e-06, ""bank_key_lookup"": 5.00003807246685e-06, ""hit_bank_and_metadata_copy"": 0.0013531000004149973}",0.00015219993656501174,430023168,0,2654208,e8b6ae0a97de23db232d3c2731a642b0e2a238e13590636f803eafb1e23c36b8,evidence/final_snapshot/results/nonlinear_transfer_v1/object_2009/original_top2_cap3_cache/rep1/result.json,False
eff_nonlinear,2009,a17.efficiency.nonlinear_transfer.v1,9a1713dea1b91d0597b593fdfbbd91deab2313a891a195c4ee51e388d78b36ac,16,EXACT_GEOMETRY_BANK_HIT,OK,0.6415596999577247,"{""geometry_signature_hash"": 0.6399916000082158, ""identity_and_content_comparison"": 9.300012607127428e-06, ""bank_key_lookup"": 5.299982149153948e-06, ""hit_bank_and_metadata_copy"": 0.001310699968598783}",0.00024279998615384102,430023168,0,2654208,e8b6ae0a97de23db232d3c2731a642b0e2a238e13590636f803eafb1e23c36b8,evidence/final_snapshot/results/nonlinear_transfer_v1/object_2009/original_top2_cap3_cache/rep1/result.json,False
eff_nonlinear,2009,a17.efficiency.nonlinear_transfer.v1,9a1713dea1b91d0597b593fdfbbd91deab2313a891a195c4ee51e388d78b36ac,17,EXACT_GEOMETRY_BANK_HIT,OK,0.6461818000534549,"{""geometry_signature_hash"": 0.6447227000026032, ""identity_and_content_comparison"": 8.000002708286047e-06, ""bank_key_lookup"": 4.699977580457926e-06, ""hit_bank_and_metadata_copy"": 0.0013116999762132764}",0.00013470009434968233,430023168,0,2654208,e8b6ae0a97de23db232d3c2731a642b0e2a238e13590636f803eafb1e23c36b8,evidence/final_snapshot/results/nonlinear_transfer_v1/object_2009/original_top2_cap3_cache/rep1/result.json,False
eff_nonlinear,2009,a17.efficiency.nonlinear_transfer.v1,9a1713dea1b91d0597b593fdfbbd91deab2313a891a195c4ee51e388d78b36ac,18,EXACT_GEOMETRY_BANK_HIT,OK,0.6497247000224888,"{""geometry_signature_hash"": 0.6473568999790587, ""identity_and_content_comparison"": 9.200011845678091e-06, ""bank_key_lookup"": 5.500041879713535e-06, ""hit_bank_and_metadata_copy"": 0.0021904000313952565}",0.0001626999583095312,430023168,0,2654208,e8b6ae0a97de23db232d3c2731a642b0e2a238e13590636f803eafb1e23c36b8,evidence/final_snapshot/results/nonlinear_transfer_v1/object_2009/original_top2_cap3_cache/rep1/result.json,False
eff_nonlinear,2009,a17.efficiency.nonlinear_transfer.v1,9a1713dea1b91d0597b593fdfbbd91deab2313a891a195c4ee51e388d78b36ac,19,EXACT_GEOMETRY_BANK_HIT,OK,0.6382065999787301,"{""geometry_signature_hash"": 0.636742900009267, ""identity_and_content_comparison"": 8.200004231184721e-06, ""bank_key_lookup"": 4.799978341907263e-06, ""hit_bank_and_metadata_copy"": 0.0013042999780736864}",0.00014640000881627202,430023168,0,2654208,e8b6ae0a97de23db232d3c2731a642b0e2a238e13590636f803eafb1e23c36b8,evidence/final_snapshot/results/nonlinear_transfer_v1/object_2009/original_top2_cap3_cache/rep1/result.json,False
eff_nonlinear,2009,a17.efficiency.nonlinear_transfer.v1,9a1713dea1b91d0597b593fdfbbd91deab2313a891a195c4ee51e388d78b36ac,20,EXACT_GEOMETRY_BANK_HIT,OK,0.6389704999746755,"{""geometry_signature_hash"": 0.6370286999735981, ""identity_and_content_comparison"": 9.800016414374113e-06, ""bank_key_lookup"": 5.599984433501959e-06, ""hit_bank_and_metadata_copy"": 0.0017742000054568052}",0.00015219999477267265,430023168,0,2654208,e8b6ae0a97de23db232d3c2731a642b0e2a238e13590636f803eafb1e23c36b8,evidence/final_snapshot/results/nonlinear_transfer_v1/object_2009/original_top2_cap3_cache/rep1/result.json,False
eff_nonlinear,2009,a17.efficiency.nonlinear_transfer.v1,9a1713dea1b91d0597b593fdfbbd91deab2313a891a195c4ee51e388d78b36ac,21,EXACT_GEOMETRY_BANK_HIT,OK,0.6464907000190578,"{""geometry_signature_hash"": 0.6448841999517754, ""identity_and_content_comparison"": 8.300004992634058e-06, ""bank_key_lookup"": 5.099980626255274e-06, ""hit_bank_and_metadata_copy"": 0.001339100010227412}",0.00025400007143616676,430023168,0,2654208,e8b6ae0a97de23db232d3c2731a642b0e2a238e13590636f803eafb1e23c36b8,evidence/final_snapshot/results/nonlinear_transfer_v1/object_2009/original_top2_cap3_cache/rep1/result.json,False
eff_nonlinear,2009,a17.efficiency.nonlinear_transfer.v1,9a1713dea1b91d0597b593fdfbbd91deab2313a891a195c4ee51e388d78b36ac,22,EXACT_GEOMETRY_BANK_HIT,OK,0.6602540999883786,"{""geometry_signature_hash"": 0.658779899997171, ""identity_and_content_comparison"": 9.000010322779417e-06, ""bank_key_lookup"": 5.999987479299307e-06, ""hit_bank_and_metadata_copy"": 0.0013188999728299677}",0.00014030002057552338,430023168,0,2654208,e8b6ae0a97de23db232d3c2731a642b0e2a238e13590636f803eafb1e23c36b8,evidence/final_snapshot/results/nonlinear_transfer_v1/object_2009/original_top2_cap3_cache/rep1/result.json,False
eff_nonlinear,2009,a17.efficiency.nonlinear_transfer.v1,9a1713dea1b91d0597b593fdfbbd91deab2313a891a195c4ee51e388d78b36ac,23,EXACT_GEOMETRY_BANK_HIT,OK,0.6408233999973163,"{""geometry_signature_hash"": 0.6389373999554664, ""identity_and_content_comparison"": 8.400005754083395e-06, ""bank_key_lookup"": 4.8999791033566e-06, ""hit_bank_and_metadata_copy"": 0.0017170000355690718}",0.00015570002142339945,430023168,0,2654208,e8b6ae0a97de23db232d3c2731a642b0e2a238e13590636f803eafb1e23c36b8,evidence/final_snapshot/results/nonlinear_transfer_v1/object_2009/original_top2_cap3_cache/rep1/result.json,False
eff_nonlinear,2009,a17.efficiency.nonlinear_transfer.v1,9a1713dea1b91d0597b593fdfbbd91deab2313a891a195c4ee51e388d78b36ac,24,EXACT_GEOMETRY_BANK_HIT,OK,0.6599994999705814,"{""geometry_signature_hash"": 0.6585225000162609, ""identity_and_content_comparison"": 9.09995287656784e-06, ""bank_key_lookup"": 5.499983672052622e-06, ""hit_bank_and_metadata_copy"": 0.0013222999987192452}",0.0001401000190526247,430023168,0,2654208,e8b6ae0a97de23db232d3c2731a642b0e2a238e13590636f803eafb1e23c36b8,evidence/final_snapshot/results/nonlinear_transfer_v1/object_2009/original_top2_cap3_cache/rep1/result.json,False
eff_nonlinear,2009,a17.efficiency.nonlinear_transfer.v1,9a1713dea1b91d0597b593fdfbbd91deab2313a891a195c4ee51e388d78b36ac,25,EXACT_GEOMETRY_BANK_HIT,OK,0.6464818000094965,"{""geometry_signature_hash"": 0.6450020999764092, ""identity_and_content_comparison"": 8.800008799880743e-06, ""bank_key_lookup"": 5.399982910603285e-06, ""hit_bank_and_metadata_copy"": 0.0013137999922037125}",0.00015170004917308688,430023168,0,2654208,e8b6ae0a97de23db232d3c2731a642b0e2a238e13590636f803eafb1e23c36b8,evidence/final_snapshot/results/nonlinear_transfer_v1/object_2009/original_top2_cap3_cache/rep1/result.json,False
eff_nonlinear,2009,a17.efficiency.nonlinear_transfer.v1,9a1713dea1b91d0597b593fdfbbd91deab2313a891a195c4ee51e388d78b36ac,26,EXACT_GEOMETRY_BANK_HIT,OK,0.6529444999760017,"{""geometry_signature_hash"": 0.6514464000356384, ""identity_and_content_comparison"": 9.199953638017178e-06, ""bank_key_lookup"": 5.499983672052622e-06, ""hit_bank_and_metadata_copy"": 0.0013444999931380153}",0.00013890000991523266,430023168,0,2654208,e8b6ae0a97de23db232d3c2731a642b0e2a238e13590636f803eafb1e23c36b8,evidence/final_snapshot/results/nonlinear_transfer_v1/object_2009/original_top2_cap3_cache/rep1/result.json,False
eff_nonlinear,2009,a17.efficiency.nonlinear_transfer.v1,9a1713dea1b91d0597b593fdfbbd91deab2313a891a195c4ee51e388d78b36ac,27,EXACT_GEOMETRY_BANK_HIT,OK,0.6437800999847241,"{""geometry_signature_hash"": 0.6420027999556623, ""identity_and_content_comparison"": 8.000002708286047e-06, ""bank_key_lookup"": 4.8999791033566e-06, ""hit_bank_and_metadata_copy"": 0.0016191999893635511}",0.0001452000578865409,430023168,0,2654208,e8b6ae0a97de23db232d3c2731a642b0e2a238e13590636f803eafb1e23c36b8,evidence/final_snapshot/results/nonlinear_transfer_v1/object_2009/original_top2_cap3_cache/rep1/result.json,False
eff_nonlinear,2009,a17.efficiency.nonlinear_transfer.v1,9a1713dea1b91d0597b593fdfbbd91deab2313a891a195c4ee51e388d78b36ac,28,EXACT_GEOMETRY_BANK_HIT,OK,0.634401399991475,"{""geometry_signature_hash"": 0.6320284000248648, ""identity_and_content_comparison"": 0.00026219995925202966, ""bank_key_lookup"": 6.499991286545992e-06, ""hit_bank_and_metadata_copy"": 0.0019379999721422791}",0.00016630004392936826,430023168,0,2654208,e8b6ae0a97de23db232d3c2731a642b0e2a238e13590636f803eafb1e23c36b8,evidence/final_snapshot/results/nonlinear_transfer_v1/object_2009/original_top2_cap3_cache/rep1/result.json,False
eff_nonlinear,2009,a17.efficiency.nonlinear_transfer.v1,9a1713dea1b91d0597b593fdfbbd91deab2313a891a195c4ee51e388d78b36ac,29,EXACT_GEOMETRY_BANK_HIT,OK,0.6548840999603271,"{""geometry_signature_hash"": 0.6531370999873616, ""identity_and_content_comparison"": 4.200031980872154e-06, ""bank_key_lookup"": 5.099980626255274e-06, ""hit_bank_and_metadata_copy"": 0.0015858999686315656}",0.0001517999917268753,430023168,0,2654208,e8b6ae0a97de23db232d3c2731a642b0e2a238e13590636f803eafb1e23c36b8,evidence/final_snapshot/results/nonlinear_transfer_v1/object_2009/original_top2_cap3_cache/rep1/result.json,False
eff_nonlinear,2009,a17.efficiency.nonlinear_transfer.v1,9a1713dea1b91d0597b593fdfbbd91deab2313a891a195c4ee51e388d78b36ac,30,EXACT_GEOMETRY_BANK_HIT,OK,0.6521109999739565,"{""geometry_signature_hash"": 0.6505519999773242, ""identity_and_content_comparison"": 9.300012607127428e-06, ""bank_key_lookup"": 6.399990525096655e-06, ""hit_bank_and_metadata_copy"": 0.001395899977069348}",0.0001474000164307654,430023168,0,2654208,e8b6ae0a97de23db232d3c2731a642b0e2a238e13590636f803eafb1e23c36b8,evidence/final_snapshot/results/nonlinear_transfer_v1/object_2009/original_top2_cap3_cache/rep1/result.json,False
eff_nonlinear,2009,a17.efficiency.nonlinear_transfer.v1,9a1713dea1b91d0597b593fdfbbd91deab2313a891a195c4ee51e388d78b36ac,31,EXACT_GEOMETRY_BANK_HIT,OK,0.6444575000205077,"{""geometry_signature_hash"": 0.642897300014738, ""identity_and_content_comparison"": 9.100011084228754e-06, ""bank_key_lookup"": 6.89999433234334e-06, ""hit_bank_and_metadata_copy"": 0.0013080000062473118}",0.0002361999941058457,430023168,0,2654208,e8b6ae0a97de23db232d3c2731a642b0e2a238e13590636f803eafb1e23c36b8,evidence/final_snapshot/results/nonlinear_transfer_v1/object_2009/original_top2_cap3_cache/rep1/result.json,False
eff_nonlinear,2009,a17.efficiency.nonlinear_transfer.v1,9a1713dea1b91d0597b593fdfbbd91deab2313a891a195c4ee51e388d78b36ac,32,EXACT_GEOMETRY_BANK_HIT,OK,0.6533573000342585,"{""geometry_signature_hash"": 0.6518708000076003, ""identity_and_content_comparison"": 9.399955160915852e-06, ""bank_key_lookup"": 5.299982149153948e-06, ""hit_bank_and_metadata_copy"": 0.0013275000383146107}",0.00014430005103349686,430023168,0,2654208,e8b6ae0a97de23db232d3c2731a642b0e2a238e13590636f803eafb1e23c36b8,evidence/final_snapshot/results/nonlinear_transfer_v1/object_2009/original_top2_cap3_cache/rep1/result.json,False
eff_nonlinear,2009,a17.efficiency.nonlinear_transfer.v1,9a1713dea1b91d0597b593fdfbbd91deab2313a891a195c4ee51e388d78b36ac,33,EXACT_GEOMETRY_BANK_HIT,OK,0.6443946999497712,"{""geometry_signature_hash"": 0.6420171000063419, ""identity_and_content_comparison"": 8.90000956133008e-06, ""bank_key_lookup"": 4.999979864805937e-06, ""hit_bank_and_metadata_copy"": 0.0021977999713271856}",0.00016589998267591,430023168,0,2654208,e8b6ae0a97de23db232d3c2731a642b0e2a238e13590636f803eafb1e23c36b8,evidence/final_snapshot/results/nonlinear_transfer_v1/object_2009/original_top2_cap3_cache/rep1/result.json,False
eff_nonlinear,2009,a17.efficiency.nonlinear_transfer.v1,9a1713dea1b91d0597b593fdfbbd91deab2313a891a195c4ee51e388d78b36ac,34,EXACT_GEOMETRY_BANK_HIT,OK,0.6526137999608181,"{""geometry_signature_hash"": 0.650697500037495, ""identity_and_content_comparison"": 9.400013368576765e-06, ""bank_key_lookup"": 5.399982910603285e-06, ""hit_bank_and_metadata_copy"": 0.0017594000091776252}",0.00014209991786628962,430023168,0,2654208,e8b6ae0a97de23db232d3c2731a642b0e2a238e13590636f803eafb1e23c36b8,evidence/final_snapshot/results/nonlinear_transfer_v1/object_2009/original_top2_cap3_cache/rep1/result.json,False
eff_nonlinear,2009,a17.efficiency.nonlinear_transfer.v1,9a1713dea1b91d0597b593fdfbbd91deab2313a891a195c4ee51e388d78b36ac,35,EXACT_GEOMETRY_BANK_HIT,OK,0.6379422000027262,"{""geometry_signature_hash"": 0.6362344999797642, ""identity_and_content_comparison"": 7.800001185387373e-06, ""bank_key_lookup"": 5.00003807246685e-06, ""hit_bank_and_metadata_copy"": 0.0015555000281892717}",0.00013939995551481843,430023168,0,2654208,e8b6ae0a97de23db232d3c2731a642b0e2a238e13590636f803eafb1e23c36b8,evidence/final_snapshot/results/nonlinear_transfer_v1/object_2009/original_top2_cap3_cache/rep1/result.json,False
eff_nonlinear,2009,a17.efficiency.nonlinear_transfer.v1,fb6daffa2e519480cc81304f4874c1c652754149ebcfced4688ad59ffdba5878,0,MISS_ORIGINAL_ACQUISITION,OK,5.783012900035828,"{""geometry_signature_hash"": 1.2956694000167772, ""identity_and_content_comparison"": 7.099995855242014e-06, ""cache_invalidation"": 2.400000812485814e-05, ""bank_key_lookup"": 4.200031980872154e-06, ""original_provider_call"": 4.485738699964713, ""first_bank_storage_copy"": 0.0013118000351823866}",0.0002576999831944704,860046336,2654208,0,e8b6ae0a97de23db232d3c2731a642b0e2a238e13590636f803eafb1e23c36b8,evidence/final_snapshot/results/nonlinear_transfer_v1/object_2009/original_top2_cap3_cache/rep2/result.json,False
eff_nonlinear,2009,a17.efficiency.nonlinear_transfer.v1,fb6daffa2e519480cc81304f4874c1c652754149ebcfced4688ad59ffdba5878,1,EXACT_GEOMETRY_BANK_HIT,OK,0.6533158000092953,"{""geometry_signature_hash"": 0.6517744000302628, ""identity_and_content_comparison"": 8.000002708286047e-06, ""bank_key_lookup"": 2.4999608285725117e-06, ""hit_bank_and_metadata_copy"": 0.0012475999537855387}",0.00028330006171017885,430023168,0,2654208,e8b6ae0a97de23db232d3c2731a642b0e2a238e13590636f803eafb1e23c36b8,evidence/final_snapshot/results/nonlinear_transfer_v1/object_2009/original_top2_cap3_cache/rep2/result.json,False
eff_nonlinear,2009,a17.efficiency.nonlinear_transfer.v1,fb6daffa2e519480cc81304f4874c1c652754149ebcfced4688ad59ffdba5878,2,EXACT_GEOMETRY_BANK_HIT,OK,0.6422602000529878,"{""geometry_signature_hash"": 0.6404270000057295, ""identity_and_content_comparison"": 9.300012607127428e-06, ""bank_key_lookup"": 5.200039595365524e-06, ""hit_bank_and_metadata_copy"": 0.0016701000276952982}",0.00014859996736049652,430023168,0,2654208,e8b6ae0a97de23db232d3c2731a642b0e2a238e13590636f803eafb1e23c36b8,evidence/final_snapshot/results/nonlinear_transfer_v1/object_2009/original_top2_cap3_cache/rep2/result.json,False
eff_nonlinear,2009,a17.efficiency.nonlinear_transfer.v1,fb6daffa2e519480cc81304f4874c1c652754149ebcfced4688ad59ffdba5878,3,EXACT_GEOMETRY_BANK_HIT,OK,0.6481752999825403,"{""geometry_signature_hash"": 0.6465097999898717, ""identity_and_content_comparison"": 8.79995059221983e-06, ""bank_key_lookup"": 4.799978341907263e-06, ""hit_bank_and_metadata_copy"": 0.0015021000290289521}",0.00014980003470554948,430023168,0,2654208,e8b6ae0a97de23db232d3c2731a642b0e2a238e13590636f803eafb1e23c36b8,evidence/final_snapshot/results/nonlinear_transfer_v1/object_2009/original_top2_cap3_cache/rep2/result.json,False
eff_nonlinear,2009,a17.efficiency.nonlinear_transfer.v1,fb6daffa2e519480cc81304f4874c1c652754149ebcfced4688ad59ffdba5878,4,EXACT_GEOMETRY_BANK_HIT,OK,0.6386633000220172,"{""geometry_signature_hash"": 0.6368305999785662, ""identity_and_content_comparison"": 1.179997343569994e-05, ""bank_key_lookup"": 6.099988240748644e-06, ""hit_bank_and_metadata_copy"": 0.0013450999977067113}",0.0004697000840678811,430023168,0,2654208,e8b6ae0a97de23db232d3c2731a642b0e2a238e13590636f803eafb1e23c36b8,evidence/final_snapshot/results/nonlinear_transfer_v1/object_2009/original_top2_cap3_cache/rep2/result.json,False
eff_nonlinear,2009,a17.efficiency.nonlinear_transfer.v1,fb6daffa2e519480cc81304f4874c1c652754149ebcfced4688ad59ffdba5878,5,EXACT_GEOMETRY_BANK_HIT,OK,0.6547190999845043,"{""geometry_signature_hash"": 0.6532278999802656, ""identity_and_content_comparison"": 9.100011084228754e-06, ""bank_key_lookup"": 5.499983672052622e-06, ""hit_bank_and_metadata_copy"": 0.0013346999767236412}",0.00014190003275871277,430023168,0,2654208,e8b6ae0a97de23db232d3c2731a642b0e2a238e13590636f803eafb1e23c36b8,evidence/final_snapshot/results/nonlinear_transfer_v1/object_2009/original_top2_cap3_cache/rep2/result.json,False
eff_nonlinear,2009,a17.efficiency.nonlinear_transfer.v1,fb6daffa2e519480cc81304f4874c1c652754149ebcfced4688ad59ffdba5878,6,EXACT_GEOMETRY_BANK_HIT,OK,0.6609093999722973,"{""geometry_signature_hash"": 0.6593458999996074, ""identity_and_content_comparison"": 9.899958968162537e-06, ""bank_key_lookup"": 5.89998671784997e-06, ""hit_bank_and_metadata_copy"": 0.001400300010573119}",0.0001474000164307654,430023168,0,2654208,e8b6ae0a97de23db232d3c2731a642b0e2a238e13590636f803eafb1e23c36b8,evidence/final_snapshot/results/nonlinear_transfer_v1/object_2009/original_top2_cap3_cache/rep2/result.json,False
eff_nonlinear,2009,a17.efficiency.nonlinear_transfer.v1,fb6daffa2e519480cc81304f4874c1c652754149ebcfced4688ad59ffdba5878,7,EXACT_GEOMETRY_BANK_HIT,OK,0.6325088000157848,"{""geometry_signature_hash"": 0.6306446999660693, ""identity_and_content_comparison"": 7.90000194683671e-06, ""bank_key_lookup"": 4.8999791033566e-06, ""hit_bank_and_metadata_copy"": 0.0017065000138245523}",0.00014480005484074354,430023168,0,2654208,e8b6ae0a97de23db232d3c2731a642b0e2a238e13590636f803eafb1e23c36b8,evidence/final_snapshot/results/nonlinear_transfer_v1/object_2009/original_top2_cap3_cache/rep2/result.json,False
eff_nonlinear,2009,a17.efficiency.nonlinear_transfer.v1,fb6daffa2e519480cc81304f4874c1c652754149ebcfced4688ad59ffdba5878,8,EXACT_GEOMETRY_BANK_HIT,OK,0.6570309999515302,"{""geometry_signature_hash"": 0.6552160000428557, ""identity_and_content_comparison"": 9.700015652924776e-06, ""bank_key_lookup"": 5.499983672052622e-06, ""hit_bank_and_metadata_copy"": 0.0016432999982498586}",0.00015649991109967232,430023168,0,2654208,e8b6ae0a97de23db232d3c2731a642b0e2a238e13590636f803eafb1e23c36b8,evidence/final_snapshot/results/nonlinear_transfer_v1/object_2009/original_top2_cap3_cache/rep2/result.json,False
eff_nonlinear,2009,a17.efficiency.nonlinear_transfer.v1,fb6daffa2e519480cc81304f4874c1c652754149ebcfced4688ad59ffdba5878,9,EXACT_GEOMETRY_BANK_HIT,OK,0.647832999995444,"{""geometry_signature_hash"": 0.6463349999976344, ""identity_and_content_comparison"": 8.000002708286047e-06, ""bank_key_lookup"": 5.100038833916187e-06, ""hit_bank_and_metadata_copy"": 0.0013406999642029405}",0.0001441999920643866,430023168,0,2654208,e8b6ae0a97de23db232d3c2731a642b0e2a238e13590636f803eafb1e23c36b8,evidence/final_snapshot/results/nonlinear_transfer_v1/object_2009/original_top2_cap3_cache/rep2/result.json,False
eff_nonlinear,2009,a17.efficiency.nonlinear_transfer.v1,fb6daffa2e519480cc81304f4874c1c652754149ebcfced4688ad59ffdba5878,10,EXACT_GEOMETRY_BANK_HIT,OK,0.653034100017976,"{""geometry_signature_hash"": 0.6516396999941207, ""identity_and_content_comparison"": 9.90001717582345e-06, ""bank_key_lookup"": 5.599984433501959e-06, ""hit_bank_and_metadata_copy"": 0.0012338999658823013}",0.00014500005636364222,430023168,0,2654208,e8b6ae0a97de23db232d3c2731a642b0e2a238e13590636f803eafb1e23c36b8,evidence/final_snapshot/results/nonlinear_transfer_v1/object_2009/original_top2_cap3_cache/rep2/result.json,False
eff_nonlinear,2009,a17.efficiency.nonlinear_transfer.v1,fb6daffa2e519480cc81304f4874c1c652754149ebcfced4688ad59ffdba5878,11,EXACT_GEOMETRY_BANK_HIT,OK,0.6325955000356771,"{""geometry_signature_hash"": 0.6311217000475153, ""identity_and_content_comparison"": 9.000010322779417e-06, ""bank_key_lookup"": 4.999979864805937e-06, ""hit_bank_and_metadata_copy"": 0.0013205999857746065}",0.00013920001219958067,430023168,0,2654208,e8b6ae0a97de23db232d3c2731a642b0e2a238e13590636f803eafb1e23c36b8,evidence/final_snapshot/results/nonlinear_transfer_v1/object_2009/original_top2_cap3_cache/rep2/result.json,False
eff_nonlinear,2009,a17.efficiency.nonlinear_transfer.v1,fb6daffa2e519480cc81304f4874c1c652754149ebcfced4688ad59ffdba5878,12,EXACT_GEOMETRY_BANK_HIT,OK,0.6441797000006773,"{""geometry_signature_hash"": 0.6424314000178128, ""identity_and_content_comparison"": 6.999995093792677e-06, ""bank_key_lookup"": 3.600027412176132e-06, ""hit_bank_and_metadata_copy"": 0.0016190999886021018}",0.00011859997175633907,430023168,0,2654208,e8b6ae0a97de23db232d3c2731a642b0e2a238e13590636f803eafb1e23c36b8,evidence/final_snapshot/results/nonlinear_transfer_v1/object_2009/original_top2_cap3_cache/rep2/result.json,False
eff_nonlinear,2009,a17.efficiency.nonlinear_transfer.v1,fb6daffa2e519480cc81304f4874c1c652754149ebcfced4688ad59ffdba5878,13,EXACT_GEOMETRY_BANK_HIT,OK,0.6341915000230074,"{""geometry_signature_hash"": 0.6327422999893315, ""identity_and_content_comparison"": 9.000010322779417e-06, ""bank_key_lookup"": 5.299982149153948e-06, ""hit_bank_and_metadata_copy"": 0.0012997000012546778}",0.0001352000399492681,430023168,0,2654208,e8b6ae0a97de23db232d3c2731a642b0e2a238e13590636f803eafb1e23c36b8,evidence/final_snapshot/results/nonlinear_transfer_v1/object_2009/original_top2_cap3_cache/rep2/result.json,False
eff_nonlinear,2009,a17.efficiency.nonlinear_transfer.v1,fb6daffa2e519480cc81304f4874c1c652754149ebcfced4688ad59ffdba5878,14,EXACT_GEOMETRY_BANK_HIT,OK,0.6522418000386097,"{""geometry_signature_hash"": 0.650645199988503, ""identity_and_content_comparison"": 1.0300020221620798e-05, ""bank_key_lookup"": 5.700043402612209e-06, ""hit_bank_and_metadata_copy"": 0.0014411000302061439}",0.00013949995627626777,430023168,0,2654208,e8b6ae0a97de23db232d3c2731a642b0e2a238e13590636f803eafb1e23c36b8,evidence/final_snapshot/results/nonlinear_transfer_v1/object_2009/original_top2_cap3_cache/rep2/result.json,False
eff_nonlinear,2009,a17.efficiency.nonlinear_transfer.v1,fb6daffa2e519480cc81304f4874c1c652754149ebcfced4688ad59ffdba5878,15,EXACT_GEOMETRY_BANK_HIT,OK,0.6498127999948338,"{""geometry_signature_hash"": 0.6485152000095695, ""identity_and_content_comparison"": 5.999987479299307e-06, ""bank_key_lookup"": 3.500026650726795e-06, ""hit_bank_and_metadata_copy"": 0.0011735999723896384}",0.00011449999874457717,430023168,0,2654208,e8b6ae0a97de23db232d3c2731a642b0e2a238e13590636f803eafb1e23c36b8,evidence/final_snapshot/results/nonlinear_transfer_v1/object_2009/original_top2_cap3_cache/rep2/result.json,False
eff_nonlinear,2009,a17.efficiency.nonlinear_transfer.v1,fb6daffa2e519480cc81304f4874c1c652754149ebcfced4688ad59ffdba5878,16,EXACT_GEOMETRY_BANK_HIT,OK,0.6465468999813311,"{""geometry_signature_hash"": 0.644997900002636, ""identity_and_content_comparison"": 3.360002301633358e-05, ""bank_key_lookup"": 4.499976057559252e-06, ""hit_bank_and_metadata_copy"": 0.0013785000192001462}",0.00013239996042102575,430023168,0,2654208,e8b6ae0a97de23db232d3c2731a642b0e2a238e13590636f803eafb1e23c36b8,evidence/final_snapshot/results/nonlinear_transfer_v1/object_2009/original_top2_cap3_cache/rep2/result.json,False
eff_nonlinear,2009,a17.efficiency.nonlinear_transfer.v1,fb6daffa2e519480cc81304f4874c1c652754149ebcfced4688ad59ffdba5878,17,EXACT_GEOMETRY_BANK_HIT,OK,0.6446476000128314,"{""geometry_signature_hash"": 0.6430047999601811, ""identity_and_content_comparison"": 8.700008038431406e-06, ""bank_key_lookup"": 4.900037311017513e-06, ""hit_bank_and_metadata_copy"": 0.0013985999976284802}",0.00023060000967234373,430023168,0,2654208,e8b6ae0a97de23db232d3c2731a642b0e2a238e13590636f803eafb1e23c36b8,evidence/final_snapshot/results/nonlinear_transfer_v1/object_2009/original_top2_cap3_cache/rep2/result.json,False
eff_nonlinear,2009,a17.efficiency.nonlinear_transfer.v1,fb6daffa2e519480cc81304f4874c1c652754149ebcfced4688ad59ffdba5878,18,EXACT_GEOMETRY_BANK_HIT,OK,0.64617870002985,"{""geometry_signature_hash"": 0.6447195999789983, ""identity_and_content_comparison"": 9.90001717582345e-06, ""bank_key_lookup"": 5.600042641162872e-06, ""hit_bank_and_metadata_copy"": 0.001304800040088594}",0.0001387999509461224,430023168,0,2654208,e8b6ae0a97de23db232d3c2731a642b0e2a238e13590636f803eafb1e23c36b8,evidence/final_snapshot/results/nonlinear_transfer_v1/object_2009/original_top2_cap3_cache/rep2/result.json,False
eff_nonlinear,2009,a17.efficiency.nonlinear_transfer.v1,fb6daffa2e519480cc81304f4874c1c652754149ebcfced4688ad59ffdba5878,19,EXACT_GEOMETRY_BANK_HIT,OK,0.6374189999769442,"{""geometry_signature_hash"": 0.6355812999536283, ""identity_and_content_comparison"": 8.90000956133008e-06, ""bank_key_lookup"": 4.699977580457926e-06, ""hit_bank_and_metadata_copy"": 0.0016860999749042094}",0.00013800006126984954,430023168,0,2654208,e8b6ae0a97de23db232d3c2731a642b0e2a238e13590636f803eafb1e23c36b8,evidence/final_snapshot/results/nonlinear_transfer_v1/object_2009/original_top2_cap3_cache/rep2/result.json,False
eff_nonlinear,2009,a17.efficiency.nonlinear_transfer.v1,fb6daffa2e519480cc81304f4874c1c652754149ebcfced4688ad59ffdba5878,20,EXACT_GEOMETRY_BANK_HIT,OK,0.6421874999650754,"{""geometry_signature_hash"": 0.6406244999961928, ""identity_and_content_comparison"": 1.1200027074664831e-05, ""bank_key_lookup"": 6.199989002197981e-06, ""hit_bank_and_metadata_copy"": 0.0013938999618403614}",0.00015169999096542597,430023168,0,2654208,e8b6ae0a97de23db232d3c2731a642b0e2a238e13590636f803eafb1e23c36b8,evidence/final_snapshot/results/nonlinear_transfer_v1/object_2009/original_top2_cap3_cache/rep2/result.json,False
eff_nonlinear,2009,a17.efficiency.nonlinear_transfer.v1,fb6daffa2e519480cc81304f4874c1c652754149ebcfced4688ad59ffdba5878,21,EXACT_GEOMETRY_BANK_HIT,OK,0.6445850000018254,"{""geometry_signature_hash"": 0.6427184999920428, ""identity_and_content_comparison"": 8.300004992634058e-06, ""bank_key_lookup"": 5.100038833916187e-06, ""hit_bank_and_metadata_copy"": 0.0017053000046871603}",0.00014779996126890182,430023168,0,2654208,e8b6ae0a97de23db232d3c2731a642b0e2a238e13590636f803eafb1e23c36b8,evidence/final_snapshot/results/nonlinear_transfer_v1/object_2009/original_top2_cap3_cache/rep2/result.json,False
eff_nonlinear,2009,a17.efficiency.nonlinear_transfer.v1,fb6daffa2e519480cc81304f4874c1c652754149ebcfced4688ad59ffdba5878,22,EXACT_GEOMETRY_BANK_HIT,OK,0.6437487999792211,"{""geometry_signature_hash"": 0.6421859000110999, ""identity_and_content_comparison"": 1.0200019460171461e-05, ""bank_key_lookup"": 5.700043402612209e-06, ""hit_bank_and_metadata_copy"": 0.0013993000029586256}",0.00014769990229979157,430023168,0,2654208,e8b6ae0a97de23db232d3c2731a642b0e2a238e13590636f803eafb1e23c36b8,evidence/final_snapshot/results/nonlinear_transfer_v1/object_2009/original_top2_cap3_cache/rep2/result.json,False
eff_nonlinear,2009,a17.efficiency.nonlinear_transfer.v1,fb6daffa2e519480cc81304f4874c1c652754149ebcfced4688ad59ffdba5878,23,EXACT_GEOMETRY_BANK_HIT,OK,0.6455831999774091,"{""geometry_signature_hash"": 0.6440117000020109, ""identity_and_content_comparison"": 8.100003469735384e-06, ""bank_key_lookup"": 5.100038833916187e-06, ""hit_bank_and_metadata_copy"": 0.0014120000414550304}",0.00014629989163950086,430023168,0,2654208,e8b6ae0a97de23db232d3c2731a642b0e2a238e13590636f803eafb1e23c36b8,evidence/final_snapshot/results/nonlinear_transfer_v1/object_2009/original_top2_cap3_cache/rep2/result.json,False
eff_nonlinear,2009,a17.efficiency.nonlinear_transfer.v1,fb6daffa2e519480cc81304f4874c1c652754149ebcfced4688ad59ffdba5878,24,EXACT_GEOMETRY_BANK_HIT,OK,0.6580974999815226,"{""geometry_signature_hash"": 0.6566369000356644, ""identity_and_content_comparison"": 9.500014130026102e-06, ""bank_key_lookup"": 5.399982910603285e-06, ""hit_bank_and_metadata_copy"": 0.001316600013524294}",0.00012909993529319763,430023168,0,2654208,e8b6ae0a97de23db232d3c2731a642b0e2a238e13590636f803eafb1e23c36b8,evidence/final_snapshot/results/nonlinear_transfer_v1/object_2009/original_top2_cap3_cache/rep2/result.json,False
eff_nonlinear,2009,a17.efficiency.nonlinear_transfer.v1,fb6daffa2e519480cc81304f4874c1c652754149ebcfced4688ad59ffdba5878,25,EXACT_GEOMETRY_BANK_HIT,OK,0.6388066000072286,"{""geometry_signature_hash"": 0.6369669000268914, ""identity_and_content_comparison"": 8.999952115118504e-06, ""bank_key_lookup"": 4.800036549568176e-06, ""hit_bank_and_metadata_copy"": 0.0016858999733813107}",0.00014000001829117537,430023168,0,2654208,e8b6ae0a97de23db232d3c2731a642b0e2a238e13590636f803eafb1e23c36b8,evidence/final_snapshot/results/nonlinear_transfer_v1/object_2009/original_top2_cap3_cache/rep2/result.json,False
eff_nonlinear,2009,a17.efficiency.nonlinear_transfer.v1,fb6daffa2e519480cc81304f4874c1c652754149ebcfced4688ad59ffdba5878,26,EXACT_GEOMETRY_BANK_HIT,OK,0.654595399973914,"{""geometry_signature_hash"": 0.6531358999782242, ""identity_and_content_comparison"": 9.899958968162537e-06, ""bank_key_lookup"": 5.399982910603285e-06, ""hit_bank_and_metadata_copy"": 0.0013068999978713691}",0.00013730005593970418,430023168,0,2654208,e8b6ae0a97de23db232d3c2731a642b0e2a238e13590636f803eafb1e23c36b8,evidence/final_snapshot/results/nonlinear_transfer_v1/object_2009/original_top2_cap3_cache/rep2/result.json,False
eff_nonlinear,2009,a17.efficiency.nonlinear_transfer.v1,fb6daffa2e519480cc81304f4874c1c652754149ebcfced4688ad59ffdba5878,27,EXACT_GEOMETRY_BANK_HIT,OK,0.6453205000143498,"{""geometry_signature_hash"": 0.643821699952241, ""identity_and_content_comparison"": 8.600007276982069e-06, ""bank_key_lookup"": 4.8999791033566e-06, ""hit_bank_and_metadata_copy"": 0.00133790000109002}",0.0001474000746384263,430023168,0,2654208,e8b6ae0a97de23db232d3c2731a642b0e2a238e13590636f803eafb1e23c36b8,evidence/final_snapshot/results/nonlinear_transfer_v1/object_2009/original_top2_cap3_cache/rep2/result.json,False
eff_nonlinear,2009,a17.efficiency.nonlinear_transfer.v1,fb6daffa2e519480cc81304f4874c1c652754149ebcfced4688ad59ffdba5878,28,EXACT_GEOMETRY_BANK_HIT,OK,0.6350520999985747,"{""geometry_signature_hash"": 0.6333126000245102, ""identity_and_content_comparison"": 9.200011845678091e-06, ""bank_key_lookup"": 5.600042641162872e-06, ""hit_bank_and_metadata_copy"": 0.0016063000075519085}",0.00011839991202577949,430023168,0,2654208,e8b6ae0a97de23db232d3c2731a642b0e2a238e13590636f803eafb1e23c36b8,evidence/final_snapshot/results/nonlinear_transfer_v1/object_2009/original_top2_cap3_cache/rep2/result.json,False
eff_nonlinear,2009,a17.efficiency.nonlinear_transfer.v1,fb6daffa2e519480cc81304f4874c1c652754149ebcfced4688ad59ffdba5878,29,EXACT_GEOMETRY_BANK_HIT,OK,0.6478417000034824,"{""geometry_signature_hash"": 0.6463755999575369, ""identity_and_content_comparison"": 8.200004231184721e-06, ""bank_key_lookup"": 4.999979864805937e-06, ""hit_bank_and_metadata_copy"": 0.001310099964030087}",0.00014280009781941772,430023168,0,2654208,e8b6ae0a97de23db232d3c2731a642b0e2a238e13590636f803eafb1e23c36b8,evidence/final_snapshot/results/nonlinear_transfer_v1/object_2009/original_top2_cap3_cache/rep2/result.json,False
eff_nonlinear,2009,a17.efficiency.nonlinear_transfer.v1,fb6daffa2e519480cc81304f4874c1c652754149ebcfced4688ad59ffdba5878,30,EXACT_GEOMETRY_BANK_HIT,OK,0.6454215000267141,"{""geometry_signature_hash"": 0.6436708999681287, ""identity_and_content_comparison"": 9.800016414374113e-06, ""bank_key_lookup"": 6.00004568696022e-06, ""hit_bank_and_metadata_copy"": 0.0015995000139810145}",0.00013529998250305653,430023168,0,2654208,e8b6ae0a97de23db232d3c2731a642b0e2a238e13590636f803eafb1e23c36b8,evidence/final_snapshot/results/nonlinear_transfer_v1/object_2009/original_top2_cap3_cache/rep2/result.json,False
eff_nonlinear,2009,a17.efficiency.nonlinear_transfer.v1,fb6daffa2e519480cc81304f4874c1c652754149ebcfced4688ad59ffdba5878,31,EXACT_GEOMETRY_BANK_HIT,OK,0.6404772999812849,"{""geometry_signature_hash"": 0.6389414999866858, ""identity_and_content_comparison"": 8.600007276982069e-06, ""bank_key_lookup"": 5.499983672052622e-06, ""hit_bank_and_metadata_copy"": 0.0013430999824777246}",0.00017860002117231488,430023168,0,2654208,e8b6ae0a97de23db232d3c2731a642b0e2a238e13590636f803eafb1e23c36b8,evidence/final_snapshot/results/nonlinear_transfer_v1/object_2009/original_top2_cap3_cache/rep2/result.json,False
eff_nonlinear,2009,a17.efficiency.nonlinear_transfer.v1,fb6daffa2e519480cc81304f4874c1c652754149ebcfced4688ad59ffdba5878,32,EXACT_GEOMETRY_BANK_HIT,OK,0.6488749000127427,"{""geometry_signature_hash"": 0.6474408999783918, ""identity_and_content_comparison"": 1.0000017937272787e-05, ""bank_key_lookup"": 5.200039595365524e-06, ""hit_bank_and_metadata_copy"": 0.0012881000293418765}",0.00013069994747638702,430023168,0,2654208,e8b6ae0a97de23db232d3c2731a642b0e2a238e13590636f803eafb1e23c36b8,evidence/final_snapshot/results/nonlinear_transfer_v1/object_2009/original_top2_cap3_cache/rep2/result.json,False
eff_nonlinear,2009,a17.efficiency.nonlinear_transfer.v1,fb6daffa2e519480cc81304f4874c1c652754149ebcfced4688ad59ffdba5878,33,EXACT_GEOMETRY_BANK_HIT,OK,0.648760600015521,"{""geometry_signature_hash"": 0.6472130999900401, ""identity_and_content_comparison"": 8.299946784973145e-06, ""bank_key_lookup"": 5.100038833916187e-06, ""hit_bank_and_metadata_copy"": 0.001396199979353696}",0.0001379000605084002,430023168,0,2654208,e8b6ae0a97de23db232d3c2731a642b0e2a238e13590636f803eafb1e23c36b8,evidence/final_snapshot/results/nonlinear_transfer_v1/object_2009/original_top2_cap3_cache/rep2/result.json,False
eff_nonlinear,2009,a17.efficiency.nonlinear_transfer.v1,fb6daffa2e519480cc81304f4874c1c652754149ebcfced4688ad59ffdba5878,34,EXACT_GEOMETRY_BANK_HIT,OK,0.6475715000415221,"{""geometry_signature_hash"": 0.6460813999874517, ""identity_and_content_comparison"": 1.0300020221620798e-05, ""bank_key_lookup"": 5.499983672052622e-06, ""hit_bank_and_metadata_copy"": 0.001331699953880161}",0.00014260009629651904,430023168,0,2654208,e8b6ae0a97de23db232d3c2731a642b0e2a238e13590636f803eafb1e23c36b8,evidence/final_snapshot/results/nonlinear_transfer_v1/object_2009/original_top2_cap3_cache/rep2/result.json,False
eff_nonlinear,2009,a17.efficiency.nonlinear_transfer.v1,fb6daffa2e519480cc81304f4874c1c652754149ebcfced4688ad59ffdba5878,35,EXACT_GEOMETRY_BANK_HIT,OK,0.6533322000177577,"{""geometry_signature_hash"": 0.6518970000324771, ""identity_and_content_comparison"": 8.500006515532732e-06, ""bank_key_lookup"": 4.799978341907263e-06, ""hit_bank_and_metadata_copy"": 0.0012758999946527183}",0.00014600000577047467,430023168,0,2654208,e8b6ae0a97de23db232d3c2731a642b0e2a238e13590636f803eafb1e23c36b8,evidence/final_snapshot/results/nonlinear_transfer_v1/object_2009/original_top2_cap3_cache/rep2/result.json,False
eff_nonlinear,2009,a17.efficiency.nonlinear_reuse_transfer.v1,ebeb22796dd2a6823374c66610f8fc6208e9f250b89d4133d5d025d5666bb625,0,MISS_ORIGINAL_ACQUISITION,OK,5.744754399987869,"{""geometry_signature_hash"": 1.2790461999829859, ""identity_and_content_comparison"": 7.200054824352264e-06, ""cache_invalidation"": 2.0299979951232672e-05, ""bank_key_lookup"": 3.6999699659645557e-06, ""original_provider_call"": 4.463940699992236, ""first_bank_storage_copy"": 0.0014759000041522086}",0.0002604000037536025,860046336,2654208,0,e8b6ae0a97de23db232d3c2731a642b0e2a238e13590636f803eafb1e23c36b8,evidence/final_snapshot/results/nonlinear_transfer_v1/object_2009/reuse_previous_cache/rep0/result.json,False
eff_nonlinear,2009,a17.efficiency.nonlinear_reuse_transfer.v1,ebeb22796dd2a6823374c66610f8fc6208e9f250b89d4133d5d025d5666bb625,1,EXACT_GEOMETRY_BANK_HIT,OK,0.6453606000286527,"{""geometry_signature_hash"": 0.6438712999806739, ""identity_and_content_comparison"": 8.100003469735384e-06, ""bank_key_lookup"": 4.299974534660578e-06, ""hit_bank_and_metadata_copy"": 0.0013351999805308878}",0.000141700089443475,430023168,0,2654208,e8b6ae0a97de23db232d3c2731a642b0e2a238e13590636f803eafb1e23c36b8,evidence/final_snapshot/results/nonlinear_transfer_v1/object_2009/reuse_previous_cache/rep0/result.json,False
eff_nonlinear,2009,a17.efficiency.nonlinear_reuse_transfer.v1,ebeb22796dd2a6823374c66610f8fc6208e9f250b89d4133d5d025d5666bb625,2,EXACT_GEOMETRY_BANK_HIT,OK,0.6547998000169173,"{""geometry_signature_hash"": 0.6531479000113904, ""identity_and_content_comparison"": 9.199953638017178e-06, ""bank_key_lookup"": 9.600014891475439e-06, ""hit_bank_and_metadata_copy"": 0.0015047000488266349}",0.00012839998817071319,430023168,0,2654208,e8b6ae0a97de23db232d3c2731a642b0e2a238e13590636f803eafb1e23c36b8,evidence/final_snapshot/results/nonlinear_transfer_v1/object_2009/reuse_previous_cache/rep0/result.json,False
eff_nonlinear,2009,a17.efficiency.nonlinear_reuse_transfer.v1,ebeb22796dd2a6823374c66610f8fc6208e9f250b89d4133d5d025d5666bb625,3,EXACT_GEOMETRY_BANK_HIT,OK,0.6441377999726683,"{""geometry_signature_hash"": 0.6425035000429489, ""identity_and_content_comparison"": 8.300004992634058e-06, ""bank_key_lookup"": 5.500041879713535e-06, ""hit_bank_and_metadata_copy"": 0.0014696000143885612}",0.00015089986845850945,430023168,0,2654208,e8b6ae0a97de23db232d3c2731a642b0e2a238e13590636f803eafb1e23c36b8,evidence/final_snapshot/results/nonlinear_transfer_v1/object_2009/reuse_previous_cache/rep0/result.json,False
eff_nonlinear,2009,a17.efficiency.nonlinear_reuse_transfer.v1,ebeb22796dd2a6823374c66610f8fc6208e9f250b89d4133d5d025d5666bb625,4,EXACT_GEOMETRY_BANK_HIT,OK,0.6460877999779768,"{""geometry_signature_hash"": 0.6449762000120245, ""identity_and_content_comparison"": 8.000002708286047e-06, ""bank_key_lookup"": 5.800044164061546e-06, ""hit_bank_and_metadata_copy"": 0.0009780999971553683}",0.00011969992192462087,430023168,0,2654208,e8b6ae0a97de23db232d3c2731a642b0e2a238e13590636f803eafb1e23c36b8,evidence/final_snapshot/results/nonlinear_transfer_v1/object_2009/reuse_previous_cache/rep0/result.json,False
eff_nonlinear,2009,a17.efficiency.nonlinear_reuse_transfer.v1,ebeb22796dd2a6823374c66610f8fc6208e9f250b89d4133d5d025d5666bb625,5,EXACT_GEOMETRY_BANK_HIT,OK,0.6443672999739647,"{""geometry_signature_hash"": 0.6428082999773324, ""identity_and_content_comparison"": 9.300012607127428e-06, ""bank_key_lookup"": 6.199989002197981e-06, ""hit_bank_and_metadata_copy"": 0.0013992000021971762}",0.00014429999282583594,430023168,0,2654208,e8b6ae0a97de23db232d3c2731a642b0e2a238e13590636f803eafb1e23c36b8,evidence/final_snapshot/results/nonlinear_transfer_v1/object_2009/reuse_previous_cache/rep0/result.json,False
eff_nonlinear,2009,a17.efficiency.nonlinear_reuse_transfer.v1,ebeb22796dd2a6823374c66610f8fc6208e9f250b89d4133d5d025d5666bb625,6,EXACT_GEOMETRY_BANK_HIT,OK,0.6497963999863714,"{""geometry_signature_hash"": 0.6483599999919534, ""identity_and_content_comparison"": 9.200011845678091e-06, ""bank_key_lookup"": 6.499991286545992e-06, ""hit_bank_and_metadata_copy"": 0.0012792000197805464}",0.0001414999715052545,430023168,0,2654208,e8b6ae0a97de23db232d3c2731a642b0e2a238e13590636f803eafb1e23c36b8,evidence/final_snapshot/results/nonlinear_transfer_v1/object_2009/reuse_previous_cache/rep0/result.json,False
eff_nonlinear,2009,a17.efficiency.nonlinear_reuse_transfer.v1,ebeb22796dd2a6823374c66610f8fc6208e9f250b89d4133d5d025d5666bb625,7,EXACT_GEOMETRY_BANK_HIT,OK,0.639762700011488,"{""geometry_signature_hash"": 0.6379215000197291, ""identity_and_content_comparison"": 8.700008038431406e-06, ""bank_key_lookup"": 5.400041118264198e-06, ""hit_bank_and_metadata_copy"": 0.0016714000375941396}",0.00015569990500807762,430023168,0,2654208,e8b6ae0a97de23db232d3c2731a642b0e2a238e13590636f803eafb1e23c36b8,evidence/final_snapshot/results/nonlinear_transfer_v1/object_2009/reuse_previous_cache/rep0/result.json,False
eff_nonlinear,2009,a17.efficiency.nonlinear_reuse_transfer.v1,ebeb22796dd2a6823374c66610f8fc6208e9f250b89d4133d5d025d5666bb625,8,EXACT_GEOMETRY_BANK_HIT,OK,0.6461256999755278,"{""geometry_signature_hash"": 0.6444135999772698, ""identity_and_content_comparison"": 9.400013368576765e-06, ""bank_key_lookup"": 6.699992809444666e-06, ""hit_bank_and_metadata_copy"": 0.0015478000277653337}",0.00014819996431469917,430023168,0,2654208,e8b6ae0a97de23db232d3c2731a642b0e2a238e13590636f803eafb1e23c36b8,evidence/final_snapshot/results/nonlinear_transfer_v1/object_2009/reuse_previous_cache/rep0/result.json,False
eff_nonlinear,2009,a17.efficiency.nonlinear_reuse_transfer.v1,ebeb22796dd2a6823374c66610f8fc6208e9f250b89d4133d5d025d5666bb625,9,EXACT_GEOMETRY_BANK_HIT,OK,0.6391102999914438,"{""geometry_signature_hash"": 0.6376077000168152, ""identity_and_content_comparison"": 8.800008799880743e-06, ""bank_key_lookup"": 5.699985194951296e-06, ""hit_bank_and_metadata_copy"": 0.0013447999954223633}",0.00014329998521134257,430023168,0,2654208,e8b6ae0a97de23db232d3c2731a642b0e2a238e13590636f803eafb1e23c36b8,evidence/final_snapshot/results/nonlinear_transfer_v1/object_2009/reuse_previous_cache/rep0/result.json,False
eff_nonlinear,2009,a17.efficiency.nonlinear_reuse_transfer.v1,ebeb22796dd2a6823374c66610f8fc6208e9f250b89d4133d5d025d5666bb625,10,EXACT_GEOMETRY_BANK_HIT,OK,0.6507176000159234,"{""geometry_signature_hash"": 0.6492709000012837, ""identity_and_content_comparison"": 8.800008799880743e-06, ""bank_key_lookup"": 6.299989763647318e-06, ""hit_bank_and_metadata_copy"": 0.0012956999707967043}",0.00013590004527941346,430023168,0,2654208,e8b6ae0a97de23db232d3c2731a642b0e2a238e13590636f803eafb1e23c36b8,evidence/final_snapshot/results/nonlinear_transfer_v1/object_2009/reuse_previous_cache/rep0/result.json,False
eff_nonlinear,2009,a17.efficiency.nonlinear_reuse_transfer.v1,ebeb22796dd2a6823374c66610f8fc6208e9f250b89d4133d5d025d5666bb625,11,EXACT_GEOMETRY_BANK_HIT,OK,0.646085700020194,"{""geometry_signature_hash"": 0.6444389999960549, ""identity_and_content_comparison"": 9.100011084228754e-06, ""bank_key_lookup"": 5.300040356814861e-06, ""hit_bank_and_metadata_copy"": 0.0014508000458590686}",0.00018149992683902383,430023168,0,2654208,e8b6ae0a97de23db232d3c2731a642b0e2a238e13590636f803eafb1e23c36b8,evidence/final_snapshot/results/nonlinear_transfer_v1/object_2009/reuse_previous_cache/rep0/result.json,False
eff_nonlinear,2009,a17.efficiency.nonlinear_reuse_transfer.v1,ebeb22796dd2a6823374c66610f8fc6208e9f250b89d4133d5d025d5666bb625,12,EXACT_GEOMETRY_BANK_HIT,OK,0.6539950000005774,"{""geometry_signature_hash"": 0.6521794000291266, ""identity_and_content_comparison"": 9.200011845678091e-06, ""bank_key_lookup"": 6.099988240748644e-06, ""hit_bank_and_metadata_copy"": 0.0016503999941051006}",0.0001498999772593379,430023168,0,2654208,e8b6ae0a97de23db232d3c2731a642b0e2a238e13590636f803eafb1e23c36b8,evidence/final_snapshot/results/nonlinear_transfer_v1/object_2009/reuse_previous_cache/rep0/result.json,False
eff_nonlinear,2009,a17.efficiency.nonlinear_reuse_transfer.v1,ebeb22796dd2a6823374c66610f8fc6208e9f250b89d4133d5d025d5666bb625,13,EXACT_GEOMETRY_BANK_HIT,OK,0.6381473999936134,"{""geometry_signature_hash"": 0.636462299968116, ""identity_and_content_comparison"": 8.500006515532732e-06, ""bank_key_lookup"": 8.000002708286047e-06, ""hit_bank_and_metadata_copy"": 0.0014331000274978578}",0.00023549998877570033,430023168,0,2654208,e8b6ae0a97de23db232d3c2731a642b0e2a238e13590636f803eafb1e23c36b8,evidence/final_snapshot/results/nonlinear_transfer_v1/object_2009/reuse_previous_cache/rep0/result.json,False
eff_nonlinear,2009,a17.efficiency.nonlinear_reuse_transfer.v1,ebeb22796dd2a6823374c66610f8fc6208e9f250b89d4133d5d025d5666bb625,14,EXACT_GEOMETRY_BANK_HIT,OK,0.6321041000192054,"{""geometry_signature_hash"": 0.6302488999790512, ""identity_and_content_comparison"": 9.500014130026102e-06, ""bank_key_lookup"": 6.399990525096655e-06, ""hit_bank_and_metadata_copy"": 0.001693699974566698}",0.00014560006093233824,430023168,0,2654208,e8b6ae0a97de23db232d3c2731a642b0e2a238e13590636f803eafb1e23c36b8,evidence/final_snapshot/results/nonlinear_transfer_v1/object_2009/reuse_previous_cache/rep0/result.json,False
eff_nonlinear,2009,a17.efficiency.nonlinear_reuse_transfer.v1,ebeb22796dd2a6823374c66610f8fc6208e9f250b89d4133d5d025d5666bb625,15,EXACT_GEOMETRY_BANK_HIT,OK,0.649465499969665,"{""geometry_signature_hash"": 0.6475200999993831, ""identity_and_content_comparison"": 8.100003469735384e-06, ""bank_key_lookup"": 4.999979864805937e-06, ""hit_bank_and_metadata_copy"": 0.0017880999948829412}",0.0001441999920643866,430023168,0,2654208,e8b6ae0a97de23db232d3c2731a642b0e2a238e13590636f803eafb1e23c36b8,evidence/final_snapshot/results/nonlinear_transfer_v1/object_2009/reuse_previous_cache/rep0/result.json,False
eff_nonlinear,2009,a17.efficiency.nonlinear_reuse_transfer.v1,ebeb22796dd2a6823374c66610f8fc6208e9f250b89d4133d5d025d5666bb625,16,EXACT_GEOMETRY_BANK_HIT,OK,0.6523949999827892,"{""geometry_signature_hash"": 0.650865999981761, ""identity_and_content_comparison"": 1.0300020221620798e-05, ""bank_key_lookup"": 6.800051778554916e-06, ""hit_bank_and_metadata_copy"": 0.0013700000126846135}",0.00014189991634339094,430023168,0,2654208,e8b6ae0a97de23db232d3c2731a642b0e2a238e13590636f803eafb1e23c36b8,evidence/final_snapshot/results/nonlinear_transfer_v1/object_2009/reuse_previous_cache/rep0/result.json,False
eff_nonlinear,2009,a17.efficiency.nonlinear_reuse_transfer.v1,ebeb22796dd2a6823374c66610f8fc6208e9f250b89d4133d5d025d5666bb625,17,EXACT_GEOMETRY_BANK_HIT,OK,0.6365029999869876,"{""geometry_signature_hash"": 0.6349870000267401, ""identity_and_content_comparison"": 8.500006515532732e-06, ""bank_key_lookup"": 5.599984433501959e-06, ""hit_bank_and_metadata_copy"": 0.0013057999894954264}",0.00019609997980296612,430023168,0,2654208,e8b6ae0a97de23db232d3c2731a642b0e2a238e13590636f803eafb1e23c36b8,evidence/final_snapshot/results/nonlinear_transfer_v1/object_2009/reuse_previous_cache/rep0/result.json,False
eff_nonlinear,2009,a17.efficiency.nonlinear_reuse_transfer.v1,ebeb22796dd2a6823374c66610f8fc6208e9f250b89d4133d5d025d5666bb625,18,EXACT_GEOMETRY_BANK_HIT,OK,0.6490235999808647,"{""geometry_signature_hash"": 0.6475197999970987, ""identity_and_content_comparison"": 9.299954399466515e-06, ""bank_key_lookup"": 6.89999433234334e-06, ""hit_bank_and_metadata_copy"": 0.0013473000144585967}",0.00014030002057552338,430023168,0,2654208,e8b6ae0a97de23db232d3c2731a642b0e2a238e13590636f803eafb1e23c36b8,evidence/final_snapshot/results/nonlinear_transfer_v1/object_2009/reuse_previous_cache/rep0/result.json,False
eff_nonlinear,2009,a17.efficiency.nonlinear_reuse_transfer.v1,ebeb22796dd2a6823374c66610f8fc6208e9f250b89d4133d5d025d5666bb625,19,EXACT_GEOMETRY_BANK_HIT,OK,0.6329080000286922,"{""geometry_signature_hash"": 0.6309293000376783, ""identity_and_content_comparison"": 8.500006515532732e-06, ""bank_key_lookup"": 5.89998671784997e-06, ""hit_bank_and_metadata_copy"": 0.001753099961206317}",0.0002112000365741551,430023168,0,2654208,e8b6ae0a97de23db232d3c2731a642b0e2a238e13590636f803eafb1e23c36b8,evidence/final_snapshot/results/nonlinear_transfer_v1/object_2009/reuse_previous_cache/rep0/result.json,False
eff_nonlinear,2009,a17.efficiency.nonlinear_reuse_transfer.v1,ebeb22796dd2a6823374c66610f8fc6208e9f250b89d4133d5d025d5666bb625,20,EXACT_GEOMETRY_BANK_HIT,OK,0.6455026000039652,"{""geometry_signature_hash"": 0.6439644999918528, ""identity_and_content_comparison"": 8.800008799880743e-06, ""bank_key_lookup"": 6.299989763647318e-06, ""hit_bank_and_metadata_copy"": 0.0013803999754600227}",0.00014260003808885813,430023168,0,2654208,e8b6ae0a97de23db232d3c2731a642b0e2a238e13590636f803eafb1e23c36b8,evidence/final_snapshot/results/nonlinear_transfer_v1/object_2009/reuse_previous_cache/rep0/result.json,False
eff_nonlinear,2009,a17.efficiency.nonlinear_reuse_transfer.v1,ebeb22796dd2a6823374c66610f8fc6208e9f250b89d4133d5d025d5666bb625,21,EXACT_GEOMETRY_BANK_HIT,OK,0.6544943999615498,"{""geometry_signature_hash"": 0.6529389999923296, ""identity_and_content_comparison"": 8.300004992634058e-06, ""bank_key_lookup"": 1.0400020983070135e-05, ""hit_bank_and_metadata_copy"": 0.0013288999907672405}",0.00020779995247721672,430023168,0,2654208,e8b6ae0a97de23db232d3c2731a642b0e2a238e13590636f803eafb1e23c36b8,evidence/final_snapshot/results/nonlinear_transfer_v1/object_2009/reuse_previous_cache/rep0/result.json,False
eff_nonlinear,2009,a17.efficiency.nonlinear_reuse_transfer.v1,ebeb22796dd2a6823374c66610f8fc6208e9f250b89d4133d5d025d5666bb625,22,EXACT_GEOMETRY_BANK_HIT,OK,0.6564632999943569,"{""geometry_signature_hash"": 0.654589100042358, ""identity_and_content_comparison"": 9.400013368576765e-06, ""bank_key_lookup"": 6.699992809444666e-06, ""hit_bank_and_metadata_copy"": 0.0017066000145860016}",0.00015149993123486638,430023168,0,2654208,e8b6ae0a97de23db232d3c2731a642b0e2a238e13590636f803eafb1e23c36b8,evidence/final_snapshot/results/nonlinear_transfer_v1/object_2009/reuse_previous_cache/rep0/result.json,False
eff_nonlinear,2009,a17.efficiency.nonlinear_reuse_transfer.v1,ebeb22796dd2a6823374c66610f8fc6208e9f250b89d4133d5d025d5666bb625,23,EXACT_GEOMETRY_BANK_HIT,OK,0.6524571999907494,"{""geometry_signature_hash"": 0.6509358999901451, ""identity_and_content_comparison"": 7.800001185387373e-06, ""bank_key_lookup"": 5.299982149153948e-06, ""hit_bank_and_metadata_copy"": 0.0013692000065930188}",0.000139000010676682,430023168,0,2654208,e8b6ae0a97de23db232d3c2731a642b0e2a238e13590636f803eafb1e23c36b8,evidence/final_snapshot/results/nonlinear_transfer_v1/object_2009/reuse_previous_cache/rep0/result.json,False
eff_nonlinear,2009,a17.efficiency.nonlinear_reuse_transfer.v1,ebeb22796dd2a6823374c66610f8fc6208e9f250b89d4133d5d025d5666bb625,24,EXACT_GEOMETRY_BANK_HIT,OK,0.6644372000009753,"{""geometry_signature_hash"": 0.6629794000182301, ""identity_and_content_comparison"": 9.000010322779417e-06, ""bank_key_lookup"": 6.199989002197981e-06, ""hit_bank_and_metadata_copy"": 0.0013162000104784966}",0.00012639997294172645,430023168,0,2654208,e8b6ae0a97de23db232d3c2731a642b0e2a238e13590636f803eafb1e23c36b8,evidence/final_snapshot/results/nonlinear_transfer_v1/object_2009/reuse_previous_cache/rep0/result.json,False
eff_nonlinear,2009,a17.efficiency.nonlinear_reuse_transfer.v1,ebeb22796dd2a6823374c66610f8fc6208e9f250b89d4133d5d025d5666bb625,25,EXACT_GEOMETRY_BANK_HIT,OK,0.654127299960237,"{""geometry_signature_hash"": 0.6514794999966398, ""identity_and_content_comparison"": 8.600007276982069e-06, ""bank_key_lookup"": 0.00033599999733269215, ""hit_bank_and_metadata_copy"": 0.0021566999494098127}",0.00014650000957772136,430023168,0,2654208,e8b6ae0a97de23db232d3c2731a642b0e2a238e13590636f803eafb1e23c36b8,evidence/final_snapshot/results/nonlinear_transfer_v1/object_2009/reuse_previous_cache/rep0/result.json,False
eff_nonlinear,2009,a17.efficiency.nonlinear_reuse_transfer.v1,ebeb22796dd2a6823374c66610f8fc6208e9f250b89d4133d5d025d5666bb625,26,EXACT_GEOMETRY_BANK_HIT,OK,0.6552453000331298,"{""geometry_signature_hash"": 0.6537186000496149, ""identity_and_content_comparison"": 1.0700023267418146e-05, ""bank_key_lookup"": 6.599992047995329e-06, ""hit_bank_and_metadata_copy"": 0.0013484000228345394}",0.00016099994536489248,430023168,0,2654208,e8b6ae0a97de23db232d3c2731a642b0e2a238e13590636f803eafb1e23c36b8,evidence/final_snapshot/results/nonlinear_transfer_v1/object_2009/reuse_previous_cache/rep0/result.json,False
eff_nonlinear,2009,a17.efficiency.nonlinear_reuse_transfer.v1,ebeb22796dd2a6823374c66610f8fc6208e9f250b89d4133d5d025d5666bb625,27,EXACT_GEOMETRY_BANK_HIT,OK,0.6466098999953829,"{""geometry_signature_hash"": 0.645095499989111, ""identity_and_content_comparison"": 8.800008799880743e-06, ""bank_key_lookup"": 5.800044164061546e-06, ""hit_bank_and_metadata_copy"": 0.0013535000034607947}",0.00014629994984716177,430023168,0,2654208,e8b6ae0a97de23db232d3c2731a642b0e2a238e13590636f803eafb1e23c36b8,evidence/final_snapshot/results/nonlinear_transfer_v1/object_2009/reuse_previous_cache/rep0/result.json,False
eff_nonlinear,2009,a17.efficiency.nonlinear_reuse_transfer.v1,ebeb22796dd2a6823374c66610f8fc6208e9f250b89d4133d5d025d5666bb625,28,EXACT_GEOMETRY_BANK_HIT,OK,0.6383449000422843,"{""geometry_signature_hash"": 0.6367424000054598, ""identity_and_content_comparison"": 1.0100018698722124e-05, ""bank_key_lookup"": 6.100046448409557e-06, ""hit_bank_and_metadata_copy"": 0.0014440000522881746}",0.0001422999193891883,430023168,0,2654208,e8b6ae0a97de23db232d3c2731a642b0e2a238e13590636f803eafb1e23c36b8,evidence/final_snapshot/results/nonlinear_transfer_v1/object_2009/reuse_previous_cache/rep0/result.json,False
eff_nonlinear,2009,a17.efficiency.nonlinear_reuse_transfer.v1,ebeb22796dd2a6823374c66610f8fc6208e9f250b89d4133d5d025d5666bb625,29,EXACT_GEOMETRY_BANK_HIT,OK,0.645586300001014,"{""geometry_signature_hash"": 0.6440701999817975, ""identity_and_content_comparison"": 8.300004992634058e-06, ""bank_key_lookup"": 5.200039595365524e-06, ""hit_bank_and_metadata_copy"": 0.0013555000186897814}",0.00014709995593875647,430023168,0,2654208,e8b6ae0a97de23db232d3c2731a642b0e2a238e13590636f803eafb1e23c36b8,evidence/final_snapshot/results/nonlinear_transfer_v1/object_2009/reuse_previous_cache/rep0/result.json,False
eff_nonlinear,2009,a17.efficiency.nonlinear_reuse_transfer.v1,ebeb22796dd2a6823374c66610f8fc6208e9f250b89d4133d5d025d5666bb625,30,EXACT_GEOMETRY_BANK_HIT,OK,0.6463257999857888,"{""geometry_signature_hash"": 0.6448022999684326, ""identity_and_content_comparison"": 1.2700038496404886e-05, ""bank_key_lookup"": 6.499991286545992e-06, ""hit_bank_and_metadata_copy"": 0.0013628000160679221}",0.0001414999715052545,430023168,0,2654208,e8b6ae0a97de23db232d3c2731a642b0e2a238e13590636f803eafb1e23c36b8,evidence/final_snapshot/results/nonlinear_transfer_v1/object_2009/reuse_previous_cache/rep0/result.json,False
eff_nonlinear,2009,a17.efficiency.nonlinear_reuse_transfer.v1,ebeb22796dd2a6823374c66610f8fc6208e9f250b89d4133d5d025d5666bb625,31,EXACT_GEOMETRY_BANK_HIT,OK,0.6380148999742232,"{""geometry_signature_hash"": 0.6364573999890126, ""identity_and_content_comparison"": 3.999972250312567e-06, ""bank_key_lookup"": 2.4999608285725117e-06, ""hit_bank_and_metadata_copy"": 0.0014459999511018395}",0.0001050001010298729,430023168,0,2654208,e8b6ae0a97de23db232d3c2731a642b0e2a238e13590636f803eafb1e23c36b8,evidence/final_snapshot/results/nonlinear_transfer_v1/object_2009/reuse_previous_cache/rep0/result.json,False
eff_nonlinear,2009,a17.efficiency.nonlinear_reuse_transfer.v1,ebeb22796dd2a6823374c66610f8fc6208e9f250b89d4133d5d025d5666bb625,32,EXACT_GEOMETRY_BANK_HIT,OK,0.642100400000345,"{""geometry_signature_hash"": 0.6404199000098743, ""identity_and_content_comparison"": 9.899958968162537e-06, ""bank_key_lookup"": 6.399990525096655e-06, ""hit_bank_and_metadata_copy"": 0.0015199999907054007}",0.00014420005027204752,430023168,0,2654208,e8b6ae0a97de23db232d3c2731a642b0e2a238e13590636f803eafb1e23c36b8,evidence/final_snapshot/results/nonlinear_transfer_v1/object_2009/reuse_previous_cache/rep0/result.json,False
eff_nonlinear,2009,a17.efficiency.nonlinear_reuse_transfer.v1,ebeb22796dd2a6823374c66610f8fc6208e9f250b89d4133d5d025d5666bb625,33,EXACT_GEOMETRY_BANK_HIT,OK,0.6441518999636173,"{""geometry_signature_hash"": 0.642041600018274, ""identity_and_content_comparison"": 1.279998105019331e-05, ""bank_key_lookup"": 5.599984433501959e-06, ""hit_bank_and_metadata_copy"": 0.0019438000163063407}",0.00014809996355324984,430023168,0,2654208,e8b6ae0a97de23db232d3c2731a642b0e2a238e13590636f803eafb1e23c36b8,evidence/final_snapshot/results/nonlinear_transfer_v1/object_2009/reuse_previous_cache/rep0/result.json,False
eff_nonlinear,2009,a17.efficiency.nonlinear_reuse_transfer.v1,ebeb22796dd2a6823374c66610f8fc6208e9f250b89d4133d5d025d5666bb625,34,EXACT_GEOMETRY_BANK_HIT,OK,0.6444899000343867,"{""geometry_signature_hash"": 0.6428954000002705, ""identity_and_content_comparison"": 1.0500021744519472e-05, ""bank_key_lookup"": 7.299997378140688e-06, ""hit_bank_and_metadata_copy"": 0.0014275000430643559}",0.00014919997192919254,430023168,0,2654208,e8b6ae0a97de23db232d3c2731a642b0e2a238e13590636f803eafb1e23c36b8,evidence/final_snapshot/results/nonlinear_transfer_v1/object_2009/reuse_previous_cache/rep0/result.json,False
eff_nonlinear,2009,a17.efficiency.nonlinear_reuse_transfer.v1,ebeb22796dd2a6823374c66610f8fc6208e9f250b89d4133d5d025d5666bb625,35,EXACT_GEOMETRY_BANK_HIT,OK,0.6462580999941565,"{""geometry_signature_hash"": 0.6445366999832913, ""identity_and_content_comparison"": 8.300004992634058e-06, ""bank_key_lookup"": 5.599984433501959e-06, ""hit_bank_and_metadata_copy"": 0.0015608000103384256}",0.00014670001110062003,430023168,0,2654208,e8b6ae0a97de23db232d3c2731a642b0e2a238e13590636f803eafb1e23c36b8,evidence/final_snapshot/results/nonlinear_transfer_v1/object_2009/reuse_previous_cache/rep0/result.json,False
eff_nonlinear,2009,a17.efficiency.nonlinear_reuse_transfer.v1,1a1f03071ed6318c9871cd417762ca60d873a940ef69fdee5f83cc6fd8648ef3,0,MISS_ORIGINAL_ACQUISITION,OK,5.787906099983957,"{""geometry_signature_hash"": 1.2945793999824673, ""identity_and_content_comparison"": 6.599992047995329e-06, ""cache_invalidation"": 1.8099963199347258e-05, ""bank_key_lookup"": 4.200031980872154e-06, ""original_provider_call"": 4.4916632999666035, ""first_bank_storage_copy"": 0.0013945000246167183}",0.0002400000230409205,860046336,2654208,0,e8b6ae0a97de23db232d3c2731a642b0e2a238e13590636f803eafb1e23c36b8,evidence/final_snapshot/results/nonlinear_transfer_v1/object_2009/reuse_reset3_cache/rep0/result.json,False
eff_nonlinear,2009,a17.efficiency.nonlinear_reuse_transfer.v1,1a1f03071ed6318c9871cd417762ca60d873a940ef69fdee5f83cc6fd8648ef3,1,EXACT_GEOMETRY_BANK_HIT,OK,0.6419086999958381,"{""geometry_signature_hash"": 0.6401716000400484, ""identity_and_content_comparison"": 8.800008799880743e-06, ""bank_key_lookup"": 4.499976057559252e-06, ""hit_bank_and_metadata_copy"": 0.0015647999825887382}",0.00015899998834356666,430023168,0,2654208,e8b6ae0a97de23db232d3c2731a642b0e2a238e13590636f803eafb1e23c36b8,evidence/final_snapshot/results/nonlinear_transfer_v1/object_2009/reuse_reset3_cache/rep0/result.json,False
eff_nonlinear,2009,a17.efficiency.nonlinear_reuse_transfer.v1,1a1f03071ed6318c9871cd417762ca60d873a940ef69fdee5f83cc6fd8648ef3,2,EXACT_GEOMETRY_BANK_HIT,OK,0.6439246000372805,"{""geometry_signature_hash"": 0.6423621000139974, ""identity_and_content_comparison"": 9.600014891475439e-06, ""bank_key_lookup"": 5.800044164061546e-06, ""hit_bank_and_metadata_copy"": 0.001413599995430559}",0.00013349996879696846,430023168,0,2654208,e8b6ae0a97de23db232d3c2731a642b0e2a238e13590636f803eafb1e23c36b8,evidence/final_snapshot/results/nonlinear_transfer_v1/object_2009/reuse_reset3_cache/rep0/result.json,False
eff_nonlinear,2009,a17.efficiency.nonlinear_reuse_transfer.v1,1a1f03071ed6318c9871cd417762ca60d873a940ef69fdee5f83cc6fd8648ef3,3,EXACT_GEOMETRY_BANK_HIT,OK,0.6434571000281721,"{""geometry_signature_hash"": 0.6418473000521772, ""identity_and_content_comparison"": 8.400005754083395e-06, ""bank_key_lookup"": 5.200039595365524e-06, ""hit_bank_and_metadata_copy"": 0.001456800033338368}",0.00013939989730715752,430023168,0,2654208,e8b6ae0a97de23db232d3c2731a642b0e2a238e13590636f803eafb1e23c36b8,evidence/final_snapshot/results/nonlinear_transfer_v1/object_2009/reuse_reset3_cache/rep0/result.json,False
eff_nonlinear,2009,a17.efficiency.nonlinear_reuse_transfer.v1,1a1f03071ed6318c9871cd417762ca60d873a940ef69fdee5f83cc6fd8648ef3,4,EXACT_GEOMETRY_BANK_HIT,OK,0.6548743000021204,"{""geometry_signature_hash"": 0.6533852000138722, ""identity_and_content_comparison"": 8.600007276982069e-06, ""bank_key_lookup"": 6.099988240748644e-06, ""hit_bank_and_metadata_copy"": 0.001337299996521324}",0.0001370999962091446,430023168,0,2654208,e8b6ae0a97de23db232d3c2731a642b0e2a238e13590636f803eafb1e23c36b8,evidence/final_snapshot/results/nonlinear_transfer_v1/object_2009/reuse_reset3_cache/rep0/result.json,False
eff_nonlinear,2009,a17.efficiency.nonlinear_reuse_transfer.v1,1a1f03071ed6318c9871cd417762ca60d873a940ef69fdee5f83cc6fd8648ef3,5,EXACT_GEOMETRY_BANK_HIT,OK,0.6506673999829218,"{""geometry_signature_hash"": 0.6488321999786422, ""identity_and_content_comparison"": 8.200004231184721e-06, ""bank_key_lookup"": 5.699985194951296e-06, ""hit_bank_and_metadata_copy"": 0.0016843999619595706}",0.00013690005289390683,430023168,0,2654208,e8b6ae0a97de23db232d3c2731a642b0e2a238e13590636f803eafb1e23c36b8,evidence/final_snapshot/results/nonlinear_transfer_v1/object_2009/reuse_reset3_cache/rep0/result.json,False
eff_nonlinear,2009,a17.efficiency.nonlinear_reuse_transfer.v1,1a1f03071ed6318c9871cd417762ca60d873a940ef69fdee5f83cc6fd8648ef3,6,EXACT_GEOMETRY_BANK_HIT,OK,0.6216223000083119,"{""geometry_signature_hash"": 0.6201551000121981, ""identity_and_content_comparison"": 8.599949069321156e-06, ""bank_key_lookup"": 5.699985194951296e-06, ""hit_bank_and_metadata_copy"": 0.0013231000048108399}",0.00012980005703866482,430023168,0,2654208,e8b6ae0a97de23db232d3c2731a642b0e2a238e13590636f803eafb1e23c36b8,evidence/final_snapshot/results/nonlinear_transfer_v1/object_2009/reuse_reset3_cache/rep0/result.json,False
eff_nonlinear,2009,a17.efficiency.nonlinear_reuse_transfer.v1,1a1f03071ed6318c9871cd417762ca60d873a940ef69fdee5f83cc6fd8648ef3,7,EXACT_GEOMETRY_BANK_HIT,OK,0.6383799000177532,"{""geometry_signature_hash"": 0.6368937999941409, ""identity_and_content_comparison"": 8.500006515532732e-06, ""bank_key_lookup"": 4.999979864805937e-06, ""hit_bank_and_metadata_copy"": 0.0013399000163190067}",0.00013270002091303468,430023168,0,2654208,e8b6ae0a97de23db232d3c2731a642b0e2a238e13590636f803eafb1e23c36b8,evidence/final_snapshot/results/nonlinear_transfer_v1/object_2009/reuse_reset3_cache/rep0/result.json,False
eff_nonlinear,2009,a17.efficiency.nonlinear_reuse_transfer.v1,1a1f03071ed6318c9871cd417762ca60d873a940ef69fdee5f83cc6fd8648ef3,8,EXACT_GEOMETRY_BANK_HIT,OK,0.6525145000196062,"{""geometry_signature_hash"": 0.6510208999970928, ""identity_and_content_comparison"": 8.400005754083395e-06, ""bank_key_lookup"": 5.699985194951296e-06, ""hit_bank_and_metadata_copy"": 0.0013487999676726758}",0.00013070006389170885,430023168,0,2654208,e8b6ae0a97de23db232d3c2731a642b0e2a238e13590636f803eafb1e23c36b8,evidence/final_snapshot/results/nonlinear_transfer_v1/object_2009/reuse_reset3_cache/rep0/result.json,False
eff_nonlinear,2009,a17.efficiency.nonlinear_reuse_transfer.v1,1a1f03071ed6318c9871cd417762ca60d873a940ef69fdee5f83cc6fd8648ef3,9,EXACT_GEOMETRY_BANK_HIT,OK,0.6484402000205591,"{""geometry_signature_hash"": 0.6470132999820635, ""identity_and_content_comparison"": 8.000002708286047e-06, ""bank_key_lookup"": 5.400041118264198e-06, ""hit_bank_and_metadata_copy"": 0.0012749000452458858}",0.00013859994942322373,430023168,0,2654208,e8b6ae0a97de23db232d3c2731a642b0e2a238e13590636f803eafb1e23c36b8,evidence/final_snapshot/results/nonlinear_transfer_v1/object_2009/reuse_reset3_cache/rep0/result.json,False
eff_nonlinear,2009,a17.efficiency.nonlinear_reuse_transfer.v1,1a1f03071ed6318c9871cd417762ca60d873a940ef69fdee5f83cc6fd8648ef3,10,EXACT_GEOMETRY_BANK_HIT,OK,0.6536493999883533,"{""geometry_signature_hash"": 0.652184100006707, ""identity_and_content_comparison"": 8.999952115118504e-06, ""bank_key_lookup"": 6.299989763647318e-06, ""hit_bank_and_metadata_copy"": 0.0013185999705456197}",0.0001314000692218542,430023168,0,2654208,e8b6ae0a97de23db232d3c2731a642b0e2a238e13590636f803eafb1e23c36b8,evidence/final_snapshot/results/nonlinear_transfer_v1/object_2009/reuse_reset3_cache/rep0/result.json,False
eff_nonlinear,2009,a17.efficiency.nonlinear_reuse_transfer.v1,1a1f03071ed6318c9871cd417762ca60d873a940ef69fdee5f83cc6fd8648ef3,11,EXACT_GEOMETRY_BANK_HIT,OK,0.6382048000232317,"{""geometry_signature_hash"": 0.6365245000342838, ""identity_and_content_comparison"": 9.100011084228754e-06, ""bank_key_lookup"": 5.499983672052622e-06, ""hit_bank_and_metadata_copy"": 0.001517999975476414}",0.0001477000187151134,430023168,0,2654208,e8b6ae0a97de23db232d3c2731a642b0e2a238e13590636f803eafb1e23c36b8,evidence/final_snapshot/results/nonlinear_transfer_v1/object_2009/reuse_reset3_cache/rep0/result.json,False
eff_nonlinear,2009,a17.efficiency.nonlinear_reuse_transfer.v1,1a1f03071ed6318c9871cd417762ca60d873a940ef69fdee5f83cc6fd8648ef3,12,EXACT_GEOMETRY_BANK_HIT,OK,0.651446899981238,"{""geometry_signature_hash"": 0.6499127999995835, ""identity_and_content_comparison"": 8.499948307871819e-06, ""bank_key_lookup"": 5.399982910603285e-06, ""hit_bank_and_metadata_copy"": 0.0013763000024482608}",0.0001439000479876995,430023168,0,2654208,e8b6ae0a97de23db232d3c2731a642b0e2a238e13590636f803eafb1e23c36b8,evidence/final_snapshot/results/nonlinear_transfer_v1/object_2009/reuse_reset3_cache/rep0/result.json,False
eff_nonlinear,2009,a17.efficiency.nonlinear_reuse_transfer.v1,1a1f03071ed6318c9871cd417762ca60d873a940ef69fdee5f83cc6fd8648ef3,13,EXACT_GEOMETRY_BANK_HIT,OK,0.6463130000047386,"{""geometry_signature_hash"": 0.6447259000269696, ""identity_and_content_comparison"": 8.90000956133008e-06, ""bank_key_lookup"": 5.300040356814861e-06, ""hit_bank_and_metadata_copy"": 0.0014201000449247658}",0.00015279988292604685,430023168,0,2654208,e8b6ae0a97de23db232d3c2731a642b0e2a238e13590636f803eafb1e23c36b8,evidence/final_snapshot/results/nonlinear_transfer_v1/object_2009/reuse_reset3_cache/rep0/result.json,False
eff_nonlinear,2009,a17.efficiency.nonlinear_reuse_transfer.v1,1a1f03071ed6318c9871cd417762ca60d873a940ef69fdee5f83cc6fd8648ef3,14,EXACT_GEOMETRY_BANK_HIT,OK,0.6404518999624997,"{""geometry_signature_hash"": 0.6389388999668881, ""identity_and_content_comparison"": 3.7999707274138927e-06, ""bank_key_lookup"": 6.099988240748644e-06, ""hit_bank_and_metadata_copy"": 0.0013921000063419342}",0.00011100003030151129,430023168,0,2654208,e8b6ae0a97de23db232d3c2731a642b0e2a238e13590636f803eafb1e23c36b8,evidence/final_snapshot/results/nonlinear_transfer_v1/object_2009/reuse_reset3_cache/rep0/result.json,False
eff_nonlinear,2009,a17.efficiency.nonlinear_reuse_transfer.v1,1a1f03071ed6318c9871cd417762ca60d873a940ef69fdee5f83cc6fd8648ef3,15,EXACT_GEOMETRY_BANK_HIT,OK,0.6435137000516988,"{""geometry_signature_hash"": 0.6420092000043951, ""identity_and_content_comparison"": 1.0999967344105244e-05, ""bank_key_lookup"": 4.900037311017513e-06, ""hit_bank_and_metadata_copy"": 0.0013370999949984252}",0.0001515000476501882,430023168,0,2654208,e8b6ae0a97de23db232d3c2731a642b0e2a238e13590636f803eafb1e23c36b8,evidence/final_snapshot/results/nonlinear_transfer_v1/object_2009/reuse_reset3_cache/rep0/result.json,False
eff_nonlinear,2009,a17.efficiency.nonlinear_reuse_transfer.v1,1a1f03071ed6318c9871cd417762ca60d873a940ef69fdee5f83cc6fd8648ef3,16,EXACT_GEOMETRY_BANK_HIT,OK,0.6548522000084631,"{""geometry_signature_hash"": 0.653294499963522, ""identity_and_content_comparison"": 5.299982149153948e-06, ""bank_key_lookup"": 6.600050255656242e-06, ""hit_bank_and_metadata_copy"": 0.0014093000208958983}",0.00013649999164044857,430023168,0,2654208,e8b6ae0a97de23db232d3c2731a642b0e2a238e13590636f803eafb1e23c36b8,evidence/final_snapshot/results/nonlinear_transfer_v1/object_2009/reuse_reset3_cache/rep0/result.json,False
eff_nonlinear,2009,a17.efficiency.nonlinear_reuse_transfer.v1,1a1f03071ed6318c9871cd417762ca60d873a940ef69fdee5f83cc6fd8648ef3,17,EXACT_GEOMETRY_BANK_HIT,OK,0.6547905000043102,"{""geometry_signature_hash"": 0.6532584999804385, ""identity_and_content_comparison"": 8.700008038431406e-06, ""bank_key_lookup"": 6.100046448409557e-06, ""hit_bank_and_metadata_copy"": 0.0013639000244438648}",0.00015329994494095445,430023168,0,2654208,e8b6ae0a97de23db232d3c2731a642b0e2a238e13590636f803eafb1e23c36b8,evidence/final_snapshot/results/nonlinear_transfer_v1/object_2009/reuse_reset3_cache/rep0/result.json,False
eff_nonlinear,2009,a17.efficiency.nonlinear_reuse_transfer.v1,1a1f03071ed6318c9871cd417762ca60d873a940ef69fdee5f83cc6fd8648ef3,18,EXACT_GEOMETRY_BANK_HIT,OK,0.6570302000036463,"{""geometry_signature_hash"": 0.6554661000263877, ""identity_and_content_comparison"": 8.000002708286047e-06, ""bank_key_lookup"": 5.400041118264198e-06, ""hit_bank_and_metadata_copy"": 0.0014125000452622771}",0.00013819988816976547,430023168,0,2654208,e8b6ae0a97de23db232d3c2731a642b0e2a238e13590636f803eafb1e23c36b8,evidence/final_snapshot/results/nonlinear_transfer_v1/object_2009/reuse_reset3_cache/rep0/result.json,False
eff_nonlinear,2009,a17.efficiency.nonlinear_reuse_transfer.v1,1a1f03071ed6318c9871cd417762ca60d873a940ef69fdee5f83cc6fd8648ef3,19,EXACT_GEOMETRY_BANK_HIT,OK,0.6498535000137053,"{""geometry_signature_hash"": 0.6485617000143975, ""identity_and_content_comparison"": 5.999987479299307e-06, ""bank_key_lookup"": 4.500034265220165e-06, ""hit_bank_and_metadata_copy"": 0.0011092000058852136}",0.00017209997167810798,430023168,0,2654208,e8b6ae0a97de23db232d3c2731a642b0e2a238e13590636f803eafb1e23c36b8,evidence/final_snapshot/results/nonlinear_transfer_v1/object_2009/reuse_reset3_cache/rep0/result.json,False
eff_nonlinear,2009,a17.efficiency.nonlinear_reuse_transfer.v1,1a1f03071ed6318c9871cd417762ca60d873a940ef69fdee5f83cc6fd8648ef3,20,EXACT_GEOMETRY_BANK_HIT,OK,0.6376441999454983,"{""geometry_signature_hash"": 0.6358130000298843, ""identity_and_content_comparison"": 9.499955922365189e-06, ""bank_key_lookup"": 5.999987479299307e-06, ""hit_bank_and_metadata_copy"": 0.0016505999956279993}",0.0001650999765843153,430023168,0,2654208,e8b6ae0a97de23db232d3c2731a642b0e2a238e13590636f803eafb1e23c36b8,evidence/final_snapshot/results/nonlinear_transfer_v1/object_2009/reuse_reset3_cache/rep0/result.json,False
eff_nonlinear,2009,a17.efficiency.nonlinear_reuse_transfer.v1,1a1f03071ed6318c9871cd417762ca60d873a940ef69fdee5f83cc6fd8648ef3,21,EXACT_GEOMETRY_BANK_HIT,OK,0.6296849999926053,"{""geometry_signature_hash"": 0.6280877999961376, ""identity_and_content_comparison"": 9.200011845678091e-06, ""bank_key_lookup"": 6.89999433234334e-06, ""hit_bank_and_metadata_copy"": 0.0014223000034689903}",0.00015879998682066798,430023168,0,2654208,e8b6ae0a97de23db232d3c2731a642b0e2a238e13590636f803eafb1e23c36b8,evidence/final_snapshot/results/nonlinear_transfer_v1/object_2009/reuse_reset3_cache/rep0/result.json,False
eff_nonlinear,2009,a17.efficiency.nonlinear_reuse_transfer.v1,1a1f03071ed6318c9871cd417762ca60d873a940ef69fdee5f83cc6fd8648ef3,22,EXACT_GEOMETRY_BANK_HIT,OK,0.6523644999833778,"{""geometry_signature_hash"": 0.6505804000189528, ""identity_and_content_comparison"": 3.0199997127056122e-05, ""bank_key_lookup"": 5.699985194951296e-06, ""hit_bank_and_metadata_copy"": 0.0016123999957926571}",0.0001357999863103032,430023168,0,2654208,e8b6ae0a97de23db232d3c2731a642b0e2a238e13590636f803eafb1e23c36b8,evidence/final_snapshot/results/nonlinear_transfer_v1/object_2009/reuse_reset3_cache/rep0/result.json,False
eff_nonlinear,2009,a17.efficiency.nonlinear_reuse_transfer.v1,1a1f03071ed6318c9871cd417762ca60d873a940ef69fdee5f83cc6fd8648ef3,23,EXACT_GEOMETRY_BANK_HIT,OK,0.66309220000403,"{""geometry_signature_hash"": 0.6613429000135511, ""identity_and_content_comparison"": 7.599999662488699e-06, ""bank_key_lookup"": 5.399982910603285e-06, ""hit_bank_and_metadata_copy"": 0.0015906000044196844}",0.00014570000348612666,430023168,0,2654208,e8b6ae0a97de23db232d3c2731a642b0e2a238e13590636f803eafb1e23c36b8,evidence/final_snapshot/results/nonlinear_transfer_v1/object_2009/reuse_reset3_cache/rep0/result.json,False
eff_nonlinear,2009,a17.efficiency.nonlinear_reuse_transfer.v1,1a1f03071ed6318c9871cd417762ca60d873a940ef69fdee5f83cc6fd8648ef3,24,EXACT_GEOMETRY_BANK_HIT,OK,0.6253528000088409,"{""geometry_signature_hash"": 0.6239087000139989, ""identity_and_content_comparison"": 8.100003469735384e-06, ""bank_key_lookup"": 6.200047209858894e-06, ""hit_bank_and_metadata_copy"": 0.001298300048802048}",0.0001314998953603208,430023168,0,2654208,e8b6ae0a97de23db232d3c2731a642b0e2a238e13590636f803eafb1e23c36b8,evidence/final_snapshot/results/nonlinear_transfer_v1/object_2009/reuse_reset3_cache/rep0/result.json,False
eff_nonlinear,2009,a17.efficiency.nonlinear_reuse_transfer.v1,1a1f03071ed6318c9871cd417762ca60d873a940ef69fdee5f83cc6fd8648ef3,25,EXACT_GEOMETRY_BANK_HIT,OK,0.6819251999841072,"{""geometry_signature_hash"": 0.6805125999962911, ""identity_and_content_comparison"": 9.000010322779417e-06, ""bank_key_lookup"": 5.499983672052622e-06, ""hit_bank_and_metadata_copy"": 0.0012538000009953976}",0.00014429999282583594,430023168,0,2654208,e8b6ae0a97de23db232d3c2731a642b0e2a238e13590636f803eafb1e23c36b8,evidence/final_snapshot/results/nonlinear_transfer_v1/object_2009/reuse_reset3_cache/rep0/result.json,False
eff_nonlinear,2009,a17.efficiency.nonlinear_reuse_transfer.v1,1a1f03071ed6318c9871cd417762ca60d873a940ef69fdee5f83cc6fd8648ef3,26,EXACT_GEOMETRY_BANK_HIT,OK,0.6559048999915831,"{""geometry_signature_hash"": 0.6526592000154778, ""identity_and_content_comparison"": 8.400005754083395e-06, ""bank_key_lookup"": 5.799985956400633e-06, ""hit_bank_and_metadata_copy"": 0.0030940999859012663}",0.0001373999984934926,430023168,0,2654208,e8b6ae0a97de23db232d3c2731a642b0e2a238e13590636f803eafb1e23c36b8,evidence/final_snapshot/results/nonlinear_transfer_v1/object_2009/reuse_reset3_cache/rep0/result.json,False
eff_nonlinear,2009,a17.efficiency.nonlinear_reuse_transfer.v1,1a1f03071ed6318c9871cd417762ca60d873a940ef69fdee5f83cc6fd8648ef3,27,EXACT_GEOMETRY_BANK_HIT,OK,0.644616000005044,"{""geometry_signature_hash"": 0.6431356000248343, ""identity_and_content_comparison"": 8.700008038431406e-06, ""bank_key_lookup"": 5.89998671784997e-06, ""hit_bank_and_metadata_copy"": 0.0013153000036254525}",0.00015049998182803392,430023168,0,2654208,e8b6ae0a97de23db232d3c2731a642b0e2a238e13590636f803eafb1e23c36b8,evidence/final_snapshot/results/nonlinear_transfer_v1/object_2009/reuse_reset3_cache/rep0/result.json,False
eff_nonlinear,2009,a17.efficiency.nonlinear_reuse_transfer.v1,1a1f03071ed6318c9871cd417762ca60d873a940ef69fdee5f83cc6fd8648ef3,28,EXACT_GEOMETRY_BANK_HIT,OK,0.6420226999907754,"{""geometry_signature_hash"": 0.6403867999906652, ""identity_and_content_comparison"": 8.499948307871819e-06, ""bank_key_lookup"": 5.699985194951296e-06, ""hit_bank_and_metadata_copy"": 0.0014779999619349837}",0.00014370010467246175,430023168,0,2654208,e8b6ae0a97de23db232d3c2731a642b0e2a238e13590636f803eafb1e23c36b8,evidence/final_snapshot/results/nonlinear_transfer_v1/object_2009/reuse_reset3_cache/rep0/result.json,False
eff_nonlinear,2009,a17.efficiency.nonlinear_reuse_transfer.v1,1a1f03071ed6318c9871cd417762ca60d873a940ef69fdee5f83cc6fd8648ef3,29,EXACT_GEOMETRY_BANK_HIT,OK,0.6450135000050068,"{""geometry_signature_hash"": 0.6429010000429116, ""identity_and_content_comparison"": 7.700000423938036e-06, ""bank_key_lookup"": 5.400041118264198e-06, ""hit_bank_and_metadata_copy"": 0.0019469000399112701}",0.00015249988064169884,430023168,0,2654208,e8b6ae0a97de23db232d3c2731a642b0e2a238e13590636f803eafb1e23c36b8,evidence/final_snapshot/results/nonlinear_transfer_v1/object_2009/reuse_reset3_cache/rep0/result.json,False
eff_nonlinear,2009,a17.efficiency.nonlinear_reuse_transfer.v1,1a1f03071ed6318c9871cd417762ca60d873a940ef69fdee5f83cc6fd8648ef3,30,EXACT_GEOMETRY_BANK_HIT,OK,0.6603730999631807,"{""geometry_signature_hash"": 0.6585821000044234, ""identity_and_content_comparison"": 8.90000956133008e-06, ""bank_key_lookup"": 5.800044164061546e-06, ""hit_bank_and_metadata_copy"": 0.0016285000019706786}",0.0001477999030612409,430023168,0,2654208,e8b6ae0a97de23db232d3c2731a642b0e2a238e13590636f803eafb1e23c36b8,evidence/final_snapshot/results/nonlinear_transfer_v1/object_2009/reuse_reset3_cache/rep0/result.json,False
eff_nonlinear,2009,a17.efficiency.nonlinear_reuse_transfer.v1,1a1f03071ed6318c9871cd417762ca60d873a940ef69fdee5f83cc6fd8648ef3,31,EXACT_GEOMETRY_BANK_HIT,OK,0.6347518000402488,"{""geometry_signature_hash"": 0.6332179000019096, ""identity_and_content_comparison"": 8.400005754083395e-06, ""bank_key_lookup"": 5.300040356814861e-06, ""hit_bank_and_metadata_copy"": 0.001366300042718649}",0.00015389994950965047,430023168,0,2654208,e8b6ae0a97de23db232d3c2731a642b0e2a238e13590636f803eafb1e23c36b8,evidence/final_snapshot/results/nonlinear_transfer_v1/object_2009/reuse_reset3_cache/rep0/result.json,False
eff_nonlinear,2009,a17.efficiency.nonlinear_reuse_transfer.v1,1a1f03071ed6318c9871cd417762ca60d873a940ef69fdee5f83cc6fd8648ef3,32,EXACT_GEOMETRY_BANK_HIT,OK,0.6370158999925479,"{""geometry_signature_hash"": 0.6352767999633215, ""identity_and_content_comparison"": 8.800008799880743e-06, ""bank_key_lookup"": 6.099988240748644e-06, ""hit_bank_and_metadata_copy"": 0.0015860000276006758}",0.0001382000045850873,430023168,0,2654208,e8b6ae0a97de23db232d3c2731a642b0e2a238e13590636f803eafb1e23c36b8,evidence/final_snapshot/results/nonlinear_transfer_v1/object_2009/reuse_reset3_cache/rep0/result.json,False
eff_nonlinear,2009,a17.efficiency.nonlinear_reuse_transfer.v1,1a1f03071ed6318c9871cd417762ca60d873a940ef69fdee5f83cc6fd8648ef3,33,EXACT_GEOMETRY_BANK_HIT,OK,0.6433774000033736,"{""geometry_signature_hash"": 0.6419019000022672, ""identity_and_content_comparison"": 8.90000956133008e-06, ""bank_key_lookup"": 5.199981387704611e-06, ""hit_bank_and_metadata_copy"": 0.0013203999842517078}",0.00014100002590566874,430023168,0,2654208,e8b6ae0a97de23db232d3c2731a642b0e2a238e13590636f803eafb1e23c36b8,evidence/final_snapshot/results/nonlinear_transfer_v1/object_2009/reuse_reset3_cache/rep0/result.json,False
eff_nonlinear,2009,a17.efficiency.nonlinear_reuse_transfer.v1,1a1f03071ed6318c9871cd417762ca60d873a940ef69fdee5f83cc6fd8648ef3,34,EXACT_GEOMETRY_BANK_HIT,OK,0.6335844999994151,"{""geometry_signature_hash"": 0.6320904999738559, ""identity_and_content_comparison"": 8.79995059221983e-06, ""bank_key_lookup"": 6.099988240748644e-06, ""hit_bank_and_metadata_copy"": 0.0013386000064201653}",0.00014050008030608296,430023168,0,2654208,e8b6ae0a97de23db232d3c2731a642b0e2a238e13590636f803eafb1e23c36b8,evidence/final_snapshot/results/nonlinear_transfer_v1/object_2009/reuse_reset3_cache/rep0/result.json,False
eff_nonlinear,2009,a17.efficiency.nonlinear_reuse_transfer.v1,1a1f03071ed6318c9871cd417762ca60d873a940ef69fdee5f83cc6fd8648ef3,35,EXACT_GEOMETRY_BANK_HIT,OK,0.6440924000344239,"{""geometry_signature_hash"": 0.6426007999689318, ""identity_and_content_comparison"": 7.90000194683671e-06, ""bank_key_lookup"": 4.8999791033566e-06, ""hit_bank_and_metadata_copy"": 0.0013407999649643898}",0.00013800011947751045,430023168,0,2654208,e8b6ae0a97de23db232d3c2731a642b0e2a238e13590636f803eafb1e23c36b8,evidence/final_snapshot/results/nonlinear_transfer_v1/object_2009/reuse_reset3_cache/rep0/result.json,False
eff_nonlinear,2009,a17.efficiency.nonlinear_transfer.v1,249336d3e6be1dbd182f342612f91a6a035d032f430c9448f3bfaf6b7ed24bda,0,MISS_ORIGINAL_ACQUISITION,OK,5.74007589998655,"{""geometry_signature_hash"": 1.2785810999921523, ""identity_and_content_comparison"": 6.999995093792677e-06, ""cache_invalidation"": 1.880002673715353e-05, ""bank_key_lookup"": 3.7999707274138927e-06, ""original_provider_call"": 4.459857999987435, ""first_bank_storage_copy"": 0.0013676999951712787}",0.0002395000192336738,860046336,2654208,0,e8b6ae0a97de23db232d3c2731a642b0e2a238e13590636f803eafb1e23c36b8,evidence/final_snapshot/results/nonlinear_transfer_v1/object_2009/top1_cap2_cache/rep0/result.json,False
eff_nonlinear,2009,a17.efficiency.nonlinear_transfer.v1,249336d3e6be1dbd182f342612f91a6a035d032f430c9448f3bfaf6b7ed24bda,1,EXACT_GEOMETRY_BANK_HIT,OK,0.6550536999711767,"{""geometry_signature_hash"": 0.6535039999871515, ""identity_and_content_comparison"": 7.800001185387373e-06, ""bank_key_lookup"": 3.89997148886323e-06, ""hit_bank_and_metadata_copy"": 0.001401200017426163}",0.00013679999392479658,430023168,0,2654208,e8b6ae0a97de23db232d3c2731a642b0e2a238e13590636f803eafb1e23c36b8,evidence/final_snapshot/results/nonlinear_transfer_v1/object_2009/top1_cap2_cache/rep0/result.json,False
eff_nonlinear,2009,a17.efficiency.nonlinear_transfer.v1,249336d3e6be1dbd182f342612f91a6a035d032f430c9448f3bfaf6b7ed24bda,2,EXACT_GEOMETRY_BANK_HIT,OK,0.651757900021039,"{""geometry_signature_hash"": 0.6501218000194058, ""identity_and_content_comparison"": 7.700000423938036e-06, ""bank_key_lookup"": 5.9299985878169537e-05, ""hit_bank_and_metadata_copy"": 0.0014152000076137483}",0.00015390000771731138,430023168,0,2654208,e8b6ae0a97de23db232d3c2731a642b0e2a238e13590636f803eafb1e23c36b8,evidence/final_snapshot/results/nonlinear_transfer_v1/object_2009/top1_cap2_cache/rep0/result.json,False
eff_nonlinear,2009,a17.efficiency.nonlinear_transfer.v1,249336d3e6be1dbd182f342612f91a6a035d032f430c9448f3bfaf6b7ed24bda,3,EXACT_GEOMETRY_BANK_HIT,OK,0.6473985000047833,"{""geometry_signature_hash"": 0.6455674999742769, ""identity_and_content_comparison"": 8.400005754083395e-06, ""bank_key_lookup"": 5.299982149153948e-06, ""hit_bank_and_metadata_copy"": 0.0016810999950394034}",0.00013620004756376147,430023168,0,2654208,e8b6ae0a97de23db232d3c2731a642b0e2a238e13590636f803eafb1e23c36b8,evidence/final_snapshot/results/nonlinear_transfer_v1/object_2009/top1_cap2_cache/rep0/result.json,False
eff_nonlinear,2009,a17.efficiency.nonlinear_transfer.v1,249336d3e6be1dbd182f342612f91a6a035d032f430c9448f3bfaf6b7ed24bda,4,EXACT_GEOMETRY_BANK_HIT,OK,0.6574657000019215,"{""geometry_signature_hash"": 0.6559331000316888, ""identity_and_content_comparison"": 8.200004231184721e-06, ""bank_key_lookup"": 5.89998671784997e-06, ""hit_bank_and_metadata_copy"": 0.001373999984934926}",0.00014449999434873462,430023168,0,2654208,e8b6ae0a97de23db232d3c2731a642b0e2a238e13590636f803eafb1e23c36b8,evidence/final_snapshot/results/nonlinear_transfer_v1/object_2009/top1_cap2_cache/rep0/result.json,False
eff_nonlinear,2009,a17.efficiency.nonlinear_transfer.v1,249336d3e6be1dbd182f342612f91a6a035d032f430c9448f3bfaf6b7ed24bda,5,EXACT_GEOMETRY_BANK_HIT,OK,0.6505615999922156,"{""geometry_signature_hash"": 0.649057200003881, ""identity_and_content_comparison"": 9.599956683814526e-06, ""bank_key_lookup"": 5.500041879713535e-06, ""hit_bank_and_metadata_copy"": 0.0013528999988920987}",0.00013639999087899923,430023168,0,2654208,e8b6ae0a97de23db232d3c2731a642b0e2a238e13590636f803eafb1e23c36b8,evidence/final_snapshot/results/nonlinear_transfer_v1/object_2009/top1_cap2_cache/rep0/result.json,False
eff_nonlinear,2009,a17.efficiency.nonlinear_transfer.v1,249336d3e6be1dbd182f342612f91a6a035d032f430c9448f3bfaf6b7ed24bda,6,EXACT_GEOMETRY_BANK_HIT,OK,0.6569841000018641,"{""geometry_signature_hash"": 0.6551920999772847, ""identity_and_content_comparison"": 8.200004231184721e-06, ""bank_key_lookup"": 5.600042641162872e-06, ""hit_bank_and_metadata_copy"": 0.0016271000495180488}",0.00015109992818906903,430023168,0,2654208,e8b6ae0a97de23db232d3c2731a642b0e2a238e13590636f803eafb1e23c36b8,evidence/final_snapshot/results/nonlinear_transfer_v1/object_2009/top1_cap2_cache/rep0/result.json,False
eff_nonlinear,2009,a17.efficiency.nonlinear_transfer.v1,249336d3e6be1dbd182f342612f91a6a035d032f430c9448f3bfaf6b7ed24bda,7,EXACT_GEOMETRY_BANK_HIT,OK,0.6494871000177227,"{""geometry_signature_hash"": 0.6480139999766834, ""identity_and_content_comparison"": 7.90000194683671e-06, ""bank_key_lookup"": 4.999979864805937e-06, ""hit_bank_and_metadata_copy"": 0.0013125999830663204}",0.00014760007616132498,430023168,0,2654208,e8b6ae0a97de23db232d3c2731a642b0e2a238e13590636f803eafb1e23c36b8,evidence/final_snapshot/results/nonlinear_transfer_v1/object_2009/top1_cap2_cache/rep0/result.json,False
eff_nonlinear,2009,a17.efficiency.nonlinear_transfer.v1,249336d3e6be1dbd182f342612f91a6a035d032f430c9448f3bfaf6b7ed24bda,8,EXACT_GEOMETRY_BANK_HIT,OK,0.6450155000202358,"{""geometry_signature_hash"": 0.643442899978254, ""identity_and_content_comparison"": 7.700000423938036e-06, ""bank_key_lookup"": 5.699985194951296e-06, ""hit_bank_and_metadata_copy"": 0.001421299995854497}",0.0001379000605084002,430023168,0,2654208,e8b6ae0a97de23db232d3c2731a642b0e2a238e13590636f803eafb1e23c36b8,evidence/final_snapshot/results/nonlinear_transfer_v1/object_2009/top1_cap2_cache/rep0/result.json,False
eff_nonlinear,2009,a17.efficiency.nonlinear_transfer.v1,249336d3e6be1dbd182f342612f91a6a035d032f430c9448f3bfaf6b7ed24bda,9,EXACT_GEOMETRY_BANK_HIT,OK,0.6469981999834999,"{""geometry_signature_hash"": 0.6454761000350118, ""identity_and_content_comparison"": 8.300004992634058e-06, ""bank_key_lookup"": 5.199981387704611e-06, ""hit_bank_and_metadata_copy"": 0.0013725999742746353}",0.00013599998783320189,430023168,0,2654208,e8b6ae0a97de23db232d3c2731a642b0e2a238e13590636f803eafb1e23c36b8,evidence/final_snapshot/results/nonlinear_transfer_v1/object_2009/top1_cap2_cache/rep0/result.json,False
eff_nonlinear,2009,a17.efficiency.nonlinear_transfer.v1,249336d3e6be1dbd182f342612f91a6a035d032f430c9448f3bfaf6b7ed24bda,10,EXACT_GEOMETRY_BANK_HIT,OK,0.6758797999937087,"{""geometry_signature_hash"": 0.6737607000395656, ""identity_and_content_comparison"": 8.800008799880743e-06, ""bank_key_lookup"": 5.800044164061546e-06, ""hit_bank_and_metadata_copy"": 0.0019591000163927674}",0.00014539988478645682,430023168,0,2654208,e8b6ae0a97de23db232d3c2731a642b0e2a238e13590636f803eafb1e23c36b8,evidence/final_snapshot/results/nonlinear_transfer_v1/object_2009/top1_cap2_cache/rep0/result.json,False
eff_nonlinear,2009,a17.efficiency.nonlinear_transfer.v1,249336d3e6be1dbd182f342612f91a6a035d032f430c9448f3bfaf6b7ed24bda,11,EXACT_GEOMETRY_BANK_HIT,OK,0.6611985000199638,"{""geometry_signature_hash"": 0.6597691000206396, ""identity_and_content_comparison"": 1.1700030881911516e-05, ""bank_key_lookup"": 4.699977580457926e-06, ""hit_bank_and_metadata_copy"": 0.0012795000220648944}",0.00013349996879696846,430023168,0,2654208,e8b6ae0a97de23db232d3c2731a642b0e2a238e13590636f803eafb1e23c36b8,evidence/final_snapshot/results/nonlinear_transfer_v1/object_2009/top1_cap2_cache/rep0/result.json,False
eff_nonlinear,2009,a17.efficiency.nonlinear_transfer.v1,249336d3e6be1dbd182f342612f91a6a035d032f430c9448f3bfaf6b7ed24bda,12,EXACT_GEOMETRY_BANK_HIT,OK,0.6489866999909282,"{""geometry_signature_hash"": 0.6474037000443786, ""identity_and_content_comparison"": 8.100003469735384e-06, ""bank_key_lookup"": 5.799985956400633e-06, ""hit_bank_and_metadata_copy"": 0.001428099989425391}",0.00014099996769800782,430023168,0,2654208,e8b6ae0a97de23db232d3c2731a642b0e2a238e13590636f803eafb1e23c36b8,evidence/final_snapshot/results/nonlinear_transfer_v1/object_2009/top1_cap2_cache/rep0/result.json,False
eff_nonlinear,2009,a17.efficiency.nonlinear_transfer.v1,249336d3e6be1dbd182f342612f91a6a035d032f430c9448f3bfaf6b7ed24bda,13,EXACT_GEOMETRY_BANK_HIT,OK,0.6522101999726146,"{""geometry_signature_hash"": 0.6503790999995545, ""identity_and_content_comparison"": 8.700008038431406e-06, ""bank_key_lookup"": 4.999979864805937e-06, ""hit_bank_and_metadata_copy"": 0.001670599973294884}",0.00014680001186206937,430023168,0,2654208,e8b6ae0a97de23db232d3c2731a642b0e2a238e13590636f803eafb1e23c36b8,evidence/final_snapshot/results/nonlinear_transfer_v1/object_2009/top1_cap2_cache/rep0/result.json,False
eff_nonlinear,2009,a17.efficiency.nonlinear_transfer.v1,249336d3e6be1dbd182f342612f91a6a035d032f430c9448f3bfaf6b7ed24bda,14,EXACT_GEOMETRY_BANK_HIT,OK,0.657367300009355,"{""geometry_signature_hash"": 0.6558446999988519, ""identity_and_content_comparison"": 7.700000423938036e-06, ""bank_key_lookup"": 5.89998671784997e-06, ""hit_bank_and_metadata_copy"": 0.0013648999738506973}",0.00014410004951059818,430023168,0,2654208,e8b6ae0a97de23db232d3c2731a642b0e2a238e13590636f803eafb1e23c36b8,evidence/final_snapshot/results/nonlinear_transfer_v1/object_2009/top1_cap2_cache/rep0/result.json,False
eff_nonlinear,2009,a17.efficiency.nonlinear_transfer.v1,249336d3e6be1dbd182f342612f91a6a035d032f430c9448f3bfaf6b7ed24bda,15,EXACT_GEOMETRY_BANK_HIT,OK,0.6494305999949574,"{""geometry_signature_hash"": 0.6479133000248112, ""identity_and_content_comparison"": 8.200004231184721e-06, ""bank_key_lookup"": 5.099980626255274e-06, ""hit_bank_and_metadata_copy"": 0.00137189996894449}",0.00013210001634433866,430023168,0,2654208,e8b6ae0a97de23db232d3c2731a642b0e2a238e13590636f803eafb1e23c36b8,evidence/final_snapshot/results/nonlinear_transfer_v1/object_2009/top1_cap2_cache/rep0/result.json,False
eff_nonlinear,2009,a17.efficiency.nonlinear_transfer.v1,249336d3e6be1dbd182f342612f91a6a035d032f430c9448f3bfaf6b7ed24bda,16,EXACT_GEOMETRY_BANK_HIT,OK,0.6668926000129431,"{""geometry_signature_hash"": 0.6651996999862604, ""identity_and_content_comparison"": 8.100003469735384e-06, ""bank_key_lookup"": 7.399998139590025e-06, ""hit_bank_and_metadata_copy"": 0.0015143000055104494}",0.00016310001956298947,430023168,0,2654208,e8b6ae0a97de23db232d3c2731a642b0e2a238e13590636f803eafb1e23c36b8,evidence/final_snapshot/results/nonlinear_transfer_v1/object_2009/top1_cap2_cache/rep0/result.json,False
eff_nonlinear,2009,a17.efficiency.nonlinear_transfer.v1,249336d3e6be1dbd182f342612f91a6a035d032f430c9448f3bfaf6b7ed24bda,17,EXACT_GEOMETRY_BANK_HIT,OK,0.6563172999885865,"{""geometry_signature_hash"": 0.6547812999924645, ""identity_and_content_comparison"": 7.800001185387373e-06, ""bank_key_lookup"": 4.8999791033566e-06, ""hit_bank_and_metadata_copy"": 0.0013936000177636743}",0.00012969999806955457,430023168,0,2654208,e8b6ae0a97de23db232d3c2731a642b0e2a238e13590636f803eafb1e23c36b8,evidence/final_snapshot/results/nonlinear_transfer_v1/object_2009/top1_cap2_cache/rep0/result.json,False
eff_nonlinear,2009,a17.efficiency.nonlinear_transfer.v1,249336d3e6be1dbd182f342612f91a6a035d032f430c9448f3bfaf6b7ed24bda,18,EXACT_GEOMETRY_BANK_HIT,OK,0.6515467000426725,"{""geometry_signature_hash"": 0.6501105999923311, ""identity_and_content_comparison"": 7.800001185387373e-06, ""bank_key_lookup"": 5.799985956400633e-06, ""hit_bank_and_metadata_copy"": 0.0012832999927923083}",0.00013920007040724158,430023168,0,2654208,e8b6ae0a97de23db232d3c2731a642b0e2a238e13590636f803eafb1e23c36b8,evidence/final_snapshot/results/nonlinear_transfer_v1/object_2009/top1_cap2_cache/rep0/result.json,False
eff_nonlinear,2009,a17.efficiency.nonlinear_transfer.v1,249336d3e6be1dbd182f342612f91a6a035d032f430c9448f3bfaf6b7ed24bda,19,EXACT_GEOMETRY_BANK_HIT,OK,0.6370123000233434,"{""geometry_signature_hash"": 0.6355582000105642, ""identity_and_content_comparison"": 8.90000956133008e-06, ""bank_key_lookup"": 2.8999638743698597e-06, ""hit_bank_and_metadata_copy"": 0.0013057999894954264}",0.00013650004984810948,430023168,0,2654208,e8b6ae0a97de23db232d3c2731a642b0e2a238e13590636f803eafb1e23c36b8,evidence/final_snapshot/results/nonlinear_transfer_v1/object_2009/top1_cap2_cache/rep0/result.json,False
eff_nonlinear,2009,a17.efficiency.nonlinear_transfer.v1,249336d3e6be1dbd182f342612f91a6a035d032f430c9448f3bfaf6b7ed24bda,20,EXACT_GEOMETRY_BANK_HIT,OK,0.6221755999722518,"{""geometry_signature_hash"": 0.6207136000157334, ""identity_and_content_comparison"": 9.000010322779417e-06, ""bank_key_lookup"": 5.600042641162872e-06, ""hit_bank_and_metadata_copy"": 0.0013143999967724085}",0.00013299990678206086,430023168,0,2654208,e8b6ae0a97de23db232d3c2731a642b0e2a238e13590636f803eafb1e23c36b8,evidence/final_snapshot/results/nonlinear_transfer_v1/object_2009/top1_cap2_cache/rep0/result.json,False
eff_nonlinear,2009,a17.efficiency.nonlinear_transfer.v1,249336d3e6be1dbd182f342612f91a6a035d032f430c9448f3bfaf6b7ed24bda,21,EXACT_GEOMETRY_BANK_HIT,OK,0.6433453999925405,"{""geometry_signature_hash"": 0.6417973999632522, ""identity_and_content_comparison"": 8.600007276982069e-06, ""bank_key_lookup"": 5.300040356814861e-06, ""hit_bank_and_metadata_copy"": 0.0013961000367999077}",0.0001379999448545277,430023168,0,2654208,e8b6ae0a97de23db232d3c2731a642b0e2a238e13590636f803eafb1e23c36b8,evidence/final_snapshot/results/nonlinear_transfer_v1/object_2009/top1_cap2_cache/rep0/result.json,False
eff_nonlinear,2009,a17.efficiency.nonlinear_transfer.v1,249336d3e6be1dbd182f342612f91a6a035d032f430c9448f3bfaf6b7ed24bda,22,EXACT_GEOMETRY_BANK_HIT,OK,0.6523485999787226,"{""geometry_signature_hash"": 0.6502480999915861, ""identity_and_content_comparison"": 7.299997378140688e-06, ""bank_key_lookup"": 1.0000017937272787e-05, ""hit_bank_and_metadata_copy"": 0.0019371999660506845}",0.00014600000577047467,430023168,0,2654208,e8b6ae0a97de23db232d3c2731a642b0e2a238e13590636f803eafb1e23c36b8,evidence/final_snapshot/results/nonlinear_transfer_v1/object_2009/top1_cap2_cache/rep0/result.json,False
eff_nonlinear,2009,a17.efficiency.nonlinear_transfer.v1,249336d3e6be1dbd182f342612f91a6a035d032f430c9448f3bfaf6b7ed24bda,23,EXACT_GEOMETRY_BANK_HIT,OK,0.6515339000034146,"{""geometry_signature_hash"": 0.6500396999763325, ""identity_and_content_comparison"": 8.700008038431406e-06, ""bank_key_lookup"": 5.400041118264198e-06, ""hit_bank_and_metadata_copy"": 0.0013461000053212047}",0.00013399997260421515,430023168,0,2654208,e8b6ae0a97de23db232d3c2731a642b0e2a238e13590636f803eafb1e23c36b8,evidence/final_snapshot/results/nonlinear_transfer_v1/object_2009/top1_cap2_cache/rep0/result.json,False
eff_nonlinear,2009,a17.efficiency.nonlinear_transfer.v1,249336d3e6be1dbd182f342612f91a6a035d032f430c9448f3bfaf6b7ed24bda,24,EXACT_GEOMETRY_BANK_HIT,OK,0.6508191999746487,"{""geometry_signature_hash"": 0.6492467999923974, ""identity_and_content_comparison"": 8.200004231184721e-06, ""bank_key_lookup"": 5.699985194951296e-06, ""hit_bank_and_metadata_copy"": 0.0014250999665819108}",0.00013340002624318004,430023168,0,2654208,e8b6ae0a97de23db232d3c2731a642b0e2a238e13590636f803eafb1e23c36b8,evidence/final_snapshot/results/nonlinear_transfer_v1/object_2009/top1_cap2_cache/rep0/result.json,False
eff_nonlinear,2009,a17.efficiency.nonlinear_transfer.v1,249336d3e6be1dbd182f342612f91a6a035d032f430c9448f3bfaf6b7ed24bda,25,EXACT_GEOMETRY_BANK_HIT,OK,0.6439226999646053,"{""geometry_signature_hash"": 0.6422478999593295, ""identity_and_content_comparison"": 1.1500029359012842e-05, ""bank_key_lookup"": 5.599984433501959e-06, ""hit_bank_and_metadata_copy"": 0.0012956999707967043}",0.00036200002068653703,430023168,0,2654208,e8b6ae0a97de23db232d3c2731a642b0e2a238e13590636f803eafb1e23c36b8,evidence/final_snapshot/results/nonlinear_transfer_v1/object_2009/top1_cap2_cache/rep0/result.json,False
eff_nonlinear,2009,a17.efficiency.nonlinear_transfer.v1,249336d3e6be1dbd182f342612f91a6a035d032f430c9448f3bfaf6b7ed24bda,26,EXACT_GEOMETRY_BANK_HIT,OK,0.6475737000000663,"{""geometry_signature_hash"": 0.6460882000392303, ""identity_and_content_comparison"": 8.100003469735384e-06, ""bank_key_lookup"": 6.799993570894003e-06, ""hit_bank_and_metadata_copy"": 0.001336999994236976}",0.0001335999695584178,430023168,0,2654208,e8b6ae0a97de23db232d3c2731a642b0e2a238e13590636f803eafb1e23c36b8,evidence/final_snapshot/results/nonlinear_transfer_v1/object_2009/top1_cap2_cache/rep0/result.json,False
eff_nonlinear,2009,a17.efficiency.nonlinear_transfer.v1,249336d3e6be1dbd182f342612f91a6a035d032f430c9448f3bfaf6b7ed24bda,27,EXACT_GEOMETRY_BANK_HIT,OK,0.6405271000112407,"{""geometry_signature_hash"": 0.6389414999866858, ""identity_and_content_comparison"": 7.599999662488699e-06, ""bank_key_lookup"": 4.799978341907263e-06, ""hit_bank_and_metadata_copy"": 0.001433999976143241}",0.00013920007040724158,430023168,0,2654208,e8b6ae0a97de23db232d3c2731a642b0e2a238e13590636f803eafb1e23c36b8,evidence/final_snapshot/results/nonlinear_transfer_v1/object_2009/top1_cap2_cache/rep0/result.json,False
eff_nonlinear,2009,a17.efficiency.nonlinear_transfer.v1,249336d3e6be1dbd182f342612f91a6a035d032f430c9448f3bfaf6b7ed24bda,28,EXACT_GEOMETRY_BANK_HIT,OK,0.6547623999649659,"{""geometry_signature_hash"": 0.6533003999502398, ""identity_and_content_comparison"": 7.90000194683671e-06, ""bank_key_lookup"": 5.89998671784997e-06, ""hit_bank_and_metadata_copy"": 0.001318099966738373}",0.00013010005932301283,430023168,0,2654208,e8b6ae0a97de23db232d3c2731a642b0e2a238e13590636f803eafb1e23c36b8,evidence/final_snapshot/results/nonlinear_transfer_v1/object_2009/top1_cap2_cache/rep0/result.json,False
eff_nonlinear,2009,a17.efficiency.nonlinear_transfer.v1,249336d3e6be1dbd182f342612f91a6a035d032f430c9448f3bfaf6b7ed24bda,29,EXACT_GEOMETRY_BANK_HIT,OK,0.6479235000442713,"{""geometry_signature_hash"": 0.6464908000198193, ""identity_and_content_comparison"": 7.800001185387373e-06, ""bank_key_lookup"": 4.900037311017513e-06, ""hit_bank_and_metadata_copy"": 0.0012775000068359077}",0.00014249997911974788,430023168,0,2654208,e8b6ae0a97de23db232d3c2731a642b0e2a238e13590636f803eafb1e23c36b8,evidence/final_snapshot/results/nonlinear_transfer_v1/object_2009/top1_cap2_cache/rep0/result.json,False
eff_nonlinear,2009,a17.efficiency.nonlinear_transfer.v1,249336d3e6be1dbd182f342612f91a6a035d032f430c9448f3bfaf6b7ed24bda,30,EXACT_GEOMETRY_BANK_HIT,OK,0.6443751000333577,"{""geometry_signature_hash"": 0.6428573000011966, ""identity_and_content_comparison"": 8.499948307871819e-06, ""bank_key_lookup"": 5.89998671784997e-06, ""hit_bank_and_metadata_copy"": 0.0013692000065930188}",0.00013420009054243565,430023168,0,2654208,e8b6ae0a97de23db232d3c2731a642b0e2a238e13590636f803eafb1e23c36b8,evidence/final_snapshot/results/nonlinear_transfer_v1/object_2009/top1_cap2_cache/rep0/result.json,False
eff_nonlinear,2009,a17.efficiency.nonlinear_transfer.v1,249336d3e6be1dbd182f342612f91a6a035d032f430c9448f3bfaf6b7ed24bda,31,EXACT_GEOMETRY_BANK_HIT,OK,0.6473149000084959,"{""geometry_signature_hash"": 0.6449483999749646, ""identity_and_content_comparison"": 8.400005754083395e-06, ""bank_key_lookup"": 5.599984433501959e-06, ""hit_bank_and_metadata_copy"": 0.0016683000139892101}",0.0006842000293545425,430023168,0,2654208,e8b6ae0a97de23db232d3c2731a642b0e2a238e13590636f803eafb1e23c36b8,evidence/final_snapshot/results/nonlinear_transfer_v1/object_2009/top1_cap2_cache/rep0/result.json,False
eff_nonlinear,2009,a17.efficiency.nonlinear_transfer.v1,249336d3e6be1dbd182f342612f91a6a035d032f430c9448f3bfaf6b7ed24bda,32,EXACT_GEOMETRY_BANK_HIT,OK,0.6567822999786586,"{""geometry_signature_hash"": 0.655155599990394, ""identity_and_content_comparison"": 8.000002708286047e-06, ""bank_key_lookup"": 5.700043402612209e-06, ""hit_bank_and_metadata_copy"": 0.001436699996702373}",0.00017629994545131922,430023168,0,2654208,e8b6ae0a97de23db232d3c2731a642b0e2a238e13590636f803eafb1e23c36b8,evidence/final_snapshot/results/nonlinear_transfer_v1/object_2009/top1_cap2_cache/rep0/result.json,False
eff_nonlinear,2009,a17.efficiency.nonlinear_transfer.v1,249336d3e6be1dbd182f342612f91a6a035d032f430c9448f3bfaf6b7ed24bda,33,EXACT_GEOMETRY_BANK_HIT,OK,0.6339231000165455,"{""geometry_signature_hash"": 0.6324138999916613, ""identity_and_content_comparison"": 8.200004231184721e-06, ""bank_key_lookup"": 5.00003807246685e-06, ""hit_bank_and_metadata_copy"": 0.001347100012935698}",0.00014889996964484453,430023168,0,2654208,e8b6ae0a97de23db232d3c2731a642b0e2a238e13590636f803eafb1e23c36b8,evidence/final_snapshot/results/nonlinear_transfer_v1/object_2009/top1_cap2_cache/rep0/result.json,False
eff_nonlinear,2009,a17.efficiency.nonlinear_transfer.v1,249336d3e6be1dbd182f342612f91a6a035d032f430c9448f3bfaf6b7ed24bda,34,EXACT_GEOMETRY_BANK_HIT,OK,0.6496527999988757,"{""geometry_signature_hash"": 0.6482272999710403, ""identity_and_content_comparison"": 7.800001185387373e-06, ""bank_key_lookup"": 5.900044925510883e-06, ""hit_bank_and_metadata_copy"": 0.0012774000060744584}",0.0001343999756500125,430023168,0,2654208,e8b6ae0a97de23db232d3c2731a642b0e2a238e13590636f803eafb1e23c36b8,evidence/final_snapshot/results/nonlinear_transfer_v1/object_2009/top1_cap2_cache/rep0/result.json,False
eff_nonlinear,2009,a17.efficiency.nonlinear_transfer.v1,249336d3e6be1dbd182f342612f91a6a035d032f430c9448f3bfaf6b7ed24bda,35,EXACT_GEOMETRY_BANK_HIT,OK,0.650006499956362,"{""geometry_signature_hash"": 0.6479968999628909, ""identity_and_content_comparison"": 8.100003469735384e-06, ""bank_key_lookup"": 4.999979864805937e-06, ""hit_bank_and_metadata_copy"": 0.0018449000199325383}",0.00015159999020397663,430023168,0,2654208,e8b6ae0a97de23db232d3c2731a642b0e2a238e13590636f803eafb1e23c36b8,evidence/final_snapshot/results/nonlinear_transfer_v1/object_2009/top1_cap2_cache/rep0/result.json,False
eff_nonlinear,2009,a17.efficiency.nonlinear_transfer.v1,77e26c72ae57609f6745b31d1e96c80f204a89a500a9ab13b197257d257d56f8,0,MISS_ORIGINAL_ACQUISITION,OK,5.760674900026061,"{""geometry_signature_hash"": 1.2800857000402175, ""identity_and_content_comparison"": 7.800001185387373e-06, ""cache_invalidation"": 1.8799968529492617e-05, ""bank_key_lookup"": 3.6999699659645557e-06, ""original_provider_call"": 4.479057000018656, ""first_bank_storage_copy"": 0.0012731999740935862}",0.00022870005341246724,860046336,2654208,0,e8b6ae0a97de23db232d3c2731a642b0e2a238e13590636f803eafb1e23c36b8,evidence/final_snapshot/results/nonlinear_transfer_v1/object_2009/top1_cap2_cache/rep1/result.json,False
eff_nonlinear,2009,a17.efficiency.nonlinear_transfer.v1,77e26c72ae57609f6745b31d1e96c80f204a89a500a9ab13b197257d257d56f8,1,EXACT_GEOMETRY_BANK_HIT,OK,0.6426586000015959,"{""geometry_signature_hash"": 0.6410030999686569, ""identity_and_content_comparison"": 8.100003469735384e-06, ""bank_key_lookup"": 4.399975296109915e-06, ""hit_bank_and_metadata_copy"": 0.0015007999609224498}",0.0001422000932507217,430023168,0,2654208,e8b6ae0a97de23db232d3c2731a642b0e2a238e13590636f803eafb1e23c36b8,evidence/final_snapshot/results/nonlinear_transfer_v1/object_2009/top1_cap2_cache/rep1/result.json,False
eff_nonlinear,2009,a17.efficiency.nonlinear_transfer.v1,77e26c72ae57609f6745b31d1e96c80f204a89a500a9ab13b197257d257d56f8,2,EXACT_GEOMETRY_BANK_HIT,OK,0.6401138000073843,"{""geometry_signature_hash"": 0.6385274000349455, ""identity_and_content_comparison"": 9.600014891475439e-06, ""bank_key_lookup"": 5.699985194951296e-06, ""hit_bank_and_metadata_copy"": 0.0014239000156521797}",0.0001471999567002058,430023168,0,2654208,e8b6ae0a97de23db232d3c2731a642b0e2a238e13590636f803eafb1e23c36b8,evidence/final_snapshot/results/nonlinear_transfer_v1/object_2009/top1_cap2_cache/rep1/result.json,False
eff_nonlinear,2009,a17.efficiency.nonlinear_transfer.v1,77e26c72ae57609f6745b31d1e96c80f204a89a500a9ab13b197257d257d56f8,3,EXACT_GEOMETRY_BANK_HIT,OK,0.6433867000159808,"{""geometry_signature_hash"": 0.6419571999576874, ""identity_and_content_comparison"": 8.600007276982069e-06, ""bank_key_lookup"": 4.8999791033566e-06, ""hit_bank_and_metadata_copy"": 0.0012775000068359077}",0.00013850006507709622,430023168,0,2654208,e8b6ae0a97de23db232d3c2731a642b0e2a238e13590636f803eafb1e23c36b8,evidence/final_snapshot/results/nonlinear_transfer_v1/object_2009/top1_cap2_cache/rep1/result.json,False
eff_nonlinear,2009,a17.efficiency.nonlinear_transfer.v1,77e26c72ae57609f6745b31d1e96c80f204a89a500a9ab13b197257d257d56f8,4,EXACT_GEOMETRY_BANK_HIT,OK,0.6487283000024036,"{""geometry_signature_hash"": 0.6471435999847017, ""identity_and_content_comparison"": 8.800008799880743e-06, ""bank_key_lookup"": 5.399982910603285e-06, ""hit_bank_and_metadata_copy"": 0.0012730999733321369}",0.00029740005265921354,430023168,0,2654208,e8b6ae0a97de23db232d3c2731a642b0e2a238e13590636f803eafb1e23c36b8,evidence/final_snapshot/results/nonlinear_transfer_v1/object_2009/top1_cap2_cache/rep1/result.json,False
eff_nonlinear,2009,a17.efficiency.nonlinear_transfer.v1,77e26c72ae57609f6745b31d1e96c80f204a89a500a9ab13b197257d257d56f8,5,EXACT_GEOMETRY_BANK_HIT,OK,0.6411246000207029,"{""geometry_signature_hash"": 0.6393175999983214, ""identity_and_content_comparison"": 8.800008799880743e-06, ""bank_key_lookup"": 5.099980626255274e-06, ""hit_bank_and_metadata_copy"": 0.0016455999575555325}",0.00014750007539987564,430023168,0,2654208,e8b6ae0a97de23db232d3c2731a642b0e2a238e13590636f803eafb1e23c36b8,evidence/final_snapshot/results/nonlinear_transfer_v1/object_2009/top1_cap2_cache/rep1/result.json,False
eff_nonlinear,2009,a17.efficiency.nonlinear_transfer.v1,77e26c72ae57609f6745b31d1e96c80f204a89a500a9ab13b197257d257d56f8,6,EXACT_GEOMETRY_BANK_HIT,OK,0.6470992999966256,"{""geometry_signature_hash"": 0.6456070999847725, ""identity_and_content_comparison"": 8.400005754083395e-06, ""bank_key_lookup"": 9.09995287656784e-06, ""hit_bank_and_metadata_copy"": 0.001340000017080456}",0.00013470003614202142,430023168,0,2654208,e8b6ae0a97de23db232d3c2731a642b0e2a238e13590636f803eafb1e23c36b8,evidence/final_snapshot/results/nonlinear_transfer_v1/object_2009/top1_cap2_cache/rep1/result.json,False
eff_nonlinear,2009,a17.efficiency.nonlinear_transfer.v1,77e26c72ae57609f6745b31d1e96c80f204a89a500a9ab13b197257d257d56f8,7,EXACT_GEOMETRY_BANK_HIT,OK,0.6410271000349894,"{""geometry_signature_hash"": 0.6395980000379495, ""identity_and_content_comparison"": 8.800008799880743e-06, ""bank_key_lookup"": 5.299982149153948e-06, ""hit_bank_and_metadata_copy"": 0.0012661999789997935}",0.0001488000270910561,430023168,0,2654208,e8b6ae0a97de23db232d3c2731a642b0e2a238e13590636f803eafb1e23c36b8,evidence/final_snapshot/results/nonlinear_transfer_v1/object_2009/top1_cap2_cache/rep1/result.json,False
eff_nonlinear,2009,a17.efficiency.nonlinear_transfer.v1,77e26c72ae57609f6745b31d1e96c80f204a89a500a9ab13b197257d257d56f8,8,EXACT_GEOMETRY_BANK_HIT,OK,0.6514625999843702,"{""geometry_signature_hash"": 0.6496338000288233, ""identity_and_content_comparison"": 9.499955922365189e-06, ""bank_key_lookup"": 5.999987479299307e-06, ""hit_bank_and_metadata_copy"": 0.0016709999763406813}",0.00014230003580451012,430023168,0,2654208,e8b6ae0a97de23db232d3c2731a642b0e2a238e13590636f803eafb1e23c36b8,evidence/final_snapshot/results/nonlinear_transfer_v1/object_2009/top1_cap2_cache/rep1/result.json,False
eff_nonlinear,2009,a17.efficiency.nonlinear_transfer.v1,77e26c72ae57609f6745b31d1e96c80f204a89a500a9ab13b197257d257d56f8,9,EXACT_GEOMETRY_BANK_HIT,OK,0.6442602999741212,"{""geometry_signature_hash"": 0.6424675000016578, ""identity_and_content_comparison"": 9.000010322779417e-06, ""bank_key_lookup"": 4.8999791033566e-06, ""hit_bank_and_metadata_copy"": 0.0016349999932572246}",0.0001438999897800386,430023168,0,2654208,e8b6ae0a97de23db232d3c2731a642b0e2a238e13590636f803eafb1e23c36b8,evidence/final_snapshot/results/nonlinear_transfer_v1/object_2009/top1_cap2_cache/rep1/result.json,False
eff_nonlinear,2009,a17.efficiency.nonlinear_transfer.v1,77e26c72ae57609f6745b31d1e96c80f204a89a500a9ab13b197257d257d56f8,10,EXACT_GEOMETRY_BANK_HIT,OK,0.653509900032077,"{""geometry_signature_hash"": 0.6518376999883913, ""identity_and_content_comparison"": 9.200011845678091e-06, ""bank_key_lookup"": 6.099988240748644e-06, ""hit_bank_and_metadata_copy"": 0.001507700013462454}",0.00014920003013685346,430023168,0,2654208,e8b6ae0a97de23db232d3c2731a642b0e2a238e13590636f803eafb1e23c36b8,evidence/final_snapshot/results/nonlinear_transfer_v1/object_2009/top1_cap2_cache/rep1/result.json,False
eff_nonlinear,2009,a17.efficiency.nonlinear_transfer.v1,77e26c72ae57609f6745b31d1e96c80f204a89a500a9ab13b197257d257d56f8,11,EXACT_GEOMETRY_BANK_HIT,OK,0.6553062999737449,"{""geometry_signature_hash"": 0.6538571999990381, ""identity_and_content_comparison"": 8.600007276982069e-06, ""bank_key_lookup"": 4.799978341907263e-06, ""hit_bank_and_metadata_copy"": 0.0012962999753654003}",0.00013940001372247934,430023168,0,2654208,e8b6ae0a97de23db232d3c2731a642b0e2a238e13590636f803eafb1e23c36b8,evidence/final_snapshot/results/nonlinear_transfer_v1/object_2009/top1_cap2_cache/rep1/result.json,False
eff_nonlinear,2009,a17.efficiency.nonlinear_transfer.v1,77e26c72ae57609f6745b31d1e96c80f204a89a500a9ab13b197257d257d56f8,12,EXACT_GEOMETRY_BANK_HIT,OK,0.6475571999908425,"{""geometry_signature_hash"": 0.6461089000222273, ""identity_and_content_comparison"": 9.899958968162537e-06, ""bank_key_lookup"": 5.499983672052622e-06, ""hit_bank_and_metadata_copy"": 0.0012959999730810523}",0.00013690005289390683,430023168,0,2654208,e8b6ae0a97de23db232d3c2731a642b0e2a238e13590636f803eafb1e23c36b8,evidence/final_snapshot/results/nonlinear_transfer_v1/object_2009/top1_cap2_cache/rep1/result.json,False
eff_nonlinear,2009,a17.efficiency.nonlinear_transfer.v1,77e26c72ae57609f6745b31d1e96c80f204a89a500a9ab13b197257d257d56f8,13,EXACT_GEOMETRY_BANK_HIT,OK,0.6579334000125527,"{""geometry_signature_hash"": 0.6562874999945052, ""identity_and_content_comparison"": 8.700008038431406e-06, ""bank_key_lookup"": 4.999979864805937e-06, ""hit_bank_and_metadata_copy"": 0.0014531000051647425}",0.00017910002497956157,430023168,0,2654208,e8b6ae0a97de23db232d3c2731a642b0e2a238e13590636f803eafb1e23c36b8,evidence/final_snapshot/results/nonlinear_transfer_v1/object_2009/top1_cap2_cache/rep1/result.json,False
eff_nonlinear,2009,a17.efficiency.nonlinear_transfer.v1,77e26c72ae57609f6745b31d1e96c80f204a89a500a9ab13b197257d257d56f8,14,EXACT_GEOMETRY_BANK_HIT,OK,0.6628521999809891,"{""geometry_signature_hash"": 0.6612840999732725, ""identity_and_content_comparison"": 9.800016414374113e-06, ""bank_key_lookup"": 5.89998671784997e-06, ""hit_bank_and_metadata_copy"": 0.0013992000021971762}",0.00015320000238716602,430023168,0,2654208,e8b6ae0a97de23db232d3c2731a642b0e2a238e13590636f803eafb1e23c36b8,evidence/final_snapshot/results/nonlinear_transfer_v1/object_2009/top1_cap2_cache/rep1/result.json,False
eff_nonlinear,2009,a17.efficiency.nonlinear_transfer.v1,77e26c72ae57609f6745b31d1e96c80f204a89a500a9ab13b197257d257d56f8,15,EXACT_GEOMETRY_BANK_HIT,OK,0.6484109000302851,"{""geometry_signature_hash"": 0.6469569000182673, ""identity_and_content_comparison"": 8.700008038431406e-06, ""bank_key_lookup"": 2.100015990436077e-06, ""hit_bank_and_metadata_copy"": 0.0013189000310376287}",0.00012429995695129037,430023168,0,2654208,e8b6ae0a97de23db232d3c2731a642b0e2a238e13590636f803eafb1e23c36b8,evidence/final_snapshot/results/nonlinear_transfer_v1/object_2009/top1_cap2_cache/rep1/result.json,False
eff_nonlinear,2009,a17.efficiency.nonlinear_transfer.v1,77e26c72ae57609f6745b31d1e96c80f204a89a500a9ab13b197257d257d56f8,16,EXACT_GEOMETRY_BANK_HIT,OK,0.6490559999947436,"{""geometry_signature_hash"": 0.6475108999875374, ""identity_and_content_comparison"": 9.699957445263863e-06, ""bank_key_lookup"": 6.099988240748644e-06, ""hit_bank_and_metadata_copy"": 0.0013835999998264015}",0.00014570006169378757,430023168,0,2654208,e8b6ae0a97de23db232d3c2731a642b0e2a238e13590636f803eafb1e23c36b8,evidence/final_snapshot/results/nonlinear_transfer_v1/object_2009/top1_cap2_cache/rep1/result.json,False
eff_nonlinear,2009,a17.efficiency.nonlinear_transfer.v1,77e26c72ae57609f6745b31d1e96c80f204a89a500a9ab13b197257d257d56f8,17,EXACT_GEOMETRY_BANK_HIT,OK,0.6533127999864519,"{""geometry_signature_hash"": 0.6519395999494009, ""identity_and_content_comparison"": 8.200004231184721e-06, ""bank_key_lookup"": 5.399982910603285e-06, ""hit_bank_and_metadata_copy"": 0.001226700027473271}",0.00013290002243593335,430023168,0,2654208,e8b6ae0a97de23db232d3c2731a642b0e2a238e13590636f803eafb1e23c36b8,evidence/final_snapshot/results/nonlinear_transfer_v1/object_2009/top1_cap2_cache/rep1/result.json,False
eff_nonlinear,2009,a17.efficiency.nonlinear_transfer.v1,77e26c72ae57609f6745b31d1e96c80f204a89a500a9ab13b197257d257d56f8,18,EXACT_GEOMETRY_BANK_HIT,OK,0.6495890999794938,"{""geometry_signature_hash"": 0.648116999946069, ""identity_and_content_comparison"": 9.800016414374113e-06, ""bank_key_lookup"": 5.700043402612209e-06, ""hit_bank_and_metadata_copy"": 0.001319000031799078}",0.00013759994180873036,430023168,0,2654208,e8b6ae0a97de23db232d3c2731a642b0e2a238e13590636f803eafb1e23c36b8,evidence/final_snapshot/results/nonlinear_transfer_v1/object_2009/top1_cap2_cache/rep1/result.json,False
eff_nonlinear,2009,a17.efficiency.nonlinear_transfer.v1,77e26c72ae57609f6745b31d1e96c80f204a89a500a9ab13b197257d257d56f8,19,EXACT_GEOMETRY_BANK_HIT,OK,0.6434109999681823,"{""geometry_signature_hash"": 0.641875000030268, ""identity_and_content_comparison"": 8.400005754083395e-06, ""bank_key_lookup"": 5.00003807246685e-06, ""hit_bank_and_metadata_copy"": 0.0013601999962702394}",0.0001623998978175223,430023168,0,2654208,e8b6ae0a97de23db232d3c2731a642b0e2a238e13590636f803eafb1e23c36b8,evidence/final_snapshot/results/nonlinear_transfer_v1/object_2009/top1_cap2_cache/rep1/result.json,False
eff_nonlinear,2009,a17.efficiency.nonlinear_transfer.v1,77e26c72ae57609f6745b31d1e96c80f204a89a500a9ab13b197257d257d56f8,20,EXACT_GEOMETRY_BANK_HIT,OK,0.6575695000356063,"{""geometry_signature_hash"": 0.6559825000003912, ""identity_and_content_comparison"": 1.0000017937272787e-05, ""bank_key_lookup"": 5.599984433501959e-06, ""hit_bank_and_metadata_copy"": 0.0014303000061772764}",0.00014110002666711807,430023168,0,2654208,e8b6ae0a97de23db232d3c2731a642b0e2a238e13590636f803eafb1e23c36b8,evidence/final_snapshot/results/nonlinear_transfer_v1/object_2009/top1_cap2_cache/rep1/result.json,False
eff_nonlinear,2009,a17.efficiency.nonlinear_transfer.v1,77e26c72ae57609f6745b31d1e96c80f204a89a500a9ab13b197257d257d56f8,21,EXACT_GEOMETRY_BANK_HIT,OK,0.653757200052496,"{""geometry_signature_hash"": 0.6520732000353746, ""identity_and_content_comparison"": 8.199946023523808e-06, ""bank_key_lookup"": 5.200039595365524e-06, ""hit_bank_and_metadata_copy"": 0.0015252000303007662}",0.00014540000120177865,430023168,0,2654208,e8b6ae0a97de23db232d3c2731a642b0e2a238e13590636f803eafb1e23c36b8,evidence/final_snapshot/results/nonlinear_transfer_v1/object_2009/top1_cap2_cache/rep1/result.json,False
eff_nonlinear,2009,a17.efficiency.nonlinear_transfer.v1,77e26c72ae57609f6745b31d1e96c80f204a89a500a9ab13b197257d257d56f8,22,EXACT_GEOMETRY_BANK_HIT,OK,0.6385344000300393,"{""geometry_signature_hash"": 0.6370205999701284, ""identity_and_content_comparison"": 9.500014130026102e-06, ""bank_key_lookup"": 5.800044164061546e-06, ""hit_bank_and_metadata_copy"": 0.0013650000328198075}",0.00013349996879696846,430023168,0,2654208,e8b6ae0a97de23db232d3c2731a642b0e2a238e13590636f803eafb1e23c36b8,evidence/final_snapshot/results/nonlinear_transfer_v1/object_2009/top1_cap2_cache/rep1/result.json,False
eff_nonlinear,2009,a17.efficiency.nonlinear_transfer.v1,77e26c72ae57609f6745b31d1e96c80f204a89a500a9ab13b197257d257d56f8,23,EXACT_GEOMETRY_BANK_HIT,OK,0.639962499961257,"{""geometry_signature_hash"": 0.6384431000333279, ""identity_and_content_comparison"": 8.800008799880743e-06, ""bank_key_lookup"": 5.199981387704611e-06, ""hit_bank_and_metadata_copy"": 0.0013632000191137195}",0.00014219991862773895,430023168,0,2654208,e8b6ae0a97de23db232d3c2731a642b0e2a238e13590636f803eafb1e23c36b8,evidence/final_snapshot/results/nonlinear_transfer_v1/object_2009/top1_cap2_cache/rep1/result.json,False
eff_nonlinear,2009,a17.efficiency.nonlinear_transfer.v1,77e26c72ae57609f6745b31d1e96c80f204a89a500a9ab13b197257d257d56f8,24,EXACT_GEOMETRY_BANK_HIT,OK,0.6449643999803811,"{""geometry_signature_hash"": 0.6434934000135399, ""identity_and_content_comparison"": 9.800016414374113e-06, ""bank_key_lookup"": 5.599984433501959e-06, ""hit_bank_and_metadata_copy"": 0.0013217999949119985}",0.00013379997108131647,430023168,0,2654208,e8b6ae0a97de23db232d3c2731a642b0e2a238e13590636f803eafb1e23c36b8,evidence/final_snapshot/results/nonlinear_transfer_v1/object_2009/top1_cap2_cache/rep1/result.json,False
eff_nonlinear,2009,a17.efficiency.nonlinear_transfer.v1,77e26c72ae57609f6745b31d1e96c80f204a89a500a9ab13b197257d257d56f8,25,EXACT_GEOMETRY_BANK_HIT,OK,0.6342609999701381,"{""geometry_signature_hash"": 0.6326033999794163, ""identity_and_content_comparison"": 8.100003469735384e-06, ""bank_key_lookup"": 4.999979864805937e-06, ""hit_bank_and_metadata_copy"": 0.0015013999654911458}",0.0001431000418961048,430023168,0,2654208,e8b6ae0a97de23db232d3c2731a642b0e2a238e13590636f803eafb1e23c36b8,evidence/final_snapshot/results/nonlinear_transfer_v1/object_2009/top1_cap2_cache/rep1/result.json,False
eff_nonlinear,2009,a17.efficiency.nonlinear_transfer.v1,77e26c72ae57609f6745b31d1e96c80f204a89a500a9ab13b197257d257d56f8,26,EXACT_GEOMETRY_BANK_HIT,OK,0.6546744999941438,"{""geometry_signature_hash"": 0.6528552999952808, ""identity_and_content_comparison"": 9.500014130026102e-06, ""bank_key_lookup"": 5.699985194951296e-06, ""hit_bank_and_metadata_copy"": 0.0016521000070497394}",0.00015189999248832464,430023168,0,2654208,e8b6ae0a97de23db232d3c2731a642b0e2a238e13590636f803eafb1e23c36b8,evidence/final_snapshot/results/nonlinear_transfer_v1/object_2009/top1_cap2_cache/rep1/result.json,False
eff_nonlinear,2009,a17.efficiency.nonlinear_transfer.v1,77e26c72ae57609f6745b31d1e96c80f204a89a500a9ab13b197257d257d56f8,27,EXACT_GEOMETRY_BANK_HIT,OK,0.645148599985987,"{""geometry_signature_hash"": 0.6435382000054233, ""identity_and_content_comparison"": 3.189995186403394e-05, ""bank_key_lookup"": 5.499983672052622e-06, ""hit_bank_and_metadata_copy"": 0.0014041999820619822}",0.00016880006296560168,430023168,0,2654208,e8b6ae0a97de23db232d3c2731a642b0e2a238e13590636f803eafb1e23c36b8,evidence/final_snapshot/results/nonlinear_transfer_v1/object_2009/top1_cap2_cache/rep1/result.json,False
eff_nonlinear,2009,a17.efficiency.nonlinear_transfer.v1,77e26c72ae57609f6745b31d1e96c80f204a89a500a9ab13b197257d257d56f8,28,EXACT_GEOMETRY_BANK_HIT,OK,0.6360402999562211,"{""geometry_signature_hash"": 0.6345091999974102, ""identity_and_content_comparison"": 1.1300027836114168e-05, ""bank_key_lookup"": 6.099988240748644e-06, ""hit_bank_and_metadata_copy"": 0.001374299987219274}",0.00013939995551481843,430023168,0,2654208,e8b6ae0a97de23db232d3c2731a642b0e2a238e13590636f803eafb1e23c36b8,evidence/final_snapshot/results/nonlinear_transfer_v1/object_2009/top1_cap2_cache/rep1/result.json,False
eff_nonlinear,2009,a17.efficiency.nonlinear_transfer.v1,77e26c72ae57609f6745b31d1e96c80f204a89a500a9ab13b197257d257d56f8,29,EXACT_GEOMETRY_BANK_HIT,OK,0.6471071999985725,"{""geometry_signature_hash"": 0.645646899996791, ""identity_and_content_comparison"": 8.500006515532732e-06, ""bank_key_lookup"": 5.999987479299307e-06, ""hit_bank_and_metadata_copy"": 0.0012939999578520656}",0.00015180004993453622,430023168,0,2654208,e8b6ae0a97de23db232d3c2731a642b0e2a238e13590636f803eafb1e23c36b8,evidence/final_snapshot/results/nonlinear_transfer_v1/object_2009/top1_cap2_cache/rep1/result.json,False
eff_nonlinear,2009,a17.efficiency.nonlinear_transfer.v1,77e26c72ae57609f6745b31d1e96c80f204a89a500a9ab13b197257d257d56f8,30,EXACT_GEOMETRY_BANK_HIT,OK,0.6409776999498717,"{""geometry_signature_hash"": 0.6395197000238113, ""identity_and_content_comparison"": 9.399955160915852e-06, ""bank_key_lookup"": 5.699985194951296e-06, ""hit_bank_and_metadata_copy"": 0.0013031999696977437}",0.00013970001600682735,430023168,0,2654208,e8b6ae0a97de23db232d3c2731a642b0e2a238e13590636f803eafb1e23c36b8,evidence/final_snapshot/results/nonlinear_transfer_v1/object_2009/top1_cap2_cache/rep1/result.json,False
eff_nonlinear,2009,a17.efficiency.nonlinear_transfer.v1,77e26c72ae57609f6745b31d1e96c80f204a89a500a9ab13b197257d257d56f8,31,EXACT_GEOMETRY_BANK_HIT,OK,0.6351808999897912,"{""geometry_signature_hash"": 0.6336462000035681, ""identity_and_content_comparison"": 8.700008038431406e-06, ""bank_key_lookup"": 5.399982910603285e-06, ""hit_bank_and_metadata_copy"": 0.0013788999640382826}",0.0001417000312358141,430023168,0,2654208,e8b6ae0a97de23db232d3c2731a642b0e2a238e13590636f803eafb1e23c36b8,evidence/final_snapshot/results/nonlinear_transfer_v1/object_2009/top1_cap2_cache/rep1/result.json,False
eff_nonlinear,2009,a17.efficiency.nonlinear_transfer.v1,77e26c72ae57609f6745b31d1e96c80f204a89a500a9ab13b197257d257d56f8,32,EXACT_GEOMETRY_BANK_HIT,OK,0.6476593000115827,"{""geometry_signature_hash"": 0.6461396000231616, ""identity_and_content_comparison"": 9.800016414374113e-06, ""bank_key_lookup"": 5.599984433501959e-06, ""hit_bank_and_metadata_copy"": 0.0013625999563373625}",0.0001417000312358141,430023168,0,2654208,e8b6ae0a97de23db232d3c2731a642b0e2a238e13590636f803eafb1e23c36b8,evidence/final_snapshot/results/nonlinear_transfer_v1/object_2009/top1_cap2_cache/rep1/result.json,False
eff_nonlinear,2009,a17.efficiency.nonlinear_transfer.v1,77e26c72ae57609f6745b31d1e96c80f204a89a500a9ab13b197257d257d56f8,33,EXACT_GEOMETRY_BANK_HIT,OK,0.6541686999844387,"{""geometry_signature_hash"": 0.652699499973096, ""identity_and_content_comparison"": 8.500006515532732e-06, ""bank_key_lookup"": 5.00003807246685e-06, ""hit_bank_and_metadata_copy"": 0.0013133999891579151}",0.0001422999775968492,430023168,0,2654208,e8b6ae0a97de23db232d3c2731a642b0e2a238e13590636f803eafb1e23c36b8,evidence/final_snapshot/results/nonlinear_transfer_v1/object_2009/top1_cap2_cache/rep1/result.json,False
eff_nonlinear,2009,a17.efficiency.nonlinear_transfer.v1,77e26c72ae57609f6745b31d1e96c80f204a89a500a9ab13b197257d257d56f8,34,EXACT_GEOMETRY_BANK_HIT,OK,0.6482506999745965,"{""geometry_signature_hash"": 0.646555699990131, ""identity_and_content_comparison"": 9.100011084228754e-06, ""bank_key_lookup"": 5.599984433501959e-06, ""hit_bank_and_metadata_copy"": 0.0015362999984063208}",0.00014399999054148793,430023168,0,2654208,e8b6ae0a97de23db232d3c2731a642b0e2a238e13590636f803eafb1e23c36b8,evidence/final_snapshot/results/nonlinear_transfer_v1/object_2009/top1_cap2_cache/rep1/result.json,False
eff_nonlinear,2009,a17.efficiency.nonlinear_transfer.v1,77e26c72ae57609f6745b31d1e96c80f204a89a500a9ab13b197257d257d56f8,35,EXACT_GEOMETRY_BANK_HIT,OK,0.6323528999928385,"{""geometry_signature_hash"": 0.630870099994354, ""identity_and_content_comparison"": 9.09995287656784e-06, ""bank_key_lookup"": 5.599984433501959e-06, ""hit_bank_and_metadata_copy"": 0.0013014000141993165}",0.0001667000469751656,430023168,0,2654208,e8b6ae0a97de23db232d3c2731a642b0e2a238e13590636f803eafb1e23c36b8,evidence/final_snapshot/results/nonlinear_transfer_v1/object_2009/top1_cap2_cache/rep1/result.json,False
eff_nonlinear,2009,a17.efficiency.nonlinear_transfer.v1,a38abe75dd22fab152618899cb4bfc70fb796e9aa9f30675e2a6fd7ce64afd32,0,MISS_ORIGINAL_ACQUISITION,OK,5.7184857000247575,"{""geometry_signature_hash"": 1.2823549999739043, ""identity_and_content_comparison"": 7.099995855242014e-06, ""cache_invalidation"": 5.240004975348711e-05, ""bank_key_lookup"": 4.00003045797348e-06, ""original_provider_call"": 4.434556099993642, ""first_bank_storage_copy"": 0.0012737999786622822}",0.0002373000024817884,860046336,2654208,0,e8b6ae0a97de23db232d3c2731a642b0e2a238e13590636f803eafb1e23c36b8,evidence/final_snapshot/results/nonlinear_transfer_v1/object_2009/top1_cap2_cache/rep2/result.json,False
eff_nonlinear,2009,a17.efficiency.nonlinear_transfer.v1,a38abe75dd22fab152618899cb4bfc70fb796e9aa9f30675e2a6fd7ce64afd32,1,EXACT_GEOMETRY_BANK_HIT,OK,0.6503257000003941,"{""geometry_signature_hash"": 0.6487268999917433, ""identity_and_content_comparison"": 8.600007276982069e-06, ""bank_key_lookup"": 4.300032742321491e-06, ""hit_bank_and_metadata_copy"": 0.0014451999450102448}",0.00014070002362132072,430023168,0,2654208,e8b6ae0a97de23db232d3c2731a642b0e2a238e13590636f803eafb1e23c36b8,evidence/final_snapshot/results/nonlinear_transfer_v1/object_2009/top1_cap2_cache/rep2/result.json,False
eff_nonlinear,2009,a17.efficiency.nonlinear_transfer.v1,a38abe75dd22fab152618899cb4bfc70fb796e9aa9f30675e2a6fd7ce64afd32,2,EXACT_GEOMETRY_BANK_HIT,OK,0.6416775999823585,"{""geometry_signature_hash"": 0.6401786000351422, ""identity_and_content_comparison"": 9.300012607127428e-06, ""bank_key_lookup"": 5.699985194951296e-06, ""hit_bank_and_metadata_copy"": 0.0013442999916151166}",0.00013969995779916644,430023168,0,2654208,e8b6ae0a97de23db232d3c2731a642b0e2a238e13590636f803eafb1e23c36b8,evidence/final_snapshot/results/nonlinear_transfer_v1/object_2009/top1_cap2_cache/rep2/result.json,False
eff_nonlinear,2009,a17.efficiency.nonlinear_transfer.v1,a38abe75dd22fab152618899cb4bfc70fb796e9aa9f30675e2a6fd7ce64afd32,3,EXACT_GEOMETRY_BANK_HIT,OK,0.6505479000043124,"{""geometry_signature_hash"": 0.6476343999966048, ""identity_and_content_comparison"": 8.90000956133008e-06, ""bank_key_lookup"": 5.499983672052622e-06, ""hit_bank_and_metadata_copy"": 0.002751599997282028}",0.00014750001719221473,430023168,0,2654208,e8b6ae0a97de23db232d3c2731a642b0e2a238e13590636f803eafb1e23c36b8,evidence/final_snapshot/results/nonlinear_transfer_v1/object_2009/top1_cap2_cache/rep2/result.json,False
eff_nonlinear,2009,a17.efficiency.nonlinear_transfer.v1,a38abe75dd22fab152618899cb4bfc70fb796e9aa9f30675e2a6fd7ce64afd32,4,EXACT_GEOMETRY_BANK_HIT,OK,0.6389106999849901,"{""geometry_signature_hash"": 0.6371057000360452, ""identity_and_content_comparison"": 9.100011084228754e-06, ""bank_key_lookup"": 5.700043402612209e-06, ""hit_bank_and_metadata_copy"": 0.0016297000111080706}",0.00016049988334998488,430023168,0,2654208,e8b6ae0a97de23db232d3c2731a642b0e2a238e13590636f803eafb1e23c36b8,evidence/final_snapshot/results/nonlinear_transfer_v1/object_2009/top1_cap2_cache/rep2/result.json,False
eff_nonlinear,2009,a17.efficiency.nonlinear_transfer.v1,a38abe75dd22fab152618899cb4bfc70fb796e9aa9f30675e2a6fd7ce64afd32,5,EXACT_GEOMETRY_BANK_HIT,OK,0.6477415999979712,"{""geometry_signature_hash"": 0.6458874000236392, ""identity_and_content_comparison"": 8.200004231184721e-06, ""bank_key_lookup"": 5.900044925510883e-06, ""hit_bank_and_metadata_copy"": 0.0016947999829426408}",0.0001452999422326684,430023168,0,2654208,e8b6ae0a97de23db232d3c2731a642b0e2a238e13590636f803eafb1e23c36b8,evidence/final_snapshot/results/nonlinear_transfer_v1/object_2009/top1_cap2_cache/rep2/result.json,False
eff_nonlinear,2009,a17.efficiency.nonlinear_transfer.v1,a38abe75dd22fab152618899cb4bfc70fb796e9aa9f30675e2a6fd7ce64afd32,6,EXACT_GEOMETRY_BANK_HIT,OK,0.64978490001522,"{""geometry_signature_hash"": 0.6480805000173859, ""identity_and_content_comparison"": 9.000010322779417e-06, ""bank_key_lookup"": 5.799985956400633e-06, ""hit_bank_and_metadata_copy"": 0.0015512999962083995}",0.00013830000534653664,430023168,0,2654208,e8b6ae0a97de23db232d3c2731a642b0e2a238e13590636f803eafb1e23c36b8,evidence/final_snapshot/results/nonlinear_transfer_v1/object_2009/top1_cap2_cache/rep2/result.json,False
eff_nonlinear,2009,a17.efficiency.nonlinear_transfer.v1,a38abe75dd22fab152618899cb4bfc70fb796e9aa9f30675e2a6fd7ce64afd32,7,EXACT_GEOMETRY_BANK_HIT,OK,0.6320966000203043,"{""geometry_signature_hash"": 0.6302971999975853, ""identity_and_content_comparison"": 7.700000423938036e-06, ""bank_key_lookup"": 4.999979864805937e-06, ""hit_bank_and_metadata_copy"": 0.0016429999959655106}",0.00014370004646480083,430023168,0,2654208,e8b6ae0a97de23db232d3c2731a642b0e2a238e13590636f803eafb1e23c36b8,evidence/final_snapshot/results/nonlinear_transfer_v1/object_2009/top1_cap2_cache/rep2/result.json,False
eff_nonlinear,2009,a17.efficiency.nonlinear_transfer.v1,a38abe75dd22fab152618899cb4bfc70fb796e9aa9f30675e2a6fd7ce64afd32,8,EXACT_GEOMETRY_BANK_HIT,OK,0.6367783999885432,"{""geometry_signature_hash"": 0.6353883999981917, ""identity_and_content_comparison"": 8.600007276982069e-06, ""bank_key_lookup"": 5.299982149153948e-06, ""hit_bank_and_metadata_copy"": 0.0012452999944798648}",0.00013080000644549727,430023168,0,2654208,e8b6ae0a97de23db232d3c2731a642b0e2a238e13590636f803eafb1e23c36b8,evidence/final_snapshot/results/nonlinear_transfer_v1/object_2009/top1_cap2_cache/rep2/result.json,False
eff_nonlinear,2009,a17.efficiency.nonlinear_transfer.v1,a38abe75dd22fab152618899cb4bfc70fb796e9aa9f30675e2a6fd7ce64afd32,9,EXACT_GEOMETRY_BANK_HIT,OK,0.6486494000419043,"{""geometry_signature_hash"": 0.6471167999552563, ""identity_and_content_comparison"": 7.90000194683671e-06, ""bank_key_lookup"": 5.300040356814861e-06, ""hit_bank_and_metadata_copy"": 0.0013809000374749303}",0.0001385000068694353,430023168,0,2654208,e8b6ae0a97de23db232d3c2731a642b0e2a238e13590636f803eafb1e23c36b8,evidence/final_snapshot/results/nonlinear_transfer_v1/object_2009/top1_cap2_cache/rep2/result.json,False
eff_nonlinear,2009,a17.efficiency.nonlinear_transfer.v1,a38abe75dd22fab152618899cb4bfc70fb796e9aa9f30675e2a6fd7ce64afd32,10,EXACT_GEOMETRY_BANK_HIT,OK,0.6467545999912545,"{""geometry_signature_hash"": 0.6453156000352465, ""identity_and_content_comparison"": 8.90000956133008e-06, ""bank_key_lookup"": 5.699985194951296e-06, ""hit_bank_and_metadata_copy"": 0.0012800999684259295}",0.00014429999282583594,430023168,0,2654208,e8b6ae0a97de23db232d3c2731a642b0e2a238e13590636f803eafb1e23c36b8,evidence/final_snapshot/results/nonlinear_transfer_v1/object_2009/top1_cap2_cache/rep2/result.json,False
eff_nonlinear,2009,a17.efficiency.nonlinear_transfer.v1,a38abe75dd22fab152618899cb4bfc70fb796e9aa9f30675e2a6fd7ce64afd32,11,EXACT_GEOMETRY_BANK_HIT,OK,0.648584500013385,"{""geometry_signature_hash"": 0.6471397000132129, ""identity_and_content_comparison"": 8.500006515532732e-06, ""bank_key_lookup"": 4.700035788118839e-06, ""hit_bank_and_metadata_copy"": 0.001297699986025691}",0.0001338999718427658,430023168,0,2654208,e8b6ae0a97de23db232d3c2731a642b0e2a238e13590636f803eafb1e23c36b8,evidence/final_snapshot/results/nonlinear_transfer_v1/object_2009/top1_cap2_cache/rep2/result.json,False
eff_nonlinear,2009,a17.efficiency.nonlinear_transfer.v1,a38abe75dd22fab152618899cb4bfc70fb796e9aa9f30675e2a6fd7ce64afd32,12,EXACT_GEOMETRY_BANK_HIT,OK,0.6427261999924667,"{""geometry_signature_hash"": 0.6408459999947809, ""identity_and_content_comparison"": 9.700015652924776e-06, ""bank_key_lookup"": 5.499983672052622e-06, ""hit_bank_and_metadata_copy"": 0.0017244999762624502}",0.00014050002209842205,430023168,0,2654208,e8b6ae0a97de23db232d3c2731a642b0e2a238e13590636f803eafb1e23c36b8,evidence/final_snapshot/results/nonlinear_transfer_v1/object_2009/top1_cap2_cache/rep2/result.json,False
eff_nonlinear,2009,a17.efficiency.nonlinear_transfer.v1,a38abe75dd22fab152618899cb4bfc70fb796e9aa9f30675e2a6fd7ce64afd32,13,EXACT_GEOMETRY_BANK_HIT,OK,0.6440312000340782,"{""geometry_signature_hash"": 0.6425545999663882, ""identity_and_content_comparison"": 8.100003469735384e-06, ""bank_key_lookup"": 5.199981387704611e-06, ""hit_bank_and_metadata_copy"": 0.001323400007095188}",0.00013990007573738694,430023168,0,2654208,e8b6ae0a97de23db232d3c2731a642b0e2a238e13590636f803eafb1e23c36b8,evidence/final_snapshot/results/nonlinear_transfer_v1/object_2009/top1_cap2_cache/rep2/result.json,False
eff_nonlinear,2009,a17.efficiency.nonlinear_transfer.v1,a38abe75dd22fab152618899cb4bfc70fb796e9aa9f30675e2a6fd7ce64afd32,14,EXACT_GEOMETRY_BANK_HIT,OK,0.6441806000075303,"{""geometry_signature_hash"": 0.6424179000314325, ""identity_and_content_comparison"": 9.200011845678091e-06, ""bank_key_lookup"": 7.700000423938036e-06, ""hit_bank_and_metadata_copy"": 0.0014771000132896006}",0.00026869995053857565,430023168,0,2654208,e8b6ae0a97de23db232d3c2731a642b0e2a238e13590636f803eafb1e23c36b8,evidence/final_snapshot/results/nonlinear_transfer_v1/object_2009/top1_cap2_cache/rep2/result.json,False
eff_nonlinear,2009,a17.efficiency.nonlinear_transfer.v1,a38abe75dd22fab152618899cb4bfc70fb796e9aa9f30675e2a6fd7ce64afd32,15,EXACT_GEOMETRY_BANK_HIT,OK,0.6518097000080161,"{""geometry_signature_hash"": 0.6500563999870792, ""identity_and_content_comparison"": 8.700008038431406e-06, ""bank_key_lookup"": 5.299982149153948e-06, ""hit_bank_and_metadata_copy"": 0.001595199981238693}",0.00014410004951059818,430023168,0,2654208,e8b6ae0a97de23db232d3c2731a642b0e2a238e13590636f803eafb1e23c36b8,evidence/final_snapshot/results/nonlinear_transfer_v1/object_2009/top1_cap2_cache/rep2/result.json,False
eff_nonlinear,2009,a17.efficiency.nonlinear_transfer.v1,a38abe75dd22fab152618899cb4bfc70fb796e9aa9f30675e2a6fd7ce64afd32,16,EXACT_GEOMETRY_BANK_HIT,OK,0.663032500015106,"{""geometry_signature_hash"": 0.661541200010106, ""identity_and_content_comparison"": 9.499955922365189e-06, ""bank_key_lookup"": 6.199989002197981e-06, ""hit_bank_and_metadata_copy"": 0.0013370999949984252}",0.00013850006507709622,430023168,0,2654208,e8b6ae0a97de23db232d3c2731a642b0e2a238e13590636f803eafb1e23c36b8,evidence/final_snapshot/results/nonlinear_transfer_v1/object_2009/top1_cap2_cache/rep2/result.json,False
eff_nonlinear,2009,a17.efficiency.nonlinear_transfer.v1,a38abe75dd22fab152618899cb4bfc70fb796e9aa9f30675e2a6fd7ce64afd32,17,EXACT_GEOMETRY_BANK_HIT,OK,0.6447736999834888,"{""geometry_signature_hash"": 0.6432992999907583, ""identity_and_content_comparison"": 7.90000194683671e-06, ""bank_key_lookup"": 5.099980626255274e-06, ""hit_bank_and_metadata_copy"": 0.0013146999990567565}",0.00014670001110062003,430023168,0,2654208,e8b6ae0a97de23db232d3c2731a642b0e2a238e13590636f803eafb1e23c36b8,evidence/final_snapshot/results/nonlinear_transfer_v1/object_2009/top1_cap2_cache/rep2/result.json,False
eff_nonlinear,2009,a17.efficiency.nonlinear_transfer.v1,a38abe75dd22fab152618899cb4bfc70fb796e9aa9f30675e2a6fd7ce64afd32,18,EXACT_GEOMETRY_BANK_HIT,OK,0.6421709000132978,"{""geometry_signature_hash"": 0.6403952000546269, ""identity_and_content_comparison"": 8.79995059221983e-06, ""bank_key_lookup"": 5.699985194951296e-06, ""hit_bank_and_metadata_copy"": 0.0016148999566212296}",0.0001463000662624836,430023168,0,2654208,e8b6ae0a97de23db232d3c2731a642b0e2a238e13590636f803eafb1e23c36b8,evidence/final_snapshot/results/nonlinear_transfer_v1/object_2009/top1_cap2_cache/rep2/result.json,False
eff_nonlinear,2009,a17.efficiency.nonlinear_transfer.v1,a38abe75dd22fab152618899cb4bfc70fb796e9aa9f30675e2a6fd7ce64afd32,19,EXACT_GEOMETRY_BANK_HIT,OK,0.6398165000136942,"{""geometry_signature_hash"": 0.637925399991218, ""identity_and_content_comparison"": 8.499948307871819e-06, ""bank_key_lookup"": 4.8999791033566e-06, ""hit_bank_and_metadata_copy"": 0.0017262999899685383}",0.00015140010509639978,430023168,0,2654208,e8b6ae0a97de23db232d3c2731a642b0e2a238e13590636f803eafb1e23c36b8,evidence/final_snapshot/results/nonlinear_transfer_v1/object_2009/top1_cap2_cache/rep2/result.json,False
eff_nonlinear,2009,a17.efficiency.nonlinear_transfer.v1,a38abe75dd22fab152618899cb4bfc70fb796e9aa9f30675e2a6fd7ce64afd32,20,EXACT_GEOMETRY_BANK_HIT,OK,0.6309555000043474,"{""geometry_signature_hash"": 0.6294494000030681, ""identity_and_content_comparison"": 9.700015652924776e-06, ""bank_key_lookup"": 7.599999662488699e-06, ""hit_bank_and_metadata_copy"": 0.001352099992800504}",0.00013669999316334724,430023168,0,2654208,e8b6ae0a97de23db232d3c2731a642b0e2a238e13590636f803eafb1e23c36b8,evidence/final_snapshot/results/nonlinear_transfer_v1/object_2009/top1_cap2_cache/rep2/result.json,False
eff_nonlinear,2009,a17.efficiency.nonlinear_transfer.v1,a38abe75dd22fab152618899cb4bfc70fb796e9aa9f30675e2a6fd7ce64afd32,21,EXACT_GEOMETRY_BANK_HIT,OK,0.6505889999680221,"{""geometry_signature_hash"": 0.649324300000444, ""identity_and_content_comparison"": 6.399990525096655e-06, ""bank_key_lookup"": 3.400025889277458e-06, ""hit_bank_and_metadata_copy"": 0.0011309999972581863}",0.00012389995390549302,430023168,0,2654208,e8b6ae0a97de23db232d3c2731a642b0e2a238e13590636f803eafb1e23c36b8,evidence/final_snapshot/results/nonlinear_transfer_v1/object_2009/top1_cap2_cache/rep2/result.json,False
eff_nonlinear,2009,a17.efficiency.nonlinear_transfer.v1,a38abe75dd22fab152618899cb4bfc70fb796e9aa9f30675e2a6fd7ce64afd32,22,EXACT_GEOMETRY_BANK_HIT,OK,0.6429200999555178,"{""geometry_signature_hash"": 0.6414061000104994, ""identity_and_content_comparison"": 9.400013368576765e-06, ""bank_key_lookup"": 6.199989002197981e-06, ""hit_bank_and_metadata_copy"": 0.0013451999984681606}",0.0001531999441795051,430023168,0,2654208,e8b6ae0a97de23db232d3c2731a642b0e2a238e13590636f803eafb1e23c36b8,evidence/final_snapshot/results/nonlinear_transfer_v1/object_2009/top1_cap2_cache/rep2/result.json,False
eff_nonlinear,2009,a17.efficiency.nonlinear_transfer.v1,a38abe75dd22fab152618899cb4bfc70fb796e9aa9f30675e2a6fd7ce64afd32,23,EXACT_GEOMETRY_BANK_HIT,OK,0.6391283000120893,"{""geometry_signature_hash"": 0.6376627999707125, ""identity_and_content_comparison"": 7.899943739175797e-06, ""bank_key_lookup"": 5.499983672052622e-06, ""hit_bank_and_metadata_copy"": 0.0013076000032015145}",0.00014450011076405644,430023168,0,2654208,e8b6ae0a97de23db232d3c2731a642b0e2a238e13590636f803eafb1e23c36b8,evidence/final_snapshot/results/nonlinear_transfer_v1/object_2009/top1_cap2_cache/rep2/result.json,False
eff_nonlinear,2009,a17.efficiency.nonlinear_transfer.v1,a38abe75dd22fab152618899cb4bfc70fb796e9aa9f30675e2a6fd7ce64afd32,24,EXACT_GEOMETRY_BANK_HIT,OK,0.6512918999651447,"{""geometry_signature_hash"": 0.6495001000002958, ""identity_and_content_comparison"": 9.700015652924776e-06, ""bank_key_lookup"": 5.999987479299307e-06, ""hit_bank_and_metadata_copy"": 0.0016291000065393746}",0.00014699995517730713,430023168,0,2654208,e8b6ae0a97de23db232d3c2731a642b0e2a238e13590636f803eafb1e23c36b8,evidence/final_snapshot/results/nonlinear_transfer_v1/object_2009/top1_cap2_cache/rep2/result.json,False
eff_nonlinear,2009,a17.efficiency.nonlinear_transfer.v1,a38abe75dd22fab152618899cb4bfc70fb796e9aa9f30675e2a6fd7ce64afd32,25,EXACT_GEOMETRY_BANK_HIT,OK,0.6412155000143684,"{""geometry_signature_hash"": 0.6396767999976873, ""identity_and_content_comparison"": 7.90000194683671e-06, ""bank_key_lookup"": 4.800036549568176e-06, ""hit_bank_and_metadata_copy"": 0.0013828999944962561}",0.0001430999836884439,430023168,0,2654208,e8b6ae0a97de23db232d3c2731a642b0e2a238e13590636f803eafb1e23c36b8,evidence/final_snapshot/results/nonlinear_transfer_v1/object_2009/top1_cap2_cache/rep2/result.json,False
eff_nonlinear,2009,a17.efficiency.nonlinear_transfer.v1,a38abe75dd22fab152618899cb4bfc70fb796e9aa9f30675e2a6fd7ce64afd32,26,EXACT_GEOMETRY_BANK_HIT,OK,0.648742499994114,"{""geometry_signature_hash"": 0.6469160999986343, ""identity_and_content_comparison"": 8.999952115118504e-06, ""bank_key_lookup"": 5.89998671784997e-06, ""hit_bank_and_metadata_copy"": 0.00167269998928532}",0.00013880006736144423,430023168,0,2654208,e8b6ae0a97de23db232d3c2731a642b0e2a238e13590636f803eafb1e23c36b8,evidence/final_snapshot/results/nonlinear_transfer_v1/object_2009/top1_cap2_cache/rep2/result.json,False
eff_nonlinear,2009,a17.efficiency.nonlinear_transfer.v1,a38abe75dd22fab152618899cb4bfc70fb796e9aa9f30675e2a6fd7ce64afd32,27,EXACT_GEOMETRY_BANK_HIT,OK,0.6352982999524102,"{""geometry_signature_hash"": 0.6338334000320174, ""identity_and_content_comparison"": 8.300004992634058e-06, ""bank_key_lookup"": 4.8999791033566e-06, ""hit_bank_and_metadata_copy"": 0.0013187999720685184}",0.00013289996422827244,430023168,0,2654208,e8b6ae0a97de23db232d3c2731a642b0e2a238e13590636f803eafb1e23c36b8,evidence/final_snapshot/results/nonlinear_transfer_v1/object_2009/top1_cap2_cache/rep2/result.json,False
eff_nonlinear,2009,a17.efficiency.nonlinear_transfer.v1,a38abe75dd22fab152618899cb4bfc70fb796e9aa9f30675e2a6fd7ce64afd32,28,EXACT_GEOMETRY_BANK_HIT,OK,0.645909299957566,"{""geometry_signature_hash"": 0.6440395999816246, ""identity_and_content_comparison"": 9.200011845678091e-06, ""bank_key_lookup"": 5.799985956400633e-06, ""hit_bank_and_metadata_copy"": 0.0013519999920390546}",0.0005026999861001968,430023168,0,2654208,e8b6ae0a97de23db232d3c2731a642b0e2a238e13590636f803eafb1e23c36b8,evidence/final_snapshot/results/nonlinear_transfer_v1/object_2009/top1_cap2_cache/rep2/result.json,False
eff_nonlinear,2009,a17.efficiency.nonlinear_transfer.v1,a38abe75dd22fab152618899cb4bfc70fb796e9aa9f30675e2a6fd7ce64afd32,29,EXACT_GEOMETRY_BANK_HIT,OK,0.6507244000094943,"{""geometry_signature_hash"": 0.6492202999652363, ""identity_and_content_comparison"": 8.500006515532732e-06, ""bank_key_lookup"": 4.8999791033566e-06, ""hit_bank_and_metadata_copy"": 0.001339699956588447}",0.00015100010205060244,430023168,0,2654208,e8b6ae0a97de23db232d3c2731a642b0e2a238e13590636f803eafb1e23c36b8,evidence/final_snapshot/results/nonlinear_transfer_v1/object_2009/top1_cap2_cache/rep2/result.json,False
eff_nonlinear,2009,a17.efficiency.nonlinear_transfer.v1,a38abe75dd22fab152618899cb4bfc70fb796e9aa9f30675e2a6fd7ce64afd32,30,EXACT_GEOMETRY_BANK_HIT,OK,0.6632954999804497,"{""geometry_signature_hash"": 0.6617939000134356, ""identity_and_content_comparison"": 9.700015652924776e-06, ""bank_key_lookup"": 6.199989002197981e-06, ""hit_bank_and_metadata_copy"": 0.0013415999710559845}",0.00014409999130293727,430023168,0,2654208,e8b6ae0a97de23db232d3c2731a642b0e2a238e13590636f803eafb1e23c36b8,evidence/final_snapshot/results/nonlinear_transfer_v1/object_2009/top1_cap2_cache/rep2/result.json,False
eff_nonlinear,2009,a17.efficiency.nonlinear_transfer.v1,a38abe75dd22fab152618899cb4bfc70fb796e9aa9f30675e2a6fd7ce64afd32,31,EXACT_GEOMETRY_BANK_HIT,OK,0.651824000000488,"{""geometry_signature_hash"": 0.6502801000024192, ""identity_and_content_comparison"": 8.200004231184721e-06, ""bank_key_lookup"": 5.400041118264198e-06, ""hit_bank_and_metadata_copy"": 0.0013686000020243227}",0.00016169995069503784,430023168,0,2654208,e8b6ae0a97de23db232d3c2731a642b0e2a238e13590636f803eafb1e23c36b8,evidence/final_snapshot/results/nonlinear_transfer_v1/object_2009/top1_cap2_cache/rep2/result.json,False
eff_nonlinear,2009,a17.efficiency.nonlinear_transfer.v1,a38abe75dd22fab152618899cb4bfc70fb796e9aa9f30675e2a6fd7ce64afd32,32,EXACT_GEOMETRY_BANK_HIT,OK,0.6500047000008635,"{""geometry_signature_hash"": 0.6482926000026055, ""identity_and_content_comparison"": 8.90000956133008e-06, ""bank_key_lookup"": 6.199989002197981e-06, ""hit_bank_and_metadata_copy"": 0.001562099962029606}",0.0001349000376649201,430023168,0,2654208,e8b6ae0a97de23db232d3c2731a642b0e2a238e13590636f803eafb1e23c36b8,evidence/final_snapshot/results/nonlinear_transfer_v1/object_2009/top1_cap2_cache/rep2/result.json,False
eff_nonlinear,2009,a17.efficiency.nonlinear_transfer.v1,a38abe75dd22fab152618899cb4bfc70fb796e9aa9f30675e2a6fd7ce64afd32,33,EXACT_GEOMETRY_BANK_HIT,OK,0.651726600015536,"{""geometry_signature_hash"": 0.6501000000280328, ""identity_and_content_comparison"": 8.300004992634058e-06, ""bank_key_lookup"": 5.199981387704611e-06, ""hit_bank_and_metadata_copy"": 0.0014716999721713364}",0.00014140002895146608,430023168,0,2654208,e8b6ae0a97de23db232d3c2731a642b0e2a238e13590636f803eafb1e23c36b8,evidence/final_snapshot/results/nonlinear_transfer_v1/object_2009/top1_cap2_cache/rep2/result.json,False
eff_nonlinear,2009,a17.efficiency.nonlinear_transfer.v1,a38abe75dd22fab152618899cb4bfc70fb796e9aa9f30675e2a6fd7ce64afd32,34,EXACT_GEOMETRY_BANK_HIT,OK,0.6383227999904193,"{""geometry_signature_hash"": 0.636435899999924, ""identity_and_content_comparison"": 1.1800031643360853e-05, ""bank_key_lookup"": 6.700051017105579e-06, ""hit_bank_and_metadata_copy"": 0.0016270999913103878}",0.00024129991652444005,430023168,0,2654208,e8b6ae0a97de23db232d3c2731a642b0e2a238e13590636f803eafb1e23c36b8,evidence/final_snapshot/results/nonlinear_transfer_v1/object_2009/top1_cap2_cache/rep2/result.json,False
eff_nonlinear,2009,a17.efficiency.nonlinear_transfer.v1,a38abe75dd22fab152618899cb4bfc70fb796e9aa9f30675e2a6fd7ce64afd32,35,EXACT_GEOMETRY_BANK_HIT,OK,0.6540779999922961,"{""geometry_signature_hash"": 0.6525435999501497, ""identity_and_content_comparison"": 8.700008038431406e-06, ""bank_key_lookup"": 5.499983672052622e-06, ""hit_bank_and_metadata_copy"": 0.001377199951093644}",0.0001430000993423164,430023168,0,2654208,e8b6ae0a97de23db232d3c2731a642b0e2a238e13590636f803eafb1e23c36b8,evidence/final_snapshot/results/nonlinear_transfer_v1/object_2009/top1_cap2_cache/rep2/result.json,False
eff_verification_control,2002,a17.eff.cache_original_block_control.v1,2cbc73a38c459a8c20bc80af2b808dee96c21ff3cc65cfb3eb7881ca1bb45393,0,MISS_ORIGINAL_ACQUISITION,OK,6.058977800013963,"{""geometry_signature_hash"": 1.2939279999700375, ""identity_and_content_comparison"": 5.200039595365524e-06, ""cache_invalidation"": 1.750001683831215e-05, ""bank_key_lookup"": 3.5999692045152187e-06, ""original_provider_call"": 4.763075100025162, ""first_bank_storage_copy"": 0.0014822999946773052}",0.00046609999844804406,860046336,2654208,0,e8b6ae0a97de23db232d3c2731a642b0e2a238e13590636f803eafb1e23c36b8,evidence/final_snapshot/results/cache_block_v1/object_2002/verification_result.json,False
eff_verification_control,2002,a17.eff.cache_original_block_control.v1,2cbc73a38c459a8c20bc80af2b808dee96c21ff3cc65cfb3eb7881ca1bb45393,1,MISS_ORIGINAL_ACQUISITION,OK,5.744258099992294,"{""geometry_signature_hash"": 1.2967979000532068, ""identity_and_content_comparison"": 9.800016414374113e-06, ""bank_key_lookup"": 3.999972250312567e-06, ""original_provider_call"": 4.445818300009705, ""first_bank_storage_copy"": 0.0014146000030450523}",0.00021349993767216802,860046336,2654208,0,e8b6ae0a97de23db232d3c2731a642b0e2a238e13590636f803eafb1e23c36b8,evidence/final_snapshot/results/cache_block_v1/object_2002/verification_result.json,False
eff_verification_control,2002,a17.eff.cache_original_block_control.v2,1627683f6042a019872fdc3c725b3a31b06651922e8025e58bdea47aa8a1344a,0,MISS_ORIGINAL_ACQUISITION,OK,6.012593299965374,"{""geometry_signature_hash"": 1.2801717999391258, ""identity_and_content_comparison"": 5.500041879713535e-06, ""cache_invalidation"": 1.8000020645558834e-05, ""bank_key_lookup"": 3.700028173625469e-06, ""original_provider_call"": 4.730728599999566, ""first_bank_storage_copy"": 0.0014223000034689903}",0.00024339993251487613,860046336,2654208,0,e8b6ae0a97de23db232d3c2731a642b0e2a238e13590636f803eafb1e23c36b8,evidence/final_snapshot/results/cache_block_v2/object_2002/verification_result.json,False
eff_verification_control,2002,a17.eff.cache_original_block_control.v2,1627683f6042a019872fdc3c725b3a31b06651922e8025e58bdea47aa8a1344a,1,EXACT_GEOMETRY_BANK_HIT,OK,0.6558992000063881,"{""geometry_signature_hash"": 0.6542772999964654, ""identity_and_content_comparison"": 7.299997378140688e-06, ""bank_key_lookup"": 5.299982149153948e-06, ""hit_bank_and_metadata_copy"": 0.0014816999901086092}",0.0001276000402867794,430023168,0,2654208,e8b6ae0a97de23db232d3c2731a642b0e2a238e13590636f803eafb1e23c36b8,evidence/final_snapshot/results/cache_block_v2/object_2002/verification_result.json,False
eff_verification_control,2009,a17.eff.cache_original_block_control.v2,d80ce4606e45224cf2af49d857e9627faea5f6f4cc04c5bb1233d3eba6b60c07,0,MISS_ORIGINAL_ACQUISITION,OK,6.005108900018968,"{""geometry_signature_hash"": 1.2837891999515705, ""identity_and_content_comparison"": 5.00003807246685e-06, ""cache_invalidation"": 1.729995710775256e-05, ""bank_key_lookup"": 3.600027412176132e-06, ""original_provider_call"": 4.719643099990208, ""first_bank_storage_copy"": 0.0013929999549873173}",0.00025770009960979223,860046336,2654208,0,e8b6ae0a97de23db232d3c2731a642b0e2a238e13590636f803eafb1e23c36b8,evidence/final_snapshot/results/cache_block_v2/object_2009/verification_result.json,False
eff_verification_control,2009,a17.eff.cache_original_block_control.v2,d80ce4606e45224cf2af49d857e9627faea5f6f4cc04c5bb1233d3eba6b60c07,1,EXACT_GEOMETRY_BANK_HIT,OK,0.6521480999654159,"{""geometry_signature_hash"": 0.6506989999907091, ""identity_and_content_comparison"": 7.199996616691351e-06, ""bank_key_lookup"": 4.900037311017513e-06, ""hit_bank_and_metadata_copy"": 0.001319599978160113}",0.00011739996261894703,430023168,0,2654208,e8b6ae0a97de23db232d3c2731a642b0e2a238e13590636f803eafb1e23c36b8,evidence/final_snapshot/results/cache_block_v2/object_2009/verification_result.json,False
