state,k,policy,index,information_eigenvalue,normalized_information,band,error_before,error_after,likelihood_gain,prior_gain,lm_gain,halfH_gain,reference_gradient_cross_gain,actual_RGN_gain
object_2007_early_portable,16,surrogate_exchange,0,9.62273343904757e-05,9.62273343904757,intermediate,-0.0003495919641497401,-0.0007563390607892836,-2.16431746025634e-11,-2.2491711673877126e-12,-2.2491711673877124e-09,-2.2730635131576637e-09,5.634638857122764e-17,-2.273063456811275e-09
object_2007_early_portable,16,surrogate_exchange,1,9.622733439106642e-05,9.622733439106641,intermediate,-0.00014744643400450808,-0.0005274020732124268,-1.2336945493861592e-11,-1.2820624796406015e-12,-1.2820624796406013e-09,-1.2956814876141034e-09,3.611503621070272e-17,-1.2956814514990672e-09
object_2007_early_portable,16,surrogate_exchange,2,0.0009760289343596242,97.60289343596241,strong,-0.001162139578267701,-0.0015764293906262074,-5.536822913371352e-10,-5.672806121269428e-12,-5.672806121269427e-09,-6.232161218727832e-09,4.978128893821492e-18,-6.232161213749703e-09
object_2007_early_portable,16,surrogate_exchange,3,0.0009760289343600594,97.60289343600593,strong,-5.711789719890515e-05,0.00043278890998261127,-8.981603036926543e-11,-9.202189321175607e-13,-9.202189321175605e-10,-1.0109551814189436e-09,3.654935753619341e-17,-1.010955144869586e-09
object_2007_early_portable,16,surrogate_exchange,4,0.0014509220193837994,145.09220193837993,strong,-0.000147082682875829,-0.0004390632262164869,-1.2415771940928677e-10,-8.557160050683914e-13,-8.557160050683913e-10,-9.807294404827465e-10,-8.116506977160789e-17,-9.807295216478163e-10
object_2007_early_portable,16,surrogate_exchange,5,0.0014509220193845136,145.09220193845135,strong,-4.1328711948126925e-05,-0.00037365693508556973,-1.0004937447379226e-10,-6.895572135312521e-13,-6.895572135312522e-10,-7.902961452185757e-10,5.726319819536148e-18,-7.902961394922559e-10
object_2007_early_portable,16,surrogate_exchange,6,0.002249958550004746,224.9958550004746,strong,0.0011745049765289094,0.00275259877060445,-6.971876868730777e-09,-3.0986690260209776e-11,-3.098669026020978e-08,-3.7989553819200766e-08,-4.825702465086112e-17,-3.798955386745779e-08
object_2007_early_portable,16,surrogate_exchange,7,0.0022499585500054364,224.99585500054363,strong,0.000161774426606593,0.0008185176653158028,-7.242618859889441e-10,-3.219001016650703e-12,-3.2190010166507032e-09,-3.946481903656298e-09,-1.0998354310475929e-17,-3.946481914654652e-09
object_2007_early_portable,16,surrogate_exchange,8,0.006021309871277823,602.1309871277823,strong,-0.0025293786491685406,-0.002601118170127821,-1.1080998013471764e-09,-1.840296920497166e-12,-1.8402969204971658e-09,-2.9502370187648393e-09,-4.917242432014399e-18,-2.950237023682082e-09
object_2007_early_portable,16,surrogate_exchange,9,0.006021309871278021,602.1309871278021,strong,0.014284015064351127,0.015003181238831818,-6.341150087995415e-08,-1.053118046331256e-10,-1.0531180463312559e-07,-1.6882861731771287e-07,-2.049014740033431e-17,-1.6882861733820302e-07
object_2007_early_portable,16,surrogate_exchange,10,0.007461485992571335,746.1485992571335,strong,0.0008912704624008652,0.0004858555990799444,2.0829013252912692e-09,2.7915368699546024e-12,2.7915368699546022e-09,4.877229732115827e-09,-2.7326032471008183e-17,4.877229704789794e-09
object_2007_early_portable,16,surrogate_exchange,11,0.007461485992571436,746.1485992571436,strong,0.003533560832198983,0.004062544573183921,-1.49909321481246e-08,-2.009108127127678e-11,-2.0091081271276777e-08,-3.510210450067265e-08,-4.6773763312015415e-17,-3.510210454744641e-08
object_2007_early_portable,16,surrogate_exchange,12,0.012279601449681814,1227.9601449681813,strong,-0.006451800000737089,-0.00840517996101569,-1.7818516410560787e-07,-1.4510663463774306e-10,-1.4510663463774304e-07,-3.2343690537798865e-07,1.68030989118613e-16,-3.2343690520995764e-07
object_2007_early_portable,16,surrogate_exchange,13,0.012279601449681937,1227.9601449681936,strong,0.0013646166333366396,0.0034898916921540972,-6.334534001251199e-08,-5.1585827334935816e-11,-5.158582733493582e-08,-1.1498275317478276e-07,2.6189091616544537e-17,-1.1498275314859366e-07
object_2007_early_portable,16,surrogate_exchange,14,0.013716674765305163,1371.667476530516,strong,-3.662156366507943e-05,-0.0011659074459818624,-9.313615538229664e-09,-6.78999516835337e-12,-6.789995168353369e-09,-1.6110400701751387e-08,-5.555729211825563e-17,-1.6110400757308678e-08
object_2007_early_portable,16,surrogate_exchange,15,0.01371667476530577,1371.6674765305768,strong,-0.0002864751161450199,-0.0014166395631592726,-1.3200925460497252e-08,-9.62399829868896e-12,-9.62399829868896e-09,-2.28345477574849e-08,-3.663706013403276e-17,-2.283454779412196e-08
object_2007_early_portable,16,surrogate_exchange,16,0.03021470083369208,3021.4700833692077,strong,0.004016611932323201,0.009461537578625029,-1.1086910101240057e-06,-3.6693760968426224e-10,-3.669376096842622e-07,-1.4759955574179521e-06,8.59609162388176e-16,-1.475995556558343e-06
object_2007_early_portable,16,surrogate_exchange,17,0.030214700833692338,3021.4700833692336,strong,0.00011777634919422798,-0.0016532575015849567,-4.108276402501102e-08,-1.3596945490587064e-11,-1.3596945490587064e-08,-5.469330646108867e-08,3.4038447892342555e-16,-5.469330612070419e-08
object_2007_early_portable,16,surrogate_exchange,18,0.03611647626925944,3611.6476269259438,strong,-0.0011147757444312178,-0.002776553440902077,-1.1677403119483313e-07,-3.233262024906494e-11,-3.233262024906494e-08,-1.4913898406414715e-07,1.5195543017671423e-16,-1.491389839121917e-07
object_2007_early_portable,16,surrogate_exchange,19,0.03611647626926076,3611.6476269260756,strong,0.0006597932541508996,0.000517765355140075,3.0201712595847274e-09,8.362308761985282e-13,8.362308761985281e-10,3.857238366659454e-09,3.1677853182232107e-18,3.857238369827239e-09
object_2007_early_portable,16,surrogate_exchange,20,0.050828910185203635,5082.891018520363,strong,-0.0041966370431396754,-0.0007771851580760044,4.322425893677992e-07,8.503872850959249e-11,8.503872850959248e-08,5.173663566059012e-07,-1.2501638645656308e-15,5.173663553557374e-07
object_2007_early_portable,16,surrogate_exchange,21,0.050828910185204135,5082.891018520413,strong,-0.0002545857963742544,0.0006360565706005144,-8.634663621542888e-09,-1.6987701664428692e-12,-1.6987701664428693e-09,-1.03351325581522e-08,-2.6187527807907256e-16,-1.0335132820027479e-08
object_2007_early_portable,16,surrogate_exchange,22,0.08016136308937875,8016.136308937875,strong,0.0005367604995662988,0.0005499075346145402,-5.726111631284647e-10,-7.143231365589576e-14,-7.143231365589576e-11,-6.441149090980163e-10,3.039987627260758e-18,-6.441149060580287e-10
object_2007_early_portable,16,surrogate_exchange,23,0.08016136308937982,8016.136308937982,strong,-0.0001808106764290606,0.00015604688538216327,3.3434784590966764e-10,4.170935136630227e-14,4.170935136630227e-11,3.760989066273362e-10,8.95767292845974e-17,3.760989962040655e-10
object_2007_early_portable,16,surrogate_exchange,24,0.16418741339131201,16418.7413391312,strong,-5.1972769317092896e-05,-0.0005130437470594043,-2.138645463294083e-08,-1.3025635882313314e-12,-1.3025635882313313e-09,-2.2690320784760395e-08,1.5042308671910997e-16,-2.269032063433731e-08
object_2007_early_portable,16,surrogate_exchange,25,0.16418741339131265,16418.741339131266,strong,-3.0468501286491124e-05,0.0004706895204735381,-1.8111537798112836e-08,-1.1031014755648218e-12,-1.1031014755648218e-09,-1.921574237515322e-08,3.48464461342302e-17,-1.9215742340306775e-08
object_2007_early_portable,16,surrogate_exchange,26,0.18321079704109225,18321.079704109223,strong,0.0008568986664219593,0.00197650485782966,-2.9059945107720794e-07,-1.5861480642542567e-11,-1.5861480642542564e-08,-3.0647679320039306e-07,2.432117592708858e-16,-3.064767929571813e-07
object_2007_early_portable,16,surrogate_exchange,27,0.18321079704109236,18321.079704109234,strong,-0.0004517210286846342,-0.00038955097533947906,4.79113871672427e-09,2.615096268398235e-13,2.615096268398235e-10,5.052909853190933e-09,3.062071583803106e-18,5.052909856253004e-09
object_2007_early_portable,16,surrogate_exchange,28,0.1971725991439899,19717.25991439899,strong,3.845962555864223e-05,0.00028795123085966086,-8.02854966098604e-09,-4.0718384277741375e-13,-4.071838427774137e-10,-8.436140687606233e-09,-4.191462596213005e-18,-8.436140691797696e-09
object_2007_early_portable,16,surrogate_exchange,29,0.19717259914399057,19717.259914399056,strong,-0.0016472973304541688,-0.0009962725618319456,1.6966992763732721e-07,8.605147387311216e-12,8.605147387311215e-09,1.7828368017202574e-07,6.923245552775996e-16,1.7828368086435029e-07
object_2007_early_portable,16,surrogate_exchange,30,0.21166254958692277,21166.254958692276,strong,-0.00026008123092562943,-0.0010695980096283495,-1.1391653606849495e-07,-5.381988277605682e-12,-5.381988277605682e-09,-1.1930390633437824e-07,1.5958048737133164e-16,-1.1930390617479777e-07
object_2007_early_portable,16,surrogate_exchange,31,0.21166254958692401,21166.2549586924,strong,-0.0002550599094112274,-0.00015916561905581785,4.203815408985303e-09,1.98609315497209e-13,1.9860931549720898e-10,4.40262333379801e-09,-1.2342746886220661e-17,4.402623321455263e-09
object_2007_early_portable,16,surrogate_exchange,32,0.2939343927010639,29393.439270106388,strong,-0.0014996788587025992,-0.0017923919916761634,-1.4162234811147474e-07,-4.8181618629265675e-12,-4.818161862926567e-09,-1.4644532813626424e-07,-1.4283662200459097e-16,-1.4644532827910086e-07
object_2007_early_portable,16,surrogate_exchange,33,0.29393439270106453,29393.43927010645,strong,-0.00030342145095064717,-0.0002824972555843941,1.801799821465871e-09,6.129938742140758e-14,6.129938742140758e-11,1.8631605082746998e-09,-7.126975806208863e-18,1.863160501147724e-09
object_2007_early_portable,16,surrogate_exchange,34,0.4958325650510532,49583.25650510532,strong,-3.3108132569283685e-05,-0.00015699530016738156,-5.838769544735337e-09,-1.177568791621049e-13,-1.1775687916210486e-10,-5.956644180776604e-09,-1.5848444761918248e-17,-5.9566441966250484e-09
object_2007_early_portable,16,surrogate_exchange,35,0.495832565051054,49583.2565051054,strong,2.2348670077182506e-05,2.473753151251368e-05,-2.788622121285486e-11,-5.624120555692731e-16,-5.624120555692732e-13,-2.84491956804797e-11,3.7611770711456505e-19,-2.8449195304361995e-11
object_2007_early_portable,16,surrogate_exchange,36,0.7147361672560099,71473.61672560098,strong,-0.0004759317613348005,-0.00011508678223236203,7.621448816919403e-08,1.066330370013232e-12,1.066330370013232e-09,7.728188486957728e-08,2.4320183768510754e-16,7.728188511277911e-08
object_2007_early_portable,16,surrogate_exchange,37,0.7147361672560101,71473.61672560101,strong,0.0009917373824379586,0.0004088774099415039,2.917418304700149e-07,4.081811496822105e-12,4.081811496822105e-09,2.9582772377833383e-07,4.1406289923430063e-16,2.9582772419239673e-07
object_2007_early_portable,16,surrogate_exchange,38,1.4020954406964998,140209.54406964997,strong,0.0007367616147180983,0.0001493429265904153,3.6490541053367187e-07,2.6025718359971475e-12,2.6025718359971472e-09,3.67510584941505e-07,1.5143118029117775e-15,3.675105864558168e-07
object_2007_early_portable,16,surrogate_exchange,39,1.4020954406965023,140209.5440696502,strong,0.00015580237151705808,2.5463401551346194e-05,1.656294934106248e-08,1.1812997075887148e-13,1.1812997075887147e-10,1.6681197441792108e-08,5.66079291108677e-17,1.6681197498400038e-08
object_2007_early_portable,16,surrogate_exchange,40,1.686460032733325,168646.0032733325,strong,9.882916796881495e-05,-2.072638337946288e-05,7.873762707854074e-09,4.668810736707882e-14,4.668810736707882e-11,7.92049750332852e-09,4.366367900563727e-17,7.920497546992199e-09
object_2007_early_portable,16,surrogate_exchange,41,1.6864600327333314,168646.00327333313,strong,2.9758922624493117e-05,-3.913074048292575e-05,-5.444073225839004e-10,-3.228106874857579e-15,-3.2281068748575786e-12,-5.476386575656329e-10,-1.6319794875184468e-18,-5.476386591976124e-10
object_2007_early_portable,16,surrogate_exchange,42,1.8994924239752393,189949.24239752392,strong,0.0002561692434545,-2.0851255550533602e-05,6.191196720311124e-08,3.2593953217008617e-13,3.2593953217008615e-10,6.22382326748135e-08,-8.74881797706822e-17,6.223823258732533e-08
object_2007_early_portable,16,surrogate_exchange,43,1.8994924239752415,189949.24239752413,strong,-0.0006311906076142436,-9.068476180892494e-05,3.7056994179745993e-07,1.9508892855804833e-12,1.950889285580483e-09,3.72522781972326e-07,-6.922050266815953e-17,3.725227819031055e-07
object_2007_early_portable,16,surrogate_exchange,44,2.3809330297932108,238093.30297932104,strong,1.84348652813177e-05,-8.771816824519247e-05,-8.755444056750386e-09,-3.67731639117578e-14,-3.67731639117578e-11,-8.792253993826055e-09,-3.056882300186696e-17,-8.792254024394878e-09
object_2007_early_portable,16,surrogate_exchange,45,2.380933029793211,238093.3029793211,strong,7.578328412527886e-06,2.5680440452131884e-05,-7.16725079882998e-10,-3.0102698014368217e-15,-3.0102698014368213e-12,-7.197383599542362e-10,-5.243488114671629e-18,-7.197383651977243e-10
object_2007_early_portable,16,surrogate_exchange,46,5.071101256903172,507110.1256903172,strong,-4.8718079045417025e-05,-5.747923245412608e-05,-2.3591040376512286e-09,-4.652054688199797e-15,-4.652054688199797e-12,-2.3637607443941167e-09,-1.620472792989315e-17,-2.3637607605988446e-09
object_2007_early_portable,16,surrogate_exchange,47,5.071101256903195,507110.12569031946,strong,-2.9715715161505797e-05,-8.25139329089702e-05,-1.5024469643118848e-08,-2.962762698273145e-14,-2.962762698273145e-11,-1.505412689772856e-08,1.4993772075110353e-16,-1.5054126747790842e-08
object_2007_early_portable,16,surrogate_exchange,48,6.543649758198651,654364.975819865,strong,-3.178685983349971e-05,-0.00018156290027940603,-1.0455012455218408e-07,-1.5977341149897493e-13,-1.5977341149897493e-10,-1.0471005773709455e-07,1.7552273361672936e-16,-1.0471005756157182e-07
object_2007_early_portable,16,surrogate_exchange,49,6.543649758198653,654364.9758198652,strong,-3.633456795381845e-05,0.00021037206807280316,-1.4047974764895152e-07,-2.146810309841874e-13,-2.1468103098418737e-10,-1.406946433609667e-07,7.182304964176082e-16,-1.406946426427362e-07
object_2007_early_portable,16,surrogate_exchange,50,6.924069413473048,692406.9413473047,strong,1.909985572230957e-05,5.779935518252329e-05,-1.0302880167157573e-08,-1.4879804854512203e-14,-1.4879804854512202e-11,-1.0317774851816939e-08,6.520314620113627e-17,-1.0317774786613794e-08
object_2007_early_portable,16,surrogate_exchange,51,6.924069413473049,692406.9413473048,strong,-1.2468319886034995e-05,-4.6371489664027974e-05,-6.906260890015921e-09,-9.974280264402789e-15,-9.974280264402788e-12,-6.916245144560589e-09,-1.854351846502921e-16,-6.9162453299957736e-09
object_2007_early_portable,16,surrogate_exchange,52,17.230046835844863,1723004.6835844861,strong,-0.0006328764628006876,-0.0002952706131491623,2.699499342916663e-06,1.5667394108881395e-12,1.5667394108881394e-09,2.7010676490669623e-06,-2.1493896007474624e-16,2.7010676488520235e-06
object_2007_early_portable,16,surrogate_exchange,53,17.230046835844885,1723004.6835844882,strong,-0.0011033251919945523,-0.000582443817447362,7.5647286858660035e-06,4.390428394035798e-12,4.390428394035798e-09,7.569123504688433e-06,-1.0292273927323269e-15,7.569123503659205e-06
object_2007_early_portable,16,exact_score_teacher,0,9.62273343904757e-05,9.62273343904757,intermediate,-0.0003495919641497401,-0.0005272761668680959,-7.496379495184701e-12,-7.790280737451947e-13,-7.790280737451947e-10,-7.873034813141245e-10,2.4614467348514847e-17,-7.873034566996572e-10
object_2007_early_portable,16,exact_score_teacher,1,9.622733439106642e-05,9.622733439106641,intermediate,-0.00014744643400450808,-0.0002490997899244721,-1.9394741666823766e-12,-2.0155127219885187e-13,-2.0155127219885187e-10,-2.036922976377331e-10,9.662219088634173e-18,-2.03692287975514e-10
object_2007_early_portable,16,exact_score_teacher,2,0.0009760289343596242,97.60289343596241,strong,-0.001162139578267701,-0.0007921959523081445,3.528315182749407e-10,3.6149698626141103e-12,3.61496986261411e-09,3.971416350751665e-09,-4.445262708706685e-18,3.971416346306402e-09
object_2007_early_portable,16,exact_score_teacher,3,0.0009760289343600594,97.60289343600593,strong,-5.711789719890515e-05,-0.00033390301100709224,-5.281720385568919e-11,-5.411438328958883e-13,-5.411438328958883e-10,-5.945021805844735e-10,-2.064947442447599e-17,-5.945022012339479e-10
object_2007_early_portable,16,exact_score_teacher,4,0.0014509220193837994,145.09220193837993,strong,-0.000147082682875829,-0.0006222215088537435,-2.6517507175930586e-10,-1.8276314523913876e-12,-1.8276314523913877e-09,-2.094634155603085e-09,-1.3207960886867494e-16,-2.0946342876826938e-09
object_2007_early_portable,16,exact_score_teacher,5,0.0014509220193845136,145.09220193845135,strong,-4.1328711948126925e-05,-0.0004595127116790134,-1.5194336123234357e-10,-1.0472193488165441e-12,-1.0472193488165442e-09,-1.2002099293977044e-09,7.205693525709081e-18,-1.2002099221920108e-09
object_2007_early_portable,16,exact_score_teacher,6,0.002249958550004746,224.9958550004746,strong,0.0011745049765289094,0.0025915015154530413,-6.003359838038466e-09,-2.6682090823521185e-11,-2.668209082352118e-08,-3.271213275238317e-08,-4.333078120309337e-17,-3.271213279571395e-08
object_2007_early_portable,16,exact_score_teacher,7,0.0022499585500054364,224.99585500054363,strong,0.000161774426606593,0.0002052175356605766,-1.7935850394281077e-11,-7.971635919354043e-14,-7.971635919354043e-11,-9.773192594701504e-11,-7.275334979671045e-19,-9.773192667454854e-11
object_2007_early_portable,16,exact_score_teacher,8,0.006021309871277823,602.1309871277823,strong,-0.0025293786491685406,-0.002185702348051103,4.878650703797731e-09,8.10230798296783e-12,8.10230798296783e-09,1.2989060994748529e-08,2.35566068484293e-17,1.2989061018305136e-08
object_2007_early_portable,16,exact_score_teacher,9,0.006021309871278021,602.1309871278021,strong,0.014284015064351127,0.009615433695775197,3.3591840425450136e-07,5.578826060038043e-10,5.578826060038043e-07,8.943588928643095e-07,1.3301504407051857e-16,8.943588929973246e-07
object_2007_early_portable,16,exact_score_teacher,10,0.007461485992571335,746.1485992571335,strong,0.0008912704624008652,0.0018246462750853632,-9.457325274320561e-09,-1.2674854960173197e-11,-1.2674854960173195e-08,-2.214485508945393e-08,6.291199478022214e-17,-2.2144855026541934e-08
object_2007_early_portable,16,exact_score_teacher,11,0.007461485992571436,746.1485992571436,strong,0.003533560832198983,0.0049301778274223945,-4.4099625344561774e-08,-5.910300627578316e-11,-5.9103006275783166e-08,-1.0326173462662072e-07,-1.2349157017659277e-16,-1.0326173475011229e-07
object_2007_early_portable,16,exact_score_teacher,12,0.012279601449681814,1227.9601449681813,strong,-0.006451800000737089,-0.006790057055242162,-2.7501098018906636e-08,-2.2395757819663798e-11,-2.2395757819663797e-08,-4.99192515963901e-08,2.9097087407781915e-17,-4.9919251567293007e-08
object_2007_early_portable,16,exact_score_teacher,13,0.012279601449681937,1227.9601449681936,strong,0.0013646166333366396,0.003113833850081042,-4.8097864637888047e-08,-3.91689134496575e-11,-3.916891344965749e-08,-8.73059470009952e-08,2.1555049901185946e-17,-8.730594697944015e-08
object_2007_early_portable,16,exact_score_teacher,14,0.013716674765305163,1371.667476530516,strong,-3.662156366507943e-05,0.0003360488901655925,-7.653062154467474e-10,-5.579385882812549e-13,-5.579385882812548e-10,-1.3238027423162835e-09,1.8334207122856396e-17,-1.3238027239820765e-09
object_2007_early_portable,16,exact_score_teacher,15,0.01371667476530577,1371.6674765305768,strong,-0.0002864751161450199,-0.0007852492866879424,-3.6661136179790657e-09,-2.6727422503680993e-12,-2.672742250368099e-09,-6.341528610597533e-09,-1.6168991448775337e-17,-6.341528626766524e-09
object_2007_early_portable,16,exact_score_teacher,16,0.03021470083369208,3021.4700833692077,strong,0.004016611932323201,0.005667825880357954,-2.4158283090209424e-07,-7.995539397587147e-11,-7.995539397587146e-08,-3.216181802719416e-07,2.606828322362633e-16,-3.2161818001125877e-07
object_2007_early_portable,16,exact_score_teacher,17,0.030214700833692338,3021.4700833692336,strong,0.00011777634919422798,-0.0011190186466984399,-1.8707907347210695e-08,-6.191657316146435e-12,-6.191657316146435e-09,-2.4905756320673277e-08,2.377062527781775e-16,-2.4905756082967023e-08
object_2007_early_portable,16,exact_score_teacher,18,0.03611647626925944,3611.6476269259438,strong,-0.0011147757444312178,0.002591854369872601,-9.886856691854099e-08,-2.7374920571277612e-11,-2.737492057127761e-08,-1.2627086241038988e-07,-3.3893978401633767e-16,-1.2627086274932966e-07
object_2007_early_portable,16,exact_score_teacher,19,0.03611647626926076,3611.6476269260756,strong,0.0006597932541508996,-0.0010291855369647307,-1.1266457686531528e-08,-3.119478656371737e-12,-3.1194786563717367e-09,-1.4389055821559636e-08,3.767092419552518e-17,-1.4389055783888712e-08
object_2007_early_portable,16,exact_score_teacher,20,0.050828910185203635,5082.891018520363,strong,-0.0041966370431396754,0.0005422764919836566,4.4011987536163026e-07,8.65884933904701e-11,8.658849339047009e-08,5.267949572454908e-07,-1.7325637728053146e-15,5.26794955512927e-07
object_2007_early_portable,16,exact_score_teacher,21,0.050828910185204135,5082.891018520413,strong,-0.0002545857963742544,0.0005133079869210444,-5.049119317764156e-09,-9.933558086071088e-13,-9.933558086071088e-10,-6.043468482179872e-09,-2.25783552963795e-16,-6.043468707963425e-09
object_2007_early_portable,16,exact_score_teacher,22,0.08016136308937875,8016.136308937875,strong,0.0005367604995662988,-0.0004614784655985183,3.0120415618298263e-09,3.757472984174987e-13,3.7574729841749873e-10,3.3881646075457428e-09,-2.30822698198902e-16,3.3881643767230447e-09
object_2007_early_portable,16,exact_score_teacher,23,0.08016136308937982,8016.136308937982,strong,-0.0001808106764290606,0.0005392810535123503,-1.0346088611173477e-08,-1.29065776983328e-12,-1.29065776983328e-09,-1.1638037038776591e-08,1.914858660325611e-16,-1.1638036847290724e-08
object_2007_early_portable,16,exact_score_teacher,24,0.16418741339131201,16418.7413391312,strong,-5.1972769317092896e-05,0.0013524524096799333,-1.499381092175595e-07,-9.132131758492854e-12,-9.132131758492852e-09,-1.5907937310781088e-07,-4.581896946219015e-16,-1.5907937356600057e-07
object_2007_early_portable,16,exact_score_teacher,25,0.16418741339131265,16418.741339131266,strong,-3.0468501286491124e-05,-0.00048414881329104535,-1.9166560860563985e-08,-1.1673587192024131e-12,-1.1673587192024129e-09,-2.03350869384856e-08,-3.15452329764311e-17,-2.0335086970030834e-08
object_2007_early_portable,16,exact_score_teacher,26,0.18321079704109225,18321.079704109223,strong,0.0008568986664219593,0.0007580960079988928,1.4617085692016285e-08,7.97828835859375e-13,7.97828835859375e-10,1.541571235671152e-08,-2.1462875571901857e-17,1.5415712335248644e-08
object_2007_early_portable,16,exact_score_teacher,27,0.18321079704109236,18321.079704109234,strong,-0.0004517210286846342,-0.0004250031272085654,2.1457858892709945e-09,1.1712114809422047e-13,1.1712114809422047e-10,2.2630241585133094e-09,1.3159410759150802e-18,2.2630241598292503e-09
object_2007_early_portable,16,exact_score_teacher,28,0.1971725991439899,19717.25991439899,strong,3.845962555864223e-05,6.871846487792197e-05,-3.197237115955183e-10,-1.6215423085336142e-14,-1.621542308533614e-11,-3.3595535010393975e-10,-5.083489404725979e-19,-3.359553506122887e-10
object_2007_early_portable,16,exact_score_teacher,29,0.19717259914399057,19717.259914399056,strong,-0.0016472973304541688,0.0004248328278738798,2.497295039092183e-07,1.2665527816410569e-11,1.2665527816410568e-08,2.6240769725344527e-07,2.2035821976140983e-15,2.624076994570275e-07
object_2007_early_portable,16,exact_score_teacher,30,0.21166254958692277,21166.254958692276,strong,-0.00026008123092562943,-0.0002770878751165427,-9.668156691703158e-10,-4.5677219284050854e-14,-4.567721928405085e-11,-1.0125385656736507e-09,3.35252911358543e-18,-1.0125385623211216e-09
object_2007_early_portable,16,exact_score_teacher,31,0.21166254958692401,21166.2549586924,strong,-0.0002550599094112274,-0.0002620795487943293,-3.841815509247572e-10,-1.8150662536878513e-14,-1.8150662536878514e-11,-4.0235036412417257e-10,9.035118964544817e-19,-4.0235036322066066e-10
object_2007_early_portable,16,exact_score_teacher,32,0.2939343927010639,29393.439270106388,strong,-0.0014996788587025992,0.0003138687610160795,3.160563477690785e-07,1.075261540048881e-11,1.075261540048881e-08,3.268197157849678e-07,8.849654718720029e-16,3.2681971666993327e-07
object_2007_early_portable,16,exact_score_teacher,33,0.29393439270106453,29393.43927010645,strong,-0.00030342145095064717,9.28266716129436e-05,1.2264087140417384e-08,4.1723892967129363e-13,4.1723892967129356e-10,1.268174330901835e-08,-1.3496580075528614e-16,1.2681743174052548e-08
object_2007_early_portable,16,exact_score_teacher,34,0.4958325650510532,49583.25650510532,strong,-3.3108132569283685e-05,0.0007170001215391218,-1.2717932392898657e-07,-2.564965129224451e-12,-2.564965129224451e-09,-1.2974685402334026e-07,9.595868128377912e-17,-1.297468539273816e-07
object_2007_early_portable,16,exact_score_teacher,35,0.495832565051054,49583.2565051054,strong,2.2348670077182506e-05,-9.574429797784144e-05,-2.1488162483393204e-09,-4.3337537705254703e-14,-4.3337537705254697e-11,-2.1921971235822805e-09,-1.8593316344885263e-17,-2.1921971421755967e-09
object_2007_early_portable,16,exact_score_teacher,36,0.7147361672560099,71473.61672560098,strong,-0.0004759317613348005,0.000338251350952578,4.0059913308665984e-08,5.604853251300072e-13,5.604853251300071e-10,4.062095911912112e-08,5.487420931087929e-16,4.062095966786322e-08
object_2007_early_portable,16,exact_score_teacher,37,0.7147361672560101,71473.61672560101,strong,0.0009917373824379586,-0.00019963682889908245,3.372440336672637e-07,4.7184408613600614e-12,4.718440861360061e-09,3.419671929694851e-07,8.463505529575445e-16,3.4196719381583563e-07
object_2007_early_portable,16,exact_score_teacher,38,1.4020954406964998,140209.54406964997,strong,0.0007367616147180983,-0.00014534538713260322,3.657312644910526e-07,2.6084619768064666e-12,2.6084619768064666e-09,3.6834233492983584e-07,2.27399139886283e-15,3.6834233720382724e-07
object_2007_early_portable,16,exact_score_teacher,39,1.4020954406965023,140209.5440696502,strong,0.00015580237151705808,0.00010322235631063839,9.547936342175724e-09,6.809762064009501e-14,6.809762064009501e-11,9.616102060436459e-09,2.2836192231965325e-17,9.61610208327265e-09
object_2007_early_portable,16,exact_score_teacher,40,1.686460032733325,168646.0032733325,strong,9.882916796881495e-05,-0.00021431362565670108,-3.0493833076481356e-08,-1.808156285035618e-13,-1.808156285035618e-10,-3.067482952061342e-08,1.1436496481842376e-16,-3.067482940624845e-08
object_2007_early_portable,16,exact_score_teacher,41,1.6864600327333314,168646.00327333313,strong,2.9758922624493117e-05,9.510295967673132e-05,-6.879896386545275e-09,-4.079489731751708e-14,-4.0794897317517076e-11,-6.92073207876011e-09,1.5479844622641769e-18,-6.9207320772121256e-09
object_2007_early_portable,16,exact_score_teacher,42,1.8994924239752393,189949.24239752392,strong,0.0002561692434545,4.515404963789633e-05,6.038846663421305e-08,3.179189654667464e-13,3.179189654667464e-10,6.070670351864527e-08,-6.664248774830529e-17,6.070670345200278e-08
object_2007_early_portable,16,exact_score_teacher,43,1.8994924239752415,189949.24239752413,strong,-0.0006311906076142436,0.00024873601537511334,3.1961997112421516e-07,1.6826598889787475e-12,1.6826598889787475e-09,3.213043136730829e-07,-1.1268881479657075e-16,3.2130431356039406e-07
object_2007_early_portable,16,exact_score_teacher,44,2.3809330297932108,238093.30297932104,strong,1.84348652813177e-05,-0.00034879155515709747,-1.4442228416568033e-07,-6.065785234548312e-13,-6.065785234548312e-10,-1.450294692676586e-07,-1.0574996375574744e-16,-1.4502946937340857e-07
object_2007_early_portable,16,exact_score_teacher,45,2.380933029793211,238093.3029793211,strong,7.578328412527886e-06,0.0002444958748712002,-7.109561474699325e-08,-2.986040088375273e-13,-2.9860400883752727e-10,-7.139451735983963e-08,-6.86259336090369e-17,-7.139451742846556e-08
object_2007_early_portable,16,exact_score_teacher,46,5.071101256903172,507110.1256903172,strong,-4.8718079045417025e-05,0.00013279856903706118,-3.8697595782198954e-08,-7.6310043562078e-14,-7.6310043562078e-11,-3.8773982135804595e-08,3.357352348149484e-16,-3.877398180006936e-08
object_2007_early_portable,16,exact_score_teacher,47,5.071101256903195,507110.12569031946,strong,-2.9715715161505797e-05,-7.273471966187228e-05,-1.1174972135342916e-08,-2.2036578583657024e-14,-2.2036578583657022e-11,-1.1197030750505158e-08,1.2216646241011006e-16,-1.1197030628338696e-08
object_2007_early_portable,16,exact_score_teacher,48,6.543649758198651,654364.975819865,strong,-3.178685983349971e-05,-0.00037575244575022073,-4.586427626479352e-07,-7.008974801459902e-13,-7.008974801459901e-10,-4.5934436102556136e-07,4.0309371065252373e-16,-4.5934436062246765e-07
object_2007_early_portable,16,exact_score_teacher,49,6.543649758198653,654364.9758198652,strong,-3.633456795381845e-05,0.00020112155328179886,-1.280254551893371e-07,-1.9564839183046404e-13,-1.9564839183046403e-10,-1.282212992295594e-07,6.912997176697495e-16,-1.2822129853825968e-07
object_2007_early_portable,16,exact_score_teacher,50,6.924069413473048,692406.9413473047,strong,1.909985572230957e-05,-0.0006061281828377713,-1.2706587220474852e-06,-1.8351328477080284e-12,-1.8351328477080284e-09,-1.2724956900280412e-06,-1.0534202192768487e-15,-1.2724956910814613e-06
object_2007_early_portable,16,exact_score_teacher,51,6.924069413473049,692406.9413473048,strong,-1.2468319886034995e-05,-0.00019266249121923935,-1.2796849239741357e-07,-1.8481688261011493e-13,-1.848168826101149e-10,-1.281534940969063e-07,-9.855815740205164e-16,-1.2815349508248787e-07
object_2007_early_portable,16,exact_score_teacher,52,17.230046835844863,1723004.6835844861,strong,-0.0006328764628006876,-0.00041426524254836624,1.972124678106267e-06,1.1445846299172672e-12,1.1445846299172672e-09,1.9732704073208147e-06,-1.391802552894331e-16,1.9732704071816345e-06
object_2007_early_portable,16,exact_score_teacher,53,17.230046835844885,1723004.6835844882,strong,-0.0011033251919945523,-0.0001775369030287626,1.0215756171283465e-05,5.929035636763857e-12,5.9290356367638565e-09,1.0221691135955865e-05,-1.829296867646122e-15,1.0221691134126569e-05
object_2007_early_portable,16,directed_verified,0,9.62273343904757e-05,9.62273343904757,intermediate,-0.0003495919641497401,-0.0007563390607892836,-2.16431746025634e-11,-2.2491711673877126e-12,-2.2491711673877124e-09,-2.2730635131576637e-09,5.634638857122764e-17,-2.273063456811275e-09
object_2007_early_portable,16,directed_verified,1,9.622733439106642e-05,9.622733439106641,intermediate,-0.00014744643400450808,-0.0005274020732124268,-1.2336945493861592e-11,-1.2820624796406015e-12,-1.2820624796406013e-09,-1.2956814876141034e-09,3.611503621070272e-17,-1.2956814514990672e-09
object_2007_early_portable,16,directed_verified,2,0.0009760289343596242,97.60289343596241,strong,-0.001162139578267701,-0.0015764293906262074,-5.536822913371352e-10,-5.672806121269428e-12,-5.672806121269427e-09,-6.232161218727832e-09,4.978128893821492e-18,-6.232161213749703e-09
object_2007_early_portable,16,directed_verified,3,0.0009760289343600594,97.60289343600593,strong,-5.711789719890515e-05,0.00043278890998261127,-8.981603036926543e-11,-9.202189321175607e-13,-9.202189321175605e-10,-1.0109551814189436e-09,3.654935753619341e-17,-1.010955144869586e-09
object_2007_early_portable,16,directed_verified,4,0.0014509220193837994,145.09220193837993,strong,-0.000147082682875829,-0.0004390632262164869,-1.2415771940928677e-10,-8.557160050683914e-13,-8.557160050683913e-10,-9.807294404827465e-10,-8.116506977160789e-17,-9.807295216478163e-10
object_2007_early_portable,16,directed_verified,5,0.0014509220193845136,145.09220193845135,strong,-4.1328711948126925e-05,-0.00037365693508556973,-1.0004937447379226e-10,-6.895572135312521e-13,-6.895572135312522e-10,-7.902961452185757e-10,5.726319819536148e-18,-7.902961394922559e-10
object_2007_early_portable,16,directed_verified,6,0.002249958550004746,224.9958550004746,strong,0.0011745049765289094,0.00275259877060445,-6.971876868730777e-09,-3.0986690260209776e-11,-3.098669026020978e-08,-3.7989553819200766e-08,-4.825702465086112e-17,-3.798955386745779e-08
object_2007_early_portable,16,directed_verified,7,0.0022499585500054364,224.99585500054363,strong,0.000161774426606593,0.0008185176653158028,-7.242618859889441e-10,-3.219001016650703e-12,-3.2190010166507032e-09,-3.946481903656298e-09,-1.0998354310475929e-17,-3.946481914654652e-09
object_2007_early_portable,16,directed_verified,8,0.006021309871277823,602.1309871277823,strong,-0.0025293786491685406,-0.002601118170127821,-1.1080998013471764e-09,-1.840296920497166e-12,-1.8402969204971658e-09,-2.9502370187648393e-09,-4.917242432014399e-18,-2.950237023682082e-09
object_2007_early_portable,16,directed_verified,9,0.006021309871278021,602.1309871278021,strong,0.014284015064351127,0.015003181238831818,-6.341150087995415e-08,-1.053118046331256e-10,-1.0531180463312559e-07,-1.6882861731771287e-07,-2.049014740033431e-17,-1.6882861733820302e-07
object_2007_early_portable,16,directed_verified,10,0.007461485992571335,746.1485992571335,strong,0.0008912704624008652,0.0004858555990799444,2.0829013252912692e-09,2.7915368699546024e-12,2.7915368699546022e-09,4.877229732115827e-09,-2.7326032471008183e-17,4.877229704789794e-09
object_2007_early_portable,16,directed_verified,11,0.007461485992571436,746.1485992571436,strong,0.003533560832198983,0.004062544573183921,-1.49909321481246e-08,-2.009108127127678e-11,-2.0091081271276777e-08,-3.510210450067265e-08,-4.6773763312015415e-17,-3.510210454744641e-08
object_2007_early_portable,16,directed_verified,12,0.012279601449681814,1227.9601449681813,strong,-0.006451800000737089,-0.00840517996101569,-1.7818516410560787e-07,-1.4510663463774306e-10,-1.4510663463774304e-07,-3.2343690537798865e-07,1.68030989118613e-16,-3.2343690520995764e-07
object_2007_early_portable,16,directed_verified,13,0.012279601449681937,1227.9601449681936,strong,0.0013646166333366396,0.0034898916921540972,-6.334534001251199e-08,-5.1585827334935816e-11,-5.158582733493582e-08,-1.1498275317478276e-07,2.6189091616544537e-17,-1.1498275314859366e-07
object_2007_early_portable,16,directed_verified,14,0.013716674765305163,1371.667476530516,strong,-3.662156366507943e-05,-0.0011659074459818624,-9.313615538229664e-09,-6.78999516835337e-12,-6.789995168353369e-09,-1.6110400701751387e-08,-5.555729211825563e-17,-1.6110400757308678e-08
object_2007_early_portable,16,directed_verified,15,0.01371667476530577,1371.6674765305768,strong,-0.0002864751161450199,-0.0014166395631592726,-1.3200925460497252e-08,-9.62399829868896e-12,-9.62399829868896e-09,-2.28345477574849e-08,-3.663706013403276e-17,-2.283454779412196e-08
object_2007_early_portable,16,directed_verified,16,0.03021470083369208,3021.4700833692077,strong,0.004016611932323201,0.009461537578625029,-1.1086910101240057e-06,-3.6693760968426224e-10,-3.669376096842622e-07,-1.4759955574179521e-06,8.59609162388176e-16,-1.475995556558343e-06
object_2007_early_portable,16,directed_verified,17,0.030214700833692338,3021.4700833692336,strong,0.00011777634919422798,-0.0016532575015849567,-4.108276402501102e-08,-1.3596945490587064e-11,-1.3596945490587064e-08,-5.469330646108867e-08,3.4038447892342555e-16,-5.469330612070419e-08
object_2007_early_portable,16,directed_verified,18,0.03611647626925944,3611.6476269259438,strong,-0.0011147757444312178,-0.002776553440902077,-1.1677403119483313e-07,-3.233262024906494e-11,-3.233262024906494e-08,-1.4913898406414715e-07,1.5195543017671423e-16,-1.491389839121917e-07
object_2007_early_portable,16,directed_verified,19,0.03611647626926076,3611.6476269260756,strong,0.0006597932541508996,0.000517765355140075,3.0201712595847274e-09,8.362308761985282e-13,8.362308761985281e-10,3.857238366659454e-09,3.1677853182232107e-18,3.857238369827239e-09
object_2007_early_portable,16,directed_verified,20,0.050828910185203635,5082.891018520363,strong,-0.0041966370431396754,-0.0007771851580760044,4.322425893677992e-07,8.503872850959249e-11,8.503872850959248e-08,5.173663566059012e-07,-1.2501638645656308e-15,5.173663553557374e-07
object_2007_early_portable,16,directed_verified,21,0.050828910185204135,5082.891018520413,strong,-0.0002545857963742544,0.0006360565706005144,-8.634663621542888e-09,-1.6987701664428692e-12,-1.6987701664428693e-09,-1.03351325581522e-08,-2.6187527807907256e-16,-1.0335132820027479e-08
object_2007_early_portable,16,directed_verified,22,0.08016136308937875,8016.136308937875,strong,0.0005367604995662988,0.0005499075346145402,-5.726111631284647e-10,-7.143231365589576e-14,-7.143231365589576e-11,-6.441149090980163e-10,3.039987627260758e-18,-6.441149060580287e-10
object_2007_early_portable,16,directed_verified,23,0.08016136308937982,8016.136308937982,strong,-0.0001808106764290606,0.00015604688538216327,3.3434784590966764e-10,4.170935136630227e-14,4.170935136630227e-11,3.760989066273362e-10,8.95767292845974e-17,3.760989962040655e-10
object_2007_early_portable,16,directed_verified,24,0.16418741339131201,16418.7413391312,strong,-5.1972769317092896e-05,-0.0005130437470594043,-2.138645463294083e-08,-1.3025635882313314e-12,-1.3025635882313313e-09,-2.2690320784760395e-08,1.5042308671910997e-16,-2.269032063433731e-08
object_2007_early_portable,16,directed_verified,25,0.16418741339131265,16418.741339131266,strong,-3.0468501286491124e-05,0.0004706895204735381,-1.8111537798112836e-08,-1.1031014755648218e-12,-1.1031014755648218e-09,-1.921574237515322e-08,3.48464461342302e-17,-1.9215742340306775e-08
object_2007_early_portable,16,directed_verified,26,0.18321079704109225,18321.079704109223,strong,0.0008568986664219593,0.00197650485782966,-2.9059945107720794e-07,-1.5861480642542567e-11,-1.5861480642542564e-08,-3.0647679320039306e-07,2.432117592708858e-16,-3.064767929571813e-07
object_2007_early_portable,16,directed_verified,27,0.18321079704109236,18321.079704109234,strong,-0.0004517210286846342,-0.00038955097533947906,4.79113871672427e-09,2.615096268398235e-13,2.615096268398235e-10,5.052909853190933e-09,3.062071583803106e-18,5.052909856253004e-09
object_2007_early_portable,16,directed_verified,28,0.1971725991439899,19717.25991439899,strong,3.845962555864223e-05,0.00028795123085966086,-8.02854966098604e-09,-4.0718384277741375e-13,-4.071838427774137e-10,-8.436140687606233e-09,-4.191462596213005e-18,-8.436140691797696e-09
object_2007_early_portable,16,directed_verified,29,0.19717259914399057,19717.259914399056,strong,-0.0016472973304541688,-0.0009962725618319456,1.6966992763732721e-07,8.605147387311216e-12,8.605147387311215e-09,1.7828368017202574e-07,6.923245552775996e-16,1.7828368086435029e-07
object_2007_early_portable,16,directed_verified,30,0.21166254958692277,21166.254958692276,strong,-0.00026008123092562943,-0.0010695980096283495,-1.1391653606849495e-07,-5.381988277605682e-12,-5.381988277605682e-09,-1.1930390633437824e-07,1.5958048737133164e-16,-1.1930390617479777e-07
object_2007_early_portable,16,directed_verified,31,0.21166254958692401,21166.2549586924,strong,-0.0002550599094112274,-0.00015916561905581785,4.203815408985303e-09,1.98609315497209e-13,1.9860931549720898e-10,4.40262333379801e-09,-1.2342746886220661e-17,4.402623321455263e-09
object_2007_early_portable,16,directed_verified,32,0.2939343927010639,29393.439270106388,strong,-0.0014996788587025992,-0.0017923919916761634,-1.4162234811147474e-07,-4.8181618629265675e-12,-4.818161862926567e-09,-1.4644532813626424e-07,-1.4283662200459097e-16,-1.4644532827910086e-07
object_2007_early_portable,16,directed_verified,33,0.29393439270106453,29393.43927010645,strong,-0.00030342145095064717,-0.0002824972555843941,1.801799821465871e-09,6.129938742140758e-14,6.129938742140758e-11,1.8631605082746998e-09,-7.126975806208863e-18,1.863160501147724e-09
object_2007_early_portable,16,directed_verified,34,0.4958325650510532,49583.25650510532,strong,-3.3108132569283685e-05,-0.00015699530016738156,-5.838769544735337e-09,-1.177568791621049e-13,-1.1775687916210486e-10,-5.956644180776604e-09,-1.5848444761918248e-17,-5.9566441966250484e-09
object_2007_early_portable,16,directed_verified,35,0.495832565051054,49583.2565051054,strong,2.2348670077182506e-05,2.473753151251368e-05,-2.788622121285486e-11,-5.624120555692731e-16,-5.624120555692732e-13,-2.84491956804797e-11,3.7611770711456505e-19,-2.8449195304361995e-11
object_2007_early_portable,16,directed_verified,36,0.7147361672560099,71473.61672560098,strong,-0.0004759317613348005,-0.00011508678223236203,7.621448816919403e-08,1.066330370013232e-12,1.066330370013232e-09,7.728188486957728e-08,2.4320183768510754e-16,7.728188511277911e-08
object_2007_early_portable,16,directed_verified,37,0.7147361672560101,71473.61672560101,strong,0.0009917373824379586,0.0004088774099415039,2.917418304700149e-07,4.081811496822105e-12,4.081811496822105e-09,2.9582772377833383e-07,4.1406289923430063e-16,2.9582772419239673e-07
object_2007_early_portable,16,directed_verified,38,1.4020954406964998,140209.54406964997,strong,0.0007367616147180983,0.0001493429265904153,3.6490541053367187e-07,2.6025718359971475e-12,2.6025718359971472e-09,3.67510584941505e-07,1.5143118029117775e-15,3.675105864558168e-07
object_2007_early_portable,16,directed_verified,39,1.4020954406965023,140209.5440696502,strong,0.00015580237151705808,2.5463401551346194e-05,1.656294934106248e-08,1.1812997075887148e-13,1.1812997075887147e-10,1.6681197441792108e-08,5.66079291108677e-17,1.6681197498400038e-08
object_2007_early_portable,16,directed_verified,40,1.686460032733325,168646.0032733325,strong,9.882916796881495e-05,-2.072638337946288e-05,7.873762707854074e-09,4.668810736707882e-14,4.668810736707882e-11,7.92049750332852e-09,4.366367900563727e-17,7.920497546992199e-09
object_2007_early_portable,16,directed_verified,41,1.6864600327333314,168646.00327333313,strong,2.9758922624493117e-05,-3.913074048292575e-05,-5.444073225839004e-10,-3.228106874857579e-15,-3.2281068748575786e-12,-5.476386575656329e-10,-1.6319794875184468e-18,-5.476386591976124e-10
object_2007_early_portable,16,directed_verified,42,1.8994924239752393,189949.24239752392,strong,0.0002561692434545,-2.0851255550533602e-05,6.191196720311124e-08,3.2593953217008617e-13,3.2593953217008615e-10,6.22382326748135e-08,-8.74881797706822e-17,6.223823258732533e-08
object_2007_early_portable,16,directed_verified,43,1.8994924239752415,189949.24239752413,strong,-0.0006311906076142436,-9.068476180892494e-05,3.7056994179745993e-07,1.9508892855804833e-12,1.950889285580483e-09,3.72522781972326e-07,-6.922050266815953e-17,3.725227819031055e-07
object_2007_early_portable,16,directed_verified,44,2.3809330297932108,238093.30297932104,strong,1.84348652813177e-05,-8.771816824519247e-05,-8.755444056750386e-09,-3.67731639117578e-14,-3.67731639117578e-11,-8.792253993826055e-09,-3.056882300186696e-17,-8.792254024394878e-09
object_2007_early_portable,16,directed_verified,45,2.380933029793211,238093.3029793211,strong,7.578328412527886e-06,2.5680440452131884e-05,-7.16725079882998e-10,-3.0102698014368217e-15,-3.0102698014368213e-12,-7.197383599542362e-10,-5.243488114671629e-18,-7.197383651977243e-10
object_2007_early_portable,16,directed_verified,46,5.071101256903172,507110.1256903172,strong,-4.8718079045417025e-05,-5.747923245412608e-05,-2.3591040376512286e-09,-4.652054688199797e-15,-4.652054688199797e-12,-2.3637607443941167e-09,-1.620472792989315e-17,-2.3637607605988446e-09
object_2007_early_portable,16,directed_verified,47,5.071101256903195,507110.12569031946,strong,-2.9715715161505797e-05,-8.25139329089702e-05,-1.5024469643118848e-08,-2.962762698273145e-14,-2.962762698273145e-11,-1.505412689772856e-08,1.4993772075110353e-16,-1.5054126747790842e-08
object_2007_early_portable,16,directed_verified,48,6.543649758198651,654364.975819865,strong,-3.178685983349971e-05,-0.00018156290027940603,-1.0455012455218408e-07,-1.5977341149897493e-13,-1.5977341149897493e-10,-1.0471005773709455e-07,1.7552273361672936e-16,-1.0471005756157182e-07
object_2007_early_portable,16,directed_verified,49,6.543649758198653,654364.9758198652,strong,-3.633456795381845e-05,0.00021037206807280316,-1.4047974764895152e-07,-2.146810309841874e-13,-2.1468103098418737e-10,-1.406946433609667e-07,7.182304964176082e-16,-1.406946426427362e-07
object_2007_early_portable,16,directed_verified,50,6.924069413473048,692406.9413473047,strong,1.909985572230957e-05,5.779935518252329e-05,-1.0302880167157573e-08,-1.4879804854512203e-14,-1.4879804854512202e-11,-1.0317774851816939e-08,6.520314620113627e-17,-1.0317774786613794e-08
object_2007_early_portable,16,directed_verified,51,6.924069413473049,692406.9413473048,strong,-1.2468319886034995e-05,-4.6371489664027974e-05,-6.906260890015921e-09,-9.974280264402789e-15,-9.974280264402788e-12,-6.916245144560589e-09,-1.854351846502921e-16,-6.9162453299957736e-09
object_2007_early_portable,16,directed_verified,52,17.230046835844863,1723004.6835844861,strong,-0.0006328764628006876,-0.0002952706131491623,2.699499342916663e-06,1.5667394108881395e-12,1.5667394108881394e-09,2.7010676490669623e-06,-2.1493896007474624e-16,2.7010676488520235e-06
object_2007_early_portable,16,directed_verified,53,17.230046835844885,1723004.6835844882,strong,-0.0011033251919945523,-0.000582443817447362,7.5647286858660035e-06,4.390428394035798e-12,4.390428394035798e-09,7.569123504688433e-06,-1.0292273927323269e-15,7.569123503659205e-06
object_2007_early_portable,16,adaptive_leq_k,0,9.62273343904757e-05,9.62273343904757,intermediate,-0.0003495919641497401,-0.0007563390607892836,-2.16431746025634e-11,-2.2491711673877126e-12,-2.2491711673877124e-09,-2.2730635131576637e-09,5.634638857122764e-17,-2.273063456811275e-09
object_2007_early_portable,16,adaptive_leq_k,1,9.622733439106642e-05,9.622733439106641,intermediate,-0.00014744643400450808,-0.0005274020732124268,-1.2336945493861592e-11,-1.2820624796406015e-12,-1.2820624796406013e-09,-1.2956814876141034e-09,3.611503621070272e-17,-1.2956814514990672e-09
object_2007_early_portable,16,adaptive_leq_k,2,0.0009760289343596242,97.60289343596241,strong,-0.001162139578267701,-0.0015764293906262074,-5.536822913371352e-10,-5.672806121269428e-12,-5.672806121269427e-09,-6.232161218727832e-09,4.978128893821492e-18,-6.232161213749703e-09
object_2007_early_portable,16,adaptive_leq_k,3,0.0009760289343600594,97.60289343600593,strong,-5.711789719890515e-05,0.00043278890998261127,-8.981603036926543e-11,-9.202189321175607e-13,-9.202189321175605e-10,-1.0109551814189436e-09,3.654935753619341e-17,-1.010955144869586e-09
object_2007_early_portable,16,adaptive_leq_k,4,0.0014509220193837994,145.09220193837993,strong,-0.000147082682875829,-0.0004390632262164869,-1.2415771940928677e-10,-8.557160050683914e-13,-8.557160050683913e-10,-9.807294404827465e-10,-8.116506977160789e-17,-9.807295216478163e-10
object_2007_early_portable,16,adaptive_leq_k,5,0.0014509220193845136,145.09220193845135,strong,-4.1328711948126925e-05,-0.00037365693508556973,-1.0004937447379226e-10,-6.895572135312521e-13,-6.895572135312522e-10,-7.902961452185757e-10,5.726319819536148e-18,-7.902961394922559e-10
object_2007_early_portable,16,adaptive_leq_k,6,0.002249958550004746,224.9958550004746,strong,0.0011745049765289094,0.00275259877060445,-6.971876868730777e-09,-3.0986690260209776e-11,-3.098669026020978e-08,-3.7989553819200766e-08,-4.825702465086112e-17,-3.798955386745779e-08
object_2007_early_portable,16,adaptive_leq_k,7,0.0022499585500054364,224.99585500054363,strong,0.000161774426606593,0.0008185176653158028,-7.242618859889441e-10,-3.219001016650703e-12,-3.2190010166507032e-09,-3.946481903656298e-09,-1.0998354310475929e-17,-3.946481914654652e-09
object_2007_early_portable,16,adaptive_leq_k,8,0.006021309871277823,602.1309871277823,strong,-0.0025293786491685406,-0.002601118170127821,-1.1080998013471764e-09,-1.840296920497166e-12,-1.8402969204971658e-09,-2.9502370187648393e-09,-4.917242432014399e-18,-2.950237023682082e-09
object_2007_early_portable,16,adaptive_leq_k,9,0.006021309871278021,602.1309871278021,strong,0.014284015064351127,0.015003181238831818,-6.341150087995415e-08,-1.053118046331256e-10,-1.0531180463312559e-07,-1.6882861731771287e-07,-2.049014740033431e-17,-1.6882861733820302e-07
object_2007_early_portable,16,adaptive_leq_k,10,0.007461485992571335,746.1485992571335,strong,0.0008912704624008652,0.0004858555990799444,2.0829013252912692e-09,2.7915368699546024e-12,2.7915368699546022e-09,4.877229732115827e-09,-2.7326032471008183e-17,4.877229704789794e-09
object_2007_early_portable,16,adaptive_leq_k,11,0.007461485992571436,746.1485992571436,strong,0.003533560832198983,0.004062544573183921,-1.49909321481246e-08,-2.009108127127678e-11,-2.0091081271276777e-08,-3.510210450067265e-08,-4.6773763312015415e-17,-3.510210454744641e-08
object_2007_early_portable,16,adaptive_leq_k,12,0.012279601449681814,1227.9601449681813,strong,-0.006451800000737089,-0.00840517996101569,-1.7818516410560787e-07,-1.4510663463774306e-10,-1.4510663463774304e-07,-3.2343690537798865e-07,1.68030989118613e-16,-3.2343690520995764e-07
object_2007_early_portable,16,adaptive_leq_k,13,0.012279601449681937,1227.9601449681936,strong,0.0013646166333366396,0.0034898916921540972,-6.334534001251199e-08,-5.1585827334935816e-11,-5.158582733493582e-08,-1.1498275317478276e-07,2.6189091616544537e-17,-1.1498275314859366e-07
object_2007_early_portable,16,adaptive_leq_k,14,0.013716674765305163,1371.667476530516,strong,-3.662156366507943e-05,-0.0011659074459818624,-9.313615538229664e-09,-6.78999516835337e-12,-6.789995168353369e-09,-1.6110400701751387e-08,-5.555729211825563e-17,-1.6110400757308678e-08
object_2007_early_portable,16,adaptive_leq_k,15,0.01371667476530577,1371.6674765305768,strong,-0.0002864751161450199,-0.0014166395631592726,-1.3200925460497252e-08,-9.62399829868896e-12,-9.62399829868896e-09,-2.28345477574849e-08,-3.663706013403276e-17,-2.283454779412196e-08
object_2007_early_portable,16,adaptive_leq_k,16,0.03021470083369208,3021.4700833692077,strong,0.004016611932323201,0.009461537578625029,-1.1086910101240057e-06,-3.6693760968426224e-10,-3.669376096842622e-07,-1.4759955574179521e-06,8.59609162388176e-16,-1.475995556558343e-06
object_2007_early_portable,16,adaptive_leq_k,17,0.030214700833692338,3021.4700833692336,strong,0.00011777634919422798,-0.0016532575015849567,-4.108276402501102e-08,-1.3596945490587064e-11,-1.3596945490587064e-08,-5.469330646108867e-08,3.4038447892342555e-16,-5.469330612070419e-08
object_2007_early_portable,16,adaptive_leq_k,18,0.03611647626925944,3611.6476269259438,strong,-0.0011147757444312178,-0.002776553440902077,-1.1677403119483313e-07,-3.233262024906494e-11,-3.233262024906494e-08,-1.4913898406414715e-07,1.5195543017671423e-16,-1.491389839121917e-07
object_2007_early_portable,16,adaptive_leq_k,19,0.03611647626926076,3611.6476269260756,strong,0.0006597932541508996,0.000517765355140075,3.0201712595847274e-09,8.362308761985282e-13,8.362308761985281e-10,3.857238366659454e-09,3.1677853182232107e-18,3.857238369827239e-09
object_2007_early_portable,16,adaptive_leq_k,20,0.050828910185203635,5082.891018520363,strong,-0.0041966370431396754,-0.0007771851580760044,4.322425893677992e-07,8.503872850959249e-11,8.503872850959248e-08,5.173663566059012e-07,-1.2501638645656308e-15,5.173663553557374e-07
object_2007_early_portable,16,adaptive_leq_k,21,0.050828910185204135,5082.891018520413,strong,-0.0002545857963742544,0.0006360565706005144,-8.634663621542888e-09,-1.6987701664428692e-12,-1.6987701664428693e-09,-1.03351325581522e-08,-2.6187527807907256e-16,-1.0335132820027479e-08
object_2007_early_portable,16,adaptive_leq_k,22,0.08016136308937875,8016.136308937875,strong,0.0005367604995662988,0.0005499075346145402,-5.726111631284647e-10,-7.143231365589576e-14,-7.143231365589576e-11,-6.441149090980163e-10,3.039987627260758e-18,-6.441149060580287e-10
object_2007_early_portable,16,adaptive_leq_k,23,0.08016136308937982,8016.136308937982,strong,-0.0001808106764290606,0.00015604688538216327,3.3434784590966764e-10,4.170935136630227e-14,4.170935136630227e-11,3.760989066273362e-10,8.95767292845974e-17,3.760989962040655e-10
object_2007_early_portable,16,adaptive_leq_k,24,0.16418741339131201,16418.7413391312,strong,-5.1972769317092896e-05,-0.0005130437470594043,-2.138645463294083e-08,-1.3025635882313314e-12,-1.3025635882313313e-09,-2.2690320784760395e-08,1.5042308671910997e-16,-2.269032063433731e-08
object_2007_early_portable,16,adaptive_leq_k,25,0.16418741339131265,16418.741339131266,strong,-3.0468501286491124e-05,0.0004706895204735381,-1.8111537798112836e-08,-1.1031014755648218e-12,-1.1031014755648218e-09,-1.921574237515322e-08,3.48464461342302e-17,-1.9215742340306775e-08
object_2007_early_portable,16,adaptive_leq_k,26,0.18321079704109225,18321.079704109223,strong,0.0008568986664219593,0.00197650485782966,-2.9059945107720794e-07,-1.5861480642542567e-11,-1.5861480642542564e-08,-3.0647679320039306e-07,2.432117592708858e-16,-3.064767929571813e-07
object_2007_early_portable,16,adaptive_leq_k,27,0.18321079704109236,18321.079704109234,strong,-0.0004517210286846342,-0.00038955097533947906,4.79113871672427e-09,2.615096268398235e-13,2.615096268398235e-10,5.052909853190933e-09,3.062071583803106e-18,5.052909856253004e-09
object_2007_early_portable,16,adaptive_leq_k,28,0.1971725991439899,19717.25991439899,strong,3.845962555864223e-05,0.00028795123085966086,-8.02854966098604e-09,-4.0718384277741375e-13,-4.071838427774137e-10,-8.436140687606233e-09,-4.191462596213005e-18,-8.436140691797696e-09
object_2007_early_portable,16,adaptive_leq_k,29,0.19717259914399057,19717.259914399056,strong,-0.0016472973304541688,-0.0009962725618319456,1.6966992763732721e-07,8.605147387311216e-12,8.605147387311215e-09,1.7828368017202574e-07,6.923245552775996e-16,1.7828368086435029e-07
object_2007_early_portable,16,adaptive_leq_k,30,0.21166254958692277,21166.254958692276,strong,-0.00026008123092562943,-0.0010695980096283495,-1.1391653606849495e-07,-5.381988277605682e-12,-5.381988277605682e-09,-1.1930390633437824e-07,1.5958048737133164e-16,-1.1930390617479777e-07
object_2007_early_portable,16,adaptive_leq_k,31,0.21166254958692401,21166.2549586924,strong,-0.0002550599094112274,-0.00015916561905581785,4.203815408985303e-09,1.98609315497209e-13,1.9860931549720898e-10,4.40262333379801e-09,-1.2342746886220661e-17,4.402623321455263e-09
object_2007_early_portable,16,adaptive_leq_k,32,0.2939343927010639,29393.439270106388,strong,-0.0014996788587025992,-0.0017923919916761634,-1.4162234811147474e-07,-4.8181618629265675e-12,-4.818161862926567e-09,-1.4644532813626424e-07,-1.4283662200459097e-16,-1.4644532827910086e-07
object_2007_early_portable,16,adaptive_leq_k,33,0.29393439270106453,29393.43927010645,strong,-0.00030342145095064717,-0.0002824972555843941,1.801799821465871e-09,6.129938742140758e-14,6.129938742140758e-11,1.8631605082746998e-09,-7.126975806208863e-18,1.863160501147724e-09
object_2007_early_portable,16,adaptive_leq_k,34,0.4958325650510532,49583.25650510532,strong,-3.3108132569283685e-05,-0.00015699530016738156,-5.838769544735337e-09,-1.177568791621049e-13,-1.1775687916210486e-10,-5.956644180776604e-09,-1.5848444761918248e-17,-5.9566441966250484e-09
object_2007_early_portable,16,adaptive_leq_k,35,0.495832565051054,49583.2565051054,strong,2.2348670077182506e-05,2.473753151251368e-05,-2.788622121285486e-11,-5.624120555692731e-16,-5.624120555692732e-13,-2.84491956804797e-11,3.7611770711456505e-19,-2.8449195304361995e-11
object_2007_early_portable,16,adaptive_leq_k,36,0.7147361672560099,71473.61672560098,strong,-0.0004759317613348005,-0.00011508678223236203,7.621448816919403e-08,1.066330370013232e-12,1.066330370013232e-09,7.728188486957728e-08,2.4320183768510754e-16,7.728188511277911e-08
object_2007_early_portable,16,adaptive_leq_k,37,0.7147361672560101,71473.61672560101,strong,0.0009917373824379586,0.0004088774099415039,2.917418304700149e-07,4.081811496822105e-12,4.081811496822105e-09,2.9582772377833383e-07,4.1406289923430063e-16,2.9582772419239673e-07
object_2007_early_portable,16,adaptive_leq_k,38,1.4020954406964998,140209.54406964997,strong,0.0007367616147180983,0.0001493429265904153,3.6490541053367187e-07,2.6025718359971475e-12,2.6025718359971472e-09,3.67510584941505e-07,1.5143118029117775e-15,3.675105864558168e-07
object_2007_early_portable,16,adaptive_leq_k,39,1.4020954406965023,140209.5440696502,strong,0.00015580237151705808,2.5463401551346194e-05,1.656294934106248e-08,1.1812997075887148e-13,1.1812997075887147e-10,1.6681197441792108e-08,5.66079291108677e-17,1.6681197498400038e-08
object_2007_early_portable,16,adaptive_leq_k,40,1.686460032733325,168646.0032733325,strong,9.882916796881495e-05,-2.072638337946288e-05,7.873762707854074e-09,4.668810736707882e-14,4.668810736707882e-11,7.92049750332852e-09,4.366367900563727e-17,7.920497546992199e-09
object_2007_early_portable,16,adaptive_leq_k,41,1.6864600327333314,168646.00327333313,strong,2.9758922624493117e-05,-3.913074048292575e-05,-5.444073225839004e-10,-3.228106874857579e-15,-3.2281068748575786e-12,-5.476386575656329e-10,-1.6319794875184468e-18,-5.476386591976124e-10
object_2007_early_portable,16,adaptive_leq_k,42,1.8994924239752393,189949.24239752392,strong,0.0002561692434545,-2.0851255550533602e-05,6.191196720311124e-08,3.2593953217008617e-13,3.2593953217008615e-10,6.22382326748135e-08,-8.74881797706822e-17,6.223823258732533e-08
object_2007_early_portable,16,adaptive_leq_k,43,1.8994924239752415,189949.24239752413,strong,-0.0006311906076142436,-9.068476180892494e-05,3.7056994179745993e-07,1.9508892855804833e-12,1.950889285580483e-09,3.72522781972326e-07,-6.922050266815953e-17,3.725227819031055e-07
object_2007_early_portable,16,adaptive_leq_k,44,2.3809330297932108,238093.30297932104,strong,1.84348652813177e-05,-8.771816824519247e-05,-8.755444056750386e-09,-3.67731639117578e-14,-3.67731639117578e-11,-8.792253993826055e-09,-3.056882300186696e-17,-8.792254024394878e-09
object_2007_early_portable,16,adaptive_leq_k,45,2.380933029793211,238093.3029793211,strong,7.578328412527886e-06,2.5680440452131884e-05,-7.16725079882998e-10,-3.0102698014368217e-15,-3.0102698014368213e-12,-7.197383599542362e-10,-5.243488114671629e-18,-7.197383651977243e-10
object_2007_early_portable,16,adaptive_leq_k,46,5.071101256903172,507110.1256903172,strong,-4.8718079045417025e-05,-5.747923245412608e-05,-2.3591040376512286e-09,-4.652054688199797e-15,-4.652054688199797e-12,-2.3637607443941167e-09,-1.620472792989315e-17,-2.3637607605988446e-09
object_2007_early_portable,16,adaptive_leq_k,47,5.071101256903195,507110.12569031946,strong,-2.9715715161505797e-05,-8.25139329089702e-05,-1.5024469643118848e-08,-2.962762698273145e-14,-2.962762698273145e-11,-1.505412689772856e-08,1.4993772075110353e-16,-1.5054126747790842e-08
object_2007_early_portable,16,adaptive_leq_k,48,6.543649758198651,654364.975819865,strong,-3.178685983349971e-05,-0.00018156290027940603,-1.0455012455218408e-07,-1.5977341149897493e-13,-1.5977341149897493e-10,-1.0471005773709455e-07,1.7552273361672936e-16,-1.0471005756157182e-07
object_2007_early_portable,16,adaptive_leq_k,49,6.543649758198653,654364.9758198652,strong,-3.633456795381845e-05,0.00021037206807280316,-1.4047974764895152e-07,-2.146810309841874e-13,-2.1468103098418737e-10,-1.406946433609667e-07,7.182304964176082e-16,-1.406946426427362e-07
object_2007_early_portable,16,adaptive_leq_k,50,6.924069413473048,692406.9413473047,strong,1.909985572230957e-05,5.779935518252329e-05,-1.0302880167157573e-08,-1.4879804854512203e-14,-1.4879804854512202e-11,-1.0317774851816939e-08,6.520314620113627e-17,-1.0317774786613794e-08
object_2007_early_portable,16,adaptive_leq_k,51,6.924069413473049,692406.9413473048,strong,-1.2468319886034995e-05,-4.6371489664027974e-05,-6.906260890015921e-09,-9.974280264402789e-15,-9.974280264402788e-12,-6.916245144560589e-09,-1.854351846502921e-16,-6.9162453299957736e-09
object_2007_early_portable,16,adaptive_leq_k,52,17.230046835844863,1723004.6835844861,strong,-0.0006328764628006876,-0.0002952706131491623,2.699499342916663e-06,1.5667394108881395e-12,1.5667394108881394e-09,2.7010676490669623e-06,-2.1493896007474624e-16,2.7010676488520235e-06
object_2007_early_portable,16,adaptive_leq_k,53,17.230046835844885,1723004.6835844882,strong,-0.0011033251919945523,-0.000582443817447362,7.5647286858660035e-06,4.390428394035798e-12,4.390428394035798e-09,7.569123504688433e-06,-1.0292273927323269e-15,7.569123503659205e-06
object_2007_early_portable,4,surrogate_exchange,0,9.62273343904757e-05,9.62273343904757,intermediate,-0.00039910453951570203,-0.0004810534544615098,-3.4703422308064816e-12,-3.6063996293655683e-13,-3.606399629365568e-10,-3.6447094513029987e-10,1.1352325419593565e-17,-3.6447093377797445e-10
object_2007_early_portable,4,surrogate_exchange,1,9.622733439106642e-05,9.622733439106641,intermediate,-0.00012729160126945878,-0.00016219927986713015,-4.86210481200316e-13,-5.052727317836365e-14,-5.0527273178363645e-11,-5.1064010932742324e-11,3.3179980673917552e-18,-5.106400761474426e-11
object_2007_early_portable,4,surrogate_exchange,2,0.0009760289343596242,97.60289343596241,strong,-0.0007937166435112971,-0.0009067707266836537,-9.38193370772827e-11,-9.612352029178098e-13,-9.6123520291781e-10,-1.0560157751980104e-09,1.3584640056699932e-18,-1.0560157738395464e-09
object_2007_early_portable,4,surrogate_exchange,3,0.0009760289343600594,97.60289343600593,strong,-8.731828253176976e-05,-0.00023183188776682874,-2.2507979608609285e-11,-2.306077086061676e-13,-2.3060770860616758e-10,-2.5334629592338306e-10,-1.0781396276095184e-17,-2.533463067047793e-10
object_2007_early_portable,4,surrogate_exchange,4,0.0014509220193837994,145.09220193837993,strong,-6.753865300943452e-05,-8.872612355586684e-05,-2.4018964658238105e-12,-1.6554276754610745e-14,-1.6554276754610742e-11,-1.8972727497189164e-11,-5.889716162281018e-18,-1.8972733386905325e-11
object_2007_early_portable,4,surrogate_exchange,5,0.0014509220193845136,145.09220193845135,strong,-0.00023339896166103976,-0.0002367559685926172,-1.14500480359448e-12,-7.891566798884171e-15,-7.89156679888417e-12,-9.044463169277534e-12,5.784430568408821e-20,-9.044463111433229e-12
object_2007_early_portable,4,surrogate_exchange,6,0.002249958550004746,224.9958550004746,strong,0.0021859998401555425,0.002424847564449206,-1.2389288866209614e-09,-5.506452048275948e-12,-5.506452048275948e-09,-6.750887386945185e-09,-7.303799408065903e-18,-6.750887394248985e-09
object_2007_early_portable,4,surrogate_exchange,7,0.0022499585500054364,224.99585500054363,strong,8.906933754745515e-05,-0.00010410319882801284,-3.267085066399537e-12,-1.4520645575411346e-14,-1.4520645575411347e-11,-1.7802251287386294e-11,3.2350237853783367e-18,-1.7802248052362508e-11
object_2007_early_portable,4,surrogate_exchange,8,0.006021309871277823,602.1309871277823,strong,-0.002741194871654471,-0.003054896990609564,-5.474112193841739e-09,-9.091231494252994e-12,-9.091231494252993e-09,-1.4574434919588985e-08,-2.150208629375109e-17,-1.4574434941091072e-08
object_2007_early_portable,4,surrogate_exchange,9,0.006021309871278021,602.1309871278021,strong,0.016740277343832044,0.015683224801448046,1.0318521641609535e-07,1.7136672687830685e-10,1.7136672687830685e-07,2.747233100212805e-07,3.0117048287186645e-17,2.7472331005139754e-07
object_2007_early_portable,4,surrogate_exchange,10,0.007461485992571335,746.1485992571335,strong,0.0013210920151437101,0.002101014241824021,-9.957266249676757e-09,-1.3344883659354481e-11,-1.3344883659354481e-08,-2.331549479269059e-08,5.256881781923409e-17,-2.3315494740121775e-08
object_2007_early_portable,4,surrogate_exchange,11,0.007461485992571436,746.1485992571436,strong,0.006797649240156991,0.008149959757353402,-7.541252581133728e-08,-1.0106904427136508e-10,-1.0106904427136507e-07,-1.7658263912697373e-07,-1.1957390587831916e-16,-1.7658263924654763e-07
object_2007_early_portable,4,surrogate_exchange,12,0.012279601449681814,1227.9601449681813,strong,-0.01011365443303058,-0.010915478892723878,-1.0352731497312962e-07,-8.430836733370707e-11,-8.430836733370706e-08,-1.8791999067417038e-07,6.897345104459164e-17,-1.8791999060519694e-07
object_2007_early_portable,4,surrogate_exchange,13,0.012279601449681937,1227.9601449681936,strong,0.0038424945499322335,0.004271176812028038,-2.1355375022884814e-08,-1.7390934966735388e-11,-1.7390934966735387e-08,-3.876370092458694e-08,5.282515780645066e-18,-3.8763700919304425e-08
object_2007_early_portable,4,surrogate_exchange,14,0.013716674765305163,1371.667476530516,strong,0.00018986047817373566,0.0005717608971568876,-1.994840168550703e-09,-1.454317611726447e-12,-1.454317611726447e-09,-3.4506120978888765e-09,1.8788292202859022e-17,-3.4506120791005843e-09
object_2007_early_portable,4,surrogate_exchange,15,0.01371667476530577,1371.6674765305768,strong,0.0003421103327780423,0.00047914435394219037,-7.718361376741424e-10,-5.626991606058808e-13,-5.626991606058809e-10,-1.335097997440629e-09,4.442294824494595e-18,-1.3350979929983341e-09
object_2007_early_portable,4,surrogate_exchange,16,0.03021470083369208,3021.4700833692077,strong,0.007651504854537667,0.01023316494900296,-6.975386733142197e-07,-2.3086069167244643e-10,-2.3086069167244642e-07,-9.286302256783385e-07,4.0757556953630304e-16,-9.28630225270763e-07
object_2007_early_portable,4,surrogate_exchange,17,0.030214700833692338,3021.4700833692336,strong,-0.001166274269747917,-0.0018150520421765242,-2.9220912787711755e-08,-9.67109121766567e-12,-9.67109121766567e-09,-3.8901675096595094e-08,1.2469207401544246e-16,-3.890167497190302e-08
object_2007_early_portable,4,surrogate_exchange,18,0.03611647626925944,3611.6476269259438,strong,-0.0006285264267713038,-0.0002455959544367535,6.044599673593154e-09,1.673640481571016e-12,1.6736404815710158e-09,7.71991379564574e-09,-3.5015733316763363e-17,7.719913760630008e-09
object_2007_early_portable,4,surrogate_exchange,19,0.03611647626926076,3611.6476269260756,strong,0.0001338677891133403,9.409756163340126e-05,1.6372020996929545e-10,4.533116928371e-14,4.5331169283709996e-11,2.0909671042228915e-10,8.870337700605309e-19,2.0909671130932293e-10
object_2007_early_portable,4,surrogate_exchange,20,0.050828910185203635,5082.891018520363,strong,-0.00449356822036763,-0.008284426470678464,-1.2310651899840464e-06,-2.4219783298490063e-10,-2.4219783298490064e-07,-1.473505220801932e-06,1.385951362828096e-15,-1.4735052194159808e-06
object_2007_early_portable,4,surrogate_exchange,21,0.050828910185204135,5082.891018520413,strong,-0.001237036779793711,-0.0024924386619883635,-1.1899023703206707e-07,-2.340995244605975e-11,-2.340995244605975e-08,-1.424235994305729e-07,3.691253966700522e-16,-1.424235990614475e-07
object_2007_early_portable,4,surrogate_exchange,22,0.08016136308937875,8016.136308937875,strong,-0.0009287464594288004,0.003689245131876336,-5.10946911363647e-07,-6.373979828585857e-11,-6.373979828585857e-08,-5.747504494477914e-07,1.0678177436090147e-15,-5.747504483799737e-07
object_2007_early_portable,4,surrogate_exchange,23,0.08016136308937982,8016.136308937982,strong,-0.00035330018223544263,-0.0001443330057500843,4.1679500820794955e-09,5.199450110937156e-13,5.199450110937155e-10,4.688415038184305e-09,5.556828261995674e-17,4.688415093752588e-09
object_2007_early_portable,4,surrogate_exchange,24,0.16418741339131201,16418.7413391312,strong,-0.00032207090754813184,0.0035044935612409366,-9.997162632925855e-07,-6.088872725645153e-11,-6.088872725645152e-08,-1.0606658792762933e-06,-1.2484057047863527e-15,-1.060665880524699e-06
object_2007_early_portable,4,surrogate_exchange,25,0.16418741339131265,16418.741339131266,strong,0.00129649449442661,-0.0017451626955417227,-1.1203285955211313e-07,-6.823474299159703e-12,-6.823474299159702e-09,-1.18863157325572e-07,-2.1149206203822354e-16,-1.1886315753706406e-07
object_2007_early_portable,4,surrogate_exchange,26,0.18321079704109225,18321.079704109223,strong,0.013261965132862073,0.011315108119034316,4.383139454154069e-06,2.392402371990652e-10,2.3924023719906516e-07,4.6226189315903334e-06,-4.2291523842555186e-16,4.622618931167418e-06
object_2007_early_portable,4,surrogate_exchange,27,0.18321079704109236,18321.079704109234,strong,-0.00239383257007131,-0.0019265537371417948,1.8493527521245778e-07,1.0094125357195988e-11,1.0094125357195987e-08,1.9503949469501096e-07,2.3014959116769872e-17,1.9503949471802593e-07
object_2007_early_portable,4,surrogate_exchange,28,0.1971725991439899,19717.25991439899,strong,-0.0022823664239243016,-0.003098803154106043,-4.331275199433087e-07,-2.1966922474202776e-11,-2.1966922474202775e-08,-4.551164093399857e-07,1.3716148936564026e-17,-4.5511640932626953e-07
object_2007_early_portable,4,surrogate_exchange,29,0.19717259914399057,19717.259914399056,strong,-0.021989693679995523,-0.021529494292154318,1.9744374759111247e-06,1.0013751832064854e-10,1.0013751832064854e-07,2.074675131750094e-06,4.893935713082944e-16,2.0746751322394878e-06
object_2007_early_portable,4,surrogate_exchange,30,0.21166254958692277,21166.254958692276,strong,-0.01016567183071958,-0.016706518675258353,-1.860163323899972e-05,-8.788344123843528e-10,-8.788344123843528e-07,-1.9481346485796457e-05,1.289400732305324e-15,-1.9481346484507056e-05
object_2007_early_portable,4,surrogate_exchange,31,0.21166254958692401,21166.2549586924,strong,0.0013830990251990514,0.00016058755612365604,1.997220884186518e-07,9.43587275162399e-12,9.435872751623991e-09,2.0916739704302741e-07,1.573519087776239e-16,2.0916739720037932e-07
object_2007_early_portable,4,surrogate_exchange,32,0.2939343927010639,29393.439270106388,strong,-0.012908012910327143,-0.004228050010673444,2.185995816123279e-05,7.437019520020825e-10,7.437019520020825e-07,2.260440381518687e-05,4.235602848143067e-15,2.2604403819422473e-05
object_2007_early_portable,4,surrogate_exchange,33,0.29393439270106453,29393.43927010645,strong,-0.0035524373234634217,-0.0031431787485306254,4.027251390960612e-07,1.3701191459607058e-11,1.3701191459607058e-08,4.164400317471279e-07,-1.3939728199698344e-16,4.164400316077306e-07
object_2007_early_portable,4,surrogate_exchange,34,0.4958325650510532,49583.25650510532,strong,-0.0032454408576010185,0.0005911579156705177,2.5246353022803737e-06,5.091709339463062e-11,5.091709339463062e-08,2.575603312768399e-06,4.908024366905522e-16,2.5756033132592014e-06
object_2007_early_portable,4,surrogate_exchange,35,0.495832565051054,49583.2565051054,strong,-0.0003589694167173916,-0.000562982385986304,-4.663060451829611e-08,-9.40450623962037e-13,-9.40450623962037e-10,-4.757199559288211e-08,-3.2121113886381553e-17,-4.757199562500322e-08
object_2007_early_portable,4,surrogate_exchange,36,0.7147361672560099,71473.61672560098,strong,-0.0008111322688416659,0.00042238344911038443,1.7136792359696014e-07,2.3976388973692196e-12,2.3976388973692195e-09,1.7376796013322673e-07,8.31363346569497e-16,1.7376796096459007e-07
object_2007_early_portable,4,surrogate_exchange,37,0.7147361672560101,71473.61672560101,strong,0.002409016881339346,0.0003567104873924117,2.028464113534997e-06,2.8380599813811086e-11,2.8380599813811087e-08,2.0568730939486217e-06,1.4579555565551025e-15,2.056873095406577e-06
object_2007_early_portable,4,surrogate_exchange,38,1.4020954406964998,140209.54406964997,strong,0.004376463744372143,0.0021818082601624223,1.0090283328822211e-05,7.196573810845429e-11,7.19657381084543e-08,1.0162321032668773e-05,5.657621676383335e-15,1.0162321038326394e-05
object_2007_early_portable,4,surrogate_exchange,39,1.4020954406965023,140209.5440696502,strong,0.000809088787422272,0.0006681635618573311,1.459456010208272e-07,1.040910602692835e-12,1.0409106026928348e-09,1.4698755253412273e-07,6.120567916726551e-17,1.469875525953284e-07
object_2007_early_portable,4,surrogate_exchange,40,1.686460032733325,168646.0032733325,strong,0.0009713104197610907,0.0007259134377059523,3.51199915680257e-07,2.082468062471963e-12,2.082468062471963e-09,3.532844662107914e-07,8.962306586830051e-17,3.532844663004145e-07
object_2007_early_portable,4,surrogate_exchange,41,1.6864600327333314,168646.00327333313,strong,-0.0002567638056971462,-3.930765650221661e-06,5.557914632587214e-08,3.2956100498742445e-13,3.295610049874244e-10,5.590903689186455e-08,5.989553679194507e-18,5.59090368978541e-08
object_2007_early_portable,4,surrogate_exchange,42,1.8994924239752393,189949.24239752392,strong,0.0006090584654962524,0.0006977231016479573,-1.1004264134428419e-07,-5.793265609029808e-13,-5.793265609029807e-10,-1.1062254723174808e-07,2.800192640906887e-17,-1.1062254720374615e-07
object_2007_early_portable,4,surrogate_exchange,43,1.8994924239752415,189949.24239752413,strong,-0.0009283244824242311,-0.0016501551730398077,-1.7676921061359363e-06,-9.306128752209105e-12,-9.306128752209105e-09,-1.7770075410168977e-06,9.244207742336185e-17,-1.7770075409244557e-06
object_2007_early_portable,4,surrogate_exchange,44,2.3809330297932108,238093.30297932104,strong,-0.0003131984269602421,-0.00016546218442558815,8.418445885240756e-08,3.535776008774139e-13,3.5357760087741384e-10,8.453839003088585e-08,4.254351382125025e-17,8.453839007342936e-08
object_2007_early_portable,4,surrogate_exchange,45,2.380933029793211,238093.3029793211,strong,0.0002606702653645234,5.373605078866036e-05,7.745344679164373e-08,3.253071204542478e-13,3.253071204542478e-10,7.777907921921843e-08,5.99409114402533e-17,7.777907927915934e-08
object_2007_early_portable,4,surrogate_exchange,46,5.071101256903172,507110.1256903172,strong,-0.00028207923024202875,0.0003476050553258346,-1.0461829551832077e-07,-2.063029117707053e-13,-2.0630291177070528e-10,-1.0482480473300325e-07,1.1646711401278722e-15,-1.0482480356833211e-07
object_2007_early_portable,4,surrogate_exchange,47,5.071101256903195,507110.12569031946,strong,6.7661766667937795e-06,-4.8907750539244765e-05,-5.948875709639909e-09,-1.1730934580613661e-14,-1.173093458061366e-11,-5.960618375155104e-09,1.581042335645347e-16,-5.96061821705087e-09
object_2007_early_portable,4,surrogate_exchange,48,6.543649758198651,654364.975819865,strong,0.0011197979013317348,0.0011122021601573297,5.546952033566913e-08,8.47684738416362e-14,8.476847384163619e-11,5.555437357798461e-08,8.901458810150836e-18,5.5554373586886066e-08
object_2007_early_portable,4,surrogate_exchange,49,6.543649758198653,654364.9758198652,strong,-0.0006521541446518403,-0.0007042506452206752,-2.3120004645891339e-07,-3.533197145358198e-13,-3.533197145358198e-10,-2.3155371949316373e-07,-1.516671625368719e-16,-2.3155371964483088e-07
object_2007_early_portable,4,surrogate_exchange,50,6.924069413473048,692406.9413473047,strong,0.00019282246252324843,4.5301069089135e-05,1.2161544638703767e-07,1.7564157596455482e-13,1.756415759645548e-10,1.217912636045782e-07,-2.485525424887943e-16,1.2179126335602564e-07
object_2007_early_portable,4,surrogate_exchange,51,6.924069413473049,692406.9413473048,strong,6.534287510741104e-05,8.061889839555019e-05,-7.719352278233382e-09,-1.1148577256046638e-14,-1.1148577256046638e-11,-7.730512004066684e-09,8.35530193108079e-17,-7.730511920513665e-09
object_2007_early_portable,4,surrogate_exchange,52,17.230046835844863,1723004.6835844861,strong,-0.00045151619941316974,-0.000704028131225585,-2.513766752584737e-06,-1.4589436561223813e-12,-1.458943656122381e-09,-2.5152271551845155e-06,1.6076336380500432e-16,-2.515227155023752e-06
object_2007_early_portable,4,surrogate_exchange,53,17.230046835844885,1723004.6835844882,strong,-0.0009390732299941176,-0.001519251392922797,-1.2287317261160795e-05,-7.131331318031371e-12,-7.131331318031371e-09,-1.2294455723810144e-05,1.146393952884981e-15,-1.229445572266375e-05
object_2007_early_portable,4,exact_score_teacher,0,9.62273343904757e-05,9.62273343904757,intermediate,-0.00039910453951570203,-0.000544194213313643,-6.5849764233400166e-12,-6.843145417100714e-13,-6.843145417100713e-10,-6.915838326751213e-10,2.009917023387219e-17,-6.915838125759511e-10
object_2007_early_portable,4,exact_score_teacher,1,9.622733439106642e-05,9.622733439106641,intermediate,-0.00012729160126945878,-0.00015830285491776302,-4.26125531497607e-13,-4.428321060685724e-14,-4.4283210606857237e-11,-4.47536193489617e-11,2.9476402844883813e-18,-4.4753616401321415e-11
object_2007_early_portable,4,exact_score_teacher,2,0.0009760289343596242,97.60289343596241,strong,-0.0007937166435112971,-0.0010739083573170843,-2.553745788422207e-10,-2.6164652486431953e-12,-2.6164652486431954e-09,-2.8744562927340592e-09,3.366798856011773e-18,-2.8744562893672604e-09
object_2007_early_portable,4,exact_score_teacher,3,0.0009760289343600594,97.60289343600593,strong,-8.731828253176976e-05,-0.00032469019001771,-4.7727442549534935e-11,-4.889961851471934e-13,-4.889961851471933e-10,-5.372126238818754e-10,-1.7709063414865696e-17,-5.372126415909388e-10
object_2007_early_portable,4,exact_score_teacher,4,0.0014509220193837994,145.09220193837993,strong,-6.753865300943452e-05,-0.00023610804823651424,-3.7133114104392436e-11,-2.5592770395863674e-13,-2.559277039586367e-10,-2.9331674576698777e-10,-4.685910426915244e-17,-2.9331679262609206e-10
object_2007_early_portable,4,exact_score_teacher,5,0.0014509220193845136,145.09220193845135,strong,-0.00023339896166103976,-0.0002175321033048982,5.1905714782447054e-12,3.577429668099299e-14,3.577429668099299e-11,4.1000642455918686e-11,-2.7340050935417898e-19,4.1000642182518174e-11
object_2007_early_portable,4,exact_score_teacher,6,0.002249958550004746,224.9958550004746,strong,0.0021859998401555425,0.0024845816258587845,-1.5688404716374716e-09,-6.972752771975121e-12,-6.9727527719751204e-09,-8.548565996384567e-09,-9.1304259905668e-18,-8.548566005514993e-09
object_2007_early_portable,4,exact_score_teacher,7,0.0022499585500054364,224.99585500054363,strong,8.906933754745515e-05,-2.3534717323284236e-05,8.301744028741807e-12,3.689731985827805e-14,3.689731985827805e-11,4.5235961206878135e-11,1.8857587246711263e-18,4.523596309263686e-11
object_2007_early_portable,4,exact_score_teacher,8,0.006021309871277823,602.1309871277823,strong,-0.002741194871654471,-0.00345900019276516,-1.3399019170265429e-08,-2.2252665045823216e-11,-2.2252665045823215e-08,-3.5673936881134466e-08,-4.920053459646918e-17,-3.5673936930335e-08
object_2007_early_portable,4,exact_score_teacher,9,0.006021309871278021,602.1309871278021,strong,0.016740277343832044,0.01556669253790122,1.1414888849082568e-07,1.8957484489433465e-10,1.8957484489433465e-07,3.0391330823005463e-07,3.3437231218055534e-17,3.0391330826349184e-07
object_2007_early_portable,4,exact_score_teacher,10,0.007461485992571335,746.1485992571335,strong,0.0013210920151437101,0.002231998615282913,-1.2074675456455533e-08,-1.618266853074186e-11,-1.618266853074186e-08,-2.8273526655728134e-08,6.139751051444748e-17,-2.8273526594330623e-08
object_2007_early_portable,4,exact_score_teacher,11,0.007461485992571436,746.1485992571436,strong,0.006797649240156991,0.00864559335132715,-1.0646887334521847e-07,-1.426912460215265e-10,-1.426912460215265e-07,-2.493028106127665e-07,-1.6339878482610466e-16,-2.493028107761653e-07
object_2007_early_portable,4,exact_score_teacher,12,0.012279601449681814,1227.9601449681813,strong,-0.01011365443303058,-0.012268756518939222,-2.961617641433587e-07,-2.411819026512728e-10,-2.411819026512728e-07,-5.375848486972827e-07,1.8538325492761138e-16,-5.375848485118995e-07
object_2007_early_portable,4,exact_score_teacher,13,0.012279601449681937,1227.9601449681936,strong,0.0038424945499322335,0.005226912175908533,-7.709039561607427e-08,-6.277923264200978e-11,-6.277923264200978e-08,-1.3993240749072606e-07,1.7059740051918857e-17,-1.399324074736663e-07
object_2007_early_portable,4,exact_score_teacher,14,0.013716674765305163,1371.667476530516,strong,0.00018986047817373566,0.0004040469328089485,-8.724279935596623e-10,-6.36034613699797e-13,-6.36034613699797e-10,-1.509098641873159e-09,1.053729583825966e-17,-1.5090986313358632e-09
object_2007_early_portable,4,exact_score_teacher,15,0.01371667476530577,1371.6674765305768,strong,0.0003421103327780423,0.00028184473403503724,2.5789423679210605e-10,1.880151284511098e-13,1.880151284511098e-10,4.4609738037166693e-10,-1.953657603540876e-18,4.4609737841800933e-10
object_2007_early_portable,4,exact_score_teacher,16,0.03021470083369208,3021.4700833692077,strong,0.007651504854537667,0.013078510886770204,-1.6996059352044156e-06,-5.625096023817663e-10,-5.625096023817663e-07,-2.2626780471885636e-06,8.567801312055583e-16,-2.2626780463317834e-06
object_2007_early_portable,4,exact_score_teacher,17,0.030214700833692338,3021.4700833692336,strong,-0.001166274269747917,-0.002353872354818617,-6.315657135675358e-08,-2.090259695251652e-11,-2.090259695251652e-08,-8.408007090622262e-08,2.282508350585161e-16,-8.408007067797179e-08
object_2007_early_portable,4,exact_score_teacher,18,0.03611647626925944,3611.6476269259438,strong,-0.0006285264267713038,-0.0015239552006091454,-3.480533954799062e-08,-9.636969921568788e-12,-9.636969921568788e-09,-4.4451946439480976e-08,8.187934211062088e-17,-4.4451946357601636e-08
object_2007_early_portable,4,exact_score_teacher,19,0.03611647626926076,3611.6476269260756,strong,0.0001338677891133403,-0.00027876326837520857,-1.0796727104192905e-09,-2.989418741656741e-13,-2.989418741656741e-10,-1.37891352645913e-09,9.203308750314755e-18,-1.3789135172558214e-09
object_2007_early_portable,4,exact_score_teacher,20,0.050828910185203635,5082.891018520363,strong,-0.00449356822036763,-0.0065447646881814855,-5.754287417667592e-07,-1.1320894736284693e-10,-1.1320894736284693e-07,-6.887508980769691e-07,7.499247801633542e-16,-6.887508973270443e-07
object_2007_early_portable,4,exact_score_teacher,21,0.050828910185204135,5082.891018520413,strong,-0.001237036779793711,-0.003127719915792661,-2.0972953447759483e-07,-4.126185938541829e-11,-4.126185938541828e-08,-2.5103265572239855e-07,5.559169318218212e-16,-2.510326551664816e-07
object_2007_early_portable,4,exact_score_teacher,22,0.08016136308937875,8016.136308937875,strong,-0.0009287464594288004,0.00039962237304885665,2.817158658864347e-08,3.5143597243016643e-12,3.514359724301664e-09,3.1689460672669436e-08,3.0715859510171804e-16,3.1689460979828034e-08
object_2007_early_portable,4,exact_score_teacher,23,0.08016136308937982,8016.136308937982,strong,-0.00035330018223544263,0.0003090690883391381,1.174256448855608e-09,1.46486587004055e-13,1.46486587004055e-10,1.320889522446667e-09,1.761363839293767e-16,1.3208896985830509e-09
object_2007_early_portable,4,exact_score_teacher,24,0.16418741339131201,16418.7413391312,strong,-0.00032207090754813184,-0.0005717834513469047,-1.8323860908335922e-08,-1.1160332287265043e-12,-1.1160332287265042e-09,-1.9441010170291155e-08,8.146800263729835e-17,-1.9441010088823152e-08
object_2007_early_portable,4,exact_score_teacher,25,0.16418741339131265,16418.741339131266,strong,0.00129649449442661,0.0007237914114988804,9.498438616367188e-08,5.785119833594847e-12,5.785119833594846e-09,1.0077529111710032e-07,-3.9821106843830186e-17,1.0077529107727921e-07
object_2007_early_portable,4,exact_score_teacher,26,0.18321079704109225,18321.079704109223,strong,0.013261965132862073,-0.001480324929550466,1.5910791187764628e-05,8.684417864410037e-10,8.684417864410037e-07,1.678010141599207e-05,-3.2024638031457644e-15,1.678010141278961e-05
object_2007_early_portable,4,exact_score_teacher,27,0.18321079704109236,18321.079704109234,strong,-0.00239383257007131,-5.349989948095959e-05,5.246765279167869e-07,2.8637860671448705e-11,2.86378606714487e-08,5.53343026448907e-07,1.152687794471582e-16,5.533430265641758e-07
object_2007_early_portable,4,exact_score_teacher,28,0.1971725991439899,19717.25991439899,strong,-0.0022823664239243016,-7.688061403115533e-05,5.129726989710064e-07,2.6016429321215985e-11,2.6016429321215984e-08,5.390151447215437e-07,-3.705219366997246e-17,5.390151446844915e-07
object_2007_early_portable,4,exact_score_teacher,29,0.19717259914399057,19717.259914399056,strong,-0.021989693679995523,-0.007975807764254801,4.13996522352032e-05,2.0996655932384394e-09,2.0996655932384394e-06,4.350141749403488e-05,1.4902900476212423e-14,4.350141750893778e-05
object_2007_early_portable,4,exact_score_teacher,30,0.21166254958692277,21166.254958692276,strong,-0.01016567183071958,0.003011470214550409,9.97691862616197e-06,4.713596545838064e-10,4.7135965458380636e-07,1.044874964040036e-05,-2.5976172515105707e-15,1.0448749637802742e-05
object_2007_early_portable,4,exact_score_teacher,31,0.21166254958692401,21166.2549586924,strong,0.0013830990251990514,-0.0007262509086520548,1.466316157307571e-07,6.927612655943158e-12,6.927612655943158e-09,1.535661559993562e-07,2.7149867037440164e-16,1.5356615627085488e-07
object_2007_early_portable,4,exact_score_teacher,32,0.2939343927010639,29393.439270106388,strong,-0.012908012910327143,-0.006048062948167147,1.9111280872448625e-05,6.501886593408996e-10,6.501886593408996e-07,1.9762119720448864e-05,3.347482464355123e-15,1.9762119723796345e-05
object_2007_early_portable,4,exact_score_teacher,33,0.29393439270106453,29393.43927010645,strong,-0.0035524373234634217,-0.0010535266079793695,1.6915766491590405e-06,5.754946311707722e-11,5.754946311707722e-08,1.7491836617392347e-06,-8.511522617426274e-16,1.7491836608880824e-06
object_2007_early_portable,4,exact_score_teacher,34,0.4958325650510532,49583.25650510532,strong,-0.0032454408576010185,-0.0009733082066984455,2.376415780085056e-06,4.7927787474797457e-11,4.7927787474797455e-08,2.4243914953473286e-06,2.90665849480065e-16,2.4243914956379943e-06
object_2007_early_portable,4,exact_score_teacher,35,0.495832565051054,49583.2565051054,strong,-0.0003589694167173916,1.0433093662473163e-05,3.191926914740315e-08,6.43750963475272e-13,6.43750963475272e-10,3.256366386184189e-08,5.816110685682263e-17,3.2563663920003e-08
object_2007_early_portable,4,exact_score_teacher,36,0.7147361672560099,71473.61672560098,strong,-0.0008111322688416659,0.00041277365149919223,1.7423604930592982e-07,2.437767350921261e-12,2.4377673509212603e-09,1.76676254424202e-07,8.248865474613669e-16,1.7667625524908855e-07
object_2007_early_portable,4,exact_score_teacher,37,0.7147361672560101,71473.61672560101,strong,0.002409016881339346,0.0002511680357125232,2.0513917739782897e-06,2.8701384762071307e-11,2.8701384762071308e-08,2.080121860125123e-06,1.5329327647989514e-15,2.080121861658056e-06
object_2007_early_portable,4,exact_score_teacher,38,1.4020954406964998,140209.54406964997,strong,0.004376463744372143,-4.637257999594996e-05,1.3425964333194755e-05,9.575642244814179e-11,9.575642244814177e-08,1.3521816512065344e-05,1.1401668662747322e-14,1.3521816523467012e-05
object_2007_early_portable,4,exact_score_teacher,39,1.4020954406965023,140209.5440696502,strong,0.000809088787422272,0.0002172686016307709,4.2582971974237523e-07,3.0370951033892595e-12,3.037095103389259e-09,4.288698519408679e-07,2.5703529138276223e-16,4.2886985219790315e-07
object_2007_early_portable,4,exact_score_teacher,40,1.686460032733325,168646.0032733325,strong,0.0009713104197610907,-0.00049770907026247,5.866600928850315e-07,3.4786480645746696e-12,3.4786480645746697e-09,5.901422195976708e-07,5.365103898735662e-16,5.901422201341812e-07
object_2007_early_portable,4,exact_score_teacher,41,1.6864600327333314,168646.00327333313,strong,-0.0002567638056971462,5.941137979446204e-06,5.556241141272437e-08,3.2946177397795515e-13,3.2946177397795514e-10,5.58922026484763e-08,6.22341669288432e-18,5.589220265469972e-08
object_2007_early_portable,4,exact_score_teacher,42,1.8994924239752393,189949.24239752392,strong,0.0006090584654962524,0.0003988563450976073,2.012187698416463e-07,1.0593291518401406e-12,1.0593291518401404e-09,2.022791583226383e-07,-6.638570417592488e-17,2.0227915825625258e-07
object_2007_early_portable,4,exact_score_teacher,43,1.8994924239752415,189949.24239752413,strong,-0.0009283244824242311,-0.0008492505879850783,1.3349612191338584e-07,7.027989173760762e-13,7.027989173760761e-10,1.341996236296793e-07,-1.012668921804523e-17,1.341996236195526e-07
object_2007_early_portable,4,exact_score_teacher,44,2.3809330297932108,238093.30297932104,strong,-0.0003131984269602421,-4.264649175801313e-05,1.146116058584712e-07,4.813726569555192e-13,4.813726569555192e-10,1.1509345988808368e-07,7.791067240621147e-17,1.1509345996599435e-07
object_2007_early_portable,4,exact_score_teacher,45,2.380933029793211,238093.3029793211,strong,0.0002606702653645234,-0.00011121275190582815,6.61669753895779e-08,2.779035552937188e-13,2.779035552937188e-10,6.644515684842692e-08,1.0772025810243354e-16,6.644515695614718e-08
object_2007_early_portable,4,exact_score_teacher,46,5.071101256903172,507110.1256903172,strong,-0.00028207923024202875,1.916585095948064e-07,2.017503542069294e-07,3.9784327700475584e-13,3.9784327700475587e-10,2.0214859532721116e-07,5.220914120967535e-16,2.0214859584930258e-07
object_2007_early_portable,4,exact_score_teacher,47,5.071101256903195,507110.12569031946,strong,6.7661766667937795e-06,-4.891036449290262e-05,-5.949524029700877e-09,-1.1732213040711624e-14,-1.1732213040711624e-11,-5.961267974954629e-09,1.581116567365721e-16,-5.961267816842973e-09
object_2007_early_portable,4,exact_score_teacher,48,6.543649758198651,654364.975819865,strong,0.0011197979013317348,0.0001543769054644359,4.024721223953437e-06,6.150575554430911e-12,6.1505755544309115e-09,4.030877950083421e-06,1.131378101471536e-15,4.0308779512148e-06
object_2007_early_portable,4,exact_score_teacher,49,6.543649758198653,654364.9758198652,strong,-0.0006521541446518403,-0.00019003209406920436,1.2733707892295192e-06,1.9459641580512327e-12,1.9459641580512325e-09,1.2753186993517286e-06,1.3453636883917214e-15,1.2753187006970922e-06
object_2007_early_portable,4,exact_score_teacher,50,6.924069413473048,692406.9413473047,strong,0.00019282246252324843,-0.00013603684223795738,6.465169653125143e-08,9.33723980372732e-14,9.337239803727321e-11,6.474516230168674e-08,-5.540811025215908e-16,6.474516174760564e-08
object_2007_early_portable,4,exact_score_teacher,51,6.924069413473049,692406.9413473048,strong,6.534287510741104e-05,-6.583161113170472e-05,-2.219499956828627e-10,-3.2054848446635466e-16,-3.2054848446635465e-13,-2.2227086471581352e-10,-7.174658073696377e-16,-2.222715821816209e-10
object_2007_early_portable,4,exact_score_teacher,52,17.230046835844863,1723004.6835844861,strong,-0.00045151619941316974,-0.00043750028120551136,1.0734648511789081e-07,6.230191138805872e-14,6.230191138805871e-11,1.0740884933119027e-07,-8.923325490824126e-18,1.0740884932226695e-07
object_2007_early_portable,4,exact_score_teacher,53,17.230046835844885,1723004.6835844882,strong,-0.0009390732299941176,-0.0006276833277099228,4.203030181620382e-06,2.4393608570329136e-12,2.4393608570329133e-09,4.205471981838272e-06,-6.152859996764971e-16,4.205471981222986e-06
object_2007_early_portable,4,directed_verified,0,9.62273343904757e-05,9.62273343904757,intermediate,-0.00039910453951570203,-0.0004810534544615098,-3.4703422308064816e-12,-3.6063996293655683e-13,-3.606399629365568e-10,-3.6447094513029987e-10,1.1352325419593565e-17,-3.6447093377797445e-10
object_2007_early_portable,4,directed_verified,1,9.622733439106642e-05,9.622733439106641,intermediate,-0.00012729160126945878,-0.00016219927986713015,-4.86210481200316e-13,-5.052727317836365e-14,-5.0527273178363645e-11,-5.1064010932742324e-11,3.3179980673917552e-18,-5.106400761474426e-11
object_2007_early_portable,4,directed_verified,2,0.0009760289343596242,97.60289343596241,strong,-0.0007937166435112971,-0.0009067707266836537,-9.38193370772827e-11,-9.612352029178098e-13,-9.6123520291781e-10,-1.0560157751980104e-09,1.3584640056699932e-18,-1.0560157738395464e-09
object_2007_early_portable,4,directed_verified,3,0.0009760289343600594,97.60289343600593,strong,-8.731828253176976e-05,-0.00023183188776682874,-2.2507979608609285e-11,-2.306077086061676e-13,-2.3060770860616758e-10,-2.5334629592338306e-10,-1.0781396276095184e-17,-2.533463067047793e-10
object_2007_early_portable,4,directed_verified,4,0.0014509220193837994,145.09220193837993,strong,-6.753865300943452e-05,-8.872612355586684e-05,-2.4018964658238105e-12,-1.6554276754610745e-14,-1.6554276754610742e-11,-1.8972727497189164e-11,-5.889716162281018e-18,-1.8972733386905325e-11
object_2007_early_portable,4,directed_verified,5,0.0014509220193845136,145.09220193845135,strong,-0.00023339896166103976,-0.0002367559685926172,-1.14500480359448e-12,-7.891566798884171e-15,-7.89156679888417e-12,-9.044463169277534e-12,5.784430568408821e-20,-9.044463111433229e-12
object_2007_early_portable,4,directed_verified,6,0.002249958550004746,224.9958550004746,strong,0.0021859998401555425,0.002424847564449206,-1.2389288866209614e-09,-5.506452048275948e-12,-5.506452048275948e-09,-6.750887386945185e-09,-7.303799408065903e-18,-6.750887394248985e-09
object_2007_early_portable,4,directed_verified,7,0.0022499585500054364,224.99585500054363,strong,8.906933754745515e-05,-0.00010410319882801284,-3.267085066399537e-12,-1.4520645575411346e-14,-1.4520645575411347e-11,-1.7802251287386294e-11,3.2350237853783367e-18,-1.7802248052362508e-11
object_2007_early_portable,4,directed_verified,8,0.006021309871277823,602.1309871277823,strong,-0.002741194871654471,-0.003054896990609564,-5.474112193841739e-09,-9.091231494252994e-12,-9.091231494252993e-09,-1.4574434919588985e-08,-2.150208629375109e-17,-1.4574434941091072e-08
object_2007_early_portable,4,directed_verified,9,0.006021309871278021,602.1309871278021,strong,0.016740277343832044,0.015683224801448046,1.0318521641609535e-07,1.7136672687830685e-10,1.7136672687830685e-07,2.747233100212805e-07,3.0117048287186645e-17,2.7472331005139754e-07
object_2007_early_portable,4,directed_verified,10,0.007461485992571335,746.1485992571335,strong,0.0013210920151437101,0.002101014241824021,-9.957266249676757e-09,-1.3344883659354481e-11,-1.3344883659354481e-08,-2.331549479269059e-08,5.256881781923409e-17,-2.3315494740121775e-08
object_2007_early_portable,4,directed_verified,11,0.007461485992571436,746.1485992571436,strong,0.006797649240156991,0.008149959757353402,-7.541252581133728e-08,-1.0106904427136508e-10,-1.0106904427136507e-07,-1.7658263912697373e-07,-1.1957390587831916e-16,-1.7658263924654763e-07
object_2007_early_portable,4,directed_verified,12,0.012279601449681814,1227.9601449681813,strong,-0.01011365443303058,-0.010915478892723878,-1.0352731497312962e-07,-8.430836733370707e-11,-8.430836733370706e-08,-1.8791999067417038e-07,6.897345104459164e-17,-1.8791999060519694e-07
object_2007_early_portable,4,directed_verified,13,0.012279601449681937,1227.9601449681936,strong,0.0038424945499322335,0.004271176812028038,-2.1355375022884814e-08,-1.7390934966735388e-11,-1.7390934966735387e-08,-3.876370092458694e-08,5.282515780645066e-18,-3.8763700919304425e-08
object_2007_early_portable,4,directed_verified,14,0.013716674765305163,1371.667476530516,strong,0.00018986047817373566,0.0005717608971568876,-1.994840168550703e-09,-1.454317611726447e-12,-1.454317611726447e-09,-3.4506120978888765e-09,1.8788292202859022e-17,-3.4506120791005843e-09
object_2007_early_portable,4,directed_verified,15,0.01371667476530577,1371.6674765305768,strong,0.0003421103327780423,0.00047914435394219037,-7.718361376741424e-10,-5.626991606058808e-13,-5.626991606058809e-10,-1.335097997440629e-09,4.442294824494595e-18,-1.3350979929983341e-09
object_2007_early_portable,4,directed_verified,16,0.03021470083369208,3021.4700833692077,strong,0.007651504854537667,0.01023316494900296,-6.975386733142197e-07,-2.3086069167244643e-10,-2.3086069167244642e-07,-9.286302256783385e-07,4.0757556953630304e-16,-9.28630225270763e-07
object_2007_early_portable,4,directed_verified,17,0.030214700833692338,3021.4700833692336,strong,-0.001166274269747917,-0.0018150520421765242,-2.9220912787711755e-08,-9.67109121766567e-12,-9.67109121766567e-09,-3.8901675096595094e-08,1.2469207401544246e-16,-3.890167497190302e-08
object_2007_early_portable,4,directed_verified,18,0.03611647626925944,3611.6476269259438,strong,-0.0006285264267713038,-0.0002455959544367535,6.044599673593154e-09,1.673640481571016e-12,1.6736404815710158e-09,7.71991379564574e-09,-3.5015733316763363e-17,7.719913760630008e-09
object_2007_early_portable,4,directed_verified,19,0.03611647626926076,3611.6476269260756,strong,0.0001338677891133403,9.409756163340126e-05,1.6372020996929545e-10,4.533116928371e-14,4.5331169283709996e-11,2.0909671042228915e-10,8.870337700605309e-19,2.0909671130932293e-10
object_2007_early_portable,4,directed_verified,20,0.050828910185203635,5082.891018520363,strong,-0.00449356822036763,-0.008284426470678464,-1.2310651899840464e-06,-2.4219783298490063e-10,-2.4219783298490064e-07,-1.473505220801932e-06,1.385951362828096e-15,-1.4735052194159808e-06
object_2007_early_portable,4,directed_verified,21,0.050828910185204135,5082.891018520413,strong,-0.001237036779793711,-0.0024924386619883635,-1.1899023703206707e-07,-2.340995244605975e-11,-2.340995244605975e-08,-1.424235994305729e-07,3.691253966700522e-16,-1.424235990614475e-07
object_2007_early_portable,4,directed_verified,22,0.08016136308937875,8016.136308937875,strong,-0.0009287464594288004,0.003689245131876336,-5.10946911363647e-07,-6.373979828585857e-11,-6.373979828585857e-08,-5.747504494477914e-07,1.0678177436090147e-15,-5.747504483799737e-07
object_2007_early_portable,4,directed_verified,23,0.08016136308937982,8016.136308937982,strong,-0.00035330018223544263,-0.0001443330057500843,4.1679500820794955e-09,5.199450110937156e-13,5.199450110937155e-10,4.688415038184305e-09,5.556828261995674e-17,4.688415093752588e-09
object_2007_early_portable,4,directed_verified,24,0.16418741339131201,16418.7413391312,strong,-0.00032207090754813184,0.0035044935612409366,-9.997162632925855e-07,-6.088872725645153e-11,-6.088872725645152e-08,-1.0606658792762933e-06,-1.2484057047863527e-15,-1.060665880524699e-06
object_2007_early_portable,4,directed_verified,25,0.16418741339131265,16418.741339131266,strong,0.00129649449442661,-0.0017451626955417227,-1.1203285955211313e-07,-6.823474299159703e-12,-6.823474299159702e-09,-1.18863157325572e-07,-2.1149206203822354e-16,-1.1886315753706406e-07
object_2007_early_portable,4,directed_verified,26,0.18321079704109225,18321.079704109223,strong,0.013261965132862073,0.011315108119034316,4.383139454154069e-06,2.392402371990652e-10,2.3924023719906516e-07,4.6226189315903334e-06,-4.2291523842555186e-16,4.622618931167418e-06
object_2007_early_portable,4,directed_verified,27,0.18321079704109236,18321.079704109234,strong,-0.00239383257007131,-0.0019265537371417948,1.8493527521245778e-07,1.0094125357195988e-11,1.0094125357195987e-08,1.9503949469501096e-07,2.3014959116769872e-17,1.9503949471802593e-07
object_2007_early_portable,4,directed_verified,28,0.1971725991439899,19717.25991439899,strong,-0.0022823664239243016,-0.003098803154106043,-4.331275199433087e-07,-2.1966922474202776e-11,-2.1966922474202775e-08,-4.551164093399857e-07,1.3716148936564026e-17,-4.5511640932626953e-07
object_2007_early_portable,4,directed_verified,29,0.19717259914399057,19717.259914399056,strong,-0.021989693679995523,-0.021529494292154318,1.9744374759111247e-06,1.0013751832064854e-10,1.0013751832064854e-07,2.074675131750094e-06,4.893935713082944e-16,2.0746751322394878e-06
object_2007_early_portable,4,directed_verified,30,0.21166254958692277,21166.254958692276,strong,-0.01016567183071958,-0.016706518675258353,-1.860163323899972e-05,-8.788344123843528e-10,-8.788344123843528e-07,-1.9481346485796457e-05,1.289400732305324e-15,-1.9481346484507056e-05
object_2007_early_portable,4,directed_verified,31,0.21166254958692401,21166.2549586924,strong,0.0013830990251990514,0.00016058755612365604,1.997220884186518e-07,9.43587275162399e-12,9.435872751623991e-09,2.0916739704302741e-07,1.573519087776239e-16,2.0916739720037932e-07
object_2007_early_portable,4,directed_verified,32,0.2939343927010639,29393.439270106388,strong,-0.012908012910327143,-0.004228050010673444,2.185995816123279e-05,7.437019520020825e-10,7.437019520020825e-07,2.260440381518687e-05,4.235602848143067e-15,2.2604403819422473e-05
object_2007_early_portable,4,directed_verified,33,0.29393439270106453,29393.43927010645,strong,-0.0035524373234634217,-0.0031431787485306254,4.027251390960612e-07,1.3701191459607058e-11,1.3701191459607058e-08,4.164400317471279e-07,-1.3939728199698344e-16,4.164400316077306e-07
object_2007_early_portable,4,directed_verified,34,0.4958325650510532,49583.25650510532,strong,-0.0032454408576010185,0.0005911579156705177,2.5246353022803737e-06,5.091709339463062e-11,5.091709339463062e-08,2.575603312768399e-06,4.908024366905522e-16,2.5756033132592014e-06
object_2007_early_portable,4,directed_verified,35,0.495832565051054,49583.2565051054,strong,-0.0003589694167173916,-0.000562982385986304,-4.663060451829611e-08,-9.40450623962037e-13,-9.40450623962037e-10,-4.757199559288211e-08,-3.2121113886381553e-17,-4.757199562500322e-08
object_2007_early_portable,4,directed_verified,36,0.7147361672560099,71473.61672560098,strong,-0.0008111322688416659,0.00042238344911038443,1.7136792359696014e-07,2.3976388973692196e-12,2.3976388973692195e-09,1.7376796013322673e-07,8.31363346569497e-16,1.7376796096459007e-07
object_2007_early_portable,4,directed_verified,37,0.7147361672560101,71473.61672560101,strong,0.002409016881339346,0.0003567104873924117,2.028464113534997e-06,2.8380599813811086e-11,2.8380599813811087e-08,2.0568730939486217e-06,1.4579555565551025e-15,2.056873095406577e-06
object_2007_early_portable,4,directed_verified,38,1.4020954406964998,140209.54406964997,strong,0.004376463744372143,0.0021818082601624223,1.0090283328822211e-05,7.196573810845429e-11,7.19657381084543e-08,1.0162321032668773e-05,5.657621676383335e-15,1.0162321038326394e-05
object_2007_early_portable,4,directed_verified,39,1.4020954406965023,140209.5440696502,strong,0.000809088787422272,0.0006681635618573311,1.459456010208272e-07,1.040910602692835e-12,1.0409106026928348e-09,1.4698755253412273e-07,6.120567916726551e-17,1.469875525953284e-07
object_2007_early_portable,4,directed_verified,40,1.686460032733325,168646.0032733325,strong,0.0009713104197610907,0.0007259134377059523,3.51199915680257e-07,2.082468062471963e-12,2.082468062471963e-09,3.532844662107914e-07,8.962306586830051e-17,3.532844663004145e-07
object_2007_early_portable,4,directed_verified,41,1.6864600327333314,168646.00327333313,strong,-0.0002567638056971462,-3.930765650221661e-06,5.557914632587214e-08,3.2956100498742445e-13,3.295610049874244e-10,5.590903689186455e-08,5.989553679194507e-18,5.59090368978541e-08
object_2007_early_portable,4,directed_verified,42,1.8994924239752393,189949.24239752392,strong,0.0006090584654962524,0.0006977231016479573,-1.1004264134428419e-07,-5.793265609029808e-13,-5.793265609029807e-10,-1.1062254723174808e-07,2.800192640906887e-17,-1.1062254720374615e-07
object_2007_early_portable,4,directed_verified,43,1.8994924239752415,189949.24239752413,strong,-0.0009283244824242311,-0.0016501551730398077,-1.7676921061359363e-06,-9.306128752209105e-12,-9.306128752209105e-09,-1.7770075410168977e-06,9.244207742336185e-17,-1.7770075409244557e-06
object_2007_early_portable,4,directed_verified,44,2.3809330297932108,238093.30297932104,strong,-0.0003131984269602421,-0.00016546218442558815,8.418445885240756e-08,3.535776008774139e-13,3.5357760087741384e-10,8.453839003088585e-08,4.254351382125025e-17,8.453839007342936e-08
object_2007_early_portable,4,directed_verified,45,2.380933029793211,238093.3029793211,strong,0.0002606702653645234,5.373605078866036e-05,7.745344679164373e-08,3.253071204542478e-13,3.253071204542478e-10,7.777907921921843e-08,5.99409114402533e-17,7.777907927915934e-08
object_2007_early_portable,4,directed_verified,46,5.071101256903172,507110.1256903172,strong,-0.00028207923024202875,0.0003476050553258346,-1.0461829551832077e-07,-2.063029117707053e-13,-2.0630291177070528e-10,-1.0482480473300325e-07,1.1646711401278722e-15,-1.0482480356833211e-07
object_2007_early_portable,4,directed_verified,47,5.071101256903195,507110.12569031946,strong,6.7661766667937795e-06,-4.8907750539244765e-05,-5.948875709639909e-09,-1.1730934580613661e-14,-1.173093458061366e-11,-5.960618375155104e-09,1.581042335645347e-16,-5.96061821705087e-09
object_2007_early_portable,4,directed_verified,48,6.543649758198651,654364.975819865,strong,0.0011197979013317348,0.0011122021601573297,5.546952033566913e-08,8.47684738416362e-14,8.476847384163619e-11,5.555437357798461e-08,8.901458810150836e-18,5.5554373586886066e-08
object_2007_early_portable,4,directed_verified,49,6.543649758198653,654364.9758198652,strong,-0.0006521541446518403,-0.0007042506452206752,-2.3120004645891339e-07,-3.533197145358198e-13,-3.533197145358198e-10,-2.3155371949316373e-07,-1.516671625368719e-16,-2.3155371964483088e-07
object_2007_early_portable,4,directed_verified,50,6.924069413473048,692406.9413473047,strong,0.00019282246252324843,4.5301069089135e-05,1.2161544638703767e-07,1.7564157596455482e-13,1.756415759645548e-10,1.217912636045782e-07,-2.485525424887943e-16,1.2179126335602564e-07
object_2007_early_portable,4,directed_verified,51,6.924069413473049,692406.9413473048,strong,6.534287510741104e-05,8.061889839555019e-05,-7.719352278233382e-09,-1.1148577256046638e-14,-1.1148577256046638e-11,-7.730512004066684e-09,8.35530193108079e-17,-7.730511920513665e-09
object_2007_early_portable,4,directed_verified,52,17.230046835844863,1723004.6835844861,strong,-0.00045151619941316974,-0.000704028131225585,-2.513766752584737e-06,-1.4589436561223813e-12,-1.458943656122381e-09,-2.5152271551845155e-06,1.6076336380500432e-16,-2.515227155023752e-06
object_2007_early_portable,4,directed_verified,53,17.230046835844885,1723004.6835844882,strong,-0.0009390732299941176,-0.001519251392922797,-1.2287317261160795e-05,-7.131331318031371e-12,-7.131331318031371e-09,-1.2294455723810144e-05,1.146393952884981e-15,-1.229445572266375e-05
object_2007_early_portable,4,adaptive_leq_k,0,9.62273343904757e-05,9.62273343904757,intermediate,-0.00039910453951570203,-0.0004810534544615098,-3.4703422308064816e-12,-3.6063996293655683e-13,-3.606399629365568e-10,-3.6447094513029987e-10,1.1352325419593565e-17,-3.6447093377797445e-10
object_2007_early_portable,4,adaptive_leq_k,1,9.622733439106642e-05,9.622733439106641,intermediate,-0.00012729160126945878,-0.00016219927986713015,-4.86210481200316e-13,-5.052727317836365e-14,-5.0527273178363645e-11,-5.1064010932742324e-11,3.3179980673917552e-18,-5.106400761474426e-11
object_2007_early_portable,4,adaptive_leq_k,2,0.0009760289343596242,97.60289343596241,strong,-0.0007937166435112971,-0.0009067707266836537,-9.38193370772827e-11,-9.612352029178098e-13,-9.6123520291781e-10,-1.0560157751980104e-09,1.3584640056699932e-18,-1.0560157738395464e-09
object_2007_early_portable,4,adaptive_leq_k,3,0.0009760289343600594,97.60289343600593,strong,-8.731828253176976e-05,-0.00023183188776682874,-2.2507979608609285e-11,-2.306077086061676e-13,-2.3060770860616758e-10,-2.5334629592338306e-10,-1.0781396276095184e-17,-2.533463067047793e-10
object_2007_early_portable,4,adaptive_leq_k,4,0.0014509220193837994,145.09220193837993,strong,-6.753865300943452e-05,-8.872612355586684e-05,-2.4018964658238105e-12,-1.6554276754610745e-14,-1.6554276754610742e-11,-1.8972727497189164e-11,-5.889716162281018e-18,-1.8972733386905325e-11
object_2007_early_portable,4,adaptive_leq_k,5,0.0014509220193845136,145.09220193845135,strong,-0.00023339896166103976,-0.0002367559685926172,-1.14500480359448e-12,-7.891566798884171e-15,-7.89156679888417e-12,-9.044463169277534e-12,5.784430568408821e-20,-9.044463111433229e-12
object_2007_early_portable,4,adaptive_leq_k,6,0.002249958550004746,224.9958550004746,strong,0.0021859998401555425,0.002424847564449206,-1.2389288866209614e-09,-5.506452048275948e-12,-5.506452048275948e-09,-6.750887386945185e-09,-7.303799408065903e-18,-6.750887394248985e-09
object_2007_early_portable,4,adaptive_leq_k,7,0.0022499585500054364,224.99585500054363,strong,8.906933754745515e-05,-0.00010410319882801284,-3.267085066399537e-12,-1.4520645575411346e-14,-1.4520645575411347e-11,-1.7802251287386294e-11,3.2350237853783367e-18,-1.7802248052362508e-11
object_2007_early_portable,4,adaptive_leq_k,8,0.006021309871277823,602.1309871277823,strong,-0.002741194871654471,-0.003054896990609564,-5.474112193841739e-09,-9.091231494252994e-12,-9.091231494252993e-09,-1.4574434919588985e-08,-2.150208629375109e-17,-1.4574434941091072e-08
object_2007_early_portable,4,adaptive_leq_k,9,0.006021309871278021,602.1309871278021,strong,0.016740277343832044,0.015683224801448046,1.0318521641609535e-07,1.7136672687830685e-10,1.7136672687830685e-07,2.747233100212805e-07,3.0117048287186645e-17,2.7472331005139754e-07
object_2007_early_portable,4,adaptive_leq_k,10,0.007461485992571335,746.1485992571335,strong,0.0013210920151437101,0.002101014241824021,-9.957266249676757e-09,-1.3344883659354481e-11,-1.3344883659354481e-08,-2.331549479269059e-08,5.256881781923409e-17,-2.3315494740121775e-08
object_2007_early_portable,4,adaptive_leq_k,11,0.007461485992571436,746.1485992571436,strong,0.006797649240156991,0.008149959757353402,-7.541252581133728e-08,-1.0106904427136508e-10,-1.0106904427136507e-07,-1.7658263912697373e-07,-1.1957390587831916e-16,-1.7658263924654763e-07
object_2007_early_portable,4,adaptive_leq_k,12,0.012279601449681814,1227.9601449681813,strong,-0.01011365443303058,-0.010915478892723878,-1.0352731497312962e-07,-8.430836733370707e-11,-8.430836733370706e-08,-1.8791999067417038e-07,6.897345104459164e-17,-1.8791999060519694e-07
object_2007_early_portable,4,adaptive_leq_k,13,0.012279601449681937,1227.9601449681936,strong,0.0038424945499322335,0.004271176812028038,-2.1355375022884814e-08,-1.7390934966735388e-11,-1.7390934966735387e-08,-3.876370092458694e-08,5.282515780645066e-18,-3.8763700919304425e-08
object_2007_early_portable,4,adaptive_leq_k,14,0.013716674765305163,1371.667476530516,strong,0.00018986047817373566,0.0005717608971568876,-1.994840168550703e-09,-1.454317611726447e-12,-1.454317611726447e-09,-3.4506120978888765e-09,1.8788292202859022e-17,-3.4506120791005843e-09
object_2007_early_portable,4,adaptive_leq_k,15,0.01371667476530577,1371.6674765305768,strong,0.0003421103327780423,0.00047914435394219037,-7.718361376741424e-10,-5.626991606058808e-13,-5.626991606058809e-10,-1.335097997440629e-09,4.442294824494595e-18,-1.3350979929983341e-09
object_2007_early_portable,4,adaptive_leq_k,16,0.03021470083369208,3021.4700833692077,strong,0.007651504854537667,0.01023316494900296,-6.975386733142197e-07,-2.3086069167244643e-10,-2.3086069167244642e-07,-9.286302256783385e-07,4.0757556953630304e-16,-9.28630225270763e-07
object_2007_early_portable,4,adaptive_leq_k,17,0.030214700833692338,3021.4700833692336,strong,-0.001166274269747917,-0.0018150520421765242,-2.9220912787711755e-08,-9.67109121766567e-12,-9.67109121766567e-09,-3.8901675096595094e-08,1.2469207401544246e-16,-3.890167497190302e-08
object_2007_early_portable,4,adaptive_leq_k,18,0.03611647626925944,3611.6476269259438,strong,-0.0006285264267713038,-0.0002455959544367535,6.044599673593154e-09,1.673640481571016e-12,1.6736404815710158e-09,7.71991379564574e-09,-3.5015733316763363e-17,7.719913760630008e-09
object_2007_early_portable,4,adaptive_leq_k,19,0.03611647626926076,3611.6476269260756,strong,0.0001338677891133403,9.409756163340126e-05,1.6372020996929545e-10,4.533116928371e-14,4.5331169283709996e-11,2.0909671042228915e-10,8.870337700605309e-19,2.0909671130932293e-10
object_2007_early_portable,4,adaptive_leq_k,20,0.050828910185203635,5082.891018520363,strong,-0.00449356822036763,-0.008284426470678464,-1.2310651899840464e-06,-2.4219783298490063e-10,-2.4219783298490064e-07,-1.473505220801932e-06,1.385951362828096e-15,-1.4735052194159808e-06
object_2007_early_portable,4,adaptive_leq_k,21,0.050828910185204135,5082.891018520413,strong,-0.001237036779793711,-0.0024924386619883635,-1.1899023703206707e-07,-2.340995244605975e-11,-2.340995244605975e-08,-1.424235994305729e-07,3.691253966700522e-16,-1.424235990614475e-07
object_2007_early_portable,4,adaptive_leq_k,22,0.08016136308937875,8016.136308937875,strong,-0.0009287464594288004,0.003689245131876336,-5.10946911363647e-07,-6.373979828585857e-11,-6.373979828585857e-08,-5.747504494477914e-07,1.0678177436090147e-15,-5.747504483799737e-07
object_2007_early_portable,4,adaptive_leq_k,23,0.08016136308937982,8016.136308937982,strong,-0.00035330018223544263,-0.0001443330057500843,4.1679500820794955e-09,5.199450110937156e-13,5.199450110937155e-10,4.688415038184305e-09,5.556828261995674e-17,4.688415093752588e-09
object_2007_early_portable,4,adaptive_leq_k,24,0.16418741339131201,16418.7413391312,strong,-0.00032207090754813184,0.0035044935612409366,-9.997162632925855e-07,-6.088872725645153e-11,-6.088872725645152e-08,-1.0606658792762933e-06,-1.2484057047863527e-15,-1.060665880524699e-06
object_2007_early_portable,4,adaptive_leq_k,25,0.16418741339131265,16418.741339131266,strong,0.00129649449442661,-0.0017451626955417227,-1.1203285955211313e-07,-6.823474299159703e-12,-6.823474299159702e-09,-1.18863157325572e-07,-2.1149206203822354e-16,-1.1886315753706406e-07
object_2007_early_portable,4,adaptive_leq_k,26,0.18321079704109225,18321.079704109223,strong,0.013261965132862073,0.011315108119034316,4.383139454154069e-06,2.392402371990652e-10,2.3924023719906516e-07,4.6226189315903334e-06,-4.2291523842555186e-16,4.622618931167418e-06
object_2007_early_portable,4,adaptive_leq_k,27,0.18321079704109236,18321.079704109234,strong,-0.00239383257007131,-0.0019265537371417948,1.8493527521245778e-07,1.0094125357195988e-11,1.0094125357195987e-08,1.9503949469501096e-07,2.3014959116769872e-17,1.9503949471802593e-07
object_2007_early_portable,4,adaptive_leq_k,28,0.1971725991439899,19717.25991439899,strong,-0.0022823664239243016,-0.003098803154106043,-4.331275199433087e-07,-2.1966922474202776e-11,-2.1966922474202775e-08,-4.551164093399857e-07,1.3716148936564026e-17,-4.5511640932626953e-07
object_2007_early_portable,4,adaptive_leq_k,29,0.19717259914399057,19717.259914399056,strong,-0.021989693679995523,-0.021529494292154318,1.9744374759111247e-06,1.0013751832064854e-10,1.0013751832064854e-07,2.074675131750094e-06,4.893935713082944e-16,2.0746751322394878e-06
object_2007_early_portable,4,adaptive_leq_k,30,0.21166254958692277,21166.254958692276,strong,-0.01016567183071958,-0.016706518675258353,-1.860163323899972e-05,-8.788344123843528e-10,-8.788344123843528e-07,-1.9481346485796457e-05,1.289400732305324e-15,-1.9481346484507056e-05
object_2007_early_portable,4,adaptive_leq_k,31,0.21166254958692401,21166.2549586924,strong,0.0013830990251990514,0.00016058755612365604,1.997220884186518e-07,9.43587275162399e-12,9.435872751623991e-09,2.0916739704302741e-07,1.573519087776239e-16,2.0916739720037932e-07
object_2007_early_portable,4,adaptive_leq_k,32,0.2939343927010639,29393.439270106388,strong,-0.012908012910327143,-0.004228050010673444,2.185995816123279e-05,7.437019520020825e-10,7.437019520020825e-07,2.260440381518687e-05,4.235602848143067e-15,2.2604403819422473e-05
object_2007_early_portable,4,adaptive_leq_k,33,0.29393439270106453,29393.43927010645,strong,-0.0035524373234634217,-0.0031431787485306254,4.027251390960612e-07,1.3701191459607058e-11,1.3701191459607058e-08,4.164400317471279e-07,-1.3939728199698344e-16,4.164400316077306e-07
object_2007_early_portable,4,adaptive_leq_k,34,0.4958325650510532,49583.25650510532,strong,-0.0032454408576010185,0.0005911579156705177,2.5246353022803737e-06,5.091709339463062e-11,5.091709339463062e-08,2.575603312768399e-06,4.908024366905522e-16,2.5756033132592014e-06
object_2007_early_portable,4,adaptive_leq_k,35,0.495832565051054,49583.2565051054,strong,-0.0003589694167173916,-0.000562982385986304,-4.663060451829611e-08,-9.40450623962037e-13,-9.40450623962037e-10,-4.757199559288211e-08,-3.2121113886381553e-17,-4.757199562500322e-08
object_2007_early_portable,4,adaptive_leq_k,36,0.7147361672560099,71473.61672560098,strong,-0.0008111322688416659,0.00042238344911038443,1.7136792359696014e-07,2.3976388973692196e-12,2.3976388973692195e-09,1.7376796013322673e-07,8.31363346569497e-16,1.7376796096459007e-07
object_2007_early_portable,4,adaptive_leq_k,37,0.7147361672560101,71473.61672560101,strong,0.002409016881339346,0.0003567104873924117,2.028464113534997e-06,2.8380599813811086e-11,2.8380599813811087e-08,2.0568730939486217e-06,1.4579555565551025e-15,2.056873095406577e-06
object_2007_early_portable,4,adaptive_leq_k,38,1.4020954406964998,140209.54406964997,strong,0.004376463744372143,0.0021818082601624223,1.0090283328822211e-05,7.196573810845429e-11,7.19657381084543e-08,1.0162321032668773e-05,5.657621676383335e-15,1.0162321038326394e-05
object_2007_early_portable,4,adaptive_leq_k,39,1.4020954406965023,140209.5440696502,strong,0.000809088787422272,0.0006681635618573311,1.459456010208272e-07,1.040910602692835e-12,1.0409106026928348e-09,1.4698755253412273e-07,6.120567916726551e-17,1.469875525953284e-07
object_2007_early_portable,4,adaptive_leq_k,40,1.686460032733325,168646.0032733325,strong,0.0009713104197610907,0.0007259134377059523,3.51199915680257e-07,2.082468062471963e-12,2.082468062471963e-09,3.532844662107914e-07,8.962306586830051e-17,3.532844663004145e-07
object_2007_early_portable,4,adaptive_leq_k,41,1.6864600327333314,168646.00327333313,strong,-0.0002567638056971462,-3.930765650221661e-06,5.557914632587214e-08,3.2956100498742445e-13,3.295610049874244e-10,5.590903689186455e-08,5.989553679194507e-18,5.59090368978541e-08
object_2007_early_portable,4,adaptive_leq_k,42,1.8994924239752393,189949.24239752392,strong,0.0006090584654962524,0.0006977231016479573,-1.1004264134428419e-07,-5.793265609029808e-13,-5.793265609029807e-10,-1.1062254723174808e-07,2.800192640906887e-17,-1.1062254720374615e-07
object_2007_early_portable,4,adaptive_leq_k,43,1.8994924239752415,189949.24239752413,strong,-0.0009283244824242311,-0.0016501551730398077,-1.7676921061359363e-06,-9.306128752209105e-12,-9.306128752209105e-09,-1.7770075410168977e-06,9.244207742336185e-17,-1.7770075409244557e-06
object_2007_early_portable,4,adaptive_leq_k,44,2.3809330297932108,238093.30297932104,strong,-0.0003131984269602421,-0.00016546218442558815,8.418445885240756e-08,3.535776008774139e-13,3.5357760087741384e-10,8.453839003088585e-08,4.254351382125025e-17,8.453839007342936e-08
object_2007_early_portable,4,adaptive_leq_k,45,2.380933029793211,238093.3029793211,strong,0.0002606702653645234,5.373605078866036e-05,7.745344679164373e-08,3.253071204542478e-13,3.253071204542478e-10,7.777907921921843e-08,5.99409114402533e-17,7.777907927915934e-08
object_2007_early_portable,4,adaptive_leq_k,46,5.071101256903172,507110.1256903172,strong,-0.00028207923024202875,0.0003476050553258346,-1.0461829551832077e-07,-2.063029117707053e-13,-2.0630291177070528e-10,-1.0482480473300325e-07,1.1646711401278722e-15,-1.0482480356833211e-07
object_2007_early_portable,4,adaptive_leq_k,47,5.071101256903195,507110.12569031946,strong,6.7661766667937795e-06,-4.8907750539244765e-05,-5.948875709639909e-09,-1.1730934580613661e-14,-1.173093458061366e-11,-5.960618375155104e-09,1.581042335645347e-16,-5.96061821705087e-09
object_2007_early_portable,4,adaptive_leq_k,48,6.543649758198651,654364.975819865,strong,0.0011197979013317348,0.0011122021601573297,5.546952033566913e-08,8.47684738416362e-14,8.476847384163619e-11,5.555437357798461e-08,8.901458810150836e-18,5.5554373586886066e-08
object_2007_early_portable,4,adaptive_leq_k,49,6.543649758198653,654364.9758198652,strong,-0.0006521541446518403,-0.0007042506452206752,-2.3120004645891339e-07,-3.533197145358198e-13,-3.533197145358198e-10,-2.3155371949316373e-07,-1.516671625368719e-16,-2.3155371964483088e-07
object_2007_early_portable,4,adaptive_leq_k,50,6.924069413473048,692406.9413473047,strong,0.00019282246252324843,4.5301069089135e-05,1.2161544638703767e-07,1.7564157596455482e-13,1.756415759645548e-10,1.217912636045782e-07,-2.485525424887943e-16,1.2179126335602564e-07
object_2007_early_portable,4,adaptive_leq_k,51,6.924069413473049,692406.9413473048,strong,6.534287510741104e-05,8.061889839555019e-05,-7.719352278233382e-09,-1.1148577256046638e-14,-1.1148577256046638e-11,-7.730512004066684e-09,8.35530193108079e-17,-7.730511920513665e-09
object_2007_early_portable,4,adaptive_leq_k,52,17.230046835844863,1723004.6835844861,strong,-0.00045151619941316974,-0.000704028131225585,-2.513766752584737e-06,-1.4589436561223813e-12,-1.458943656122381e-09,-2.5152271551845155e-06,1.6076336380500432e-16,-2.515227155023752e-06
object_2007_early_portable,4,adaptive_leq_k,53,17.230046835844885,1723004.6835844882,strong,-0.0009390732299941176,-0.001519251392922797,-1.2287317261160795e-05,-7.131331318031371e-12,-7.131331318031371e-09,-1.2294455723810144e-05,1.146393952884981e-15,-1.229445572266375e-05
object_2007_early_portable,8,surrogate_exchange,0,9.62273343904757e-05,9.62273343904757,intermediate,-0.0003675198501618161,-0.00035686376670819456,3.713938367110924e-13,3.859546136901532e-14,3.859546136901532e-11,3.9005450667095424e-11,-1.4761797290892246e-18,3.9005449190915695e-11
object_2007_early_portable,8,surrogate_exchange,1,9.622733439106642e-05,9.622733439106641,intermediate,-0.00017005764084912435,-0.00019540451314992732,-4.456924182085092e-13,-4.6316612740951763e-14,-4.631661274095176e-11,-4.680862177190122e-11,2.4092370700955206e-18,-4.680861936266415e-11
object_2007_early_portable,8,surrogate_exchange,2,0.0009760289343596242,97.60289343596241,strong,-0.0007303497749237557,-0.0005900441035127549,9.040894999645574e-11,9.262937482050506e-13,9.262937482050505e-10,1.0176289919497112e-09,-1.6859205705346046e-18,1.0176289902637906e-09
object_2007_early_portable,8,surrogate_exchange,3,0.0009760289343600594,97.60289343600593,strong,-5.2266091848583403e-05,-0.0003224076061344803,-4.939434532095721e-11,-5.060746006812082e-13,-5.060746006812082e-10,-5.559750206028466e-10,-2.015383057811992e-17,-5.559750407566771e-10
object_2007_early_portable,8,surrogate_exchange,4,0.0014509220193837994,145.09220193837993,strong,-0.00011290244104422611,-0.00012102274130740146,-1.3780441794686278e-12,-9.49771359906632e-15,-9.49771359906632e-12,-1.0885255492134013e-11,-2.257289920370035e-18,-1.0885257749423933e-11
object_2007_early_portable,8,surrogate_exchange,5,0.0014509220193845136,145.09220193845135,strong,-0.00010736920900287486,-0.0001810946526236524,-1.5428470822348702e-11,-1.0633563083489158e-13,-1.0633563083489157e-10,-1.2187043728807516e-10,1.2703569532075283e-18,-1.2187043601771822e-10
object_2007_early_portable,8,surrogate_exchange,6,0.002249958550004746,224.9958550004746,strong,0.001719142467496939,0.0026448532773489363,-4.5446890647412466e-09,-2.0198990175759728e-11,-2.0198990175759728e-08,-2.4763878230676734e-08,-2.830760094127718e-17,-2.4763878258984334e-08
object_2007_early_portable,8,surrogate_exchange,7,0.0022499585500054364,224.99585500054363,strong,0.0002700728866603567,0.00018161153290021867,4.495036402928502e-11,1.9978307613345326e-13,1.9978307613345326e-10,2.449332232388717e-10,1.4814454936004901e-18,2.449332247203172e-10
object_2007_early_portable,8,surrogate_exchange,8,0.006021309871277823,602.1309871277823,strong,-0.0027543316906234955,-0.0034482653949963254,-1.2958434396987872e-08,-2.152095586178141e-11,-2.152095586178141e-08,-3.450091121463106e-08,-4.75643022216975e-17,-3.4500911262195363e-08
object_2007_early_portable,8,surrogate_exchange,9,0.006021309871278021,602.1309871278021,strong,0.01665381680485882,0.017700080608613784,-1.082126910471518e-07,-1.7971619690813836e-10,-1.7971619690813837e-07,-2.881086041521983e-07,-2.980966057539358e-17,-2.8810860418200797e-07
object_2007_early_portable,8,surrogate_exchange,10,0.007461485992571335,746.1485992571335,strong,0.0021054601517828102,0.002641864329659121,-9.500279905876082e-09,-1.2732423427899714e-11,-1.2732423427899714e-08,-2.2245435757203695e-08,3.615505820917475e-17,-2.2245435721048636e-08
object_2007_early_portable,8,surrogate_exchange,11,0.007461485992571436,746.1485992571436,strong,0.006318442414574626,0.007634468843256627,-6.85053950918812e-08,-9.181199986180279e-11,-9.181199986180278e-08,-1.6040920695354578e-07,-1.1636559674389234e-16,-1.6040920706991137e-07
object_2007_early_portable,8,surrogate_exchange,12,0.012279601449681814,1227.9601449681813,strong,-0.008665187879224065,-0.010638155908077186,-2.3383357470320884e-07,-1.9042440071152953e-10,-1.9042440071152952e-07,-4.244483998154499e-07,1.6971596726133468e-16,-4.244483996457339e-07
object_2007_early_portable,8,surrogate_exchange,13,0.012279601449681937,1227.9601449681936,strong,0.003321534680091865,0.004660650531422824,-6.562876430802052e-08,-5.344535372499441e-11,-5.344535372499441e-08,-1.1912756338673991e-07,1.6501500627023423e-17,-1.1912756337023841e-07
object_2007_early_portable,8,surrogate_exchange,14,0.013716674765305163,1371.667476530516,strong,-0.00028930871959838473,-0.0010674323375417876,-7.240430858043329e-09,-5.2785612999713395e-12,-5.2785612999713395e-09,-1.252427071931464e-08,-3.828121986038317e-17,-1.252427075759586e-08
object_2007_early_portable,8,surrogate_exchange,15,0.01371667476530577,1371.6674765305768,strong,-0.0003715837514536691,-0.0007033456002476977,-2.4458240429266295e-09,-1.7831027452170603e-12,-1.7831027452170602e-09,-4.230709890888907e-09,-1.0754876280665217e-17,-4.230709901643783e-09
object_2007_early_portable,8,surrogate_exchange,16,0.03021470083369208,3021.4700833692077,strong,0.003739185976454816,0.010004488148947634,-1.3008678291627093e-06,-4.305413567795866e-10,-4.3054135677958656e-07,-1.7318397272990754e-06,9.891248296959435e-16,-1.7318397263099505e-06
object_2007_early_portable,8,surrogate_exchange,17,0.030214700833692338,3021.4700833692336,strong,0.0008061265636630374,-0.0018688257316685712,-4.2945205444780634e-08,-1.4213347893516968e-11,-1.4213347893516967e-08,-5.717276668619112e-08,5.141134048854466e-16,-5.717276617207772e-08
object_2007_early_portable,8,surrogate_exchange,18,0.03611647626925944,3611.6476269259438,strong,-0.003294405682242066,-0.0039017916827264565,-7.893020294018015e-08,-2.1854347681022703e-11,-2.18543476810227e-08,-1.0080640496888387e-07,5.554028146058824e-17,-1.0080640491334359e-07
object_2007_early_portable,8,surrogate_exchange,19,0.03611647626926076,3611.6476269260756,strong,0.0007788705342428151,0.0008271680107074461,-1.4007343517142238e-09,-3.8783804413012703e-13,-3.87838044130127e-10,-1.788960233888481e-09,-1.0772252347422847e-18,-1.7889602349657062e-09
object_2007_early_portable,8,surrogate_exchange,20,0.050828910185203635,5082.891018520363,strong,-0.006382032031078722,-0.0037482655740065127,6.780789600082366e-07,1.3340419016216214e-10,1.3340419016216215e-07,8.116165543605609e-07,-9.629144561791117e-16,8.116165533976464e-07
object_2007_early_portable,8,surrogate_exchange,21,0.050828910185204135,5082.891018520413,strong,-0.001024850209508849,-0.0010827068118222606,-3.098939243724081e-09,-6.096804421799616e-13,-6.096804421799615e-10,-3.7092293663462224e-09,1.701155747957384e-17,-3.709229349334665e-09
object_2007_early_portable,8,surrogate_exchange,22,0.08016136308937875,8016.136308937875,strong,0.0019446849647539292,0.0024081521631612863,-8.08586558766072e-08,-1.0086986143991959e-11,-1.0086986143991958e-08,-9.095572900674314e-08,1.0716747491960405e-16,-9.095572889957567e-08
object_2007_early_portable,8,surrogate_exchange,23,0.08016136308937982,8016.136308937982,strong,-0.0005670131997827597,0.0002004727022503922,1.12752834768785e-08,1.4065733219015467e-12,1.4065733219015467e-09,1.2683263372101947e-08,2.040888632765673e-16,1.268326357619081e-08
object_2007_early_portable,8,surrogate_exchange,24,0.16418741339131201,16418.7413391312,strong,-0.001125532148577597,-0.0027129298344855442,-5.002105553084853e-07,-3.046582834680031e-11,-3.0465828346800304e-08,-5.307068494836324e-07,5.17883951261184e-16,-5.307068489657484e-07
object_2007_early_portable,8,surrogate_exchange,25,0.16418741339131265,16418.741339131266,strong,0.0009979435710558504,0.0017601788043445476,-1.7258872343670114e-07,-1.051169026126049e-11,-1.051169026126049e-08,-1.8311092538822288e-07,5.2999628550543956e-17,-1.8311092533522326e-07
object_2007_early_portable,8,surrogate_exchange,26,0.18321079704109225,18321.079704109223,strong,0.009097527008587396,0.010848782262993257,-3.1998754050232092e-06,-1.7465539458929984e-10,-1.7465539458929982e-07,-3.374705455007098e-06,3.8042471953545373e-16,-3.3747054546266737e-06
object_2007_early_portable,8,surrogate_exchange,27,0.18321079704109236,18321.079704109234,strong,-0.0010646690930247761,-0.002650925645803769,-5.399118218448921e-07,-2.946943250968966e-11,-2.9469432509689655e-08,-5.694107237870914e-07,-7.81281477742941e-17,-5.694107238652195e-07
object_2007_early_portable,8,surrogate_exchange,28,0.1971725991439899,19717.25991439899,strong,-0.0019842975471050183,-0.0005359652215963727,3.598575454158565e-07,1.8250890183430718e-11,1.825089018343072e-08,3.7812668648947065e-07,-2.4332004124673057e-17,3.781266864651386e-07
object_2007_early_portable,8,surrogate_exchange,29,0.19717259914399057,19717.259914399056,strong,-0.02029532300652917,-0.0163757513323654,1.4170292328345361e-05,7.186745211994252e-10,7.186745211994251e-07,1.4889685524065986e-05,4.1682219279260115e-15,1.4889685528234208e-05
object_2007_early_portable,8,surrogate_exchange,30,0.21166254958692277,21166.254958692276,strong,-0.01262954757454332,-0.01431980071832155,-4.820743752411228e-06,-2.2775610337394664e-10,-2.2775610337394664e-07,-5.048727611888549e-06,3.332005309356401e-16,-5.048727611555349e-06
object_2007_early_portable,8,surrogate_exchange,31,0.21166254958692401,21166.2549586924,strong,0.000989385820753892,0.0007976158256416181,3.6267668484143907e-08,1.7134664849744602e-12,1.7134664849744602e-09,3.798284843560334e-08,2.4683101582690258e-17,3.798284846028644e-08
object_2007_early_portable,8,surrogate_exchange,32,0.2939343927010639,29393.439270106388,strong,-0.010384228240186498,-0.010177340517854693,6.251890661746306e-07,2.1269680639599673e-11,2.126968063959967e-08,6.464800164948699e-07,1.0095598749499098e-16,6.464800165958259e-07
object_2007_early_portable,8,surrogate_exchange,33,0.29393439270106453,29393.43927010645,strong,-0.0029192269286660846,-0.0034689376738252964,-5.160962857068113e-07,-1.755821361917619e-11,-1.755821361917619e-08,-5.336720575396067e-07,1.872365991899218e-16,-5.336720573523701e-07
object_2007_early_portable,8,surrogate_exchange,34,0.4958325650510532,49583.25650510532,strong,-0.00039356510102976964,-0.0003123408104992138,1.4214703213334512e-08,2.866835342263351e-13,2.866835342263351e-10,1.4501673431095072e-08,1.0390734623747087e-17,1.4501673441485808e-08
object_2007_early_portable,8,surrogate_exchange,35,0.495832565051054,49583.2565051054,strong,-2.7659624114226744e-05,0.00019454319199818074,-9.19323127789829e-09,-1.8540999373350353e-13,-1.8540999373350352e-10,-9.378826681625526e-09,3.498504035208384e-17,-9.378826646640486e-09
object_2007_early_portable,8,surrogate_exchange,36,0.7147361672560099,71473.61672560098,strong,0.00013543338364946844,0.0005035151313882566,-8.404771500184972e-08,-1.1759264306509461e-12,-1.175926430650946e-09,-8.522481735893132e-08,2.4807926575862536e-16,-8.522481711085206e-08
object_2007_early_portable,8,surrogate_exchange,37,0.7147361672560101,71473.61672560101,strong,0.0003128776987389205,-0.00026904312098202654,9.115835641550615e-09,1.2754126710206665e-13,1.2754126710206664e-10,9.243504449919783e-09,4.133957264322551e-16,9.24350486331551e-09
object_2007_early_portable,8,surrogate_exchange,38,1.4020954406964998,140209.54406964997,strong,0.0013545132422643881,0.0004482715079378464,1.1453428673650138e-06,8.168793893203572e-12,8.168793893203572e-09,1.1535198300521107e-06,2.336208537995351e-15,1.1535198323883193e-06
object_2007_early_portable,8,surrogate_exchange,39,1.4020954406965023,140209.5440696502,strong,0.00040911484007348487,0.0001438166111930981,1.0283790621467981e-07,7.334586735664318e-13,7.334586735664317e-10,1.0357209834691981e-07,1.1522251048669828e-16,1.0357209846214232e-07
object_2007_early_portable,8,surrogate_exchange,40,1.686460032733325,168646.0032733325,strong,0.0006332681896710961,0.0006315725396759634,1.8084983321935464e-09,1.0723635882804933e-14,1.0723635882804933e-11,1.819232691712234e-09,6.192796257340139e-19,1.8192326923315137e-09
object_2007_early_portable,8,surrogate_exchange,41,1.6864600327333314,168646.00327333313,strong,1.2848230128913304e-05,-2.3409597993293886e-05,-3.228999765097613e-10,-1.9146613038105678e-15,-1.9146613038105676e-12,-3.248165524748757e-10,-8.58939194769255e-19,-3.248165533338149e-10
object_2007_early_portable,8,surrogate_exchange,42,1.8994924239752393,189949.24239752392,strong,0.0006049210136086763,-8.61995904205359e-06,3.4746952291487763e-07,1.8292756450573086e-12,1.8292756450573084e-09,3.4930062783558004e-07,-1.937675482671444e-16,3.4930062764181246e-07
object_2007_early_portable,8,surrogate_exchange,43,1.8994924239752415,189949.24239752413,strong,-0.0023385887269783538,-0.0011673285214616534,3.899982148874641e-06,2.0531706784661938e-11,2.0531706784661938e-08,3.920534387366088e-06,-1.4999878504603592e-16,3.9205343872160894e-06
object_2007_early_portable,8,surrogate_exchange,44,2.3809330297932108,238093.30297932104,strong,0.0001348845231573526,0.0002445037146964947,-4.9509397506179095e-08,-2.0794115956499247e-13,-2.0794115956499244e-10,-4.9717546606903656e-08,3.156697036765268e-17,-4.9717546575336684e-08
object_2007_early_portable,8,surrogate_exchange,45,2.380933029793211,238093.3029793211,strong,-1.1169010324521783e-05,-3.0688973524099945e-06,1.3729490873508565e-10,5.766433033482256e-16,5.766433033482255e-13,1.378721286817372e-10,-2.346292300248893e-18,1.378721263354449e-10
object_2007_early_portable,8,surrogate_exchange,46,5.071101256903172,507110.1256903172,strong,1.7674858171306445e-05,-0.00010149876396599593,-2.5329132691897004e-08,-4.994799237624578e-14,-4.994799237624578e-11,-2.5379130632265626e-08,-2.2042487250995787e-16,-2.53791308526905e-08
object_2007_early_portable,8,surrogate_exchange,47,5.071101256903195,507110.12569031946,strong,-3.061316125993604e-06,2.4043603590518455e-05,-1.4420265107730956e-09,-2.843616085973618e-15,-2.8436160859736176e-12,-1.4448729704751553e-09,-7.69732399467336e-17,-1.4448730474483953e-09
object_2007_early_portable,8,surrogate_exchange,48,6.543649758198651,654364.975819865,strong,0.0001397686346654406,5.214431617384997e-05,5.501979740099157e-08,8.408120763501489e-14,8.408120763501489e-11,5.510396268983422e-08,1.0268705106075786e-16,5.510396279252127e-08
object_2007_early_portable,8,surrogate_exchange,49,6.543649758198653,654364.9758198652,strong,-9.088610651915757e-05,6.198047714918914e-05,1.4457228332620437e-08,2.20935240528525e-14,2.20935240528525e-11,1.4479343950197342e-08,4.450364369685333e-16,1.447934439523378e-08
object_2007_early_portable,8,surrogate_exchange,50,6.924069413473048,692406.9413473047,strong,1.1021672699842067e-05,3.3792018597753184e-05,-3.532740713321809e-09,-5.102116259042267e-15,-5.102116259042267e-12,-3.53784793169711e-09,3.836479058749415e-17,-3.5378478933323195e-09
object_2007_early_portable,8,surrogate_exchange,51,6.924069413473049,692406.9413473048,strong,-1.3696741802991428e-05,8.42985858590529e-06,4.034593631302867e-10,5.826911011972585e-16,5.826911011972586e-13,4.0404263692258517e-10,1.210226139817061e-16,4.0404275794519917e-10
object_2007_early_portable,8,surrogate_exchange,52,17.230046835844863,1723004.6835844861,strong,-0.0005177905874839564,-0.0003417594875839441,1.303518044632085e-06,7.565377256667034e-13,7.565377256667033e-10,1.3042753388954774e-06,-1.1207134471270694e-16,1.304275338783406e-06
object_2007_early_portable,8,surrogate_exchange,53,17.230046835844885,1723004.6835844882,strong,-0.0010416352971535023,-0.0007586450902678496,4.3890246422059e-06,2.5473085964427574e-12,2.5473085964427573e-09,4.391574498110939e-06,-5.59170066418481e-16,4.39157449755177e-06
object_2007_early_portable,8,exact_score_teacher,0,9.62273343904757e-05,9.62273343904757,intermediate,-0.0003675198501618161,-0.0005992091944557077,-1.0776538557371248e-11,-1.1199040922864718e-12,-1.1199040922864718e-09,-1.1318005349361296e-09,3.209576154139259e-17,-1.1318005028403681e-09
object_2007_early_portable,8,exact_score_teacher,1,9.622733439106642e-05,9.622733439106641,intermediate,-0.00017005764084912435,-0.00022275268823894684,-9.959124428551676e-13,-1.034957945325384e-13,-1.0349579453253841e-10,-1.0459520276992611e-10,5.008699301253777e-18,-1.0459519776122681e-10
object_2007_early_portable,8,exact_score_teacher,2,0.0009760289343596242,97.60289343596241,strong,-0.0007303497749237557,-0.0010184597931525944,-2.4588587287230803e-10,-2.5192477826862234e-12,-2.519247782686223e-09,-2.767652903341217e-09,3.461945632163623e-18,-2.7676528998792715e-09
object_2007_early_portable,8,exact_score_teacher,3,0.0009760289343600594,97.60289343600593,strong,-5.2266091848583403e-05,-0.0003055665909049143,-4.423323948820431e-11,-4.531959856006335e-13,-4.531959856006335e-10,-4.978824210744385e-10,-1.8897411443143857e-17,-4.9788243997185e-10
object_2007_early_portable,8,exact_score_teacher,4,0.0014509220193837994,145.09220193837993,strong,-0.00011290244104422611,-5.4134908569188804e-05,7.121395772295554e-12,4.908186433975261e-14,4.908186433975261e-11,5.625234197638792e-11,1.633626274911256e-17,5.625235831265067e-11
object_2007_early_portable,8,exact_score_teacher,5,0.0014509220193845136,145.09220193845135,strong,-0.00010736920900287486,-0.000554293339923975,-2.145282222810959e-10,-1.4785647982108615e-12,-1.4785647982108615e-09,-1.6945715852901681e-09,7.700912322646847e-18,-1.6945715775892558e-09
object_2007_early_portable,8,exact_score_teacher,6,0.002249958550004746,224.9958550004746,strong,0.001719142467496939,0.002523667730460369,-3.8400582452909695e-09,-1.706723995107763e-11,-1.706723995107763e-08,-2.0924365436319678e-08,-2.4601830127473613e-17,-2.0924365460921508e-08
object_2007_early_portable,8,exact_score_teacher,7,0.0022499585500054364,224.99585500054363,strong,0.0002700728866603567,0.000151827433771003,5.6122734847111107e-11,2.4943897231784784e-13,2.494389723178478e-10,3.0581114613727675e-10,1.980234146050545e-18,3.058111481175109e-10
object_2007_early_portable,8,exact_score_teacher,8,0.006021309871277823,602.1309871277823,strong,-0.0027543316906234955,-0.002399422235112165,5.506837112118755e-09,9.145579998111128e-12,9.145579998111128e-09,1.4661562690227993e-08,2.4326561020027006e-17,1.4661562714554554e-08
object_2007_early_portable,8,exact_score_teacher,9,0.006021309871278021,602.1309871278021,strong,0.01665381680485882,0.01282849990747955,3.395392680439527e-07,5.638960214679762e-10,5.638960214679762e-07,9.039991855333968e-07,1.0898914584920497e-16,9.039991856423859e-07
object_2007_early_portable,8,exact_score_teacher,10,0.007461485992571335,746.1485992571335,strong,0.0021054601517828102,0.0017989197466163405,4.465140486252141e-09,5.984250979895479e-12,5.984250979895479e-09,1.0455375717127515e-08,-2.0661632868216298e-17,1.0455375696465881e-08
object_2007_early_portable,8,exact_score_teacher,11,0.007461485992571436,746.1485992571436,strong,0.006318442414574626,0.0064374578399637086,-5.663823357394565e-09,-7.590744475072925e-12,-7.590744475072925e-09,-1.3262158576942563e-08,-1.0523573611662834e-17,-1.3262158587466137e-08
object_2007_early_portable,8,exact_score_teacher,12,0.012279601449681814,1227.9601449681813,strong,-0.008665187879224065,-0.00959044722472509,-1.0370858351026411e-07,-8.445598493992766e-11,-8.445598493992767e-08,-1.882490244351317e-07,7.959139858975694e-17,-1.882490243555403e-07
object_2007_early_portable,8,exact_score_teacher,13,0.012279601449681937,1227.9601449681936,strong,0.003321534680091865,0.0041350298458450565,-3.724328947811401e-08,-3.032939597488213e-11,-3.0329395974882125e-08,-6.760301484897101e-08,1.0024443347761652e-17,-6.760301483894656e-08
object_2007_early_portable,8,exact_score_teacher,14,0.013716674765305163,1371.667476530516,strong,-0.00028930871959838473,0.000982373720703079,-6.044654578297373e-09,-4.406792959461771e-12,-4.406792959461771e-09,-1.0455854330718605e-08,6.256275219923964e-17,-1.0455854268155854e-08
object_2007_early_portable,8,exact_score_teacher,15,0.01371667476530577,1371.6674765305768,strong,-0.0003715837514536691,-0.00016634807027150354,7.571796768718471e-10,5.520140193066452e-13,5.520140193066452e-10,1.3097457101977988e-09,6.6532193726187414e-18,1.3097457168510182e-09
object_2007_early_portable,8,exact_score_teacher,16,0.03021470083369208,3021.4700833692077,strong,0.003739185976454816,0.008074731011423588,-7.73795000672914e-07,-2.560988457016472e-10,-2.560988457016472e-07,-1.0301499452202628e-06,6.844674249201179e-16,-1.0301499445357954e-06
object_2007_early_portable,8,exact_score_teacher,17,0.030214700833692338,3021.4700833692336,strong,0.0008061265636630374,-0.001024017568777964,-6.024387502312406e-09,-1.993859722613777e-12,-1.993859722613777e-09,-8.020241084648796e-09,3.517452004667333e-16,-8.020240732903596e-09
object_2007_early_portable,8,exact_score_teacher,18,0.03611647626925944,3611.6476269259438,strong,-0.003294405682242066,0.006958238211979391,-6.783391194329389e-07,-1.878198510773067e-10,-1.8781985107730667e-07,-8.663467903613228e-07,-9.375170437680764e-16,-8.663467912988399e-07
object_2007_early_portable,8,exact_score_teacher,19,0.03611647626926076,3611.6476269260756,strong,0.0007788705342428151,-0.0022251598443792054,-7.845757348087564e-08,-2.1723485119630006e-11,-2.1723485119630005e-08,-1.0020278208562528e-07,6.700178905110805e-17,-1.0020278201862349e-07
object_2007_early_portable,8,exact_score_teacher,20,0.050828910185203635,5082.891018520363,strong,-0.006382032031078722,0.00028552983321732106,1.0330672434739892e-06,2.0324402780028845e-10,2.0324402780028844e-07,1.236514515302078e-06,-2.4376845142664006e-15,1.2365145128643934e-06
object_2007_early_portable,8,exact_score_teacher,21,0.050828910185204135,5082.891018520413,strong,-0.001024850209508849,0.00019452019928365794,2.5731623527527594e-08,5.062399220004888e-12,5.062399220004888e-09,3.079908514675249e-08,-3.585310745642715e-16,3.0799084788221415e-08
object_2007_early_portable,8,exact_score_teacher,22,0.08016136308937875,8016.136308937875,strong,0.0019446849647539292,-0.00017517662051568872,1.5034715612267231e-07,1.875556381882347e-11,1.8755563818823467e-08,1.691214755053146e-07,-4.901753868517302e-16,1.691214750151392e-07
object_2007_early_portable,8,exact_score_teacher,23,0.08016136308937982,8016.136308937982,strong,-0.0005670131997827597,0.0007911028480206782,-1.2198144497674047e-08,-1.5216987370927227e-12,-1.5216987370927226e-09,-1.3721364933503862e-08,3.6114847146976653e-16,-1.372136457235539e-08
object_2007_early_portable,8,exact_score_teacher,24,0.16418741339131201,16418.7413391312,strong,-0.001125532148577597,0.002187565074826278,-2.8885642190550913e-07,-1.7593091695589985e-11,-1.7593091695589984e-08,-3.064671066927947e-07,-1.0808884857278007e-15,-3.064671077736832e-07
object_2007_early_portable,8,exact_score_teacher,25,0.16418741339131265,16418.741339131266,strong,0.0009979435710558504,-0.0006006192930376576,5.214164014404719e-08,3.1757391792132387e-12,3.1757391792132384e-09,5.5320555062439646e-08,-1.1115103882840407e-16,5.532055495128861e-08
object_2007_early_portable,8,exact_score_teacher,26,0.18321079704109225,18321.079704109223,strong,0.009097527008587396,0.0007601376222855394,7.5287901528177185e-06,4.1093594233581607e-10,4.1093594233581605e-07,7.94013703109587e-06,-1.8111289093706757e-15,7.940137029284741e-06
object_2007_early_portable,8,exact_score_teacher,27,0.18321079704109236,18321.079704109234,strong,-0.0010646690930247761,-0.0003670353648467914,9.149595925424283e-08,4.9940265929699115e-12,4.994026592969911e-09,9.649497987380571e-08,3.436066562620861e-17,9.649497990816637e-08
object_2007_early_portable,8,exact_score_teacher,28,0.1971725991439899,19717.25991439899,strong,-0.0019842975471050183,-0.00010947116737725001,3.8699586756572796e-07,1.962726409480027e-11,1.962726409480027e-08,4.06642758924623e-07,-3.1497110436005114e-17,4.066427588931259e-07
object_2007_early_portable,8,exact_score_teacher,29,0.19717259914399057,19717.259914399056,strong,-0.02029532300652917,-0.0004983279089346041,4.058322819020394e-05,2.0582590261726455e-09,2.0582590261726453e-06,4.264354547540277e-05,2.105287922574919e-14,4.264354549645565e-05
object_2007_early_portable,8,exact_score_teacher,30,0.21166254958692277,21166.254958692276,strong,-0.01262954757454332,-0.0010829651797392872,1.675654707537217e-05,7.916632917856266e-10,7.916632917856266e-07,1.754900203044958e-05,-2.2761841317099233e-15,1.7549002028173396e-05
object_2007_early_portable,8,exact_score_teacher,31,0.21166254958692401,21166.2549586924,strong,0.000989385820753892,-0.0002559446073312322,9.666381632475895e-08,4.5668833014345686e-12,4.566883301434568e-09,1.0123526650949495e-07,1.6028898286431103e-16,1.0123526666978394e-07
object_2007_early_portable,8,exact_score_teacher,32,0.2939343927010639,29393.439270106388,strong,-0.010384228240186498,-0.0009218446251179815,1.572290318571594e-05,5.349119931571394e-10,5.349119931571393e-07,1.625835009086624e-05,4.6174044121554374e-15,1.6258350095483642e-05
object_2007_early_portable,8,exact_score_teacher,33,0.29393439270106453,29393.43927010645,strong,-0.0029192269286660846,-0.0003285548140633434,1.2365728186356218e-06,4.206968797602512e-11,4.2069687976025115e-08,1.278684576299623e-06,-8.824070488450994e-16,1.278684575417216e-06
object_2007_early_portable,8,exact_score_teacher,34,0.4958325650510532,49583.25650510532,strong,-0.00039356510102976964,0.0014747919348758773,-5.008200859245284e-07,-1.0100588812131806e-11,-1.0100588812131805e-08,-5.109307753254723e-07,2.3901227102997057e-16,-5.1093077508646e-07
object_2007_early_portable,8,exact_score_teacher,35,0.495832565051054,49583.2565051054,strong,-2.7659624114226744e-05,-0.0004956673686974238,-6.071992505042094e-08,-1.2246054279264381e-12,-1.224605427926438e-09,-6.19457550837753e-08,-7.36861490587411e-17,-6.194575515746146e-08
object_2007_early_portable,8,exact_score_teacher,36,0.7147361672560099,71473.61672560098,strong,0.00013543338364946844,0.0005931412337602175,-1.1917307931361326e-07,-1.6673716088992445e-12,-1.6673716088992444e-09,-1.2084211829412141e-07,3.0848535165077956e-16,-1.2084211798563606e-07
object_2007_early_portable,8,exact_score_teacher,37,0.7147361672560101,71473.61672560101,strong,0.0003128776987389205,-0.0003026086430938766,2.2587319261504357e-09,3.160231746522748e-14,3.160231746522748e-11,2.2903658459331286e-09,4.372406258176391e-16,2.2903662831737545e-09
object_2007_early_portable,8,exact_score_teacher,38,1.4020954406964998,140209.54406964997,strong,0.0013545132422643881,-0.0004365096898491164,1.1526384154564698e-06,8.220827070687068e-12,8.220827070687067e-09,1.1608674633542275e-06,4.617093770083826e-15,1.1608674679713213e-06
object_2007_early_portable,8,exact_score_teacher,39,1.4020954406965023,140209.5440696502,strong,0.00040911484007348487,0.0002355876448828028,7.842860181506976e-08,5.593670697346374e-13,5.593670697346374e-10,7.898852825187414e-08,7.536514341601719e-17,7.898852832723928e-08
object_2007_early_portable,8,exact_score_teacher,40,1.686460032733325,168646.0032733325,strong,0.0006332681896710961,-3.807970926816124e-05,3.369366152751152e-07,1.9978926789567983e-12,1.9978926789567982e-09,3.3893650584675096e-07,2.4518743654988795e-16,3.389365060919384e-07
object_2007_early_portable,8,exact_score_teacher,41,1.6864600327333314,168646.00327333313,strong,1.2848230128913304e-05,0.00011132177453426713,-1.0310561690565098e-08,-6.113730234006346e-14,-6.113730234006345e-11,-1.0371760130207501e-08,2.3328144932598386e-18,-1.0371760127874686e-08
object_2007_early_portable,8,exact_score_teacher,42,1.8994924239752393,189949.24239752392,strong,0.0006049210136086763,8.558245010229209e-06,3.474705297752477e-07,1.829280945738466e-12,1.829280945738466e-09,3.4930164000193193e-07,-1.8834235478990548e-16,3.493016398135896e-07
object_2007_early_portable,8,exact_score_teacher,43,1.8994924239752415,189949.24239752413,strong,-0.0023385887269783538,0.0004611487071086452,4.992188152834584e-06,2.6281695519411313e-11,2.628169551941131e-08,5.018496130049514e-06,-3.5855159390111113e-16,5.018496129690962e-06
object_2007_early_portable,8,exact_score_teacher,44,2.3809330297932108,238093.30297932104,strong,0.0001348845231573526,-0.0006043680442093973,-4.1317152082434913e-07,-1.7353344913705281e-12,-1.735334491370528e-09,-4.14908590650211e-07,-2.1288210176175858e-16,-4.149085908630931e-07
object_2007_early_portable,8,exact_score_teacher,45,2.380933029793211,238093.3029793211,strong,-1.1169010324521783e-05,0.0003084551885646293,-1.1311795748592492e-07,-4.750992828040588e-13,-4.750992828040588e-10,-1.1359353186801178e-07,-9.258288117817702e-17,-1.1359353196059467e-07
object_2007_early_portable,8,exact_score_teacher,46,5.071101256903172,507110.1256903172,strong,1.7674858171306445e-05,0.00014137527657865696,-4.988586380539351e-08,-9.837284108157975e-14,-9.837284108157975e-11,-4.998433501931617e-08,2.2879768582895147e-16,-4.9984334790518486e-08
object_2007_early_portable,8,exact_score_teacher,47,5.071101256903195,507110.12569031946,strong,-3.061316125993604e-06,-0.00011135870594066187,-3.1418996023262744e-08,-6.195694866177767e-14,-6.195694866177768e-11,-3.1481014928873185e-08,3.0754568023055947e-16,-3.1481014621327506e-08
object_2007_early_portable,8,exact_score_teacher,48,6.543649758198651,654364.975819865,strong,0.0001397686346654406,-0.00030411931399326676,-2.386903758441844e-07,-3.6476642953746893e-13,-3.647664295374689e-10,-2.390555070401514e-07,5.201928555204254e-16,-2.3905550651995856e-07
object_2007_early_portable,8,exact_score_teacher,49,6.543649758198653,654364.9758198652,strong,-9.088610651915757e-05,0.0001587284711359774,-5.54065325458547e-08,-8.467221595476576e-14,-8.467221595476575e-11,-5.549128943402542e-08,7.266963098753994e-16,-5.5491288707329106e-08
object_2007_early_portable,8,exact_score_teacher,50,6.924069413473048,692406.9413473047,strong,1.1021672699842067e-05,-0.0008406053180462713,-2.445913060977971e-06,-3.5324791172928523e-12,-3.532479117292852e-09,-2.4494490725743806e-06,-1.4348702169530823e-15,-2.449449074009251e-06
object_2007_early_portable,8,exact_score_teacher,51,6.924069413473049,692406.9413473048,strong,-1.3696741802991428e-05,-0.00031416626609415176,-3.410548781169947e-07,-4.925642100776178e-13,-4.925642100776178e-10,-3.415479348912824e-07,-1.6434339940356797e-15,-3.4154793653471635e-07
object_2007_early_portable,8,exact_score_teacher,52,17.230046835844863,1723004.6835844861,strong,-0.0005177905874839564,-0.00036053499234820597,1.1899209200012368e-06,6.906080588972989e-13,6.906080588972989e-10,1.1906122186681929e-06,-1.001177974827807e-16,1.190612218568075e-06
object_2007_early_portable,8,exact_score_teacher,53,17.230046835844885,1723004.6835844882,strong,-0.0010416352971535023,-8.026121403267561e-05,9.291838867396985e-06,5.39281114899033e-12,5.39281114899033e-09,9.297237071357124e-06,-1.899612060175971e-15,9.297237069457512e-06
object_2007_early_portable,8,directed_verified,0,9.62273343904757e-05,9.62273343904757,intermediate,-0.0003675198501618161,-0.0010412098684148491,-4.566213871910086e-11,-4.745235749107518e-12,-4.745235749107518e-09,-4.795643123575726e-09,9.33258033275717e-17,-4.795643030249923e-09
object_2007_early_portable,8,directed_verified,1,9.622733439106642e-05,9.622733439106641,intermediate,-0.00017005764084912435,-0.0013441022247054077,-8.55312422558549e-11,-8.888455946234284e-12,-8.888455946234284e-09,-8.982875644436373e-09,1.1159371853867038e-16,-8.982875532842654e-09
object_2007_early_portable,8,directed_verified,2,0.0009760289343596242,97.60289343596241,strong,-0.0007303497749237557,-0.002280272842220698,-2.2771894265624225e-09,-2.33311672061904e-11,-2.33311672061904e-08,-2.5631687799959012e-08,1.862395978454457e-17,-2.5631687781335054e-08
object_2007_early_portable,8,directed_verified,3,0.0009760289343600594,97.60289343600593,strong,-5.2266091848583403e-05,0.0018971795900182447,-1.755172654444751e-09,-1.7982793262123354e-11,-1.7982793262123352e-08,-1.9755948709830225e-08,1.4543783874703277e-16,-1.9755948564392384e-08
object_2007_early_portable,8,directed_verified,4,0.0014509220193837994,145.09220193837993,strong,-0.00011290244104422611,0.0030246382424371117,-6.627586555322478e-09,-4.567844768209658e-11,-4.5678447682096575e-08,-5.235171268510115e-08,8.721769799191965e-16,-5.235171181292417e-08
object_2007_early_portable,8,directed_verified,5,0.0014509220193845136,145.09220193845135,strong,-0.00010736920900287486,-0.000883792720369926,-5.582868087902637e-10,-3.847807127684857e-12,-3.847807127684856e-09,-4.409941743602805e-09,1.3378488590348278e-17,-4.409941730224317e-09
object_2007_early_portable,8,directed_verified,6,0.002249958550004746,224.9958550004746,strong,0.001719142467496939,0.004087367564861453,-1.5469728143084106e-08,-6.875561393364992e-11,-6.875561393364991e-08,-8.429409769066767e-08,-7.24186973748639e-17,-8.429409776308637e-08
object_2007_early_portable,8,directed_verified,7,0.0022499585500054364,224.99585500054363,strong,0.0002700728866603567,0.0034486839028748297,-1.3297796480626006e-08,-5.910240648919455e-11,-5.9102406489194554e-08,-7.245930537630976e-08,-5.3231595105904004e-17,-7.245930542954136e-08
object_2007_early_portable,8,directed_verified,8,0.006021309871277823,602.1309871277823,strong,-0.0027543316906234955,-0.005059752464543675,-5.423620184392553e-08,-9.007375970241455e-11,-9.007375970241455e-08,-1.444000353060425e-07,-1.5802047046846482e-16,-1.4440003546406298e-07
object_2007_early_portable,8,directed_verified,9,0.006021309871278021,602.1309871278021,strong,0.01665381680485882,0.014793771112791957,1.7610510057348654e-07,2.924697521606014e-10,2.924697521606014e-07,4.688673224862485e-07,5.299555478861053e-17,4.6886732253924406e-07
object_2007_early_portable,8,directed_verified,10,0.007461485992571335,746.1485992571335,strong,0.0021054601517828102,0.006523034976429122,-1.4220481604798745e-07,-1.9058511426486193e-10,-1.9058511426486193e-07,-3.329805154271142e-07,2.9775620980584824e-16,-3.32980515129358e-07
object_2007_early_portable,8,directed_verified,11,0.007461485992571436,746.1485992571436,strong,0.006318442414574626,0.010475150688989084,-2.6042849709084027e-07,-3.4903033705366424e-10,-3.490303370536642e-07,-6.098078644815581e-07,-3.675441680353913e-16,-6.098078648491024e-07
object_2007_early_portable,8,directed_verified,12,0.012279601449681814,1227.9601449681813,strong,-0.008665187879224065,-0.011814129519611652,-3.9594454559739657e-07,-3.2244087661953904e-10,-3.2244087661953903e-07,-7.187078630935551e-07,2.7087396680144526e-16,-7.187078628226812e-07
object_2007_early_portable,8,directed_verified,13,0.012279601449681937,1227.9601449681936,strong,0.003321534680091865,0.003858351138007646,-2.3664516498473306e-08,-1.9271404365559648e-11,-1.9271404365559648e-08,-4.2955192268398514e-08,6.615019236826624e-18,-4.29551922617835e-08
object_2007_early_portable,8,directed_verified,14,0.013716674765305163,1371.667476530516,strong,-0.00028930871959838473,-0.00019383114999535164,3.1636838590640715e-10,2.306451026356815e-13,2.306451026356815e-10,5.472441336447243e-10,4.6971943138919024e-18,5.472441383419186e-10
object_2007_early_portable,8,directed_verified,15,0.01371667476530577,1371.6674765305768,strong,-0.0003715837514536691,-0.00014943109235297173,7.938171148933413e-10,5.787241649128987e-13,5.787241649128987e-10,1.373120003971153e-09,7.201624818326004e-18,1.3731200111727779e-09
object_2007_early_portable,8,directed_verified,16,0.03021470083369208,3021.4700833692077,strong,0.003739185976454816,0.008928135920341437,-9.930076422369643e-07,-3.2865049622787345e-10,-3.2865049622787343e-07,-1.3219867889610655e-06,8.191973967483071e-16,-1.3219867881418682e-06
object_2007_early_portable,8,directed_verified,17,0.030214700833692338,3021.4700833692336,strong,0.0008061265636630374,0.0016107232355175847,-2.9377592044360028e-08,-9.722946523965298e-12,-9.722946523965297e-09,-3.911026151484929e-08,-1.546397426408533e-16,-3.911026166948903e-08
object_2007_early_portable,8,directed_verified,18,0.03611647626925944,3611.6476269259438,strong,-0.003294405682242066,-0.001956345077571183,1.2687398007015435e-07,3.5129113683259074e-11,3.5129113683259077e-08,1.620382228670967e-07,-1.2235425665965054e-16,1.6203822274474244e-07
object_2007_early_portable,8,directed_verified,19,0.03611647626926076,3611.6476269260756,strong,0.0007788705342428151,0.0008919330302862287,-3.411295472986458e-09,-9.445261070194324e-13,-9.445261070194324e-10,-4.35676610611291e-09,-2.521741978177813e-18,-4.356766108634652e-09
object_2007_early_portable,8,directed_verified,20,0.050828910185203635,5082.891018520363,strong,-0.006382032031078722,-0.0022908092801327993,9.017690556639782e-07,1.7741262843886125e-10,1.7741262843886125e-07,1.0793590967312783e-06,-1.4957657007728737e-15,1.0793590952355126e-06
object_2007_early_portable,8,directed_verified,21,0.050828910185204135,5082.891018520413,strong,-0.001024850209508849,-0.0007217616718195607,1.3453854450577614e-08,2.6468902051128215e-12,2.6468902051128214e-09,1.6103391545895547e-08,-8.911702163861957e-17,1.6103391456778525e-08
object_2007_early_portable,8,directed_verified,22,0.08016136308937875,8016.136308937875,strong,0.0019446849647539292,0.001462786227012559,6.581472626798191e-08,8.210280331011769e-12,8.210280331011768e-09,7.403321687932469e-08,-1.1142939795557137e-16,7.40332167678953e-08
object_2007_early_portable,8,directed_verified,23,0.08016136308937982,8016.136308937982,strong,-0.0005670131997827597,-0.0019329591453724282,-1.368685970824265e-07,-1.7074135444755122e-11,-1.707413544475512e-08,-1.5395980666262638e-07,-3.632305878116176e-16,-1.5395980702585698e-07
object_2007_early_portable,8,directed_verified,24,0.16418741339131201,16418.7413391312,strong,-0.001125532148577597,0.001919703028201129,-1.9853846586743585e-07,-1.2092185495014415e-11,-1.2092185495014415e-08,-2.1064274354794528e-07,-9.934992597445242e-16,-2.1064274454144454e-07
object_2007_early_portable,8,directed_verified,25,0.16418741339131265,16418.741339131266,strong,0.0009979435710558504,-0.0003996128263077423,6.864683635395946e-08,4.181004800310207e-12,4.181004800310207e-09,7.283202215906997e-08,-9.717468663725858e-17,7.283202206189528e-08
object_2007_early_portable,8,directed_verified,26,0.18321079704109225,18321.079704109223,strong,0.009097527008587396,0.008244441979602371,1.355226215765303e-06,7.397087058473634e-11,7.397087058473634e-08,1.429271057220624e-06,-1.8531543707009487e-16,1.4292710570353087e-06
object_2007_early_portable,8,directed_verified,27,0.18321079704109236,18321.079704109234,strong,-0.0010646690930247761,0.0001490798356359336,1.0180066534228796e-07,5.5564774012448126e-12,5.556477401244812e-09,1.0736269922093401e-07,5.978097016725583e-17,1.0736269928071498e-07
object_2007_early_portable,8,directed_verified,28,0.1971725991439899,19717.25991439899,strong,-0.0019842975471050183,-6.0789829693695696e-05,3.8781300337222213e-07,1.966870676026402e-11,1.9668706760264018e-08,4.075013788392464e-07,-3.231495761682727e-17,4.075013788069315e-07
object_2007_early_portable,8,directed_verified,29,0.19717259914399057,19717.259914399056,strong,-0.02029532300652917,-0.015637080174917165,1.6501558147780927e-05,8.369092977128238e-10,8.369092977128238e-07,1.7339304354791462e-05,4.953752994061983e-15,1.7339304359745216e-05
object_2007_early_portable,8,directed_verified,30,0.21166254958692277,21166.254958692276,strong,-0.01262954757454332,-0.014999655179175475,-6.930274624594749e-06,-3.2742091778256293e-10,-3.2742091778256293e-07,-7.258022963295095e-06,4.672206143470115e-16,-7.258022962827874e-06
object_2007_early_portable,8,directed_verified,31,0.21166254958692401,21166.2549586924,strong,0.000989385820753892,-4.594770004843086e-05,1.0337314353900307e-07,4.883865555845559e-12,4.883865555845558e-09,1.0826189296040447e-07,1.332598587749168e-16,1.0826189309366432e-07
object_2007_early_portable,8,directed_verified,32,0.2939343927010639,29393.439270106388,strong,-0.010384228240186498,-0.008557098138527647,5.0862800585295576e-06,1.730413379594673e-10,1.730413379594673e-07,5.259494437826985e-06,8.91593380292319e-16,5.2594944387185784e-06
object_2007_early_portable,8,directed_verified,33,0.29393439270106453,29393.43927010645,strong,-0.0029192269286660846,-0.001994123981906503,6.68018140412243e-07,2.272677702917287e-11,2.2726777029172868e-08,6.90767644218445e-07,-3.150986790365029e-16,6.907676439033463e-07
object_2007_early_portable,8,directed_verified,34,0.4958325650510532,49583.25650510532,strong,-0.00039356510102976964,-4.953334256427744e-05,3.779234242078839e-08,7.621996836149138e-13,7.621996836149137e-10,3.8555304304086914e-08,4.4010759355431964e-17,3.8555304348097674e-08
object_2007_early_portable,8,directed_verified,35,0.495832565051054,49583.2565051054,strong,-2.7659624114226744e-05,0.00044840590374181275,-4.965832548216302e-08,-1.0015139985218577e-12,-1.0015139985218576e-09,-5.06608409946834e-08,7.495481827671416e-17,-5.066084091972858e-08
object_2007_early_portable,8,directed_verified,36,0.7147361672560099,71473.61672560098,strong,0.00013543338364946844,-2.1874163163579504e-05,6.383924237919437e-09,8.931861196318602e-14,8.931861196318602e-11,6.473332168494586e-09,-1.0602193928769788e-16,6.4733320624726464e-09
object_2007_early_portable,8,directed_verified,37,0.7147361672560101,71473.61672560101,strong,0.0003128776987389205,0.00015098183563370905,2.683724941863962e-08,3.754846983841918e-13,3.754846983841918e-10,2.7213109601722195e-08,1.1501059193388177e-16,2.721310971673279e-08
object_2007_early_portable,8,directed_verified,38,1.4020954406964998,140209.54406964997,strong,0.0013545132422643881,0.00022208005160651023,1.2516411877468514e-06,8.926932870740174e-12,8.926932870740175e-09,1.2605770475504625e-06,2.9193094827952113e-15,1.260577050469772e-06
object_2007_early_portable,8,directed_verified,39,1.4020954406965023,140209.5440696502,strong,0.00040911484007348487,0.0001720072671826874,9.659628044862611e-08,6.889422620234835e-13,6.889422620234835e-10,9.728591165291163e-08,1.0297893777573287e-16,9.728591175589057e-08
object_2007_early_portable,8,directed_verified,40,1.686460032733325,168646.0032733325,strong,0.0006332681896710961,0.00020109215364719386,3.0406077182887434e-07,1.8029527289542035e-12,1.8029527289542034e-09,3.058655275105575e-07,1.578378878945149e-16,3.058655276683954e-07
object_2007_early_portable,8,directed_verified,41,1.6864600327333314,168646.00327333313,strong,1.2848230128913304e-05,0.00013820571299425947,-1.5967186109772472e-08,-9.467871043403052e-14,-9.467871043403052e-11,-1.6061959498916937e-08,2.969688504996599e-18,-1.606195949594725e-08
object_2007_early_portable,8,directed_verified,42,1.8994924239752393,189949.24239752392,strong,0.0006049210136086763,0.000500402774902131,1.0972085155712637e-07,5.776324778779778e-13,5.776324778779777e-10,1.1029906166748222e-07,-3.300878631767664e-17,1.1029906163447344e-07
object_2007_early_portable,8,directed_verified,43,1.8994924239752415,189949.24239752413,strong,-0.0023385887269783538,-0.0015785871792354418,2.8274512218514735e-06,1.4885298757518644e-11,1.4885298757518642e-08,2.84235140590775e-06,-9.733047213386112e-17,2.8423514058104194e-06
object_2007_early_portable,8,directed_verified,44,2.3809330297932108,238093.30297932104,strong,0.0001348845231573526,-0.00020605999608629653,-2.8888916870107003e-08,-1.2133443699849077e-13,-1.2133443699849076e-10,-2.9010372641542492e-08,-9.818158102484113e-17,-2.9010372739724073e-08
object_2007_early_portable,8,directed_verified,45,2.380933029793211,238093.3029793211,strong,-1.1169010324521783e-05,2.8355899422930647e-05,-8.086960944869491e-10,-3.3965512022704227e-15,-3.396551202270422e-12,-8.120960422404218e-10,-1.1448851605868715e-17,-8.120960536892734e-10
object_2007_early_portable,8,directed_verified,46,5.071101256903172,507110.1256903172,strong,1.7674858171306445e-05,0.0001099974669336799,-2.988664205609283e-08,-5.893521060225103e-14,-5.893521060225102e-11,-2.994563620190569e-08,1.7076093602984565e-16,-2.994563603114475e-08
object_2007_early_portable,8,directed_verified,47,5.071101256903195,507110.12569031946,strong,-3.061316125993604e-06,-0.00013960151638021354,-4.939052751643981e-08,-9.73960585961588e-14,-9.739605859615879e-11,-4.948802097109457e-08,3.8775033117477085e-16,-4.948802058334424e-08
object_2007_early_portable,8,directed_verified,48,6.543649758198651,654364.975819865,strong,0.0001397686346654406,-1.216137314624991e-05,6.343208683335637e-08,9.69368611971954e-14,9.693686119719539e-11,6.352912063141477e-08,1.7804697073127781e-16,6.352912080946174e-08
object_2007_early_portable,8,directed_verified,49,6.543649758198653,654364.9758198652,strong,-9.088610651915757e-05,7.855185902039215e-05,6.837753450893102e-09,1.044944901326047e-14,1.0449449013260468e-11,6.848213349355375e-09,4.932802621828481e-16,6.848213842635637e-09
object_2007_early_portable,8,directed_verified,50,6.924069413473048,692406.9413473047,strong,1.1021672699842067e-05,7.161177331003964e-05,-1.7333607380191822e-08,-2.503384403753031e-14,-2.5033844037530308e-11,-1.735866625807339e-08,1.0208569215449099e-16,-1.7358666155987698e-08
object_2007_early_portable,8,directed_verified,51,6.924069413473049,692406.9413473048,strong,-1.3696741802991428e-05,-1.0487883383070357e-05,2.686713355307505e-10,3.880251908046477e-16,3.880251908046477e-13,2.690597487467459e-10,1.7551021261762786e-17,2.6905976629776717e-10
object_2007_early_portable,8,directed_verified,52,17.230046835844863,1723004.6835844861,strong,-0.0005177905874839564,-0.0003177734447611547,1.439804141232394e-06,8.356356514580503e-13,8.356356514580503e-10,1.4406406125195033e-06,-1.2734221488856498e-16,1.440640612392161e-06
object_2007_early_portable,8,directed_verified,53,17.230046835844885,1723004.6835844882,strong,-0.0010416352971535023,-0.0006776088058337946,5.391715839474131e-06,3.1292519926628197e-12,3.1292519926628194e-09,5.394848220718787e-06,-7.192924432596239e-16,5.394848219999494e-06
object_2007_early_portable,8,adaptive_leq_k,0,9.62273343904757e-05,9.62273343904757,intermediate,-0.0003675198501618161,-0.0010412098684148491,-4.566213871910086e-11,-4.745235749107518e-12,-4.745235749107518e-09,-4.795643123575726e-09,9.33258033275717e-17,-4.795643030249923e-09
object_2007_early_portable,8,adaptive_leq_k,1,9.622733439106642e-05,9.622733439106641,intermediate,-0.00017005764084912435,-0.0013441022247054077,-8.55312422558549e-11,-8.888455946234284e-12,-8.888455946234284e-09,-8.982875644436373e-09,1.1159371853867038e-16,-8.982875532842654e-09
object_2007_early_portable,8,adaptive_leq_k,2,0.0009760289343596242,97.60289343596241,strong,-0.0007303497749237557,-0.002280272842220698,-2.2771894265624225e-09,-2.33311672061904e-11,-2.33311672061904e-08,-2.5631687799959012e-08,1.862395978454457e-17,-2.5631687781335054e-08
object_2007_early_portable,8,adaptive_leq_k,3,0.0009760289343600594,97.60289343600593,strong,-5.2266091848583403e-05,0.0018971795900182447,-1.755172654444751e-09,-1.7982793262123354e-11,-1.7982793262123352e-08,-1.9755948709830225e-08,1.4543783874703277e-16,-1.9755948564392384e-08
object_2007_early_portable,8,adaptive_leq_k,4,0.0014509220193837994,145.09220193837993,strong,-0.00011290244104422611,0.0030246382424371117,-6.627586555322478e-09,-4.567844768209658e-11,-4.5678447682096575e-08,-5.235171268510115e-08,8.721769799191965e-16,-5.235171181292417e-08
object_2007_early_portable,8,adaptive_leq_k,5,0.0014509220193845136,145.09220193845135,strong,-0.00010736920900287486,-0.000883792720369926,-5.582868087902637e-10,-3.847807127684857e-12,-3.847807127684856e-09,-4.409941743602805e-09,1.3378488590348278e-17,-4.409941730224317e-09
object_2007_early_portable,8,adaptive_leq_k,6,0.002249958550004746,224.9958550004746,strong,0.001719142467496939,0.004087367564861453,-1.5469728143084106e-08,-6.875561393364992e-11,-6.875561393364991e-08,-8.429409769066767e-08,-7.24186973748639e-17,-8.429409776308637e-08
object_2007_early_portable,8,adaptive_leq_k,7,0.0022499585500054364,224.99585500054363,strong,0.0002700728866603567,0.0034486839028748297,-1.3297796480626006e-08,-5.910240648919455e-11,-5.9102406489194554e-08,-7.245930537630976e-08,-5.3231595105904004e-17,-7.245930542954136e-08
object_2007_early_portable,8,adaptive_leq_k,8,0.006021309871277823,602.1309871277823,strong,-0.0027543316906234955,-0.005059752464543675,-5.423620184392553e-08,-9.007375970241455e-11,-9.007375970241455e-08,-1.444000353060425e-07,-1.5802047046846482e-16,-1.4440003546406298e-07
object_2007_early_portable,8,adaptive_leq_k,9,0.006021309871278021,602.1309871278021,strong,0.01665381680485882,0.014793771112791957,1.7610510057348654e-07,2.924697521606014e-10,2.924697521606014e-07,4.688673224862485e-07,5.299555478861053e-17,4.6886732253924406e-07
object_2007_early_portable,8,adaptive_leq_k,10,0.007461485992571335,746.1485992571335,strong,0.0021054601517828102,0.006523034976429122,-1.4220481604798745e-07,-1.9058511426486193e-10,-1.9058511426486193e-07,-3.329805154271142e-07,2.9775620980584824e-16,-3.32980515129358e-07
object_2007_early_portable,8,adaptive_leq_k,11,0.007461485992571436,746.1485992571436,strong,0.006318442414574626,0.010475150688989084,-2.6042849709084027e-07,-3.4903033705366424e-10,-3.490303370536642e-07,-6.098078644815581e-07,-3.675441680353913e-16,-6.098078648491024e-07
object_2007_early_portable,8,adaptive_leq_k,12,0.012279601449681814,1227.9601449681813,strong,-0.008665187879224065,-0.011814129519611652,-3.9594454559739657e-07,-3.2244087661953904e-10,-3.2244087661953903e-07,-7.187078630935551e-07,2.7087396680144526e-16,-7.187078628226812e-07
object_2007_early_portable,8,adaptive_leq_k,13,0.012279601449681937,1227.9601449681936,strong,0.003321534680091865,0.003858351138007646,-2.3664516498473306e-08,-1.9271404365559648e-11,-1.9271404365559648e-08,-4.2955192268398514e-08,6.615019236826624e-18,-4.29551922617835e-08
object_2007_early_portable,8,adaptive_leq_k,14,0.013716674765305163,1371.667476530516,strong,-0.00028930871959838473,-0.00019383114999535164,3.1636838590640715e-10,2.306451026356815e-13,2.306451026356815e-10,5.472441336447243e-10,4.6971943138919024e-18,5.472441383419186e-10
object_2007_early_portable,8,adaptive_leq_k,15,0.01371667476530577,1371.6674765305768,strong,-0.0003715837514536691,-0.00014943109235297173,7.938171148933413e-10,5.787241649128987e-13,5.787241649128987e-10,1.373120003971153e-09,7.201624818326004e-18,1.3731200111727779e-09
object_2007_early_portable,8,adaptive_leq_k,16,0.03021470083369208,3021.4700833692077,strong,0.003739185976454816,0.008928135920341437,-9.930076422369643e-07,-3.2865049622787345e-10,-3.2865049622787343e-07,-1.3219867889610655e-06,8.191973967483071e-16,-1.3219867881418682e-06
object_2007_early_portable,8,adaptive_leq_k,17,0.030214700833692338,3021.4700833692336,strong,0.0008061265636630374,0.0016107232355175847,-2.9377592044360028e-08,-9.722946523965298e-12,-9.722946523965297e-09,-3.911026151484929e-08,-1.546397426408533e-16,-3.911026166948903e-08
object_2007_early_portable,8,adaptive_leq_k,18,0.03611647626925944,3611.6476269259438,strong,-0.003294405682242066,-0.001956345077571183,1.2687398007015435e-07,3.5129113683259074e-11,3.5129113683259077e-08,1.620382228670967e-07,-1.2235425665965054e-16,1.6203822274474244e-07
object_2007_early_portable,8,adaptive_leq_k,19,0.03611647626926076,3611.6476269260756,strong,0.0007788705342428151,0.0008919330302862287,-3.411295472986458e-09,-9.445261070194324e-13,-9.445261070194324e-10,-4.35676610611291e-09,-2.521741978177813e-18,-4.356766108634652e-09
object_2007_early_portable,8,adaptive_leq_k,20,0.050828910185203635,5082.891018520363,strong,-0.006382032031078722,-0.0022908092801327993,9.017690556639782e-07,1.7741262843886125e-10,1.7741262843886125e-07,1.0793590967312783e-06,-1.4957657007728737e-15,1.0793590952355126e-06
object_2007_early_portable,8,adaptive_leq_k,21,0.050828910185204135,5082.891018520413,strong,-0.001024850209508849,-0.0007217616718195607,1.3453854450577614e-08,2.6468902051128215e-12,2.6468902051128214e-09,1.6103391545895547e-08,-8.911702163861957e-17,1.6103391456778525e-08
object_2007_early_portable,8,adaptive_leq_k,22,0.08016136308937875,8016.136308937875,strong,0.0019446849647539292,0.001462786227012559,6.581472626798191e-08,8.210280331011769e-12,8.210280331011768e-09,7.403321687932469e-08,-1.1142939795557137e-16,7.40332167678953e-08
object_2007_early_portable,8,adaptive_leq_k,23,0.08016136308937982,8016.136308937982,strong,-0.0005670131997827597,-0.0019329591453724282,-1.368685970824265e-07,-1.7074135444755122e-11,-1.707413544475512e-08,-1.5395980666262638e-07,-3.632305878116176e-16,-1.5395980702585698e-07
object_2007_early_portable,8,adaptive_leq_k,24,0.16418741339131201,16418.7413391312,strong,-0.001125532148577597,0.001919703028201129,-1.9853846586743585e-07,-1.2092185495014415e-11,-1.2092185495014415e-08,-2.1064274354794528e-07,-9.934992597445242e-16,-2.1064274454144454e-07
object_2007_early_portable,8,adaptive_leq_k,25,0.16418741339131265,16418.741339131266,strong,0.0009979435710558504,-0.0003996128263077423,6.864683635395946e-08,4.181004800310207e-12,4.181004800310207e-09,7.283202215906997e-08,-9.717468663725858e-17,7.283202206189528e-08
object_2007_early_portable,8,adaptive_leq_k,26,0.18321079704109225,18321.079704109223,strong,0.009097527008587396,0.008244441979602371,1.355226215765303e-06,7.397087058473634e-11,7.397087058473634e-08,1.429271057220624e-06,-1.8531543707009487e-16,1.4292710570353087e-06
object_2007_early_portable,8,adaptive_leq_k,27,0.18321079704109236,18321.079704109234,strong,-0.0010646690930247761,0.0001490798356359336,1.0180066534228796e-07,5.5564774012448126e-12,5.556477401244812e-09,1.0736269922093401e-07,5.978097016725583e-17,1.0736269928071498e-07
object_2007_early_portable,8,adaptive_leq_k,28,0.1971725991439899,19717.25991439899,strong,-0.0019842975471050183,-6.0789829693695696e-05,3.8781300337222213e-07,1.966870676026402e-11,1.9668706760264018e-08,4.075013788392464e-07,-3.231495761682727e-17,4.075013788069315e-07
object_2007_early_portable,8,adaptive_leq_k,29,0.19717259914399057,19717.259914399056,strong,-0.02029532300652917,-0.015637080174917165,1.6501558147780927e-05,8.369092977128238e-10,8.369092977128238e-07,1.7339304354791462e-05,4.953752994061983e-15,1.7339304359745216e-05
object_2007_early_portable,8,adaptive_leq_k,30,0.21166254958692277,21166.254958692276,strong,-0.01262954757454332,-0.014999655179175475,-6.930274624594749e-06,-3.2742091778256293e-10,-3.2742091778256293e-07,-7.258022963295095e-06,4.672206143470115e-16,-7.258022962827874e-06
object_2007_early_portable,8,adaptive_leq_k,31,0.21166254958692401,21166.2549586924,strong,0.000989385820753892,-4.594770004843086e-05,1.0337314353900307e-07,4.883865555845559e-12,4.883865555845558e-09,1.0826189296040447e-07,1.332598587749168e-16,1.0826189309366432e-07
object_2007_early_portable,8,adaptive_leq_k,32,0.2939343927010639,29393.439270106388,strong,-0.010384228240186498,-0.008557098138527647,5.0862800585295576e-06,1.730413379594673e-10,1.730413379594673e-07,5.259494437826985e-06,8.91593380292319e-16,5.2594944387185784e-06
object_2007_early_portable,8,adaptive_leq_k,33,0.29393439270106453,29393.43927010645,strong,-0.0029192269286660846,-0.001994123981906503,6.68018140412243e-07,2.272677702917287e-11,2.2726777029172868e-08,6.90767644218445e-07,-3.150986790365029e-16,6.907676439033463e-07
object_2007_early_portable,8,adaptive_leq_k,34,0.4958325650510532,49583.25650510532,strong,-0.00039356510102976964,-4.953334256427744e-05,3.779234242078839e-08,7.621996836149138e-13,7.621996836149137e-10,3.8555304304086914e-08,4.4010759355431964e-17,3.8555304348097674e-08
object_2007_early_portable,8,adaptive_leq_k,35,0.495832565051054,49583.2565051054,strong,-2.7659624114226744e-05,0.00044840590374181275,-4.965832548216302e-08,-1.0015139985218577e-12,-1.0015139985218576e-09,-5.06608409946834e-08,7.495481827671416e-17,-5.066084091972858e-08
object_2007_early_portable,8,adaptive_leq_k,36,0.7147361672560099,71473.61672560098,strong,0.00013543338364946844,-2.1874163163579504e-05,6.383924237919437e-09,8.931861196318602e-14,8.931861196318602e-11,6.473332168494586e-09,-1.0602193928769788e-16,6.4733320624726464e-09
object_2007_early_portable,8,adaptive_leq_k,37,0.7147361672560101,71473.61672560101,strong,0.0003128776987389205,0.00015098183563370905,2.683724941863962e-08,3.754846983841918e-13,3.754846983841918e-10,2.7213109601722195e-08,1.1501059193388177e-16,2.721310971673279e-08
object_2007_early_portable,8,adaptive_leq_k,38,1.4020954406964998,140209.54406964997,strong,0.0013545132422643881,0.00022208005160651023,1.2516411877468514e-06,8.926932870740174e-12,8.926932870740175e-09,1.2605770475504625e-06,2.9193094827952113e-15,1.260577050469772e-06
object_2007_early_portable,8,adaptive_leq_k,39,1.4020954406965023,140209.5440696502,strong,0.00040911484007348487,0.0001720072671826874,9.659628044862611e-08,6.889422620234835e-13,6.889422620234835e-10,9.728591165291163e-08,1.0297893777573287e-16,9.728591175589057e-08
object_2007_early_portable,8,adaptive_leq_k,40,1.686460032733325,168646.0032733325,strong,0.0006332681896710961,0.00020109215364719386,3.0406077182887434e-07,1.8029527289542035e-12,1.8029527289542034e-09,3.058655275105575e-07,1.578378878945149e-16,3.058655276683954e-07
object_2007_early_portable,8,adaptive_leq_k,41,1.6864600327333314,168646.00327333313,strong,1.2848230128913304e-05,0.00013820571299425947,-1.5967186109772472e-08,-9.467871043403052e-14,-9.467871043403052e-11,-1.6061959498916937e-08,2.969688504996599e-18,-1.606195949594725e-08
object_2007_early_portable,8,adaptive_leq_k,42,1.8994924239752393,189949.24239752392,strong,0.0006049210136086763,0.000500402774902131,1.0972085155712637e-07,5.776324778779778e-13,5.776324778779777e-10,1.1029906166748222e-07,-3.300878631767664e-17,1.1029906163447344e-07
object_2007_early_portable,8,adaptive_leq_k,43,1.8994924239752415,189949.24239752413,strong,-0.0023385887269783538,-0.0015785871792354418,2.8274512218514735e-06,1.4885298757518644e-11,1.4885298757518642e-08,2.84235140590775e-06,-9.733047213386112e-17,2.8423514058104194e-06
object_2007_early_portable,8,adaptive_leq_k,44,2.3809330297932108,238093.30297932104,strong,0.0001348845231573526,-0.00020605999608629653,-2.8888916870107003e-08,-1.2133443699849077e-13,-1.2133443699849076e-10,-2.9010372641542492e-08,-9.818158102484113e-17,-2.9010372739724073e-08
object_2007_early_portable,8,adaptive_leq_k,45,2.380933029793211,238093.3029793211,strong,-1.1169010324521783e-05,2.8355899422930647e-05,-8.086960944869491e-10,-3.3965512022704227e-15,-3.396551202270422e-12,-8.120960422404218e-10,-1.1448851605868715e-17,-8.120960536892734e-10
object_2007_early_portable,8,adaptive_leq_k,46,5.071101256903172,507110.1256903172,strong,1.7674858171306445e-05,0.0001099974669336799,-2.988664205609283e-08,-5.893521060225103e-14,-5.893521060225102e-11,-2.994563620190569e-08,1.7076093602984565e-16,-2.994563603114475e-08
object_2007_early_portable,8,adaptive_leq_k,47,5.071101256903195,507110.12569031946,strong,-3.061316125993604e-06,-0.00013960151638021354,-4.939052751643981e-08,-9.73960585961588e-14,-9.739605859615879e-11,-4.948802097109457e-08,3.8775033117477085e-16,-4.948802058334424e-08
object_2007_early_portable,8,adaptive_leq_k,48,6.543649758198651,654364.975819865,strong,0.0001397686346654406,-1.216137314624991e-05,6.343208683335637e-08,9.69368611971954e-14,9.693686119719539e-11,6.352912063141477e-08,1.7804697073127781e-16,6.352912080946174e-08
object_2007_early_portable,8,adaptive_leq_k,49,6.543649758198653,654364.9758198652,strong,-9.088610651915757e-05,7.855185902039215e-05,6.837753450893102e-09,1.044944901326047e-14,1.0449449013260468e-11,6.848213349355375e-09,4.932802621828481e-16,6.848213842635637e-09
object_2007_early_portable,8,adaptive_leq_k,50,6.924069413473048,692406.9413473047,strong,1.1021672699842067e-05,7.161177331003964e-05,-1.7333607380191822e-08,-2.503384403753031e-14,-2.5033844037530308e-11,-1.735866625807339e-08,1.0208569215449099e-16,-1.7358666155987698e-08
object_2007_early_portable,8,adaptive_leq_k,51,6.924069413473049,692406.9413473048,strong,-1.3696741802991428e-05,-1.0487883383070357e-05,2.686713355307505e-10,3.880251908046477e-16,3.880251908046477e-13,2.690597487467459e-10,1.7551021261762786e-17,2.6905976629776717e-10
object_2007_early_portable,8,adaptive_leq_k,52,17.230046835844863,1723004.6835844861,strong,-0.0005177905874839564,-0.0003177734447611547,1.439804141232394e-06,8.356356514580503e-13,8.356356514580503e-10,1.4406406125195033e-06,-1.2734221488856498e-16,1.440640612392161e-06
object_2007_early_portable,8,adaptive_leq_k,53,17.230046835844885,1723004.6835844882,strong,-0.0010416352971535023,-0.0006776088058337946,5.391715839474131e-06,3.1292519926628197e-12,3.1292519926628194e-09,5.394848220718787e-06,-7.192924432596239e-16,5.394848219999494e-06
