object_id,phase,k,source_directory,state_hash,pool_hash,metric,rho,n,reason,scope,higher_is_better_for_fidelity,p_value,inferential_reason
2007,early,4,<WORKSPACE>/Gaussian/A17/EXCHANGE_R1/results/object_2007_early_portable,25387349f2beb0f96d242ca9b954a62e6bfcc22e30747f954ca70f472e65a2bd,26106a1c238544d78f76de616ce9d2614f2f15120f481ce864ad6bd62b0113ef,receiver_score,-0.6519387755102041,49,,fixed12 incoming/removal plus optional teacherbest evaluator augmentation; not full-neighborhood/unbiased population,,,correlated candidate rows; descriptive within-checkpoint ranking only
2007,early,4,<WORKSPACE>/Gaussian/A17/EXCHANGE_R1/results/object_2007_early_portable,25387349f2beb0f96d242ca9b954a62e6bfcc22e30747f954ca70f472e65a2bd,26106a1c238544d78f76de616ce9d2614f2f15120f481ce864ad6bd62b0113ef,Qhat,0.9997959183673468,49,,fixed12 incoming/removal plus optional teacherbest evaluator augmentation; not full-neighborhood/unbiased population,,,correlated candidate rows; descriptive within-checkpoint ranking only
2007,early,4,<WORKSPACE>/Gaussian/A17/EXCHANGE_R1/results/object_2007_early_portable,25387349f2beb0f96d242ca9b954a62e6bfcc22e30747f954ca70f472e65a2bd,26106a1c238544d78f76de616ce9d2614f2f15120f481ce864ad6bd62b0113ef,normal_rhs_difference_norm,0.59,49,,fixed12 incoming/removal plus optional teacherbest evaluator augmentation; not full-neighborhood/unbiased population,,,correlated candidate rows; descriptive within-checkpoint ranking only
2007,early,4,<WORKSPACE>/Gaussian/A17/EXCHANGE_R1/results/object_2007_early_portable,25387349f2beb0f96d242ca9b954a62e6bfcc22e30747f954ca70f472e65a2bd,26106a1c238544d78f76de616ce9d2614f2f15120f481ce864ad6bd62b0113ef,step_difference_norm,-0.9334693877551019,49,,fixed12 incoming/removal plus optional teacherbest evaluator augmentation; not full-neighborhood/unbiased population,,,correlated candidate rows; descriptive within-checkpoint ranking only
2007,early,4,<WORKSPACE>/Gaussian/A17/EXCHANGE_R1/results/object_2007_early_portable,25387349f2beb0f96d242ca9b954a62e6bfcc22e30747f954ca70f472e65a2bd,26106a1c238544d78f76de616ce9d2614f2f15120f481ce864ad6bd62b0113ef,info_trace,-0.3438775510204082,49,,fixed12 incoming/removal plus optional teacherbest evaluator augmentation; not full-neighborhood/unbiased population,,,correlated candidate rows; descriptive within-checkpoint ranking only
2007,early,4,<WORKSPACE>/Gaussian/A17/EXCHANGE_R1/results/object_2007_early_portable,25387349f2beb0f96d242ca9b954a62e6bfcc22e30747f954ca70f472e65a2bd,26106a1c238544d78f76de616ce9d2614f2f15120f481ce864ad6bd62b0113ef,info_effective_dim,-0.25999999999999995,49,,fixed12 incoming/removal plus optional teacherbest evaluator augmentation; not full-neighborhood/unbiased population,,,correlated candidate rows; descriptive within-checkpoint ranking only
2007,early,4,<WORKSPACE>/Gaussian/A17/EXCHANGE_R1/results/object_2007_early_portable,25387349f2beb0f96d242ca9b954a62e6bfcc22e30747f954ca70f472e65a2bd,26106a1c238544d78f76de616ce9d2614f2f15120f481ce864ad6bd62b0113ef,info_logdet_volume,-0.27897959183673465,49,,fixed12 incoming/removal plus optional teacherbest evaluator augmentation; not full-neighborhood/unbiased population,,,correlated candidate rows; descriptive within-checkpoint ranking only
2007,early,4,<WORKSPACE>/Gaussian/A17/EXCHANGE_R1/results/object_2007_early_portable,25387349f2beb0f96d242ca9b954a62e6bfcc22e30747f954ca70f472e65a2bd,26106a1c238544d78f76de616ce9d2614f2f15120f481ce864ad6bd62b0113ef,delta_info_trace,-0.3438775510204082,49,,fixed12 incoming/removal plus optional teacherbest evaluator augmentation; not full-neighborhood/unbiased population,,,correlated candidate rows; descriptive within-checkpoint ranking only
2007,early,4,<WORKSPACE>/Gaussian/A17/EXCHANGE_R1/results/object_2007_early_portable,25387349f2beb0f96d242ca9b954a62e6bfcc22e30747f954ca70f472e65a2bd,26106a1c238544d78f76de616ce9d2614f2f15120f481ce864ad6bd62b0113ef,delta_effective_dim,-0.25999999999999995,49,,fixed12 incoming/removal plus optional teacherbest evaluator augmentation; not full-neighborhood/unbiased population,,,correlated candidate rows; descriptive within-checkpoint ranking only
2007,early,4,<WORKSPACE>/Gaussian/A17/EXCHANGE_R1/results/object_2007_early_portable,25387349f2beb0f96d242ca9b954a62e6bfcc22e30747f954ca70f472e65a2bd,26106a1c238544d78f76de616ce9d2614f2f15120f481ce864ad6bd62b0113ef,delta_logdet_volume,-0.27897959183673465,49,,fixed12 incoming/removal plus optional teacherbest evaluator augmentation; not full-neighborhood/unbiased population,,,correlated candidate rows; descriptive within-checkpoint ranking only
2007,early,4,<WORKSPACE>/Gaussian/A17/EXCHANGE_R1/results/object_2007_early_portable,25387349f2beb0f96d242ca9b954a62e6bfcc22e30747f954ca70f472e65a2bd,26106a1c238544d78f76de616ce9d2614f2f15120f481ce864ad6bd62b0113ef,delta_info_weak,-0.5362244897959183,49,,fixed12 incoming/removal plus optional teacherbest evaluator augmentation; not full-neighborhood/unbiased population,,,correlated candidate rows; descriptive within-checkpoint ranking only
2007,early,4,<WORKSPACE>/Gaussian/A17/EXCHANGE_R1/results/object_2007_early_portable,25387349f2beb0f96d242ca9b954a62e6bfcc22e30747f954ca70f472e65a2bd,26106a1c238544d78f76de616ce9d2614f2f15120f481ce864ad6bd62b0113ef,weak_task_score,-0.6021428571428572,49,,fixed12 incoming/removal plus optional teacherbest evaluator augmentation; not full-neighborhood/unbiased population,,,correlated candidate rows; descriptive within-checkpoint ranking only
2007,early,4,<WORKSPACE>/Gaussian/A17/EXCHANGE_R1/results/object_2007_early_portable,25387349f2beb0f96d242ca9b954a62e6bfcc22e30747f954ca70f472e65a2bd,26106a1c238544d78f76de616ce9d2614f2f15120f481ce864ad6bd62b0113ef,full_information_fidelity_spectral,-0.6810204081632651,49,,fixed12 incoming/removal plus optional teacherbest evaluator augmentation; not full-neighborhood/unbiased population,False,,correlated candidate rows; descriptive within-checkpoint ranking only
2007,early,4,<WORKSPACE>/Gaussian/A17/EXCHANGE_R1/results/object_2007_early_portable,25387349f2beb0f96d242ca9b954a62e6bfcc22e30747f954ca70f472e65a2bd,26106a1c238544d78f76de616ce9d2614f2f15120f481ce864ad6bd62b0113ef,projected_information_fidelity_spectral,,0,INSUFFICIENT_NONMISSING_PAIRS,fixed12 incoming/removal plus optional teacherbest evaluator augmentation; not full-neighborhood/unbiased population,False,,correlated candidate rows; descriptive within-checkpoint ranking only
2007,early,8,<WORKSPACE>/Gaussian/A17/EXCHANGE_R1/results/object_2007_early_portable,25387349f2beb0f96d242ca9b954a62e6bfcc22e30747f954ca70f472e65a2bd,26106a1c238544d78f76de616ce9d2614f2f15120f481ce864ad6bd62b0113ef,receiver_score,-0.027969177361666313,97,,fixed12 incoming/removal plus optional teacherbest evaluator augmentation; not full-neighborhood/unbiased population,,,correlated candidate rows; descriptive within-checkpoint ranking only
2007,early,8,<WORKSPACE>/Gaussian/A17/EXCHANGE_R1/results/object_2007_early_portable,25387349f2beb0f96d242ca9b954a62e6bfcc22e30747f954ca70f472e65a2bd,26106a1c238544d78f76de616ce9d2614f2f15120f481ce864ad6bd62b0113ef,Qhat,0.995976225541763,97,,fixed12 incoming/removal plus optional teacherbest evaluator augmentation; not full-neighborhood/unbiased population,,,correlated candidate rows; descriptive within-checkpoint ranking only
2007,early,8,<WORKSPACE>/Gaussian/A17/EXCHANGE_R1/results/object_2007_early_portable,25387349f2beb0f96d242ca9b954a62e6bfcc22e30747f954ca70f472e65a2bd,26106a1c238544d78f76de616ce9d2614f2f15120f481ce864ad6bd62b0113ef,normal_rhs_difference_norm,-0.4090705869976856,97,,fixed12 incoming/removal plus optional teacherbest evaluator augmentation; not full-neighborhood/unbiased population,,,correlated candidate rows; descriptive within-checkpoint ranking only
2007,early,8,<WORKSPACE>/Gaussian/A17/EXCHANGE_R1/results/object_2007_early_portable,25387349f2beb0f96d242ca9b954a62e6bfcc22e30747f954ca70f472e65a2bd,26106a1c238544d78f76de616ce9d2614f2f15120f481ce864ad6bd62b0113ef,step_difference_norm,-0.8670050494424574,97,,fixed12 incoming/removal plus optional teacherbest evaluator augmentation; not full-neighborhood/unbiased population,,,correlated candidate rows; descriptive within-checkpoint ranking only
2007,early,8,<WORKSPACE>/Gaussian/A17/EXCHANGE_R1/results/object_2007_early_portable,25387349f2beb0f96d242ca9b954a62e6bfcc22e30747f954ca70f472e65a2bd,26106a1c238544d78f76de616ce9d2614f2f15120f481ce864ad6bd62b0113ef,info_trace,0.21180044182621502,97,,fixed12 incoming/removal plus optional teacherbest evaluator augmentation; not full-neighborhood/unbiased population,,,correlated candidate rows; descriptive within-checkpoint ranking only
2007,early,8,<WORKSPACE>/Gaussian/A17/EXCHANGE_R1/results/object_2007_early_portable,25387349f2beb0f96d242ca9b954a62e6bfcc22e30747f954ca70f472e65a2bd,26106a1c238544d78f76de616ce9d2614f2f15120f481ce864ad6bd62b0113ef,info_effective_dim,-0.43535661687355354,97,,fixed12 incoming/removal plus optional teacherbest evaluator augmentation; not full-neighborhood/unbiased population,,,correlated candidate rows; descriptive within-checkpoint ranking only
2007,early,8,<WORKSPACE>/Gaussian/A17/EXCHANGE_R1/results/object_2007_early_portable,25387349f2beb0f96d242ca9b954a62e6bfcc22e30747f954ca70f472e65a2bd,26106a1c238544d78f76de616ce9d2614f2f15120f481ce864ad6bd62b0113ef,info_logdet_volume,-0.5232879234167893,97,,fixed12 incoming/removal plus optional teacherbest evaluator augmentation; not full-neighborhood/unbiased population,,,correlated candidate rows; descriptive within-checkpoint ranking only
2007,early,8,<WORKSPACE>/Gaussian/A17/EXCHANGE_R1/results/object_2007_early_portable,25387349f2beb0f96d242ca9b954a62e6bfcc22e30747f954ca70f472e65a2bd,26106a1c238544d78f76de616ce9d2614f2f15120f481ce864ad6bd62b0113ef,delta_info_trace,0.21180044182621502,97,,fixed12 incoming/removal plus optional teacherbest evaluator augmentation; not full-neighborhood/unbiased population,,,correlated candidate rows; descriptive within-checkpoint ranking only
2007,early,8,<WORKSPACE>/Gaussian/A17/EXCHANGE_R1/results/object_2007_early_portable,25387349f2beb0f96d242ca9b954a62e6bfcc22e30747f954ca70f472e65a2bd,26106a1c238544d78f76de616ce9d2614f2f15120f481ce864ad6bd62b0113ef,delta_effective_dim,-0.43535661687355354,97,,fixed12 incoming/removal plus optional teacherbest evaluator augmentation; not full-neighborhood/unbiased population,,,correlated candidate rows; descriptive within-checkpoint ranking only
2007,early,8,<WORKSPACE>/Gaussian/A17/EXCHANGE_R1/results/object_2007_early_portable,25387349f2beb0f96d242ca9b954a62e6bfcc22e30747f954ca70f472e65a2bd,26106a1c238544d78f76de616ce9d2614f2f15120f481ce864ad6bd62b0113ef,delta_logdet_volume,-0.5232879234167893,97,,fixed12 incoming/removal plus optional teacherbest evaluator augmentation; not full-neighborhood/unbiased population,,,correlated candidate rows; descriptive within-checkpoint ranking only
2007,early,8,<WORKSPACE>/Gaussian/A17/EXCHANGE_R1/results/object_2007_early_portable,25387349f2beb0f96d242ca9b954a62e6bfcc22e30747f954ca70f472e65a2bd,26106a1c238544d78f76de616ce9d2614f2f15120f481ce864ad6bd62b0113ef,delta_info_weak,-0.5587523669261518,97,,fixed12 incoming/removal plus optional teacherbest evaluator augmentation; not full-neighborhood/unbiased population,,,correlated candidate rows; descriptive within-checkpoint ranking only
2007,early,8,<WORKSPACE>/Gaussian/A17/EXCHANGE_R1/results/object_2007_early_portable,25387349f2beb0f96d242ca9b954a62e6bfcc22e30747f954ca70f472e65a2bd,26106a1c238544d78f76de616ce9d2614f2f15120f481ce864ad6bd62b0113ef,weak_task_score,-0.5587523669261518,97,,fixed12 incoming/removal plus optional teacherbest evaluator augmentation; not full-neighborhood/unbiased population,,,correlated candidate rows; descriptive within-checkpoint ranking only
2007,early,8,<WORKSPACE>/Gaussian/A17/EXCHANGE_R1/results/object_2007_early_portable,25387349f2beb0f96d242ca9b954a62e6bfcc22e30747f954ca70f472e65a2bd,26106a1c238544d78f76de616ce9d2614f2f15120f481ce864ad6bd62b0113ef,full_information_fidelity_spectral,-0.26930359772775087,97,,fixed12 incoming/removal plus optional teacherbest evaluator augmentation; not full-neighborhood/unbiased population,False,,correlated candidate rows; descriptive within-checkpoint ranking only
2007,early,8,<WORKSPACE>/Gaussian/A17/EXCHANGE_R1/results/object_2007_early_portable,25387349f2beb0f96d242ca9b954a62e6bfcc22e30747f954ca70f472e65a2bd,26106a1c238544d78f76de616ce9d2614f2f15120f481ce864ad6bd62b0113ef,projected_information_fidelity_spectral,,0,INSUFFICIENT_NONMISSING_PAIRS,fixed12 incoming/removal plus optional teacherbest evaluator augmentation; not full-neighborhood/unbiased population,False,,correlated candidate rows; descriptive within-checkpoint ranking only
2007,early,16,<WORKSPACE>/Gaussian/A17/EXCHANGE_R1/results/object_2007_early_portable,25387349f2beb0f96d242ca9b954a62e6bfcc22e30747f954ca70f472e65a2bd,26106a1c238544d78f76de616ce9d2614f2f15120f481ce864ad6bd62b0113ef,receiver_score,0.21473044976229902,193,,fixed12 incoming/removal plus optional teacherbest evaluator augmentation; not full-neighborhood/unbiased population,,,correlated candidate rows; descriptive within-checkpoint ranking only
2007,early,16,<WORKSPACE>/Gaussian/A17/EXCHANGE_R1/results/object_2007_early_portable,25387349f2beb0f96d242ca9b954a62e6bfcc22e30747f954ca70f472e65a2bd,26106a1c238544d78f76de616ce9d2614f2f15120f481ce864ad6bd62b0113ef,Qhat,0.9818953314459696,193,,fixed12 incoming/removal plus optional teacherbest evaluator augmentation; not full-neighborhood/unbiased population,,,correlated candidate rows; descriptive within-checkpoint ranking only
2007,early,16,<WORKSPACE>/Gaussian/A17/EXCHANGE_R1/results/object_2007_early_portable,25387349f2beb0f96d242ca9b954a62e6bfcc22e30747f954ca70f472e65a2bd,26106a1c238544d78f76de616ce9d2614f2f15120f481ce864ad6bd62b0113ef,normal_rhs_difference_norm,-0.10356518081299075,193,,fixed12 incoming/removal plus optional teacherbest evaluator augmentation; not full-neighborhood/unbiased population,,,correlated candidate rows; descriptive within-checkpoint ranking only
2007,early,16,<WORKSPACE>/Gaussian/A17/EXCHANGE_R1/results/object_2007_early_portable,25387349f2beb0f96d242ca9b954a62e6bfcc22e30747f954ca70f472e65a2bd,26106a1c238544d78f76de616ce9d2614f2f15120f481ce864ad6bd62b0113ef,step_difference_norm,-0.3199949254847497,193,,fixed12 incoming/removal plus optional teacherbest evaluator augmentation; not full-neighborhood/unbiased population,,,correlated candidate rows; descriptive within-checkpoint ranking only
2007,early,16,<WORKSPACE>/Gaussian/A17/EXCHANGE_R1/results/object_2007_early_portable,25387349f2beb0f96d242ca9b954a62e6bfcc22e30747f954ca70f472e65a2bd,26106a1c238544d78f76de616ce9d2614f2f15120f481ce864ad6bd62b0113ef,info_trace,0.13168533999252174,193,,fixed12 incoming/removal plus optional teacherbest evaluator augmentation; not full-neighborhood/unbiased population,,,correlated candidate rows; descriptive within-checkpoint ranking only
2007,early,16,<WORKSPACE>/Gaussian/A17/EXCHANGE_R1/results/object_2007_early_portable,25387349f2beb0f96d242ca9b954a62e6bfcc22e30747f954ca70f472e65a2bd,26106a1c238544d78f76de616ce9d2614f2f15120f481ce864ad6bd62b0113ef,info_effective_dim,-0.21461360237166813,193,,fixed12 incoming/removal plus optional teacherbest evaluator augmentation; not full-neighborhood/unbiased population,,,correlated candidate rows; descriptive within-checkpoint ranking only
2007,early,16,<WORKSPACE>/Gaussian/A17/EXCHANGE_R1/results/object_2007_early_portable,25387349f2beb0f96d242ca9b954a62e6bfcc22e30747f954ca70f472e65a2bd,26106a1c238544d78f76de616ce9d2614f2f15120f481ce864ad6bd62b0113ef,info_logdet_volume,-0.43099827733561236,193,,fixed12 incoming/removal plus optional teacherbest evaluator augmentation; not full-neighborhood/unbiased population,,,correlated candidate rows; descriptive within-checkpoint ranking only
2007,early,16,<WORKSPACE>/Gaussian/A17/EXCHANGE_R1/results/object_2007_early_portable,25387349f2beb0f96d242ca9b954a62e6bfcc22e30747f954ca70f472e65a2bd,26106a1c238544d78f76de616ce9d2614f2f15120f481ce864ad6bd62b0113ef,delta_info_trace,0.13168533999252174,193,,fixed12 incoming/removal plus optional teacherbest evaluator augmentation; not full-neighborhood/unbiased population,,,correlated candidate rows; descriptive within-checkpoint ranking only
2007,early,16,<WORKSPACE>/Gaussian/A17/EXCHANGE_R1/results/object_2007_early_portable,25387349f2beb0f96d242ca9b954a62e6bfcc22e30747f954ca70f472e65a2bd,26106a1c238544d78f76de616ce9d2614f2f15120f481ce864ad6bd62b0113ef,delta_effective_dim,-0.21461360237166813,193,,fixed12 incoming/removal plus optional teacherbest evaluator augmentation; not full-neighborhood/unbiased population,,,correlated candidate rows; descriptive within-checkpoint ranking only
2007,early,16,<WORKSPACE>/Gaussian/A17/EXCHANGE_R1/results/object_2007_early_portable,25387349f2beb0f96d242ca9b954a62e6bfcc22e30747f954ca70f472e65a2bd,26106a1c238544d78f76de616ce9d2614f2f15120f481ce864ad6bd62b0113ef,delta_logdet_volume,-0.43099827733561236,193,,fixed12 incoming/removal plus optional teacherbest evaluator augmentation; not full-neighborhood/unbiased population,,,correlated candidate rows; descriptive within-checkpoint ranking only
2007,early,16,<WORKSPACE>/Gaussian/A17/EXCHANGE_R1/results/object_2007_early_portable,25387349f2beb0f96d242ca9b954a62e6bfcc22e30747f954ca70f472e65a2bd,26106a1c238544d78f76de616ce9d2614f2f15120f481ce864ad6bd62b0113ef,delta_info_weak,-0.30770424923882267,193,,fixed12 incoming/removal plus optional teacherbest evaluator augmentation; not full-neighborhood/unbiased population,,,correlated candidate rows; descriptive within-checkpoint ranking only
2007,early,16,<WORKSPACE>/Gaussian/A17/EXCHANGE_R1/results/object_2007_early_portable,25387349f2beb0f96d242ca9b954a62e6bfcc22e30747f954ca70f472e65a2bd,26106a1c238544d78f76de616ce9d2614f2f15120f481ce864ad6bd62b0113ef,weak_task_score,-0.30770424923882267,193,,fixed12 incoming/removal plus optional teacherbest evaluator augmentation; not full-neighborhood/unbiased population,,,correlated candidate rows; descriptive within-checkpoint ranking only
2007,early,16,<WORKSPACE>/Gaussian/A17/EXCHANGE_R1/results/object_2007_early_portable,25387349f2beb0f96d242ca9b954a62e6bfcc22e30747f954ca70f472e65a2bd,26106a1c238544d78f76de616ce9d2614f2f15120f481ce864ad6bd62b0113ef,full_information_fidelity_spectral,-0.1576738689172587,193,,fixed12 incoming/removal plus optional teacherbest evaluator augmentation; not full-neighborhood/unbiased population,False,,correlated candidate rows; descriptive within-checkpoint ranking only
2007,early,16,<WORKSPACE>/Gaussian/A17/EXCHANGE_R1/results/object_2007_early_portable,25387349f2beb0f96d242ca9b954a62e6bfcc22e30747f954ca70f472e65a2bd,26106a1c238544d78f76de616ce9d2614f2f15120f481ce864ad6bd62b0113ef,projected_information_fidelity_spectral,,0,INSUFFICIENT_NONMISSING_PAIRS,fixed12 incoming/removal plus optional teacherbest evaluator augmentation; not full-neighborhood/unbiased population,False,,correlated candidate rows; descriptive within-checkpoint ranking only
2007,late,4,<WORKSPACE>/Gaussian/A17/EXCHANGE_R1/results/object_2007_late,8b6ae019adc6227a1c90d1bb327c514b1a79631e0803834efb187b2f9b415f24,87b802fa63668f337f8ab5563faed5907a2fbbc8afe91916d542368a05106d7c,receiver_score,-0.34530612244897957,49,,fixed12 incoming/removal plus optional teacherbest evaluator augmentation; not full-neighborhood/unbiased population,,,correlated candidate rows; descriptive within-checkpoint ranking only
2007,late,4,<WORKSPACE>/Gaussian/A17/EXCHANGE_R1/results/object_2007_late,8b6ae019adc6227a1c90d1bb327c514b1a79631e0803834efb187b2f9b415f24,87b802fa63668f337f8ab5563faed5907a2fbbc8afe91916d542368a05106d7c,Qhat,0.9874489795918366,49,,fixed12 incoming/removal plus optional teacherbest evaluator augmentation; not full-neighborhood/unbiased population,,,correlated candidate rows; descriptive within-checkpoint ranking only
2007,late,4,<WORKSPACE>/Gaussian/A17/EXCHANGE_R1/results/object_2007_late,8b6ae019adc6227a1c90d1bb327c514b1a79631e0803834efb187b2f9b415f24,87b802fa63668f337f8ab5563faed5907a2fbbc8afe91916d542368a05106d7c,normal_rhs_difference_norm,0.7147959183673469,49,,fixed12 incoming/removal plus optional teacherbest evaluator augmentation; not full-neighborhood/unbiased population,,,correlated candidate rows; descriptive within-checkpoint ranking only
2007,late,4,<WORKSPACE>/Gaussian/A17/EXCHANGE_R1/results/object_2007_late,8b6ae019adc6227a1c90d1bb327c514b1a79631e0803834efb187b2f9b415f24,87b802fa63668f337f8ab5563faed5907a2fbbc8afe91916d542368a05106d7c,step_difference_norm,-0.36887755102040815,49,,fixed12 incoming/removal plus optional teacherbest evaluator augmentation; not full-neighborhood/unbiased population,,,correlated candidate rows; descriptive within-checkpoint ranking only
2007,late,4,<WORKSPACE>/Gaussian/A17/EXCHANGE_R1/results/object_2007_late,8b6ae019adc6227a1c90d1bb327c514b1a79631e0803834efb187b2f9b415f24,87b802fa63668f337f8ab5563faed5907a2fbbc8afe91916d542368a05106d7c,info_trace,-0.13459183673469385,49,,fixed12 incoming/removal plus optional teacherbest evaluator augmentation; not full-neighborhood/unbiased population,,,correlated candidate rows; descriptive within-checkpoint ranking only
2007,late,4,<WORKSPACE>/Gaussian/A17/EXCHANGE_R1/results/object_2007_late,8b6ae019adc6227a1c90d1bb327c514b1a79631e0803834efb187b2f9b415f24,87b802fa63668f337f8ab5563faed5907a2fbbc8afe91916d542368a05106d7c,info_effective_dim,0.32438775510204076,49,,fixed12 incoming/removal plus optional teacherbest evaluator augmentation; not full-neighborhood/unbiased population,,,correlated candidate rows; descriptive within-checkpoint ranking only
2007,late,4,<WORKSPACE>/Gaussian/A17/EXCHANGE_R1/results/object_2007_late,8b6ae019adc6227a1c90d1bb327c514b1a79631e0803834efb187b2f9b415f24,87b802fa63668f337f8ab5563faed5907a2fbbc8afe91916d542368a05106d7c,info_logdet_volume,0.4458163265306122,49,,fixed12 incoming/removal plus optional teacherbest evaluator augmentation; not full-neighborhood/unbiased population,,,correlated candidate rows; descriptive within-checkpoint ranking only
2007,late,4,<WORKSPACE>/Gaussian/A17/EXCHANGE_R1/results/object_2007_late,8b6ae019adc6227a1c90d1bb327c514b1a79631e0803834efb187b2f9b415f24,87b802fa63668f337f8ab5563faed5907a2fbbc8afe91916d542368a05106d7c,delta_info_trace,-0.13459183673469385,49,,fixed12 incoming/removal plus optional teacherbest evaluator augmentation; not full-neighborhood/unbiased population,,,correlated candidate rows; descriptive within-checkpoint ranking only
2007,late,4,<WORKSPACE>/Gaussian/A17/EXCHANGE_R1/results/object_2007_late,8b6ae019adc6227a1c90d1bb327c514b1a79631e0803834efb187b2f9b415f24,87b802fa63668f337f8ab5563faed5907a2fbbc8afe91916d542368a05106d7c,delta_effective_dim,0.32438775510204076,49,,fixed12 incoming/removal plus optional teacherbest evaluator augmentation; not full-neighborhood/unbiased population,,,correlated candidate rows; descriptive within-checkpoint ranking only
2007,late,4,<WORKSPACE>/Gaussian/A17/EXCHANGE_R1/results/object_2007_late,8b6ae019adc6227a1c90d1bb327c514b1a79631e0803834efb187b2f9b415f24,87b802fa63668f337f8ab5563faed5907a2fbbc8afe91916d542368a05106d7c,delta_logdet_volume,0.4458163265306122,49,,fixed12 incoming/removal plus optional teacherbest evaluator augmentation; not full-neighborhood/unbiased population,,,correlated candidate rows; descriptive within-checkpoint ranking only
2007,late,4,<WORKSPACE>/Gaussian/A17/EXCHANGE_R1/results/object_2007_late,8b6ae019adc6227a1c90d1bb327c514b1a79631e0803834efb187b2f9b415f24,87b802fa63668f337f8ab5563faed5907a2fbbc8afe91916d542368a05106d7c,delta_info_weak,0.17285714285714282,49,,fixed12 incoming/removal plus optional teacherbest evaluator augmentation; not full-neighborhood/unbiased population,,,correlated candidate rows; descriptive within-checkpoint ranking only
2007,late,4,<WORKSPACE>/Gaussian/A17/EXCHANGE_R1/results/object_2007_late,8b6ae019adc6227a1c90d1bb327c514b1a79631e0803834efb187b2f9b415f24,87b802fa63668f337f8ab5563faed5907a2fbbc8afe91916d542368a05106d7c,weak_task_score,0.12581632653061225,49,,fixed12 incoming/removal plus optional teacherbest evaluator augmentation; not full-neighborhood/unbiased population,,,correlated candidate rows; descriptive within-checkpoint ranking only
2007,late,4,<WORKSPACE>/Gaussian/A17/EXCHANGE_R1/results/object_2007_late,8b6ae019adc6227a1c90d1bb327c514b1a79631e0803834efb187b2f9b415f24,87b802fa63668f337f8ab5563faed5907a2fbbc8afe91916d542368a05106d7c,full_information_fidelity_spectral,0.014795918367346936,49,,fixed12 incoming/removal plus optional teacherbest evaluator augmentation; not full-neighborhood/unbiased population,False,,correlated candidate rows; descriptive within-checkpoint ranking only
2007,late,4,<WORKSPACE>/Gaussian/A17/EXCHANGE_R1/results/object_2007_late,8b6ae019adc6227a1c90d1bb327c514b1a79631e0803834efb187b2f9b415f24,87b802fa63668f337f8ab5563faed5907a2fbbc8afe91916d542368a05106d7c,projected_information_fidelity_spectral,,0,INSUFFICIENT_NONMISSING_PAIRS,fixed12 incoming/removal plus optional teacherbest evaluator augmentation; not full-neighborhood/unbiased population,False,,correlated candidate rows; descriptive within-checkpoint ranking only
2007,late,8,<WORKSPACE>/Gaussian/A17/EXCHANGE_R1/results/object_2007_late,8b6ae019adc6227a1c90d1bb327c514b1a79631e0803834efb187b2f9b415f24,87b802fa63668f337f8ab5563faed5907a2fbbc8afe91916d542368a05106d7c,receiver_score,0.23332632021880914,97,,fixed12 incoming/removal plus optional teacherbest evaluator augmentation; not full-neighborhood/unbiased population,,,correlated candidate rows; descriptive within-checkpoint ranking only
2007,late,8,<WORKSPACE>/Gaussian/A17/EXCHANGE_R1/results/object_2007_late,8b6ae019adc6227a1c90d1bb327c514b1a79631e0803834efb187b2f9b415f24,87b802fa63668f337f8ab5563faed5907a2fbbc8afe91916d542368a05106d7c,Qhat,0.9122527877130233,97,,fixed12 incoming/removal plus optional teacherbest evaluator augmentation; not full-neighborhood/unbiased population,,,correlated candidate rows; descriptive within-checkpoint ranking only
2007,late,8,<WORKSPACE>/Gaussian/A17/EXCHANGE_R1/results/object_2007_late,8b6ae019adc6227a1c90d1bb327c514b1a79631e0803834efb187b2f9b415f24,87b802fa63668f337f8ab5563faed5907a2fbbc8afe91916d542368a05106d7c,normal_rhs_difference_norm,0.0828161161371765,97,,fixed12 incoming/removal plus optional teacherbest evaluator augmentation; not full-neighborhood/unbiased population,,,correlated candidate rows; descriptive within-checkpoint ranking only
2007,late,8,<WORKSPACE>/Gaussian/A17/EXCHANGE_R1/results/object_2007_late,8b6ae019adc6227a1c90d1bb327c514b1a79631e0803834efb187b2f9b415f24,87b802fa63668f337f8ab5563faed5907a2fbbc8afe91916d542368a05106d7c,step_difference_norm,-0.36496686303387327,97,,fixed12 incoming/removal plus optional teacherbest evaluator augmentation; not full-neighborhood/unbiased population,,,correlated candidate rows; descriptive within-checkpoint ranking only
2007,late,8,<WORKSPACE>/Gaussian/A17/EXCHANGE_R1/results/object_2007_late,8b6ae019adc6227a1c90d1bb327c514b1a79631e0803834efb187b2f9b415f24,87b802fa63668f337f8ab5563faed5907a2fbbc8afe91916d542368a05106d7c,info_trace,0.1760993057016621,97,,fixed12 incoming/removal plus optional teacherbest evaluator augmentation; not full-neighborhood/unbiased population,,,correlated candidate rows; descriptive within-checkpoint ranking only
2007,late,8,<WORKSPACE>/Gaussian/A17/EXCHANGE_R1/results/object_2007_late,8b6ae019adc6227a1c90d1bb327c514b1a79631e0803834efb187b2f9b415f24,87b802fa63668f337f8ab5563faed5907a2fbbc8afe91916d542368a05106d7c,info_effective_dim,0.3137229118451504,97,,fixed12 incoming/removal plus optional teacherbest evaluator augmentation; not full-neighborhood/unbiased population,,,correlated candidate rows; descriptive within-checkpoint ranking only
2007,late,8,<WORKSPACE>/Gaussian/A17/EXCHANGE_R1/results/object_2007_late,8b6ae019adc6227a1c90d1bb327c514b1a79631e0803834efb187b2f9b415f24,87b802fa63668f337f8ab5563faed5907a2fbbc8afe91916d542368a05106d7c,info_logdet_volume,0.6446717862402693,97,,fixed12 incoming/removal plus optional teacherbest evaluator augmentation; not full-neighborhood/unbiased population,,,correlated candidate rows; descriptive within-checkpoint ranking only
2007,late,8,<WORKSPACE>/Gaussian/A17/EXCHANGE_R1/results/object_2007_late,8b6ae019adc6227a1c90d1bb327c514b1a79631e0803834efb187b2f9b415f24,87b802fa63668f337f8ab5563faed5907a2fbbc8afe91916d542368a05106d7c,delta_info_trace,0.1760993057016621,97,,fixed12 incoming/removal plus optional teacherbest evaluator augmentation; not full-neighborhood/unbiased population,,,correlated candidate rows; descriptive within-checkpoint ranking only
2007,late,8,<WORKSPACE>/Gaussian/A17/EXCHANGE_R1/results/object_2007_late,8b6ae019adc6227a1c90d1bb327c514b1a79631e0803834efb187b2f9b415f24,87b802fa63668f337f8ab5563faed5907a2fbbc8afe91916d542368a05106d7c,delta_effective_dim,0.3137229118451504,97,,fixed12 incoming/removal plus optional teacherbest evaluator augmentation; not full-neighborhood/unbiased population,,,correlated candidate rows; descriptive within-checkpoint ranking only
2007,late,8,<WORKSPACE>/Gaussian/A17/EXCHANGE_R1/results/object_2007_late,8b6ae019adc6227a1c90d1bb327c514b1a79631e0803834efb187b2f9b415f24,87b802fa63668f337f8ab5563faed5907a2fbbc8afe91916d542368a05106d7c,delta_logdet_volume,0.6446717862402693,97,,fixed12 incoming/removal plus optional teacherbest evaluator augmentation; not full-neighborhood/unbiased population,,,correlated candidate rows; descriptive within-checkpoint ranking only
2007,late,8,<WORKSPACE>/Gaussian/A17/EXCHANGE_R1/results/object_2007_late,8b6ae019adc6227a1c90d1bb327c514b1a79631e0803834efb187b2f9b415f24,87b802fa63668f337f8ab5563faed5907a2fbbc8afe91916d542368a05106d7c,delta_info_weak,0.21848043341047757,97,,fixed12 incoming/removal plus optional teacherbest evaluator augmentation; not full-neighborhood/unbiased population,,,correlated candidate rows; descriptive within-checkpoint ranking only
2007,late,8,<WORKSPACE>/Gaussian/A17/EXCHANGE_R1/results/object_2007_late,8b6ae019adc6227a1c90d1bb327c514b1a79631e0803834efb187b2f9b415f24,87b802fa63668f337f8ab5563faed5907a2fbbc8afe91916d542368a05106d7c,weak_task_score,0.21848043341047757,97,,fixed12 incoming/removal plus optional teacherbest evaluator augmentation; not full-neighborhood/unbiased population,,,correlated candidate rows; descriptive within-checkpoint ranking only
2007,late,8,<WORKSPACE>/Gaussian/A17/EXCHANGE_R1/results/object_2007_late,8b6ae019adc6227a1c90d1bb327c514b1a79631e0803834efb187b2f9b415f24,87b802fa63668f337f8ab5563faed5907a2fbbc8afe91916d542368a05106d7c,full_information_fidelity_spectral,-0.08531453818640858,97,,fixed12 incoming/removal plus optional teacherbest evaluator augmentation; not full-neighborhood/unbiased population,False,,correlated candidate rows; descriptive within-checkpoint ranking only
2007,late,8,<WORKSPACE>/Gaussian/A17/EXCHANGE_R1/results/object_2007_late,8b6ae019adc6227a1c90d1bb327c514b1a79631e0803834efb187b2f9b415f24,87b802fa63668f337f8ab5563faed5907a2fbbc8afe91916d542368a05106d7c,projected_information_fidelity_spectral,,0,INSUFFICIENT_NONMISSING_PAIRS,fixed12 incoming/removal plus optional teacherbest evaluator augmentation; not full-neighborhood/unbiased population,False,,correlated candidate rows; descriptive within-checkpoint ranking only
2007,late,16,<WORKSPACE>/Gaussian/A17/EXCHANGE_R1/results/object_2007_late,8b6ae019adc6227a1c90d1bb327c514b1a79631e0803834efb187b2f9b415f24,87b802fa63668f337f8ab5563faed5907a2fbbc8afe91916d542368a05106d7c,receiver_score,-0.33612487313711875,193,,fixed12 incoming/removal plus optional teacherbest evaluator augmentation; not full-neighborhood/unbiased population,,,correlated candidate rows; descriptive within-checkpoint ranking only
2007,late,16,<WORKSPACE>/Gaussian/A17/EXCHANGE_R1/results/object_2007_late,8b6ae019adc6227a1c90d1bb327c514b1a79631e0803834efb187b2f9b415f24,87b802fa63668f337f8ab5563faed5907a2fbbc8afe91916d542368a05106d7c,Qhat,0.48036629987714324,193,,fixed12 incoming/removal plus optional teacherbest evaluator augmentation; not full-neighborhood/unbiased population,,,correlated candidate rows; descriptive within-checkpoint ranking only
2007,late,16,<WORKSPACE>/Gaussian/A17/EXCHANGE_R1/results/object_2007_late,8b6ae019adc6227a1c90d1bb327c514b1a79631e0803834efb187b2f9b415f24,87b802fa63668f337f8ab5563faed5907a2fbbc8afe91916d542368a05106d7c,normal_rhs_difference_norm,0.40629840820468993,193,,fixed12 incoming/removal plus optional teacherbest evaluator augmentation; not full-neighborhood/unbiased population,,,correlated candidate rows; descriptive within-checkpoint ranking only
2007,late,16,<WORKSPACE>/Gaussian/A17/EXCHANGE_R1/results/object_2007_late,8b6ae019adc6227a1c90d1bb327c514b1a79631e0803834efb187b2f9b415f24,87b802fa63668f337f8ab5563faed5907a2fbbc8afe91916d542368a05106d7c,step_difference_norm,-0.12976737353773835,193,,fixed12 incoming/removal plus optional teacherbest evaluator augmentation; not full-neighborhood/unbiased population,,,correlated candidate rows; descriptive within-checkpoint ranking only
2007,late,16,<WORKSPACE>/Gaussian/A17/EXCHANGE_R1/results/object_2007_late,8b6ae019adc6227a1c90d1bb327c514b1a79631e0803834efb187b2f9b415f24,87b802fa63668f337f8ab5563faed5907a2fbbc8afe91916d542368a05106d7c,info_trace,-0.3207227178035361,193,,fixed12 incoming/removal plus optional teacherbest evaluator augmentation; not full-neighborhood/unbiased population,,,correlated candidate rows; descriptive within-checkpoint ranking only
2007,late,16,<WORKSPACE>/Gaussian/A17/EXCHANGE_R1/results/object_2007_late,8b6ae019adc6227a1c90d1bb327c514b1a79631e0803834efb187b2f9b415f24,87b802fa63668f337f8ab5563faed5907a2fbbc8afe91916d542368a05106d7c,info_effective_dim,0.13846916564286094,193,,fixed12 incoming/removal plus optional teacherbest evaluator augmentation; not full-neighborhood/unbiased population,,,correlated candidate rows; descriptive within-checkpoint ranking only
2007,late,16,<WORKSPACE>/Gaussian/A17/EXCHANGE_R1/results/object_2007_late,8b6ae019adc6227a1c90d1bb327c514b1a79631e0803834efb187b2f9b415f24,87b802fa63668f337f8ab5563faed5907a2fbbc8afe91916d542368a05106d7c,info_logdet_volume,0.2506626916297206,193,,fixed12 incoming/removal plus optional teacherbest evaluator augmentation; not full-neighborhood/unbiased population,,,correlated candidate rows; descriptive within-checkpoint ranking only
2007,late,16,<WORKSPACE>/Gaussian/A17/EXCHANGE_R1/results/object_2007_late,8b6ae019adc6227a1c90d1bb327c514b1a79631e0803834efb187b2f9b415f24,87b802fa63668f337f8ab5563faed5907a2fbbc8afe91916d542368a05106d7c,delta_info_trace,-0.3207227178035361,193,,fixed12 incoming/removal plus optional teacherbest evaluator augmentation; not full-neighborhood/unbiased population,,,correlated candidate rows; descriptive within-checkpoint ranking only
2007,late,16,<WORKSPACE>/Gaussian/A17/EXCHANGE_R1/results/object_2007_late,8b6ae019adc6227a1c90d1bb327c514b1a79631e0803834efb187b2f9b415f24,87b802fa63668f337f8ab5563faed5907a2fbbc8afe91916d542368a05106d7c,delta_effective_dim,0.13846916564286094,193,,fixed12 incoming/removal plus optional teacherbest evaluator augmentation; not full-neighborhood/unbiased population,,,correlated candidate rows; descriptive within-checkpoint ranking only
2007,late,16,<WORKSPACE>/Gaussian/A17/EXCHANGE_R1/results/object_2007_late,8b6ae019adc6227a1c90d1bb327c514b1a79631e0803834efb187b2f9b415f24,87b802fa63668f337f8ab5563faed5907a2fbbc8afe91916d542368a05106d7c,delta_logdet_volume,0.2506626916297206,193,,fixed12 incoming/removal plus optional teacherbest evaluator augmentation; not full-neighborhood/unbiased population,,,correlated candidate rows; descriptive within-checkpoint ranking only
2007,late,16,<WORKSPACE>/Gaussian/A17/EXCHANGE_R1/results/object_2007_late,8b6ae019adc6227a1c90d1bb327c514b1a79631e0803834efb187b2f9b415f24,87b802fa63668f337f8ab5563faed5907a2fbbc8afe91916d542368a05106d7c,delta_info_weak,-0.0019139015741773257,193,,fixed12 incoming/removal plus optional teacherbest evaluator augmentation; not full-neighborhood/unbiased population,,,correlated candidate rows; descriptive within-checkpoint ranking only
2007,late,16,<WORKSPACE>/Gaussian/A17/EXCHANGE_R1/results/object_2007_late,8b6ae019adc6227a1c90d1bb327c514b1a79631e0803834efb187b2f9b415f24,87b802fa63668f337f8ab5563faed5907a2fbbc8afe91916d542368a05106d7c,weak_task_score,0.05000400619625019,193,,fixed12 incoming/removal plus optional teacherbest evaluator augmentation; not full-neighborhood/unbiased population,,,correlated candidate rows; descriptive within-checkpoint ranking only
2007,late,16,<WORKSPACE>/Gaussian/A17/EXCHANGE_R1/results/object_2007_late,8b6ae019adc6227a1c90d1bb327c514b1a79631e0803834efb187b2f9b415f24,87b802fa63668f337f8ab5563faed5907a2fbbc8afe91916d542368a05106d7c,full_information_fidelity_spectral,-0.10197271780353613,193,,fixed12 incoming/removal plus optional teacherbest evaluator augmentation; not full-neighborhood/unbiased population,False,,correlated candidate rows; descriptive within-checkpoint ranking only
2007,late,16,<WORKSPACE>/Gaussian/A17/EXCHANGE_R1/results/object_2007_late,8b6ae019adc6227a1c90d1bb327c514b1a79631e0803834efb187b2f9b415f24,87b802fa63668f337f8ab5563faed5907a2fbbc8afe91916d542368a05106d7c,projected_information_fidelity_spectral,,0,INSUFFICIENT_NONMISSING_PAIRS,fixed12 incoming/removal plus optional teacherbest evaluator augmentation; not full-neighborhood/unbiased population,False,,correlated candidate rows; descriptive within-checkpoint ranking only
2007,middle,4,<WORKSPACE>/Gaussian/A17/EXCHANGE_R1/results/object_2007_middle,b21bb4739b29eb7a9609a3988b53c0feb3fd02e4cc8439d65a6ab1dcdbb7ea25,7c708621363a1f54816c3f30f0a5b9490c9fcb305df7cf817f3398432fe3c9bc,receiver_score,-0.17551020408163262,49,,fixed12 incoming/removal plus optional teacherbest evaluator augmentation; not full-neighborhood/unbiased population,,,correlated candidate rows; descriptive within-checkpoint ranking only
2007,middle,4,<WORKSPACE>/Gaussian/A17/EXCHANGE_R1/results/object_2007_middle,b21bb4739b29eb7a9609a3988b53c0feb3fd02e4cc8439d65a6ab1dcdbb7ea25,7c708621363a1f54816c3f30f0a5b9490c9fcb305df7cf817f3398432fe3c9bc,Qhat,0.9992857142857142,49,,fixed12 incoming/removal plus optional teacherbest evaluator augmentation; not full-neighborhood/unbiased population,,,correlated candidate rows; descriptive within-checkpoint ranking only
2007,middle,4,<WORKSPACE>/Gaussian/A17/EXCHANGE_R1/results/object_2007_middle,b21bb4739b29eb7a9609a3988b53c0feb3fd02e4cc8439d65a6ab1dcdbb7ea25,7c708621363a1f54816c3f30f0a5b9490c9fcb305df7cf817f3398432fe3c9bc,normal_rhs_difference_norm,0.7501020408163265,49,,fixed12 incoming/removal plus optional teacherbest evaluator augmentation; not full-neighborhood/unbiased population,,,correlated candidate rows; descriptive within-checkpoint ranking only
2007,middle,4,<WORKSPACE>/Gaussian/A17/EXCHANGE_R1/results/object_2007_middle,b21bb4739b29eb7a9609a3988b53c0feb3fd02e4cc8439d65a6ab1dcdbb7ea25,7c708621363a1f54816c3f30f0a5b9490c9fcb305df7cf817f3398432fe3c9bc,step_difference_norm,0.007857142857142856,49,,fixed12 incoming/removal plus optional teacherbest evaluator augmentation; not full-neighborhood/unbiased population,,,correlated candidate rows; descriptive within-checkpoint ranking only
2007,middle,4,<WORKSPACE>/Gaussian/A17/EXCHANGE_R1/results/object_2007_middle,b21bb4739b29eb7a9609a3988b53c0feb3fd02e4cc8439d65a6ab1dcdbb7ea25,7c708621363a1f54816c3f30f0a5b9490c9fcb305df7cf817f3398432fe3c9bc,info_trace,-0.13061224489795917,49,,fixed12 incoming/removal plus optional teacherbest evaluator augmentation; not full-neighborhood/unbiased population,,,correlated candidate rows; descriptive within-checkpoint ranking only
2007,middle,4,<WORKSPACE>/Gaussian/A17/EXCHANGE_R1/results/object_2007_middle,b21bb4739b29eb7a9609a3988b53c0feb3fd02e4cc8439d65a6ab1dcdbb7ea25,7c708621363a1f54816c3f30f0a5b9490c9fcb305df7cf817f3398432fe3c9bc,info_effective_dim,0.5616326530612245,49,,fixed12 incoming/removal plus optional teacherbest evaluator augmentation; not full-neighborhood/unbiased population,,,correlated candidate rows; descriptive within-checkpoint ranking only
2007,middle,4,<WORKSPACE>/Gaussian/A17/EXCHANGE_R1/results/object_2007_middle,b21bb4739b29eb7a9609a3988b53c0feb3fd02e4cc8439d65a6ab1dcdbb7ea25,7c708621363a1f54816c3f30f0a5b9490c9fcb305df7cf817f3398432fe3c9bc,info_logdet_volume,0.5219387755102041,49,,fixed12 incoming/removal plus optional teacherbest evaluator augmentation; not full-neighborhood/unbiased population,,,correlated candidate rows; descriptive within-checkpoint ranking only
2007,middle,4,<WORKSPACE>/Gaussian/A17/EXCHANGE_R1/results/object_2007_middle,b21bb4739b29eb7a9609a3988b53c0feb3fd02e4cc8439d65a6ab1dcdbb7ea25,7c708621363a1f54816c3f30f0a5b9490c9fcb305df7cf817f3398432fe3c9bc,delta_info_trace,-0.13061224489795917,49,,fixed12 incoming/removal plus optional teacherbest evaluator augmentation; not full-neighborhood/unbiased population,,,correlated candidate rows; descriptive within-checkpoint ranking only
2007,middle,4,<WORKSPACE>/Gaussian/A17/EXCHANGE_R1/results/object_2007_middle,b21bb4739b29eb7a9609a3988b53c0feb3fd02e4cc8439d65a6ab1dcdbb7ea25,7c708621363a1f54816c3f30f0a5b9490c9fcb305df7cf817f3398432fe3c9bc,delta_effective_dim,0.5616326530612245,49,,fixed12 incoming/removal plus optional teacherbest evaluator augmentation; not full-neighborhood/unbiased population,,,correlated candidate rows; descriptive within-checkpoint ranking only
2007,middle,4,<WORKSPACE>/Gaussian/A17/EXCHANGE_R1/results/object_2007_middle,b21bb4739b29eb7a9609a3988b53c0feb3fd02e4cc8439d65a6ab1dcdbb7ea25,7c708621363a1f54816c3f30f0a5b9490c9fcb305df7cf817f3398432fe3c9bc,delta_logdet_volume,0.5219387755102041,49,,fixed12 incoming/removal plus optional teacherbest evaluator augmentation; not full-neighborhood/unbiased population,,,correlated candidate rows; descriptive within-checkpoint ranking only
2007,middle,4,<WORKSPACE>/Gaussian/A17/EXCHANGE_R1/results/object_2007_middle,b21bb4739b29eb7a9609a3988b53c0feb3fd02e4cc8439d65a6ab1dcdbb7ea25,7c708621363a1f54816c3f30f0a5b9490c9fcb305df7cf817f3398432fe3c9bc,delta_info_weak,0.2101020408163265,49,,fixed12 incoming/removal plus optional teacherbest evaluator augmentation; not full-neighborhood/unbiased population,,,correlated candidate rows; descriptive within-checkpoint ranking only
2007,middle,4,<WORKSPACE>/Gaussian/A17/EXCHANGE_R1/results/object_2007_middle,b21bb4739b29eb7a9609a3988b53c0feb3fd02e4cc8439d65a6ab1dcdbb7ea25,7c708621363a1f54816c3f30f0a5b9490c9fcb305df7cf817f3398432fe3c9bc,weak_task_score,0.08959183673469386,49,,fixed12 incoming/removal plus optional teacherbest evaluator augmentation; not full-neighborhood/unbiased population,,,correlated candidate rows; descriptive within-checkpoint ranking only
2007,middle,4,<WORKSPACE>/Gaussian/A17/EXCHANGE_R1/results/object_2007_middle,b21bb4739b29eb7a9609a3988b53c0feb3fd02e4cc8439d65a6ab1dcdbb7ea25,7c708621363a1f54816c3f30f0a5b9490c9fcb305df7cf817f3398432fe3c9bc,full_information_fidelity_spectral,-0.28826530612244894,49,,fixed12 incoming/removal plus optional teacherbest evaluator augmentation; not full-neighborhood/unbiased population,False,,correlated candidate rows; descriptive within-checkpoint ranking only
2007,middle,4,<WORKSPACE>/Gaussian/A17/EXCHANGE_R1/results/object_2007_middle,b21bb4739b29eb7a9609a3988b53c0feb3fd02e4cc8439d65a6ab1dcdbb7ea25,7c708621363a1f54816c3f30f0a5b9490c9fcb305df7cf817f3398432fe3c9bc,projected_information_fidelity_spectral,,0,INSUFFICIENT_NONMISSING_PAIRS,fixed12 incoming/removal plus optional teacherbest evaluator augmentation; not full-neighborhood/unbiased population,False,,correlated candidate rows; descriptive within-checkpoint ranking only
2007,middle,8,<WORKSPACE>/Gaussian/A17/EXCHANGE_R1/results/object_2007_middle,b21bb4739b29eb7a9609a3988b53c0feb3fd02e4cc8439d65a6ab1dcdbb7ea25,7c708621363a1f54816c3f30f0a5b9490c9fcb305df7cf817f3398432fe3c9bc,receiver_score,0.44274668630338726,97,,fixed12 incoming/removal plus optional teacherbest evaluator augmentation; not full-neighborhood/unbiased population,,,correlated candidate rows; descriptive within-checkpoint ranking only
2007,middle,8,<WORKSPACE>/Gaussian/A17/EXCHANGE_R1/results/object_2007_middle,b21bb4739b29eb7a9609a3988b53c0feb3fd02e4cc8439d65a6ab1dcdbb7ea25,7c708621363a1f54816c3f30f0a5b9490c9fcb305df7cf817f3398432fe3c9bc,Qhat,0.9843125394487691,97,,fixed12 incoming/removal plus optional teacherbest evaluator augmentation; not full-neighborhood/unbiased population,,,correlated candidate rows; descriptive within-checkpoint ranking only
2007,middle,8,<WORKSPACE>/Gaussian/A17/EXCHANGE_R1/results/object_2007_middle,b21bb4739b29eb7a9609a3988b53c0feb3fd02e4cc8439d65a6ab1dcdbb7ea25,7c708621363a1f54816c3f30f0a5b9490c9fcb305df7cf817f3398432fe3c9bc,normal_rhs_difference_norm,-0.5736377025036818,97,,fixed12 incoming/removal plus optional teacherbest evaluator augmentation; not full-neighborhood/unbiased population,,,correlated candidate rows; descriptive within-checkpoint ranking only
2007,middle,8,<WORKSPACE>/Gaussian/A17/EXCHANGE_R1/results/object_2007_middle,b21bb4739b29eb7a9609a3988b53c0feb3fd02e4cc8439d65a6ab1dcdbb7ea25,7c708621363a1f54816c3f30f0a5b9490c9fcb305df7cf817f3398432fe3c9bc,step_difference_norm,-0.5704949505575425,97,,fixed12 incoming/removal plus optional teacherbest evaluator augmentation; not full-neighborhood/unbiased population,,,correlated candidate rows; descriptive within-checkpoint ranking only
2007,middle,8,<WORKSPACE>/Gaussian/A17/EXCHANGE_R1/results/object_2007_middle,b21bb4739b29eb7a9609a3988b53c0feb3fd02e4cc8439d65a6ab1dcdbb7ea25,7c708621363a1f54816c3f30f0a5b9490c9fcb305df7cf817f3398432fe3c9bc,info_trace,0.5491531664212076,97,,fixed12 incoming/removal plus optional teacherbest evaluator augmentation; not full-neighborhood/unbiased population,,,correlated candidate rows; descriptive within-checkpoint ranking only
2007,middle,8,<WORKSPACE>/Gaussian/A17/EXCHANGE_R1/results/object_2007_middle,b21bb4739b29eb7a9609a3988b53c0feb3fd02e4cc8439d65a6ab1dcdbb7ea25,7c708621363a1f54816c3f30f0a5b9490c9fcb305df7cf817f3398432fe3c9bc,info_effective_dim,0.018146433831264464,97,,fixed12 incoming/removal plus optional teacherbest evaluator augmentation; not full-neighborhood/unbiased population,,,correlated candidate rows; descriptive within-checkpoint ranking only
2007,middle,8,<WORKSPACE>/Gaussian/A17/EXCHANGE_R1/results/object_2007_middle,b21bb4739b29eb7a9609a3988b53c0feb3fd02e4cc8439d65a6ab1dcdbb7ea25,7c708621363a1f54816c3f30f0a5b9490c9fcb305df7cf817f3398432fe3c9bc,info_logdet_volume,0.21016989269934774,97,,fixed12 incoming/removal plus optional teacherbest evaluator augmentation; not full-neighborhood/unbiased population,,,correlated candidate rows; descriptive within-checkpoint ranking only
2007,middle,8,<WORKSPACE>/Gaussian/A17/EXCHANGE_R1/results/object_2007_middle,b21bb4739b29eb7a9609a3988b53c0feb3fd02e4cc8439d65a6ab1dcdbb7ea25,7c708621363a1f54816c3f30f0a5b9490c9fcb305df7cf817f3398432fe3c9bc,delta_info_trace,0.5491531664212076,97,,fixed12 incoming/removal plus optional teacherbest evaluator augmentation; not full-neighborhood/unbiased population,,,correlated candidate rows; descriptive within-checkpoint ranking only
2007,middle,8,<WORKSPACE>/Gaussian/A17/EXCHANGE_R1/results/object_2007_middle,b21bb4739b29eb7a9609a3988b53c0feb3fd02e4cc8439d65a6ab1dcdbb7ea25,7c708621363a1f54816c3f30f0a5b9490c9fcb305df7cf817f3398432fe3c9bc,delta_effective_dim,0.018146433831264464,97,,fixed12 incoming/removal plus optional teacherbest evaluator augmentation; not full-neighborhood/unbiased population,,,correlated candidate rows; descriptive within-checkpoint ranking only
2007,middle,8,<WORKSPACE>/Gaussian/A17/EXCHANGE_R1/results/object_2007_middle,b21bb4739b29eb7a9609a3988b53c0feb3fd02e4cc8439d65a6ab1dcdbb7ea25,7c708621363a1f54816c3f30f0a5b9490c9fcb305df7cf817f3398432fe3c9bc,delta_logdet_volume,0.21016989269934774,97,,fixed12 incoming/removal plus optional teacherbest evaluator augmentation; not full-neighborhood/unbiased population,,,correlated candidate rows; descriptive within-checkpoint ranking only
2007,middle,8,<WORKSPACE>/Gaussian/A17/EXCHANGE_R1/results/object_2007_middle,b21bb4739b29eb7a9609a3988b53c0feb3fd02e4cc8439d65a6ab1dcdbb7ea25,7c708621363a1f54816c3f30f0a5b9490c9fcb305df7cf817f3398432fe3c9bc,delta_info_weak,0.05011308647170208,97,,fixed12 incoming/removal plus optional teacherbest evaluator augmentation; not full-neighborhood/unbiased population,,,correlated candidate rows; descriptive within-checkpoint ranking only
2007,middle,8,<WORKSPACE>/Gaussian/A17/EXCHANGE_R1/results/object_2007_middle,b21bb4739b29eb7a9609a3988b53c0feb3fd02e4cc8439d65a6ab1dcdbb7ea25,7c708621363a1f54816c3f30f0a5b9490c9fcb305df7cf817f3398432fe3c9bc,weak_task_score,0.05011308647170208,97,,fixed12 incoming/removal plus optional teacherbest evaluator augmentation; not full-neighborhood/unbiased population,,,correlated candidate rows; descriptive within-checkpoint ranking only
2007,middle,8,<WORKSPACE>/Gaussian/A17/EXCHANGE_R1/results/object_2007_middle,b21bb4739b29eb7a9609a3988b53c0feb3fd02e4cc8439d65a6ab1dcdbb7ea25,7c708621363a1f54816c3f30f0a5b9490c9fcb305df7cf817f3398432fe3c9bc,full_information_fidelity_spectral,-0.09624184725436566,97,,fixed12 incoming/removal plus optional teacherbest evaluator augmentation; not full-neighborhood/unbiased population,False,,correlated candidate rows; descriptive within-checkpoint ranking only
2007,middle,8,<WORKSPACE>/Gaussian/A17/EXCHANGE_R1/results/object_2007_middle,b21bb4739b29eb7a9609a3988b53c0feb3fd02e4cc8439d65a6ab1dcdbb7ea25,7c708621363a1f54816c3f30f0a5b9490c9fcb305df7cf817f3398432fe3c9bc,projected_information_fidelity_spectral,,0,INSUFFICIENT_NONMISSING_PAIRS,fixed12 incoming/removal plus optional teacherbest evaluator augmentation; not full-neighborhood/unbiased population,False,,correlated candidate rows; descriptive within-checkpoint ranking only
2007,middle,16,<WORKSPACE>/Gaussian/A17/EXCHANGE_R1/results/object_2007_middle,b21bb4739b29eb7a9609a3988b53c0feb3fd02e4cc8439d65a6ab1dcdbb7ea25,7c708621363a1f54816c3f30f0a5b9490c9fcb305df7cf817f3398432fe3c9bc,receiver_score,-0.2404602451792105,193,,fixed12 incoming/removal plus optional teacherbest evaluator augmentation; not full-neighborhood/unbiased population,,,correlated candidate rows; descriptive within-checkpoint ranking only
2007,middle,16,<WORKSPACE>/Gaussian/A17/EXCHANGE_R1/results/object_2007_middle,b21bb4739b29eb7a9609a3988b53c0feb3fd02e4cc8439d65a6ab1dcdbb7ea25,7c708621363a1f54816c3f30f0a5b9490c9fcb305df7cf817f3398432fe3c9bc,Qhat,0.9116950884033972,193,,fixed12 incoming/removal plus optional teacherbest evaluator augmentation; not full-neighborhood/unbiased population,,,correlated candidate rows; descriptive within-checkpoint ranking only
2007,middle,16,<WORKSPACE>/Gaussian/A17/EXCHANGE_R1/results/object_2007_middle,b21bb4739b29eb7a9609a3988b53c0feb3fd02e4cc8439d65a6ab1dcdbb7ea25,7c708621363a1f54816c3f30f0a5b9490c9fcb305df7cf817f3398432fe3c9bc,normal_rhs_difference_norm,0.11682902889802894,193,,fixed12 incoming/removal plus optional teacherbest evaluator augmentation; not full-neighborhood/unbiased population,,,correlated candidate rows; descriptive within-checkpoint ranking only
2007,middle,16,<WORKSPACE>/Gaussian/A17/EXCHANGE_R1/results/object_2007_middle,b21bb4739b29eb7a9609a3988b53c0feb3fd02e4cc8439d65a6ab1dcdbb7ea25,7c708621363a1f54816c3f30f0a5b9490c9fcb305df7cf817f3398432fe3c9bc,step_difference_norm,-0.18715279632498263,193,,fixed12 incoming/removal plus optional teacherbest evaluator augmentation; not full-neighborhood/unbiased population,,,correlated candidate rows; descriptive within-checkpoint ranking only
2007,middle,16,<WORKSPACE>/Gaussian/A17/EXCHANGE_R1/results/object_2007_middle,b21bb4739b29eb7a9609a3988b53c0feb3fd02e4cc8439d65a6ab1dcdbb7ea25,7c708621363a1f54816c3f30f0a5b9490c9fcb305df7cf817f3398432fe3c9bc,info_trace,-0.25064432989690716,193,,fixed12 incoming/removal plus optional teacherbest evaluator augmentation; not full-neighborhood/unbiased population,,,correlated candidate rows; descriptive within-checkpoint ranking only
2007,middle,16,<WORKSPACE>/Gaussian/A17/EXCHANGE_R1/results/object_2007_middle,b21bb4739b29eb7a9609a3988b53c0feb3fd02e4cc8439d65a6ab1dcdbb7ea25,7c708621363a1f54816c3f30f0a5b9490c9fcb305df7cf817f3398432fe3c9bc,info_effective_dim,0.15762546071256878,193,,fixed12 incoming/removal plus optional teacherbest evaluator augmentation; not full-neighborhood/unbiased population,,,correlated candidate rows; descriptive within-checkpoint ranking only
2007,middle,16,<WORKSPACE>/Gaussian/A17/EXCHANGE_R1/results/object_2007_middle,b21bb4739b29eb7a9609a3988b53c0feb3fd02e4cc8439d65a6ab1dcdbb7ea25,7c708621363a1f54816c3f30f0a5b9490c9fcb305df7cf817f3398432fe3c9bc,info_logdet_volume,0.21938264515784411,193,,fixed12 incoming/removal plus optional teacherbest evaluator augmentation; not full-neighborhood/unbiased population,,,correlated candidate rows; descriptive within-checkpoint ranking only
2007,middle,16,<WORKSPACE>/Gaussian/A17/EXCHANGE_R1/results/object_2007_middle,b21bb4739b29eb7a9609a3988b53c0feb3fd02e4cc8439d65a6ab1dcdbb7ea25,7c708621363a1f54816c3f30f0a5b9490c9fcb305df7cf817f3398432fe3c9bc,delta_info_trace,-0.25064432989690716,193,,fixed12 incoming/removal plus optional teacherbest evaluator augmentation; not full-neighborhood/unbiased population,,,correlated candidate rows; descriptive within-checkpoint ranking only
2007,middle,16,<WORKSPACE>/Gaussian/A17/EXCHANGE_R1/results/object_2007_middle,b21bb4739b29eb7a9609a3988b53c0feb3fd02e4cc8439d65a6ab1dcdbb7ea25,7c708621363a1f54816c3f30f0a5b9490c9fcb305df7cf817f3398432fe3c9bc,delta_effective_dim,0.15762546071256878,193,,fixed12 incoming/removal plus optional teacherbest evaluator augmentation; not full-neighborhood/unbiased population,,,correlated candidate rows; descriptive within-checkpoint ranking only
2007,middle,16,<WORKSPACE>/Gaussian/A17/EXCHANGE_R1/results/object_2007_middle,b21bb4739b29eb7a9609a3988b53c0feb3fd02e4cc8439d65a6ab1dcdbb7ea25,7c708621363a1f54816c3f30f0a5b9490c9fcb305df7cf817f3398432fe3c9bc,delta_logdet_volume,0.21938264515784411,193,,fixed12 incoming/removal plus optional teacherbest evaluator augmentation; not full-neighborhood/unbiased population,,,correlated candidate rows; descriptive within-checkpoint ranking only
2007,middle,16,<WORKSPACE>/Gaussian/A17/EXCHANGE_R1/results/object_2007_middle,b21bb4739b29eb7a9609a3988b53c0feb3fd02e4cc8439d65a6ab1dcdbb7ea25,7c708621363a1f54816c3f30f0a5b9490c9fcb305df7cf817f3398432fe3c9bc,delta_info_weak,-0.02210706659702828,193,,fixed12 incoming/removal plus optional teacherbest evaluator augmentation; not full-neighborhood/unbiased population,,,correlated candidate rows; descriptive within-checkpoint ranking only
2007,middle,16,<WORKSPACE>/Gaussian/A17/EXCHANGE_R1/results/object_2007_middle,b21bb4739b29eb7a9609a3988b53c0feb3fd02e4cc8439d65a6ab1dcdbb7ea25,7c708621363a1f54816c3f30f0a5b9490c9fcb305df7cf817f3398432fe3c9bc,weak_task_score,0.03589217990491961,193,,fixed12 incoming/removal plus optional teacherbest evaluator augmentation; not full-neighborhood/unbiased population,,,correlated candidate rows; descriptive within-checkpoint ranking only
2007,middle,16,<WORKSPACE>/Gaussian/A17/EXCHANGE_R1/results/object_2007_middle,b21bb4739b29eb7a9609a3988b53c0feb3fd02e4cc8439d65a6ab1dcdbb7ea25,7c708621363a1f54816c3f30f0a5b9490c9fcb305df7cf817f3398432fe3c9bc,full_information_fidelity_spectral,0.15420350141552266,193,,fixed12 incoming/removal plus optional teacherbest evaluator augmentation; not full-neighborhood/unbiased population,False,,correlated candidate rows; descriptive within-checkpoint ranking only
2007,middle,16,<WORKSPACE>/Gaussian/A17/EXCHANGE_R1/results/object_2007_middle,b21bb4739b29eb7a9609a3988b53c0feb3fd02e4cc8439d65a6ab1dcdbb7ea25,7c708621363a1f54816c3f30f0a5b9490c9fcb305df7cf817f3398432fe3c9bc,projected_information_fidelity_spectral,,0,INSUFFICIENT_NONMISSING_PAIRS,fixed12 incoming/removal plus optional teacherbest evaluator augmentation; not full-neighborhood/unbiased population,False,,correlated candidate rows; descriptive within-checkpoint ranking only
2012,early,4,<WORKSPACE>/Gaussian/A17/EXCHANGE_R1/results/object_2012_early,25387349f2beb0f96d242ca9b954a62e6bfcc22e30747f954ca70f472e65a2bd,1b8d28c9a325e4528b333f93c4eb260b516b3016d9e8c823bf68a33812c2279c,receiver_score,-0.5972644376899696,48,,fixed12 incoming/removal plus optional teacherbest evaluator augmentation; not full-neighborhood/unbiased population,,,correlated candidate rows; descriptive within-checkpoint ranking only
2012,early,4,<WORKSPACE>/Gaussian/A17/EXCHANGE_R1/results/object_2012_early,25387349f2beb0f96d242ca9b954a62e6bfcc22e30747f954ca70f472e65a2bd,1b8d28c9a325e4528b333f93c4eb260b516b3016d9e8c823bf68a33812c2279c,Qhat,0.9995657837603126,48,,fixed12 incoming/removal plus optional teacherbest evaluator augmentation; not full-neighborhood/unbiased population,,,correlated candidate rows; descriptive within-checkpoint ranking only
2012,early,4,<WORKSPACE>/Gaussian/A17/EXCHANGE_R1/results/object_2012_early,25387349f2beb0f96d242ca9b954a62e6bfcc22e30747f954ca70f472e65a2bd,1b8d28c9a325e4528b333f93c4eb260b516b3016d9e8c823bf68a33812c2279c,normal_rhs_difference_norm,0.467216673903604,48,,fixed12 incoming/removal plus optional teacherbest evaluator augmentation; not full-neighborhood/unbiased population,,,correlated candidate rows; descriptive within-checkpoint ranking only
2012,early,4,<WORKSPACE>/Gaussian/A17/EXCHANGE_R1/results/object_2012_early,25387349f2beb0f96d242ca9b954a62e6bfcc22e30747f954ca70f472e65a2bd,1b8d28c9a325e4528b333f93c4eb260b516b3016d9e8c823bf68a33812c2279c,step_difference_norm,-0.6376465479808945,48,,fixed12 incoming/removal plus optional teacherbest evaluator augmentation; not full-neighborhood/unbiased population,,,correlated candidate rows; descriptive within-checkpoint ranking only
2012,early,4,<WORKSPACE>/Gaussian/A17/EXCHANGE_R1/results/object_2012_early,25387349f2beb0f96d242ca9b954a62e6bfcc22e30747f954ca70f472e65a2bd,1b8d28c9a325e4528b333f93c4eb260b516b3016d9e8c823bf68a33812c2279c,info_trace,-0.0827181936604429,48,,fixed12 incoming/removal plus optional teacherbest evaluator augmentation; not full-neighborhood/unbiased population,,,correlated candidate rows; descriptive within-checkpoint ranking only
2012,early,4,<WORKSPACE>/Gaussian/A17/EXCHANGE_R1/results/object_2012_early,25387349f2beb0f96d242ca9b954a62e6bfcc22e30747f954ca70f472e65a2bd,1b8d28c9a325e4528b333f93c4eb260b516b3016d9e8c823bf68a33812c2279c,info_effective_dim,0.1223404255319149,48,,fixed12 incoming/removal plus optional teacherbest evaluator augmentation; not full-neighborhood/unbiased population,,,correlated candidate rows; descriptive within-checkpoint ranking only
2012,early,4,<WORKSPACE>/Gaussian/A17/EXCHANGE_R1/results/object_2012_early,25387349f2beb0f96d242ca9b954a62e6bfcc22e30747f954ca70f472e65a2bd,1b8d28c9a325e4528b333f93c4eb260b516b3016d9e8c823bf68a33812c2279c,info_logdet_volume,-0.10486322188449848,48,,fixed12 incoming/removal plus optional teacherbest evaluator augmentation; not full-neighborhood/unbiased population,,,correlated candidate rows; descriptive within-checkpoint ranking only
2012,early,4,<WORKSPACE>/Gaussian/A17/EXCHANGE_R1/results/object_2012_early,25387349f2beb0f96d242ca9b954a62e6bfcc22e30747f954ca70f472e65a2bd,1b8d28c9a325e4528b333f93c4eb260b516b3016d9e8c823bf68a33812c2279c,delta_info_trace,-0.0827181936604429,48,,fixed12 incoming/removal plus optional teacherbest evaluator augmentation; not full-neighborhood/unbiased population,,,correlated candidate rows; descriptive within-checkpoint ranking only
2012,early,4,<WORKSPACE>/Gaussian/A17/EXCHANGE_R1/results/object_2012_early,25387349f2beb0f96d242ca9b954a62e6bfcc22e30747f954ca70f472e65a2bd,1b8d28c9a325e4528b333f93c4eb260b516b3016d9e8c823bf68a33812c2279c,delta_effective_dim,0.1223404255319149,48,,fixed12 incoming/removal plus optional teacherbest evaluator augmentation; not full-neighborhood/unbiased population,,,correlated candidate rows; descriptive within-checkpoint ranking only
2012,early,4,<WORKSPACE>/Gaussian/A17/EXCHANGE_R1/results/object_2012_early,25387349f2beb0f96d242ca9b954a62e6bfcc22e30747f954ca70f472e65a2bd,1b8d28c9a325e4528b333f93c4eb260b516b3016d9e8c823bf68a33812c2279c,delta_logdet_volume,-0.10486322188449848,48,,fixed12 incoming/removal plus optional teacherbest evaluator augmentation; not full-neighborhood/unbiased population,,,correlated candidate rows; descriptive within-checkpoint ranking only
2012,early,4,<WORKSPACE>/Gaussian/A17/EXCHANGE_R1/results/object_2012_early,25387349f2beb0f96d242ca9b954a62e6bfcc22e30747f954ca70f472e65a2bd,1b8d28c9a325e4528b333f93c4eb260b516b3016d9e8c823bf68a33812c2279c,delta_info_weak,-0.2811550151975684,48,,fixed12 incoming/removal plus optional teacherbest evaluator augmentation; not full-neighborhood/unbiased population,,,correlated candidate rows; descriptive within-checkpoint ranking only
2012,early,4,<WORKSPACE>/Gaussian/A17/EXCHANGE_R1/results/object_2012_early,25387349f2beb0f96d242ca9b954a62e6bfcc22e30747f954ca70f472e65a2bd,1b8d28c9a325e4528b333f93c4eb260b516b3016d9e8c823bf68a33812c2279c,weak_task_score,-0.3664785062961355,48,,fixed12 incoming/removal plus optional teacherbest evaluator augmentation; not full-neighborhood/unbiased population,,,correlated candidate rows; descriptive within-checkpoint ranking only
2012,early,4,<WORKSPACE>/Gaussian/A17/EXCHANGE_R1/results/object_2012_early,25387349f2beb0f96d242ca9b954a62e6bfcc22e30747f954ca70f472e65a2bd,1b8d28c9a325e4528b333f93c4eb260b516b3016d9e8c823bf68a33812c2279c,full_information_fidelity_spectral,,0,INSUFFICIENT_NONMISSING_PAIRS,fixed12 incoming/removal plus optional teacherbest evaluator augmentation; not full-neighborhood/unbiased population,False,,correlated candidate rows; descriptive within-checkpoint ranking only
2012,early,4,<WORKSPACE>/Gaussian/A17/EXCHANGE_R1/results/object_2012_early,25387349f2beb0f96d242ca9b954a62e6bfcc22e30747f954ca70f472e65a2bd,1b8d28c9a325e4528b333f93c4eb260b516b3016d9e8c823bf68a33812c2279c,projected_information_fidelity_spectral,-0.28180633955709944,48,,fixed12 incoming/removal plus optional teacherbest evaluator augmentation; not full-neighborhood/unbiased population,False,,correlated candidate rows; descriptive within-checkpoint ranking only
2012,early,8,<WORKSPACE>/Gaussian/A17/EXCHANGE_R1/results/object_2012_early,25387349f2beb0f96d242ca9b954a62e6bfcc22e30747f954ca70f472e65a2bd,1b8d28c9a325e4528b333f93c4eb260b516b3016d9e8c823bf68a33812c2279c,receiver_score,-0.21429886387544705,97,,fixed12 incoming/removal plus optional teacherbest evaluator augmentation; not full-neighborhood/unbiased population,,,correlated candidate rows; descriptive within-checkpoint ranking only
2012,early,8,<WORKSPACE>/Gaussian/A17/EXCHANGE_R1/results/object_2012_early,25387349f2beb0f96d242ca9b954a62e6bfcc22e30747f954ca70f472e65a2bd,1b8d28c9a325e4528b333f93c4eb260b516b3016d9e8c823bf68a33812c2279c,Qhat,0.9966468546181357,97,,fixed12 incoming/removal plus optional teacherbest evaluator augmentation; not full-neighborhood/unbiased population,,,correlated candidate rows; descriptive within-checkpoint ranking only
2012,early,8,<WORKSPACE>/Gaussian/A17/EXCHANGE_R1/results/object_2012_early,25387349f2beb0f96d242ca9b954a62e6bfcc22e30747f954ca70f472e65a2bd,1b8d28c9a325e4528b333f93c4eb260b516b3016d9e8c823bf68a33812c2279c,normal_rhs_difference_norm,-0.3909767515253524,97,,fixed12 incoming/removal plus optional teacherbest evaluator augmentation; not full-neighborhood/unbiased population,,,correlated candidate rows; descriptive within-checkpoint ranking only
2012,early,8,<WORKSPACE>/Gaussian/A17/EXCHANGE_R1/results/object_2012_early,25387349f2beb0f96d242ca9b954a62e6bfcc22e30747f954ca70f472e65a2bd,1b8d28c9a325e4528b333f93c4eb260b516b3016d9e8c823bf68a33812c2279c,step_difference_norm,-0.9315563854407742,97,,fixed12 incoming/removal plus optional teacherbest evaluator augmentation; not full-neighborhood/unbiased population,,,correlated candidate rows; descriptive within-checkpoint ranking only
2012,early,8,<WORKSPACE>/Gaussian/A17/EXCHANGE_R1/results/object_2012_early,25387349f2beb0f96d242ca9b954a62e6bfcc22e30747f954ca70f472e65a2bd,1b8d28c9a325e4528b333f93c4eb260b516b3016d9e8c823bf68a33812c2279c,info_trace,0.10839206816747315,97,,fixed12 incoming/removal plus optional teacherbest evaluator augmentation; not full-neighborhood/unbiased population,,,correlated candidate rows; descriptive within-checkpoint ranking only
2012,early,8,<WORKSPACE>/Gaussian/A17/EXCHANGE_R1/results/object_2012_early,25387349f2beb0f96d242ca9b954a62e6bfcc22e30747f954ca70f472e65a2bd,1b8d28c9a325e4528b333f93c4eb260b516b3016d9e8c823bf68a33812c2279c,info_effective_dim,-0.3355249316221333,97,,fixed12 incoming/removal plus optional teacherbest evaluator augmentation; not full-neighborhood/unbiased population,,,correlated candidate rows; descriptive within-checkpoint ranking only
2012,early,8,<WORKSPACE>/Gaussian/A17/EXCHANGE_R1/results/object_2012_early,25387349f2beb0f96d242ca9b954a62e6bfcc22e30747f954ca70f472e65a2bd,1b8d28c9a325e4528b333f93c4eb260b516b3016d9e8c823bf68a33812c2279c,info_logdet_volume,-0.511190300862613,97,,fixed12 incoming/removal plus optional teacherbest evaluator augmentation; not full-neighborhood/unbiased population,,,correlated candidate rows; descriptive within-checkpoint ranking only
2012,early,8,<WORKSPACE>/Gaussian/A17/EXCHANGE_R1/results/object_2012_early,25387349f2beb0f96d242ca9b954a62e6bfcc22e30747f954ca70f472e65a2bd,1b8d28c9a325e4528b333f93c4eb260b516b3016d9e8c823bf68a33812c2279c,delta_info_trace,0.10839206816747315,97,,fixed12 incoming/removal plus optional teacherbest evaluator augmentation; not full-neighborhood/unbiased population,,,correlated candidate rows; descriptive within-checkpoint ranking only
2012,early,8,<WORKSPACE>/Gaussian/A17/EXCHANGE_R1/results/object_2012_early,25387349f2beb0f96d242ca9b954a62e6bfcc22e30747f954ca70f472e65a2bd,1b8d28c9a325e4528b333f93c4eb260b516b3016d9e8c823bf68a33812c2279c,delta_effective_dim,-0.3355249316221333,97,,fixed12 incoming/removal plus optional teacherbest evaluator augmentation; not full-neighborhood/unbiased population,,,correlated candidate rows; descriptive within-checkpoint ranking only
2012,early,8,<WORKSPACE>/Gaussian/A17/EXCHANGE_R1/results/object_2012_early,25387349f2beb0f96d242ca9b954a62e6bfcc22e30747f954ca70f472e65a2bd,1b8d28c9a325e4528b333f93c4eb260b516b3016d9e8c823bf68a33812c2279c,delta_logdet_volume,-0.511190300862613,97,,fixed12 incoming/removal plus optional teacherbest evaluator augmentation; not full-neighborhood/unbiased population,,,correlated candidate rows; descriptive within-checkpoint ranking only
2012,early,8,<WORKSPACE>/Gaussian/A17/EXCHANGE_R1/results/object_2012_early,25387349f2beb0f96d242ca9b954a62e6bfcc22e30747f954ca70f472e65a2bd,1b8d28c9a325e4528b333f93c4eb260b516b3016d9e8c823bf68a33812c2279c,delta_info_weak,-0.6146512728802861,97,,fixed12 incoming/removal plus optional teacherbest evaluator augmentation; not full-neighborhood/unbiased population,,,correlated candidate rows; descriptive within-checkpoint ranking only
2012,early,8,<WORKSPACE>/Gaussian/A17/EXCHANGE_R1/results/object_2012_early,25387349f2beb0f96d242ca9b954a62e6bfcc22e30747f954ca70f472e65a2bd,1b8d28c9a325e4528b333f93c4eb260b516b3016d9e8c823bf68a33812c2279c,weak_task_score,-0.6620160950978329,97,,fixed12 incoming/removal plus optional teacherbest evaluator augmentation; not full-neighborhood/unbiased population,,,correlated candidate rows; descriptive within-checkpoint ranking only
2012,early,8,<WORKSPACE>/Gaussian/A17/EXCHANGE_R1/results/object_2012_early,25387349f2beb0f96d242ca9b954a62e6bfcc22e30747f954ca70f472e65a2bd,1b8d28c9a325e4528b333f93c4eb260b516b3016d9e8c823bf68a33812c2279c,full_information_fidelity_spectral,,0,INSUFFICIENT_NONMISSING_PAIRS,fixed12 incoming/removal plus optional teacherbest evaluator augmentation; not full-neighborhood/unbiased population,False,,correlated candidate rows; descriptive within-checkpoint ranking only
2012,early,8,<WORKSPACE>/Gaussian/A17/EXCHANGE_R1/results/object_2012_early,25387349f2beb0f96d242ca9b954a62e6bfcc22e30747f954ca70f472e65a2bd,1b8d28c9a325e4528b333f93c4eb260b516b3016d9e8c823bf68a33812c2279c,projected_information_fidelity_spectral,0.4544498211655796,97,,fixed12 incoming/removal plus optional teacherbest evaluator augmentation; not full-neighborhood/unbiased population,False,,correlated candidate rows; descriptive within-checkpoint ranking only
2012,early,16,<WORKSPACE>/Gaussian/A17/EXCHANGE_R1/results/object_2012_early,25387349f2beb0f96d242ca9b954a62e6bfcc22e30747f954ca70f472e65a2bd,1b8d28c9a325e4528b333f93c4eb260b516b3016d9e8c823bf68a33812c2279c,receiver_score,-0.1365144757224507,193,,fixed12 incoming/removal plus optional teacherbest evaluator augmentation; not full-neighborhood/unbiased population,,,correlated candidate rows; descriptive within-checkpoint ranking only
2012,early,16,<WORKSPACE>/Gaussian/A17/EXCHANGE_R1/results/object_2012_early,25387349f2beb0f96d242ca9b954a62e6bfcc22e30747f954ca70f472e65a2bd,1b8d28c9a325e4528b333f93c4eb260b516b3016d9e8c823bf68a33812c2279c,Qhat,0.9472467416270498,193,,fixed12 incoming/removal plus optional teacherbest evaluator augmentation; not full-neighborhood/unbiased population,,,correlated candidate rows; descriptive within-checkpoint ranking only
2012,early,16,<WORKSPACE>/Gaussian/A17/EXCHANGE_R1/results/object_2012_early,25387349f2beb0f96d242ca9b954a62e6bfcc22e30747f954ca70f472e65a2bd,1b8d28c9a325e4528b333f93c4eb260b516b3016d9e8c823bf68a33812c2279c,normal_rhs_difference_norm,-0.0833522514822926,193,,fixed12 incoming/removal plus optional teacherbest evaluator augmentation; not full-neighborhood/unbiased population,,,correlated candidate rows; descriptive within-checkpoint ranking only
2012,early,16,<WORKSPACE>/Gaussian/A17/EXCHANGE_R1/results/object_2012_early,25387349f2beb0f96d242ca9b954a62e6bfcc22e30747f954ca70f472e65a2bd,1b8d28c9a325e4528b333f93c4eb260b516b3016d9e8c823bf68a33812c2279c,step_difference_norm,-0.632321323647241,193,,fixed12 incoming/removal plus optional teacherbest evaluator augmentation; not full-neighborhood/unbiased population,,,correlated candidate rows; descriptive within-checkpoint ranking only
2012,early,16,<WORKSPACE>/Gaussian/A17/EXCHANGE_R1/results/object_2012_early,25387349f2beb0f96d242ca9b954a62e6bfcc22e30747f954ca70f472e65a2bd,1b8d28c9a325e4528b333f93c4eb260b516b3016d9e8c823bf68a33812c2279c,info_trace,-0.08113548955718178,193,,fixed12 incoming/removal plus optional teacherbest evaluator augmentation; not full-neighborhood/unbiased population,,,correlated candidate rows; descriptive within-checkpoint ranking only
2012,early,16,<WORKSPACE>/Gaussian/A17/EXCHANGE_R1/results/object_2012_early,25387349f2beb0f96d242ca9b954a62e6bfcc22e30747f954ca70f472e65a2bd,1b8d28c9a325e4528b333f93c4eb260b516b3016d9e8c823bf68a33812c2279c,info_effective_dim,-0.40567077079215846,193,,fixed12 incoming/removal plus optional teacherbest evaluator augmentation; not full-neighborhood/unbiased population,,,correlated candidate rows; descriptive within-checkpoint ranking only
2012,early,16,<WORKSPACE>/Gaussian/A17/EXCHANGE_R1/results/object_2012_early,25387349f2beb0f96d242ca9b954a62e6bfcc22e30747f954ca70f472e65a2bd,1b8d28c9a325e4528b333f93c4eb260b516b3016d9e8c823bf68a33812c2279c,info_logdet_volume,-0.5726557074942578,193,,fixed12 incoming/removal plus optional teacherbest evaluator augmentation; not full-neighborhood/unbiased population,,,correlated candidate rows; descriptive within-checkpoint ranking only
2012,early,16,<WORKSPACE>/Gaussian/A17/EXCHANGE_R1/results/object_2012_early,25387349f2beb0f96d242ca9b954a62e6bfcc22e30747f954ca70f472e65a2bd,1b8d28c9a325e4528b333f93c4eb260b516b3016d9e8c823bf68a33812c2279c,delta_info_trace,-0.08113548955718178,193,,fixed12 incoming/removal plus optional teacherbest evaluator augmentation; not full-neighborhood/unbiased population,,,correlated candidate rows; descriptive within-checkpoint ranking only
2012,early,16,<WORKSPACE>/Gaussian/A17/EXCHANGE_R1/results/object_2012_early,25387349f2beb0f96d242ca9b954a62e6bfcc22e30747f954ca70f472e65a2bd,1b8d28c9a325e4528b333f93c4eb260b516b3016d9e8c823bf68a33812c2279c,delta_effective_dim,-0.40567077079215846,193,,fixed12 incoming/removal plus optional teacherbest evaluator augmentation; not full-neighborhood/unbiased population,,,correlated candidate rows; descriptive within-checkpoint ranking only
2012,early,16,<WORKSPACE>/Gaussian/A17/EXCHANGE_R1/results/object_2012_early,25387349f2beb0f96d242ca9b954a62e6bfcc22e30747f954ca70f472e65a2bd,1b8d28c9a325e4528b333f93c4eb260b516b3016d9e8c823bf68a33812c2279c,delta_logdet_volume,-0.5726557074942578,193,,fixed12 incoming/removal plus optional teacherbest evaluator augmentation; not full-neighborhood/unbiased population,,,correlated candidate rows; descriptive within-checkpoint ranking only
2012,early,16,<WORKSPACE>/Gaussian/A17/EXCHANGE_R1/results/object_2012_early,25387349f2beb0f96d242ca9b954a62e6bfcc22e30747f954ca70f472e65a2bd,1b8d28c9a325e4528b333f93c4eb260b516b3016d9e8c823bf68a33812c2279c,delta_info_weak,-0.5399267533785588,193,,fixed12 incoming/removal plus optional teacherbest evaluator augmentation; not full-neighborhood/unbiased population,,,correlated candidate rows; descriptive within-checkpoint ranking only
2012,early,16,<WORKSPACE>/Gaussian/A17/EXCHANGE_R1/results/object_2012_early,25387349f2beb0f96d242ca9b954a62e6bfcc22e30747f954ca70f472e65a2bd,1b8d28c9a325e4528b333f93c4eb260b516b3016d9e8c823bf68a33812c2279c,weak_task_score,-0.5039444340580097,193,,fixed12 incoming/removal plus optional teacherbest evaluator augmentation; not full-neighborhood/unbiased population,,,correlated candidate rows; descriptive within-checkpoint ranking only
2012,early,16,<WORKSPACE>/Gaussian/A17/EXCHANGE_R1/results/object_2012_early,25387349f2beb0f96d242ca9b954a62e6bfcc22e30747f954ca70f472e65a2bd,1b8d28c9a325e4528b333f93c4eb260b516b3016d9e8c823bf68a33812c2279c,full_information_fidelity_spectral,,0,INSUFFICIENT_NONMISSING_PAIRS,fixed12 incoming/removal plus optional teacherbest evaluator augmentation; not full-neighborhood/unbiased population,False,,correlated candidate rows; descriptive within-checkpoint ranking only
2012,early,16,<WORKSPACE>/Gaussian/A17/EXCHANGE_R1/results/object_2012_early,25387349f2beb0f96d242ca9b954a62e6bfcc22e30747f954ca70f472e65a2bd,1b8d28c9a325e4528b333f93c4eb260b516b3016d9e8c823bf68a33812c2279c,projected_information_fidelity_spectral,-0.044388654452219435,193,,fixed12 incoming/removal plus optional teacherbest evaluator augmentation; not full-neighborhood/unbiased population,False,,correlated candidate rows; descriptive within-checkpoint ranking only
2012,late,4,<WORKSPACE>/Gaussian/A17/EXCHANGE_R1/results/object_2012_late,8d23d77df9571531f26acc45ca51dc73068ce28f1180c843477c23bfd995499f,45c6c90baceeac68f1272dbe8de7256e3e0f9523cc12d68b0407332c6d5d0241,receiver_score,-0.24766042780748665,33,,fixed12 incoming/removal plus optional teacherbest evaluator augmentation; not full-neighborhood/unbiased population,,,correlated candidate rows; descriptive within-checkpoint ranking only
2012,late,4,<WORKSPACE>/Gaussian/A17/EXCHANGE_R1/results/object_2012_late,8d23d77df9571531f26acc45ca51dc73068ce28f1180c843477c23bfd995499f,45c6c90baceeac68f1272dbe8de7256e3e0f9523cc12d68b0407332c6d5d0241,Qhat,0.9819518716577541,33,,fixed12 incoming/removal plus optional teacherbest evaluator augmentation; not full-neighborhood/unbiased population,,,correlated candidate rows; descriptive within-checkpoint ranking only
2012,late,4,<WORKSPACE>/Gaussian/A17/EXCHANGE_R1/results/object_2012_late,8d23d77df9571531f26acc45ca51dc73068ce28f1180c843477c23bfd995499f,45c6c90baceeac68f1272dbe8de7256e3e0f9523cc12d68b0407332c6d5d0241,normal_rhs_difference_norm,0.26737967914438504,33,,fixed12 incoming/removal plus optional teacherbest evaluator augmentation; not full-neighborhood/unbiased population,,,correlated candidate rows; descriptive within-checkpoint ranking only
2012,late,4,<WORKSPACE>/Gaussian/A17/EXCHANGE_R1/results/object_2012_late,8d23d77df9571531f26acc45ca51dc73068ce28f1180c843477c23bfd995499f,45c6c90baceeac68f1272dbe8de7256e3e0f9523cc12d68b0407332c6d5d0241,step_difference_norm,-0.6784759358288771,33,,fixed12 incoming/removal plus optional teacherbest evaluator augmentation; not full-neighborhood/unbiased population,,,correlated candidate rows; descriptive within-checkpoint ranking only
2012,late,4,<WORKSPACE>/Gaussian/A17/EXCHANGE_R1/results/object_2012_late,8d23d77df9571531f26acc45ca51dc73068ce28f1180c843477c23bfd995499f,45c6c90baceeac68f1272dbe8de7256e3e0f9523cc12d68b0407332c6d5d0241,info_trace,-0.07185828877005349,33,,fixed12 incoming/removal plus optional teacherbest evaluator augmentation; not full-neighborhood/unbiased population,,,correlated candidate rows; descriptive within-checkpoint ranking only
2012,late,4,<WORKSPACE>/Gaussian/A17/EXCHANGE_R1/results/object_2012_late,8d23d77df9571531f26acc45ca51dc73068ce28f1180c843477c23bfd995499f,45c6c90baceeac68f1272dbe8de7256e3e0f9523cc12d68b0407332c6d5d0241,info_effective_dim,0.3830213903743316,33,,fixed12 incoming/removal plus optional teacherbest evaluator augmentation; not full-neighborhood/unbiased population,,,correlated candidate rows; descriptive within-checkpoint ranking only
2012,late,4,<WORKSPACE>/Gaussian/A17/EXCHANGE_R1/results/object_2012_late,8d23d77df9571531f26acc45ca51dc73068ce28f1180c843477c23bfd995499f,45c6c90baceeac68f1272dbe8de7256e3e0f9523cc12d68b0407332c6d5d0241,info_logdet_volume,0.4943181818181819,33,,fixed12 incoming/removal plus optional teacherbest evaluator augmentation; not full-neighborhood/unbiased population,,,correlated candidate rows; descriptive within-checkpoint ranking only
2012,late,4,<WORKSPACE>/Gaussian/A17/EXCHANGE_R1/results/object_2012_late,8d23d77df9571531f26acc45ca51dc73068ce28f1180c843477c23bfd995499f,45c6c90baceeac68f1272dbe8de7256e3e0f9523cc12d68b0407332c6d5d0241,delta_info_trace,-0.07185828877005349,33,,fixed12 incoming/removal plus optional teacherbest evaluator augmentation; not full-neighborhood/unbiased population,,,correlated candidate rows; descriptive within-checkpoint ranking only
2012,late,4,<WORKSPACE>/Gaussian/A17/EXCHANGE_R1/results/object_2012_late,8d23d77df9571531f26acc45ca51dc73068ce28f1180c843477c23bfd995499f,45c6c90baceeac68f1272dbe8de7256e3e0f9523cc12d68b0407332c6d5d0241,delta_effective_dim,0.3830213903743316,33,,fixed12 incoming/removal plus optional teacherbest evaluator augmentation; not full-neighborhood/unbiased population,,,correlated candidate rows; descriptive within-checkpoint ranking only
2012,late,4,<WORKSPACE>/Gaussian/A17/EXCHANGE_R1/results/object_2012_late,8d23d77df9571531f26acc45ca51dc73068ce28f1180c843477c23bfd995499f,45c6c90baceeac68f1272dbe8de7256e3e0f9523cc12d68b0407332c6d5d0241,delta_logdet_volume,0.4943181818181819,33,,fixed12 incoming/removal plus optional teacherbest evaluator augmentation; not full-neighborhood/unbiased population,,,correlated candidate rows; descriptive within-checkpoint ranking only
2012,late,4,<WORKSPACE>/Gaussian/A17/EXCHANGE_R1/results/object_2012_late,8d23d77df9571531f26acc45ca51dc73068ce28f1180c843477c23bfd995499f,45c6c90baceeac68f1272dbe8de7256e3e0f9523cc12d68b0407332c6d5d0241,delta_info_weak,0.30514705882352944,33,,fixed12 incoming/removal plus optional teacherbest evaluator augmentation; not full-neighborhood/unbiased population,,,correlated candidate rows; descriptive within-checkpoint ranking only
2012,late,4,<WORKSPACE>/Gaussian/A17/EXCHANGE_R1/results/object_2012_late,8d23d77df9571531f26acc45ca51dc73068ce28f1180c843477c23bfd995499f,45c6c90baceeac68f1272dbe8de7256e3e0f9523cc12d68b0407332c6d5d0241,weak_task_score,0.14705882352941177,33,,fixed12 incoming/removal plus optional teacherbest evaluator augmentation; not full-neighborhood/unbiased population,,,correlated candidate rows; descriptive within-checkpoint ranking only
2012,late,4,<WORKSPACE>/Gaussian/A17/EXCHANGE_R1/results/object_2012_late,8d23d77df9571531f26acc45ca51dc73068ce28f1180c843477c23bfd995499f,45c6c90baceeac68f1272dbe8de7256e3e0f9523cc12d68b0407332c6d5d0241,full_information_fidelity_spectral,,0,INSUFFICIENT_NONMISSING_PAIRS,fixed12 incoming/removal plus optional teacherbest evaluator augmentation; not full-neighborhood/unbiased population,False,,correlated candidate rows; descriptive within-checkpoint ranking only
2012,late,4,<WORKSPACE>/Gaussian/A17/EXCHANGE_R1/results/object_2012_late,8d23d77df9571531f26acc45ca51dc73068ce28f1180c843477c23bfd995499f,45c6c90baceeac68f1272dbe8de7256e3e0f9523cc12d68b0407332c6d5d0241,projected_information_fidelity_spectral,-0.6861631016042782,33,,fixed12 incoming/removal plus optional teacherbest evaluator augmentation; not full-neighborhood/unbiased population,False,,correlated candidate rows; descriptive within-checkpoint ranking only
2012,late,8,<WORKSPACE>/Gaussian/A17/EXCHANGE_R1/results/object_2012_late,8d23d77df9571531f26acc45ca51dc73068ce28f1180c843477c23bfd995499f,45c6c90baceeac68f1272dbe8de7256e3e0f9523cc12d68b0407332c6d5d0241,receiver_score,-0.3743033086316669,66,,fixed12 incoming/removal plus optional teacherbest evaluator augmentation; not full-neighborhood/unbiased population,,,correlated candidate rows; descriptive within-checkpoint ranking only
2012,late,8,<WORKSPACE>/Gaussian/A17/EXCHANGE_R1/results/object_2012_late,8d23d77df9571531f26acc45ca51dc73068ce28f1180c843477c23bfd995499f,45c6c90baceeac68f1272dbe8de7256e3e0f9523cc12d68b0407332c6d5d0241,Qhat,0.9932366141321366,66,,fixed12 incoming/removal plus optional teacherbest evaluator augmentation; not full-neighborhood/unbiased population,,,correlated candidate rows; descriptive within-checkpoint ranking only
2012,late,8,<WORKSPACE>/Gaussian/A17/EXCHANGE_R1/results/object_2012_late,8d23d77df9571531f26acc45ca51dc73068ce28f1180c843477c23bfd995499f,45c6c90baceeac68f1272dbe8de7256e3e0f9523cc12d68b0407332c6d5d0241,normal_rhs_difference_norm,0.7182340048011692,66,,fixed12 incoming/removal plus optional teacherbest evaluator augmentation; not full-neighborhood/unbiased population,,,correlated candidate rows; descriptive within-checkpoint ranking only
2012,late,8,<WORKSPACE>/Gaussian/A17/EXCHANGE_R1/results/object_2012_late,8d23d77df9571531f26acc45ca51dc73068ce28f1180c843477c23bfd995499f,45c6c90baceeac68f1272dbe8de7256e3e0f9523cc12d68b0407332c6d5d0241,step_difference_norm,0.09829871620916399,66,,fixed12 incoming/removal plus optional teacherbest evaluator augmentation; not full-neighborhood/unbiased population,,,correlated candidate rows; descriptive within-checkpoint ranking only
2012,late,8,<WORKSPACE>/Gaussian/A17/EXCHANGE_R1/results/object_2012_late,8d23d77df9571531f26acc45ca51dc73068ce28f1180c843477c23bfd995499f,45c6c90baceeac68f1272dbe8de7256e3e0f9523cc12d68b0407332c6d5d0241,info_trace,-0.41647009706711213,66,,fixed12 incoming/removal plus optional teacherbest evaluator augmentation; not full-neighborhood/unbiased population,,,correlated candidate rows; descriptive within-checkpoint ranking only
2012,late,8,<WORKSPACE>/Gaussian/A17/EXCHANGE_R1/results/object_2012_late,8d23d77df9571531f26acc45ca51dc73068ce28f1180c843477c23bfd995499f,45c6c90baceeac68f1272dbe8de7256e3e0f9523cc12d68b0407332c6d5d0241,info_effective_dim,0.3611105312597851,66,,fixed12 incoming/removal plus optional teacherbest evaluator augmentation; not full-neighborhood/unbiased population,,,correlated candidate rows; descriptive within-checkpoint ranking only
2012,late,8,<WORKSPACE>/Gaussian/A17/EXCHANGE_R1/results/object_2012_late,8d23d77df9571531f26acc45ca51dc73068ce28f1180c843477c23bfd995499f,45c6c90baceeac68f1272dbe8de7256e3e0f9523cc12d68b0407332c6d5d0241,info_logdet_volume,0.11053125978499115,66,,fixed12 incoming/removal plus optional teacherbest evaluator augmentation; not full-neighborhood/unbiased population,,,correlated candidate rows; descriptive within-checkpoint ranking only
2012,late,8,<WORKSPACE>/Gaussian/A17/EXCHANGE_R1/results/object_2012_late,8d23d77df9571531f26acc45ca51dc73068ce28f1180c843477c23bfd995499f,45c6c90baceeac68f1272dbe8de7256e3e0f9523cc12d68b0407332c6d5d0241,delta_info_trace,-0.41647009706711213,66,,fixed12 incoming/removal plus optional teacherbest evaluator augmentation; not full-neighborhood/unbiased population,,,correlated candidate rows; descriptive within-checkpoint ranking only
2012,late,8,<WORKSPACE>/Gaussian/A17/EXCHANGE_R1/results/object_2012_late,8d23d77df9571531f26acc45ca51dc73068ce28f1180c843477c23bfd995499f,45c6c90baceeac68f1272dbe8de7256e3e0f9523cc12d68b0407332c6d5d0241,delta_effective_dim,0.3611105312597851,66,,fixed12 incoming/removal plus optional teacherbest evaluator augmentation; not full-neighborhood/unbiased population,,,correlated candidate rows; descriptive within-checkpoint ranking only
2012,late,8,<WORKSPACE>/Gaussian/A17/EXCHANGE_R1/results/object_2012_late,8d23d77df9571531f26acc45ca51dc73068ce28f1180c843477c23bfd995499f,45c6c90baceeac68f1272dbe8de7256e3e0f9523cc12d68b0407332c6d5d0241,delta_logdet_volume,0.11053125978499115,66,,fixed12 incoming/removal plus optional teacherbest evaluator augmentation; not full-neighborhood/unbiased population,,,correlated candidate rows; descriptive within-checkpoint ranking only
2012,late,8,<WORKSPACE>/Gaussian/A17/EXCHANGE_R1/results/object_2012_late,8d23d77df9571531f26acc45ca51dc73068ce28f1180c843477c23bfd995499f,45c6c90baceeac68f1272dbe8de7256e3e0f9523cc12d68b0407332c6d5d0241,delta_info_weak,0.04364888842500784,66,,fixed12 incoming/removal plus optional teacherbest evaluator augmentation; not full-neighborhood/unbiased population,,,correlated candidate rows; descriptive within-checkpoint ranking only
2012,late,8,<WORKSPACE>/Gaussian/A17/EXCHANGE_R1/results/object_2012_late,8d23d77df9571531f26acc45ca51dc73068ce28f1180c843477c23bfd995499f,45c6c90baceeac68f1272dbe8de7256e3e0f9523cc12d68b0407332c6d5d0241,weak_task_score,0.08418745433670807,66,,fixed12 incoming/removal plus optional teacherbest evaluator augmentation; not full-neighborhood/unbiased population,,,correlated candidate rows; descriptive within-checkpoint ranking only
2012,late,8,<WORKSPACE>/Gaussian/A17/EXCHANGE_R1/results/object_2012_late,8d23d77df9571531f26acc45ca51dc73068ce28f1180c843477c23bfd995499f,45c6c90baceeac68f1272dbe8de7256e3e0f9523cc12d68b0407332c6d5d0241,full_information_fidelity_spectral,,0,INSUFFICIENT_NONMISSING_PAIRS,fixed12 incoming/removal plus optional teacherbest evaluator augmentation; not full-neighborhood/unbiased population,False,,correlated candidate rows; descriptive within-checkpoint ranking only
2012,late,8,<WORKSPACE>/Gaussian/A17/EXCHANGE_R1/results/object_2012_late,8d23d77df9571531f26acc45ca51dc73068ce28f1180c843477c23bfd995499f,45c6c90baceeac68f1272dbe8de7256e3e0f9523cc12d68b0407332c6d5d0241,projected_information_fidelity_spectral,0.09792297254983824,66,,fixed12 incoming/removal plus optional teacherbest evaluator augmentation; not full-neighborhood/unbiased population,False,,correlated candidate rows; descriptive within-checkpoint ranking only
2012,late,16,<WORKSPACE>/Gaussian/A17/EXCHANGE_R1/results/object_2012_late,8d23d77df9571531f26acc45ca51dc73068ce28f1180c843477c23bfd995499f,45c6c90baceeac68f1272dbe8de7256e3e0f9523cc12d68b0407332c6d5d0241,receiver_score,0.682884733922334,156,,fixed12 incoming/removal plus optional teacherbest evaluator augmentation; not full-neighborhood/unbiased population,,,correlated candidate rows; descriptive within-checkpoint ranking only
2012,late,16,<WORKSPACE>/Gaussian/A17/EXCHANGE_R1/results/object_2012_late,8d23d77df9571531f26acc45ca51dc73068ce28f1180c843477c23bfd995499f,45c6c90baceeac68f1272dbe8de7256e3e0f9523cc12d68b0407332c6d5d0241,Qhat,0.6918145753978915,156,,fixed12 incoming/removal plus optional teacherbest evaluator augmentation; not full-neighborhood/unbiased population,,,correlated candidate rows; descriptive within-checkpoint ranking only
2012,late,16,<WORKSPACE>/Gaussian/A17/EXCHANGE_R1/results/object_2012_late,8d23d77df9571531f26acc45ca51dc73068ce28f1180c843477c23bfd995499f,45c6c90baceeac68f1272dbe8de7256e3e0f9523cc12d68b0407332c6d5d0241,normal_rhs_difference_norm,-0.26562880308514164,156,,fixed12 incoming/removal plus optional teacherbest evaluator augmentation; not full-neighborhood/unbiased population,,,correlated candidate rows; descriptive within-checkpoint ranking only
2012,late,16,<WORKSPACE>/Gaussian/A17/EXCHANGE_R1/results/object_2012_late,8d23d77df9571531f26acc45ca51dc73068ce28f1180c843477c23bfd995499f,45c6c90baceeac68f1272dbe8de7256e3e0f9523cc12d68b0407332c6d5d0241,step_difference_norm,-0.0675506946310316,156,,fixed12 incoming/removal plus optional teacherbest evaluator augmentation; not full-neighborhood/unbiased population,,,correlated candidate rows; descriptive within-checkpoint ranking only
2012,late,16,<WORKSPACE>/Gaussian/A17/EXCHANGE_R1/results/object_2012_late,8d23d77df9571531f26acc45ca51dc73068ce28f1180c843477c23bfd995499f,45c6c90baceeac68f1272dbe8de7256e3e0f9523cc12d68b0407332c6d5d0241,info_trace,0.39346936195097276,156,,fixed12 incoming/removal plus optional teacherbest evaluator augmentation; not full-neighborhood/unbiased population,,,correlated candidate rows; descriptive within-checkpoint ranking only
2012,late,16,<WORKSPACE>/Gaussian/A17/EXCHANGE_R1/results/object_2012_late,8d23d77df9571531f26acc45ca51dc73068ce28f1180c843477c23bfd995499f,45c6c90baceeac68f1272dbe8de7256e3e0f9523cc12d68b0407332c6d5d0241,info_effective_dim,0.07539947211202604,156,,fixed12 incoming/removal plus optional teacherbest evaluator augmentation; not full-neighborhood/unbiased population,,,correlated candidate rows; descriptive within-checkpoint ranking only
2012,late,16,<WORKSPACE>/Gaussian/A17/EXCHANGE_R1/results/object_2012_late,8d23d77df9571531f26acc45ca51dc73068ce28f1180c843477c23bfd995499f,45c6c90baceeac68f1272dbe8de7256e3e0f9523cc12d68b0407332c6d5d0241,info_logdet_volume,0.2957689936937933,156,,fixed12 incoming/removal plus optional teacherbest evaluator augmentation; not full-neighborhood/unbiased population,,,correlated candidate rows; descriptive within-checkpoint ranking only
2012,late,16,<WORKSPACE>/Gaussian/A17/EXCHANGE_R1/results/object_2012_late,8d23d77df9571531f26acc45ca51dc73068ce28f1180c843477c23bfd995499f,45c6c90baceeac68f1272dbe8de7256e3e0f9523cc12d68b0407332c6d5d0241,delta_info_trace,0.39346936195097276,156,,fixed12 incoming/removal plus optional teacherbest evaluator augmentation; not full-neighborhood/unbiased population,,,correlated candidate rows; descriptive within-checkpoint ranking only
2012,late,16,<WORKSPACE>/Gaussian/A17/EXCHANGE_R1/results/object_2012_late,8d23d77df9571531f26acc45ca51dc73068ce28f1180c843477c23bfd995499f,45c6c90baceeac68f1272dbe8de7256e3e0f9523cc12d68b0407332c6d5d0241,delta_effective_dim,0.07539947211202604,156,,fixed12 incoming/removal plus optional teacherbest evaluator augmentation; not full-neighborhood/unbiased population,,,correlated candidate rows; descriptive within-checkpoint ranking only
2012,late,16,<WORKSPACE>/Gaussian/A17/EXCHANGE_R1/results/object_2012_late,8d23d77df9571531f26acc45ca51dc73068ce28f1180c843477c23bfd995499f,45c6c90baceeac68f1272dbe8de7256e3e0f9523cc12d68b0407332c6d5d0241,delta_logdet_volume,0.2957689936937933,156,,fixed12 incoming/removal plus optional teacherbest evaluator augmentation; not full-neighborhood/unbiased population,,,correlated candidate rows; descriptive within-checkpoint ranking only
2012,late,16,<WORKSPACE>/Gaussian/A17/EXCHANGE_R1/results/object_2012_late,8d23d77df9571531f26acc45ca51dc73068ce28f1180c843477c23bfd995499f,45c6c90baceeac68f1272dbe8de7256e3e0f9523cc12d68b0407332c6d5d0241,delta_info_weak,0.3603420208310284,156,,fixed12 incoming/removal plus optional teacherbest evaluator augmentation; not full-neighborhood/unbiased population,,,correlated candidate rows; descriptive within-checkpoint ranking only
2012,late,16,<WORKSPACE>/Gaussian/A17/EXCHANGE_R1/results/object_2012_late,8d23d77df9571531f26acc45ca51dc73068ce28f1180c843477c23bfd995499f,45c6c90baceeac68f1272dbe8de7256e3e0f9523cc12d68b0407332c6d5d0241,weak_task_score,0.4230500545273506,156,,fixed12 incoming/removal plus optional teacherbest evaluator augmentation; not full-neighborhood/unbiased population,,,correlated candidate rows; descriptive within-checkpoint ranking only
2012,late,16,<WORKSPACE>/Gaussian/A17/EXCHANGE_R1/results/object_2012_late,8d23d77df9571531f26acc45ca51dc73068ce28f1180c843477c23bfd995499f,45c6c90baceeac68f1272dbe8de7256e3e0f9523cc12d68b0407332c6d5d0241,full_information_fidelity_spectral,,0,INSUFFICIENT_NONMISSING_PAIRS,fixed12 incoming/removal plus optional teacherbest evaluator augmentation; not full-neighborhood/unbiased population,False,,correlated candidate rows; descriptive within-checkpoint ranking only
2012,late,16,<WORKSPACE>/Gaussian/A17/EXCHANGE_R1/results/object_2012_late,8d23d77df9571531f26acc45ca51dc73068ce28f1180c843477c23bfd995499f,45c6c90baceeac68f1272dbe8de7256e3e0f9523cc12d68b0407332c6d5d0241,projected_information_fidelity_spectral,-0.24530353558502313,156,,fixed12 incoming/removal plus optional teacherbest evaluator augmentation; not full-neighborhood/unbiased population,False,,correlated candidate rows; descriptive within-checkpoint ranking only
2012,middle,4,<WORKSPACE>/Gaussian/A17/EXCHANGE_R1/results/object_2012_middle,6bb612278b131a2b4bd62344122f5a462651f080d63727a172cd273e16664884,92a2012fcd2c647e2ec3c2ce4ebd22933b2156099a2e0020204ff3316c7ed88c,receiver_score,-0.39428571428571424,49,,fixed12 incoming/removal plus optional teacherbest evaluator augmentation; not full-neighborhood/unbiased population,,,correlated candidate rows; descriptive within-checkpoint ranking only
2012,middle,4,<WORKSPACE>/Gaussian/A17/EXCHANGE_R1/results/object_2012_middle,6bb612278b131a2b4bd62344122f5a462651f080d63727a172cd273e16664884,92a2012fcd2c647e2ec3c2ce4ebd22933b2156099a2e0020204ff3316c7ed88c,Qhat,0.9986734693877549,49,,fixed12 incoming/removal plus optional teacherbest evaluator augmentation; not full-neighborhood/unbiased population,,,correlated candidate rows; descriptive within-checkpoint ranking only
2012,middle,4,<WORKSPACE>/Gaussian/A17/EXCHANGE_R1/results/object_2012_middle,6bb612278b131a2b4bd62344122f5a462651f080d63727a172cd273e16664884,92a2012fcd2c647e2ec3c2ce4ebd22933b2156099a2e0020204ff3316c7ed88c,normal_rhs_difference_norm,0.6170408163265305,49,,fixed12 incoming/removal plus optional teacherbest evaluator augmentation; not full-neighborhood/unbiased population,,,correlated candidate rows; descriptive within-checkpoint ranking only
2012,middle,4,<WORKSPACE>/Gaussian/A17/EXCHANGE_R1/results/object_2012_middle,6bb612278b131a2b4bd62344122f5a462651f080d63727a172cd273e16664884,92a2012fcd2c647e2ec3c2ce4ebd22933b2156099a2e0020204ff3316c7ed88c,step_difference_norm,-0.3985714285714286,49,,fixed12 incoming/removal plus optional teacherbest evaluator augmentation; not full-neighborhood/unbiased population,,,correlated candidate rows; descriptive within-checkpoint ranking only
2012,middle,4,<WORKSPACE>/Gaussian/A17/EXCHANGE_R1/results/object_2012_middle,6bb612278b131a2b4bd62344122f5a462651f080d63727a172cd273e16664884,92a2012fcd2c647e2ec3c2ce4ebd22933b2156099a2e0020204ff3316c7ed88c,info_trace,-0.233469387755102,49,,fixed12 incoming/removal plus optional teacherbest evaluator augmentation; not full-neighborhood/unbiased population,,,correlated candidate rows; descriptive within-checkpoint ranking only
2012,middle,4,<WORKSPACE>/Gaussian/A17/EXCHANGE_R1/results/object_2012_middle,6bb612278b131a2b4bd62344122f5a462651f080d63727a172cd273e16664884,92a2012fcd2c647e2ec3c2ce4ebd22933b2156099a2e0020204ff3316c7ed88c,info_effective_dim,0.4193877551020408,49,,fixed12 incoming/removal plus optional teacherbest evaluator augmentation; not full-neighborhood/unbiased population,,,correlated candidate rows; descriptive within-checkpoint ranking only
2012,middle,4,<WORKSPACE>/Gaussian/A17/EXCHANGE_R1/results/object_2012_middle,6bb612278b131a2b4bd62344122f5a462651f080d63727a172cd273e16664884,92a2012fcd2c647e2ec3c2ce4ebd22933b2156099a2e0020204ff3316c7ed88c,info_logdet_volume,0.42295918367346935,49,,fixed12 incoming/removal plus optional teacherbest evaluator augmentation; not full-neighborhood/unbiased population,,,correlated candidate rows; descriptive within-checkpoint ranking only
2012,middle,4,<WORKSPACE>/Gaussian/A17/EXCHANGE_R1/results/object_2012_middle,6bb612278b131a2b4bd62344122f5a462651f080d63727a172cd273e16664884,92a2012fcd2c647e2ec3c2ce4ebd22933b2156099a2e0020204ff3316c7ed88c,delta_info_trace,-0.233469387755102,49,,fixed12 incoming/removal plus optional teacherbest evaluator augmentation; not full-neighborhood/unbiased population,,,correlated candidate rows; descriptive within-checkpoint ranking only
2012,middle,4,<WORKSPACE>/Gaussian/A17/EXCHANGE_R1/results/object_2012_middle,6bb612278b131a2b4bd62344122f5a462651f080d63727a172cd273e16664884,92a2012fcd2c647e2ec3c2ce4ebd22933b2156099a2e0020204ff3316c7ed88c,delta_effective_dim,0.4193877551020408,49,,fixed12 incoming/removal plus optional teacherbest evaluator augmentation; not full-neighborhood/unbiased population,,,correlated candidate rows; descriptive within-checkpoint ranking only
2012,middle,4,<WORKSPACE>/Gaussian/A17/EXCHANGE_R1/results/object_2012_middle,6bb612278b131a2b4bd62344122f5a462651f080d63727a172cd273e16664884,92a2012fcd2c647e2ec3c2ce4ebd22933b2156099a2e0020204ff3316c7ed88c,delta_logdet_volume,0.42295918367346935,49,,fixed12 incoming/removal plus optional teacherbest evaluator augmentation; not full-neighborhood/unbiased population,,,correlated candidate rows; descriptive within-checkpoint ranking only
2012,middle,4,<WORKSPACE>/Gaussian/A17/EXCHANGE_R1/results/object_2012_middle,6bb612278b131a2b4bd62344122f5a462651f080d63727a172cd273e16664884,92a2012fcd2c647e2ec3c2ce4ebd22933b2156099a2e0020204ff3316c7ed88c,delta_info_weak,0.13448979591836732,49,,fixed12 incoming/removal plus optional teacherbest evaluator augmentation; not full-neighborhood/unbiased population,,,correlated candidate rows; descriptive within-checkpoint ranking only
2012,middle,4,<WORKSPACE>/Gaussian/A17/EXCHANGE_R1/results/object_2012_middle,6bb612278b131a2b4bd62344122f5a462651f080d63727a172cd273e16664884,92a2012fcd2c647e2ec3c2ce4ebd22933b2156099a2e0020204ff3316c7ed88c,weak_task_score,0.02897959183673469,49,,fixed12 incoming/removal plus optional teacherbest evaluator augmentation; not full-neighborhood/unbiased population,,,correlated candidate rows; descriptive within-checkpoint ranking only
2012,middle,4,<WORKSPACE>/Gaussian/A17/EXCHANGE_R1/results/object_2012_middle,6bb612278b131a2b4bd62344122f5a462651f080d63727a172cd273e16664884,92a2012fcd2c647e2ec3c2ce4ebd22933b2156099a2e0020204ff3316c7ed88c,full_information_fidelity_spectral,,0,INSUFFICIENT_NONMISSING_PAIRS,fixed12 incoming/removal plus optional teacherbest evaluator augmentation; not full-neighborhood/unbiased population,False,,correlated candidate rows; descriptive within-checkpoint ranking only
2012,middle,4,<WORKSPACE>/Gaussian/A17/EXCHANGE_R1/results/object_2012_middle,6bb612278b131a2b4bd62344122f5a462651f080d63727a172cd273e16664884,92a2012fcd2c647e2ec3c2ce4ebd22933b2156099a2e0020204ff3316c7ed88c,projected_information_fidelity_spectral,-0.6343877551020407,49,,fixed12 incoming/removal plus optional teacherbest evaluator augmentation; not full-neighborhood/unbiased population,False,,correlated candidate rows; descriptive within-checkpoint ranking only
2012,middle,8,<WORKSPACE>/Gaussian/A17/EXCHANGE_R1/results/object_2012_middle,6bb612278b131a2b4bd62344122f5a462651f080d63727a172cd273e16664884,92a2012fcd2c647e2ec3c2ce4ebd22933b2156099a2e0020204ff3316c7ed88c,receiver_score,-0.09430885756364402,97,,fixed12 incoming/removal plus optional teacherbest evaluator augmentation; not full-neighborhood/unbiased population,,,correlated candidate rows; descriptive within-checkpoint ranking only
2012,middle,8,<WORKSPACE>/Gaussian/A17/EXCHANGE_R1/results/object_2012_middle,6bb612278b131a2b4bd62344122f5a462651f080d63727a172cd273e16664884,92a2012fcd2c647e2ec3c2ce4ebd22933b2156099a2e0020204ff3316c7ed88c,Qhat,0.9907163896486428,97,,fixed12 incoming/removal plus optional teacherbest evaluator augmentation; not full-neighborhood/unbiased population,,,correlated candidate rows; descriptive within-checkpoint ranking only
2012,middle,8,<WORKSPACE>/Gaussian/A17/EXCHANGE_R1/results/object_2012_middle,6bb612278b131a2b4bd62344122f5a462651f080d63727a172cd273e16664884,92a2012fcd2c647e2ec3c2ce4ebd22933b2156099a2e0020204ff3316c7ed88c,normal_rhs_difference_norm,0.5232484746475909,97,,fixed12 incoming/removal plus optional teacherbest evaluator augmentation; not full-neighborhood/unbiased population,,,correlated candidate rows; descriptive within-checkpoint ranking only
2012,middle,8,<WORKSPACE>/Gaussian/A17/EXCHANGE_R1/results/object_2012_middle,6bb612278b131a2b4bd62344122f5a462651f080d63727a172cd273e16664884,92a2012fcd2c647e2ec3c2ce4ebd22933b2156099a2e0020204ff3316c7ed88c,step_difference_norm,0.43548811277088145,97,,fixed12 incoming/removal plus optional teacherbest evaluator augmentation; not full-neighborhood/unbiased population,,,correlated candidate rows; descriptive within-checkpoint ranking only
2012,middle,8,<WORKSPACE>/Gaussian/A17/EXCHANGE_R1/results/object_2012_middle,6bb612278b131a2b4bd62344122f5a462651f080d63727a172cd273e16664884,92a2012fcd2c647e2ec3c2ce4ebd22933b2156099a2e0020204ff3316c7ed88c,info_trace,-0.27301178203240056,97,,fixed12 incoming/removal plus optional teacherbest evaluator augmentation; not full-neighborhood/unbiased population,,,correlated candidate rows; descriptive within-checkpoint ranking only
2012,middle,8,<WORKSPACE>/Gaussian/A17/EXCHANGE_R1/results/object_2012_middle,6bb612278b131a2b4bd62344122f5a462651f080d63727a172cd273e16664884,92a2012fcd2c647e2ec3c2ce4ebd22933b2156099a2e0020204ff3316c7ed88c,info_effective_dim,0.19035346097201766,97,,fixed12 incoming/removal plus optional teacherbest evaluator augmentation; not full-neighborhood/unbiased population,,,correlated candidate rows; descriptive within-checkpoint ranking only
2012,middle,8,<WORKSPACE>/Gaussian/A17/EXCHANGE_R1/results/object_2012_middle,6bb612278b131a2b4bd62344122f5a462651f080d63727a172cd273e16664884,92a2012fcd2c647e2ec3c2ce4ebd22933b2156099a2e0020204ff3316c7ed88c,info_logdet_volume,0.1254996844098464,97,,fixed12 incoming/removal plus optional teacherbest evaluator augmentation; not full-neighborhood/unbiased population,,,correlated candidate rows; descriptive within-checkpoint ranking only
2012,middle,8,<WORKSPACE>/Gaussian/A17/EXCHANGE_R1/results/object_2012_middle,6bb612278b131a2b4bd62344122f5a462651f080d63727a172cd273e16664884,92a2012fcd2c647e2ec3c2ce4ebd22933b2156099a2e0020204ff3316c7ed88c,delta_info_trace,-0.27301178203240056,97,,fixed12 incoming/removal plus optional teacherbest evaluator augmentation; not full-neighborhood/unbiased population,,,correlated candidate rows; descriptive within-checkpoint ranking only
2012,middle,8,<WORKSPACE>/Gaussian/A17/EXCHANGE_R1/results/object_2012_middle,6bb612278b131a2b4bd62344122f5a462651f080d63727a172cd273e16664884,92a2012fcd2c647e2ec3c2ce4ebd22933b2156099a2e0020204ff3316c7ed88c,delta_effective_dim,0.19035346097201766,97,,fixed12 incoming/removal plus optional teacherbest evaluator augmentation; not full-neighborhood/unbiased population,,,correlated candidate rows; descriptive within-checkpoint ranking only
2012,middle,8,<WORKSPACE>/Gaussian/A17/EXCHANGE_R1/results/object_2012_middle,6bb612278b131a2b4bd62344122f5a462651f080d63727a172cd273e16664884,92a2012fcd2c647e2ec3c2ce4ebd22933b2156099a2e0020204ff3316c7ed88c,delta_logdet_volume,0.1254996844098464,97,,fixed12 incoming/removal plus optional teacherbest evaluator augmentation; not full-neighborhood/unbiased population,,,correlated candidate rows; descriptive within-checkpoint ranking only
2012,middle,8,<WORKSPACE>/Gaussian/A17/EXCHANGE_R1/results/object_2012_middle,6bb612278b131a2b4bd62344122f5a462651f080d63727a172cd273e16664884,92a2012fcd2c647e2ec3c2ce4ebd22933b2156099a2e0020204ff3316c7ed88c,delta_info_weak,0.1650273511466442,97,,fixed12 incoming/removal plus optional teacherbest evaluator augmentation; not full-neighborhood/unbiased population,,,correlated candidate rows; descriptive within-checkpoint ranking only
2012,middle,8,<WORKSPACE>/Gaussian/A17/EXCHANGE_R1/results/object_2012_middle,6bb612278b131a2b4bd62344122f5a462651f080d63727a172cd273e16664884,92a2012fcd2c647e2ec3c2ce4ebd22933b2156099a2e0020204ff3316c7ed88c,weak_task_score,0.17705922575215652,97,,fixed12 incoming/removal plus optional teacherbest evaluator augmentation; not full-neighborhood/unbiased population,,,correlated candidate rows; descriptive within-checkpoint ranking only
2012,middle,8,<WORKSPACE>/Gaussian/A17/EXCHANGE_R1/results/object_2012_middle,6bb612278b131a2b4bd62344122f5a462651f080d63727a172cd273e16664884,92a2012fcd2c647e2ec3c2ce4ebd22933b2156099a2e0020204ff3316c7ed88c,full_information_fidelity_spectral,,0,INSUFFICIENT_NONMISSING_PAIRS,fixed12 incoming/removal plus optional teacherbest evaluator augmentation; not full-neighborhood/unbiased population,False,,correlated candidate rows; descriptive within-checkpoint ranking only
2012,middle,8,<WORKSPACE>/Gaussian/A17/EXCHANGE_R1/results/object_2012_middle,6bb612278b131a2b4bd62344122f5a462651f080d63727a172cd273e16664884,92a2012fcd2c647e2ec3c2ce4ebd22933b2156099a2e0020204ff3316c7ed88c,projected_information_fidelity_spectral,-0.12443456764148957,97,,fixed12 incoming/removal plus optional teacherbest evaluator augmentation; not full-neighborhood/unbiased population,False,,correlated candidate rows; descriptive within-checkpoint ranking only
2012,middle,16,<WORKSPACE>/Gaussian/A17/EXCHANGE_R1/results/object_2012_middle,6bb612278b131a2b4bd62344122f5a462651f080d63727a172cd273e16664884,92a2012fcd2c647e2ec3c2ce4ebd22933b2156099a2e0020204ff3316c7ed88c,receiver_score,0.24300084130121255,193,,fixed12 incoming/removal plus optional teacherbest evaluator augmentation; not full-neighborhood/unbiased population,,,correlated candidate rows; descriptive within-checkpoint ranking only
2012,middle,16,<WORKSPACE>/Gaussian/A17/EXCHANGE_R1/results/object_2012_middle,6bb612278b131a2b4bd62344122f5a462651f080d63727a172cd273e16664884,92a2012fcd2c647e2ec3c2ce4ebd22933b2156099a2e0020204ff3316c7ed88c,Qhat,0.9453538138988301,193,,fixed12 incoming/removal plus optional teacherbest evaluator augmentation; not full-neighborhood/unbiased population,,,correlated candidate rows; descriptive within-checkpoint ranking only
2012,middle,16,<WORKSPACE>/Gaussian/A17/EXCHANGE_R1/results/object_2012_middle,6bb612278b131a2b4bd62344122f5a462651f080d63727a172cd273e16664884,92a2012fcd2c647e2ec3c2ce4ebd22933b2156099a2e0020204ff3316c7ed88c,normal_rhs_difference_norm,-0.16677961914427647,193,,fixed12 incoming/removal plus optional teacherbest evaluator augmentation; not full-neighborhood/unbiased population,,,correlated candidate rows; descriptive within-checkpoint ranking only
2012,middle,16,<WORKSPACE>/Gaussian/A17/EXCHANGE_R1/results/object_2012_middle,6bb612278b131a2b4bd62344122f5a462651f080d63727a172cd273e16664884,92a2012fcd2c647e2ec3c2ce4ebd22933b2156099a2e0020204ff3316c7ed88c,step_difference_norm,-0.31143168099994656,193,,fixed12 incoming/removal plus optional teacherbest evaluator augmentation; not full-neighborhood/unbiased population,,,correlated candidate rows; descriptive within-checkpoint ranking only
2012,middle,16,<WORKSPACE>/Gaussian/A17/EXCHANGE_R1/results/object_2012_middle,6bb612278b131a2b4bd62344122f5a462651f080d63727a172cd273e16664884,92a2012fcd2c647e2ec3c2ce4ebd22933b2156099a2e0020204ff3316c7ed88c,info_trace,0.11607119010736605,193,,fixed12 incoming/removal plus optional teacherbest evaluator augmentation; not full-neighborhood/unbiased population,,,correlated candidate rows; descriptive within-checkpoint ranking only
2012,middle,16,<WORKSPACE>/Gaussian/A17/EXCHANGE_R1/results/object_2012_middle,6bb612278b131a2b4bd62344122f5a462651f080d63727a172cd273e16664884,92a2012fcd2c647e2ec3c2ce4ebd22933b2156099a2e0020204ff3316c7ed88c,info_effective_dim,-0.04516986272100849,193,,fixed12 incoming/removal plus optional teacherbest evaluator augmentation; not full-neighborhood/unbiased population,,,correlated candidate rows; descriptive within-checkpoint ranking only
2012,middle,16,<WORKSPACE>/Gaussian/A17/EXCHANGE_R1/results/object_2012_middle,6bb612278b131a2b4bd62344122f5a462651f080d63727a172cd273e16664884,92a2012fcd2c647e2ec3c2ce4ebd22933b2156099a2e0020204ff3316c7ed88c,info_logdet_volume,0.028492401581112117,193,,fixed12 incoming/removal plus optional teacherbest evaluator augmentation; not full-neighborhood/unbiased population,,,correlated candidate rows; descriptive within-checkpoint ranking only
2012,middle,16,<WORKSPACE>/Gaussian/A17/EXCHANGE_R1/results/object_2012_middle,6bb612278b131a2b4bd62344122f5a462651f080d63727a172cd273e16664884,92a2012fcd2c647e2ec3c2ce4ebd22933b2156099a2e0020204ff3316c7ed88c,delta_info_trace,0.11607119010736605,193,,fixed12 incoming/removal plus optional teacherbest evaluator augmentation; not full-neighborhood/unbiased population,,,correlated candidate rows; descriptive within-checkpoint ranking only
2012,middle,16,<WORKSPACE>/Gaussian/A17/EXCHANGE_R1/results/object_2012_middle,6bb612278b131a2b4bd62344122f5a462651f080d63727a172cd273e16664884,92a2012fcd2c647e2ec3c2ce4ebd22933b2156099a2e0020204ff3316c7ed88c,delta_effective_dim,-0.04516986272100849,193,,fixed12 incoming/removal plus optional teacherbest evaluator augmentation; not full-neighborhood/unbiased population,,,correlated candidate rows; descriptive within-checkpoint ranking only
2012,middle,16,<WORKSPACE>/Gaussian/A17/EXCHANGE_R1/results/object_2012_middle,6bb612278b131a2b4bd62344122f5a462651f080d63727a172cd273e16664884,92a2012fcd2c647e2ec3c2ce4ebd22933b2156099a2e0020204ff3316c7ed88c,delta_logdet_volume,0.028492401581112117,193,,fixed12 incoming/removal plus optional teacherbest evaluator augmentation; not full-neighborhood/unbiased population,,,correlated candidate rows; descriptive within-checkpoint ranking only
2012,middle,16,<WORKSPACE>/Gaussian/A17/EXCHANGE_R1/results/object_2012_middle,6bb612278b131a2b4bd62344122f5a462651f080d63727a172cd273e16664884,92a2012fcd2c647e2ec3c2ce4ebd22933b2156099a2e0020204ff3316c7ed88c,delta_info_weak,-0.07602258159286364,193,,fixed12 incoming/removal plus optional teacherbest evaluator augmentation; not full-neighborhood/unbiased population,,,correlated candidate rows; descriptive within-checkpoint ranking only
2012,middle,16,<WORKSPACE>/Gaussian/A17/EXCHANGE_R1/results/object_2012_middle,6bb612278b131a2b4bd62344122f5a462651f080d63727a172cd273e16664884,92a2012fcd2c647e2ec3c2ce4ebd22933b2156099a2e0020204ff3316c7ed88c,weak_task_score,0.021514943112013248,193,,fixed12 incoming/removal plus optional teacherbest evaluator augmentation; not full-neighborhood/unbiased population,,,correlated candidate rows; descriptive within-checkpoint ranking only
2012,middle,16,<WORKSPACE>/Gaussian/A17/EXCHANGE_R1/results/object_2012_middle,6bb612278b131a2b4bd62344122f5a462651f080d63727a172cd273e16664884,92a2012fcd2c647e2ec3c2ce4ebd22933b2156099a2e0020204ff3316c7ed88c,full_information_fidelity_spectral,,0,INSUFFICIENT_NONMISSING_PAIRS,fixed12 incoming/removal plus optional teacherbest evaluator augmentation; not full-neighborhood/unbiased population,False,,correlated candidate rows; descriptive within-checkpoint ranking only
2012,middle,16,<WORKSPACE>/Gaussian/A17/EXCHANGE_R1/results/object_2012_middle,6bb612278b131a2b4bd62344122f5a462651f080d63727a172cd273e16664884,92a2012fcd2c647e2ec3c2ce4ebd22933b2156099a2e0020204ff3316c7ed88c,projected_information_fidelity_spectral,-0.021156054697932802,193,,fixed12 incoming/removal plus optional teacherbest evaluator augmentation; not full-neighborhood/unbiased population,False,,correlated candidate rows; descriptive within-checkpoint ranking only
