object_id,phase,k,source_directory,state_hash,pool_hash,add_ids,Q_a,Q_b,Q_pair,interaction,base_rank,pair_rank,tau,strict_nonpositive_singletons_positive_pair,declared_Maxwell_witness,scope
2007,early,4,<WORKSPACE>/Gaussian/A17/EXCHANGE_R1/results/object_2007_early_portable,25387349f2beb0f96d242ca9b954a62e6bfcc22e30747f954ca70f472e65a2bd,26106a1c238544d78f76de616ce9d2614f2f15120f481ce864ad6bd62b0113ef,"[4, 32]",0.0012829208206309314,-0.20325524011027568,-0.021204883929066762,0.180767435360578,2,4,7.923586935705524e-15,False,False,"Fixed physical Maxwell core, <=k additions; a positive pair is not automatically a 1-swap trap."
2007,early,4,<WORKSPACE>/Gaussian/A17/EXCHANGE_R1/results/object_2007_early_portable,25387349f2beb0f96d242ca9b954a62e6bfcc22e30747f954ca70f472e65a2bd,26106a1c238544d78f76de616ce9d2614f2f15120f481ce864ad6bd62b0113ef,"[4, 64]",0.0012829208206309314,-0.0060590459169231215,-0.0047170344178369605,5.9090678455229854e-05,2,4,7.923586935705524e-15,False,False,"Fixed physical Maxwell core, <=k additions; a positive pair is not automatically a 1-swap trap."
2007,early,4,<WORKSPACE>/Gaussian/A17/EXCHANGE_R1/results/object_2007_early_portable,25387349f2beb0f96d242ca9b954a62e6bfcc22e30747f954ca70f472e65a2bd,26106a1c238544d78f76de616ce9d2614f2f15120f481ce864ad6bd62b0113ef,"[4, 96]",0.0012829208206309314,-0.02072941332248496,-0.006507258966433522,0.012939233535420508,2,4,7.923586935705524e-15,False,False,"Fixed physical Maxwell core, <=k additions; a positive pair is not automatically a 1-swap trap."
2007,early,4,<WORKSPACE>/Gaussian/A17/EXCHANGE_R1/results/object_2007_early_portable,25387349f2beb0f96d242ca9b954a62e6bfcc22e30747f954ca70f472e65a2bd,26106a1c238544d78f76de616ce9d2614f2f15120f481ce864ad6bd62b0113ef,"[4, 128]",0.0012829208206309314,2.37841809343396e-06,0.0012890592495406383,3.7600108162729867e-06,2,4,7.923586935705524e-15,False,False,"Fixed physical Maxwell core, <=k additions; a positive pair is not automatically a 1-swap trap."
2007,early,4,<WORKSPACE>/Gaussian/A17/EXCHANGE_R1/results/object_2007_early_portable,25387349f2beb0f96d242ca9b954a62e6bfcc22e30747f954ca70f472e65a2bd,26106a1c238544d78f76de616ce9d2614f2f15120f481ce864ad6bd62b0113ef,"[4, 144]",0.0012829208206309314,-0.0006720825483387764,0.00127127705754937,0.0006604387852572149,2,4,7.923586935705524e-15,False,False,"Fixed physical Maxwell core, <=k additions; a positive pair is not automatically a 1-swap trap."
2007,early,4,<WORKSPACE>/Gaussian/A17/EXCHANGE_R1/results/object_2007_early_portable,25387349f2beb0f96d242ca9b954a62e6bfcc22e30747f954ca70f472e65a2bd,26106a1c238544d78f76de616ce9d2614f2f15120f481ce864ad6bd62b0113ef,"[32, 64]",-0.20325524011027568,-0.0060590459169231215,-0.009924580225593792,0.19938970580160503,2,4,7.923586935705524e-15,False,False,"Fixed physical Maxwell core, <=k additions; a positive pair is not automatically a 1-swap trap."
2007,early,4,<WORKSPACE>/Gaussian/A17/EXCHANGE_R1/results/object_2007_early_portable,25387349f2beb0f96d242ca9b954a62e6bfcc22e30747f954ca70f472e65a2bd,26106a1c238544d78f76de616ce9d2614f2f15120f481ce864ad6bd62b0113ef,"[32, 96]",-0.20325524011027568,-0.02072941332248496,-0.014343380585523124,0.20964127284723752,2,4,7.923586935705524e-15,False,False,"Fixed physical Maxwell core, <=k additions; a positive pair is not automatically a 1-swap trap."
2007,early,4,<WORKSPACE>/Gaussian/A17/EXCHANGE_R1/results/object_2007_early_portable,25387349f2beb0f96d242ca9b954a62e6bfcc22e30747f954ca70f472e65a2bd,26106a1c238544d78f76de616ce9d2614f2f15120f481ce864ad6bd62b0113ef,"[32, 128]",-0.20325524011027568,2.37841809343396e-06,-0.20321640414922099,3.645754296126115e-05,2,4,7.923586935705524e-15,False,False,"Fixed physical Maxwell core, <=k additions; a positive pair is not automatically a 1-swap trap."
2007,early,4,<WORKSPACE>/Gaussian/A17/EXCHANGE_R1/results/object_2007_early_portable,25387349f2beb0f96d242ca9b954a62e6bfcc22e30747f954ca70f472e65a2bd,26106a1c238544d78f76de616ce9d2614f2f15120f481ce864ad6bd62b0113ef,"[32, 144]",-0.20325524011027568,-0.0006720825483387764,-0.19963235346966146,0.0042949691889529965,2,4,7.923586935705524e-15,False,False,"Fixed physical Maxwell core, <=k additions; a positive pair is not automatically a 1-swap trap."
2007,early,4,<WORKSPACE>/Gaussian/A17/EXCHANGE_R1/results/object_2007_early_portable,25387349f2beb0f96d242ca9b954a62e6bfcc22e30747f954ca70f472e65a2bd,26106a1c238544d78f76de616ce9d2614f2f15120f481ce864ad6bd62b0113ef,"[64, 96]",-0.0060590459169231215,-0.02072941332248496,-0.00276509085281839,0.024023368386589694,2,4,7.923586935705524e-15,False,False,"Fixed physical Maxwell core, <=k additions; a positive pair is not automatically a 1-swap trap."
2007,early,4,<WORKSPACE>/Gaussian/A17/EXCHANGE_R1/results/object_2007_early_portable,25387349f2beb0f96d242ca9b954a62e6bfcc22e30747f954ca70f472e65a2bd,26106a1c238544d78f76de616ce9d2614f2f15120f481ce864ad6bd62b0113ef,"[64, 128]",-0.0060590459169231215,2.37841809343396e-06,-0.006077776909361716,-2.1109410532028596e-05,2,4,7.923586935705524e-15,False,False,"Fixed physical Maxwell core, <=k additions; a positive pair is not automatically a 1-swap trap."
2007,early,4,<WORKSPACE>/Gaussian/A17/EXCHANGE_R1/results/object_2007_early_portable,25387349f2beb0f96d242ca9b954a62e6bfcc22e30747f954ca70f472e65a2bd,26106a1c238544d78f76de616ce9d2614f2f15120f481ce864ad6bd62b0113ef,"[64, 144]",-0.0060590459169231215,-0.0006720825483387764,-0.006100592753065398,0.0006305357121964995,2,4,7.923586935705524e-15,False,False,"Fixed physical Maxwell core, <=k additions; a positive pair is not automatically a 1-swap trap."
2007,early,4,<WORKSPACE>/Gaussian/A17/EXCHANGE_R1/results/object_2007_early_portable,25387349f2beb0f96d242ca9b954a62e6bfcc22e30747f954ca70f472e65a2bd,26106a1c238544d78f76de616ce9d2614f2f15120f481ce864ad6bd62b0113ef,"[96, 128]",-0.02072941332248496,2.37841809343396e-06,-0.020737102386046445,-1.006748165491812e-05,2,4,7.923586935705524e-15,False,False,"Fixed physical Maxwell core, <=k additions; a positive pair is not automatically a 1-swap trap."
2007,early,4,<WORKSPACE>/Gaussian/A17/EXCHANGE_R1/results/object_2007_early_portable,25387349f2beb0f96d242ca9b954a62e6bfcc22e30747f954ca70f472e65a2bd,26106a1c238544d78f76de616ce9d2614f2f15120f481ce864ad6bd62b0113ef,"[96, 144]",-0.02072941332248496,-0.0006720825483387764,-0.020511099903203055,0.0008903959676206819,2,4,7.923586935705524e-15,False,False,"Fixed physical Maxwell core, <=k additions; a positive pair is not automatically a 1-swap trap."
2007,early,4,<WORKSPACE>/Gaussian/A17/EXCHANGE_R1/results/object_2007_early_portable,25387349f2beb0f96d242ca9b954a62e6bfcc22e30747f954ca70f472e65a2bd,26106a1c238544d78f76de616ce9d2614f2f15120f481ce864ad6bd62b0113ef,"[128, 144]",2.37841809343396e-06,-0.0006720825483387764,-0.0006718803246837826,-2.176194438440176e-06,2,4,7.923586935705524e-15,False,False,"Fixed physical Maxwell core, <=k additions; a positive pair is not automatically a 1-swap trap."
2007,early,8,<WORKSPACE>/Gaussian/A17/EXCHANGE_R1/results/object_2007_early_portable,25387349f2beb0f96d242ca9b954a62e6bfcc22e30747f954ca70f472e65a2bd,26106a1c238544d78f76de616ce9d2614f2f15120f481ce864ad6bd62b0113ef,"[8, 32]",7.876850328163439e-07,-1.9012772825906694e-05,-1.7831582909673607e-05,3.935048834167425e-07,6,8,7.923586935705524e-15,False,False,"Fixed physical Maxwell core, <=k additions; a positive pair is not automatically a 1-swap trap."
2007,early,8,<WORKSPACE>/Gaussian/A17/EXCHANGE_R1/results/object_2007_early_portable,25387349f2beb0f96d242ca9b954a62e6bfcc22e30747f954ca70f472e65a2bd,26106a1c238544d78f76de616ce9d2614f2f15120f481ce864ad6bd62b0113ef,"[8, 64]",7.876850328163439e-07,1.5969652909732433e-05,1.7437385668309005e-05,6.80047725760227e-07,6,8,7.923586935705524e-15,False,False,"Fixed physical Maxwell core, <=k additions; a positive pair is not automatically a 1-swap trap."
2007,early,8,<WORKSPACE>/Gaussian/A17/EXCHANGE_R1/results/object_2007_early_portable,25387349f2beb0f96d242ca9b954a62e6bfcc22e30747f954ca70f472e65a2bd,26106a1c238544d78f76de616ce9d2614f2f15120f481ce864ad6bd62b0113ef,"[8, 96]",7.876850328163439e-07,-0.0009388213571948658,-0.0009273766992313471,1.0656972930702313e-05,6,8,7.923586935705524e-15,False,False,"Fixed physical Maxwell core, <=k additions; a positive pair is not automatically a 1-swap trap."
2007,early,8,<WORKSPACE>/Gaussian/A17/EXCHANGE_R1/results/object_2007_early_portable,25387349f2beb0f96d242ca9b954a62e6bfcc22e30747f954ca70f472e65a2bd,26106a1c238544d78f76de616ce9d2614f2f15120f481ce864ad6bd62b0113ef,"[8, 128]",7.876850328163439e-07,1.3823283871979651e-07,1.0449124669080801e-06,1.1899459537193974e-07,6,8,7.923586935705524e-15,False,False,"Fixed physical Maxwell core, <=k additions; a positive pair is not automatically a 1-swap trap."
2007,early,8,<WORKSPACE>/Gaussian/A17/EXCHANGE_R1/results/object_2007_early_portable,25387349f2beb0f96d242ca9b954a62e6bfcc22e30747f954ca70f472e65a2bd,26106a1c238544d78f76de616ce9d2614f2f15120f481ce864ad6bd62b0113ef,"[8, 144]",7.876850328163439e-07,5.483963469807679e-08,1.2696938996198417e-06,4.27169232105421e-07,6,8,7.923586935705524e-15,False,False,"Fixed physical Maxwell core, <=k additions; a positive pair is not automatically a 1-swap trap."
2007,early,8,<WORKSPACE>/Gaussian/A17/EXCHANGE_R1/results/object_2007_early_portable,25387349f2beb0f96d242ca9b954a62e6bfcc22e30747f954ca70f472e65a2bd,26106a1c238544d78f76de616ce9d2614f2f15120f481ce864ad6bd62b0113ef,"[32, 64]",-1.9012772825906694e-05,1.5969652909732433e-05,6.594480891347683e-07,3.7025680053090296e-06,6,8,7.923586935705524e-15,False,False,"Fixed physical Maxwell core, <=k additions; a positive pair is not automatically a 1-swap trap."
2007,early,8,<WORKSPACE>/Gaussian/A17/EXCHANGE_R1/results/object_2007_early_portable,25387349f2beb0f96d242ca9b954a62e6bfcc22e30747f954ca70f472e65a2bd,26106a1c238544d78f76de616ce9d2614f2f15120f481ce864ad6bd62b0113ef,"[32, 96]",-1.9012772825906694e-05,-0.0009388213571948658,-0.0008716988131625776,8.613531685819483e-05,6,8,7.923586935705524e-15,False,False,"Fixed physical Maxwell core, <=k additions; a positive pair is not automatically a 1-swap trap."
2007,early,8,<WORKSPACE>/Gaussian/A17/EXCHANGE_R1/results/object_2007_early_portable,25387349f2beb0f96d242ca9b954a62e6bfcc22e30747f954ca70f472e65a2bd,26106a1c238544d78f76de616ce9d2614f2f15120f481ce864ad6bd62b0113ef,"[32, 128]",-1.9012772825906694e-05,1.3823283871979651e-07,-1.8865741928788666e-05,8.798058398231795e-09,6,8,7.923586935705524e-15,False,False,"Fixed physical Maxwell core, <=k additions; a positive pair is not automatically a 1-swap trap."
2007,early,8,<WORKSPACE>/Gaussian/A17/EXCHANGE_R1/results/object_2007_early_portable,25387349f2beb0f96d242ca9b954a62e6bfcc22e30747f954ca70f472e65a2bd,26106a1c238544d78f76de616ce9d2614f2f15120f481ce864ad6bd62b0113ef,"[32, 144]",-1.9012772825906694e-05,5.483963469807679e-08,-1.879661061721263e-05,1.6132257399598695e-07,6,8,7.923586935705524e-15,False,False,"Fixed physical Maxwell core, <=k additions; a positive pair is not automatically a 1-swap trap."
2007,early,8,<WORKSPACE>/Gaussian/A17/EXCHANGE_R1/results/object_2007_early_portable,25387349f2beb0f96d242ca9b954a62e6bfcc22e30747f954ca70f472e65a2bd,26106a1c238544d78f76de616ce9d2614f2f15120f481ce864ad6bd62b0113ef,"[64, 96]",1.5969652909732433e-05,-0.0009388213571948658,-0.0008920452763726842,3.080642791244905e-05,6,8,7.923586935705524e-15,False,False,"Fixed physical Maxwell core, <=k additions; a positive pair is not automatically a 1-swap trap."
2007,early,8,<WORKSPACE>/Gaussian/A17/EXCHANGE_R1/results/object_2007_early_portable,25387349f2beb0f96d242ca9b954a62e6bfcc22e30747f954ca70f472e65a2bd,26106a1c238544d78f76de616ce9d2614f2f15120f481ce864ad6bd62b0113ef,"[64, 128]",1.5969652909732433e-05,1.3823283871979651e-07,1.6167135522701347e-05,5.9249774249117954e-08,6,8,7.923586935705524e-15,False,False,"Fixed physical Maxwell core, <=k additions; a positive pair is not automatically a 1-swap trap."
2007,early,8,<WORKSPACE>/Gaussian/A17/EXCHANGE_R1/results/object_2007_early_portable,25387349f2beb0f96d242ca9b954a62e6bfcc22e30747f954ca70f472e65a2bd,26106a1c238544d78f76de616ce9d2614f2f15120f481ce864ad6bd62b0113ef,"[64, 144]",1.5969652909732433e-05,5.483963469807679e-08,1.6563458045315412e-05,5.389655008849028e-07,6,8,7.923586935705524e-15,False,False,"Fixed physical Maxwell core, <=k additions; a positive pair is not automatically a 1-swap trap."
2007,early,8,<WORKSPACE>/Gaussian/A17/EXCHANGE_R1/results/object_2007_early_portable,25387349f2beb0f96d242ca9b954a62e6bfcc22e30747f954ca70f472e65a2bd,26106a1c238544d78f76de616ce9d2614f2f15120f481ce864ad6bd62b0113ef,"[96, 128]",-0.0009388213571948658,1.3823283871979651e-07,-0.0009386778153900453,5.308966100696356e-09,6,8,7.923586935705524e-15,False,False,"Fixed physical Maxwell core, <=k additions; a positive pair is not automatically a 1-swap trap."
2007,early,8,<WORKSPACE>/Gaussian/A17/EXCHANGE_R1/results/object_2007_early_portable,25387349f2beb0f96d242ca9b954a62e6bfcc22e30747f954ca70f472e65a2bd,26106a1c238544d78f76de616ce9d2614f2f15120f481ce864ad6bd62b0113ef,"[96, 144]",-0.0009388213571948658,5.483963469807679e-08,-0.0009373130874562876,1.4534301038800763e-06,6,8,7.923586935705524e-15,False,False,"Fixed physical Maxwell core, <=k additions; a positive pair is not automatically a 1-swap trap."
2007,early,8,<WORKSPACE>/Gaussian/A17/EXCHANGE_R1/results/object_2007_early_portable,25387349f2beb0f96d242ca9b954a62e6bfcc22e30747f954ca70f472e65a2bd,26106a1c238544d78f76de616ce9d2614f2f15120f481ce864ad6bd62b0113ef,"[128, 144]",1.3823283871979651e-07,5.483963469807679e-08,2.330773864276244e-07,4.0004913009751105e-08,6,8,7.923586935705524e-15,False,False,"Fixed physical Maxwell core, <=k additions; a positive pair is not automatically a 1-swap trap."
2007,early,16,<WORKSPACE>/Gaussian/A17/EXCHANGE_R1/results/object_2007_early_portable,25387349f2beb0f96d242ca9b954a62e6bfcc22e30747f954ca70f472e65a2bd,26106a1c238544d78f76de616ce9d2614f2f15120f481ce864ad6bd62b0113ef,"[16, 32]",1.2261516171785634e-06,2.2606663930846256e-07,1.6771012192899219e-06,2.2488296280289595e-07,14,16,7.923586935705524e-15,False,False,"Fixed physical Maxwell core, <=k additions; a positive pair is not automatically a 1-swap trap."
2007,early,16,<WORKSPACE>/Gaussian/A17/EXCHANGE_R1/results/object_2007_early_portable,25387349f2beb0f96d242ca9b954a62e6bfcc22e30747f954ca70f472e65a2bd,26106a1c238544d78f76de616ce9d2614f2f15120f481ce864ad6bd62b0113ef,"[16, 64]",1.2261516171785634e-06,7.2994802659148185e-06,7.876968352870977e-06,-6.486635302224053e-07,14,16,7.923586935705524e-15,False,False,"Fixed physical Maxwell core, <=k additions; a positive pair is not automatically a 1-swap trap."
2007,early,16,<WORKSPACE>/Gaussian/A17/EXCHANGE_R1/results/object_2007_early_portable,25387349f2beb0f96d242ca9b954a62e6bfcc22e30747f954ca70f472e65a2bd,26106a1c238544d78f76de616ce9d2614f2f15120f481ce864ad6bd62b0113ef,"[16, 96]",1.2261516171785634e-06,-4.762938898677507e-06,-1.5274863724892177e-06,2.009300909009726e-06,14,16,7.923586935705524e-15,False,False,"Fixed physical Maxwell core, <=k additions; a positive pair is not automatically a 1-swap trap."
2007,early,16,<WORKSPACE>/Gaussian/A17/EXCHANGE_R1/results/object_2007_early_portable,25387349f2beb0f96d242ca9b954a62e6bfcc22e30747f954ca70f472e65a2bd,26106a1c238544d78f76de616ce9d2614f2f15120f481ce864ad6bd62b0113ef,"[16, 128]",1.2261516171785634e-06,2.643602819324052e-07,1.4917070416144452e-06,1.1951425034765864e-09,14,16,7.923586935705524e-15,False,False,"Fixed physical Maxwell core, <=k additions; a positive pair is not automatically a 1-swap trap."
2007,early,16,<WORKSPACE>/Gaussian/A17/EXCHANGE_R1/results/object_2007_early_portable,25387349f2beb0f96d242ca9b954a62e6bfcc22e30747f954ca70f472e65a2bd,26106a1c238544d78f76de616ce9d2614f2f15120f481ce864ad6bd62b0113ef,"[16, 144]",1.2261516171785634e-06,6.587081726575497e-09,1.2340462028905461e-06,1.3075039854072675e-09,14,16,7.923586935705524e-15,False,False,"Fixed physical Maxwell core, <=k additions; a positive pair is not automatically a 1-swap trap."
2007,early,16,<WORKSPACE>/Gaussian/A17/EXCHANGE_R1/results/object_2007_early_portable,25387349f2beb0f96d242ca9b954a62e6bfcc22e30747f954ca70f472e65a2bd,26106a1c238544d78f76de616ce9d2614f2f15120f481ce864ad6bd62b0113ef,"[32, 64]",2.2606663930846256e-07,7.2994802659148185e-06,6.162604271957426e-06,-1.362942633265855e-06,14,16,7.923586935705524e-15,False,False,"Fixed physical Maxwell core, <=k additions; a positive pair is not automatically a 1-swap trap."
2007,early,16,<WORKSPACE>/Gaussian/A17/EXCHANGE_R1/results/object_2007_early_portable,25387349f2beb0f96d242ca9b954a62e6bfcc22e30747f954ca70f472e65a2bd,26106a1c238544d78f76de616ce9d2614f2f15120f481ce864ad6bd62b0113ef,"[32, 96]",2.2606663930846256e-07,-4.762938898677507e-06,-3.255878663375154e-06,1.2809935959938905e-06,14,16,7.923586935705524e-15,False,False,"Fixed physical Maxwell core, <=k additions; a positive pair is not automatically a 1-swap trap."
2007,early,16,<WORKSPACE>/Gaussian/A17/EXCHANGE_R1/results/object_2007_early_portable,25387349f2beb0f96d242ca9b954a62e6bfcc22e30747f954ca70f472e65a2bd,26106a1c238544d78f76de616ce9d2614f2f15120f481ce864ad6bd62b0113ef,"[32, 128]",2.2606663930846256e-07,2.643602819324052e-07,5.686824592944525e-07,7.825553805358476e-08,14,16,7.923586935705524e-15,False,False,"Fixed physical Maxwell core, <=k additions; a positive pair is not automatically a 1-swap trap."
2007,early,16,<WORKSPACE>/Gaussian/A17/EXCHANGE_R1/results/object_2007_early_portable,25387349f2beb0f96d242ca9b954a62e6bfcc22e30747f954ca70f472e65a2bd,26106a1c238544d78f76de616ce9d2614f2f15120f481ce864ad6bd62b0113ef,"[32, 144]",2.2606663930846256e-07,6.587081726575497e-09,2.4559067279876887e-07,1.293695176373082e-08,14,16,7.923586935705524e-15,False,False,"Fixed physical Maxwell core, <=k additions; a positive pair is not automatically a 1-swap trap."
2007,early,16,<WORKSPACE>/Gaussian/A17/EXCHANGE_R1/results/object_2007_early_portable,25387349f2beb0f96d242ca9b954a62e6bfcc22e30747f954ca70f472e65a2bd,26106a1c238544d78f76de616ce9d2614f2f15120f481ce864ad6bd62b0113ef,"[64, 96]",7.2994802659148185e-06,-4.762938898677507e-06,-1.6766343218204578e-06,-4.213175689057769e-06,14,16,7.923586935705524e-15,False,False,"Fixed physical Maxwell core, <=k additions; a positive pair is not automatically a 1-swap trap."
2007,early,16,<WORKSPACE>/Gaussian/A17/EXCHANGE_R1/results/object_2007_early_portable,25387349f2beb0f96d242ca9b954a62e6bfcc22e30747f954ca70f472e65a2bd,26106a1c238544d78f76de616ce9d2614f2f15120f481ce864ad6bd62b0113ef,"[64, 128]",7.2994802659148185e-06,2.643602819324052e-07,7.63462670274136e-06,7.078615489413617e-08,14,16,7.923586935705524e-15,False,False,"Fixed physical Maxwell core, <=k additions; a positive pair is not automatically a 1-swap trap."
2007,early,16,<WORKSPACE>/Gaussian/A17/EXCHANGE_R1/results/object_2007_early_portable,25387349f2beb0f96d242ca9b954a62e6bfcc22e30747f954ca70f472e65a2bd,26106a1c238544d78f76de616ce9d2614f2f15120f481ce864ad6bd62b0113ef,"[64, 144]",7.2994802659148185e-06,6.587081726575497e-09,7.348325217882635e-06,4.225787024124135e-08,14,16,7.923586935705524e-15,False,False,"Fixed physical Maxwell core, <=k additions; a positive pair is not automatically a 1-swap trap."
2007,early,16,<WORKSPACE>/Gaussian/A17/EXCHANGE_R1/results/object_2007_early_portable,25387349f2beb0f96d242ca9b954a62e6bfcc22e30747f954ca70f472e65a2bd,26106a1c238544d78f76de616ce9d2614f2f15120f481ce864ad6bd62b0113ef,"[96, 128]",-4.762938898677507e-06,2.643602819324052e-07,-4.575292924302253e-06,-7.671430755715118e-08,14,16,7.923586935705524e-15,False,False,"Fixed physical Maxwell core, <=k additions; a positive pair is not automatically a 1-swap trap."
2007,early,16,<WORKSPACE>/Gaussian/A17/EXCHANGE_R1/results/object_2007_early_portable,25387349f2beb0f96d242ca9b954a62e6bfcc22e30747f954ca70f472e65a2bd,26106a1c238544d78f76de616ce9d2614f2f15120f481ce864ad6bd62b0113ef,"[96, 144]",-4.762938898677507e-06,6.587081726575497e-09,-4.711880492362337e-06,4.447132458859479e-08,14,16,7.923586935705524e-15,False,False,"Fixed physical Maxwell core, <=k additions; a positive pair is not automatically a 1-swap trap."
2007,early,16,<WORKSPACE>/Gaussian/A17/EXCHANGE_R1/results/object_2007_early_portable,25387349f2beb0f96d242ca9b954a62e6bfcc22e30747f954ca70f472e65a2bd,26106a1c238544d78f76de616ce9d2614f2f15120f481ce864ad6bd62b0113ef,"[128, 144]",2.643602819324052e-07,6.587081726575497e-09,2.6887714460011525e-07,-2.0702190588654704e-09,14,16,7.923586935705524e-15,False,False,"Fixed physical Maxwell core, <=k additions; a positive pair is not automatically a 1-swap trap."
2007,late,4,<WORKSPACE>/Gaussian/A17/EXCHANGE_R1/results/object_2007_late,8b6ae019adc6227a1c90d1bb327c514b1a79631e0803834efb187b2f9b415f24,87b802fa63668f337f8ab5563faed5907a2fbbc8afe91916d542368a05106d7c,"[4, 32]",2.6251176955725494e-05,-0.0009157025339303719,8.38467792839742e-05,0.0009732981362586206,2,4,8.874192326995243e-19,False,False,"Fixed physical Maxwell core, <=k additions; a positive pair is not automatically a 1-swap trap."
2007,late,4,<WORKSPACE>/Gaussian/A17/EXCHANGE_R1/results/object_2007_late,8b6ae019adc6227a1c90d1bb327c514b1a79631e0803834efb187b2f9b415f24,87b802fa63668f337f8ab5563faed5907a2fbbc8afe91916d542368a05106d7c,"[4, 64]",2.6251176955725494e-05,-0.0001709229112625418,0.0001555065555826601,0.00030017828988947637,2,4,8.874192326995243e-19,False,False,"Fixed physical Maxwell core, <=k additions; a positive pair is not automatically a 1-swap trap."
2007,late,4,<WORKSPACE>/Gaussian/A17/EXCHANGE_R1/results/object_2007_late,8b6ae019adc6227a1c90d1bb327c514b1a79631e0803834efb187b2f9b415f24,87b802fa63668f337f8ab5563faed5907a2fbbc8afe91916d542368a05106d7c,"[4, 96]",2.6251176955725494e-05,4.1119840904609234e-06,0.00014873103083595134,0.00011836786978976493,2,4,8.874192326995243e-19,False,False,"Fixed physical Maxwell core, <=k additions; a positive pair is not automatically a 1-swap trap."
2007,late,4,<WORKSPACE>/Gaussian/A17/EXCHANGE_R1/results/object_2007_late,8b6ae019adc6227a1c90d1bb327c514b1a79631e0803834efb187b2f9b415f24,87b802fa63668f337f8ab5563faed5907a2fbbc8afe91916d542368a05106d7c,"[4, 128]",2.6251176955725494e-05,-2.6714450498275594e-05,4.727582792019843e-05,4.7739101462748534e-05,2,4,8.874192326995243e-19,False,False,"Fixed physical Maxwell core, <=k additions; a positive pair is not automatically a 1-swap trap."
2007,late,4,<WORKSPACE>/Gaussian/A17/EXCHANGE_R1/results/object_2007_late,8b6ae019adc6227a1c90d1bb327c514b1a79631e0803834efb187b2f9b415f24,87b802fa63668f337f8ab5563faed5907a2fbbc8afe91916d542368a05106d7c,"[4, 144]",2.6251176955725494e-05,-0.0006684688944692139,6.323734701771074e-05,0.0007054550645311992,2,4,8.874192326995243e-19,False,False,"Fixed physical Maxwell core, <=k additions; a positive pair is not automatically a 1-swap trap."
2007,late,4,<WORKSPACE>/Gaussian/A17/EXCHANGE_R1/results/object_2007_late,8b6ae019adc6227a1c90d1bb327c514b1a79631e0803834efb187b2f9b415f24,87b802fa63668f337f8ab5563faed5907a2fbbc8afe91916d542368a05106d7c,"[32, 64]",-0.0009157025339303719,-0.0001709229112625418,-0.00012996234540072805,0.0009566630997921856,2,4,8.874192326995243e-19,False,False,"Fixed physical Maxwell core, <=k additions; a positive pair is not automatically a 1-swap trap."
2007,late,4,<WORKSPACE>/Gaussian/A17/EXCHANGE_R1/results/object_2007_late,8b6ae019adc6227a1c90d1bb327c514b1a79631e0803834efb187b2f9b415f24,87b802fa63668f337f8ab5563faed5907a2fbbc8afe91916d542368a05106d7c,"[32, 96]",-0.0009157025339303719,4.1119840904609234e-06,6.693005583606601e-07,0.0009122598503982717,2,4,8.874192326995243e-19,False,False,"Fixed physical Maxwell core, <=k additions; a positive pair is not automatically a 1-swap trap."
2007,late,4,<WORKSPACE>/Gaussian/A17/EXCHANGE_R1/results/object_2007_late,8b6ae019adc6227a1c90d1bb327c514b1a79631e0803834efb187b2f9b415f24,87b802fa63668f337f8ab5563faed5907a2fbbc8afe91916d542368a05106d7c,"[32, 128]",-0.0009157025339303719,-2.6714450498275594e-05,-0.0007924534440204228,0.00014996354040822473,2,4,8.874192326995243e-19,False,False,"Fixed physical Maxwell core, <=k additions; a positive pair is not automatically a 1-swap trap."
2007,late,4,<WORKSPACE>/Gaussian/A17/EXCHANGE_R1/results/object_2007_late,8b6ae019adc6227a1c90d1bb327c514b1a79631e0803834efb187b2f9b415f24,87b802fa63668f337f8ab5563faed5907a2fbbc8afe91916d542368a05106d7c,"[32, 144]",-0.0009157025339303719,-0.0006684688944692139,-0.0015687934894781205,1.537793892146533e-05,2,4,8.874192326995243e-19,False,False,"Fixed physical Maxwell core, <=k additions; a positive pair is not automatically a 1-swap trap."
2007,late,4,<WORKSPACE>/Gaussian/A17/EXCHANGE_R1/results/object_2007_late,8b6ae019adc6227a1c90d1bb327c514b1a79631e0803834efb187b2f9b415f24,87b802fa63668f337f8ab5563faed5907a2fbbc8afe91916d542368a05106d7c,"[64, 96]",-0.0001709229112625418,4.1119840904609234e-06,0.00014743153656199953,0.0003142424637340804,2,4,8.874192326995243e-19,False,False,"Fixed physical Maxwell core, <=k additions; a positive pair is not automatically a 1-swap trap."
2007,late,4,<WORKSPACE>/Gaussian/A17/EXCHANGE_R1/results/object_2007_late,8b6ae019adc6227a1c90d1bb327c514b1a79631e0803834efb187b2f9b415f24,87b802fa63668f337f8ab5563faed5907a2fbbc8afe91916d542368a05106d7c,"[64, 128]",-0.0001709229112625418,-2.6714450498275594e-05,-0.0001302050605159442,6.74323012448732e-05,2,4,8.874192326995243e-19,False,False,"Fixed physical Maxwell core, <=k additions; a positive pair is not automatically a 1-swap trap."
2007,late,4,<WORKSPACE>/Gaussian/A17/EXCHANGE_R1/results/object_2007_late,8b6ae019adc6227a1c90d1bb327c514b1a79631e0803834efb187b2f9b415f24,87b802fa63668f337f8ab5563faed5907a2fbbc8afe91916d542368a05106d7c,"[64, 144]",-0.0001709229112625418,-0.0006684688944692139,-0.000135353612634816,0.0007040381930969397,2,4,8.874192326995243e-19,False,False,"Fixed physical Maxwell core, <=k additions; a positive pair is not automatically a 1-swap trap."
2007,late,4,<WORKSPACE>/Gaussian/A17/EXCHANGE_R1/results/object_2007_late,8b6ae019adc6227a1c90d1bb327c514b1a79631e0803834efb187b2f9b415f24,87b802fa63668f337f8ab5563faed5907a2fbbc8afe91916d542368a05106d7c,"[96, 128]",4.1119840904609234e-06,-2.6714450498275594e-05,1.6201304999491567e-05,3.880377140730624e-05,2,4,8.874192326995243e-19,False,False,"Fixed physical Maxwell core, <=k additions; a positive pair is not automatically a 1-swap trap."
2007,late,4,<WORKSPACE>/Gaussian/A17/EXCHANGE_R1/results/object_2007_late,8b6ae019adc6227a1c90d1bb327c514b1a79631e0803834efb187b2f9b415f24,87b802fa63668f337f8ab5563faed5907a2fbbc8afe91916d542368a05106d7c,"[96, 144]",4.1119840904609234e-06,-0.0006684688944692139,9.245590109472143e-05,0.0007568128114734745,2,4,8.874192326995243e-19,False,False,"Fixed physical Maxwell core, <=k additions; a positive pair is not automatically a 1-swap trap."
2007,late,4,<WORKSPACE>/Gaussian/A17/EXCHANGE_R1/results/object_2007_late,8b6ae019adc6227a1c90d1bb327c514b1a79631e0803834efb187b2f9b415f24,87b802fa63668f337f8ab5563faed5907a2fbbc8afe91916d542368a05106d7c,"[128, 144]",-2.6714450498275594e-05,-0.0006684688944692139,-0.0007635275189324111,-6.834417396492159e-05,2,4,8.874192326995243e-19,False,False,"Fixed physical Maxwell core, <=k additions; a positive pair is not automatically a 1-swap trap."
2007,late,8,<WORKSPACE>/Gaussian/A17/EXCHANGE_R1/results/object_2007_late,8b6ae019adc6227a1c90d1bb327c514b1a79631e0803834efb187b2f9b415f24,87b802fa63668f337f8ab5563faed5907a2fbbc8afe91916d542368a05106d7c,"[8, 32]",5.7116866241781945e-05,3.601145726224732e-05,6.606708310899927e-05,-2.706124039502999e-05,6,8,8.874192326995243e-19,False,False,"Fixed physical Maxwell core, <=k additions; a positive pair is not automatically a 1-swap trap."
2007,late,8,<WORKSPACE>/Gaussian/A17/EXCHANGE_R1/results/object_2007_late,8b6ae019adc6227a1c90d1bb327c514b1a79631e0803834efb187b2f9b415f24,87b802fa63668f337f8ab5563faed5907a2fbbc8afe91916d542368a05106d7c,"[8, 64]",5.7116866241781945e-05,7.4329123623928295e-06,6.229322030011723e-05,-2.2565583040575475e-06,6,8,8.874192326995243e-19,False,False,"Fixed physical Maxwell core, <=k additions; a positive pair is not automatically a 1-swap trap."
2007,late,8,<WORKSPACE>/Gaussian/A17/EXCHANGE_R1/results/object_2007_late,8b6ae019adc6227a1c90d1bb327c514b1a79631e0803834efb187b2f9b415f24,87b802fa63668f337f8ab5563faed5907a2fbbc8afe91916d542368a05106d7c,"[8, 96]",5.7116866241781945e-05,2.9479546326534237e-05,6.681925649716319e-05,-1.9777156071152994e-05,6,8,8.874192326995243e-19,False,False,"Fixed physical Maxwell core, <=k additions; a positive pair is not automatically a 1-swap trap."
2007,late,8,<WORKSPACE>/Gaussian/A17/EXCHANGE_R1/results/object_2007_late,8b6ae019adc6227a1c90d1bb327c514b1a79631e0803834efb187b2f9b415f24,87b802fa63668f337f8ab5563faed5907a2fbbc8afe91916d542368a05106d7c,"[8, 128]",5.7116866241781945e-05,8.979140955133745e-06,5.790540377116753e-05,-8.190603425748159e-06,6,8,8.874192326995243e-19,False,False,"Fixed physical Maxwell core, <=k additions; a positive pair is not automatically a 1-swap trap."
2007,late,8,<WORKSPACE>/Gaussian/A17/EXCHANGE_R1/results/object_2007_late,8b6ae019adc6227a1c90d1bb327c514b1a79631e0803834efb187b2f9b415f24,87b802fa63668f337f8ab5563faed5907a2fbbc8afe91916d542368a05106d7c,"[8, 144]",5.7116866241781945e-05,7.773667862371159e-07,5.725859483961181e-05,-6.356381884072497e-07,6,8,8.874192326995243e-19,False,False,"Fixed physical Maxwell core, <=k additions; a positive pair is not automatically a 1-swap trap."
2007,late,8,<WORKSPACE>/Gaussian/A17/EXCHANGE_R1/results/object_2007_late,8b6ae019adc6227a1c90d1bb327c514b1a79631e0803834efb187b2f9b415f24,87b802fa63668f337f8ab5563faed5907a2fbbc8afe91916d542368a05106d7c,"[32, 64]",3.601145726224732e-05,7.4329123623928295e-06,4.58060656849018e-05,2.361696060261654e-06,6,8,8.874192326995243e-19,False,False,"Fixed physical Maxwell core, <=k additions; a positive pair is not automatically a 1-swap trap."
2007,late,8,<WORKSPACE>/Gaussian/A17/EXCHANGE_R1/results/object_2007_late,8b6ae019adc6227a1c90d1bb327c514b1a79631e0803834efb187b2f9b415f24,87b802fa63668f337f8ab5563faed5907a2fbbc8afe91916d542368a05106d7c,"[32, 96]",3.601145726224732e-05,2.9479546326534237e-05,3.898420334730554e-05,-2.6506800241476017e-05,6,8,8.874192326995243e-19,False,False,"Fixed physical Maxwell core, <=k additions; a positive pair is not automatically a 1-swap trap."
2007,late,8,<WORKSPACE>/Gaussian/A17/EXCHANGE_R1/results/object_2007_late,8b6ae019adc6227a1c90d1bb327c514b1a79631e0803834efb187b2f9b415f24,87b802fa63668f337f8ab5563faed5907a2fbbc8afe91916d542368a05106d7c,"[32, 128]",3.601145726224732e-05,8.979140955133745e-06,3.933660987114161e-05,-5.653988346239453e-06,6,8,8.874192326995243e-19,False,False,"Fixed physical Maxwell core, <=k additions; a positive pair is not automatically a 1-swap trap."
2007,late,8,<WORKSPACE>/Gaussian/A17/EXCHANGE_R1/results/object_2007_late,8b6ae019adc6227a1c90d1bb327c514b1a79631e0803834efb187b2f9b415f24,87b802fa63668f337f8ab5563faed5907a2fbbc8afe91916d542368a05106d7c,"[32, 144]",3.601145726224732e-05,7.773667862371159e-07,3.6461637238129847e-05,-3.2718681035458697e-07,6,8,8.874192326995243e-19,False,False,"Fixed physical Maxwell core, <=k additions; a positive pair is not automatically a 1-swap trap."
2007,late,8,<WORKSPACE>/Gaussian/A17/EXCHANGE_R1/results/object_2007_late,8b6ae019adc6227a1c90d1bb327c514b1a79631e0803834efb187b2f9b415f24,87b802fa63668f337f8ab5563faed5907a2fbbc8afe91916d542368a05106d7c,"[64, 96]",7.4329123623928295e-06,2.9479546326534237e-05,2.323585211117077e-05,-1.3676606577756295e-05,6,8,8.874192326995243e-19,False,False,"Fixed physical Maxwell core, <=k additions; a positive pair is not automatically a 1-swap trap."
2007,late,8,<WORKSPACE>/Gaussian/A17/EXCHANGE_R1/results/object_2007_late,8b6ae019adc6227a1c90d1bb327c514b1a79631e0803834efb187b2f9b415f24,87b802fa63668f337f8ab5563faed5907a2fbbc8afe91916d542368a05106d7c,"[64, 128]",7.4329123623928295e-06,8.979140955133745e-06,1.1383425748684167e-05,-5.028627568842407e-06,6,8,8.874192326995243e-19,False,False,"Fixed physical Maxwell core, <=k additions; a positive pair is not automatically a 1-swap trap."
2007,late,8,<WORKSPACE>/Gaussian/A17/EXCHANGE_R1/results/object_2007_late,8b6ae019adc6227a1c90d1bb327c514b1a79631e0803834efb187b2f9b415f24,87b802fa63668f337f8ab5563faed5907a2fbbc8afe91916d542368a05106d7c,"[64, 144]",7.4329123623928295e-06,7.773667862371159e-07,5.886129966468904e-06,-2.3241491821610415e-06,6,8,8.874192326995243e-19,False,False,"Fixed physical Maxwell core, <=k additions; a positive pair is not automatically a 1-swap trap."
2007,late,8,<WORKSPACE>/Gaussian/A17/EXCHANGE_R1/results/object_2007_late,8b6ae019adc6227a1c90d1bb327c514b1a79631e0803834efb187b2f9b415f24,87b802fa63668f337f8ab5563faed5907a2fbbc8afe91916d542368a05106d7c,"[96, 128]",2.9479546326534237e-05,8.979140955133745e-06,4.0535880312626035e-05,2.0771930309580533e-06,6,8,8.874192326995243e-19,False,False,"Fixed physical Maxwell core, <=k additions; a positive pair is not automatically a 1-swap trap."
2007,late,8,<WORKSPACE>/Gaussian/A17/EXCHANGE_R1/results/object_2007_late,8b6ae019adc6227a1c90d1bb327c514b1a79631e0803834efb187b2f9b415f24,87b802fa63668f337f8ab5563faed5907a2fbbc8afe91916d542368a05106d7c,"[96, 144]",2.9479546326534237e-05,7.773667862371159e-07,3.00204789273954e-05,-2.3643418537595377e-07,6,8,8.874192326995243e-19,False,False,"Fixed physical Maxwell core, <=k additions; a positive pair is not automatically a 1-swap trap."
2007,late,8,<WORKSPACE>/Gaussian/A17/EXCHANGE_R1/results/object_2007_late,8b6ae019adc6227a1c90d1bb327c514b1a79631e0803834efb187b2f9b415f24,87b802fa63668f337f8ab5563faed5907a2fbbc8afe91916d542368a05106d7c,"[128, 144]",8.979140955133745e-06,7.773667862371159e-07,8.334941408324703e-06,-1.4215663330461572e-06,6,8,8.874192326995243e-19,False,False,"Fixed physical Maxwell core, <=k additions; a positive pair is not automatically a 1-swap trap."
2007,late,16,<WORKSPACE>/Gaussian/A17/EXCHANGE_R1/results/object_2007_late,8b6ae019adc6227a1c90d1bb327c514b1a79631e0803834efb187b2f9b415f24,87b802fa63668f337f8ab5563faed5907a2fbbc8afe91916d542368a05106d7c,"[16, 32]",7.77566973095253e-07,-4.3665336319055494e-07,6.905161887138594e-07,3.4960257880916135e-07,14,16,8.874192326995243e-19,False,False,"Fixed physical Maxwell core, <=k additions; a positive pair is not automatically a 1-swap trap."
2007,late,16,<WORKSPACE>/Gaussian/A17/EXCHANGE_R1/results/object_2007_late,8b6ae019adc6227a1c90d1bb327c514b1a79631e0803834efb187b2f9b415f24,87b802fa63668f337f8ab5563faed5907a2fbbc8afe91916d542368a05106d7c,"[16, 64]",7.77566973095253e-07,-3.239105029922168e-08,7.467833916074884e-07,1.6074688114570864e-09,14,16,8.874192326995243e-19,False,False,"Fixed physical Maxwell core, <=k additions; a positive pair is not automatically a 1-swap trap."
2007,late,16,<WORKSPACE>/Gaussian/A17/EXCHANGE_R1/results/object_2007_late,8b6ae019adc6227a1c90d1bb327c514b1a79631e0803834efb187b2f9b415f24,87b802fa63668f337f8ab5563faed5907a2fbbc8afe91916d542368a05106d7c,"[16, 96]",7.77566973095253e-07,4.1926937998898375e-07,1.4018053647135383e-06,2.0496901162930151e-07,14,16,8.874192326995243e-19,False,False,"Fixed physical Maxwell core, <=k additions; a positive pair is not automatically a 1-swap trap."
2007,late,16,<WORKSPACE>/Gaussian/A17/EXCHANGE_R1/results/object_2007_late,8b6ae019adc6227a1c90d1bb327c514b1a79631e0803834efb187b2f9b415f24,87b802fa63668f337f8ab5563faed5907a2fbbc8afe91916d542368a05106d7c,"[16, 128]",7.77566973095253e-07,-5.8389114908801817e-08,9.831791210422167e-07,2.640012628557655e-07,14,16,8.874192326995243e-19,False,False,"Fixed physical Maxwell core, <=k additions; a positive pair is not automatically a 1-swap trap."
2007,late,16,<WORKSPACE>/Gaussian/A17/EXCHANGE_R1/results/object_2007_late,8b6ae019adc6227a1c90d1bb327c514b1a79631e0803834efb187b2f9b415f24,87b802fa63668f337f8ab5563faed5907a2fbbc8afe91916d542368a05106d7c,"[16, 144]",7.77566973095253e-07,-1.5797123270681702e-08,7.578655685972063e-07,-3.9042812273649975e-09,14,16,8.874192326995243e-19,False,False,"Fixed physical Maxwell core, <=k additions; a positive pair is not automatically a 1-swap trap."
2007,late,16,<WORKSPACE>/Gaussian/A17/EXCHANGE_R1/results/object_2007_late,8b6ae019adc6227a1c90d1bb327c514b1a79631e0803834efb187b2f9b415f24,87b802fa63668f337f8ab5563faed5907a2fbbc8afe91916d542368a05106d7c,"[32, 64]",-4.3665336319055494e-07,-3.239105029922168e-08,-9.702606499149554e-07,-5.012162364251788e-07,14,16,8.874192326995243e-19,False,False,"Fixed physical Maxwell core, <=k additions; a positive pair is not automatically a 1-swap trap."
2007,late,16,<WORKSPACE>/Gaussian/A17/EXCHANGE_R1/results/object_2007_late,8b6ae019adc6227a1c90d1bb327c514b1a79631e0803834efb187b2f9b415f24,87b802fa63668f337f8ab5563faed5907a2fbbc8afe91916d542368a05106d7c,"[32, 96]",-4.3665336319055494e-07,4.1926937998898375e-07,3.2694514283511737e-07,3.443291260366886e-07,14,16,8.874192326995243e-19,False,False,"Fixed physical Maxwell core, <=k additions; a positive pair is not automatically a 1-swap trap."
2007,late,16,<WORKSPACE>/Gaussian/A17/EXCHANGE_R1/results/object_2007_late,8b6ae019adc6227a1c90d1bb327c514b1a79631e0803834efb187b2f9b415f24,87b802fa63668f337f8ab5563faed5907a2fbbc8afe91916d542368a05106d7c,"[32, 128]",-4.3665336319055494e-07,-5.8389114908801817e-08,-6.31343293759318e-07,-1.363008156599613e-07,14,16,8.874192326995243e-19,False,False,"Fixed physical Maxwell core, <=k additions; a positive pair is not automatically a 1-swap trap."
2007,late,16,<WORKSPACE>/Gaussian/A17/EXCHANGE_R1/results/object_2007_late,8b6ae019adc6227a1c90d1bb327c514b1a79631e0803834efb187b2f9b415f24,87b802fa63668f337f8ab5563faed5907a2fbbc8afe91916d542368a05106d7c,"[32, 144]",-4.3665336319055494e-07,-1.5797123270681702e-08,-4.3265415232511716e-07,1.9796334136119486e-08,14,16,8.874192326995243e-19,False,False,"Fixed physical Maxwell core, <=k additions; a positive pair is not automatically a 1-swap trap."
2007,late,16,<WORKSPACE>/Gaussian/A17/EXCHANGE_R1/results/object_2007_late,8b6ae019adc6227a1c90d1bb327c514b1a79631e0803834efb187b2f9b415f24,87b802fa63668f337f8ab5563faed5907a2fbbc8afe91916d542368a05106d7c,"[64, 96]",-3.239105029922168e-08,4.1926937998898375e-07,-2.025459632610468e-07,-5.894242929508089e-07,14,16,8.874192326995243e-19,False,False,"Fixed physical Maxwell core, <=k additions; a positive pair is not automatically a 1-swap trap."
2007,late,16,<WORKSPACE>/Gaussian/A17/EXCHANGE_R1/results/object_2007_late,8b6ae019adc6227a1c90d1bb327c514b1a79631e0803834efb187b2f9b415f24,87b802fa63668f337f8ab5563faed5907a2fbbc8afe91916d542368a05106d7c,"[64, 128]",-3.239105029922168e-08,-5.8389114908801817e-08,3.478737678174405e-07,4.38653933025464e-07,14,16,8.874192326995243e-19,True,True,"Fixed physical Maxwell core, <=k additions; a positive pair is not automatically a 1-swap trap."
2007,late,16,<WORKSPACE>/Gaussian/A17/EXCHANGE_R1/results/object_2007_late,8b6ae019adc6227a1c90d1bb327c514b1a79631e0803834efb187b2f9b415f24,87b802fa63668f337f8ab5563faed5907a2fbbc8afe91916d542368a05106d7c,"[64, 144]",-3.239105029922168e-08,-1.5797123270681702e-08,-4.8176983410649844e-08,1.1190159253536632e-11,14,16,8.874192326995243e-19,False,False,"Fixed physical Maxwell core, <=k additions; a positive pair is not automatically a 1-swap trap."
2007,late,16,<WORKSPACE>/Gaussian/A17/EXCHANGE_R1/results/object_2007_late,8b6ae019adc6227a1c90d1bb327c514b1a79631e0803834efb187b2f9b415f24,87b802fa63668f337f8ab5563faed5907a2fbbc8afe91916d542368a05106d7c,"[96, 128]",4.1926937998898375e-07,-5.8389114908801817e-08,2.358691133824951e-07,-1.2501115169768682e-07,14,16,8.874192326995243e-19,False,False,"Fixed physical Maxwell core, <=k additions; a positive pair is not automatically a 1-swap trap."
2007,late,16,<WORKSPACE>/Gaussian/A17/EXCHANGE_R1/results/object_2007_late,8b6ae019adc6227a1c90d1bb327c514b1a79631e0803834efb187b2f9b415f24,87b802fa63668f337f8ab5563faed5907a2fbbc8afe91916d542368a05106d7c,"[96, 144]",4.1926937998898375e-07,-1.5797123270681702e-08,4.1279963355690175e-07,9.327376838599704e-09,14,16,8.874192326995243e-19,False,False,"Fixed physical Maxwell core, <=k additions; a positive pair is not automatically a 1-swap trap."
2007,late,16,<WORKSPACE>/Gaussian/A17/EXCHANGE_R1/results/object_2007_late,8b6ae019adc6227a1c90d1bb327c514b1a79631e0803834efb187b2f9b415f24,87b802fa63668f337f8ab5563faed5907a2fbbc8afe91916d542368a05106d7c,"[128, 144]",-5.8389114908801817e-08,-1.5797123270681702e-08,-3.4472452247133156e-08,3.971378593235036e-08,14,16,8.874192326995243e-19,False,False,"Fixed physical Maxwell core, <=k additions; a positive pair is not automatically a 1-swap trap."
2007,middle,4,<WORKSPACE>/Gaussian/A17/EXCHANGE_R1/results/object_2007_middle,b21bb4739b29eb7a9609a3988b53c0feb3fd02e4cc8439d65a6ab1dcdbb7ea25,7c708621363a1f54816c3f30f0a5b9490c9fcb305df7cf817f3398432fe3c9bc,"[4, 32]",3.740598646024976e-05,-0.00012453013848263357,4.790450611184645e-05,0.00013502865813423026,2,4,1.213399455334563e-18,False,False,"Fixed physical Maxwell core, <=k additions; a positive pair is not automatically a 1-swap trap."
2007,middle,4,<WORKSPACE>/Gaussian/A17/EXCHANGE_R1/results/object_2007_middle,b21bb4739b29eb7a9609a3988b53c0feb3fd02e4cc8439d65a6ab1dcdbb7ea25,7c708621363a1f54816c3f30f0a5b9490c9fcb305df7cf817f3398432fe3c9bc,"[4, 64]",3.740598646024976e-05,-6.544118969986732e-06,5.231376060155063e-05,2.1451893111287598e-05,2,4,1.213399455334563e-18,False,False,"Fixed physical Maxwell core, <=k additions; a positive pair is not automatically a 1-swap trap."
2007,middle,4,<WORKSPACE>/Gaussian/A17/EXCHANGE_R1/results/object_2007_middle,b21bb4739b29eb7a9609a3988b53c0feb3fd02e4cc8439d65a6ab1dcdbb7ea25,7c708621363a1f54816c3f30f0a5b9490c9fcb305df7cf817f3398432fe3c9bc,"[4, 96]",3.740598646024976e-05,-6.99570325128652e-06,8.429378891248933e-05,5.388350570352609e-05,2,4,1.213399455334563e-18,False,False,"Fixed physical Maxwell core, <=k additions; a positive pair is not automatically a 1-swap trap."
2007,middle,4,<WORKSPACE>/Gaussian/A17/EXCHANGE_R1/results/object_2007_middle,b21bb4739b29eb7a9609a3988b53c0feb3fd02e4cc8439d65a6ab1dcdbb7ea25,7c708621363a1f54816c3f30f0a5b9490c9fcb305df7cf817f3398432fe3c9bc,"[4, 128]",3.740598646024976e-05,-1.0766218173389964e-06,3.7197556631255536e-05,8.681919883447722e-07,2,4,1.213399455334563e-18,False,False,"Fixed physical Maxwell core, <=k additions; a positive pair is not automatically a 1-swap trap."
2007,middle,4,<WORKSPACE>/Gaussian/A17/EXCHANGE_R1/results/object_2007_middle,b21bb4739b29eb7a9609a3988b53c0feb3fd02e4cc8439d65a6ab1dcdbb7ea25,7c708621363a1f54816c3f30f0a5b9490c9fcb305df7cf817f3398432fe3c9bc,"[4, 144]",3.740598646024976e-05,-4.259773769537418e-06,3.66087962988284e-05,3.46258360811606e-06,2,4,1.213399455334563e-18,False,False,"Fixed physical Maxwell core, <=k additions; a positive pair is not automatically a 1-swap trap."
2007,middle,4,<WORKSPACE>/Gaussian/A17/EXCHANGE_R1/results/object_2007_middle,b21bb4739b29eb7a9609a3988b53c0feb3fd02e4cc8439d65a6ab1dcdbb7ea25,7c708621363a1f54816c3f30f0a5b9490c9fcb305df7cf817f3398432fe3c9bc,"[32, 64]",-0.00012453013848263357,-6.544118969986732e-06,5.736228898488028e-06,0.00013681048635110833,2,4,1.213399455334563e-18,True,True,"Fixed physical Maxwell core, <=k additions; a positive pair is not automatically a 1-swap trap."
2007,middle,4,<WORKSPACE>/Gaussian/A17/EXCHANGE_R1/results/object_2007_middle,b21bb4739b29eb7a9609a3988b53c0feb3fd02e4cc8439d65a6ab1dcdbb7ea25,7c708621363a1f54816c3f30f0a5b9490c9fcb305df7cf817f3398432fe3c9bc,"[32, 96]",-0.00012453013848263357,-6.99570325128652e-06,1.1928555213813833e-05,0.0001434543969477339,2,4,1.213399455334563e-18,True,False,"Fixed physical Maxwell core, <=k additions; a positive pair is not automatically a 1-swap trap."
2007,middle,4,<WORKSPACE>/Gaussian/A17/EXCHANGE_R1/results/object_2007_middle,b21bb4739b29eb7a9609a3988b53c0feb3fd02e4cc8439d65a6ab1dcdbb7ea25,7c708621363a1f54816c3f30f0a5b9490c9fcb305df7cf817f3398432fe3c9bc,"[32, 128]",-0.00012453013848263357,-1.0766218173389964e-06,-0.00012707447354686264,-1.4677132468900732e-06,2,4,1.213399455334563e-18,False,False,"Fixed physical Maxwell core, <=k additions; a positive pair is not automatically a 1-swap trap."
2007,middle,4,<WORKSPACE>/Gaussian/A17/EXCHANGE_R1/results/object_2007_middle,b21bb4739b29eb7a9609a3988b53c0feb3fd02e4cc8439d65a6ab1dcdbb7ea25,7c708621363a1f54816c3f30f0a5b9490c9fcb305df7cf817f3398432fe3c9bc,"[32, 144]",-0.00012453013848263357,-4.259773769537418e-06,-0.0001256236854860674,3.1662267661035796e-06,2,4,1.213399455334563e-18,False,False,"Fixed physical Maxwell core, <=k additions; a positive pair is not automatically a 1-swap trap."
2007,middle,4,<WORKSPACE>/Gaussian/A17/EXCHANGE_R1/results/object_2007_middle,b21bb4739b29eb7a9609a3988b53c0feb3fd02e4cc8439d65a6ab1dcdbb7ea25,7c708621363a1f54816c3f30f0a5b9490c9fcb305df7cf817f3398432fe3c9bc,"[64, 96]",-6.544118969986732e-06,-6.99570325128652e-06,2.9553297222912216e-05,4.309311944418547e-05,2,4,1.213399455334563e-18,True,False,"Fixed physical Maxwell core, <=k additions; a positive pair is not automatically a 1-swap trap."
2007,middle,4,<WORKSPACE>/Gaussian/A17/EXCHANGE_R1/results/object_2007_middle,b21bb4739b29eb7a9609a3988b53c0feb3fd02e4cc8439d65a6ab1dcdbb7ea25,7c708621363a1f54816c3f30f0a5b9490c9fcb305df7cf817f3398432fe3c9bc,"[64, 128]",-6.544118969986732e-06,-1.0766218173389964e-06,-7.747890588447748e-06,-1.2714980112201948e-07,2,4,1.213399455334563e-18,False,False,"Fixed physical Maxwell core, <=k additions; a positive pair is not automatically a 1-swap trap."
2007,middle,4,<WORKSPACE>/Gaussian/A17/EXCHANGE_R1/results/object_2007_middle,b21bb4739b29eb7a9609a3988b53c0feb3fd02e4cc8439d65a6ab1dcdbb7ea25,7c708621363a1f54816c3f30f0a5b9490c9fcb305df7cf817f3398432fe3c9bc,"[64, 144]",-6.544118969986732e-06,-4.259773769537418e-06,-7.236177825221341e-06,3.5677149143028086e-06,2,4,1.213399455334563e-18,False,False,"Fixed physical Maxwell core, <=k additions; a positive pair is not automatically a 1-swap trap."
2007,middle,4,<WORKSPACE>/Gaussian/A17/EXCHANGE_R1/results/object_2007_middle,b21bb4739b29eb7a9609a3988b53c0feb3fd02e4cc8439d65a6ab1dcdbb7ea25,7c708621363a1f54816c3f30f0a5b9490c9fcb305df7cf817f3398432fe3c9bc,"[96, 128]",-6.99570325128652e-06,-1.0766218173389964e-06,-8.168944632219703e-06,-9.661956359418639e-08,2,4,1.213399455334563e-18,False,False,"Fixed physical Maxwell core, <=k additions; a positive pair is not automatically a 1-swap trap."
2007,middle,4,<WORKSPACE>/Gaussian/A17/EXCHANGE_R1/results/object_2007_middle,b21bb4739b29eb7a9609a3988b53c0feb3fd02e4cc8439d65a6ab1dcdbb7ea25,7c708621363a1f54816c3f30f0a5b9490c9fcb305df7cf817f3398432fe3c9bc,"[96, 144]",-6.99570325128652e-06,-4.259773769537418e-06,-5.877764173902418e-06,5.37771284692152e-06,2,4,1.213399455334563e-18,False,False,"Fixed physical Maxwell core, <=k additions; a positive pair is not automatically a 1-swap trap."
2007,middle,4,<WORKSPACE>/Gaussian/A17/EXCHANGE_R1/results/object_2007_middle,b21bb4739b29eb7a9609a3988b53c0feb3fd02e4cc8439d65a6ab1dcdbb7ea25,7c708621363a1f54816c3f30f0a5b9490c9fcb305df7cf817f3398432fe3c9bc,"[128, 144]",-1.0766218173389964e-06,-4.259773769537418e-06,-5.287443172055419e-06,4.895241482099626e-08,2,4,1.213399455334563e-18,False,False,"Fixed physical Maxwell core, <=k additions; a positive pair is not automatically a 1-swap trap."
2007,middle,8,<WORKSPACE>/Gaussian/A17/EXCHANGE_R1/results/object_2007_middle,b21bb4739b29eb7a9609a3988b53c0feb3fd02e4cc8439d65a6ab1dcdbb7ea25,7c708621363a1f54816c3f30f0a5b9490c9fcb305df7cf817f3398432fe3c9bc,"[8, 32]",4.06294311431195e-07,-9.603847913715956e-07,-3.3589239264284853e-07,2.1819808729755212e-07,6,8,1.213399455334563e-18,False,False,"Fixed physical Maxwell core, <=k additions; a positive pair is not automatically a 1-swap trap."
2007,middle,8,<WORKSPACE>/Gaussian/A17/EXCHANGE_R1/results/object_2007_middle,b21bb4739b29eb7a9609a3988b53c0feb3fd02e4cc8439d65a6ab1dcdbb7ea25,7c708621363a1f54816c3f30f0a5b9490c9fcb305df7cf817f3398432fe3c9bc,"[8, 64]",4.06294311431195e-07,1.1644245408328328e-06,1.3844728478645986e-06,-1.86246004399429e-07,6,8,1.213399455334563e-18,False,False,"Fixed physical Maxwell core, <=k additions; a positive pair is not automatically a 1-swap trap."
2007,middle,8,<WORKSPACE>/Gaussian/A17/EXCHANGE_R1/results/object_2007_middle,b21bb4739b29eb7a9609a3988b53c0feb3fd02e4cc8439d65a6ab1dcdbb7ea25,7c708621363a1f54816c3f30f0a5b9490c9fcb305df7cf817f3398432fe3c9bc,"[8, 96]",4.06294311431195e-07,-4.49487017333455e-08,5.798771080652439e-07,2.1853149836739442e-07,6,8,1.213399455334563e-18,False,False,"Fixed physical Maxwell core, <=k additions; a positive pair is not automatically a 1-swap trap."
2007,middle,8,<WORKSPACE>/Gaussian/A17/EXCHANGE_R1/results/object_2007_middle,b21bb4739b29eb7a9609a3988b53c0feb3fd02e4cc8439d65a6ab1dcdbb7ea25,7c708621363a1f54816c3f30f0a5b9490c9fcb305df7cf817f3398432fe3c9bc,"[8, 128]",4.06294311431195e-07,1.4022135901648045e-08,3.937237617431202e-07,-2.659268558972281e-08,6,8,1.213399455334563e-18,False,False,"Fixed physical Maxwell core, <=k additions; a positive pair is not automatically a 1-swap trap."
2007,middle,8,<WORKSPACE>/Gaussian/A17/EXCHANGE_R1/results/object_2007_middle,b21bb4739b29eb7a9609a3988b53c0feb3fd02e4cc8439d65a6ab1dcdbb7ea25,7c708621363a1f54816c3f30f0a5b9490c9fcb305df7cf817f3398432fe3c9bc,"[8, 144]",4.06294311431195e-07,-1.531152073986189e-08,3.9669760403300293e-07,5.714813341669849e-09,6,8,1.213399455334563e-18,False,False,"Fixed physical Maxwell core, <=k additions; a positive pair is not automatically a 1-swap trap."
2007,middle,8,<WORKSPACE>/Gaussian/A17/EXCHANGE_R1/results/object_2007_middle,b21bb4739b29eb7a9609a3988b53c0feb3fd02e4cc8439d65a6ab1dcdbb7ea25,7c708621363a1f54816c3f30f0a5b9490c9fcb305df7cf817f3398432fe3c9bc,"[32, 64]",-9.603847913715956e-07,1.1644245408328328e-06,1.0692572099770995e-06,8.652174605158621e-07,6,8,1.213399455334563e-18,False,False,"Fixed physical Maxwell core, <=k additions; a positive pair is not automatically a 1-swap trap."
2007,middle,8,<WORKSPACE>/Gaussian/A17/EXCHANGE_R1/results/object_2007_middle,b21bb4739b29eb7a9609a3988b53c0feb3fd02e4cc8439d65a6ab1dcdbb7ea25,7c708621363a1f54816c3f30f0a5b9490c9fcb305df7cf817f3398432fe3c9bc,"[32, 96]",-9.603847913715956e-07,-4.49487017333455e-08,-9.021690438671979e-08,9.151165887182213e-07,6,8,1.213399455334563e-18,False,False,"Fixed physical Maxwell core, <=k additions; a positive pair is not automatically a 1-swap trap."
2007,middle,8,<WORKSPACE>/Gaussian/A17/EXCHANGE_R1/results/object_2007_middle,b21bb4739b29eb7a9609a3988b53c0feb3fd02e4cc8439d65a6ab1dcdbb7ea25,7c708621363a1f54816c3f30f0a5b9490c9fcb305df7cf817f3398432fe3c9bc,"[32, 128]",-9.603847913715956e-07,1.4022135901648045e-08,-9.022433932514425e-07,4.4119262218505116e-08,6,8,1.213399455334563e-18,False,False,"Fixed physical Maxwell core, <=k additions; a positive pair is not automatically a 1-swap trap."
2007,middle,8,<WORKSPACE>/Gaussian/A17/EXCHANGE_R1/results/object_2007_middle,b21bb4739b29eb7a9609a3988b53c0feb3fd02e4cc8439d65a6ab1dcdbb7ea25,7c708621363a1f54816c3f30f0a5b9490c9fcb305df7cf817f3398432fe3c9bc,"[32, 144]",-9.603847913715956e-07,-1.531152073986189e-08,-9.634349757058341e-07,1.226133640562338e-08,6,8,1.213399455334563e-18,False,False,"Fixed physical Maxwell core, <=k additions; a positive pair is not automatically a 1-swap trap."
2007,middle,8,<WORKSPACE>/Gaussian/A17/EXCHANGE_R1/results/object_2007_middle,b21bb4739b29eb7a9609a3988b53c0feb3fd02e4cc8439d65a6ab1dcdbb7ea25,7c708621363a1f54816c3f30f0a5b9490c9fcb305df7cf817f3398432fe3c9bc,"[64, 96]",1.1644245408328328e-06,-4.49487017333455e-08,1.8977008394785302e-06,7.78225000379043e-07,6,8,1.213399455334563e-18,False,False,"Fixed physical Maxwell core, <=k additions; a positive pair is not automatically a 1-swap trap."
2007,middle,8,<WORKSPACE>/Gaussian/A17/EXCHANGE_R1/results/object_2007_middle,b21bb4739b29eb7a9609a3988b53c0feb3fd02e4cc8439d65a6ab1dcdbb7ea25,7c708621363a1f54816c3f30f0a5b9490c9fcb305df7cf817f3398432fe3c9bc,"[64, 128]",1.1644245408328328e-06,1.4022135901648045e-08,1.1009196975811913e-06,-7.752697915328946e-08,6,8,1.213399455334563e-18,False,False,"Fixed physical Maxwell core, <=k additions; a positive pair is not automatically a 1-swap trap."
2007,middle,8,<WORKSPACE>/Gaussian/A17/EXCHANGE_R1/results/object_2007_middle,b21bb4739b29eb7a9609a3988b53c0feb3fd02e4cc8439d65a6ab1dcdbb7ea25,7c708621363a1f54816c3f30f0a5b9490c9fcb305df7cf817f3398432fe3c9bc,"[64, 144]",1.1644245408328328e-06,-1.531152073986189e-08,1.1215256192186794e-06,-2.758740087429147e-08,6,8,1.213399455334563e-18,False,False,"Fixed physical Maxwell core, <=k additions; a positive pair is not automatically a 1-swap trap."
2007,middle,8,<WORKSPACE>/Gaussian/A17/EXCHANGE_R1/results/object_2007_middle,b21bb4739b29eb7a9609a3988b53c0feb3fd02e4cc8439d65a6ab1dcdbb7ea25,7c708621363a1f54816c3f30f0a5b9490c9fcb305df7cf817f3398432fe3c9bc,"[96, 128]",-4.49487017333455e-08,1.4022135901648045e-08,-7.992000094990191e-08,-4.8993435118204464e-08,6,8,1.213399455334563e-18,False,False,"Fixed physical Maxwell core, <=k additions; a positive pair is not automatically a 1-swap trap."
2007,middle,8,<WORKSPACE>/Gaussian/A17/EXCHANGE_R1/results/object_2007_middle,b21bb4739b29eb7a9609a3988b53c0feb3fd02e4cc8439d65a6ab1dcdbb7ea25,7c708621363a1f54816c3f30f0a5b9490c9fcb305df7cf817f3398432fe3c9bc,"[96, 144]",-4.49487017333455e-08,-1.531152073986189e-08,-6.587881809827023e-08,-5.61859562506284e-09,6,8,1.213399455334563e-18,False,False,"Fixed physical Maxwell core, <=k additions; a positive pair is not automatically a 1-swap trap."
2007,middle,8,<WORKSPACE>/Gaussian/A17/EXCHANGE_R1/results/object_2007_middle,b21bb4739b29eb7a9609a3988b53c0feb3fd02e4cc8439d65a6ab1dcdbb7ea25,7c708621363a1f54816c3f30f0a5b9490c9fcb305df7cf817f3398432fe3c9bc,"[128, 144]",1.4022135901648045e-08,-1.531152073986189e-08,2.091456069885666e-10,1.4985304452024111e-09,6,8,1.213399455334563e-18,False,False,"Fixed physical Maxwell core, <=k additions; a positive pair is not automatically a 1-swap trap."
2007,middle,16,<WORKSPACE>/Gaussian/A17/EXCHANGE_R1/results/object_2007_middle,b21bb4739b29eb7a9609a3988b53c0feb3fd02e4cc8439d65a6ab1dcdbb7ea25,7c708621363a1f54816c3f30f0a5b9490c9fcb305df7cf817f3398432fe3c9bc,"[16, 32]",8.708341154446465e-08,1.9994344853968682e-07,3.220149218118535e-07,3.498806172770205e-08,14,16,1.213399455334563e-18,False,False,"Fixed physical Maxwell core, <=k additions; a positive pair is not automatically a 1-swap trap."
2007,middle,16,<WORKSPACE>/Gaussian/A17/EXCHANGE_R1/results/object_2007_middle,b21bb4739b29eb7a9609a3988b53c0feb3fd02e4cc8439d65a6ab1dcdbb7ea25,7c708621363a1f54816c3f30f0a5b9490c9fcb305df7cf817f3398432fe3c9bc,"[16, 64]",8.708341154446465e-08,-5.267248820183527e-07,-4.940921581333712e-07,-5.445068765948314e-08,14,16,1.213399455334563e-18,False,False,"Fixed physical Maxwell core, <=k additions; a positive pair is not automatically a 1-swap trap."
2007,middle,16,<WORKSPACE>/Gaussian/A17/EXCHANGE_R1/results/object_2007_middle,b21bb4739b29eb7a9609a3988b53c0feb3fd02e4cc8439d65a6ab1dcdbb7ea25,7c708621363a1f54816c3f30f0a5b9490c9fcb305df7cf817f3398432fe3c9bc,"[16, 96]",8.708341154446465e-08,1.6639194798466462e-06,1.730047318088893e-06,-2.0955573302217735e-08,14,16,1.213399455334563e-18,False,False,"Fixed physical Maxwell core, <=k additions; a positive pair is not automatically a 1-swap trap."
2007,middle,16,<WORKSPACE>/Gaussian/A17/EXCHANGE_R1/results/object_2007_middle,b21bb4739b29eb7a9609a3988b53c0feb3fd02e4cc8439d65a6ab1dcdbb7ea25,7c708621363a1f54816c3f30f0a5b9490c9fcb305df7cf817f3398432fe3c9bc,"[16, 128]",8.708341154446465e-08,3.799514734594027e-08,1.1649567921019334e-07,-8.582879680211571e-09,14,16,1.213399455334563e-18,False,False,"Fixed physical Maxwell core, <=k additions; a positive pair is not automatically a 1-swap trap."
2007,middle,16,<WORKSPACE>/Gaussian/A17/EXCHANGE_R1/results/object_2007_middle,b21bb4739b29eb7a9609a3988b53c0feb3fd02e4cc8439d65a6ab1dcdbb7ea25,7c708621363a1f54816c3f30f0a5b9490c9fcb305df7cf817f3398432fe3c9bc,"[16, 144]",8.708341154446465e-08,-1.4755362568034597e-09,8.59465537032064e-08,3.386784155452096e-10,14,16,1.213399455334563e-18,False,False,"Fixed physical Maxwell core, <=k additions; a positive pair is not automatically a 1-swap trap."
2007,middle,16,<WORKSPACE>/Gaussian/A17/EXCHANGE_R1/results/object_2007_middle,b21bb4739b29eb7a9609a3988b53c0feb3fd02e4cc8439d65a6ab1dcdbb7ea25,7c708621363a1f54816c3f30f0a5b9490c9fcb305df7cf817f3398432fe3c9bc,"[32, 64]",1.9994344853968682e-07,-5.267248820183527e-07,-2.459025741113267e-07,8.087885936733914e-08,14,16,1.213399455334563e-18,False,False,"Fixed physical Maxwell core, <=k additions; a positive pair is not automatically a 1-swap trap."
2007,middle,16,<WORKSPACE>/Gaussian/A17/EXCHANGE_R1/results/object_2007_middle,b21bb4739b29eb7a9609a3988b53c0feb3fd02e4cc8439d65a6ab1dcdbb7ea25,7c708621363a1f54816c3f30f0a5b9490c9fcb305df7cf817f3398432fe3c9bc,"[32, 96]",1.9994344853968682e-07,1.6639194798466462e-06,1.49892029703856e-06,-3.6494263134777315e-07,14,16,1.213399455334563e-18,False,False,"Fixed physical Maxwell core, <=k additions; a positive pair is not automatically a 1-swap trap."
2007,middle,16,<WORKSPACE>/Gaussian/A17/EXCHANGE_R1/results/object_2007_middle,b21bb4739b29eb7a9609a3988b53c0feb3fd02e4cc8439d65a6ab1dcdbb7ea25,7c708621363a1f54816c3f30f0a5b9490c9fcb305df7cf817f3398432fe3c9bc,"[32, 128]",1.9994344853968682e-07,3.799514734594027e-08,2.413276411112905e-07,3.38904522566343e-09,14,16,1.213399455334563e-18,False,False,"Fixed physical Maxwell core, <=k additions; a positive pair is not automatically a 1-swap trap."
2007,middle,16,<WORKSPACE>/Gaussian/A17/EXCHANGE_R1/results/object_2007_middle,b21bb4739b29eb7a9609a3988b53c0feb3fd02e4cc8439d65a6ab1dcdbb7ea25,7c708621363a1f54816c3f30f0a5b9490c9fcb305df7cf817f3398432fe3c9bc,"[32, 144]",1.9994344853968682e-07,-1.4755362568034597e-09,1.9747824897709667e-07,-9.896633057866883e-10,14,16,1.213399455334563e-18,False,False,"Fixed physical Maxwell core, <=k additions; a positive pair is not automatically a 1-swap trap."
2007,middle,16,<WORKSPACE>/Gaussian/A17/EXCHANGE_R1/results/object_2007_middle,b21bb4739b29eb7a9609a3988b53c0feb3fd02e4cc8439d65a6ab1dcdbb7ea25,7c708621363a1f54816c3f30f0a5b9490c9fcb305df7cf817f3398432fe3c9bc,"[64, 96]",-5.267248820183527e-07,1.6639194798466462e-06,9.793009237173534e-07,-1.5789367411094007e-07,14,16,1.213399455334563e-18,False,False,"Fixed physical Maxwell core, <=k additions; a positive pair is not automatically a 1-swap trap."
2007,middle,16,<WORKSPACE>/Gaussian/A17/EXCHANGE_R1/results/object_2007_middle,b21bb4739b29eb7a9609a3988b53c0feb3fd02e4cc8439d65a6ab1dcdbb7ea25,7c708621363a1f54816c3f30f0a5b9490c9fcb305df7cf817f3398432fe3c9bc,"[64, 128]",-5.267248820183527e-07,3.799514734594027e-08,-4.95977517324755e-07,-7.247782652342626e-09,14,16,1.213399455334563e-18,False,False,"Fixed physical Maxwell core, <=k additions; a positive pair is not automatically a 1-swap trap."
2007,middle,16,<WORKSPACE>/Gaussian/A17/EXCHANGE_R1/results/object_2007_middle,b21bb4739b29eb7a9609a3988b53c0feb3fd02e4cc8439d65a6ab1dcdbb7ea25,7c708621363a1f54816c3f30f0a5b9490c9fcb305df7cf817f3398432fe3c9bc,"[64, 144]",-5.267248820183527e-07,-1.4755362568034597e-09,-5.299172593911133e-07,-1.7168411159571164e-09,14,16,1.213399455334563e-18,False,False,"Fixed physical Maxwell core, <=k additions; a positive pair is not automatically a 1-swap trap."
2007,middle,16,<WORKSPACE>/Gaussian/A17/EXCHANGE_R1/results/object_2007_middle,b21bb4739b29eb7a9609a3988b53c0feb3fd02e4cc8439d65a6ab1dcdbb7ea25,7c708621363a1f54816c3f30f0a5b9490c9fcb305df7cf817f3398432fe3c9bc,"[96, 128]",1.6639194798466462e-06,3.799514734594027e-08,1.6648971088138464e-06,-3.701751837874e-08,14,16,1.213399455334563e-18,False,False,"Fixed physical Maxwell core, <=k additions; a positive pair is not automatically a 1-swap trap."
2007,middle,16,<WORKSPACE>/Gaussian/A17/EXCHANGE_R1/results/object_2007_middle,b21bb4739b29eb7a9609a3988b53c0feb3fd02e4cc8439d65a6ab1dcdbb7ea25,7c708621363a1f54816c3f30f0a5b9490c9fcb305df7cf817f3398432fe3c9bc,"[96, 144]",1.6639194798466462e-06,-1.4755362568034597e-09,1.659275727310039e-06,-3.168216279803796e-09,14,16,1.213399455334563e-18,False,False,"Fixed physical Maxwell core, <=k additions; a positive pair is not automatically a 1-swap trap."
2007,middle,16,<WORKSPACE>/Gaussian/A17/EXCHANGE_R1/results/object_2007_middle,b21bb4739b29eb7a9609a3988b53c0feb3fd02e4cc8439d65a6ab1dcdbb7ea25,7c708621363a1f54816c3f30f0a5b9490c9fcb305df7cf817f3398432fe3c9bc,"[128, 144]",3.799514734594027e-08,-1.4755362568034597e-09,3.6331613256935146e-08,-1.8799783220166179e-10,14,16,1.213399455334563e-18,False,False,"Fixed physical Maxwell core, <=k additions; a positive pair is not automatically a 1-swap trap."
2012,early,4,<WORKSPACE>/Gaussian/A17/EXCHANGE_R1/results/object_2012_early,25387349f2beb0f96d242ca9b954a62e6bfcc22e30747f954ca70f472e65a2bd,1b8d28c9a325e4528b333f93c4eb260b516b3016d9e8c823bf68a33812c2279c,"[4, 32]",0.0055951034969965435,-0.0046775953091678125,0.0029450300923365615,0.0020275219045078306,2,4,3.8122333276399174e-14,False,False,"Fixed physical Maxwell core, <=k additions; a positive pair is not automatically a 1-swap trap."
2012,early,4,<WORKSPACE>/Gaussian/A17/EXCHANGE_R1/results/object_2012_early,25387349f2beb0f96d242ca9b954a62e6bfcc22e30747f954ca70f472e65a2bd,1b8d28c9a325e4528b333f93c4eb260b516b3016d9e8c823bf68a33812c2279c,"[4, 64]",0.0055951034969965435,-0.2338495995400666,-0.05286750340675983,0.17538699263631022,2,4,3.8122333276399174e-14,False,False,"Fixed physical Maxwell core, <=k additions; a positive pair is not automatically a 1-swap trap."
2012,early,4,<WORKSPACE>/Gaussian/A17/EXCHANGE_R1/results/object_2012_early,25387349f2beb0f96d242ca9b954a62e6bfcc22e30747f954ca70f472e65a2bd,1b8d28c9a325e4528b333f93c4eb260b516b3016d9e8c823bf68a33812c2279c,"[4, 96]",0.0055951034969965435,-0.028605493181046583,-0.010946551716115199,0.01206383796793484,2,4,3.8122333276399174e-14,False,False,"Fixed physical Maxwell core, <=k additions; a positive pair is not automatically a 1-swap trap."
2012,early,4,<WORKSPACE>/Gaussian/A17/EXCHANGE_R1/results/object_2012_early,25387349f2beb0f96d242ca9b954a62e6bfcc22e30747f954ca70f472e65a2bd,1b8d28c9a325e4528b333f93c4eb260b516b3016d9e8c823bf68a33812c2279c,"[4, 128]",0.0055951034969965435,-3.8825909330965667e-07,0.0055970555129976,2.3402750943664162e-06,2,4,3.8122333276399174e-14,False,False,"Fixed physical Maxwell core, <=k additions; a positive pair is not automatically a 1-swap trap."
2012,early,4,<WORKSPACE>/Gaussian/A17/EXCHANGE_R1/results/object_2012_early,25387349f2beb0f96d242ca9b954a62e6bfcc22e30747f954ca70f472e65a2bd,1b8d28c9a325e4528b333f93c4eb260b516b3016d9e8c823bf68a33812c2279c,"[4, 144]",0.0055951034969965435,0.0003026881890451311,0.005504275485976521,-0.00039351620006515396,2,4,3.8122333276399174e-14,False,False,"Fixed physical Maxwell core, <=k additions; a positive pair is not automatically a 1-swap trap."
2012,early,4,<WORKSPACE>/Gaussian/A17/EXCHANGE_R1/results/object_2012_early,25387349f2beb0f96d242ca9b954a62e6bfcc22e30747f954ca70f472e65a2bd,1b8d28c9a325e4528b333f93c4eb260b516b3016d9e8c823bf68a33812c2279c,"[32, 64]",-0.0046775953091678125,-0.2338495995400666,-0.007895972423824409,0.23063122242541,2,4,3.8122333276399174e-14,False,False,"Fixed physical Maxwell core, <=k additions; a positive pair is not automatically a 1-swap trap."
2012,early,4,<WORKSPACE>/Gaussian/A17/EXCHANGE_R1/results/object_2012_early,25387349f2beb0f96d242ca9b954a62e6bfcc22e30747f954ca70f472e65a2bd,1b8d28c9a325e4528b333f93c4eb260b516b3016d9e8c823bf68a33812c2279c,"[32, 96]",-0.0046775953091678125,-0.028605493181046583,-0.001596517945035225,0.03168657054517917,2,4,3.8122333276399174e-14,False,False,"Fixed physical Maxwell core, <=k additions; a positive pair is not automatically a 1-swap trap."
2012,early,4,<WORKSPACE>/Gaussian/A17/EXCHANGE_R1/results/object_2012_early,25387349f2beb0f96d242ca9b954a62e6bfcc22e30747f954ca70f472e65a2bd,1b8d28c9a325e4528b333f93c4eb260b516b3016d9e8c823bf68a33812c2279c,"[32, 128]",-0.0046775953091678125,-3.8825909330965667e-07,-0.0046691135503178095,8.870017943312744e-06,2,4,3.8122333276399174e-14,False,False,"Fixed physical Maxwell core, <=k additions; a positive pair is not automatically a 1-swap trap."
2012,early,4,<WORKSPACE>/Gaussian/A17/EXCHANGE_R1/results/object_2012_early,25387349f2beb0f96d242ca9b954a62e6bfcc22e30747f954ca70f472e65a2bd,1b8d28c9a325e4528b333f93c4eb260b516b3016d9e8c823bf68a33812c2279c,"[32, 144]",-0.0046775953091678125,0.0003026881890451311,-0.004675953508135038,-0.00030104638801235615,2,4,3.8122333276399174e-14,False,False,"Fixed physical Maxwell core, <=k additions; a positive pair is not automatically a 1-swap trap."
2012,early,4,<WORKSPACE>/Gaussian/A17/EXCHANGE_R1/results/object_2012_early,25387349f2beb0f96d242ca9b954a62e6bfcc22e30747f954ca70f472e65a2bd,1b8d28c9a325e4528b333f93c4eb260b516b3016d9e8c823bf68a33812c2279c,"[64, 96]",-0.2338495995400666,-0.028605493181046583,-0.05238205089838701,0.21007304182272615,2,4,3.8122333276399174e-14,False,False,"Fixed physical Maxwell core, <=k additions; a positive pair is not automatically a 1-swap trap."
2012,early,4,<WORKSPACE>/Gaussian/A17/EXCHANGE_R1/results/object_2012_early,25387349f2beb0f96d242ca9b954a62e6bfcc22e30747f954ca70f472e65a2bd,1b8d28c9a325e4528b333f93c4eb260b516b3016d9e8c823bf68a33812c2279c,"[64, 128]",-0.2338495995400666,-3.8825909330965667e-07,-0.23387354558985812,-2.3557790698219266e-05,2,4,3.8122333276399174e-14,False,False,"Fixed physical Maxwell core, <=k additions; a positive pair is not automatically a 1-swap trap."
2012,early,4,<WORKSPACE>/Gaussian/A17/EXCHANGE_R1/results/object_2012_early,25387349f2beb0f96d242ca9b954a62e6bfcc22e30747f954ca70f472e65a2bd,1b8d28c9a325e4528b333f93c4eb260b516b3016d9e8c823bf68a33812c2279c,"[64, 144]",-0.2338495995400666,0.0003026881890451311,-0.23027964373509952,0.0032672676159219475,2,4,3.8122333276399174e-14,False,False,"Fixed physical Maxwell core, <=k additions; a positive pair is not automatically a 1-swap trap."
2012,early,4,<WORKSPACE>/Gaussian/A17/EXCHANGE_R1/results/object_2012_early,25387349f2beb0f96d242ca9b954a62e6bfcc22e30747f954ca70f472e65a2bd,1b8d28c9a325e4528b333f93c4eb260b516b3016d9e8c823bf68a33812c2279c,"[96, 128]",-0.028605493181046583,-3.8825909330965667e-07,-0.028650853351601932,-4.49719114620392e-05,2,4,3.8122333276399174e-14,False,False,"Fixed physical Maxwell core, <=k additions; a positive pair is not automatically a 1-swap trap."
2012,early,4,<WORKSPACE>/Gaussian/A17/EXCHANGE_R1/results/object_2012_early,25387349f2beb0f96d242ca9b954a62e6bfcc22e30747f954ca70f472e65a2bd,1b8d28c9a325e4528b333f93c4eb260b516b3016d9e8c823bf68a33812c2279c,"[96, 144]",-0.028605493181046583,0.0003026881890451311,-0.028154377681547722,0.00014842731045372975,2,4,3.8122333276399174e-14,False,False,"Fixed physical Maxwell core, <=k additions; a positive pair is not automatically a 1-swap trap."
2012,early,4,<WORKSPACE>/Gaussian/A17/EXCHANGE_R1/results/object_2012_early,25387349f2beb0f96d242ca9b954a62e6bfcc22e30747f954ca70f472e65a2bd,1b8d28c9a325e4528b333f93c4eb260b516b3016d9e8c823bf68a33812c2279c,"[128, 144]",-3.8825909330965667e-07,0.0003026881890451311,0.00032584409401063266,2.3544164058811204e-05,2,4,3.8122333276399174e-14,False,False,"Fixed physical Maxwell core, <=k additions; a positive pair is not automatically a 1-swap trap."
2012,early,8,<WORKSPACE>/Gaussian/A17/EXCHANGE_R1/results/object_2012_early,25387349f2beb0f96d242ca9b954a62e6bfcc22e30747f954ca70f472e65a2bd,1b8d28c9a325e4528b333f93c4eb260b516b3016d9e8c823bf68a33812c2279c,"[8, 32]",1.506210534974969e-06,-2.5106570160333392e-05,-2.2114157516044288e-05,1.4862021093141368e-06,6,8,3.8122333276399174e-14,False,False,"Fixed physical Maxwell core, <=k additions; a positive pair is not automatically a 1-swap trap."
2012,early,8,<WORKSPACE>/Gaussian/A17/EXCHANGE_R1/results/object_2012_early,25387349f2beb0f96d242ca9b954a62e6bfcc22e30747f954ca70f472e65a2bd,1b8d28c9a325e4528b333f93c4eb260b516b3016d9e8c823bf68a33812c2279c,"[8, 64]",1.506210534974969e-06,-2.5738083450610297e-05,-2.322453563613248e-05,1.0073372795028486e-06,6,8,3.8122333276399174e-14,False,False,"Fixed physical Maxwell core, <=k additions; a positive pair is not automatically a 1-swap trap."
2012,early,8,<WORKSPACE>/Gaussian/A17/EXCHANGE_R1/results/object_2012_early,25387349f2beb0f96d242ca9b954a62e6bfcc22e30747f954ca70f472e65a2bd,1b8d28c9a325e4528b333f93c4eb260b516b3016d9e8c823bf68a33812c2279c,"[8, 96]",1.506210534974969e-06,-0.0022101676215256568,-0.0022153151394798338,-6.653728489151942e-06,6,8,3.8122333276399174e-14,False,False,"Fixed physical Maxwell core, <=k additions; a positive pair is not automatically a 1-swap trap."
2012,early,8,<WORKSPACE>/Gaussian/A17/EXCHANGE_R1/results/object_2012_early,25387349f2beb0f96d242ca9b954a62e6bfcc22e30747f954ca70f472e65a2bd,1b8d28c9a325e4528b333f93c4eb260b516b3016d9e8c823bf68a33812c2279c,"[8, 128]",1.506210534974969e-06,-3.256568910261938e-08,1.3421384885358937e-06,-1.315063573364559e-07,6,8,3.8122333276399174e-14,False,False,"Fixed physical Maxwell core, <=k additions; a positive pair is not automatically a 1-swap trap."
2012,early,8,<WORKSPACE>/Gaussian/A17/EXCHANGE_R1/results/object_2012_early,25387349f2beb0f96d242ca9b954a62e6bfcc22e30747f954ca70f472e65a2bd,1b8d28c9a325e4528b333f93c4eb260b516b3016d9e8c823bf68a33812c2279c,"[8, 144]",1.506210534974969e-06,2.542804401883823e-07,1.311811136880326e-06,-4.486798382830252e-07,6,8,3.8122333276399174e-14,False,False,"Fixed physical Maxwell core, <=k additions; a positive pair is not automatically a 1-swap trap."
2012,early,8,<WORKSPACE>/Gaussian/A17/EXCHANGE_R1/results/object_2012_early,25387349f2beb0f96d242ca9b954a62e6bfcc22e30747f954ca70f472e65a2bd,1b8d28c9a325e4528b333f93c4eb260b516b3016d9e8c823bf68a33812c2279c,"[32, 64]",-2.5106570160333392e-05,-2.5738083450610297e-05,-6.607489929468897e-05,-1.5230245683745288e-05,6,8,3.8122333276399174e-14,False,False,"Fixed physical Maxwell core, <=k additions; a positive pair is not automatically a 1-swap trap."
2012,early,8,<WORKSPACE>/Gaussian/A17/EXCHANGE_R1/results/object_2012_early,25387349f2beb0f96d242ca9b954a62e6bfcc22e30747f954ca70f472e65a2bd,1b8d28c9a325e4528b333f93c4eb260b516b3016d9e8c823bf68a33812c2279c,"[32, 96]",-2.5106570160333392e-05,-0.0022101676215256568,-0.0018478135201737272,0.00038746067151226296,6,8,3.8122333276399174e-14,False,False,"Fixed physical Maxwell core, <=k additions; a positive pair is not automatically a 1-swap trap."
2012,early,8,<WORKSPACE>/Gaussian/A17/EXCHANGE_R1/results/object_2012_early,25387349f2beb0f96d242ca9b954a62e6bfcc22e30747f954ca70f472e65a2bd,1b8d28c9a325e4528b333f93c4eb260b516b3016d9e8c823bf68a33812c2279c,"[32, 128]",-2.5106570160333392e-05,-3.256568910261938e-08,-2.5223377334403695e-05,-8.424148496768379e-08,6,8,3.8122333276399174e-14,False,False,"Fixed physical Maxwell core, <=k additions; a positive pair is not automatically a 1-swap trap."
2012,early,8,<WORKSPACE>/Gaussian/A17/EXCHANGE_R1/results/object_2012_early,25387349f2beb0f96d242ca9b954a62e6bfcc22e30747f954ca70f472e65a2bd,1b8d28c9a325e4528b333f93c4eb260b516b3016d9e8c823bf68a33812c2279c,"[32, 144]",-2.5106570160333392e-05,2.542804401883823e-07,-2.469108827252555e-05,1.6120144761945817e-07,6,8,3.8122333276399174e-14,False,False,"Fixed physical Maxwell core, <=k additions; a positive pair is not automatically a 1-swap trap."
2012,early,8,<WORKSPACE>/Gaussian/A17/EXCHANGE_R1/results/object_2012_early,25387349f2beb0f96d242ca9b954a62e6bfcc22e30747f954ca70f472e65a2bd,1b8d28c9a325e4528b333f93c4eb260b516b3016d9e8c823bf68a33812c2279c,"[64, 96]",-2.5738083450610297e-05,-0.0022101676215256568,-0.0018237121394689406,0.00041219356550732645,6,8,3.8122333276399174e-14,False,False,"Fixed physical Maxwell core, <=k additions; a positive pair is not automatically a 1-swap trap."
2012,early,8,<WORKSPACE>/Gaussian/A17/EXCHANGE_R1/results/object_2012_early,25387349f2beb0f96d242ca9b954a62e6bfcc22e30747f954ca70f472e65a2bd,1b8d28c9a325e4528b333f93c4eb260b516b3016d9e8c823bf68a33812c2279c,"[64, 128]",-2.5738083450610297e-05,-3.256568910261938e-08,-2.6127071062090696e-05,-3.564219223777805e-07,6,8,3.8122333276399174e-14,False,False,"Fixed physical Maxwell core, <=k additions; a positive pair is not automatically a 1-swap trap."
2012,early,8,<WORKSPACE>/Gaussian/A17/EXCHANGE_R1/results/object_2012_early,25387349f2beb0f96d242ca9b954a62e6bfcc22e30747f954ca70f472e65a2bd,1b8d28c9a325e4528b333f93c4eb260b516b3016d9e8c823bf68a33812c2279c,"[64, 144]",-2.5738083450610297e-05,2.542804401883823e-07,-2.501500542996815e-05,4.6879758045376293e-07,6,8,3.8122333276399174e-14,False,False,"Fixed physical Maxwell core, <=k additions; a positive pair is not automatically a 1-swap trap."
2012,early,8,<WORKSPACE>/Gaussian/A17/EXCHANGE_R1/results/object_2012_early,25387349f2beb0f96d242ca9b954a62e6bfcc22e30747f954ca70f472e65a2bd,1b8d28c9a325e4528b333f93c4eb260b516b3016d9e8c823bf68a33812c2279c,"[96, 128]",-0.0022101676215256568,-3.256568910261938e-08,-0.0022102719637620578,-7.17765472983943e-08,6,8,3.8122333276399174e-14,False,False,"Fixed physical Maxwell core, <=k additions; a positive pair is not automatically a 1-swap trap."
2012,early,8,<WORKSPACE>/Gaussian/A17/EXCHANGE_R1/results/object_2012_early,25387349f2beb0f96d242ca9b954a62e6bfcc22e30747f954ca70f472e65a2bd,1b8d28c9a325e4528b333f93c4eb260b516b3016d9e8c823bf68a33812c2279c,"[96, 144]",-0.0022101676215256568,2.542804401883823e-07,-0.002209392583945168,5.207571403004198e-07,6,8,3.8122333276399174e-14,False,False,"Fixed physical Maxwell core, <=k additions; a positive pair is not automatically a 1-swap trap."
2012,early,8,<WORKSPACE>/Gaussian/A17/EXCHANGE_R1/results/object_2012_early,25387349f2beb0f96d242ca9b954a62e6bfcc22e30747f954ca70f472e65a2bd,1b8d28c9a325e4528b333f93c4eb260b516b3016d9e8c823bf68a33812c2279c,"[128, 144]",-3.256568910261938e-08,2.542804401883823e-07,2.6849475148767506e-07,4.6780000401912156e-08,6,8,3.8122333276399174e-14,False,False,"Fixed physical Maxwell core, <=k additions; a positive pair is not automatically a 1-swap trap."
2012,early,16,<WORKSPACE>/Gaussian/A17/EXCHANGE_R1/results/object_2012_early,25387349f2beb0f96d242ca9b954a62e6bfcc22e30747f954ca70f472e65a2bd,1b8d28c9a325e4528b333f93c4eb260b516b3016d9e8c823bf68a33812c2279c,"[16, 32]",6.767971252793309e-07,4.332881020869724e-06,5.365073374181586e-06,3.553952280325312e-07,14,16,3.8122333276399174e-14,False,False,"Fixed physical Maxwell core, <=k additions; a positive pair is not automatically a 1-swap trap."
2012,early,16,<WORKSPACE>/Gaussian/A17/EXCHANGE_R1/results/object_2012_early,25387349f2beb0f96d242ca9b954a62e6bfcc22e30747f954ca70f472e65a2bd,1b8d28c9a325e4528b333f93c4eb260b516b3016d9e8c823bf68a33812c2279c,"[16, 64]",6.767971252793309e-07,3.9981284476840165e-05,4.1119581305662105e-05,4.6149970354261103e-07,14,16,3.8122333276399174e-14,False,False,"Fixed physical Maxwell core, <=k additions; a positive pair is not automatically a 1-swap trap."
2012,early,16,<WORKSPACE>/Gaussian/A17/EXCHANGE_R1/results/object_2012_early,25387349f2beb0f96d242ca9b954a62e6bfcc22e30747f954ca70f472e65a2bd,1b8d28c9a325e4528b333f93c4eb260b516b3016d9e8c823bf68a33812c2279c,"[16, 96]",6.767971252793309e-07,-0.00015416605554488262,-0.00012034846431668224,3.3140794102921045e-05,14,16,3.8122333276399174e-14,False,False,"Fixed physical Maxwell core, <=k additions; a positive pair is not automatically a 1-swap trap."
2012,early,16,<WORKSPACE>/Gaussian/A17/EXCHANGE_R1/results/object_2012_early,25387349f2beb0f96d242ca9b954a62e6bfcc22e30747f954ca70f472e65a2bd,1b8d28c9a325e4528b333f93c4eb260b516b3016d9e8c823bf68a33812c2279c,"[16, 128]",6.767971252793309e-07,4.388001770436942e-07,1.1270911979603434e-06,1.1493895637318336e-08,14,16,3.8122333276399174e-14,False,False,"Fixed physical Maxwell core, <=k additions; a positive pair is not automatically a 1-swap trap."
2012,early,16,<WORKSPACE>/Gaussian/A17/EXCHANGE_R1/results/object_2012_early,25387349f2beb0f96d242ca9b954a62e6bfcc22e30747f954ca70f472e65a2bd,1b8d28c9a325e4528b333f93c4eb260b516b3016d9e8c823bf68a33812c2279c,"[16, 144]",6.767971252793309e-07,-5.60698138447401e-08,6.19980035917023e-07,-7.472755175678473e-10,14,16,3.8122333276399174e-14,False,False,"Fixed physical Maxwell core, <=k additions; a positive pair is not automatically a 1-swap trap."
2012,early,16,<WORKSPACE>/Gaussian/A17/EXCHANGE_R1/results/object_2012_early,25387349f2beb0f96d242ca9b954a62e6bfcc22e30747f954ca70f472e65a2bd,1b8d28c9a325e4528b333f93c4eb260b516b3016d9e8c823bf68a33812c2279c,"[32, 64]",4.332881020869724e-06,3.9981284476840165e-05,3.097673327814615e-05,-1.3337432219563736e-05,14,16,3.8122333276399174e-14,False,False,"Fixed physical Maxwell core, <=k additions; a positive pair is not automatically a 1-swap trap."
2012,early,16,<WORKSPACE>/Gaussian/A17/EXCHANGE_R1/results/object_2012_early,25387349f2beb0f96d242ca9b954a62e6bfcc22e30747f954ca70f472e65a2bd,1b8d28c9a325e4528b333f93c4eb260b516b3016d9e8c823bf68a33812c2279c,"[32, 96]",4.332881020869724e-06,-0.00015416605554488262,-0.00012849804155441621,2.133513296959669e-05,14,16,3.8122333276399174e-14,False,False,"Fixed physical Maxwell core, <=k additions; a positive pair is not automatically a 1-swap trap."
2012,early,16,<WORKSPACE>/Gaussian/A17/EXCHANGE_R1/results/object_2012_early,25387349f2beb0f96d242ca9b954a62e6bfcc22e30747f954ca70f472e65a2bd,1b8d28c9a325e4528b333f93c4eb260b516b3016d9e8c823bf68a33812c2279c,"[32, 128]",4.332881020869724e-06,4.388001770436942e-07,4.87794524451683e-06,1.0626404660341231e-07,14,16,3.8122333276399174e-14,False,False,"Fixed physical Maxwell core, <=k additions; a positive pair is not automatically a 1-swap trap."
2012,early,16,<WORKSPACE>/Gaussian/A17/EXCHANGE_R1/results/object_2012_early,25387349f2beb0f96d242ca9b954a62e6bfcc22e30747f954ca70f472e65a2bd,1b8d28c9a325e4528b333f93c4eb260b516b3016d9e8c823bf68a33812c2279c,"[32, 144]",4.332881020869724e-06,-5.60698138447401e-08,4.31205216725161e-06,3.524096022662603e-08,14,16,3.8122333276399174e-14,False,False,"Fixed physical Maxwell core, <=k additions; a positive pair is not automatically a 1-swap trap."
2012,early,16,<WORKSPACE>/Gaussian/A17/EXCHANGE_R1/results/object_2012_early,25387349f2beb0f96d242ca9b954a62e6bfcc22e30747f954ca70f472e65a2bd,1b8d28c9a325e4528b333f93c4eb260b516b3016d9e8c823bf68a33812c2279c,"[64, 96]",3.9981284476840165e-05,-0.00015416605554488262,-0.0001371665815480763,-2.298181048003385e-05,14,16,3.8122333276399174e-14,False,False,"Fixed physical Maxwell core, <=k additions; a positive pair is not automatically a 1-swap trap."
2012,early,16,<WORKSPACE>/Gaussian/A17/EXCHANGE_R1/results/object_2012_early,25387349f2beb0f96d242ca9b954a62e6bfcc22e30747f954ca70f472e65a2bd,1b8d28c9a325e4528b333f93c4eb260b516b3016d9e8c823bf68a33812c2279c,"[64, 128]",3.9981284476840165e-05,4.388001770436942e-07,4.042025665855797e-05,1.720046741096336e-10,14,16,3.8122333276399174e-14,False,False,"Fixed physical Maxwell core, <=k additions; a positive pair is not automatically a 1-swap trap."
2012,early,16,<WORKSPACE>/Gaussian/A17/EXCHANGE_R1/results/object_2012_early,25387349f2beb0f96d242ca9b954a62e6bfcc22e30747f954ca70f472e65a2bd,1b8d28c9a325e4528b333f93c4eb260b516b3016d9e8c823bf68a33812c2279c,"[64, 144]",3.9981284476840165e-05,-5.60698138447401e-08,3.9944610720165854e-05,1.9396057170429778e-08,14,16,3.8122333276399174e-14,False,False,"Fixed physical Maxwell core, <=k additions; a positive pair is not automatically a 1-swap trap."
2012,early,16,<WORKSPACE>/Gaussian/A17/EXCHANGE_R1/results/object_2012_early,25387349f2beb0f96d242ca9b954a62e6bfcc22e30747f954ca70f472e65a2bd,1b8d28c9a325e4528b333f93c4eb260b516b3016d9e8c823bf68a33812c2279c,"[96, 128]",-0.00015416605554488262,4.388001770436942e-07,-0.00015281220941411756,9.15045953721367e-07,14,16,3.8122333276399174e-14,False,False,"Fixed physical Maxwell core, <=k additions; a positive pair is not automatically a 1-swap trap."
2012,early,16,<WORKSPACE>/Gaussian/A17/EXCHANGE_R1/results/object_2012_early,25387349f2beb0f96d242ca9b954a62e6bfcc22e30747f954ca70f472e65a2bd,1b8d28c9a325e4528b333f93c4eb260b516b3016d9e8c823bf68a33812c2279c,"[96, 144]",-0.00015416605554488262,-5.60698138447401e-08,-0.00015362749325691186,5.946321018154961e-07,14,16,3.8122333276399174e-14,False,False,"Fixed physical Maxwell core, <=k additions; a positive pair is not automatically a 1-swap trap."
2012,early,16,<WORKSPACE>/Gaussian/A17/EXCHANGE_R1/results/object_2012_early,25387349f2beb0f96d242ca9b954a62e6bfcc22e30747f954ca70f472e65a2bd,1b8d28c9a325e4528b333f93c4eb260b516b3016d9e8c823bf68a33812c2279c,"[128, 144]",4.388001770436942e-07,-5.60698138447401e-08,3.7997229518217846e-07,-2.7580680167756256e-09,14,16,3.8122333276399174e-14,False,False,"Fixed physical Maxwell core, <=k additions; a positive pair is not automatically a 1-swap trap."
2012,late,4,<WORKSPACE>/Gaussian/A17/EXCHANGE_R1/results/object_2012_late,8d23d77df9571531f26acc45ca51dc73068ce28f1180c843477c23bfd995499f,45c6c90baceeac68f1272dbe8de7256e3e0f9523cc12d68b0407332c6d5d0241,"[4, 32]",0.0005691312397698713,0.0005490758597003395,0.0007506830763897306,-0.00036752402308048017,2,4,1.092264853824229e-17,False,False,"Fixed physical Maxwell core, <=k additions; a positive pair is not automatically a 1-swap trap."
2012,late,4,<WORKSPACE>/Gaussian/A17/EXCHANGE_R1/results/object_2012_late,8d23d77df9571531f26acc45ca51dc73068ce28f1180c843477c23bfd995499f,45c6c90baceeac68f1272dbe8de7256e3e0f9523cc12d68b0407332c6d5d0241,"[4, 64]",0.0005691312397698713,-0.0005388342486689008,0.000555219402318265,0.0005249224112172944,2,4,1.092264853824229e-17,False,False,"Fixed physical Maxwell core, <=k additions; a positive pair is not automatically a 1-swap trap."
2012,late,4,<WORKSPACE>/Gaussian/A17/EXCHANGE_R1/results/object_2012_late,8d23d77df9571531f26acc45ca51dc73068ce28f1180c843477c23bfd995499f,45c6c90baceeac68f1272dbe8de7256e3e0f9523cc12d68b0407332c6d5d0241,"[4, 96]",0.0005691312397698713,0.000314184446843635,0.0006845551459100286,-0.00019876054070347773,2,4,1.092264853824229e-17,False,False,"Fixed physical Maxwell core, <=k additions; a positive pair is not automatically a 1-swap trap."
2012,late,4,<WORKSPACE>/Gaussian/A17/EXCHANGE_R1/results/object_2012_late,8d23d77df9571531f26acc45ca51dc73068ce28f1180c843477c23bfd995499f,45c6c90baceeac68f1272dbe8de7256e3e0f9523cc12d68b0407332c6d5d0241,"[4, 128]",0.0005691312397698713,4.971390279965928e-05,0.0005871572358786998,-3.1687906690830865e-05,2,4,1.092264853824229e-17,False,False,"Fixed physical Maxwell core, <=k additions; a positive pair is not automatically a 1-swap trap."
2012,late,4,<WORKSPACE>/Gaussian/A17/EXCHANGE_R1/results/object_2012_late,8d23d77df9571531f26acc45ca51dc73068ce28f1180c843477c23bfd995499f,45c6c90baceeac68f1272dbe8de7256e3e0f9523cc12d68b0407332c6d5d0241,"[4, 144]",0.0005691312397698713,5.0737855873965164e-05,0.0005678181856556784,-5.2050909988158074e-05,2,4,1.092264853824229e-17,False,False,"Fixed physical Maxwell core, <=k additions; a positive pair is not automatically a 1-swap trap."
2012,late,4,<WORKSPACE>/Gaussian/A17/EXCHANGE_R1/results/object_2012_late,8d23d77df9571531f26acc45ca51dc73068ce28f1180c843477c23bfd995499f,45c6c90baceeac68f1272dbe8de7256e3e0f9523cc12d68b0407332c6d5d0241,"[32, 64]",0.0005490758597003395,-0.0005388342486689008,,,2,4,1.092264853824229e-17,False,False,"Fixed physical Maxwell core, <=k additions; a positive pair is not automatically a 1-swap trap."
2012,late,4,<WORKSPACE>/Gaussian/A17/EXCHANGE_R1/results/object_2012_late,8d23d77df9571531f26acc45ca51dc73068ce28f1180c843477c23bfd995499f,45c6c90baceeac68f1272dbe8de7256e3e0f9523cc12d68b0407332c6d5d0241,"[32, 96]",0.0005490758597003395,0.000314184446843635,0.0006533630260693751,-0.0002098972804745994,2,4,1.092264853824229e-17,False,False,"Fixed physical Maxwell core, <=k additions; a positive pair is not automatically a 1-swap trap."
2012,late,4,<WORKSPACE>/Gaussian/A17/EXCHANGE_R1/results/object_2012_late,8d23d77df9571531f26acc45ca51dc73068ce28f1180c843477c23bfd995499f,45c6c90baceeac68f1272dbe8de7256e3e0f9523cc12d68b0407332c6d5d0241,"[32, 128]",0.0005490758597003395,4.971390279965928e-05,0.0005541642568512807,-4.462550564871803e-05,2,4,1.092264853824229e-17,False,False,"Fixed physical Maxwell core, <=k additions; a positive pair is not automatically a 1-swap trap."
2012,late,4,<WORKSPACE>/Gaussian/A17/EXCHANGE_R1/results/object_2012_late,8d23d77df9571531f26acc45ca51dc73068ce28f1180c843477c23bfd995499f,45c6c90baceeac68f1272dbe8de7256e3e0f9523cc12d68b0407332c6d5d0241,"[32, 144]",0.0005490758597003395,5.0737855873965164e-05,0.0005656346581926369,-3.417905738166775e-05,2,4,1.092264853824229e-17,False,False,"Fixed physical Maxwell core, <=k additions; a positive pair is not automatically a 1-swap trap."
2012,late,4,<WORKSPACE>/Gaussian/A17/EXCHANGE_R1/results/object_2012_late,8d23d77df9571531f26acc45ca51dc73068ce28f1180c843477c23bfd995499f,45c6c90baceeac68f1272dbe8de7256e3e0f9523cc12d68b0407332c6d5d0241,"[64, 96]",-0.0005388342486689008,0.000314184446843635,-0.007207589990067917,-0.0069829401882426515,2,4,1.092264853824229e-17,False,False,"Fixed physical Maxwell core, <=k additions; a positive pair is not automatically a 1-swap trap."
2012,late,4,<WORKSPACE>/Gaussian/A17/EXCHANGE_R1/results/object_2012_late,8d23d77df9571531f26acc45ca51dc73068ce28f1180c843477c23bfd995499f,45c6c90baceeac68f1272dbe8de7256e3e0f9523cc12d68b0407332c6d5d0241,"[64, 128]",-0.0005388342486689008,4.971390279965928e-05,-0.00042833212450187335,6.0788221367368136e-05,2,4,1.092264853824229e-17,False,False,"Fixed physical Maxwell core, <=k additions; a positive pair is not automatically a 1-swap trap."
2012,late,4,<WORKSPACE>/Gaussian/A17/EXCHANGE_R1/results/object_2012_late,8d23d77df9571531f26acc45ca51dc73068ce28f1180c843477c23bfd995499f,45c6c90baceeac68f1272dbe8de7256e3e0f9523cc12d68b0407332c6d5d0241,"[64, 144]",-0.0005388342486689008,5.0737855873965164e-05,-0.0004393489000290694,4.874749276586621e-05,2,4,1.092264853824229e-17,False,False,"Fixed physical Maxwell core, <=k additions; a positive pair is not automatically a 1-swap trap."
2012,late,4,<WORKSPACE>/Gaussian/A17/EXCHANGE_R1/results/object_2012_late,8d23d77df9571531f26acc45ca51dc73068ce28f1180c843477c23bfd995499f,45c6c90baceeac68f1272dbe8de7256e3e0f9523cc12d68b0407332c6d5d0241,"[96, 128]",0.000314184446843635,4.971390279965928e-05,0.00029343399365881144,-7.046435598448287e-05,2,4,1.092264853824229e-17,False,False,"Fixed physical Maxwell core, <=k additions; a positive pair is not automatically a 1-swap trap."
2012,late,4,<WORKSPACE>/Gaussian/A17/EXCHANGE_R1/results/object_2012_late,8d23d77df9571531f26acc45ca51dc73068ce28f1180c843477c23bfd995499f,45c6c90baceeac68f1272dbe8de7256e3e0f9523cc12d68b0407332c6d5d0241,"[96, 144]",0.000314184446843635,5.0737855873965164e-05,,,2,4,1.092264853824229e-17,False,False,"Fixed physical Maxwell core, <=k additions; a positive pair is not automatically a 1-swap trap."
2012,late,4,<WORKSPACE>/Gaussian/A17/EXCHANGE_R1/results/object_2012_late,8d23d77df9571531f26acc45ca51dc73068ce28f1180c843477c23bfd995499f,45c6c90baceeac68f1272dbe8de7256e3e0f9523cc12d68b0407332c6d5d0241,"[128, 144]",4.971390279965928e-05,5.0737855873965164e-05,9.566779373693937e-05,-4.783964936685078e-06,2,4,1.092264853824229e-17,False,False,"Fixed physical Maxwell core, <=k additions; a positive pair is not automatically a 1-swap trap."
2012,late,8,<WORKSPACE>/Gaussian/A17/EXCHANGE_R1/results/object_2012_late,8d23d77df9571531f26acc45ca51dc73068ce28f1180c843477c23bfd995499f,45c6c90baceeac68f1272dbe8de7256e3e0f9523cc12d68b0407332c6d5d0241,"[8, 32]",,,,,6,8,1.092264853824229e-17,False,False,"Fixed physical Maxwell core, <=k additions; a positive pair is not automatically a 1-swap trap."
2012,late,8,<WORKSPACE>/Gaussian/A17/EXCHANGE_R1/results/object_2012_late,8d23d77df9571531f26acc45ca51dc73068ce28f1180c843477c23bfd995499f,45c6c90baceeac68f1272dbe8de7256e3e0f9523cc12d68b0407332c6d5d0241,"[8, 64]",,,,,6,8,1.092264853824229e-17,False,False,"Fixed physical Maxwell core, <=k additions; a positive pair is not automatically a 1-swap trap."
2012,late,8,<WORKSPACE>/Gaussian/A17/EXCHANGE_R1/results/object_2012_late,8d23d77df9571531f26acc45ca51dc73068ce28f1180c843477c23bfd995499f,45c6c90baceeac68f1272dbe8de7256e3e0f9523cc12d68b0407332c6d5d0241,"[8, 96]",,,,,6,8,1.092264853824229e-17,False,False,"Fixed physical Maxwell core, <=k additions; a positive pair is not automatically a 1-swap trap."
2012,late,8,<WORKSPACE>/Gaussian/A17/EXCHANGE_R1/results/object_2012_late,8d23d77df9571531f26acc45ca51dc73068ce28f1180c843477c23bfd995499f,45c6c90baceeac68f1272dbe8de7256e3e0f9523cc12d68b0407332c6d5d0241,"[8, 128]",,-1.5252236038032985e-05,5.945844443490344e-06,,6,8,1.092264853824229e-17,False,False,"Fixed physical Maxwell core, <=k additions; a positive pair is not automatically a 1-swap trap."
2012,late,8,<WORKSPACE>/Gaussian/A17/EXCHANGE_R1/results/object_2012_late,8d23d77df9571531f26acc45ca51dc73068ce28f1180c843477c23bfd995499f,45c6c90baceeac68f1272dbe8de7256e3e0f9523cc12d68b0407332c6d5d0241,"[8, 144]",,4.274618439441692e-07,,,6,8,1.092264853824229e-17,False,False,"Fixed physical Maxwell core, <=k additions; a positive pair is not automatically a 1-swap trap."
2012,late,8,<WORKSPACE>/Gaussian/A17/EXCHANGE_R1/results/object_2012_late,8d23d77df9571531f26acc45ca51dc73068ce28f1180c843477c23bfd995499f,45c6c90baceeac68f1272dbe8de7256e3e0f9523cc12d68b0407332c6d5d0241,"[32, 64]",,,2.9557554171104176e-05,,6,8,1.092264853824229e-17,False,False,"Fixed physical Maxwell core, <=k additions; a positive pair is not automatically a 1-swap trap."
2012,late,8,<WORKSPACE>/Gaussian/A17/EXCHANGE_R1/results/object_2012_late,8d23d77df9571531f26acc45ca51dc73068ce28f1180c843477c23bfd995499f,45c6c90baceeac68f1272dbe8de7256e3e0f9523cc12d68b0407332c6d5d0241,"[32, 96]",,,4.962668848127568e-05,,6,8,1.092264853824229e-17,False,False,"Fixed physical Maxwell core, <=k additions; a positive pair is not automatically a 1-swap trap."
2012,late,8,<WORKSPACE>/Gaussian/A17/EXCHANGE_R1/results/object_2012_late,8d23d77df9571531f26acc45ca51dc73068ce28f1180c843477c23bfd995499f,45c6c90baceeac68f1272dbe8de7256e3e0f9523cc12d68b0407332c6d5d0241,"[32, 128]",,-1.5252236038032985e-05,,,6,8,1.092264853824229e-17,False,False,"Fixed physical Maxwell core, <=k additions; a positive pair is not automatically a 1-swap trap."
2012,late,8,<WORKSPACE>/Gaussian/A17/EXCHANGE_R1/results/object_2012_late,8d23d77df9571531f26acc45ca51dc73068ce28f1180c843477c23bfd995499f,45c6c90baceeac68f1272dbe8de7256e3e0f9523cc12d68b0407332c6d5d0241,"[32, 144]",,4.274618439441692e-07,1.8258771603125676e-05,,6,8,1.092264853824229e-17,False,False,"Fixed physical Maxwell core, <=k additions; a positive pair is not automatically a 1-swap trap."
2012,late,8,<WORKSPACE>/Gaussian/A17/EXCHANGE_R1/results/object_2012_late,8d23d77df9571531f26acc45ca51dc73068ce28f1180c843477c23bfd995499f,45c6c90baceeac68f1272dbe8de7256e3e0f9523cc12d68b0407332c6d5d0241,"[64, 96]",,,,,6,8,1.092264853824229e-17,False,False,"Fixed physical Maxwell core, <=k additions; a positive pair is not automatically a 1-swap trap."
2012,late,8,<WORKSPACE>/Gaussian/A17/EXCHANGE_R1/results/object_2012_late,8d23d77df9571531f26acc45ca51dc73068ce28f1180c843477c23bfd995499f,45c6c90baceeac68f1272dbe8de7256e3e0f9523cc12d68b0407332c6d5d0241,"[64, 128]",,-1.5252236038032985e-05,2.3321307702488505e-05,,6,8,1.092264853824229e-17,False,False,"Fixed physical Maxwell core, <=k additions; a positive pair is not automatically a 1-swap trap."
2012,late,8,<WORKSPACE>/Gaussian/A17/EXCHANGE_R1/results/object_2012_late,8d23d77df9571531f26acc45ca51dc73068ce28f1180c843477c23bfd995499f,45c6c90baceeac68f1272dbe8de7256e3e0f9523cc12d68b0407332c6d5d0241,"[64, 144]",,4.274618439441692e-07,3.757425113998068e-05,,6,8,1.092264853824229e-17,False,False,"Fixed physical Maxwell core, <=k additions; a positive pair is not automatically a 1-swap trap."
2012,late,8,<WORKSPACE>/Gaussian/A17/EXCHANGE_R1/results/object_2012_late,8d23d77df9571531f26acc45ca51dc73068ce28f1180c843477c23bfd995499f,45c6c90baceeac68f1272dbe8de7256e3e0f9523cc12d68b0407332c6d5d0241,"[96, 128]",,-1.5252236038032985e-05,,,6,8,1.092264853824229e-17,False,False,"Fixed physical Maxwell core, <=k additions; a positive pair is not automatically a 1-swap trap."
2012,late,8,<WORKSPACE>/Gaussian/A17/EXCHANGE_R1/results/object_2012_late,8d23d77df9571531f26acc45ca51dc73068ce28f1180c843477c23bfd995499f,45c6c90baceeac68f1272dbe8de7256e3e0f9523cc12d68b0407332c6d5d0241,"[96, 144]",,4.274618439441692e-07,,,6,8,1.092264853824229e-17,False,False,"Fixed physical Maxwell core, <=k additions; a positive pair is not automatically a 1-swap trap."
2012,late,8,<WORKSPACE>/Gaussian/A17/EXCHANGE_R1/results/object_2012_late,8d23d77df9571531f26acc45ca51dc73068ce28f1180c843477c23bfd995499f,45c6c90baceeac68f1272dbe8de7256e3e0f9523cc12d68b0407332c6d5d0241,"[128, 144]",-1.5252236038032985e-05,4.274618439441692e-07,,,6,8,1.092264853824229e-17,False,False,"Fixed physical Maxwell core, <=k additions; a positive pair is not automatically a 1-swap trap."
2012,late,16,<WORKSPACE>/Gaussian/A17/EXCHANGE_R1/results/object_2012_late,8d23d77df9571531f26acc45ca51dc73068ce28f1180c843477c23bfd995499f,45c6c90baceeac68f1272dbe8de7256e3e0f9523cc12d68b0407332c6d5d0241,"[16, 32]",1.0609405414179983e-06,1.031982072846156e-05,1.1197849486831543e-05,-1.8291178304801538e-07,14,16,1.092264853824229e-17,False,False,"Fixed physical Maxwell core, <=k additions; a positive pair is not automatically a 1-swap trap."
2012,late,16,<WORKSPACE>/Gaussian/A17/EXCHANGE_R1/results/object_2012_late,8d23d77df9571531f26acc45ca51dc73068ce28f1180c843477c23bfd995499f,45c6c90baceeac68f1272dbe8de7256e3e0f9523cc12d68b0407332c6d5d0241,"[16, 64]",1.0609405414179983e-06,6.873615268973621e-06,9.499713526479643e-06,1.5651577160880239e-06,14,16,1.092264853824229e-17,False,False,"Fixed physical Maxwell core, <=k additions; a positive pair is not automatically a 1-swap trap."
2012,late,16,<WORKSPACE>/Gaussian/A17/EXCHANGE_R1/results/object_2012_late,8d23d77df9571531f26acc45ca51dc73068ce28f1180c843477c23bfd995499f,45c6c90baceeac68f1272dbe8de7256e3e0f9523cc12d68b0407332c6d5d0241,"[16, 96]",1.0609405414179983e-06,9.673206653012048e-06,1.2208842399884033e-05,1.4746952054539867e-06,14,16,1.092264853824229e-17,False,False,"Fixed physical Maxwell core, <=k additions; a positive pair is not automatically a 1-swap trap."
2012,late,16,<WORKSPACE>/Gaussian/A17/EXCHANGE_R1/results/object_2012_late,8d23d77df9571531f26acc45ca51dc73068ce28f1180c843477c23bfd995499f,45c6c90baceeac68f1272dbe8de7256e3e0f9523cc12d68b0407332c6d5d0241,"[16, 128]",1.0609405414179983e-06,-1.863778626137137e-06,-7.917104039503025e-07,1.1127680768836159e-08,14,16,1.092264853824229e-17,False,False,"Fixed physical Maxwell core, <=k additions; a positive pair is not automatically a 1-swap trap."
2012,late,16,<WORKSPACE>/Gaussian/A17/EXCHANGE_R1/results/object_2012_late,8d23d77df9571531f26acc45ca51dc73068ce28f1180c843477c23bfd995499f,45c6c90baceeac68f1272dbe8de7256e3e0f9523cc12d68b0407332c6d5d0241,"[16, 144]",1.0609405414179983e-06,,3.1439345579835776e-06,,14,16,1.092264853824229e-17,False,False,"Fixed physical Maxwell core, <=k additions; a positive pair is not automatically a 1-swap trap."
2012,late,16,<WORKSPACE>/Gaussian/A17/EXCHANGE_R1/results/object_2012_late,8d23d77df9571531f26acc45ca51dc73068ce28f1180c843477c23bfd995499f,45c6c90baceeac68f1272dbe8de7256e3e0f9523cc12d68b0407332c6d5d0241,"[32, 64]",1.031982072846156e-05,6.873615268973621e-06,8.090463823638187e-06,-9.102972173796994e-06,14,16,1.092264853824229e-17,False,False,"Fixed physical Maxwell core, <=k additions; a positive pair is not automatically a 1-swap trap."
2012,late,16,<WORKSPACE>/Gaussian/A17/EXCHANGE_R1/results/object_2012_late,8d23d77df9571531f26acc45ca51dc73068ce28f1180c843477c23bfd995499f,45c6c90baceeac68f1272dbe8de7256e3e0f9523cc12d68b0407332c6d5d0241,"[32, 96]",1.031982072846156e-05,9.673206653012048e-06,,,14,16,1.092264853824229e-17,False,False,"Fixed physical Maxwell core, <=k additions; a positive pair is not automatically a 1-swap trap."
2012,late,16,<WORKSPACE>/Gaussian/A17/EXCHANGE_R1/results/object_2012_late,8d23d77df9571531f26acc45ca51dc73068ce28f1180c843477c23bfd995499f,45c6c90baceeac68f1272dbe8de7256e3e0f9523cc12d68b0407332c6d5d0241,"[32, 128]",1.031982072846156e-05,-1.863778626137137e-06,8.01569854298304e-06,-4.4034355934138327e-07,14,16,1.092264853824229e-17,False,False,"Fixed physical Maxwell core, <=k additions; a positive pair is not automatically a 1-swap trap."
2012,late,16,<WORKSPACE>/Gaussian/A17/EXCHANGE_R1/results/object_2012_late,8d23d77df9571531f26acc45ca51dc73068ce28f1180c843477c23bfd995499f,45c6c90baceeac68f1272dbe8de7256e3e0f9523cc12d68b0407332c6d5d0241,"[32, 144]",1.031982072846156e-05,,1.1372927338144053e-05,,14,16,1.092264853824229e-17,False,False,"Fixed physical Maxwell core, <=k additions; a positive pair is not automatically a 1-swap trap."
2012,late,16,<WORKSPACE>/Gaussian/A17/EXCHANGE_R1/results/object_2012_late,8d23d77df9571531f26acc45ca51dc73068ce28f1180c843477c23bfd995499f,45c6c90baceeac68f1272dbe8de7256e3e0f9523cc12d68b0407332c6d5d0241,"[64, 96]",6.873615268973621e-06,9.673206653012048e-06,1.0887517577074721e-05,-5.659304344910948e-06,14,16,1.092264853824229e-17,False,False,"Fixed physical Maxwell core, <=k additions; a positive pair is not automatically a 1-swap trap."
2012,late,16,<WORKSPACE>/Gaussian/A17/EXCHANGE_R1/results/object_2012_late,8d23d77df9571531f26acc45ca51dc73068ce28f1180c843477c23bfd995499f,45c6c90baceeac68f1272dbe8de7256e3e0f9523cc12d68b0407332c6d5d0241,"[64, 128]",6.873615268973621e-06,-1.863778626137137e-06,4.206664461620938e-06,-8.031721812155455e-07,14,16,1.092264853824229e-17,False,False,"Fixed physical Maxwell core, <=k additions; a positive pair is not automatically a 1-swap trap."
2012,late,16,<WORKSPACE>/Gaussian/A17/EXCHANGE_R1/results/object_2012_late,8d23d77df9571531f26acc45ca51dc73068ce28f1180c843477c23bfd995499f,45c6c90baceeac68f1272dbe8de7256e3e0f9523cc12d68b0407332c6d5d0241,"[64, 144]",6.873615268973621e-06,,8.354663408508299e-06,,14,16,1.092264853824229e-17,False,False,"Fixed physical Maxwell core, <=k additions; a positive pair is not automatically a 1-swap trap."
2012,late,16,<WORKSPACE>/Gaussian/A17/EXCHANGE_R1/results/object_2012_late,8d23d77df9571531f26acc45ca51dc73068ce28f1180c843477c23bfd995499f,45c6c90baceeac68f1272dbe8de7256e3e0f9523cc12d68b0407332c6d5d0241,"[96, 128]",9.673206653012048e-06,-1.863778626137137e-06,,,14,16,1.092264853824229e-17,False,False,"Fixed physical Maxwell core, <=k additions; a positive pair is not automatically a 1-swap trap."
2012,late,16,<WORKSPACE>/Gaussian/A17/EXCHANGE_R1/results/object_2012_late,8d23d77df9571531f26acc45ca51dc73068ce28f1180c843477c23bfd995499f,45c6c90baceeac68f1272dbe8de7256e3e0f9523cc12d68b0407332c6d5d0241,"[96, 144]",9.673206653012048e-06,,9.874201772738705e-06,,14,16,1.092264853824229e-17,False,False,"Fixed physical Maxwell core, <=k additions; a positive pair is not automatically a 1-swap trap."
2012,late,16,<WORKSPACE>/Gaussian/A17/EXCHANGE_R1/results/object_2012_late,8d23d77df9571531f26acc45ca51dc73068ce28f1180c843477c23bfd995499f,45c6c90baceeac68f1272dbe8de7256e3e0f9523cc12d68b0407332c6d5d0241,"[128, 144]",-1.863778626137137e-06,,4.6091145961807895e-07,,14,16,1.092264853824229e-17,False,False,"Fixed physical Maxwell core, <=k additions; a positive pair is not automatically a 1-swap trap."
2012,middle,4,<WORKSPACE>/Gaussian/A17/EXCHANGE_R1/results/object_2012_middle,6bb612278b131a2b4bd62344122f5a462651f080d63727a172cd273e16664884,92a2012fcd2c647e2ec3c2ce4ebd22933b2156099a2e0020204ff3316c7ed88c,"[4, 32]",4.1498116834195016e-05,-2.160630536692629e-05,3.819479976986895e-05,1.8302988302600225e-05,2,4,1.631439621053487e-17,False,False,"Fixed physical Maxwell core, <=k additions; a positive pair is not automatically a 1-swap trap."
2012,middle,4,<WORKSPACE>/Gaussian/A17/EXCHANGE_R1/results/object_2012_middle,6bb612278b131a2b4bd62344122f5a462651f080d63727a172cd273e16664884,92a2012fcd2c647e2ec3c2ce4ebd22933b2156099a2e0020204ff3316c7ed88c,"[4, 64]",4.1498116834195016e-05,-0.0003632295133783067,-9.775233966750255e-05,0.00022397905687660913,2,4,1.631439621053487e-17,False,False,"Fixed physical Maxwell core, <=k additions; a positive pair is not automatically a 1-swap trap."
2012,middle,4,<WORKSPACE>/Gaussian/A17/EXCHANGE_R1/results/object_2012_middle,6bb612278b131a2b4bd62344122f5a462651f080d63727a172cd273e16664884,92a2012fcd2c647e2ec3c2ce4ebd22933b2156099a2e0020204ff3316c7ed88c,"[4, 96]",4.1498116834195016e-05,-3.911680078046464e-05,1.3300615237981544e-05,1.0919299184251167e-05,2,4,1.631439621053487e-17,False,False,"Fixed physical Maxwell core, <=k additions; a positive pair is not automatically a 1-swap trap."
2012,middle,4,<WORKSPACE>/Gaussian/A17/EXCHANGE_R1/results/object_2012_middle,6bb612278b131a2b4bd62344122f5a462651f080d63727a172cd273e16664884,92a2012fcd2c647e2ec3c2ce4ebd22933b2156099a2e0020204ff3316c7ed88c,"[4, 128]",4.1498116834195016e-05,9.493503005100495e-07,4.1508487644403356e-05,-9.389794903017101e-07,2,4,1.631439621053487e-17,False,False,"Fixed physical Maxwell core, <=k additions; a positive pair is not automatically a 1-swap trap."
2012,middle,4,<WORKSPACE>/Gaussian/A17/EXCHANGE_R1/results/object_2012_middle,6bb612278b131a2b4bd62344122f5a462651f080d63727a172cd273e16664884,92a2012fcd2c647e2ec3c2ce4ebd22933b2156099a2e0020204ff3316c7ed88c,"[4, 144]",4.1498116834195016e-05,3.0219074710425074e-06,4.0741209845401874e-05,-3.7788144598356503e-06,2,4,1.631439621053487e-17,False,False,"Fixed physical Maxwell core, <=k additions; a positive pair is not automatically a 1-swap trap."
2012,middle,4,<WORKSPACE>/Gaussian/A17/EXCHANGE_R1/results/object_2012_middle,6bb612278b131a2b4bd62344122f5a462651f080d63727a172cd273e16664884,92a2012fcd2c647e2ec3c2ce4ebd22933b2156099a2e0020204ff3316c7ed88c,"[32, 64]",-2.160630536692629e-05,-0.0003632295133783067,-3.70230740323137e-05,0.0003478127447129193,2,4,1.631439621053487e-17,False,False,"Fixed physical Maxwell core, <=k additions; a positive pair is not automatically a 1-swap trap."
2012,middle,4,<WORKSPACE>/Gaussian/A17/EXCHANGE_R1/results/object_2012_middle,6bb612278b131a2b4bd62344122f5a462651f080d63727a172cd273e16664884,92a2012fcd2c647e2ec3c2ce4ebd22933b2156099a2e0020204ff3316c7ed88c,"[32, 96]",-2.160630536692629e-05,-3.911680078046464e-05,-3.75652419731296e-05,2.315786417426133e-05,2,4,1.631439621053487e-17,False,False,"Fixed physical Maxwell core, <=k additions; a positive pair is not automatically a 1-swap trap."
2012,middle,4,<WORKSPACE>/Gaussian/A17/EXCHANGE_R1/results/object_2012_middle,6bb612278b131a2b4bd62344122f5a462651f080d63727a172cd273e16664884,92a2012fcd2c647e2ec3c2ce4ebd22933b2156099a2e0020204ff3316c7ed88c,"[32, 128]",-2.160630536692629e-05,9.493503005100495e-07,-1.9711486122846182e-05,9.454689435700595e-07,2,4,1.631439621053487e-17,False,False,"Fixed physical Maxwell core, <=k additions; a positive pair is not automatically a 1-swap trap."
2012,middle,4,<WORKSPACE>/Gaussian/A17/EXCHANGE_R1/results/object_2012_middle,6bb612278b131a2b4bd62344122f5a462651f080d63727a172cd273e16664884,92a2012fcd2c647e2ec3c2ce4ebd22933b2156099a2e0020204ff3316c7ed88c,"[32, 144]",-2.160630536692629e-05,3.0219074710425074e-06,-1.9370271309998416e-05,-7.858734141146327e-07,2,4,1.631439621053487e-17,False,False,"Fixed physical Maxwell core, <=k additions; a positive pair is not automatically a 1-swap trap."
2012,middle,4,<WORKSPACE>/Gaussian/A17/EXCHANGE_R1/results/object_2012_middle,6bb612278b131a2b4bd62344122f5a462651f080d63727a172cd273e16664884,92a2012fcd2c647e2ec3c2ce4ebd22933b2156099a2e0020204ff3316c7ed88c,"[64, 96]",-0.0003632295133783067,-3.911680078046464e-05,-1.4806937397316935e-05,0.00038753937676145434,2,4,1.631439621053487e-17,False,False,"Fixed physical Maxwell core, <=k additions; a positive pair is not automatically a 1-swap trap."
2012,middle,4,<WORKSPACE>/Gaussian/A17/EXCHANGE_R1/results/object_2012_middle,6bb612278b131a2b4bd62344122f5a462651f080d63727a172cd273e16664884,92a2012fcd2c647e2ec3c2ce4ebd22933b2156099a2e0020204ff3316c7ed88c,"[64, 128]",-0.0003632295133783067,9.493503005100495e-07,-0.0003581149594199635,4.165203657833142e-06,2,4,1.631439621053487e-17,False,False,"Fixed physical Maxwell core, <=k additions; a positive pair is not automatically a 1-swap trap."
2012,middle,4,<WORKSPACE>/Gaussian/A17/EXCHANGE_R1/results/object_2012_middle,6bb612278b131a2b4bd62344122f5a462651f080d63727a172cd273e16664884,92a2012fcd2c647e2ec3c2ce4ebd22933b2156099a2e0020204ff3316c7ed88c,"[64, 144]",-0.0003632295133783067,3.0219074710425074e-06,-0.00035960020618649,6.073997207741836e-07,2,4,1.631439621053487e-17,False,False,"Fixed physical Maxwell core, <=k additions; a positive pair is not automatically a 1-swap trap."
2012,middle,4,<WORKSPACE>/Gaussian/A17/EXCHANGE_R1/results/object_2012_middle,6bb612278b131a2b4bd62344122f5a462651f080d63727a172cd273e16664884,92a2012fcd2c647e2ec3c2ce4ebd22933b2156099a2e0020204ff3316c7ed88c,"[96, 128]",-3.911680078046464e-05,9.493503005100495e-07,-3.929977413409244e-05,-1.132323654137849e-06,2,4,1.631439621053487e-17,False,False,"Fixed physical Maxwell core, <=k additions; a positive pair is not automatically a 1-swap trap."
2012,middle,4,<WORKSPACE>/Gaussian/A17/EXCHANGE_R1/results/object_2012_middle,6bb612278b131a2b4bd62344122f5a462651f080d63727a172cd273e16664884,92a2012fcd2c647e2ec3c2ce4ebd22933b2156099a2e0020204ff3316c7ed88c,"[96, 144]",-3.911680078046464e-05,3.0219074710425074e-06,-3.515832586870933e-05,9.36567440712805e-07,2,4,1.631439621053487e-17,False,False,"Fixed physical Maxwell core, <=k additions; a positive pair is not automatically a 1-swap trap."
2012,middle,4,<WORKSPACE>/Gaussian/A17/EXCHANGE_R1/results/object_2012_middle,6bb612278b131a2b4bd62344122f5a462651f080d63727a172cd273e16664884,92a2012fcd2c647e2ec3c2ce4ebd22933b2156099a2e0020204ff3316c7ed88c,"[128, 144]",9.493503005100495e-07,3.0219074710425074e-06,3.830588744329548e-06,-1.406690272230087e-07,2,4,1.631439621053487e-17,False,False,"Fixed physical Maxwell core, <=k additions; a positive pair is not automatically a 1-swap trap."
2012,middle,8,<WORKSPACE>/Gaussian/A17/EXCHANGE_R1/results/object_2012_middle,6bb612278b131a2b4bd62344122f5a462651f080d63727a172cd273e16664884,92a2012fcd2c647e2ec3c2ce4ebd22933b2156099a2e0020204ff3316c7ed88c,"[8, 32]",3.306927889665984e-06,8.278399439894341e-06,1.0757157941457986e-05,-8.281693881023388e-07,6,8,1.631439621053487e-17,False,False,"Fixed physical Maxwell core, <=k additions; a positive pair is not automatically a 1-swap trap."
2012,middle,8,<WORKSPACE>/Gaussian/A17/EXCHANGE_R1/results/object_2012_middle,6bb612278b131a2b4bd62344122f5a462651f080d63727a172cd273e16664884,92a2012fcd2c647e2ec3c2ce4ebd22933b2156099a2e0020204ff3316c7ed88c,"[8, 64]",3.306927889665984e-06,2.0789102183504165e-05,2.2062328234596885e-05,-2.0337018385732632e-06,6,8,1.631439621053487e-17,False,False,"Fixed physical Maxwell core, <=k additions; a positive pair is not automatically a 1-swap trap."
2012,middle,8,<WORKSPACE>/Gaussian/A17/EXCHANGE_R1/results/object_2012_middle,6bb612278b131a2b4bd62344122f5a462651f080d63727a172cd273e16664884,92a2012fcd2c647e2ec3c2ce4ebd22933b2156099a2e0020204ff3316c7ed88c,"[8, 96]",3.306927889665984e-06,8.689617295834937e-07,5.157964105422529e-06,9.82074486173051e-07,6,8,1.631439621053487e-17,False,False,"Fixed physical Maxwell core, <=k additions; a positive pair is not automatically a 1-swap trap."
2012,middle,8,<WORKSPACE>/Gaussian/A17/EXCHANGE_R1/results/object_2012_middle,6bb612278b131a2b4bd62344122f5a462651f080d63727a172cd273e16664884,92a2012fcd2c647e2ec3c2ce4ebd22933b2156099a2e0020204ff3316c7ed88c,"[8, 128]",3.306927889665984e-06,1.5632998855975053e-06,4.810578685743176e-06,-5.964908952031319e-08,6,8,1.631439621053487e-17,False,False,"Fixed physical Maxwell core, <=k additions; a positive pair is not automatically a 1-swap trap."
2012,middle,8,<WORKSPACE>/Gaussian/A17/EXCHANGE_R1/results/object_2012_middle,6bb612278b131a2b4bd62344122f5a462651f080d63727a172cd273e16664884,92a2012fcd2c647e2ec3c2ce4ebd22933b2156099a2e0020204ff3316c7ed88c,"[8, 144]",3.306927889665984e-06,3.623100258580172e-08,3.324783604095152e-06,-1.8375288156633905e-08,6,8,1.631439621053487e-17,False,False,"Fixed physical Maxwell core, <=k additions; a positive pair is not automatically a 1-swap trap."
2012,middle,8,<WORKSPACE>/Gaussian/A17/EXCHANGE_R1/results/object_2012_middle,6bb612278b131a2b4bd62344122f5a462651f080d63727a172cd273e16664884,92a2012fcd2c647e2ec3c2ce4ebd22933b2156099a2e0020204ff3316c7ed88c,"[32, 64]",8.278399439894341e-06,2.0789102183504165e-05,2.2863667015939346e-05,-6.203834607459159e-06,6,8,1.631439621053487e-17,False,False,"Fixed physical Maxwell core, <=k additions; a positive pair is not automatically a 1-swap trap."
2012,middle,8,<WORKSPACE>/Gaussian/A17/EXCHANGE_R1/results/object_2012_middle,6bb612278b131a2b4bd62344122f5a462651f080d63727a172cd273e16664884,92a2012fcd2c647e2ec3c2ce4ebd22933b2156099a2e0020204ff3316c7ed88c,"[32, 96]",8.278399439894341e-06,8.689617295834937e-07,5.596583214918044e-06,-3.5507779545597908e-06,6,8,1.631439621053487e-17,False,False,"Fixed physical Maxwell core, <=k additions; a positive pair is not automatically a 1-swap trap."
2012,middle,8,<WORKSPACE>/Gaussian/A17/EXCHANGE_R1/results/object_2012_middle,6bb612278b131a2b4bd62344122f5a462651f080d63727a172cd273e16664884,92a2012fcd2c647e2ec3c2ce4ebd22933b2156099a2e0020204ff3316c7ed88c,"[32, 128]",8.278399439894341e-06,1.5632998855975053e-06,9.803356750108839e-06,-3.8342575383007634e-08,6,8,1.631439621053487e-17,False,False,"Fixed physical Maxwell core, <=k additions; a positive pair is not automatically a 1-swap trap."
2012,middle,8,<WORKSPACE>/Gaussian/A17/EXCHANGE_R1/results/object_2012_middle,6bb612278b131a2b4bd62344122f5a462651f080d63727a172cd273e16664884,92a2012fcd2c647e2ec3c2ce4ebd22933b2156099a2e0020204ff3316c7ed88c,"[32, 144]",8.278399439894341e-06,3.623100258580172e-08,8.267362468998637e-06,-4.726797348150565e-08,6,8,1.631439621053487e-17,False,False,"Fixed physical Maxwell core, <=k additions; a positive pair is not automatically a 1-swap trap."
2012,middle,8,<WORKSPACE>/Gaussian/A17/EXCHANGE_R1/results/object_2012_middle,6bb612278b131a2b4bd62344122f5a462651f080d63727a172cd273e16664884,92a2012fcd2c647e2ec3c2ce4ebd22933b2156099a2e0020204ff3316c7ed88c,"[64, 96]",2.0789102183504165e-05,8.689617295834937e-07,1.9974665667208396e-05,-1.6833982458792625e-06,6,8,1.631439621053487e-17,False,False,"Fixed physical Maxwell core, <=k additions; a positive pair is not automatically a 1-swap trap."
2012,middle,8,<WORKSPACE>/Gaussian/A17/EXCHANGE_R1/results/object_2012_middle,6bb612278b131a2b4bd62344122f5a462651f080d63727a172cd273e16664884,92a2012fcd2c647e2ec3c2ce4ebd22933b2156099a2e0020204ff3316c7ed88c,"[64, 128]",2.0789102183504165e-05,1.5632998855975053e-06,2.1667545668968863e-05,-6.84856400132807e-07,6,8,1.631439621053487e-17,False,False,"Fixed physical Maxwell core, <=k additions; a positive pair is not automatically a 1-swap trap."
2012,middle,8,<WORKSPACE>/Gaussian/A17/EXCHANGE_R1/results/object_2012_middle,6bb612278b131a2b4bd62344122f5a462651f080d63727a172cd273e16664884,92a2012fcd2c647e2ec3c2ce4ebd22933b2156099a2e0020204ff3316c7ed88c,"[64, 144]",2.0789102183504165e-05,3.623100258580172e-08,2.0748419359655697e-05,-7.69138264342699e-08,6,8,1.631439621053487e-17,False,False,"Fixed physical Maxwell core, <=k additions; a positive pair is not automatically a 1-swap trap."
2012,middle,8,<WORKSPACE>/Gaussian/A17/EXCHANGE_R1/results/object_2012_middle,6bb612278b131a2b4bd62344122f5a462651f080d63727a172cd273e16664884,92a2012fcd2c647e2ec3c2ce4ebd22933b2156099a2e0020204ff3316c7ed88c,"[96, 128]",8.689617295834937e-07,1.5632998855975053e-06,1.7083498281242406e-06,-7.239117870567585e-07,6,8,1.631439621053487e-17,False,False,"Fixed physical Maxwell core, <=k additions; a positive pair is not automatically a 1-swap trap."
2012,middle,8,<WORKSPACE>/Gaussian/A17/EXCHANGE_R1/results/object_2012_middle,6bb612278b131a2b4bd62344122f5a462651f080d63727a172cd273e16664884,92a2012fcd2c647e2ec3c2ce4ebd22933b2156099a2e0020204ff3316c7ed88c,"[96, 144]",8.689617295834937e-07,3.623100258580172e-08,8.371750999185731e-07,-6.801763225072232e-08,6,8,1.631439621053487e-17,False,False,"Fixed physical Maxwell core, <=k additions; a positive pair is not automatically a 1-swap trap."
2012,middle,8,<WORKSPACE>/Gaussian/A17/EXCHANGE_R1/results/object_2012_middle,6bb612278b131a2b4bd62344122f5a462651f080d63727a172cd273e16664884,92a2012fcd2c647e2ec3c2ce4ebd22933b2156099a2e0020204ff3316c7ed88c,"[128, 144]",1.5632998855975053e-06,3.623100258580172e-08,1.6048209867268705e-06,5.290098543563437e-09,6,8,1.631439621053487e-17,False,False,"Fixed physical Maxwell core, <=k additions; a positive pair is not automatically a 1-swap trap."
2012,middle,16,<WORKSPACE>/Gaussian/A17/EXCHANGE_R1/results/object_2012_middle,6bb612278b131a2b4bd62344122f5a462651f080d63727a172cd273e16664884,92a2012fcd2c647e2ec3c2ce4ebd22933b2156099a2e0020204ff3316c7ed88c,"[16, 32]",1.3668257490399663e-06,2.3368830401512554e-06,3.5026149673290193e-06,-2.0109382186220246e-07,14,16,1.631439621053487e-17,False,False,"Fixed physical Maxwell core, <=k additions; a positive pair is not automatically a 1-swap trap."
2012,middle,16,<WORKSPACE>/Gaussian/A17/EXCHANGE_R1/results/object_2012_middle,6bb612278b131a2b4bd62344122f5a462651f080d63727a172cd273e16664884,92a2012fcd2c647e2ec3c2ce4ebd22933b2156099a2e0020204ff3316c7ed88c,"[16, 64]",1.3668257490399663e-06,4.6867001758299e-06,5.9446017946031325e-06,-1.0892413026673406e-07,14,16,1.631439621053487e-17,False,False,"Fixed physical Maxwell core, <=k additions; a positive pair is not automatically a 1-swap trap."
2012,middle,16,<WORKSPACE>/Gaussian/A17/EXCHANGE_R1/results/object_2012_middle,6bb612278b131a2b4bd62344122f5a462651f080d63727a172cd273e16664884,92a2012fcd2c647e2ec3c2ce4ebd22933b2156099a2e0020204ff3316c7ed88c,"[16, 96]",1.3668257490399663e-06,7.217312821232352e-06,8.348482552566699e-06,-2.356560177056201e-07,14,16,1.631439621053487e-17,False,False,"Fixed physical Maxwell core, <=k additions; a positive pair is not automatically a 1-swap trap."
2012,middle,16,<WORKSPACE>/Gaussian/A17/EXCHANGE_R1/results/object_2012_middle,6bb612278b131a2b4bd62344122f5a462651f080d63727a172cd273e16664884,92a2012fcd2c647e2ec3c2ce4ebd22933b2156099a2e0020204ff3316c7ed88c,"[16, 128]",1.3668257490399663e-06,7.870280730901024e-07,2.0676738159400474e-06,-8.618000619002127e-08,14,16,1.631439621053487e-17,False,False,"Fixed physical Maxwell core, <=k additions; a positive pair is not automatically a 1-swap trap."
2012,middle,16,<WORKSPACE>/Gaussian/A17/EXCHANGE_R1/results/object_2012_middle,6bb612278b131a2b4bd62344122f5a462651f080d63727a172cd273e16664884,92a2012fcd2c647e2ec3c2ce4ebd22933b2156099a2e0020204ff3316c7ed88c,"[16, 144]",1.3668257490399663e-06,6.37397896429908e-08,1.4260825678054283e-06,-4.482970877528752e-09,14,16,1.631439621053487e-17,False,False,"Fixed physical Maxwell core, <=k additions; a positive pair is not automatically a 1-swap trap."
2012,middle,16,<WORKSPACE>/Gaussian/A17/EXCHANGE_R1/results/object_2012_middle,6bb612278b131a2b4bd62344122f5a462651f080d63727a172cd273e16664884,92a2012fcd2c647e2ec3c2ce4ebd22933b2156099a2e0020204ff3316c7ed88c,"[32, 64]",2.3368830401512554e-06,4.6867001758299e-06,5.154183167954416e-06,-1.8694000480267396e-06,14,16,1.631439621053487e-17,False,False,"Fixed physical Maxwell core, <=k additions; a positive pair is not automatically a 1-swap trap."
2012,middle,16,<WORKSPACE>/Gaussian/A17/EXCHANGE_R1/results/object_2012_middle,6bb612278b131a2b4bd62344122f5a462651f080d63727a172cd273e16664884,92a2012fcd2c647e2ec3c2ce4ebd22933b2156099a2e0020204ff3316c7ed88c,"[32, 96]",2.3368830401512554e-06,7.217312821232352e-06,8.58065370030397e-06,-9.73542161079638e-07,14,16,1.631439621053487e-17,False,False,"Fixed physical Maxwell core, <=k additions; a positive pair is not automatically a 1-swap trap."
2012,middle,16,<WORKSPACE>/Gaussian/A17/EXCHANGE_R1/results/object_2012_middle,6bb612278b131a2b4bd62344122f5a462651f080d63727a172cd273e16664884,92a2012fcd2c647e2ec3c2ce4ebd22933b2156099a2e0020204ff3316c7ed88c,"[32, 128]",2.3368830401512554e-06,7.870280730901024e-07,3.0010264051889134e-06,-1.228847080524444e-07,14,16,1.631439621053487e-17,False,False,"Fixed physical Maxwell core, <=k additions; a positive pair is not automatically a 1-swap trap."
2012,middle,16,<WORKSPACE>/Gaussian/A17/EXCHANGE_R1/results/object_2012_middle,6bb612278b131a2b4bd62344122f5a462651f080d63727a172cd273e16664884,92a2012fcd2c647e2ec3c2ce4ebd22933b2156099a2e0020204ff3316c7ed88c,"[32, 144]",2.3368830401512554e-06,6.37397896429908e-08,2.3886525998445518e-06,-1.1970229949694456e-08,14,16,1.631439621053487e-17,False,False,"Fixed physical Maxwell core, <=k additions; a positive pair is not automatically a 1-swap trap."
2012,middle,16,<WORKSPACE>/Gaussian/A17/EXCHANGE_R1/results/object_2012_middle,6bb612278b131a2b4bd62344122f5a462651f080d63727a172cd273e16664884,92a2012fcd2c647e2ec3c2ce4ebd22933b2156099a2e0020204ff3316c7ed88c,"[64, 96]",4.6867001758299e-06,7.217312821232352e-06,8.626123973484966e-06,-3.277889023577286e-06,14,16,1.631439621053487e-17,False,False,"Fixed physical Maxwell core, <=k additions; a positive pair is not automatically a 1-swap trap."
2012,middle,16,<WORKSPACE>/Gaussian/A17/EXCHANGE_R1/results/object_2012_middle,6bb612278b131a2b4bd62344122f5a462651f080d63727a172cd273e16664884,92a2012fcd2c647e2ec3c2ce4ebd22933b2156099a2e0020204ff3316c7ed88c,"[64, 128]",4.6867001758299e-06,7.870280730901024e-07,5.268874677407939e-06,-2.0485357151206357e-07,14,16,1.631439621053487e-17,False,False,"Fixed physical Maxwell core, <=k additions; a positive pair is not automatically a 1-swap trap."
2012,middle,16,<WORKSPACE>/Gaussian/A17/EXCHANGE_R1/results/object_2012_middle,6bb612278b131a2b4bd62344122f5a462651f080d63727a172cd273e16664884,92a2012fcd2c647e2ec3c2ce4ebd22933b2156099a2e0020204ff3316c7ed88c,"[64, 144]",4.6867001758299e-06,6.37397896429908e-08,4.726258825991472e-06,-2.4181139481418267e-08,14,16,1.631439621053487e-17,False,False,"Fixed physical Maxwell core, <=k additions; a positive pair is not automatically a 1-swap trap."
2012,middle,16,<WORKSPACE>/Gaussian/A17/EXCHANGE_R1/results/object_2012_middle,6bb612278b131a2b4bd62344122f5a462651f080d63727a172cd273e16664884,92a2012fcd2c647e2ec3c2ce4ebd22933b2156099a2e0020204ff3316c7ed88c,"[96, 128]",7.217312821232352e-06,7.870280730901024e-07,7.919247941578405e-06,-8.509295274405014e-08,14,16,1.631439621053487e-17,False,False,"Fixed physical Maxwell core, <=k additions; a positive pair is not automatically a 1-swap trap."
2012,middle,16,<WORKSPACE>/Gaussian/A17/EXCHANGE_R1/results/object_2012_middle,6bb612278b131a2b4bd62344122f5a462651f080d63727a172cd273e16664884,92a2012fcd2c647e2ec3c2ce4ebd22933b2156099a2e0020204ff3316c7ed88c,"[96, 144]",7.217312821232352e-06,6.37397896429908e-08,7.241520302709241e-06,-3.953230816610188e-08,14,16,1.631439621053487e-17,False,False,"Fixed physical Maxwell core, <=k additions; a positive pair is not automatically a 1-swap trap."
2012,middle,16,<WORKSPACE>/Gaussian/A17/EXCHANGE_R1/results/object_2012_middle,6bb612278b131a2b4bd62344122f5a462651f080d63727a172cd273e16664884,92a2012fcd2c647e2ec3c2ce4ebd22933b2156099a2e0020204ff3316c7ed88c,"[128, 144]",7.870280730901024e-07,6.37397896429908e-08,8.500202073293472e-07,-7.476554037460037e-10,14,16,1.631439621053487e-17,False,False,"Fixed physical Maxwell core, <=k additions; a positive pair is not automatically a 1-swap trap."
