object_id,phase,k,source_directory,state_hash,pool_hash,policy_id,actual_rank,full_gap,numerical_floor,below_or_at_floor,relative_H_step_error,accepted_moves,accepted_true_gain_sum,stop_reason,receiver_tau,wall_total_s_reported,wall_screen_s_reported,standalone_cold_wall_s_reported,teacher_tangent_rhs_reported,probe_tangent_rhs_reported,risk_record,policy_cost_scope,info_trace,info_effective_dim,info_logdet_volume,solve_effective_dim,info_effective_rank_prior1,info_effective_rank_prior10,delta_info_trace,delta_effective_dim,delta_logdet_volume,delta_info_weak,delta_info_strong,weak_task_score,full_information_fidelity_spectral,full_information_fidelity_frobenius,projected_information_fidelity_spectral,projected_information_fidelity_frobenius,normal_rhs_difference_norm,prior_precision,lam_total,lm_damping,information_scope,whitening_scope,material_basis_hash
2007,early,4,<WORKSPACE>/Gaussian/A17/EXCHANGE_R1/results/object_2007_early_portable,25387349f2beb0f96d242ca9b954a62e6bfcc22e30747f954ca70f472e65a2bd,26106a1c238544d78f76de616ce9d2614f2f15120f481ce864ad6bd62b0113ef,receiver_no_swap,4,0.00014968486970471037,7.923586935705523e-16,False,0.07321872499477543,0,0,,7.923586935705524e-15,0.0036351000308059156,,,,,"{""full_gap"": 0.00014968486970471037, ""half_H_step_energy"": 0.00014968486966848732, ""reference_gradient_cross"": 3.622305535259348e-14, ""numerical_floor"": 7.923586935705523e-16, ""H_step_error"": 0.01730230445163229, ""relative_H_step_error"": 0.07321872499477543, ""full_reference_H_energy"": 0.055842335724291904, ""reference_relative_residual"": 8.858313709531091e-12}",reported fields only; round0 cache/dense teacher acquisition may be incomplete; never total these with occupation,51.734055352312694,40.90128437654859,162.07932936932613,24.59533555018622,42,38,,,,,,,0.9997883366210493,6.4625018570963055,,,,1e-05,0.01001,0.01,FULL_SMALL_REFERENCE,"original measured-data scale normalization, not calibrated noise covariance",8f41638a421faa7c8ea9a4f49e9e170f02751445c2c3b0c71f87049d1981bc4f
2007,early,4,<WORKSPACE>/Gaussian/A17/EXCHANGE_R1/results/object_2007_early_portable,25387349f2beb0f96d242ca9b954a62e6bfcc22e30747f954ca70f472e65a2bd,26106a1c238544d78f76de616ce9d2614f2f15120f481ce864ad6bd62b0113ef,surrogate_exchange,4,0.00014523439588079592,7.923586935705523e-16,False,0.07212203153605279,1,4.450473823914396e-06,ABSTAIN_UNRESOLVED,7.923586935705524e-15,0.31025909999152645,0.2003131000092253,17.9830136000528,0,0,"{""full_gap"": 0.00014523439588079592, ""half_H_step_energy"": 0.00014523439586327773, ""reference_gradient_cross"": 1.7518187524677537e-14, ""numerical_floor"": 7.923586935705523e-16, ""H_step_error"": 0.01704314500690983, ""relative_H_step_error"": 0.07212203153605279, ""full_reference_H_energy"": 0.055842335724291904, ""reference_relative_residual"": 8.858313709531091e-12}",reported fields only; round0 cache/dense teacher acquisition may be incomplete; never total these with occupation,43.72854191120756,41.49290263631217,165.93364887349588,24.826898058726613,42,38,-8.005513441105137,0.5916182597635782,3.8543195041697516,0.008835152282024694,-8.014348593387162,4.67194199627145e-14,0.9996888065305936,6.344210909574746,,,0.3180797405424875,1e-05,0.01001,0.01,FULL_SMALL_REFERENCE,"original measured-data scale normalization, not calibrated noise covariance",8f41638a421faa7c8ea9a4f49e9e170f02751445c2c3b0c71f87049d1981bc4f
2007,early,4,<WORKSPACE>/Gaussian/A17/EXCHANGE_R1/results/object_2007_early_portable,25387349f2beb0f96d242ca9b954a62e6bfcc22e30747f954ca70f472e65a2bd,26106a1c238544d78f76de616ce9d2614f2f15120f481ce864ad6bd62b0113ef,exact_score_teacher,4,3.04079430320758e-05,7.923586935705523e-16,False,0.03300097200006357,3,0.00011927692667263453,MOVE_BUDGET_EXHAUSTED,7.923586935705524e-15,3.871549599978607,3.26726539991796,,0,0,"{""full_gap"": 3.04079430320758e-05, ""half_H_step_energy"": 3.0407943027134255e-05, ""reference_gradient_cross"": 4.9415454937410324e-15, ""numerical_floor"": 7.923586935705523e-16, ""H_step_error"": 0.007798454081051481, ""relative_H_step_error"": 0.03300097200006357, ""full_reference_H_energy"": 0.055842335724291904, ""reference_relative_residual"": 8.858313709531091e-12}",reported fields only; round0 cache/dense teacher acquisition may be incomplete; never total these with occupation,29.870759008138137,43.43772822351442,173.17967475458684,27.22587519851622,44,38,-21.863296344174557,2.536443846965831,11.10034538526071,0.012094431823324925,-21.875390775997882,3.976695507088868e-14,0.9993508236706113,6.259630560747931,,,0.6114572394433019,1e-05,0.01001,0.01,FULL_SMALL_REFERENCE,"original measured-data scale normalization, not calibrated noise covariance",8f41638a421faa7c8ea9a4f49e9e170f02751445c2c3b0c71f87049d1981bc4f
2007,early,4,<WORKSPACE>/Gaussian/A17/EXCHANGE_R1/results/object_2007_early_portable,25387349f2beb0f96d242ca9b954a62e6bfcc22e30747f954ca70f472e65a2bd,26106a1c238544d78f76de616ce9d2614f2f15120f481ce864ad6bd62b0113ef,directed_verified,4,0.00014523439588079592,7.923586935705523e-16,False,0.07212203153605279,1,4.450473823914423e-06,ABSTAIN_UNRESOLVED,7.923586935705524e-15,0.79301729996223,0.19578230002662167,18.535117400053423,0,24,"{""full_gap"": 0.00014523439588079592, ""half_H_step_energy"": 0.00014523439586327773, ""reference_gradient_cross"": 1.7518187524677537e-14, ""numerical_floor"": 7.923586935705523e-16, ""H_step_error"": 0.01704314500690983, ""relative_H_step_error"": 0.07212203153605279, ""full_reference_H_energy"": 0.055842335724291904, ""reference_relative_residual"": 8.858313709531091e-12}",reported fields only; round0 cache/dense teacher acquisition may be incomplete; never total these with occupation,43.72854191120756,41.49290263631217,165.93364887349588,24.826898058726613,42,38,-8.005513441105137,0.5916182597635782,3.8543195041697516,0.008835152282024694,-8.014348593387162,4.67194199627145e-14,0.9996888065305936,6.344210909574746,,,0.3180797405424875,1e-05,0.01001,0.01,FULL_SMALL_REFERENCE,"original measured-data scale normalization, not calibrated noise covariance",8f41638a421faa7c8ea9a4f49e9e170f02751445c2c3b0c71f87049d1981bc4f
2007,early,4,<WORKSPACE>/Gaussian/A17/EXCHANGE_R1/results/object_2007_early_portable,25387349f2beb0f96d242ca9b954a62e6bfcc22e30747f954ca70f472e65a2bd,26106a1c238544d78f76de616ce9d2614f2f15120f481ce864ad6bd62b0113ef,adaptive_leq_k,4,0.00014523439588079592,7.923586935705523e-16,False,0.07212203153605279,1,4.450473823914423e-06,ABSTAIN_UNRESOLVED,7.923586935705524e-15,0.6345678999787197,0.20859610004117712,18.376668000069913,0,24,"{""full_gap"": 0.00014523439588079592, ""half_H_step_energy"": 0.00014523439586327773, ""reference_gradient_cross"": 1.7518187524677537e-14, ""numerical_floor"": 7.923586935705523e-16, ""H_step_error"": 0.01704314500690983, ""relative_H_step_error"": 0.07212203153605279, ""full_reference_H_energy"": 0.055842335724291904, ""reference_relative_residual"": 8.858313709531091e-12}",reported fields only; round0 cache/dense teacher acquisition may be incomplete; never total these with occupation,43.72854191120756,41.49290263631217,165.93364887349588,24.826898058726613,42,38,-8.005513441105137,0.5916182597635782,3.8543195041697516,0.008835152282024694,-8.014348593387162,4.67194199627145e-14,0.9996888065305936,6.344210909574746,,,0.3180797405424875,1e-05,0.01001,0.01,FULL_SMALL_REFERENCE,"original measured-data scale normalization, not calibrated noise covariance",8f41638a421faa7c8ea9a4f49e9e170f02751445c2c3b0c71f87049d1981bc4f
2007,early,8,<WORKSPACE>/Gaussian/A17/EXCHANGE_R1/results/object_2007_early_portable,25387349f2beb0f96d242ca9b954a62e6bfcc22e30747f954ca70f472e65a2bd,26106a1c238544d78f76de616ce9d2614f2f15120f481ce864ad6bd62b0113ef,receiver_no_swap,8,0.00011170559705552777,7.923586935705523e-16,False,0.06325147786774082,0,0,,7.923586935705524e-15,0.0038834000006318092,,,,,"{""full_gap"": 0.00011170559705552777, ""half_H_step_energy"": 0.00011170559703633732, ""reference_gradient_cross"": 1.9190447235357484e-14, ""numerical_floor"": 7.923586935705523e-16, ""H_step_error"": 0.014946945978114547, ""relative_H_step_error"": 0.06325147786774082, ""full_reference_H_energy"": 0.055842335724291904, ""reference_relative_residual"": 8.858313709531091e-12}",reported fields only; round0 cache/dense teacher acquisition may be incomplete; never total these with occupation,73.60963475541396,50.85104930545951,202.74641760322038,29.218180393964314,52,46,,,,,,,0.9934673375277915,5.5739400365287235,,,,1e-05,0.01001,0.01,FULL_SMALL_REFERENCE,"original measured-data scale normalization, not calibrated noise covariance",8f41638a421faa7c8ea9a4f49e9e170f02751445c2c3b0c71f87049d1981bc4f
2007,early,8,<WORKSPACE>/Gaussian/A17/EXCHANGE_R1/results/object_2007_early_portable,25387349f2beb0f96d242ca9b954a62e6bfcc22e30747f954ca70f472e65a2bd,26106a1c238544d78f76de616ce9d2614f2f15120f481ce864ad6bd62b0113ef,surrogate_exchange,8,9.710196299182869e-05,7.923586935705523e-16,False,0.05897218441431096,1,1.4603634063699076e-05,ABSTAIN_UNRESOLVED,7.923586935705524e-15,0.6973107000230812,0.45798239996656775,18.370324400020763,0,0,"{""full_gap"": 9.710196299182869e-05, ""half_H_step_energy"": 9.710196298173719e-05, ""reference_gradient_cross"": 1.0091490396682074e-14, ""numerical_floor"": 7.923586935705523e-16, ""H_step_error"": 0.013935706869889104, ""relative_H_step_error"": 0.05897218441431096, ""full_reference_H_energy"": 0.055842335724291904, ""reference_relative_residual"": 8.858313709531091e-12}",reported fields only; round0 cache/dense teacher acquisition may be incomplete; never total these with occupation,66.75024718336488,50.69945634838305,200.11827703072152,29.163332249090967,52,46,-6.859387572049087,-0.1515929570764598,-2.6281405724988645,2.021309157385076e-06,-6.8593895933582445,8.596885772525746e-15,0.9937756271703407,5.714941289831523,,,0.013846666207643724,1e-05,0.01001,0.01,FULL_SMALL_REFERENCE,"original measured-data scale normalization, not calibrated noise covariance",8f41638a421faa7c8ea9a4f49e9e170f02751445c2c3b0c71f87049d1981bc4f
2007,early,8,<WORKSPACE>/Gaussian/A17/EXCHANGE_R1/results/object_2007_early_portable,25387349f2beb0f96d242ca9b954a62e6bfcc22e30747f954ca70f472e65a2bd,26106a1c238544d78f76de616ce9d2614f2f15120f481ce864ad6bd62b0113ef,exact_score_teacher,8,1.2603432175591768e-05,7.923586935705523e-16,False,0.021246021884491442,3,9.910216487993594e-05,MOVE_BUDGET_EXHAUSTED,7.923586935705524e-15,8.797453699982725,7.550959099957254,,0,0,"{""full_gap"": 1.2603432175591768e-05, ""half_H_step_energy"": 1.2603432175301215e-05, ""reference_gradient_cross"": 2.905520188524921e-16, ""numerical_floor"": 7.923586935705523e-16, ""H_step_error"": 0.005020643818336691, ""relative_H_step_error"": 0.021246021884491442, ""full_reference_H_energy"": 0.055842335724291904, ""reference_relative_residual"": 8.858313709531091e-12}",reported fields only; round0 cache/dense teacher acquisition may be incomplete; never total these with occupation,41.68354710104479,50.994518757898824,206.92302931167987,31.672483734285212,52,46,-31.926087654369177,0.1434694524393123,4.17661170845949,3.619842011914898e-05,-31.926123852789296,1.5395649954962384e-13,0.9855967714300323,5.444411779003346,,,0.6159469088668029,1e-05,0.01001,0.01,FULL_SMALL_REFERENCE,"original measured-data scale normalization, not calibrated noise covariance",8f41638a421faa7c8ea9a4f49e9e170f02751445c2c3b0c71f87049d1981bc4f
2007,early,8,<WORKSPACE>/Gaussian/A17/EXCHANGE_R1/results/object_2007_early_portable,25387349f2beb0f96d242ca9b954a62e6bfcc22e30747f954ca70f472e65a2bd,26106a1c238544d78f76de616ce9d2614f2f15120f481ce864ad6bd62b0113ef,directed_verified,8,8.419667362420273e-05,7.923586935705523e-16,False,0.05491369625910563,2,2.7508923431325087e-05,ABSTAIN_UNRESOLVED,7.923586935705524e-15,1.7360782999894582,0.6920981999137439,19.4518781999941,0,36,"{""full_gap"": 8.419667362420273e-05, ""half_H_step_energy"": 8.419667361319195e-05, ""reference_gradient_cross"": 1.101077438924611e-14, ""numerical_floor"": 7.923586935705523e-16, ""H_step_error"": 0.01297664622413603, ""relative_H_step_error"": 0.05491369625910563, ""full_reference_H_energy"": 0.055842335724291904, ""reference_relative_residual"": 8.858313709531091e-12}",reported fields only; round0 cache/dense teacher acquisition may be incomplete; never total these with occupation,62.89115555081915,52.50425595260227,203.57713130799974,29.455042484509868,54,50,-10.718479204594814,1.6532066471427598,0.830713704779356,0.00025165797515569466,-10.71873086256997,1.0703334801636804e-12,0.9959076383484284,5.6716561668793535,,,0.016732338623232864,1e-05,0.01001,0.01,FULL_SMALL_REFERENCE,"original measured-data scale normalization, not calibrated noise covariance",8f41638a421faa7c8ea9a4f49e9e170f02751445c2c3b0c71f87049d1981bc4f
2007,early,8,<WORKSPACE>/Gaussian/A17/EXCHANGE_R1/results/object_2007_early_portable,25387349f2beb0f96d242ca9b954a62e6bfcc22e30747f954ca70f472e65a2bd,26106a1c238544d78f76de616ce9d2614f2f15120f481ce864ad6bd62b0113ef,adaptive_leq_k,8,8.419667362420273e-05,7.923586935705523e-16,False,0.05491369625910563,2,2.7508923431325087e-05,ABSTAIN_UNRESOLVED,7.923586935705524e-15,1.4651271000038832,0.7962205000221729,19.180927000008523,0,36,"{""full_gap"": 8.419667362420273e-05, ""half_H_step_energy"": 8.419667361319195e-05, ""reference_gradient_cross"": 1.101077438924611e-14, ""numerical_floor"": 7.923586935705523e-16, ""H_step_error"": 0.01297664622413603, ""relative_H_step_error"": 0.05491369625910563, ""full_reference_H_energy"": 0.055842335724291904, ""reference_relative_residual"": 8.858313709531091e-12}",reported fields only; round0 cache/dense teacher acquisition may be incomplete; never total these with occupation,62.89115555081915,52.50425595260227,203.57713130799974,29.455042484509868,54,50,-10.718479204594814,1.6532066471427598,0.830713704779356,0.00025165797515569466,-10.71873086256997,1.0703334801636804e-12,0.9959076383484284,5.6716561668793535,,,0.016732338623232864,1e-05,0.01001,0.01,FULL_SMALL_REFERENCE,"original measured-data scale normalization, not calibrated noise covariance",8f41638a421faa7c8ea9a4f49e9e170f02751445c2c3b0c71f87049d1981bc4f
2007,early,16,<WORKSPACE>/Gaussian/A17/EXCHANGE_R1/results/object_2007_early_portable,25387349f2beb0f96d242ca9b954a62e6bfcc22e30747f954ca70f472e65a2bd,26106a1c238544d78f76de616ce9d2614f2f15120f481ce864ad6bd62b0113ef,receiver_no_swap,16,1.9219206255082333e-05,7.923586935705523e-16,False,0.026236200063803495,0,0,,7.923586935705524e-15,0.004931700008455664,,,,,"{""full_gap"": 1.9219206255082333e-05, ""half_H_step_energy"": 1.9219206254678938e-05, ""reference_gradient_cross"": 4.033954518158757e-16, ""numerical_floor"": 7.923586935705523e-16, ""H_step_error"": 0.006199871975239317, ""relative_H_step_error"": 0.026236200063803495, ""full_reference_H_energy"": 0.055842335724291904, ""reference_relative_residual"": 8.858313709531091e-12}",reported fields only; round0 cache/dense teacher acquisition may be incomplete; never total these with occupation,88.19815530318843,52.059515236329034,228.68795523583168,34.8391120871265,52,50,,,,,,,0.9444557232383971,4.162778963489808,,,,1e-05,0.01001,0.01,FULL_SMALL_REFERENCE,"original measured-data scale normalization, not calibrated noise covariance",8f41638a421faa7c8ea9a4f49e9e170f02751445c2c3b0c71f87049d1981bc4f
2007,early,16,<WORKSPACE>/Gaussian/A17/EXCHANGE_R1/results/object_2007_early_portable,25387349f2beb0f96d242ca9b954a62e6bfcc22e30747f954ca70f472e65a2bd,26106a1c238544d78f76de616ce9d2614f2f15120f481ce864ad6bd62b0113ef,surrogate_exchange,16,1.0381194046497652e-05,7.923586935705523e-16,False,0.019282212501701555,3,8.838012208584688e-06,MOVE_BUDGET_EXHAUSTED,7.923586935705524e-15,2.9766385999973863,2.0125653001014143,20.650390600028913,0,0,"{""full_gap"": 1.0381194046497652e-05, ""half_H_step_energy"": 1.0381194048873957e-05, ""reference_gradient_cross"": -2.3763044518469896e-15, ""numerical_floor"": 7.923586935705523e-16, ""H_step_error"": 0.004556576357063262, ""relative_H_step_error"": 0.019282212501701555, ""full_reference_H_energy"": 0.055842335724291904, ""reference_relative_residual"": 8.858313709531091e-12}",reported fields only; round0 cache/dense teacher acquisition may be incomplete; never total these with occupation,73.41065589648834,52.42221728183861,222.71758589806169,34.05232886419092,54,50,-14.787499406700093,0.36270204550957885,-5.970369337769995,2.7735634375858353e-05,-14.787527142334469,7.937457582354043e-14,0.9672277137866507,4.538259009609914,,,0.022623785267183328,1e-05,0.01001,0.01,FULL_SMALL_REFERENCE,"original measured-data scale normalization, not calibrated noise covariance",8f41638a421faa7c8ea9a4f49e9e170f02751445c2c3b0c71f87049d1981bc4f
2007,early,16,<WORKSPACE>/Gaussian/A17/EXCHANGE_R1/results/object_2007_early_portable,25387349f2beb0f96d242ca9b954a62e6bfcc22e30747f954ca70f472e65a2bd,26106a1c238544d78f76de616ce9d2614f2f15120f481ce864ad6bd62b0113ef,exact_score_teacher,16,7.2387591665970815e-06,7.923586935705523e-16,False,0.01610146061936594,3,1.1980447088485258e-05,MOVE_BUDGET_EXHAUSTED,7.923586935705524e-15,23.541878499963786,21.037056399858557,,0,0,"{""full_gap"": 7.2387591665970815e-06, ""half_H_step_energy"": 7.238759167905791e-06, ""reference_gradient_cross"": -1.3087088846177726e-15, ""numerical_floor"": 7.923586935705523e-16, ""H_step_error"": 0.0038049334206805225, ""relative_H_step_error"": 0.01610146061936594, ""full_reference_H_energy"": 0.055842335724291904, ""reference_relative_residual"": 8.858313709531091e-12}",reported fields only; round0 cache/dense teacher acquisition may be incomplete; never total these with occupation,57.628443963677064,52.474954170836575,229.14621983825998,35.62300849464673,52,52,-30.569711339511365,0.41543893450754155,0.4582646024283008,8.01975915010189e-06,-30.569719359270515,2.2951159831126513e-14,0.8968591046283788,4.201039113875552,,,0.6161411378717527,1e-05,0.01001,0.01,FULL_SMALL_REFERENCE,"original measured-data scale normalization, not calibrated noise covariance",8f41638a421faa7c8ea9a4f49e9e170f02751445c2c3b0c71f87049d1981bc4f
2007,early,16,<WORKSPACE>/Gaussian/A17/EXCHANGE_R1/results/object_2007_early_portable,25387349f2beb0f96d242ca9b954a62e6bfcc22e30747f954ca70f472e65a2bd,26106a1c238544d78f76de616ce9d2614f2f15120f481ce864ad6bd62b0113ef,directed_verified,16,1.0381194046497643e-05,7.923586935705523e-16,False,0.01928221250170155,3,8.838012208584684e-06,MOVE_BUDGET_EXHAUSTED,7.923586935705524e-15,3.3850909000029787,1.9577569999964908,21.109902600059286,0,36,"{""full_gap"": 1.0381194046497643e-05, ""half_H_step_energy"": 1.0381194048873949e-05, ""reference_gradient_cross"": -2.3763044518469896e-15, ""numerical_floor"": 7.923586935705523e-16, ""H_step_error"": 0.004556576357063261, ""relative_H_step_error"": 0.01928221250170155, ""full_reference_H_energy"": 0.055842335724291904, ""reference_relative_residual"": 8.858313709531091e-12}",reported fields only; round0 cache/dense teacher acquisition may be incomplete; never total these with occupation,73.41065589648834,52.42221728183861,222.71758589806169,34.05232886419092,54,50,-14.787499406700093,0.36270204550957885,-5.970369337769995,2.7735634375858353e-05,-14.787527142334469,7.937457582354043e-14,0.9672277137866507,4.538259009609914,,,0.022623785267183328,1e-05,0.01001,0.01,FULL_SMALL_REFERENCE,"original measured-data scale normalization, not calibrated noise covariance",8f41638a421faa7c8ea9a4f49e9e170f02751445c2c3b0c71f87049d1981bc4f
2007,early,16,<WORKSPACE>/Gaussian/A17/EXCHANGE_R1/results/object_2007_early_portable,25387349f2beb0f96d242ca9b954a62e6bfcc22e30747f954ca70f472e65a2bd,26106a1c238544d78f76de616ce9d2614f2f15120f481ce864ad6bd62b0113ef,adaptive_leq_k,16,1.0381194046497643e-05,7.923586935705523e-16,False,0.01928221250170155,3,8.838012208584684e-06,MOVE_BUDGET_EXHAUSTED,7.923586935705524e-15,3.670539600017946,2.2854743000352755,21.395351300074253,0,36,"{""full_gap"": 1.0381194046497643e-05, ""half_H_step_energy"": 1.0381194048873949e-05, ""reference_gradient_cross"": -2.3763044518469896e-15, ""numerical_floor"": 7.923586935705523e-16, ""H_step_error"": 0.004556576357063261, ""relative_H_step_error"": 0.01928221250170155, ""full_reference_H_energy"": 0.055842335724291904, ""reference_relative_residual"": 8.858313709531091e-12}",reported fields only; round0 cache/dense teacher acquisition may be incomplete; never total these with occupation,73.41065589648834,52.42221728183861,222.71758589806169,34.05232886419092,54,50,-14.787499406700093,0.36270204550957885,-5.970369337769995,2.7735634375858353e-05,-14.787527142334469,7.937457582354043e-14,0.9672277137866507,4.538259009609914,,,0.022623785267183328,1e-05,0.01001,0.01,FULL_SMALL_REFERENCE,"original measured-data scale normalization, not calibrated noise covariance",8f41638a421faa7c8ea9a4f49e9e170f02751445c2c3b0c71f87049d1981bc4f
2007,late,4,<WORKSPACE>/Gaussian/A17/EXCHANGE_R1/results/object_2007_late,8b6ae019adc6227a1c90d1bb327c514b1a79631e0803834efb187b2f9b415f24,87b802fa63668f337f8ab5563faed5907a2fbbc8afe91916d542368a05106d7c,receiver_no_swap,4,6.389384427794856e-05,8.874192326995242e-20,False,18.195836481476725,0,0,,8.874192326995243e-19,0.0038123000413179398,,,,,"{""full_gap"": 6.389384427794856e-05, ""half_H_step_energy"": 6.389384427794792e-05, ""reference_gradient_cross"": 6.364231683433529e-19, ""numerical_floor"": 8.874192326995242e-20, ""H_step_error"": 0.01130432167606247, ""relative_H_step_error"": 18.195836481476725, ""full_reference_H_energy"": 3.859623694691353e-07, ""reference_relative_residual"": 1.180537498024881e-12}",reported fields only; round0 cache/dense teacher acquisition may be incomplete; never total these with occupation,51.85304714965105,41.60713065118796,168.2966330627807,40.52572111678919,42,40,,,,,,,0.9998924540382556,6.468070904749331,,,,1e-05,3.4299999999999993e-05,2.4299999999999994e-05,FULL_SMALL_REFERENCE,"original measured-data scale normalization, not calibrated noise covariance",8f41638a421faa7c8ea9a4f49e9e170f02751445c2c3b0c71f87049d1981bc4f
2007,late,4,<WORKSPACE>/Gaussian/A17/EXCHANGE_R1/results/object_2007_late,8b6ae019adc6227a1c90d1bb327c514b1a79631e0803834efb187b2f9b415f24,87b802fa63668f337f8ab5563faed5907a2fbbc8afe91916d542368a05106d7c,surrogate_exchange,4,2.4231832705164224e-05,8.874192326995242e-20,False,11.20561370662273,3,3.9662011572784344e-05,MOVE_BUDGET_EXHAUSTED,8.874192326995243e-19,0.48799490003148094,0.2934610000811517,17.886384100071155,0,0,"{""full_gap"": 2.4231832705164224e-05, ""half_H_step_energy"": 2.4231832705163394e-05, ""reference_gradient_cross"": 8.298625914719375e-19, ""numerical_floor"": 8.874192326995242e-20, ""H_step_error"": 0.0069615849783168475, ""relative_H_step_error"": 11.20561370662273, ""full_reference_H_energy"": 3.859623694691353e-07, ""reference_relative_residual"": 1.180537498024881e-12}",reported fields only; round0 cache/dense teacher acquisition may be incomplete; never total these with occupation,29.45435105384402,47.66588851749189,195.9894628551025,46.96842213676963,48,48,-22.398696095807026,6.058757866303928,27.69282979232179,1.7225390222974362,-24.12123511810446,0.0006556748010253911,2630.62566059213,3720.2754966091165,,,0.0031626512741332966,1e-05,3.4299999999999993e-05,2.4299999999999994e-05,FULL_SMALL_REFERENCE,"original measured-data scale normalization, not calibrated noise covariance",8f41638a421faa7c8ea9a4f49e9e170f02751445c2c3b0c71f87049d1981bc4f
2007,late,4,<WORKSPACE>/Gaussian/A17/EXCHANGE_R1/results/object_2007_late,8b6ae019adc6227a1c90d1bb327c514b1a79631e0803834efb187b2f9b415f24,87b802fa63668f337f8ab5563faed5907a2fbbc8afe91916d542368a05106d7c,exact_score_teacher,4,3.1385197740596573e-05,8.874192326995242e-20,False,12.752782431802922,1,3.2508646537351896e-05,NUMERICAL_1EXCHANGE_STOP_NO_DETERMINISTIC_BOUND,8.874192326995243e-19,2.101028800010681,2.1750746999750845,,0,0,"{""full_gap"": 3.1385197740596573e-05, ""half_H_step_energy"": 3.138519774059651e-05, ""reference_gradient_cross"": 6.012712272166792e-20, ""numerical_floor"": 8.874192326995242e-20, ""H_step_error"": 0.007922777005646002, ""relative_H_step_error"": 12.752782431802922, ""full_reference_H_energy"": 3.859623694691353e-07, ""reference_relative_residual"": 1.180537498024881e-12}",reported fields only; round0 cache/dense teacher acquisition may be incomplete; never total these with occupation,36.84168442717411,41.63622449755131,157.09908659673337,39.64790665304304,42,40,-15.011362722476939,0.029093846363352327,-11.197546466047328,0.0015907814736380033,-15.012953503950577,2.4614185167847476e-07,1.8304544052070661,6.918940886127044,,,0.0020845623882268928,1e-05,3.4299999999999993e-05,2.4299999999999994e-05,FULL_SMALL_REFERENCE,"original measured-data scale normalization, not calibrated noise covariance",8f41638a421faa7c8ea9a4f49e9e170f02751445c2c3b0c71f87049d1981bc4f
2007,late,4,<WORKSPACE>/Gaussian/A17/EXCHANGE_R1/results/object_2007_late,8b6ae019adc6227a1c90d1bb327c514b1a79631e0803834efb187b2f9b415f24,87b802fa63668f337f8ab5563faed5907a2fbbc8afe91916d542368a05106d7c,directed_verified,4,3.5201431998538996e-05,8.874192326995242e-20,False,13.505873614816027,3,2.8692412279409497e-05,MOVE_BUDGET_EXHAUSTED,8.874192326995243e-19,1.147997599968221,0.29945060005411506,18.61177100002533,0,36,"{""full_gap"": 3.5201431998538996e-05, ""half_H_step_energy"": 3.520143199853911e-05, ""reference_gradient_cross"": -1.1475730207829266e-19, ""numerical_floor"": 8.874192326995242e-20, ""H_step_error"": 0.008390641453254823, ""relative_H_step_error"": 13.505873614816027, ""full_reference_H_energy"": 3.859623694691353e-07, ""reference_relative_residual"": 1.180537498024881e-12}",reported fields only; round0 cache/dense teacher acquisition may be incomplete; never total these with occupation,30.61365237213914,47.49406864465106,196.3901758572405,46.59684834158212,48,46,-21.239394777511908,5.8869379934631,28.093542794459808,1.9744950062014546,-23.213889783713363,0.0007471330634724482,3020.4465758230517,4271.566731777715,,,0.0019152035140869888,1e-05,3.4299999999999993e-05,2.4299999999999994e-05,FULL_SMALL_REFERENCE,"original measured-data scale normalization, not calibrated noise covariance",8f41638a421faa7c8ea9a4f49e9e170f02751445c2c3b0c71f87049d1981bc4f
2007,late,4,<WORKSPACE>/Gaussian/A17/EXCHANGE_R1/results/object_2007_late,8b6ae019adc6227a1c90d1bb327c514b1a79631e0803834efb187b2f9b415f24,87b802fa63668f337f8ab5563faed5907a2fbbc8afe91916d542368a05106d7c,adaptive_leq_k,4,3.5201431998538996e-05,8.874192326995242e-20,False,13.505873614816027,3,2.8692412279409497e-05,MOVE_BUDGET_EXHAUSTED,8.874192326995243e-19,0.7926877999561839,0.3083077999763191,18.25646120001329,0,36,"{""full_gap"": 3.5201431998538996e-05, ""half_H_step_energy"": 3.520143199853911e-05, ""reference_gradient_cross"": -1.1475730207829266e-19, ""numerical_floor"": 8.874192326995242e-20, ""H_step_error"": 0.008390641453254823, ""relative_H_step_error"": 13.505873614816027, ""full_reference_H_energy"": 3.859623694691353e-07, ""reference_relative_residual"": 1.180537498024881e-12}",reported fields only; round0 cache/dense teacher acquisition may be incomplete; never total these with occupation,30.61365237213914,47.49406864465106,196.3901758572405,46.59684834158212,48,46,-21.239394777511908,5.8869379934631,28.093542794459808,1.9744950062014546,-23.213889783713363,0.0007471330634724482,3020.4465758230517,4271.566731777715,,,0.0019152035140869888,1e-05,3.4299999999999993e-05,2.4299999999999994e-05,FULL_SMALL_REFERENCE,"original measured-data scale normalization, not calibrated noise covariance",8f41638a421faa7c8ea9a4f49e9e170f02751445c2c3b0c71f87049d1981bc4f
2007,late,8,<WORKSPACE>/Gaussian/A17/EXCHANGE_R1/results/object_2007_late,8b6ae019adc6227a1c90d1bb327c514b1a79631e0803834efb187b2f9b415f24,87b802fa63668f337f8ab5563faed5907a2fbbc8afe91916d542368a05106d7c,receiver_no_swap,8,3.065775223676982e-05,8.874192326995242e-20,False,12.604124110012254,0,0,,8.874192326995243e-19,0.004024000023491681,,,,,"{""full_gap"": 3.065775223676982e-05, ""half_H_step_energy"": 3.065775223676938e-05, ""reference_gradient_cross"": 4.424359077137687e-19, ""numerical_floor"": 8.874192326995242e-20, ""H_step_error"": 0.007830421730247915, ""relative_H_step_error"": 12.604124110012254, ""full_reference_H_energy"": 3.859623694691353e-07, ""reference_relative_residual"": 1.180537498024881e-12}",reported fields only; round0 cache/dense teacher acquisition may be incomplete; never total these with occupation,73.5997868622208,51.518019763009484,210.2139114438305,50.032147246562545,52,50,,,,,,,0.9924683934430043,5.583528022068034,,,,1e-05,3.4299999999999993e-05,2.4299999999999994e-05,FULL_SMALL_REFERENCE,"original measured-data scale normalization, not calibrated noise covariance",8f41638a421faa7c8ea9a4f49e9e170f02751445c2c3b0c71f87049d1981bc4f
2007,late,8,<WORKSPACE>/Gaussian/A17/EXCHANGE_R1/results/object_2007_late,8b6ae019adc6227a1c90d1bb327c514b1a79631e0803834efb187b2f9b415f24,87b802fa63668f337f8ab5563faed5907a2fbbc8afe91916d542368a05106d7c,surrogate_exchange,8,8.422212506452603e-06,8.874192326995242e-20,False,6.60625926098679,3,2.2235539730317165e-05,MOVE_BUDGET_EXHAUSTED,8.874192326995243e-19,1.0970898999948986,0.6910386999952607,18.495662600151263,0,0,"{""full_gap"": 8.422212506452603e-06, ""half_H_step_energy"": 8.422212506452273e-06, ""reference_gradient_cross"": 3.296073668321355e-19, ""numerical_floor"": 8.874192326995242e-20, ""H_step_error"": 0.0041041960251557855, ""relative_H_step_error"": 6.60625926098679, ""full_reference_H_energy"": 3.859623694691353e-07, ""reference_relative_residual"": 1.180537498024881e-12}",reported fields only; round0 cache/dense teacher acquisition may be incomplete; never total these with occupation,56.67711099225219,53.69124434517175,225.75896155356483,53.0275601330996,54,54,-16.922675869968607,2.1732245821622627,15.54505010973432,0.008635124451984666,-16.931310994420592,4.1130367044888724e-07,21.018398732287523,30.656563467782743,,,0.0016303134587855237,1e-05,3.4299999999999993e-05,2.4299999999999994e-05,FULL_SMALL_REFERENCE,"original measured-data scale normalization, not calibrated noise covariance",8f41638a421faa7c8ea9a4f49e9e170f02751445c2c3b0c71f87049d1981bc4f
2007,late,8,<WORKSPACE>/Gaussian/A17/EXCHANGE_R1/results/object_2007_late,8b6ae019adc6227a1c90d1bb327c514b1a79631e0803834efb187b2f9b415f24,87b802fa63668f337f8ab5563faed5907a2fbbc8afe91916d542368a05106d7c,exact_score_teacher,8,4.6089437175503005e-06,8.874192326995242e-20,False,4.887009893536333,3,2.60488085192195e-05,MOVE_BUDGET_EXHAUSTED,8.874192326995243e-19,8.813848300022073,7.599463000020478,,0,0,"{""full_gap"": 4.6089437175503005e-06, ""half_H_step_energy"": 4.608943717550324e-06, ""reference_gradient_cross"": -2.403385576155022e-20, ""numerical_floor"": 8.874192326995242e-20, ""H_step_error"": 0.0030360974021102563, ""relative_H_step_error"": 4.887009893536333, ""full_reference_H_energy"": 3.859623694691353e-07, ""reference_relative_residual"": 1.180537498024881e-12}",reported fields only; round0 cache/dense teacher acquisition may be incomplete; never total these with occupation,45.156654705309116,53.4410658537595,218.04519514618138,52.33808688345315,54,52,-28.44313215691168,1.923046090750013,7.8312837023508735,0.00158626951643015,-28.44471842642811,7.555634873312622e-08,4.327910378326254,8.0339292520214,,,0.0009160357479052306,1e-05,3.4299999999999993e-05,2.4299999999999994e-05,FULL_SMALL_REFERENCE,"original measured-data scale normalization, not calibrated noise covariance",8f41638a421faa7c8ea9a4f49e9e170f02751445c2c3b0c71f87049d1981bc4f
2007,late,8,<WORKSPACE>/Gaussian/A17/EXCHANGE_R1/results/object_2007_late,8b6ae019adc6227a1c90d1bb327c514b1a79631e0803834efb187b2f9b415f24,87b802fa63668f337f8ab5563faed5907a2fbbc8afe91916d542368a05106d7c,directed_verified,8,8.422212506452619e-06,8.874192326995242e-20,False,6.606259260986795,3,2.2235539730317185e-05,MOVE_BUDGET_EXHAUSTED,8.874192326995243e-19,1.7503625999670476,0.7032167000579648,19.190143099986017,0,36,"{""full_gap"": 8.422212506452619e-06, ""half_H_step_energy"": 8.422212506452288e-06, ""reference_gradient_cross"": 3.296073668321355e-19, ""numerical_floor"": 8.874192326995242e-20, ""H_step_error"": 0.004104196025155789, ""relative_H_step_error"": 6.606259260986795, ""full_reference_H_energy"": 3.859623694691353e-07, ""reference_relative_residual"": 1.180537498024881e-12}",reported fields only; round0 cache/dense teacher acquisition may be incomplete; never total these with occupation,56.67711099225219,53.69124434517175,225.75896155356483,53.0275601330996,54,54,-16.922675869968607,2.1732245821622627,15.54505010973432,0.008635124451984666,-16.931310994420592,4.1130367044888724e-07,21.018398732287523,30.656563467782743,,,0.0016303134587855237,1e-05,3.4299999999999993e-05,2.4299999999999994e-05,FULL_SMALL_REFERENCE,"original measured-data scale normalization, not calibrated noise covariance",8f41638a421faa7c8ea9a4f49e9e170f02751445c2c3b0c71f87049d1981bc4f
2007,late,8,<WORKSPACE>/Gaussian/A17/EXCHANGE_R1/results/object_2007_late,8b6ae019adc6227a1c90d1bb327c514b1a79631e0803834efb187b2f9b415f24,87b802fa63668f337f8ab5563faed5907a2fbbc8afe91916d542368a05106d7c,adaptive_leq_k,8,8.422212506452619e-06,8.874192326995242e-20,False,6.606259260986795,3,2.2235539730317185e-05,MOVE_BUDGET_EXHAUSTED,8.874192326995243e-19,1.5256482000113465,0.8110396000556648,18.965428700030316,0,36,"{""full_gap"": 8.422212506452619e-06, ""half_H_step_energy"": 8.422212506452288e-06, ""reference_gradient_cross"": 3.296073668321355e-19, ""numerical_floor"": 8.874192326995242e-20, ""H_step_error"": 0.004104196025155789, ""relative_H_step_error"": 6.606259260986795, ""full_reference_H_energy"": 3.859623694691353e-07, ""reference_relative_residual"": 1.180537498024881e-12}",reported fields only; round0 cache/dense teacher acquisition may be incomplete; never total these with occupation,56.67711099225219,53.69124434517175,225.75896155356483,53.0275601330996,54,54,-16.922675869968607,2.1732245821622627,15.54505010973432,0.008635124451984666,-16.931310994420592,4.1130367044888724e-07,21.018398732287523,30.656563467782743,,,0.0016303134587855237,1e-05,3.4299999999999993e-05,2.4299999999999994e-05,FULL_SMALL_REFERENCE,"original measured-data scale normalization, not calibrated noise covariance",8f41638a421faa7c8ea9a4f49e9e170f02751445c2c3b0c71f87049d1981bc4f
2007,late,16,<WORKSPACE>/Gaussian/A17/EXCHANGE_R1/results/object_2007_late,8b6ae019adc6227a1c90d1bb327c514b1a79631e0803834efb187b2f9b415f24,87b802fa63668f337f8ab5563faed5907a2fbbc8afe91916d542368a05106d7c,receiver_no_swap,16,3.236227535097006e-06,8.874192326995242e-20,False,4.095076698132499,0,0,,8.874192326995243e-19,0.006211099971551448,,,,,"{""full_gap"": 3.236227535097006e-06, ""half_H_step_energy"": 3.2362275350969587e-06, ""reference_gradient_cross"": 4.7253947014916227e-20, ""numerical_floor"": 8.874192326995242e-20, ""H_step_error"": 0.002544102016467484, ""relative_H_step_error"": 4.095076698132499, ""full_reference_H_energy"": 3.859623694691353e-07, ""reference_relative_residual"": 1.180537498024881e-12}",reported fields only; round0 cache/dense teacher acquisition may be incomplete; never total these with occupation,88.2353822054433,52.935324077161646,235.3172369087659,51.85109009592333,54,52,,,,,,,0.9468158199378116,4.233914919328872,,,,1e-05,3.4299999999999993e-05,2.4299999999999994e-05,FULL_SMALL_REFERENCE,"original measured-data scale normalization, not calibrated noise covariance",8f41638a421faa7c8ea9a4f49e9e170f02751445c2c3b0c71f87049d1981bc4f
2007,late,16,<WORKSPACE>/Gaussian/A17/EXCHANGE_R1/results/object_2007_late,8b6ae019adc6227a1c90d1bb327c514b1a79631e0803834efb187b2f9b415f24,87b802fa63668f337f8ab5563faed5907a2fbbc8afe91916d542368a05106d7c,surrogate_exchange,16,1.6202377126127546e-06,8.874192326995242e-20,False,2.8975563068652375,3,1.6159898224842542e-06,MOVE_BUDGET_EXHAUSTED,8.874192326995243e-19,2.9753547000000253,2.0140563000459224,20.376119400083553,0,0,"{""full_gap"": 1.6202377126127546e-06, ""half_H_step_energy"": 1.6202377126127402e-06, ""reference_gradient_cross"": 1.434637685788211e-20, ""numerical_floor"": 8.874192326995242e-20, ""H_step_error"": 0.0018001320577183998, ""relative_H_step_error"": 2.8975563068652375, ""full_reference_H_energy"": 3.859623694691353e-07, ""reference_relative_residual"": 1.180537498024881e-12}",reported fields only; round0 cache/dense teacher acquisition may be incomplete; never total these with occupation,81.61058642723282,53.74093777372314,239.65005217392087,53.171939399527766,54,54,-6.624795778210483,0.805613696561494,4.332815265154977,-1.8474111129762605e-13,-6.624795778210299,1.9802817166953776e-26,17.79289793633852,25.46039386670408,,,0.0002874815674515394,1e-05,3.4299999999999993e-05,2.4299999999999994e-05,FULL_SMALL_REFERENCE,"original measured-data scale normalization, not calibrated noise covariance",8f41638a421faa7c8ea9a4f49e9e170f02751445c2c3b0c71f87049d1981bc4f
2007,late,16,<WORKSPACE>/Gaussian/A17/EXCHANGE_R1/results/object_2007_late,8b6ae019adc6227a1c90d1bb327c514b1a79631e0803834efb187b2f9b415f24,87b802fa63668f337f8ab5563faed5907a2fbbc8afe91916d542368a05106d7c,exact_score_teacher,16,5.595127206302929e-07,8.874192326995242e-20,False,1.7027367059976664,3,2.6767148144667155e-06,MOVE_BUDGET_EXHAUSTED,8.874192326995243e-19,23.922655100002885,21.293634299945552,,0,0,"{""full_gap"": 5.595127206302929e-07, ""half_H_step_energy"": 5.595127206303875e-07, ""reference_gradient_cross"": -9.467492012078068e-20, ""numerical_floor"": 8.874192326995242e-20, ""H_step_error"": 0.001057839988495791, ""relative_H_step_error"": 1.7027367059976664, ""full_reference_H_energy"": 3.859623694691353e-07, ""reference_relative_residual"": 1.180537498024881e-12}",reported fields only; round0 cache/dense teacher acquisition may be incomplete; never total these with occupation,66.75269506296537,53.29080152133101,236.8896357449683,52.321716278247294,54,52,-21.48268714247793,0.35547744416936666,1.5723988362024102,0.0,-21.48268714247793,5.156681041271956e-28,0.9434406580710183,4.0630618256252875,,,0.001746295180439389,1e-05,3.4299999999999993e-05,2.4299999999999994e-05,FULL_SMALL_REFERENCE,"original measured-data scale normalization, not calibrated noise covariance",8f41638a421faa7c8ea9a4f49e9e170f02751445c2c3b0c71f87049d1981bc4f
2007,late,16,<WORKSPACE>/Gaussian/A17/EXCHANGE_R1/results/object_2007_late,8b6ae019adc6227a1c90d1bb327c514b1a79631e0803834efb187b2f9b415f24,87b802fa63668f337f8ab5563faed5907a2fbbc8afe91916d542368a05106d7c,directed_verified,16,1.6202377126127614e-06,8.874192326995242e-20,False,2.8975563068652437,3,1.6159898224842525e-06,MOVE_BUDGET_EXHAUSTED,8.874192326995243e-19,3.429984600050375,1.9963678999920376,20.886849700065795,0,36,"{""full_gap"": 1.6202377126127614e-06, ""half_H_step_energy"": 1.620237712612747e-06, ""reference_gradient_cross"": 1.434637685788211e-20, ""numerical_floor"": 8.874192326995242e-20, ""H_step_error"": 0.0018001320577184037, ""relative_H_step_error"": 2.8975563068652437, ""full_reference_H_energy"": 3.859623694691353e-07, ""reference_relative_residual"": 1.180537498024881e-12}",reported fields only; round0 cache/dense teacher acquisition may be incomplete; never total these with occupation,81.61058642723282,53.74093777372314,239.65005217392087,53.171939399527766,54,54,-6.624795778210483,0.805613696561494,4.332815265154977,-1.8474111129762605e-13,-6.624795778210299,1.9802817166953776e-26,17.79289793633852,25.46039386670408,,,0.0002874815674515394,1e-05,3.4299999999999993e-05,2.4299999999999994e-05,FULL_SMALL_REFERENCE,"original measured-data scale normalization, not calibrated noise covariance",8f41638a421faa7c8ea9a4f49e9e170f02751445c2c3b0c71f87049d1981bc4f
2007,late,16,<WORKSPACE>/Gaussian/A17/EXCHANGE_R1/results/object_2007_late,8b6ae019adc6227a1c90d1bb327c514b1a79631e0803834efb187b2f9b415f24,87b802fa63668f337f8ab5563faed5907a2fbbc8afe91916d542368a05106d7c,adaptive_leq_k,16,1.6202377126127614e-06,8.874192326995242e-20,False,2.8975563068652437,3,1.6159898224842525e-06,MOVE_BUDGET_EXHAUSTED,8.874192326995243e-19,3.6759727000026032,2.2793652999098413,21.132837800018024,0,36,"{""full_gap"": 1.6202377126127614e-06, ""half_H_step_energy"": 1.620237712612747e-06, ""reference_gradient_cross"": 1.434637685788211e-20, ""numerical_floor"": 8.874192326995242e-20, ""H_step_error"": 0.0018001320577184037, ""relative_H_step_error"": 2.8975563068652437, ""full_reference_H_energy"": 3.859623694691353e-07, ""reference_relative_residual"": 1.180537498024881e-12}",reported fields only; round0 cache/dense teacher acquisition may be incomplete; never total these with occupation,81.61058642723282,53.74093777372314,239.65005217392087,53.171939399527766,54,54,-6.624795778210483,0.805613696561494,4.332815265154977,-1.8474111129762605e-13,-6.624795778210299,1.9802817166953776e-26,17.79289793633852,25.46039386670408,,,0.0002874815674515394,1e-05,3.4299999999999993e-05,2.4299999999999994e-05,FULL_SMALL_REFERENCE,"original measured-data scale normalization, not calibrated noise covariance",8f41638a421faa7c8ea9a4f49e9e170f02751445c2c3b0c71f87049d1981bc4f
2007,middle,4,<WORKSPACE>/Gaussian/A17/EXCHANGE_R1/results/object_2007_middle,b21bb4739b29eb7a9609a3988b53c0feb3fd02e4cc8439d65a6ab1dcdbb7ea25,7c708621363a1f54816c3f30f0a5b9490c9fcb305df7cf817f3398432fe3c9bc,receiver_no_swap,4,6.506961099199865e-05,1.213399455334563e-19,False,10.15296216020248,0,0,,1.213399455334563e-18,0.0037572000292129815,,,,,"{""full_gap"": 6.506961099199865e-05, ""half_H_step_energy"": 6.506961099199875e-05, ""reference_gradient_cross"": -9.002991401364811e-20, ""numerical_floor"": 1.213399455334563e-19, ""H_step_error"": 0.011407857905145799, ""relative_H_step_error"": 10.15296216020248, ""full_reference_H_energy"": 1.2624746629796522e-06, ""reference_relative_residual"": 8.982510667500508e-13}",reported fields only; round0 cache/dense teacher acquisition may be incomplete; never total these with occupation,51.70165941097956,41.42570346292528,166.8532363953454,29.92439986247687,42,40,,,,,,,0.99985616439137,6.423147125983859,,,,1e-05,0.00301,0.003,FULL_SMALL_REFERENCE,"original measured-data scale normalization, not calibrated noise covariance",8f41638a421faa7c8ea9a4f49e9e170f02751445c2c3b0c71f87049d1981bc4f
2007,middle,4,<WORKSPACE>/Gaussian/A17/EXCHANGE_R1/results/object_2007_middle,b21bb4739b29eb7a9609a3988b53c0feb3fd02e4cc8439d65a6ab1dcdbb7ea25,7c708621363a1f54816c3f30f0a5b9490c9fcb305df7cf817f3398432fe3c9bc,surrogate_exchange,4,8.976203504696913e-06,1.213399455334563e-19,False,3.77094334413667,3,5.609340748730178e-05,MOVE_BUDGET_EXHAUSTED,1.213399455334563e-18,0.4657084999489598,0.2795915000606328,18.2657184000127,0,0,"{""full_gap"": 8.976203504696913e-06, ""half_H_step_energy"": 8.976203504696422e-06, ""reference_gradient_cross"": 4.912242177870872e-19, ""numerical_floor"": 1.213399455334563e-19, ""H_step_error"": 0.004237028086925179, ""relative_H_step_error"": 3.77094334413667, ""full_reference_H_energy"": 1.2624746629796522e-06, ""reference_relative_residual"": 8.982510667500508e-13}",reported fields only; round0 cache/dense teacher acquisition may be incomplete; never total these with occupation,43.28296948934119,45.85811231383434,184.0293408498113,32.20753774050041,46,42,-8.418689921638368,4.432408850909063,17.1761044544659,0.08525925835986925,-8.503949179998237,7.127069995321808e-10,13.59729970240304,20.13263333083913,,,0.003802240898463738,1e-05,0.00301,0.003,FULL_SMALL_REFERENCE,"original measured-data scale normalization, not calibrated noise covariance",8f41638a421faa7c8ea9a4f49e9e170f02751445c2c3b0c71f87049d1981bc4f
2007,middle,4,<WORKSPACE>/Gaussian/A17/EXCHANGE_R1/results/object_2007_middle,b21bb4739b29eb7a9609a3988b53c0feb3fd02e4cc8439d65a6ab1dcdbb7ea25,7c708621363a1f54816c3f30f0a5b9490c9fcb305df7cf817f3398432fe3c9bc,exact_score_teacher,4,3.1363471997757527e-06,1.213399455334563e-19,False,2.2290290544103244,3,6.193326379222292e-05,MOVE_BUDGET_EXHAUSTED,1.213399455334563e-18,3.844180799962487,3.2470457000890747,,0,0,"{""full_gap"": 3.1363471997757527e-06, ""half_H_step_energy"": 3.1363471997758984e-06, ""reference_gradient_cross"": -1.4567797174727939e-19, ""numerical_floor"": 1.213399455334563e-19, ""H_step_error"": 0.0025045347670878512, ""relative_H_step_error"": 2.2290290544103244, ""full_reference_H_energy"": 1.2624746629796522e-06, ""reference_relative_residual"": 8.982510667500508e-13}",reported fields only; round0 cache/dense teacher acquisition may be incomplete; never total these with occupation,12.274233656292301,46.48393861384926,177.79868493267952,32.64365433940874,48,42,-39.427425754687256,5.058235150923984,10.94544853733413,0.06539380635606307,-39.49281956104332,1.942125772270811e-10,2.8501122084459465,7.423621990254874,,,0.0014135064747989316,1e-05,0.00301,0.003,FULL_SMALL_REFERENCE,"original measured-data scale normalization, not calibrated noise covariance",8f41638a421faa7c8ea9a4f49e9e170f02751445c2c3b0c71f87049d1981bc4f
2007,middle,4,<WORKSPACE>/Gaussian/A17/EXCHANGE_R1/results/object_2007_middle,b21bb4739b29eb7a9609a3988b53c0feb3fd02e4cc8439d65a6ab1dcdbb7ea25,7c708621363a1f54816c3f30f0a5b9490c9fcb305df7cf817f3398432fe3c9bc,directed_verified,4,8.552266805707531e-06,1.213399455334563e-19,False,3.680817482161088,2,5.651734418629112e-05,ABSTAIN_UNRESOLVED,1.213399455334563e-18,0.9541820999584161,0.29328249994432554,18.825696100015193,0,36,"{""full_gap"": 8.552266805707531e-06, ""half_H_step_energy"": 8.552266805707451e-06, ""reference_gradient_cross"": 7.913049136900661e-20, ""numerical_floor"": 1.213399455334563e-19, ""H_step_error"": 0.0041357627605334065, ""relative_H_step_error"": 3.680817482161088, ""full_reference_H_energy"": 1.2624746629796522e-06, ""reference_relative_residual"": 8.982510667500508e-13}",reported fields only; round0 cache/dense teacher acquisition may be incomplete; never total these with occupation,43.27876880495798,45.32208530542026,181.3327517072443,31.768545751977605,46,42,-8.422890606021582,3.896381842494982,14.479515311898922,0.0794103393445198,-8.502300945366102,6.587860060600006e-10,12.627225657487891,18.834351213123824,,,0.0023416923008148533,1e-05,0.00301,0.003,FULL_SMALL_REFERENCE,"original measured-data scale normalization, not calibrated noise covariance",8f41638a421faa7c8ea9a4f49e9e170f02751445c2c3b0c71f87049d1981bc4f
2007,middle,4,<WORKSPACE>/Gaussian/A17/EXCHANGE_R1/results/object_2007_middle,b21bb4739b29eb7a9609a3988b53c0feb3fd02e4cc8439d65a6ab1dcdbb7ea25,7c708621363a1f54816c3f30f0a5b9490c9fcb305df7cf817f3398432fe3c9bc,adaptive_leq_k,4,8.552266805707531e-06,1.213399455334563e-19,False,3.680817482161088,2,5.651734418629112e-05,ABSTAIN_UNRESOLVED,1.213399455334563e-18,0.7531880000024103,0.312267100031022,18.624702000059187,0,36,"{""full_gap"": 8.552266805707531e-06, ""half_H_step_energy"": 8.552266805707451e-06, ""reference_gradient_cross"": 7.913049136900661e-20, ""numerical_floor"": 1.213399455334563e-19, ""H_step_error"": 0.0041357627605334065, ""relative_H_step_error"": 3.680817482161088, ""full_reference_H_energy"": 1.2624746629796522e-06, ""reference_relative_residual"": 8.982510667500508e-13}",reported fields only; round0 cache/dense teacher acquisition may be incomplete; never total these with occupation,43.27876880495798,45.32208530542026,181.3327517072443,31.768545751977605,46,42,-8.422890606021582,3.896381842494982,14.479515311898922,0.0794103393445198,-8.502300945366102,6.587860060600006e-10,12.627225657487891,18.834351213123824,,,0.0023416923008148533,1e-05,0.00301,0.003,FULL_SMALL_REFERENCE,"original measured-data scale normalization, not calibrated noise covariance",8f41638a421faa7c8ea9a4f49e9e170f02751445c2c3b0c71f87049d1981bc4f
2007,middle,8,<WORKSPACE>/Gaussian/A17/EXCHANGE_R1/results/object_2007_middle,b21bb4739b29eb7a9609a3988b53c0feb3fd02e4cc8439d65a6ab1dcdbb7ea25,7c708621363a1f54816c3f30f0a5b9490c9fcb305df7cf817f3398432fe3c9bc,receiver_no_swap,8,1.0559067555006145e-05,1.213399455334563e-19,False,4.089935382755138,0,0,,1.213399455334563e-18,0.0038344000349752605,,,,,"{""full_gap"": 1.0559067555006145e-05, ""half_H_step_energy"": 1.0559067555005804e-05, ""reference_gradient_cross"": 3.406398780217465e-19, ""numerical_floor"": 1.213399455334563e-19, ""H_step_error"": 0.00459544721545266, ""relative_H_step_error"": 4.089935382755138, ""full_reference_H_energy"": 1.2624746629796522e-06, ""reference_relative_residual"": 8.982510667500508e-13}",reported fields only; round0 cache/dense teacher acquisition may be incomplete; never total these with occupation,73.50861588782402,51.43403361972616,208.54953108432784,35.50273895934535,52,50,,,,,,,0.9922469927541712,5.521262797025057,,,,1e-05,0.00301,0.003,FULL_SMALL_REFERENCE,"original measured-data scale normalization, not calibrated noise covariance",8f41638a421faa7c8ea9a4f49e9e170f02751445c2c3b0c71f87049d1981bc4f
2007,middle,8,<WORKSPACE>/Gaussian/A17/EXCHANGE_R1/results/object_2007_middle,b21bb4739b29eb7a9609a3988b53c0feb3fd02e4cc8439d65a6ab1dcdbb7ea25,7c708621363a1f54816c3f30f0a5b9490c9fcb305df7cf817f3398432fe3c9bc,surrogate_exchange,8,3.865398108760061e-06,1.213399455334563e-19,False,2.4745758903624995,2,6.6936694462460846e-06,ABSTAIN_UNRESOLVED,1.213399455334563e-18,1.0621301000355743,0.6800131999771111,18.86239690007642,0,0,"{""full_gap"": 3.865398108760061e-06, ""half_H_step_energy"": 3.865398108760001e-06, ""reference_gradient_cross"": 6.049952070388854e-20, ""numerical_floor"": 1.213399455334563e-19, ""H_step_error"": 0.002780430940973, ""relative_H_step_error"": 2.4745758903624995, ""full_reference_H_energy"": 1.2624746629796522e-06, ""reference_relative_residual"": 8.982510667500508e-13}",reported fields only; round0 cache/dense teacher acquisition may be incomplete; never total these with occupation,59.389036919043455,53.452736325941316,223.12256315064752,39.140900558817904,54,52,-14.119578968780566,2.0187027062151586,14.573032066319684,0.003176421328049628,-14.122755390108615,2.4923413563176704e-10,15.330262069328766,22.26867983949456,,,0.0019173441748519503,1e-05,0.00301,0.003,FULL_SMALL_REFERENCE,"original measured-data scale normalization, not calibrated noise covariance",8f41638a421faa7c8ea9a4f49e9e170f02751445c2c3b0c71f87049d1981bc4f
2007,middle,8,<WORKSPACE>/Gaussian/A17/EXCHANGE_R1/results/object_2007_middle,b21bb4739b29eb7a9609a3988b53c0feb3fd02e4cc8439d65a6ab1dcdbb7ea25,7c708621363a1f54816c3f30f0a5b9490c9fcb305df7cf817f3398432fe3c9bc,exact_score_teacher,8,1.6585047522375828e-06,1.213399455334563e-19,False,1.6209216482631492,3,8.900562802768546e-06,MOVE_BUDGET_EXHAUSTED,1.213399455334563e-18,8.689140999980737,7.562398700101767,,0,0,"{""full_gap"": 1.6585047522375828e-06, ""half_H_step_energy"": 1.6585047522375673e-06, ""reference_gradient_cross"": 1.5462539507483313e-20, ""numerical_floor"": 1.213399455334563e-19, ""H_step_error"": 0.0018212659071302946, ""relative_H_step_error"": 1.6209216482631492, ""full_reference_H_energy"": 1.2624746629796522e-06, ""reference_relative_residual"": 8.982510667500508e-13}",reported fields only; round0 cache/dense teacher acquisition may be incomplete; never total these with occupation,52.23874763234815,53.51396417756618,217.50585154304576,38.216991315287515,54,52,-21.26986825547587,2.0799305578400222,8.956320458717926,0.00119176853011993,-21.27106002400599,9.351070551800093e-11,2.1111725235488543,5.989062443819371,,,0.0007915992150322909,1e-05,0.00301,0.003,FULL_SMALL_REFERENCE,"original measured-data scale normalization, not calibrated noise covariance",8f41638a421faa7c8ea9a4f49e9e170f02751445c2c3b0c71f87049d1981bc4f
2007,middle,8,<WORKSPACE>/Gaussian/A17/EXCHANGE_R1/results/object_2007_middle,b21bb4739b29eb7a9609a3988b53c0feb3fd02e4cc8439d65a6ab1dcdbb7ea25,7c708621363a1f54816c3f30f0a5b9490c9fcb305df7cf817f3398432fe3c9bc,directed_verified,8,3.519415161920574e-06,1.213399455334563e-19,False,2.3612333727005463,3,7.039652393085577e-06,MOVE_BUDGET_EXHAUSTED,1.213399455334563e-18,1.5591603000066243,0.7108477000147104,19.397169600066263,0,36,"{""full_gap"": 3.519415161920574e-06, ""half_H_step_energy"": 3.5194151619204554e-06, ""reference_gradient_cross"": 1.1845767332436315e-19, ""numerical_floor"": 1.213399455334563e-19, ""H_step_error"": 0.0026530794039833997, ""relative_H_step_error"": 2.3612333727005463, ""full_reference_H_energy"": 1.2624746629796522e-06, ""reference_relative_residual"": 8.982510667500508e-13}",reported fields only; round0 cache/dense teacher acquisition may be incomplete; never total these with occupation,62.73949511514618,53.3084941818163,225.19171870652082,39.6853867698611,54,50,-10.769120772677844,1.8744605620901424,16.642187622192978,0.003192242408353252,-10.772313015086198,2.504755179361073e-10,16.06413101377685,23.383467510323083,,,0.0013711893814742314,1e-05,0.00301,0.003,FULL_SMALL_REFERENCE,"original measured-data scale normalization, not calibrated noise covariance",8f41638a421faa7c8ea9a4f49e9e170f02751445c2c3b0c71f87049d1981bc4f
2007,middle,8,<WORKSPACE>/Gaussian/A17/EXCHANGE_R1/results/object_2007_middle,b21bb4739b29eb7a9609a3988b53c0feb3fd02e4cc8439d65a6ab1dcdbb7ea25,7c708621363a1f54816c3f30f0a5b9490c9fcb305df7cf817f3398432fe3c9bc,adaptive_leq_k,8,3.519415161920574e-06,1.213399455334563e-19,False,2.3612333727005463,3,7.039652393085577e-06,MOVE_BUDGET_EXHAUSTED,1.213399455334563e-18,1.5502901999861933,0.8191269999952056,19.388299500045832,0,36,"{""full_gap"": 3.519415161920574e-06, ""half_H_step_energy"": 3.5194151619204554e-06, ""reference_gradient_cross"": 1.1845767332436315e-19, ""numerical_floor"": 1.213399455334563e-19, ""H_step_error"": 0.0026530794039833997, ""relative_H_step_error"": 2.3612333727005463, ""full_reference_H_energy"": 1.2624746629796522e-06, ""reference_relative_residual"": 8.982510667500508e-13}",reported fields only; round0 cache/dense teacher acquisition may be incomplete; never total these with occupation,62.73949511514618,53.3084941818163,225.19171870652082,39.6853867698611,54,50,-10.769120772677844,1.8744605620901424,16.642187622192978,0.003192242408353252,-10.772313015086198,2.504755179361073e-10,16.06413101377685,23.383467510323083,,,0.0013711893814742314,1e-05,0.00301,0.003,FULL_SMALL_REFERENCE,"original measured-data scale normalization, not calibrated noise covariance",8f41638a421faa7c8ea9a4f49e9e170f02751445c2c3b0c71f87049d1981bc4f
2007,middle,16,<WORKSPACE>/Gaussian/A17/EXCHANGE_R1/results/object_2007_middle,b21bb4739b29eb7a9609a3988b53c0feb3fd02e4cc8439d65a6ab1dcdbb7ea25,7c708621363a1f54816c3f30f0a5b9490c9fcb305df7cf817f3398432fe3c9bc,receiver_no_swap,16,1.6289989965491702e-06,1.213399455334563e-19,False,1.6064383774493218,0,0,,1.213399455334563e-18,0.004767099977470934,,,,,"{""full_gap"": 1.6289989965491702e-06, ""half_H_step_energy"": 1.628998996549074e-06, ""reference_gradient_cross"": 9.606872826077731e-20, ""numerical_floor"": 1.213399455334563e-19, ""H_step_error"": 0.0018049925188482494, ""relative_H_step_error"": 1.6064383774493218, ""full_reference_H_energy"": 1.2624746629796522e-06, ""reference_relative_residual"": 8.982510667500508e-13}",reported fields only; round0 cache/dense teacher acquisition may be incomplete; never total these with occupation,88.1256844079115,52.97974021724853,233.95035561215724,40.39129207459817,54,52,,,,,,,0.9326588439856797,4.146117327036065,,,,1e-05,0.00301,0.003,FULL_SMALL_REFERENCE,"original measured-data scale normalization, not calibrated noise covariance",8f41638a421faa7c8ea9a4f49e9e170f02751445c2c3b0c71f87049d1981bc4f
2007,middle,16,<WORKSPACE>/Gaussian/A17/EXCHANGE_R1/results/object_2007_middle,b21bb4739b29eb7a9609a3988b53c0feb3fd02e4cc8439d65a6ab1dcdbb7ea25,7c708621363a1f54816c3f30f0a5b9490c9fcb305df7cf817f3398432fe3c9bc,surrogate_exchange,16,7.874729383017813e-07,1.213399455334563e-19,False,1.116918492363515,3,8.415260582473876e-07,MOVE_BUDGET_EXHAUSTED,1.213399455334563e-18,2.939376700029243,1.992088400060311,20.740448000025935,0,0,"{""full_gap"": 7.874729383017813e-07, ""half_H_step_energy"": 7.874729383017992e-07, ""reference_gradient_cross"": -1.788252337311367e-20, ""numerical_floor"": 1.213399455334563e-19, ""H_step_error"": 0.0012549684763385886, ""relative_H_step_error"": 1.116918492363515, ""full_reference_H_energy"": 1.2624746629796522e-06, ""reference_relative_residual"": 8.982510667500508e-13}",reported fields only; round0 cache/dense teacher acquisition may be incomplete; never total these with occupation,62.51708367151723,52.77376596744351,228.56441947906112,39.74192453282025,54,52,-25.60860073639428,-0.2059742498050241,-5.3859361330961235,4.263256414560601e-14,-25.608600736394322,-5.448817000689828e-31,0.9566291720761854,4.428470479921535,,,0.0006716012755492639,1e-05,0.00301,0.003,FULL_SMALL_REFERENCE,"original measured-data scale normalization, not calibrated noise covariance",8f41638a421faa7c8ea9a4f49e9e170f02751445c2c3b0c71f87049d1981bc4f
2007,middle,16,<WORKSPACE>/Gaussian/A17/EXCHANGE_R1/results/object_2007_middle,b21bb4739b29eb7a9609a3988b53c0feb3fd02e4cc8439d65a6ab1dcdbb7ea25,7c708621363a1f54816c3f30f0a5b9490c9fcb305df7cf817f3398432fe3c9bc,exact_score_teacher,16,2.7516590145584836e-07,1.213399455334563e-19,False,0.660238689333455,3,1.3538330950933237e-06,MOVE_BUDGET_EXHAUSTED,1.213399455334563e-18,23.672453899984248,21.049543599947356,,0,0,"{""full_gap"": 2.7516590145584836e-07, ""half_H_step_energy"": 2.751659014558338e-07, ""reference_gradient_cross"": 1.4547876065621938e-20, ""numerical_floor"": 1.213399455334563e-19, ""H_step_error"": 0.0007418435164586043, ""relative_H_step_error"": 0.660238689333455, ""full_reference_H_energy"": 1.2624746629796522e-06, ""reference_relative_residual"": 8.982510667500508e-13}",reported fields only; round0 cache/dense teacher acquisition may be incomplete; never total these with occupation,62.60592079250808,53.29305995728653,232.90872118574072,40.9688814420738,54,52,-25.519763615403427,0.313319740037997,-1.0416344264165218,5.684341886080802e-14,-25.519763615403484,-4.229071332542304e-31,0.9237861365569658,4.137676283472987,,,0.0006621900391491811,1e-05,0.00301,0.003,FULL_SMALL_REFERENCE,"original measured-data scale normalization, not calibrated noise covariance",8f41638a421faa7c8ea9a4f49e9e170f02751445c2c3b0c71f87049d1981bc4f
2007,middle,16,<WORKSPACE>/Gaussian/A17/EXCHANGE_R1/results/object_2007_middle,b21bb4739b29eb7a9609a3988b53c0feb3fd02e4cc8439d65a6ab1dcdbb7ea25,7c708621363a1f54816c3f30f0a5b9490c9fcb305df7cf817f3398432fe3c9bc,directed_verified,16,7.63003926073703e-07,1.213399455334563e-19,False,1.0994286466123464,1,8.659950704754631e-07,ABSTAIN_UNRESOLVED,1.213399455334563e-18,2.2990460000000894,1.3405890999711119,20.153524600027595,0,24,"{""full_gap"": 7.63003926073703e-07, ""half_H_step_energy"": 7.630039260736946e-07, ""reference_gradient_cross"": 8.402683604775545e-21, ""numerical_floor"": 1.213399455334563e-19, ""H_step_error"": 0.0012353169035301788, ""relative_H_step_error"": 1.0994286466123464, ""full_reference_H_energy"": 1.2624746629796522e-06, ""reference_relative_residual"": 8.982510667500508e-13}",reported fields only; round0 cache/dense teacher acquisition may be incomplete; never total these with occupation,73.43752399643085,52.94340786722928,233.1556487174056,40.43420510471457,54,52,-14.688160411480652,-0.036332350019250725,-0.7947068947516414,5.684341886080802e-14,-14.688160411480709,-4.048584565337312e-31,0.939465687354107,4.125495417538851,,,0.0008373579164543622,1e-05,0.00301,0.003,FULL_SMALL_REFERENCE,"original measured-data scale normalization, not calibrated noise covariance",8f41638a421faa7c8ea9a4f49e9e170f02751445c2c3b0c71f87049d1981bc4f
2007,middle,16,<WORKSPACE>/Gaussian/A17/EXCHANGE_R1/results/object_2007_middle,b21bb4739b29eb7a9609a3988b53c0feb3fd02e4cc8439d65a6ab1dcdbb7ea25,7c708621363a1f54816c3f30f0a5b9490c9fcb305df7cf817f3398432fe3c9bc,adaptive_leq_k,16,7.63003926073703e-07,1.213399455334563e-19,False,1.0994286466123464,1,8.659950704754631e-07,ABSTAIN_UNRESOLVED,1.213399455334563e-18,2.423126100038644,1.5365578999044374,20.27760470006615,0,24,"{""full_gap"": 7.63003926073703e-07, ""half_H_step_energy"": 7.630039260736946e-07, ""reference_gradient_cross"": 8.402683604775545e-21, ""numerical_floor"": 1.213399455334563e-19, ""H_step_error"": 0.0012353169035301788, ""relative_H_step_error"": 1.0994286466123464, ""full_reference_H_energy"": 1.2624746629796522e-06, ""reference_relative_residual"": 8.982510667500508e-13}",reported fields only; round0 cache/dense teacher acquisition may be incomplete; never total these with occupation,73.43752399643085,52.94340786722928,233.1556487174056,40.43420510471457,54,52,-14.688160411480652,-0.036332350019250725,-0.7947068947516414,5.684341886080802e-14,-14.688160411480709,-4.048584565337312e-31,0.939465687354107,4.125495417538851,,,0.0008373579164543622,1e-05,0.00301,0.003,FULL_SMALL_REFERENCE,"original measured-data scale normalization, not calibrated noise covariance",8f41638a421faa7c8ea9a4f49e9e170f02751445c2c3b0c71f87049d1981bc4f
2012,early,4,<WORKSPACE>/Gaussian/A17/EXCHANGE_R1/results/object_2012_early,25387349f2beb0f96d242ca9b954a62e6bfcc22e30747f954ca70f472e65a2bd,1b8d28c9a325e4528b333f93c4eb260b516b3016d9e8c823bf68a33812c2279c,receiver_no_swap,4,0.0024402768227154716,3.812233327639918e-15,False,0.13468964141620207,0,0,,3.8122333276399174e-14,0.9816380999982357,,,,,"{""full_gap"": 0.0024402768227154716, ""half_H_step_energy"": 0.0024402768226894638, ""reference_gradient_cross"": 2.6007799935339605e-14, ""numerical_floor"": 3.812233327639918e-15, ""H_step_error"": 0.06986095937917634, ""relative_H_step_error"": 0.13468964141620207, ""full_reference_H_energy"": 0.26902999115806625, ""reference_relative_residual"": 9.188723633843212e-13}",reported fields only; round0 cache/dense teacher acquisition may be incomplete; never total these with occupation,22.7748333639683,43.02716371941486,162.88509618235386,23.89580960544149,42,42,,,,,,,,,0.9654701903612568,2.858237414553543,,1e-05,0.01001,0.01,PROJECTED_ONLY,"original measured-data scale normalization, not calibrated noise covariance",a11e138d5fa77a6af8f594c1f57df00a71b16ba8b569843afae7719bb1187524
2012,early,4,<WORKSPACE>/Gaussian/A17/EXCHANGE_R1/results/object_2012_early,25387349f2beb0f96d242ca9b954a62e6bfcc22e30747f954ca70f472e65a2bd,1b8d28c9a325e4528b333f93c4eb260b516b3016d9e8c823bf68a33812c2279c,surrogate_exchange,4,0.00034847874832019904,3.812233327639918e-15,False,0.05089824387008684,2,0.002091798074395271,ABSTAIN_UNRESOLVED,3.8122333276399174e-14,0.8059737000148743,0.5888496001134627,19.598269500071183,12,0,"{""full_gap"": 0.00034847874832019904, ""half_H_step_energy"": 0.00034847874832375403, ""reference_gradient_cross"": -3.5549691537961024e-15, ""numerical_floor"": 3.812233327639918e-15, ""H_step_error"": 0.026399952587978413, ""relative_H_step_error"": 0.05089824387008684, ""full_reference_H_energy"": 0.26902999115806625, ""reference_relative_residual"": 9.188723633843212e-13}",reported fields only; round0 cache/dense teacher acquisition may be incomplete; never total these with occupation,19.028361765969027,45.9424573847087,175.28951970522075,26.655670566274303,46,42,-3.746471597999271,2.915293665293845,12.404423522866892,0.04654734859574461,-3.7930189465950157,6.060216186853352e-14,,,0.8835386808262846,2.622560388795707,0.4889350245222893,1e-05,0.01001,0.01,PROJECTED_ONLY,"original measured-data scale normalization, not calibrated noise covariance",a11e138d5fa77a6af8f594c1f57df00a71b16ba8b569843afae7719bb1187524
2012,early,4,<WORKSPACE>/Gaussian/A17/EXCHANGE_R1/results/object_2012_early,25387349f2beb0f96d242ca9b954a62e6bfcc22e30747f954ca70f472e65a2bd,1b8d28c9a325e4528b333f93c4eb260b516b3016d9e8c823bf68a33812c2279c,exact_score_teacher,4,0.00020734246493680578,3.812233327639918e-15,False,0.039260766821547395,3,0.002232934357778663,MOVE_BUDGET_EXHAUSTED,3.8122333276399174e-14,48.519480900024064,6.612577500054613,,7200,0,"{""full_gap"": 0.00020734246493680578, ""half_H_step_energy"": 0.0002073424649380992, ""reference_gradient_cross"": -1.2934187078499322e-15, ""numerical_floor"": 3.812233327639918e-15, ""H_step_error"": 0.02036381422710879, ""relative_H_step_error"": 0.039260766821547395, ""full_reference_H_energy"": 0.26902999115806625, ""reference_relative_residual"": 9.188723633843212e-13}",reported fields only; round0 cache/dense teacher acquisition may be incomplete; never total these with occupation,13.632784865340465,45.33906945356391,168.7204561409318,26.143165645283936,46,40,-9.142048498627833,2.3119057341490503,5.835359958577925,0.013576572464250702,-9.155625071092084,1.0009788076765091e-14,,,0.8944610048095962,2.8798245787128103,0.8800326255687977,1e-05,0.01001,0.01,PROJECTED_ONLY,"original measured-data scale normalization, not calibrated noise covariance",a11e138d5fa77a6af8f594c1f57df00a71b16ba8b569843afae7719bb1187524
2012,early,4,<WORKSPACE>/Gaussian/A17/EXCHANGE_R1/results/object_2012_early,25387349f2beb0f96d242ca9b954a62e6bfcc22e30747f954ca70f472e65a2bd,1b8d28c9a325e4528b333f93c4eb260b516b3016d9e8c823bf68a33812c2279c,directed_verified,4,0.00034847874832019904,3.812233327639918e-15,False,0.05089824387008684,2,0.0020917980743952757,ABSTAIN_UNRESOLVED,3.8122333276399174e-14,1.1912998000043444,0.6891415999853052,20.180475900066085,0,36,"{""full_gap"": 0.00034847874832019904, ""half_H_step_energy"": 0.00034847874832375403, ""reference_gradient_cross"": -3.5549691537961024e-15, ""numerical_floor"": 3.812233327639918e-15, ""H_step_error"": 0.026399952587978413, ""relative_H_step_error"": 0.05089824387008684, ""full_reference_H_energy"": 0.26902999115806625, ""reference_relative_residual"": 9.188723633843212e-13}",reported fields only; round0 cache/dense teacher acquisition may be incomplete; never total these with occupation,19.028361765969027,45.9424573847087,175.28951970522075,26.655670566274303,46,42,-3.746471597999271,2.915293665293845,12.404423522866892,0.04654734859574461,-3.7930189465950157,6.060216186853352e-14,,,0.8835386808262846,2.622560388795707,0.4889350245222893,1e-05,0.01001,0.01,PROJECTED_ONLY,"original measured-data scale normalization, not calibrated noise covariance",a11e138d5fa77a6af8f594c1f57df00a71b16ba8b569843afae7719bb1187524
2012,early,4,<WORKSPACE>/Gaussian/A17/EXCHANGE_R1/results/object_2012_early,25387349f2beb0f96d242ca9b954a62e6bfcc22e30747f954ca70f472e65a2bd,1b8d28c9a325e4528b333f93c4eb260b516b3016d9e8c823bf68a33812c2279c,adaptive_leq_k,4,0.00034847874832019904,3.812233327639918e-15,False,0.05089824387008684,2,0.0020917980743952757,ABSTAIN_UNRESOLVED,3.8122333276399174e-14,1.4722327999770641,0.9664476999896578,20.461408900038805,0,36,"{""full_gap"": 0.00034847874832019904, ""half_H_step_energy"": 0.00034847874832375403, ""reference_gradient_cross"": -3.5549691537961024e-15, ""numerical_floor"": 3.812233327639918e-15, ""H_step_error"": 0.026399952587978413, ""relative_H_step_error"": 0.05089824387008684, ""full_reference_H_energy"": 0.26902999115806625, ""reference_relative_residual"": 9.188723633843212e-13}",reported fields only; round0 cache/dense teacher acquisition may be incomplete; never total these with occupation,19.028361765969027,45.9424573847087,175.28951970522075,26.655670566274303,46,42,-3.746471597999271,2.915293665293845,12.404423522866892,0.04654734859574461,-3.7930189465950157,6.060216186853352e-14,,,0.8835386808262846,2.622560388795707,0.4889350245222893,1e-05,0.01001,0.01,PROJECTED_ONLY,"original measured-data scale normalization, not calibrated noise covariance",a11e138d5fa77a6af8f594c1f57df00a71b16ba8b569843afae7719bb1187524
2012,early,8,<WORKSPACE>/Gaussian/A17/EXCHANGE_R1/results/object_2012_early,25387349f2beb0f96d242ca9b954a62e6bfcc22e30747f954ca70f472e65a2bd,1b8d28c9a325e4528b333f93c4eb260b516b3016d9e8c823bf68a33812c2279c,receiver_no_swap,8,0.00031171475014024744,3.812233327639918e-15,False,0.04813858560486841,0,0,,3.8122333276399174e-14,0.024822500010486692,,,,,"{""full_gap"": 0.00031171475014024744, ""half_H_step_energy"": 0.0003117147501395598, ""reference_gradient_cross"": 6.87649207182684e-16, ""numerical_floor"": 3.812233327639918e-15, ""H_step_error"": 0.02496857024899743, ""relative_H_step_error"": 0.04813858560486841, ""full_reference_H_energy"": 0.26902999115806625, ""reference_relative_residual"": 9.188723633843212e-13}",reported fields only; round0 cache/dense teacher acquisition may be incomplete; never total these with occupation,33.17859408522439,71.89510305712344,219.86656331243773,28.5972365738981,72,54,,,,,,,,,0.7726159223742028,1.7741053239161186,,1e-05,0.01001,0.01,PROJECTED_ONLY,"original measured-data scale normalization, not calibrated noise covariance",a11e138d5fa77a6af8f594c1f57df00a71b16ba8b569843afae7719bb1187524
2012,early,8,<WORKSPACE>/Gaussian/A17/EXCHANGE_R1/results/object_2012_early,25387349f2beb0f96d242ca9b954a62e6bfcc22e30747f954ca70f472e65a2bd,1b8d28c9a325e4528b333f93c4eb260b516b3016d9e8c823bf68a33812c2279c,surrogate_exchange,8,0.00030843235587174866,3.812233327639918e-15,False,0.04788446226347794,1,3.282394268498829e-06,ABSTAIN_UNRESOLVED,3.8122333276399174e-14,1.049793199985288,0.8256436999654397,18.920403100026306,6,0,"{""full_gap"": 0.00030843235587174866, ""half_H_step_energy"": 0.0003084323558712614, ""reference_gradient_cross"": 4.87232883686907e-16, ""numerical_floor"": 3.812233327639918e-15, ""H_step_error"": 0.02483676129736973, ""relative_H_step_error"": 0.04788446226347794, ""full_reference_H_energy"": 0.26902999115806625, ""reference_relative_residual"": 9.188723633843212e-13}",reported fields only; round0 cache/dense teacher acquisition may be incomplete; never total these with occupation,31.790541594282924,71.89756756852664,222.0303511487455,28.826812800420356,70,56,-1.3880524909414653,0.0024645114032040283,2.163787836307762,0.0003312265891501909,-1.3883837175306155,1.0750321985019296e-12,,,0.7821554193456831,1.9143978455039816,0.011780343189937962,1e-05,0.01001,0.01,PROJECTED_ONLY,"original measured-data scale normalization, not calibrated noise covariance",a11e138d5fa77a6af8f594c1f57df00a71b16ba8b569843afae7719bb1187524
2012,early,8,<WORKSPACE>/Gaussian/A17/EXCHANGE_R1/results/object_2012_early,25387349f2beb0f96d242ca9b954a62e6bfcc22e30747f954ca70f472e65a2bd,1b8d28c9a325e4528b333f93c4eb260b516b3016d9e8c823bf68a33812c2279c,exact_score_teacher,8,7.844655168745681e-05,3.812233327639918e-15,False,0.02414913493041676,3,0.0002332681984527905,MOVE_BUDGET_EXHAUSTED,3.8122333276399174e-14,95.09311790001811,13.828426000021864,,14016,0,"{""full_gap"": 7.844655168745681e-05, ""half_H_step_energy"": 7.844655168841105e-05, ""reference_gradient_cross"": -9.542304796474565e-16, ""numerical_floor"": 3.812233327639918e-15, ""H_step_error"": 0.012525697720160028, ""relative_H_step_error"": 0.02414913493041676, ""full_reference_H_energy"": 0.26902999115806625, ""reference_relative_residual"": 9.188723633843212e-13}",reported fields only; round0 cache/dense teacher acquisition may be incomplete; never total these with occupation,22.534425377906206,71.14085378042017,224.85704953915243,32.05183724520488,70,56,-10.644168707318183,-0.7542492767032627,4.990486226714694,0.010238872954637657,-10.65440758027282,2.7726860653508693e-11,,,0.7961715738574026,2.3162585124725013,0.4795248236290393,1e-05,0.01001,0.01,PROJECTED_ONLY,"original measured-data scale normalization, not calibrated noise covariance",a11e138d5fa77a6af8f594c1f57df00a71b16ba8b569843afae7719bb1187524
2012,early,8,<WORKSPACE>/Gaussian/A17/EXCHANGE_R1/results/object_2012_early,25387349f2beb0f96d242ca9b954a62e6bfcc22e30747f954ca70f472e65a2bd,1b8d28c9a325e4528b333f93c4eb260b516b3016d9e8c823bf68a33812c2279c,directed_verified,8,0.0003076705840233036,3.812233327639918e-15,False,0.04782529274804575,1,4.04416611694384e-06,ABSTAIN_UNRESOLVED,3.8122333276399174e-14,1.4039424000075087,1.0061054999241605,19.385785500053316,0,24,"{""full_gap"": 0.0003076705840233036, ""half_H_step_energy"": 0.00030767058402318123, ""reference_gradient_cross"": 1.2233663357205383e-16, ""numerical_floor"": 3.812233327639918e-15, ""H_step_error"": 0.02480607119328578, ""relative_H_step_error"": 0.04782529274804575, ""full_reference_H_energy"": 0.26902999115806625, ""reference_relative_residual"": 9.188723633843212e-13}",reported fields only; round0 cache/dense teacher acquisition may be incomplete; never total these with occupation,31.44803801434592,73.15521253995533,222.33526774477517,28.694623151882723,72,58,-1.730556070878471,1.2601094828318935,2.4687044323374323,0.00036490902624564114,-1.7309209799047167,8.489596344330508e-13,,,0.7911019286748792,1.9700948280388417,0.017358655706830192,1e-05,0.01001,0.01,PROJECTED_ONLY,"original measured-data scale normalization, not calibrated noise covariance",a11e138d5fa77a6af8f594c1f57df00a71b16ba8b569843afae7719bb1187524
2012,early,8,<WORKSPACE>/Gaussian/A17/EXCHANGE_R1/results/object_2012_early,25387349f2beb0f96d242ca9b954a62e6bfcc22e30747f954ca70f472e65a2bd,1b8d28c9a325e4528b333f93c4eb260b516b3016d9e8c823bf68a33812c2279c,adaptive_leq_k,8,0.0003076705840233036,3.812233327639918e-15,False,0.04782529274804575,1,4.04416611694384e-06,ABSTAIN_UNRESOLVED,3.8122333276399174e-14,1.776638500043191,1.389451300026849,19.758481600089,0,24,"{""full_gap"": 0.0003076705840233036, ""half_H_step_energy"": 0.00030767058402318123, ""reference_gradient_cross"": 1.2233663357205383e-16, ""numerical_floor"": 3.812233327639918e-15, ""H_step_error"": 0.02480607119328578, ""relative_H_step_error"": 0.04782529274804575, ""full_reference_H_energy"": 0.26902999115806625, ""reference_relative_residual"": 9.188723633843212e-13}",reported fields only; round0 cache/dense teacher acquisition may be incomplete; never total these with occupation,31.44803801434592,73.15521253995533,222.33526774477517,28.694623151882723,72,58,-1.730556070878471,1.2601094828318935,2.4687044323374323,0.00036490902624564114,-1.7309209799047167,8.489596344330508e-13,,,0.7911019286748792,1.9700948280388417,0.017358655706830192,1e-05,0.01001,0.01,PROJECTED_ONLY,"original measured-data scale normalization, not calibrated noise covariance",a11e138d5fa77a6af8f594c1f57df00a71b16ba8b569843afae7719bb1187524
2012,early,16,<WORKSPACE>/Gaussian/A17/EXCHANGE_R1/results/object_2012_early,25387349f2beb0f96d242ca9b954a62e6bfcc22e30747f954ca70f472e65a2bd,1b8d28c9a325e4528b333f93c4eb260b516b3016d9e8c823bf68a33812c2279c,receiver_no_swap,16,0.00010560798930447643,3.812233327639918e-15,False,0.028019671295457634,0,0,,3.8122333276399174e-14,0.038587399991229177,,,,,"{""full_gap"": 0.00010560798930447643, ""half_H_step_energy"": 0.00010560798930227147, ""reference_gradient_cross"": 2.204962015857847e-15, ""numerical_floor"": 3.812233327639918e-15, ""H_step_error"": 0.01453327143503977, ""relative_H_step_error"": 0.028019671295457634, ""full_reference_H_energy"": 0.26902999115806625, ""reference_relative_residual"": 9.188723633843212e-13}",reported fields only; round0 cache/dense teacher acquisition may be incomplete; never total these with occupation,40.36208004492374,94.51889302296092,275.3005677854574,36.1800744551578,90,68,,,,,,,,,0.3503102307388176,0.6156583168971268,,1e-05,0.01001,0.01,PROJECTED_ONLY,"original measured-data scale normalization, not calibrated noise covariance",a11e138d5fa77a6af8f594c1f57df00a71b16ba8b569843afae7719bb1187524
2012,early,16,<WORKSPACE>/Gaussian/A17/EXCHANGE_R1/results/object_2012_early,25387349f2beb0f96d242ca9b954a62e6bfcc22e30747f954ca70f472e65a2bd,1b8d28c9a325e4528b333f93c4eb260b516b3016d9e8c823bf68a33812c2279c,surrogate_exchange,16,5.200646837907292e-05,3.812233327639918e-15,False,0.01966270803868553,3,5.3601520925403485e-05,MOVE_BUDGET_EXHAUSTED,3.8122333276399174e-14,3.9623653000453487,3.07783169997856,21.777018500084523,18,0,"{""full_gap"": 5.200646837907292e-05, ""half_H_step_energy"": 5.200646837932995e-05, ""reference_gradient_cross"": -2.570280782811771e-16, ""numerical_floor"": 3.812233327639918e-15, ""H_step_error"": 0.01019867328423947, ""relative_H_step_error"": 0.01966270803868553, ""full_reference_H_energy"": 0.26902999115806625, ""reference_relative_residual"": 9.188723633843212e-13}",reported fields only; round0 cache/dense teacher acquisition may be incomplete; never total these with occupation,29.121589092566367,101.6210703920357,280.8155658636249,36.142657981910176,98,70,-11.24049095235737,7.102177369074781,5.51499807816748,0.0008966580571261318,-11.241387610414495,3.9190791483213535e-12,,,0.534931497207037,1.3990924031719414,0.4792863978292363,1e-05,0.01001,0.01,PROJECTED_ONLY,"original measured-data scale normalization, not calibrated noise covariance",a11e138d5fa77a6af8f594c1f57df00a71b16ba8b569843afae7719bb1187524
2012,early,16,<WORKSPACE>/Gaussian/A17/EXCHANGE_R1/results/object_2012_early,25387349f2beb0f96d242ca9b954a62e6bfcc22e30747f954ca70f472e65a2bd,1b8d28c9a325e4528b333f93c4eb260b516b3016d9e8c823bf68a33812c2279c,exact_score_teacher,16,4.0933274956382264e-05,3.812233327639918e-15,False,0.017444273836506798,3,6.4674714348094e-05,MOVE_BUDGET_EXHAUSTED,3.8122333276399174e-14,184.8567729999777,30.854839399980847,,26496,0,"{""full_gap"": 4.0933274956382264e-05, ""half_H_step_energy"": 4.093327495740142e-05, ""reference_gradient_cross"": -1.0191571081471885e-15, ""numerical_floor"": 3.812233327639918e-15, ""H_step_error"": 0.009048013589446185, ""relative_H_step_error"": 0.017444273836506798, ""full_reference_H_energy"": 0.26902999115806625, ""reference_relative_residual"": 9.188723633843212e-13}",reported fields only; round0 cache/dense teacher acquisition may be incomplete; never total these with occupation,29.015441229997432,95.020571885044,277.0266620256939,37.404302611426175,88,68,-11.346638814926305,0.5016788620830823,1.7260942402364776,0.00017069856730600463,-11.34680951349361,2.495733180160061e-12,,,0.5263224848551024,1.3991411572732944,0.47950673976281766,1e-05,0.01001,0.01,PROJECTED_ONLY,"original measured-data scale normalization, not calibrated noise covariance",a11e138d5fa77a6af8f594c1f57df00a71b16ba8b569843afae7719bb1187524
2012,early,16,<WORKSPACE>/Gaussian/A17/EXCHANGE_R1/results/object_2012_early,25387349f2beb0f96d242ca9b954a62e6bfcc22e30747f954ca70f472e65a2bd,1b8d28c9a325e4528b333f93c4eb260b516b3016d9e8c823bf68a33812c2279c,directed_verified,16,5.200646837907292e-05,3.812233327639918e-15,False,0.01966270803868553,3,5.360152092540346e-05,MOVE_BUDGET_EXHAUSTED,3.8122333276399174e-14,4.258338799991179,3.2603699000901543,22.258294100000057,0,36,"{""full_gap"": 5.200646837907292e-05, ""half_H_step_energy"": 5.200646837932995e-05, ""reference_gradient_cross"": -2.570280782811771e-16, ""numerical_floor"": 3.812233327639918e-15, ""H_step_error"": 0.01019867328423947, ""relative_H_step_error"": 0.01966270803868553, ""full_reference_H_energy"": 0.26902999115806625, ""reference_relative_residual"": 9.188723633843212e-13}",reported fields only; round0 cache/dense teacher acquisition may be incomplete; never total these with occupation,29.121589092566367,101.6210703920357,280.8155658636249,36.142657981910176,98,70,-11.24049095235737,7.102177369074781,5.51499807816748,0.0008966580571261318,-11.241387610414495,3.9190791483213535e-12,,,0.534931497207037,1.3990924031719414,0.4792863978292363,1e-05,0.01001,0.01,PROJECTED_ONLY,"original measured-data scale normalization, not calibrated noise covariance",a11e138d5fa77a6af8f594c1f57df00a71b16ba8b569843afae7719bb1187524
2012,early,16,<WORKSPACE>/Gaussian/A17/EXCHANGE_R1/results/object_2012_early,25387349f2beb0f96d242ca9b954a62e6bfcc22e30747f954ca70f472e65a2bd,1b8d28c9a325e4528b333f93c4eb260b516b3016d9e8c823bf68a33812c2279c,adaptive_leq_k,16,5.200646837907292e-05,3.812233327639918e-15,False,0.01966270803868553,3,5.360152092540346e-05,MOVE_BUDGET_EXHAUSTED,3.8122333276399174e-14,5.33977069996763,4.260769200045615,23.33972599997651,0,36,"{""full_gap"": 5.200646837907292e-05, ""half_H_step_energy"": 5.200646837932995e-05, ""reference_gradient_cross"": -2.570280782811771e-16, ""numerical_floor"": 3.812233327639918e-15, ""H_step_error"": 0.01019867328423947, ""relative_H_step_error"": 0.01966270803868553, ""full_reference_H_energy"": 0.26902999115806625, ""reference_relative_residual"": 9.188723633843212e-13}",reported fields only; round0 cache/dense teacher acquisition may be incomplete; never total these with occupation,29.121589092566367,101.6210703920357,280.8155658636249,36.142657981910176,98,70,-11.24049095235737,7.102177369074781,5.51499807816748,0.0008966580571261318,-11.241387610414495,3.9190791483213535e-12,,,0.534931497207037,1.3990924031719414,0.4792863978292363,1e-05,0.01001,0.01,PROJECTED_ONLY,"original measured-data scale normalization, not calibrated noise covariance",a11e138d5fa77a6af8f594c1f57df00a71b16ba8b569843afae7719bb1187524
2012,late,4,<WORKSPACE>/Gaussian/A17/EXCHANGE_R1/results/object_2012_late,8d23d77df9571531f26acc45ca51dc73068ce28f1180c843477c23bfd995499f,45c6c90baceeac68f1272dbe8de7256e3e0f9523cc12d68b0407332c6d5d0241,receiver_no_swap,4,0.00023145305963441235,1.092264853824229e-18,False,2.408595706567113,0,0,,1.092264853824229e-17,1.0021850999910384,,,,,"{""full_gap"": 0.00023145305963441235, ""half_H_step_energy"": 0.00023145305963447624, ""reference_gradient_cross"": -6.387360390377782e-17, ""numerical_floor"": 1.092264853824229e-18, ""H_step_error"": 0.021515253176966162, ""relative_H_step_error"": 2.408595706567113, ""full_reference_H_energy"": 7.979305740782968e-05, ""reference_relative_residual"": 8.145365559492244e-12}",reported fields only; round0 cache/dense teacher acquisition may be incomplete; never total these with occupation,22.78965017837381,43.07785177109361,174.43292964568195,42.11370962326702,42,42,,,,,,,,,0.9484565162372655,2.8168864158542917,,1e-05,3.4299999999999993e-05,2.4299999999999994e-05,PROJECTED_ONLY,"original measured-data scale normalization, not calibrated noise covariance",a11e138d5fa77a6af8f594c1f57df00a71b16ba8b569843afae7719bb1187524
2012,late,4,<WORKSPACE>/Gaussian/A17/EXCHANGE_R1/results/object_2012_late,8d23d77df9571531f26acc45ca51dc73068ce28f1180c843477c23bfd995499f,45c6c90baceeac68f1272dbe8de7256e3e0f9523cc12d68b0407332c6d5d0241,surrogate_exchange,4,9.601264170280389e-05,1.092264853824229e-18,False,1.5513030784159907,2,0.0001354404179316085,ABSTAIN_UNRESOLVED,1.092264853824229e-17,0.7859560999786481,0.5710226999362931,19.995390900003258,12,0,"{""full_gap"": 9.601264170280389e-05, ""half_H_step_energy"": 9.601264170281788e-05, ""reference_gradient_cross"": -1.399132741268206e-17, ""numerical_floor"": 1.092264853824229e-18, ""H_step_error"": 0.013857318766833495, ""relative_H_step_error"": 1.5513030784159907, ""full_reference_H_energy"": 7.979305740782968e-05, ""reference_relative_residual"": 8.145365559492244e-12}",reported fields only; round0 cache/dense teacher acquisition may be incomplete; never total these with occupation,18.29665086627204,47.28541813740533,194.84079325764944,46.20810841526843,48,46,-4.492999312101773,4.207566366311717,20.407863611967485,0.7127927815044757,-5.205792093606249,0.00015874180482824564,,,0.8822204371298078,2.569182774143198,0.004347947531684124,1e-05,3.4299999999999993e-05,2.4299999999999994e-05,PROJECTED_ONLY,"original measured-data scale normalization, not calibrated noise covariance",a11e138d5fa77a6af8f594c1f57df00a71b16ba8b569843afae7719bb1187524
2012,late,4,<WORKSPACE>/Gaussian/A17/EXCHANGE_R1/results/object_2012_late,8d23d77df9571531f26acc45ca51dc73068ce28f1180c843477c23bfd995499f,45c6c90baceeac68f1272dbe8de7256e3e0f9523cc12d68b0407332c6d5d0241,exact_score_teacher,4,7.828963159974181e-05,1.092264853824229e-18,False,1.4008272116002265,3,0.00015316342803467096,MOVE_BUDGET_EXHAUSTED,1.092264853824229e-17,46.87463899998693,6.579775900172535,,6942,0,"{""full_gap"": 7.828963159974181e-05, ""half_H_step_energy"": 7.828963159981853e-05, ""reference_gradient_cross"": -7.672099517406552e-17, ""numerical_floor"": 1.092264853824229e-18, ""H_step_error"": 0.01251316359677428, ""relative_H_step_error"": 1.4008272116002265, ""full_reference_H_energy"": 7.979305740782968e-05, ""reference_relative_residual"": 8.145365559492244e-12}",reported fields only; round0 cache/dense teacher acquisition may be incomplete; never total these with occupation,13.096896403802624,47.89026101309146,195.84798467846156,47.633859549254055,48,48,-9.692753774571187,4.812409241997848,21.415055032779605,0.2663642739162224,-9.95911804848741,4.0088839300529975e-05,,,0.9267715768075899,2.869447363489911,0.004310214480363761,1e-05,3.4299999999999993e-05,2.4299999999999994e-05,PROJECTED_ONLY,"original measured-data scale normalization, not calibrated noise covariance",a11e138d5fa77a6af8f594c1f57df00a71b16ba8b569843afae7719bb1187524
2012,late,4,<WORKSPACE>/Gaussian/A17/EXCHANGE_R1/results/object_2012_late,8d23d77df9571531f26acc45ca51dc73068ce28f1180c843477c23bfd995499f,45c6c90baceeac68f1272dbe8de7256e3e0f9523cc12d68b0407332c6d5d0241,directed_verified,4,9.601264170280389e-05,1.092264853824229e-18,False,1.5513030784159907,2,0.00013544041793160826,ABSTAIN_UNRESOLVED,1.092264853824229e-17,0.9845204000012018,0.5804568000021391,20.389647499949206,0,36,"{""full_gap"": 9.601264170280389e-05, ""half_H_step_energy"": 9.601264170281788e-05, ""reference_gradient_cross"": -1.399132741268206e-17, ""numerical_floor"": 1.092264853824229e-18, ""H_step_error"": 0.013857318766833495, ""relative_H_step_error"": 1.5513030784159907, ""full_reference_H_energy"": 7.979305740782968e-05, ""reference_relative_residual"": 8.145365559492244e-12}",reported fields only; round0 cache/dense teacher acquisition may be incomplete; never total these with occupation,18.29665086627204,47.28541813740533,194.84079325764944,46.20810841526843,48,46,-4.492999312101773,4.207566366311717,20.407863611967485,0.7127927815044757,-5.205792093606249,0.00015874180482824564,,,0.8822204371298078,2.569182774143198,0.004347947531684124,1e-05,3.4299999999999993e-05,2.4299999999999994e-05,PROJECTED_ONLY,"original measured-data scale normalization, not calibrated noise covariance",a11e138d5fa77a6af8f594c1f57df00a71b16ba8b569843afae7719bb1187524
2012,late,4,<WORKSPACE>/Gaussian/A17/EXCHANGE_R1/results/object_2012_late,8d23d77df9571531f26acc45ca51dc73068ce28f1180c843477c23bfd995499f,45c6c90baceeac68f1272dbe8de7256e3e0f9523cc12d68b0407332c6d5d0241,adaptive_leq_k,4,9.601264170280389e-05,1.092264853824229e-18,False,1.5513030784159907,2,0.00013544041793160826,ABSTAIN_UNRESOLVED,1.092264853824229e-17,1.2674079000134952,0.8318547999951988,20.6725349999615,0,36,"{""full_gap"": 9.601264170280389e-05, ""half_H_step_energy"": 9.601264170281788e-05, ""reference_gradient_cross"": -1.399132741268206e-17, ""numerical_floor"": 1.092264853824229e-18, ""H_step_error"": 0.013857318766833495, ""relative_H_step_error"": 1.5513030784159907, ""full_reference_H_energy"": 7.979305740782968e-05, ""reference_relative_residual"": 8.145365559492244e-12}",reported fields only; round0 cache/dense teacher acquisition may be incomplete; never total these with occupation,18.29665086627204,47.28541813740533,194.84079325764944,46.20810841526843,48,46,-4.492999312101773,4.207566366311717,20.407863611967485,0.7127927815044757,-5.205792093606249,0.00015874180482824564,,,0.8822204371298078,2.569182774143198,0.004347947531684124,1e-05,3.4299999999999993e-05,2.4299999999999994e-05,PROJECTED_ONLY,"original measured-data scale normalization, not calibrated noise covariance",a11e138d5fa77a6af8f594c1f57df00a71b16ba8b569843afae7719bb1187524
2012,late,8,<WORKSPACE>/Gaussian/A17/EXCHANGE_R1/results/object_2012_late,8d23d77df9571531f26acc45ca51dc73068ce28f1180c843477c23bfd995499f,45c6c90baceeac68f1272dbe8de7256e3e0f9523cc12d68b0407332c6d5d0241,receiver_no_swap,8,0.00014620820128459882,1.092264853824229e-18,False,1.9143366407704443,0,0,,1.092264853824229e-17,0.020155999984126538,,,,,"{""full_gap"": 0.00014620820128459882, ""half_H_step_energy"": 0.0001462082012845211, ""reference_gradient_cross"": 7.771732011335201e-17, ""numerical_floor"": 1.092264853824229e-18, ""H_step_error"": 0.01710018720859635, ""relative_H_step_error"": 1.9143366407704443, ""full_reference_H_energy"": 7.979305740782968e-05, ""reference_relative_residual"": 8.145365559492244e-12}",reported fields only; round0 cache/dense teacher acquisition may be incomplete; never total these with occupation,33.26336298880666,84.1526868692925,260.41798385436346,76.73697697072461,86,70,,,,,,,,,0.7698888527664665,1.8267847958625774,,1e-05,3.4299999999999993e-05,2.4299999999999994e-05,PROJECTED_ONLY,"original measured-data scale normalization, not calibrated noise covariance",a11e138d5fa77a6af8f594c1f57df00a71b16ba8b569843afae7719bb1187524
2012,late,8,<WORKSPACE>/Gaussian/A17/EXCHANGE_R1/results/object_2012_late,8d23d77df9571531f26acc45ca51dc73068ce28f1180c843477c23bfd995499f,45c6c90baceeac68f1272dbe8de7256e3e0f9523cc12d68b0407332c6d5d0241,surrogate_exchange,8,5.838832441526029e-05,1.092264853824229e-18,False,1.2097494990775057,2,8.781987686933853e-05,ABSTAIN_UNRESOLVED,1.092264853824229e-17,1.6116772000095807,1.2579272000002675,19.838118500018027,12,0,"{""full_gap"": 5.838832441526029e-05, ""half_H_step_energy"": 5.8388324415205255e-05, ""reference_gradient_cross"": 5.503395651202186e-17, ""numerical_floor"": 1.092264853824229e-18, ""H_step_error"": 0.010806324482931767, ""relative_H_step_error"": 1.2097494990775057, ""full_reference_H_energy"": 7.979305740782968e-05, ""reference_relative_residual"": 8.145365559492244e-12}",reported fields only; round0 cache/dense teacher acquisition may be incomplete; never total these with occupation,27.25965122733919,87.10246798226979,265.1699542178046,79.54092868707559,90,70,-6.003711761467471,2.9497811129772913,4.75197036344116,0.00524885552348664,-6.008960616990958,1.095563911259747e-07,,,0.7984458270030568,1.9616736728551758,0.005414927045179112,1e-05,3.4299999999999993e-05,2.4299999999999994e-05,PROJECTED_ONLY,"original measured-data scale normalization, not calibrated noise covariance",a11e138d5fa77a6af8f594c1f57df00a71b16ba8b569843afae7719bb1187524
2012,late,8,<WORKSPACE>/Gaussian/A17/EXCHANGE_R1/results/object_2012_late,8d23d77df9571531f26acc45ca51dc73068ce28f1180c843477c23bfd995499f,45c6c90baceeac68f1272dbe8de7256e3e0f9523cc12d68b0407332c6d5d0241,exact_score_teacher,8,5.314688676604179e-05,1.092264853824229e-18,False,1.1541741934078746,3,9.306131451855704e-05,MOVE_BUDGET_EXHAUSTED,1.092264853824229e-17,93.19264770002337,13.608013699995354,,13776,0,"{""full_gap"": 5.314688676604179e-05, ""half_H_step_energy"": 5.314688676603891e-05, ""reference_gradient_cross"": 2.8790631490808967e-18, ""numerical_floor"": 1.092264853824229e-18, ""H_step_error"": 0.010309887173586227, ""relative_H_step_error"": 1.1541741934078746, ""full_reference_H_energy"": 7.979305740782968e-05, ""reference_relative_residual"": 8.145365559492244e-12}",reported fields only; round0 cache/dense teacher acquisition may be incomplete; never total these with occupation,18.91089539370992,87.57981131811569,258.81479137249045,79.11571339456401,94,72,-14.35246759509674,3.427124448823193,-1.603192481873009,0.014517012648362027,-14.366984607745103,7.675228955308959e-07,,,0.8477511897871729,2.438604467051449,0.003706930122691987,1e-05,3.4299999999999993e-05,2.4299999999999994e-05,PROJECTED_ONLY,"original measured-data scale normalization, not calibrated noise covariance",a11e138d5fa77a6af8f594c1f57df00a71b16ba8b569843afae7719bb1187524
2012,late,8,<WORKSPACE>/Gaussian/A17/EXCHANGE_R1/results/object_2012_late,8d23d77df9571531f26acc45ca51dc73068ce28f1180c843477c23bfd995499f,45c6c90baceeac68f1272dbe8de7256e3e0f9523cc12d68b0407332c6d5d0241,directed_verified,8,5.838832441526029e-05,1.092264853824229e-18,False,1.2097494990775057,2,8.781987686933826e-05,ABSTAIN_UNRESOLVED,1.092264853824229e-17,1.8616219999967143,1.3073317999951541,20.204742899921257,0,36,"{""full_gap"": 5.838832441526029e-05, ""half_H_step_energy"": 5.8388324415205255e-05, ""reference_gradient_cross"": 5.503395651202186e-17, ""numerical_floor"": 1.092264853824229e-18, ""H_step_error"": 0.010806324482931767, ""relative_H_step_error"": 1.2097494990775057, ""full_reference_H_energy"": 7.979305740782968e-05, ""reference_relative_residual"": 8.145365559492244e-12}",reported fields only; round0 cache/dense teacher acquisition may be incomplete; never total these with occupation,27.25965122733919,87.10246798226979,265.1699542178046,79.54092868707559,90,70,-6.003711761467471,2.9497811129772913,4.75197036344116,0.00524885552348664,-6.008960616990958,1.095563911259747e-07,,,0.7984458270030568,1.9616736728551758,0.005414927045179112,1e-05,3.4299999999999993e-05,2.4299999999999994e-05,PROJECTED_ONLY,"original measured-data scale normalization, not calibrated noise covariance",a11e138d5fa77a6af8f594c1f57df00a71b16ba8b569843afae7719bb1187524
2012,late,8,<WORKSPACE>/Gaussian/A17/EXCHANGE_R1/results/object_2012_late,8d23d77df9571531f26acc45ca51dc73068ce28f1180c843477c23bfd995499f,45c6c90baceeac68f1272dbe8de7256e3e0f9523cc12d68b0407332c6d5d0241,adaptive_leq_k,8,5.838832441526029e-05,1.092264853824229e-18,False,1.2097494990775057,2,8.781987686933826e-05,ABSTAIN_UNRESOLVED,1.092264853824229e-17,2.3879098999896087,1.8149005000595935,20.73103079991415,0,36,"{""full_gap"": 5.838832441526029e-05, ""half_H_step_energy"": 5.8388324415205255e-05, ""reference_gradient_cross"": 5.503395651202186e-17, ""numerical_floor"": 1.092264853824229e-18, ""H_step_error"": 0.010806324482931767, ""relative_H_step_error"": 1.2097494990775057, ""full_reference_H_energy"": 7.979305740782968e-05, ""reference_relative_residual"": 8.145365559492244e-12}",reported fields only; round0 cache/dense teacher acquisition may be incomplete; never total these with occupation,27.25965122733919,87.10246798226979,265.1699542178046,79.54092868707559,90,70,-6.003711761467471,2.9497811129772913,4.75197036344116,0.00524885552348664,-6.008960616990958,1.095563911259747e-07,,,0.7984458270030568,1.9616736728551758,0.005414927045179112,1e-05,3.4299999999999993e-05,2.4299999999999994e-05,PROJECTED_ONLY,"original measured-data scale normalization, not calibrated noise covariance",a11e138d5fa77a6af8f594c1f57df00a71b16ba8b569843afae7719bb1187524
2012,late,16,<WORKSPACE>/Gaussian/A17/EXCHANGE_R1/results/object_2012_late,8d23d77df9571531f26acc45ca51dc73068ce28f1180c843477c23bfd995499f,45c6c90baceeac68f1272dbe8de7256e3e0f9523cc12d68b0407332c6d5d0241,receiver_no_swap,16,4.508831278957633e-05,1.092264853824229e-18,False,1.0630763017291902,0,0,,1.092264853824229e-17,0.02335630002198741,,,,,"{""full_gap"": 4.508831278957633e-05, ""half_H_step_energy"": 4.5088312789507524e-05, ""reference_gradient_cross"": 6.880326879795084e-17, ""numerical_floor"": 1.092264853824229e-18, ""H_step_error"": 0.009496137403124234, ""relative_H_step_error"": 1.0630763017291902, ""full_reference_H_energy"": 7.979305740782968e-05, ""reference_relative_residual"": 8.145365559492244e-12}",reported fields only; round0 cache/dense teacher acquisition may be incomplete; never total these with occupation,40.68265921491189,134.77662113669325,358.10885172833383,114.27904107445005,136,94,,,,,,,,,0.4909755328105353,0.8991438337017807,,1e-05,3.4299999999999993e-05,2.4299999999999994e-05,PROJECTED_ONLY,"original measured-data scale normalization, not calibrated noise covariance",a11e138d5fa77a6af8f594c1f57df00a71b16ba8b569843afae7719bb1187524
2012,late,16,<WORKSPACE>/Gaussian/A17/EXCHANGE_R1/results/object_2012_late,8d23d77df9571531f26acc45ca51dc73068ce28f1180c843477c23bfd995499f,45c6c90baceeac68f1272dbe8de7256e3e0f9523cc12d68b0407332c6d5d0241,surrogate_exchange,16,3.063429446741943e-05,1.092264853824229e-18,False,0.8762668577622549,3,1.4454018322156915e-05,MOVE_BUDGET_EXHAUSTED,1.092264853824229e-17,3.788495899992995,2.9725965001853183,21.981846599956043,18,0,"{""full_gap"": 3.063429446741943e-05, ""half_H_step_energy"": 3.063429446739661e-05, ""reference_gradient_cross"": 2.281661701825377e-17, ""numerical_floor"": 1.092264853824229e-18, ""H_step_error"": 0.007827425434636425, ""relative_H_step_error"": 0.8762668577622549, ""full_reference_H_energy"": 7.979305740782968e-05, ""reference_relative_residual"": 8.145365559492244e-12}",reported fields only; round0 cache/dense teacher acquisition may be incomplete; never total these with occupation,38.37570772962728,137.69719784175763,368.5981530311492,119.08389128023002,138,104,-2.306951485284607,2.920576705064377,10.489301302815363,0.016120920756385715,-2.3230724060409926,7.521593326837847e-08,,,0.5317185562757897,1.0734856062648304,0.0007679032280647048,1e-05,3.4299999999999993e-05,2.4299999999999994e-05,PROJECTED_ONLY,"original measured-data scale normalization, not calibrated noise covariance",a11e138d5fa77a6af8f594c1f57df00a71b16ba8b569843afae7719bb1187524
2012,late,16,<WORKSPACE>/Gaussian/A17/EXCHANGE_R1/results/object_2012_late,8d23d77df9571531f26acc45ca51dc73068ce28f1180c843477c23bfd995499f,45c6c90baceeac68f1272dbe8de7256e3e0f9523cc12d68b0407332c6d5d0241,exact_score_teacher,16,1.9228742751695028e-05,1.092264853824229e-18,False,0.6942372131834409,3,2.5859570037881272e-05,MOVE_BUDGET_EXHAUSTED,1.092264853824229e-17,107.52098099997966,29.616668100003153,,13434,0,"{""full_gap"": 1.9228742751695028e-05, ""half_H_step_energy"": 1.9228742751644118e-05, ""reference_gradient_cross"": 5.0909379719642494e-17, ""numerical_floor"": 1.092264853824229e-18, ""H_step_error"": 0.006201409960911166, ""relative_H_step_error"": 0.6942372131834409, ""full_reference_H_energy"": 7.979305740782968e-05, ""reference_relative_residual"": 8.145365559492244e-12}",reported fields only; round0 cache/dense teacher acquisition may be incomplete; never total these with occupation,36.614653968108684,152.25074509463641,404.81049138433707,131.83995539522016,156,112,-4.068005246803203,17.474123957943164,46.70163965600324,0.06050673312011412,-4.128511979923317,2.6973255639511395e-07,,,0.5053850190296781,1.082797752000413,0.0011654103606316643,1e-05,3.4299999999999993e-05,2.4299999999999994e-05,PROJECTED_ONLY,"original measured-data scale normalization, not calibrated noise covariance",a11e138d5fa77a6af8f594c1f57df00a71b16ba8b569843afae7719bb1187524
2012,late,16,<WORKSPACE>/Gaussian/A17/EXCHANGE_R1/results/object_2012_late,8d23d77df9571531f26acc45ca51dc73068ce28f1180c843477c23bfd995499f,45c6c90baceeac68f1272dbe8de7256e3e0f9523cc12d68b0407332c6d5d0241,directed_verified,16,2.9196550893800558e-05,1.092264853824229e-18,False,0.8554570692261835,1,1.5891761895775766e-05,ABSTAIN_UNRESOLVED,1.092264853824229e-17,2.789140100008808,2.158899099973496,21.135719300014898,0,24,"{""full_gap"": 2.9196550893800558e-05, ""half_H_step_energy"": 2.9196550893762624e-05, ""reference_gradient_cross"": 3.793196830922903e-17, ""numerical_floor"": 1.092264853824229e-18, ""H_step_error"": 0.007641537920309318, ""relative_H_step_error"": 0.8554570692261835, ""full_reference_H_energy"": 7.979305740782968e-05, ""reference_relative_residual"": 8.145365559492244e-12}",reported fields only; round0 cache/dense teacher acquisition may be incomplete; never total these with occupation,40.3294604876422,138.3567328608982,361.91756835057026,117.6329004023255,142,96,-0.35319872726968526,3.5801117242049543,3.8087166222364317,0.0019095045553996215,-0.3551082318250849,9.144363601836678e-09,,,0.5233962645532069,0.9825580447729649,0.0002287084821222639,1e-05,3.4299999999999993e-05,2.4299999999999994e-05,PROJECTED_ONLY,"original measured-data scale normalization, not calibrated noise covariance",a11e138d5fa77a6af8f594c1f57df00a71b16ba8b569843afae7719bb1187524
2012,late,16,<WORKSPACE>/Gaussian/A17/EXCHANGE_R1/results/object_2012_late,8d23d77df9571531f26acc45ca51dc73068ce28f1180c843477c23bfd995499f,45c6c90baceeac68f1272dbe8de7256e3e0f9523cc12d68b0407332c6d5d0241,adaptive_leq_k,16,2.9196550893800558e-05,1.092264853824229e-18,False,0.8554570692261835,1,1.5891761895775766e-05,ABSTAIN_UNRESOLVED,1.092264853824229e-17,3.3480991999967955,2.663003200024832,21.694678400002886,0,24,"{""full_gap"": 2.9196550893800558e-05, ""half_H_step_energy"": 2.9196550893762624e-05, ""reference_gradient_cross"": 3.793196830922903e-17, ""numerical_floor"": 1.092264853824229e-18, ""H_step_error"": 0.007641537920309318, ""relative_H_step_error"": 0.8554570692261835, ""full_reference_H_energy"": 7.979305740782968e-05, ""reference_relative_residual"": 8.145365559492244e-12}",reported fields only; round0 cache/dense teacher acquisition may be incomplete; never total these with occupation,40.3294604876422,138.3567328608982,361.91756835057026,117.6329004023255,142,96,-0.35319872726968526,3.5801117242049543,3.8087166222364317,0.0019095045553996215,-0.3551082318250849,9.144363601836678e-09,,,0.5233962645532069,0.9825580447729649,0.0002287084821222639,1e-05,3.4299999999999993e-05,2.4299999999999994e-05,PROJECTED_ONLY,"original measured-data scale normalization, not calibrated noise covariance",a11e138d5fa77a6af8f594c1f57df00a71b16ba8b569843afae7719bb1187524
2012,middle,4,<WORKSPACE>/Gaussian/A17/EXCHANGE_R1/results/object_2012_middle,6bb612278b131a2b4bd62344122f5a462651f080d63727a172cd273e16664884,92a2012fcd2c647e2ec3c2ce4ebd22933b2156099a2e0020204ff3316c7ed88c,receiver_no_swap,4,0.00011780471056040618,1.6314396210534872e-18,False,1.34867146377795,0,0,,1.631439621053487e-17,0.9803695000009611,,,,,"{""full_gap"": 0.00011780471056040618, ""half_H_step_energy"": 0.00011780471056041878, ""reference_gradient_cross"": -1.2602662690649105e-17, ""numerical_floor"": 1.6314396210534872e-18, ""H_step_error"": 0.015349573971965397, ""relative_H_step_error"": 1.34867146377795, ""full_reference_H_energy"": 0.00012953296759419785, ""reference_relative_residual"": 8.580123863841074e-12}",reported fields only; round0 cache/dense teacher acquisition may be incomplete; never total these with occupation,22.665094124280504,42.9438408855235,174.1292926587642,33.35907662921927,42,42,,,,,,,,,0.949161334979775,2.8176998061731826,,1e-05,0.00301,0.003,PROJECTED_ONLY,"original measured-data scale normalization, not calibrated noise covariance",a11e138d5fa77a6af8f594c1f57df00a71b16ba8b569843afae7719bb1187524
2012,middle,4,<WORKSPACE>/Gaussian/A17/EXCHANGE_R1/results/object_2012_middle,6bb612278b131a2b4bd62344122f5a462651f080d63727a172cd273e16664884,92a2012fcd2c647e2ec3c2ce4ebd22933b2156099a2e0020204ff3316c7ed88c,surrogate_exchange,4,3.7789913701292124e-05,1.6314396210534872e-18,False,0.7638582793608412,2,8.001479685911398e-05,ABSTAIN_UNRESOLVED,1.631439621053487e-17,0.7709557999623939,0.555564499925822,19.768336899986025,12,0,"{""full_gap"": 3.7789913701292124e-05, ""half_H_step_energy"": 3.778991370110028e-05, ""reference_gradient_cross"": 1.918404661002832e-16, ""numerical_floor"": 1.6314396210534872e-18, ""H_step_error"": 0.008693665935737383, ""relative_H_step_error"": 0.7638582793608412, ""full_reference_H_energy"": 0.00012953296759419785, ""reference_relative_residual"": 8.580123863841074e-12}",reported fields only; round0 cache/dense teacher acquisition may be incomplete; never total these with occupation,15.942745852866583,47.216005108527746,195.62772580571317,37.00399529167086,48,44,-6.722348271413921,4.272164223004246,21.49843314694897,1.0674937825480875,-7.789842053962008,7.948021446478696e-09,,,0.9216928612737846,2.628834906233582,0.009762300555850267,1e-05,0.00301,0.003,PROJECTED_ONLY,"original measured-data scale normalization, not calibrated noise covariance",a11e138d5fa77a6af8f594c1f57df00a71b16ba8b569843afae7719bb1187524
2012,middle,4,<WORKSPACE>/Gaussian/A17/EXCHANGE_R1/results/object_2012_middle,6bb612278b131a2b4bd62344122f5a462651f080d63727a172cd273e16664884,92a2012fcd2c647e2ec3c2ce4ebd22933b2156099a2e0020204ff3316c7ed88c,exact_score_teacher,4,2.7648125591024505e-05,1.6314396210534872e-18,False,0.6533677393516643,3,9.015658496938152e-05,MOVE_BUDGET_EXHAUSTED,1.631439621053487e-17,47.995823799981736,6.540287300013006,,7200,0,"{""full_gap"": 2.7648125591024505e-05, ""half_H_step_energy"": 2.7648125591251256e-05, ""reference_gradient_cross"": -2.267502169110937e-16, ""numerical_floor"": 1.6314396210534872e-18, ""H_step_error"": 0.007436144914033246, ""relative_H_step_error"": 0.6533677393516643, ""full_reference_H_energy"": 0.00012953296759419785, ""reference_relative_residual"": 8.580123863841074e-12}",reported fields only; round0 cache/dense teacher acquisition may be incomplete; never total these with occupation,9.478049128909543,45.90255246801011,177.8671875287297,33.194036035431694,46,44,-13.187044995370961,2.9587115824866075,3.737894869965487,1.0641419143577266,-14.251186909728688,5.559424391483076e-09,,,0.9801999372493386,2.9534348505253747,0.014621024766458934,1e-05,0.00301,0.003,PROJECTED_ONLY,"original measured-data scale normalization, not calibrated noise covariance",a11e138d5fa77a6af8f594c1f57df00a71b16ba8b569843afae7719bb1187524
2012,middle,4,<WORKSPACE>/Gaussian/A17/EXCHANGE_R1/results/object_2012_middle,6bb612278b131a2b4bd62344122f5a462651f080d63727a172cd273e16664884,92a2012fcd2c647e2ec3c2ce4ebd22933b2156099a2e0020204ff3316c7ed88c,directed_verified,4,3.7789913701292124e-05,1.6314396210534872e-18,False,0.7638582793608412,2,8.001479685911421e-05,ABSTAIN_UNRESOLVED,1.631439621053487e-17,1.014143000007607,0.6081230000127107,20.218336300051305,0,36,"{""full_gap"": 3.7789913701292124e-05, ""half_H_step_energy"": 3.778991370110028e-05, ""reference_gradient_cross"": 1.918404661002832e-16, ""numerical_floor"": 1.6314396210534872e-18, ""H_step_error"": 0.008693665935737383, ""relative_H_step_error"": 0.7638582793608412, ""full_reference_H_energy"": 0.00012953296759419785, ""reference_relative_residual"": 8.580123863841074e-12}",reported fields only; round0 cache/dense teacher acquisition may be incomplete; never total these with occupation,15.942745852866583,47.216005108527746,195.62772580571317,37.00399529167086,48,44,-6.722348271413921,4.272164223004246,21.49843314694897,1.0674937825480875,-7.789842053962008,7.948021446478696e-09,,,0.9216928612737846,2.628834906233582,0.009762300555850267,1e-05,0.00301,0.003,PROJECTED_ONLY,"original measured-data scale normalization, not calibrated noise covariance",a11e138d5fa77a6af8f594c1f57df00a71b16ba8b569843afae7719bb1187524
2012,middle,4,<WORKSPACE>/Gaussian/A17/EXCHANGE_R1/results/object_2012_middle,6bb612278b131a2b4bd62344122f5a462651f080d63727a172cd273e16664884,92a2012fcd2c647e2ec3c2ce4ebd22933b2156099a2e0020204ff3316c7ed88c,adaptive_leq_k,4,3.7789913701292124e-05,1.6314396210534872e-18,False,0.7638582793608412,2,8.001479685911421e-05,ABSTAIN_UNRESOLVED,1.631439621053487e-17,1.2766263000085019,0.8137266000267118,20.4808196000522,0,36,"{""full_gap"": 3.7789913701292124e-05, ""half_H_step_energy"": 3.778991370110028e-05, ""reference_gradient_cross"": 1.918404661002832e-16, ""numerical_floor"": 1.6314396210534872e-18, ""H_step_error"": 0.008693665935737383, ""relative_H_step_error"": 0.7638582793608412, ""full_reference_H_energy"": 0.00012953296759419785, ""reference_relative_residual"": 8.580123863841074e-12}",reported fields only; round0 cache/dense teacher acquisition may be incomplete; never total these with occupation,15.942745852866583,47.216005108527746,195.62772580571317,37.00399529167086,48,44,-6.722348271413921,4.272164223004246,21.49843314694897,1.0674937825480875,-7.789842053962008,7.948021446478696e-09,,,0.9216928612737846,2.628834906233582,0.009762300555850267,1e-05,0.00301,0.003,PROJECTED_ONLY,"original measured-data scale normalization, not calibrated noise covariance",a11e138d5fa77a6af8f594c1f57df00a71b16ba8b569843afae7719bb1187524
2012,middle,8,<WORKSPACE>/Gaussian/A17/EXCHANGE_R1/results/object_2012_middle,6bb612278b131a2b4bd62344122f5a462651f080d63727a172cd273e16664884,92a2012fcd2c647e2ec3c2ce4ebd22933b2156099a2e0020204ff3316c7ed88c,receiver_no_swap,8,8.54205231306445e-05,1.6314396210534872e-18,False,1.1484337674120622,0,0,,1.631439621053487e-17,0.01899890002096072,,,,,"{""full_gap"": 8.54205231306445e-05, ""half_H_step_energy"": 8.542052313100505e-05, ""reference_gradient_cross"": -3.6055530567121225e-16, ""numerical_floor"": 1.6314396210534872e-18, ""H_step_error"": 0.01307061766949099, ""relative_H_step_error"": 1.1484337674120622, ""full_reference_H_energy"": 0.00012953296759419785, ""reference_relative_residual"": 8.580123863841074e-12}",reported fields only; round0 cache/dense teacher acquisition may be incomplete; never total these with occupation,33.134200908294844,83.70329083340071,259.30126633549025,41.60351645335354,86,70,,,,,,,,,0.7704738690303407,1.8233907684990551,,1e-05,0.00301,0.003,PROJECTED_ONLY,"original measured-data scale normalization, not calibrated noise covariance",a11e138d5fa77a6af8f594c1f57df00a71b16ba8b569843afae7719bb1187524
2012,middle,8,<WORKSPACE>/Gaussian/A17/EXCHANGE_R1/results/object_2012_middle,6bb612278b131a2b4bd62344122f5a462651f080d63727a172cd273e16664884,92a2012fcd2c647e2ec3c2ce4ebd22933b2156099a2e0020204ff3316c7ed88c,surrogate_exchange,8,3.171315475677181e-05,1.6314396210534872e-18,False,0.6997526689700236,3,5.370736837387268e-05,MOVE_BUDGET_EXHAUSTED,1.631439621053487e-17,1.692953099962324,1.2596310000517406,19.687278499943204,18,0,"{""full_gap"": 3.171315475677181e-05, ""half_H_step_energy"": 3.171315475691148e-05, ""reference_gradient_cross"": -1.396721152113089e-16, ""numerical_floor"": 1.6314396210534872e-18, ""H_step_error"": 0.007964063630699026, ""relative_H_step_error"": 0.6997526689700236, ""full_reference_H_energy"": 0.00012953296759419785, ""reference_relative_residual"": 8.580123863841074e-12}",reported fields only; round0 cache/dense teacher acquisition may be incomplete; never total these with occupation,25.877299960922564,82.90910275804592,249.74296245152493,39.14267559451838,84,66,-7.25690094737228,-0.7941880753547963,-9.558303883965323,0.021050487430144926,-7.277951434802425,9.649005379342751e-11,,,0.8323682632975072,2.0648448808911932,0.009880635981846806,1e-05,0.00301,0.003,PROJECTED_ONLY,"original measured-data scale normalization, not calibrated noise covariance",a11e138d5fa77a6af8f594c1f57df00a71b16ba8b569843afae7719bb1187524
2012,middle,8,<WORKSPACE>/Gaussian/A17/EXCHANGE_R1/results/object_2012_middle,6bb612278b131a2b4bd62344122f5a462651f080d63727a172cd273e16664884,92a2012fcd2c647e2ec3c2ce4ebd22933b2156099a2e0020204ff3316c7ed88c,exact_score_teacher,8,1.9621768452457782e-05,1.6314396210534872e-18,False,0.5504196292116695,3,6.579875467818676e-05,MOVE_BUDGET_EXHAUSTED,1.631439621053487e-17,95.93148770002881,13.729785899980925,,14016,0,"{""full_gap"": 1.9621768452457782e-05, ""half_H_step_energy"": 1.962176845265898e-05, ""reference_gradient_cross"": -2.0119699143493172e-16, ""numerical_floor"": 1.6314396210534872e-18, ""H_step_error"": 0.006264466210725217, ""relative_H_step_error"": 0.5504196292116695, ""full_reference_H_energy"": 0.00012953296759419785, ""reference_relative_residual"": 8.580123863841074e-12}",reported fields only; round0 cache/dense teacher acquisition may be incomplete; never total these with occupation,23.204252694844122,90.12682376679403,273.3130738528758,43.50365575122207,96,76,-9.929948213450722,6.423532933393318,14.011807517385535,0.028242082259268386,-9.95819029570999,1.4216950180288487e-10,,,0.8357791693699387,2.2119341060921887,0.01075661853976106,1e-05,0.00301,0.003,PROJECTED_ONLY,"original measured-data scale normalization, not calibrated noise covariance",a11e138d5fa77a6af8f594c1f57df00a71b16ba8b569843afae7719bb1187524
2012,middle,8,<WORKSPACE>/Gaussian/A17/EXCHANGE_R1/results/object_2012_middle,6bb612278b131a2b4bd62344122f5a462651f080d63727a172cd273e16664884,92a2012fcd2c647e2ec3c2ce4ebd22933b2156099a2e0020204ff3316c7ed88c,directed_verified,8,3.171315475677181e-05,1.6314396210534872e-18,False,0.6997526689700236,3,5.370736837387246e-05,MOVE_BUDGET_EXHAUSTED,1.631439621053487e-17,1.9439734000479802,1.3524932999862358,20.096596800081898,0,36,"{""full_gap"": 3.171315475677181e-05, ""half_H_step_energy"": 3.171315475691148e-05, ""reference_gradient_cross"": -1.396721152113089e-16, ""numerical_floor"": 1.6314396210534872e-18, ""H_step_error"": 0.007964063630699026, ""relative_H_step_error"": 0.6997526689700236, ""full_reference_H_energy"": 0.00012953296759419785, ""reference_relative_residual"": 8.580123863841074e-12}",reported fields only; round0 cache/dense teacher acquisition may be incomplete; never total these with occupation,25.877299960922564,82.90910275804592,249.74296245152493,39.14267559451838,84,66,-7.25690094737228,-0.7941880753547963,-9.558303883965323,0.021050487430144926,-7.277951434802425,9.649005379342751e-11,,,0.8323682632975072,2.0648448808911932,0.009880635981846806,1e-05,0.00301,0.003,PROJECTED_ONLY,"original measured-data scale normalization, not calibrated noise covariance",a11e138d5fa77a6af8f594c1f57df00a71b16ba8b569843afae7719bb1187524
2012,middle,8,<WORKSPACE>/Gaussian/A17/EXCHANGE_R1/results/object_2012_middle,6bb612278b131a2b4bd62344122f5a462651f080d63727a172cd273e16664884,92a2012fcd2c647e2ec3c2ce4ebd22933b2156099a2e0020204ff3316c7ed88c,adaptive_leq_k,8,3.171315475677181e-05,1.6314396210534872e-18,False,0.6997526689700236,3,5.370736837387246e-05,MOVE_BUDGET_EXHAUSTED,1.631439621053487e-17,2.43214910000097,1.8231905000284314,20.584772500034887,0,36,"{""full_gap"": 3.171315475677181e-05, ""half_H_step_energy"": 3.171315475691148e-05, ""reference_gradient_cross"": -1.396721152113089e-16, ""numerical_floor"": 1.6314396210534872e-18, ""H_step_error"": 0.007964063630699026, ""relative_H_step_error"": 0.6997526689700236, ""full_reference_H_energy"": 0.00012953296759419785, ""reference_relative_residual"": 8.580123863841074e-12}",reported fields only; round0 cache/dense teacher acquisition may be incomplete; never total these with occupation,25.877299960922564,82.90910275804592,249.74296245152493,39.14267559451838,84,66,-7.25690094737228,-0.7941880753547963,-9.558303883965323,0.021050487430144926,-7.277951434802425,9.649005379342751e-11,,,0.8323682632975072,2.0648448808911932,0.009880635981846806,1e-05,0.00301,0.003,PROJECTED_ONLY,"original measured-data scale normalization, not calibrated noise covariance",a11e138d5fa77a6af8f594c1f57df00a71b16ba8b569843afae7719bb1187524
2012,middle,16,<WORKSPACE>/Gaussian/A17/EXCHANGE_R1/results/object_2012_middle,6bb612278b131a2b4bd62344122f5a462651f080d63727a172cd273e16664884,92a2012fcd2c647e2ec3c2ce4ebd22933b2156099a2e0020204ff3316c7ed88c,receiver_no_swap,16,1.6665532899026715e-05,1.6314396210534872e-18,False,0.5072644681785273,0,0,,1.631439621053487e-17,0.026078300026711076,,,,,"{""full_gap"": 1.6665532899026715e-05, ""half_H_step_energy"": 1.6665532898985123e-05, ""reference_gradient_cross"": 4.159397239352959e-17, ""numerical_floor"": 1.6314396210534872e-18, ""H_step_error"": 0.00577330631423366, ""relative_H_step_error"": 0.5072644681785273, ""full_reference_H_energy"": 0.00012953296759419785, ""reference_relative_residual"": 8.580123863841074e-12}",reported fields only; round0 cache/dense teacher acquisition may be incomplete; never total these with occupation,40.54076124501518,132.7547005273033,354.4228287778919,53.11481216305642,132,92,,,,,,,,,0.4883438167301657,0.8920203530493526,,1e-05,0.00301,0.003,PROJECTED_ONLY,"original measured-data scale normalization, not calibrated noise covariance",a11e138d5fa77a6af8f594c1f57df00a71b16ba8b569843afae7719bb1187524
2012,middle,16,<WORKSPACE>/Gaussian/A17/EXCHANGE_R1/results/object_2012_middle,6bb612278b131a2b4bd62344122f5a462651f080d63727a172cd273e16664884,92a2012fcd2c647e2ec3c2ce4ebd22933b2156099a2e0020204ff3316c7ed88c,surrogate_exchange,16,1.0278806803556188e-05,1.6314396210534872e-18,False,0.3983787749973226,3,6.386726095470529e-06,MOVE_BUDGET_EXHAUSTED,1.631439621053487e-17,4.07601059996523,3.2268260999699123,22.086565800011158,18,0,"{""full_gap"": 1.0278806803556188e-05, ""half_H_step_energy"": 1.0278806803557945e-05, ""reference_gradient_cross"": -1.756768932614723e-18, ""numerical_floor"": 1.6314396210534872e-18, ""H_step_error"": 0.004534050463671075, ""relative_H_step_error"": 0.3983787749973226, ""full_reference_H_energy"": 0.00012953296759419785, ""reference_relative_residual"": 8.580123863841074e-12}",reported fields only; round0 cache/dense teacher acquisition may be incomplete; never total these with occupation,38.85442475037201,142.37238677740868,389.71296980936984,61.03115302544981,146,106,-1.6863364946431716,9.617686250105379,35.29014103147796,0.19933555801463854,-1.8856720526578101,2.3819556791134267e-10,,,0.538179349212049,1.0421352609946772,0.0012246894376923816,1e-05,0.00301,0.003,PROJECTED_ONLY,"original measured-data scale normalization, not calibrated noise covariance",a11e138d5fa77a6af8f594c1f57df00a71b16ba8b569843afae7719bb1187524
2012,middle,16,<WORKSPACE>/Gaussian/A17/EXCHANGE_R1/results/object_2012_middle,6bb612278b131a2b4bd62344122f5a462651f080d63727a172cd273e16664884,92a2012fcd2c647e2ec3c2ce4ebd22933b2156099a2e0020204ff3316c7ed88c,exact_score_teacher,16,7.227407567653199e-06,1.6314396210534872e-18,False,0.3340535668160044,3,9.438125331373533e-06,MOVE_BUDGET_EXHAUSTED,1.631439621053487e-17,185.85243319999427,30.488213400007226,,26496,0,"{""full_gap"": 7.227407567653199e-06, ""half_H_step_energy"": 7.227407567636663e-06, ""reference_gradient_cross"": 1.6536350283227206e-17, ""numerical_floor"": 1.6314396210534872e-18, ""H_step_error"": 0.0038019488601601843, ""relative_H_step_error"": 0.3340535668160044, ""full_reference_H_energy"": 0.00012953296759419785, ""reference_relative_residual"": 8.580123863841074e-12}",reported fields only; round0 cache/dense teacher acquisition may be incomplete; never total these with occupation,37.0718989153514,135.41392924078113,356.7364773843296,53.3656723927688,136,96,-3.4688623296637857,2.6592287134778303,2.3136486064377095,0.0005224800495682302,-3.469384809713354,6.756382793832616e-12,,,0.5501128143869135,1.1872532787193943,0.002519178634384488,1e-05,0.00301,0.003,PROJECTED_ONLY,"original measured-data scale normalization, not calibrated noise covariance",a11e138d5fa77a6af8f594c1f57df00a71b16ba8b569843afae7719bb1187524
2012,middle,16,<WORKSPACE>/Gaussian/A17/EXCHANGE_R1/results/object_2012_middle,6bb612278b131a2b4bd62344122f5a462651f080d63727a172cd273e16664884,92a2012fcd2c647e2ec3c2ce4ebd22933b2156099a2e0020204ff3316c7ed88c,directed_verified,16,1.0523527244607657e-05,1.6314396210534872e-18,False,0.40309323080632875,1,6.1420056544190825e-06,ABSTAIN_UNRESOLVED,1.631439621053487e-17,2.84559750003973,2.1971508000278845,21.004348200105596,0,24,"{""full_gap"": 1.0523527244607657e-05, ""half_H_step_energy"": 1.052352724454726e-05, ""reference_gradient_cross"": 6.039707113268156e-17, ""numerical_floor"": 1.6314396210534872e-18, ""H_step_error"": 0.004587706887879229, ""relative_H_step_error"": 0.40309323080632875, ""full_reference_H_energy"": 0.00012953296759419785, ""reference_relative_residual"": 8.580123863841074e-12}",reported fields only; round0 cache/dense teacher acquisition may be incomplete; never total these with occupation,40.035750130586464,136.43420326261344,358.42344688280093,53.42657211006839,138,94,-0.5050111144287186,3.6795027353101375,4.0006181049090515,0.001119979939126381,-0.506131094367845,1.140557615904447e-11,,,0.5275898576788742,0.9740548455466089,0.00039229445205333824,1e-05,0.00301,0.003,PROJECTED_ONLY,"original measured-data scale normalization, not calibrated noise covariance",a11e138d5fa77a6af8f594c1f57df00a71b16ba8b569843afae7719bb1187524
2012,middle,16,<WORKSPACE>/Gaussian/A17/EXCHANGE_R1/results/object_2012_middle,6bb612278b131a2b4bd62344122f5a462651f080d63727a172cd273e16664884,92a2012fcd2c647e2ec3c2ce4ebd22933b2156099a2e0020204ff3316c7ed88c,adaptive_leq_k,16,1.0523527244607657e-05,1.6314396210534872e-18,False,0.40309323080632875,1,6.1420056544190825e-06,ABSTAIN_UNRESOLVED,1.631439621053487e-17,3.416893999965396,2.722266099997796,21.575644700031262,0,24,"{""full_gap"": 1.0523527244607657e-05, ""half_H_step_energy"": 1.052352724454726e-05, ""reference_gradient_cross"": 6.039707113268156e-17, ""numerical_floor"": 1.6314396210534872e-18, ""H_step_error"": 0.004587706887879229, ""relative_H_step_error"": 0.40309323080632875, ""full_reference_H_energy"": 0.00012953296759419785, ""reference_relative_residual"": 8.580123863841074e-12}",reported fields only; round0 cache/dense teacher acquisition may be incomplete; never total these with occupation,40.035750130586464,136.43420326261344,358.42344688280093,53.42657211006839,138,94,-0.5050111144287186,3.6795027353101375,4.0006181049090515,0.001119979939126381,-0.506131094367845,1.140557615904447e-11,,,0.5275898576788742,0.9740548455466089,0.00039229445205333824,1e-05,0.00301,0.003,PROJECTED_ONLY,"original measured-data scale normalization, not calibrated noise covariance",a11e138d5fa77a6af8f594c1f57df00a71b16ba8b569843afae7719bb1187524
