accepted_saved_updates,attempt,classification_scope,config_sha256,data_available,driver_status,endpoint_available,evaluation_classification,experiment_group,failure_error,failure_iteration,frozen_cell_source,input_manifest_sha256,issue_records,local_not_global_oracle,metric_scope,metrics,objective_label,online_feedback,paired_attempt,partial_prefix_audited,per_candidate_wall_s,planned,planned_identity,reason,snapshot_receipt_sha256,source,source_record,status,teacher_endpoint_available
,,evaluation floor ONLY; not online acceptance tolerance,,True,,,improved,replay,,,"{""input"": ""frozen/cells.csv"", ""json_pointer"": null, ""row_index_zero_based"": 168, ""sha256"": ""96caff279881fc908cab7f1e1e6be34f8d5fcfc197a6a54c3d6b9317e1a51310""}",,,,FROZEN_MATERIAL_STEP_H_RISK,"{""evaluation_floor"": 2.8915684191413183e-15, ""final_H_step_error"": 0.019677545880363058, ""final_full_gap"": 0.0001936029059481648, ""final_normalized_H_step_error"": 0.04358042296405483, ""receiver_H_step_error"": 0.0516777601777065, ""receiver_full_gap"": 0.0013352954485755715, ""receiver_normalized_H_step_error"": 0.11445221167680925, ""signed_full_gap_improvement"": 0.0011416925426274067}",,,a17_closure_replay_remaining_v2_2001_7016d76662014c3d98910ea298dfe051,,,True,"{""k"": ""4"", ""mode"": ""replay"", ""noise_basis_points"": ""0"", ""object_id"": ""2001"", ""phase"": ""early"", ""realization_index"": ""0""}",,,"{""input"": ""frozen/coverage.csv"", ""json_pointer"": null, ""row_index_zero_based"": 0, ""sha256"": ""c994c28d687aaafee0d5d4b1e01ceea95a313df6bbb856ff3ad003434ab89da6""}","{""accepted_moves"": ""1"", ""classification_scope"": ""evaluation floor ONLY; not online acceptance tolerance"", ""endpoint_sha256"": ""0295b1f4b25c9f0e75829531b2207ad86940d5b0185ad31be5de78d6d339c10a"", ""evaluation_classification"": ""improved"", ""evaluation_floor"": ""2.8915684191413183e-15"", ""final_H_step_error"": ""0.019677545880363058"", ""final_full_gap"": ""0.0001936029059481648"", ""final_half_H_step_energy"": ""0.0001936029059368966"", ""final_nonlinear_status"": ""{\""reason\"": \""Separate owner bounded nonlinear transfer stage\"", \""status\"": \""NOT_RUN\""}"", ""final_normalized_H_step_error"": ""0.04358042296405483"", ""full_reference_H_energy"": ""0.2038726581974829"", ""k"": ""4"", ""mode"": ""replay"", ""noise_basis_points"": ""0"", ""object_id"": ""2001"", ""one_step_truth"": ""{\""constraints_violated\"": true, \""relative_material_error\"": 0.43458377621806427, \""scope\"": \""Offline unconstrained alpha1 diagnostic; not nonlinear accepted update\""}"", ""paired_attempt"": ""a17_closure_replay_remaining_v2_2001_7016d76662014c3d98910ea298dfe051"", ""phase"": ""early"", ""realization_index"": ""0"", ""receiver_H_step_error"": ""0.0516777601777065"", ""receiver_full_gap"": ""0.0013352954485755715"", ""receiver_half_H_step_energy"": ""0.001335295448492274"", ""receiver_normalized_H_step_error"": ""0.11445221167680925"", ""reference_relative_residual"": ""4.030764277322223e-12"", ""result_sha256"": ""2868c4a1f27fd3df4da08607173bcc224c8715ae74bc7606ef4d80e45bcb992f"", ""selected_ids"": ""[0, 2, 3, 5]"", ""signed_full_gap_improvement"": ""0.0011416925426274067"", ""source_directory"": ""/Volumes/migodam's-external-brain/Research/Inv_SLAM/Gaussian/A17/CLOSURE_R1/remote_snapshots/noise_complete_v1/results/replay_remaining_v2/object_2001/early"", ""stop_reason"": ""ABSTAIN_UNRESOLVED""}",AUDITED_TERMINAL,
,,evaluation floor ONLY; not online acceptance tolerance,,True,,,improved,replay,,,"{""input"": ""frozen/cells.csv"", ""json_pointer"": null, ""row_index_zero_based"": 169, ""sha256"": ""96caff279881fc908cab7f1e1e6be34f8d5fcfc197a6a54c3d6b9317e1a51310""}",,,,FROZEN_MATERIAL_STEP_H_RISK,"{""evaluation_floor"": 2.8915684191413183e-15, ""final_H_step_error"": 0.01253416774763718, ""final_full_gap"": 7.85526805640808e-05, ""final_normalized_H_step_error"": 0.027759779357931006, ""receiver_H_step_error"": 0.013290432815695787, ""receiver_full_gap"": 8.831780221564739e-05, ""receiver_normalized_H_step_error"": 0.029434701207399244, ""signed_full_gap_improvement"": 9.765121651566586e-06}",,,a17_closure_replay_remaining_v2_2001_7016d76662014c3d98910ea298dfe051,,,True,"{""k"": ""8"", ""mode"": ""replay"", ""noise_basis_points"": ""0"", ""object_id"": ""2001"", ""phase"": ""early"", ""realization_index"": ""0""}",,,"{""input"": ""frozen/coverage.csv"", ""json_pointer"": null, ""row_index_zero_based"": 1, ""sha256"": ""c994c28d687aaafee0d5d4b1e01ceea95a313df6bbb856ff3ad003434ab89da6""}","{""accepted_moves"": ""3"", ""classification_scope"": ""evaluation floor ONLY; not online acceptance tolerance"", ""endpoint_sha256"": ""24f80c6e21dfb85b9fb683e35835b1fcc28d9bb12152af0a9867b42a149d207d"", ""evaluation_classification"": ""improved"", ""evaluation_floor"": ""2.8915684191413183e-15"", ""final_H_step_error"": ""0.01253416774763718"", ""final_full_gap"": ""7.85526805640808e-05"", ""final_half_H_step_energy"": ""7.855268056295404e-05"", ""final_nonlinear_status"": ""{\""reason\"": \""Separate owner bounded nonlinear transfer stage\"", \""status\"": \""NOT_RUN\""}"", ""final_normalized_H_step_error"": ""0.027759779357931006"", ""full_reference_H_energy"": ""0.2038726581974829"", ""k"": ""8"", ""mode"": ""replay"", ""noise_basis_points"": ""0"", ""object_id"": ""2001"", ""one_step_truth"": ""{\""constraints_violated\"": true, \""relative_material_error\"": 0.41503541873435945, \""scope\"": \""Offline unconstrained alpha1 diagnostic; not nonlinear accepted update\""}"", ""paired_attempt"": ""a17_closure_replay_remaining_v2_2001_7016d76662014c3d98910ea298dfe051"", ""phase"": ""early"", ""realization_index"": ""0"", ""receiver_H_step_error"": ""0.013290432815695787"", ""receiver_full_gap"": ""8.831780221564739e-05"", ""receiver_half_H_step_energy"": ""8.831780221426171e-05"", ""receiver_normalized_H_step_error"": ""0.029434701207399244"", ""reference_relative_residual"": ""4.030764277322223e-12"", ""result_sha256"": ""2868c4a1f27fd3df4da08607173bcc224c8715ae74bc7606ef4d80e45bcb992f"", ""selected_ids"": ""[0, 1, 2, 3, 6, 9, 8, 65]"", ""signed_full_gap_improvement"": ""9.765121651566586e-06"", ""source_directory"": ""/Volumes/migodam's-external-brain/Research/Inv_SLAM/Gaussian/A17/CLOSURE_R1/remote_snapshots/noise_complete_v1/results/replay_remaining_v2/object_2001/early"", ""stop_reason"": ""MOVE_BUDGET_EXHAUSTED""}",AUDITED_TERMINAL,
,,evaluation floor ONLY; not online acceptance tolerance,,True,,,improved,replay,,,"{""input"": ""frozen/cells.csv"", ""json_pointer"": null, ""row_index_zero_based"": 170, ""sha256"": ""96caff279881fc908cab7f1e1e6be34f8d5fcfc197a6a54c3d6b9317e1a51310""}",,,,FROZEN_MATERIAL_STEP_H_RISK,"{""evaluation_floor"": 2.8915684191413183e-15, ""final_H_step_error"": 0.005381208301610489, ""final_full_gap"": 1.4478701397820284e-05, ""final_normalized_H_step_error"": 0.011917915743542984, ""receiver_H_step_error"": 0.007270311385703712, ""receiver_full_gap"": 2.642871382533148e-05, ""receiver_normalized_H_step_error"": 0.01610176630743068, ""signed_full_gap_improvement"": 1.1950012427511196e-05}",,,a17_closure_replay_remaining_v2_2001_7016d76662014c3d98910ea298dfe051,,,True,"{""k"": ""16"", ""mode"": ""replay"", ""noise_basis_points"": ""0"", ""object_id"": ""2001"", ""phase"": ""early"", ""realization_index"": ""0""}",,,"{""input"": ""frozen/coverage.csv"", ""json_pointer"": null, ""row_index_zero_based"": 2, ""sha256"": ""c994c28d687aaafee0d5d4b1e01ceea95a313df6bbb856ff3ad003434ab89da6""}","{""accepted_moves"": ""2"", ""classification_scope"": ""evaluation floor ONLY; not online acceptance tolerance"", ""endpoint_sha256"": ""3c55ecbbcd3ca3f56626a6a6fb3eceb19c6633ed11792575a470b0cc791b7a97"", ""evaluation_classification"": ""improved"", ""evaluation_floor"": ""2.8915684191413183e-15"", ""final_H_step_error"": ""0.005381208301610489"", ""final_full_gap"": ""1.4478701397820284e-05"", ""final_half_H_step_energy"": ""1.4478701392660824e-05"", ""final_nonlinear_status"": ""{\""reason\"": \""Separate owner bounded nonlinear transfer stage\"", \""status\"": \""NOT_RUN\""}"", ""final_normalized_H_step_error"": ""0.011917915743542984"", ""full_reference_H_energy"": ""0.2038726581974829"", ""k"": ""16"", ""mode"": ""replay"", ""noise_basis_points"": ""0"", ""object_id"": ""2001"", ""one_step_truth"": ""{\""constraints_violated\"": true, \""relative_material_error\"": 0.397780605186962, \""scope\"": \""Offline unconstrained alpha1 diagnostic; not nonlinear accepted update\""}"", ""paired_attempt"": ""a17_closure_replay_remaining_v2_2001_7016d76662014c3d98910ea298dfe051"", ""phase"": ""early"", ""realization_index"": ""0"", ""receiver_H_step_error"": ""0.007270311385703712"", ""receiver_full_gap"": ""2.642871382533148e-05"", ""receiver_half_H_step_energy"": ""2.642871382254651e-05"", ""receiver_normalized_H_step_error"": ""0.01610176630743068"", ""reference_relative_residual"": ""4.030764277322223e-12"", ""result_sha256"": ""2868c4a1f27fd3df4da08607173bcc224c8715ae74bc7606ef4d80e45bcb992f"", ""selected_ids"": ""[0, 1, 2, 5, 6, 7, 8, 9, 10, 11, 12, 13, 14, 15, 65, 64]"", ""signed_full_gap_improvement"": ""1.1950012427511196e-05"", ""source_directory"": ""/Volumes/migodam's-external-brain/Research/Inv_SLAM/Gaussian/A17/CLOSURE_R1/remote_snapshots/noise_complete_v1/results/replay_remaining_v2/object_2001/early"", ""stop_reason"": ""ABSTAIN_UNRESOLVED""}",AUDITED_TERMINAL,
,,evaluation floor ONLY; not online acceptance tolerance,,True,,,improved,replay,,,"{""input"": ""frozen/cells.csv"", ""json_pointer"": null, ""row_index_zero_based"": 174, ""sha256"": ""96caff279881fc908cab7f1e1e6be34f8d5fcfc197a6a54c3d6b9317e1a51310""}",,,,FROZEN_MATERIAL_STEP_H_RISK,"{""evaluation_floor"": 2.1871235165076276e-19, ""final_H_step_error"": 0.004628610675723391, ""final_full_gap"": 1.0712018393707932e-05, ""final_normalized_H_step_error"": 2.760543584863402, ""receiver_H_step_error"": 0.012230836273127156, ""receiver_full_gap"": 7.479667797000949e-05, ""receiver_normalized_H_step_error"": 7.29457692097185, ""signed_full_gap_improvement"": 6.408465957630155e-05}",,,a17_closure_replay_remaining_v2_2001_7016d76662014c3d98910ea298dfe051,,,True,"{""k"": ""4"", ""mode"": ""replay"", ""noise_basis_points"": ""0"", ""object_id"": ""2001"", ""phase"": ""middle"", ""realization_index"": ""0""}",,,"{""input"": ""frozen/coverage.csv"", ""json_pointer"": null, ""row_index_zero_based"": 3, ""sha256"": ""c994c28d687aaafee0d5d4b1e01ceea95a313df6bbb856ff3ad003434ab89da6""}","{""accepted_moves"": ""2"", ""classification_scope"": ""evaluation floor ONLY; not online acceptance tolerance"", ""endpoint_sha256"": ""00d8b6dd155ad057312fbdf235d47b3f4edf7368e300ae2906e5d017b86ee100"", ""evaluation_classification"": ""improved"", ""evaluation_floor"": ""2.1871235165076276e-19"", ""final_H_step_error"": ""0.004628610675723391"", ""final_full_gap"": ""1.0712018393707932e-05"", ""final_half_H_step_energy"": ""1.0712018393710275e-05"", ""final_nonlinear_status"": ""{\""reason\"": \""Separate owner bounded nonlinear transfer stage\"", \""status\"": \""NOT_RUN\""}"", ""final_normalized_H_step_error"": ""2.760543584863402"", ""full_reference_H_energy"": ""2.8113316933573168e-06"", ""k"": ""4"", ""mode"": ""replay"", ""noise_basis_points"": ""0"", ""object_id"": ""2001"", ""one_step_truth"": ""{\""constraints_violated\"": true, \""relative_material_error\"": 0.3368924464174315, \""scope\"": \""Offline unconstrained alpha1 diagnostic; not nonlinear accepted update\""}"", ""paired_attempt"": ""a17_closure_replay_remaining_v2_2001_7016d76662014c3d98910ea298dfe051"", ""phase"": ""middle"", ""realization_index"": ""0"", ""receiver_H_step_error"": ""0.012230836273127156"", ""receiver_full_gap"": ""7.479667797000949e-05"", ""receiver_half_H_step_energy"": ""7.479667797002149e-05"", ""receiver_normalized_H_step_error"": ""7.29457692097185"", ""reference_relative_residual"": ""2.311832994365931e-12"", ""result_sha256"": ""431907fba40be85567e018fbe91f86e4868032103421726c5d4ecab271546c86"", ""selected_ids"": ""[2, 3, 5, 64]"", ""signed_full_gap_improvement"": ""6.408465957630155e-05"", ""source_directory"": ""/Volumes/migodam's-external-brain/Research/Inv_SLAM/Gaussian/A17/CLOSURE_R1/remote_snapshots/noise_complete_v1/results/replay_remaining_v2/object_2001/middle"", ""stop_reason"": ""ABSTAIN_UNRESOLVED""}",AUDITED_TERMINAL,
,,evaluation floor ONLY; not online acceptance tolerance,,True,,,improved,replay,,,"{""input"": ""frozen/cells.csv"", ""json_pointer"": null, ""row_index_zero_based"": 175, ""sha256"": ""96caff279881fc908cab7f1e1e6be34f8d5fcfc197a6a54c3d6b9317e1a51310""}",,,,FROZEN_MATERIAL_STEP_H_RISK,"{""evaluation_floor"": 2.1871235165076276e-19, ""final_H_step_error"": 0.003630203378607929, ""final_full_gap"": 6.589188285025978e-06, ""final_normalized_H_step_error"": 2.1650848063602504, ""receiver_H_step_error"": 0.00419056517932873, ""receiver_full_gap"": 8.780418261098822e-06, ""receiver_normalized_H_step_error"": 2.4992894484347428, ""signed_full_gap_improvement"": 2.1912299760728438e-06}",,,a17_closure_replay_remaining_v2_2001_7016d76662014c3d98910ea298dfe051,,,True,"{""k"": ""8"", ""mode"": ""replay"", ""noise_basis_points"": ""0"", ""object_id"": ""2001"", ""phase"": ""middle"", ""realization_index"": ""0""}",,,"{""input"": ""frozen/coverage.csv"", ""json_pointer"": null, ""row_index_zero_based"": 4, ""sha256"": ""c994c28d687aaafee0d5d4b1e01ceea95a313df6bbb856ff3ad003434ab89da6""}","{""accepted_moves"": ""2"", ""classification_scope"": ""evaluation floor ONLY; not online acceptance tolerance"", ""endpoint_sha256"": ""cd7435694f6d4a2760f13e1bee8d54f93843ddb58b51ef6973646ab3bd31da84"", ""evaluation_classification"": ""improved"", ""evaluation_floor"": ""2.1871235165076276e-19"", ""final_H_step_error"": ""0.003630203378607929"", ""final_full_gap"": ""6.589188285025978e-06"", ""final_half_H_step_energy"": ""6.589188285028212e-06"", ""final_nonlinear_status"": ""{\""reason\"": \""Separate owner bounded nonlinear transfer stage\"", \""status\"": \""NOT_RUN\""}"", ""final_normalized_H_step_error"": ""2.1650848063602504"", ""full_reference_H_energy"": ""2.8113316933573168e-06"", ""k"": ""8"", ""mode"": ""replay"", ""noise_basis_points"": ""0"", ""object_id"": ""2001"", ""one_step_truth"": ""{\""constraints_violated\"": true, \""relative_material_error\"": 0.33867494503361284, \""scope\"": \""Offline unconstrained alpha1 diagnostic; not nonlinear accepted update\""}"", ""paired_attempt"": ""a17_closure_replay_remaining_v2_2001_7016d76662014c3d98910ea298dfe051"", ""phase"": ""middle"", ""realization_index"": ""0"", ""receiver_H_step_error"": ""0.00419056517932873"", ""receiver_full_gap"": ""8.780418261098822e-06"", ""receiver_half_H_step_energy"": ""8.780418261101215e-06"", ""receiver_normalized_H_step_error"": ""2.4992894484347428"", ""reference_relative_residual"": ""2.311832994365931e-12"", ""result_sha256"": ""431907fba40be85567e018fbe91f86e4868032103421726c5d4ecab271546c86"", ""selected_ids"": ""[0, 1, 2, 3, 5, 7, 9, 33]"", ""signed_full_gap_improvement"": ""2.1912299760728438e-06"", ""source_directory"": ""/Volumes/migodam's-external-brain/Research/Inv_SLAM/Gaussian/A17/CLOSURE_R1/remote_snapshots/noise_complete_v1/results/replay_remaining_v2/object_2001/middle"", ""stop_reason"": ""ABSTAIN_UNRESOLVED""}",AUDITED_TERMINAL,
,,evaluation floor ONLY; not online acceptance tolerance,,True,,,improved,replay,,,"{""input"": ""frozen/cells.csv"", ""json_pointer"": null, ""row_index_zero_based"": 176, ""sha256"": ""96caff279881fc908cab7f1e1e6be34f8d5fcfc197a6a54c3d6b9317e1a51310""}",,,,FROZEN_MATERIAL_STEP_H_RISK,"{""evaluation_floor"": 2.1871235165076276e-19, ""final_H_step_error"": 0.0013480152640356323, ""final_full_gap"": 9.085725760364422e-07, ""final_normalized_H_step_error"": 0.8039680046864012, ""receiver_H_step_error"": 0.0015139428540970337, ""receiver_full_gap"": 1.1460114827364732e-06, ""receiver_normalized_H_step_error"": 0.9029286597050388, ""signed_full_gap_improvement"": 2.3743890670003095e-07}",,,a17_closure_replay_remaining_v2_2001_7016d76662014c3d98910ea298dfe051,,,True,"{""k"": ""16"", ""mode"": ""replay"", ""noise_basis_points"": ""0"", ""object_id"": ""2001"", ""phase"": ""middle"", ""realization_index"": ""0""}",,,"{""input"": ""frozen/coverage.csv"", ""json_pointer"": null, ""row_index_zero_based"": 5, ""sha256"": ""c994c28d687aaafee0d5d4b1e01ceea95a313df6bbb856ff3ad003434ab89da6""}","{""accepted_moves"": ""3"", ""classification_scope"": ""evaluation floor ONLY; not online acceptance tolerance"", ""endpoint_sha256"": ""b88636b33c2724f917be8df4f1af59ec141d6b8a1a8e399be4d57f56a4f53787"", ""evaluation_classification"": ""improved"", ""evaluation_floor"": ""2.1871235165076276e-19"", ""final_H_step_error"": ""0.0013480152640356323"", ""final_full_gap"": ""9.085725760364422e-07"", ""final_half_H_step_energy"": ""9.085725760365278e-07"", ""final_nonlinear_status"": ""{\""reason\"": \""Separate owner bounded nonlinear transfer stage\"", \""status\"": \""NOT_RUN\""}"", ""final_normalized_H_step_error"": ""0.8039680046864012"", ""full_reference_H_energy"": ""2.8113316933573168e-06"", ""k"": ""16"", ""mode"": ""replay"", ""noise_basis_points"": ""0"", ""object_id"": ""2001"", ""one_step_truth"": ""{\""constraints_violated\"": false, \""relative_material_error\"": 0.3322611374083522, \""scope\"": \""Offline unconstrained alpha1 diagnostic; not nonlinear accepted update\""}"", ""paired_attempt"": ""a17_closure_replay_remaining_v2_2001_7016d76662014c3d98910ea298dfe051"", ""phase"": ""middle"", ""realization_index"": ""0"", ""receiver_H_step_error"": ""0.0015139428540970337"", ""receiver_full_gap"": ""1.1460114827364732e-06"", ""receiver_half_H_step_energy"": ""1.146011482735736e-06"", ""receiver_normalized_H_step_error"": ""0.9029286597050388"", ""reference_relative_residual"": ""2.311832994365931e-12"", ""result_sha256"": ""431907fba40be85567e018fbe91f86e4868032103421726c5d4ecab271546c86"", ""selected_ids"": ""[0, 1, 2, 3, 4, 5, 6, 7, 8, 9, 10, 14, 15, 96, 16, 12]"", ""signed_full_gap_improvement"": ""2.3743890670003095e-07"", ""source_directory"": ""/Volumes/migodam's-external-brain/Research/Inv_SLAM/Gaussian/A17/CLOSURE_R1/remote_snapshots/noise_complete_v1/results/replay_remaining_v2/object_2001/middle"", ""stop_reason"": ""MOVE_BUDGET_EXHAUSTED""}",AUDITED_TERMINAL,
,,evaluation floor ONLY; not online acceptance tolerance,,True,,,improved,replay,,,"{""input"": ""frozen/cells.csv"", ""json_pointer"": null, ""row_index_zero_based"": 171, ""sha256"": ""96caff279881fc908cab7f1e1e6be34f8d5fcfc197a6a54c3d6b9317e1a51310""}",,,,FROZEN_MATERIAL_STEP_H_RISK,"{""evaluation_floor"": 1.820467525657628e-19, ""final_H_step_error"": 0.008807372021135936, ""final_full_gap"": 3.8784900959344815e-05, ""final_normalized_H_step_error"": 11.596270254825805, ""receiver_H_step_error"": 0.023937500390082574, ""receiver_full_gap"": 0.00028650196246260613, ""receiver_normalized_H_step_error"": 31.517429158464676, ""signed_full_gap_improvement"": 0.0002477170615032613}",,,a17_closure_replay_remaining_v2_2001_7016d76662014c3d98910ea298dfe051,,,True,"{""k"": ""4"", ""mode"": ""replay"", ""noise_basis_points"": ""0"", ""object_id"": ""2001"", ""phase"": ""late"", ""realization_index"": ""0""}",,,"{""input"": ""frozen/coverage.csv"", ""json_pointer"": null, ""row_index_zero_based"": 6, ""sha256"": ""c994c28d687aaafee0d5d4b1e01ceea95a313df6bbb856ff3ad003434ab89da6""}","{""accepted_moves"": ""2"", ""classification_scope"": ""evaluation floor ONLY; not online acceptance tolerance"", ""endpoint_sha256"": ""8e1a7bd0bd65043b5a7de0493bf32be4f27b8a738f5c1a28993f7dc109a81e00"", ""evaluation_classification"": ""improved"", ""evaluation_floor"": ""1.820467525657628e-19"", ""final_H_step_error"": ""0.008807372021135936"", ""final_full_gap"": ""3.8784900959344815e-05"", ""final_half_H_step_energy"": ""3.878490095934404e-05"", ""final_nonlinear_status"": ""{\""reason\"": \""Separate owner bounded nonlinear transfer stage\"", \""status\"": \""NOT_RUN\""}"", ""final_normalized_H_step_error"": ""11.596270254825805"", ""full_reference_H_energy"": ""5.768408738544566e-07"", ""k"": ""4"", ""mode"": ""replay"", ""noise_basis_points"": ""0"", ""object_id"": ""2001"", ""one_step_truth"": ""{\""constraints_violated\"": true, \""relative_material_error\"": 0.3687931598837584, \""scope\"": \""Offline unconstrained alpha1 diagnostic; not nonlinear accepted update\""}"", ""paired_attempt"": ""a17_closure_replay_remaining_v2_2001_7016d76662014c3d98910ea298dfe051"", ""phase"": ""late"", ""realization_index"": ""0"", ""receiver_H_step_error"": ""0.023937500390082574"", ""receiver_full_gap"": ""0.00028650196246260613"", ""receiver_half_H_step_energy"": ""0.00028650196246260174"", ""receiver_normalized_H_step_error"": ""31.517429158464676"", ""reference_relative_residual"": ""1.074028292892572e-12"", ""result_sha256"": ""6c1b359db25a1cd41e14f40ed9b4b73eed3227a33d7fd81086ba14723e6b594d"", ""selected_ids"": ""[0, 2, 4, 128]"", ""signed_full_gap_improvement"": ""0.0002477170615032613"", ""source_directory"": ""/Volumes/migodam's-external-brain/Research/Inv_SLAM/Gaussian/A17/CLOSURE_R1/remote_snapshots/noise_complete_v1/results/replay_remaining_v2/object_2001/late"", ""stop_reason"": ""ABSTAIN_UNRESOLVED""}",AUDITED_TERMINAL,
,,evaluation floor ONLY; not online acceptance tolerance,,True,,,improved,replay,,,"{""input"": ""frozen/cells.csv"", ""json_pointer"": null, ""row_index_zero_based"": 172, ""sha256"": ""96caff279881fc908cab7f1e1e6be34f8d5fcfc197a6a54c3d6b9317e1a51310""}",,,,FROZEN_MATERIAL_STEP_H_RISK,"{""evaluation_floor"": 1.820467525657628e-19, ""final_H_step_error"": 0.005020451832709283, ""final_full_gap"": 1.2602468302277157e-05, ""final_normalized_H_step_error"": 6.610202920203613, ""receiver_H_step_error"": 0.010706696299083798, ""receiver_full_gap"": 5.7316672820409987e-05, ""receiver_normalized_H_step_error"": 14.097025028869586, ""signed_full_gap_improvement"": 4.471420451813283e-05}",,,a17_closure_replay_remaining_v2_2001_7016d76662014c3d98910ea298dfe051,,,True,"{""k"": ""8"", ""mode"": ""replay"", ""noise_basis_points"": ""0"", ""object_id"": ""2001"", ""phase"": ""late"", ""realization_index"": ""0""}",,,"{""input"": ""frozen/coverage.csv"", ""json_pointer"": null, ""row_index_zero_based"": 7, ""sha256"": ""c994c28d687aaafee0d5d4b1e01ceea95a313df6bbb856ff3ad003434ab89da6""}","{""accepted_moves"": ""3"", ""classification_scope"": ""evaluation floor ONLY; not online acceptance tolerance"", ""endpoint_sha256"": ""bc435e8968dd14ab6cea7d777fc0cb3c2fbcec03b62a95fa41391d11890cbf99"", ""evaluation_classification"": ""improved"", ""evaluation_floor"": ""1.820467525657628e-19"", ""final_H_step_error"": ""0.005020451832709283"", ""final_full_gap"": ""1.2602468302277157e-05"", ""final_half_H_step_energy"": ""1.2602468302276998e-05"", ""final_nonlinear_status"": ""{\""reason\"": \""Separate owner bounded nonlinear transfer stage\"", \""status\"": \""NOT_RUN\""}"", ""final_normalized_H_step_error"": ""6.610202920203613"", ""full_reference_H_energy"": ""5.768408738544566e-07"", ""k"": ""8"", ""mode"": ""replay"", ""noise_basis_points"": ""0"", ""object_id"": ""2001"", ""one_step_truth"": ""{\""constraints_violated\"": true, \""relative_material_error\"": 0.36688235139182734, \""scope\"": \""Offline unconstrained alpha1 diagnostic; not nonlinear accepted update\""}"", ""paired_attempt"": ""a17_closure_replay_remaining_v2_2001_7016d76662014c3d98910ea298dfe051"", ""phase"": ""late"", ""realization_index"": ""0"", ""receiver_H_step_error"": ""0.010706696299083798"", ""receiver_full_gap"": ""5.7316672820409987e-05"", ""receiver_half_H_step_energy"": ""5.731667282040735e-05"", ""receiver_normalized_H_step_error"": ""14.097025028869586"", ""reference_relative_residual"": ""1.074028292892572e-12"", ""result_sha256"": ""6c1b359db25a1cd41e14f40ed9b4b73eed3227a33d7fd81086ba14723e6b594d"", ""selected_ids"": ""[0, 1, 4, 6, 7, 96, 98, 99]"", ""signed_full_gap_improvement"": ""4.471420451813283e-05"", ""source_directory"": ""/Volumes/migodam's-external-brain/Research/Inv_SLAM/Gaussian/A17/CLOSURE_R1/remote_snapshots/noise_complete_v1/results/replay_remaining_v2/object_2001/late"", ""stop_reason"": ""MOVE_BUDGET_EXHAUSTED""}",AUDITED_TERMINAL,
,,evaluation floor ONLY; not online acceptance tolerance,,True,,,improved,replay,,,"{""input"": ""frozen/cells.csv"", ""json_pointer"": null, ""row_index_zero_based"": 173, ""sha256"": ""96caff279881fc908cab7f1e1e6be34f8d5fcfc197a6a54c3d6b9317e1a51310""}",,,,FROZEN_MATERIAL_STEP_H_RISK,"{""evaluation_floor"": 1.820467525657628e-19, ""final_H_step_error"": 0.002055335732709745, ""final_full_gap"": 2.1122024870769628e-06, ""final_normalized_H_step_error"": 2.706168033291341, ""receiver_H_step_error"": 0.0026337836340336205, ""receiver_full_gap"": 3.468408115451801e-06, ""receiver_normalized_H_step_error"": 3.4677843447167014, ""signed_full_gap_improvement"": 1.3562056283748382e-06}",,,a17_closure_replay_remaining_v2_2001_7016d76662014c3d98910ea298dfe051,,,True,"{""k"": ""16"", ""mode"": ""replay"", ""noise_basis_points"": ""0"", ""object_id"": ""2001"", ""phase"": ""late"", ""realization_index"": ""0""}",,,"{""input"": ""frozen/coverage.csv"", ""json_pointer"": null, ""row_index_zero_based"": 8, ""sha256"": ""c994c28d687aaafee0d5d4b1e01ceea95a313df6bbb856ff3ad003434ab89da6""}","{""accepted_moves"": ""1"", ""classification_scope"": ""evaluation floor ONLY; not online acceptance tolerance"", ""endpoint_sha256"": ""02e9d1cd91de42326e359ecf52ca715f4cc474b6e6662d97f57daf509681774f"", ""evaluation_classification"": ""improved"", ""evaluation_floor"": ""1.820467525657628e-19"", ""final_H_step_error"": ""0.002055335732709745"", ""final_full_gap"": ""2.1122024870769628e-06"", ""final_half_H_step_energy"": ""2.1122024870767523e-06"", ""final_nonlinear_status"": ""{\""reason\"": \""Separate owner bounded nonlinear transfer stage\"", \""status\"": \""NOT_RUN\""}"", ""final_normalized_H_step_error"": ""2.706168033291341"", ""full_reference_H_energy"": ""5.768408738544566e-07"", ""k"": ""16"", ""mode"": ""replay"", ""noise_basis_points"": ""0"", ""object_id"": ""2001"", ""one_step_truth"": ""{\""constraints_violated\"": true, \""relative_material_error\"": 0.3408884832075046, \""scope\"": \""Offline unconstrained alpha1 diagnostic; not nonlinear accepted update\""}"", ""paired_attempt"": ""a17_closure_replay_remaining_v2_2001_7016d76662014c3d98910ea298dfe051"", ""phase"": ""late"", ""realization_index"": ""0"", ""receiver_H_step_error"": ""0.0026337836340336205"", ""receiver_full_gap"": ""3.468408115451801e-06"", ""receiver_half_H_step_energy"": ""3.468408115451672e-06"", ""receiver_normalized_H_step_error"": ""3.4677843447167014"", ""reference_relative_residual"": ""1.074028292892572e-12"", ""result_sha256"": ""6c1b359db25a1cd41e14f40ed9b4b73eed3227a33d7fd81086ba14723e6b594d"", ""selected_ids"": ""[0, 1, 2, 3, 4, 5, 6, 7, 8, 10, 11, 12, 13, 14, 15, 96]"", ""signed_full_gap_improvement"": ""1.3562056283748382e-06"", ""source_directory"": ""/Volumes/migodam's-external-brain/Research/Inv_SLAM/Gaussian/A17/CLOSURE_R1/remote_snapshots/noise_complete_v1/results/replay_remaining_v2/object_2001/late"", ""stop_reason"": ""ABSTAIN_UNRESOLVED""}",AUDITED_TERMINAL,
,,evaluation floor ONLY; not online acceptance tolerance,,True,,,improved,replay,,,"{""input"": ""frozen/cells.csv"", ""json_pointer"": null, ""row_index_zero_based"": 195, ""sha256"": ""96caff279881fc908cab7f1e1e6be34f8d5fcfc197a6a54c3d6b9317e1a51310""}",,,,FROZEN_MATERIAL_STEP_H_RISK,"{""evaluation_floor"": 7.923586935705523e-16, ""final_H_step_error"": 0.01704314500690983, ""final_full_gap"": 0.00014523439588079592, ""final_normalized_H_step_error"": 0.07212203153605279, ""receiver_H_step_error"": 0.01730230445163229, ""receiver_full_gap"": 0.00014968486970471037, ""receiver_normalized_H_step_error"": 0.07321872499477543, ""signed_full_gap_improvement"": 4.450473823914457e-06}",,,a17_closure_replay_2007_v2_e219059d9d3b4362886a47dcff3da659,,,True,"{""k"": ""4"", ""mode"": ""replay"", ""noise_basis_points"": ""0"", ""object_id"": ""2007"", ""phase"": ""early"", ""realization_index"": ""0""}",,,"{""input"": ""frozen/coverage.csv"", ""json_pointer"": null, ""row_index_zero_based"": 9, ""sha256"": ""c994c28d687aaafee0d5d4b1e01ceea95a313df6bbb856ff3ad003434ab89da6""}","{""accepted_moves"": ""1"", ""classification_scope"": ""evaluation floor ONLY; not online acceptance tolerance"", ""endpoint_sha256"": ""667abc097095764bf1257e21a2e1ba61cdb79a747a6c36cf6f413c08f8560950"", ""evaluation_classification"": ""improved"", ""evaluation_floor"": ""7.923586935705523e-16"", ""final_H_step_error"": ""0.01704314500690983"", ""final_full_gap"": ""0.00014523439588079592"", ""final_half_H_step_energy"": ""0.00014523439586327773"", ""final_nonlinear_status"": ""{\""reason\"": \""Separate owner bounded nonlinear transfer stage\"", \""status\"": \""NOT_RUN\""}"", ""final_normalized_H_step_error"": ""0.07212203153605279"", ""full_reference_H_energy"": ""0.055842335724291904"", ""k"": ""4"", ""mode"": ""replay"", ""noise_basis_points"": ""0"", ""object_id"": ""2007"", ""one_step_truth"": ""{\""constraints_violated\"": true, \""relative_material_error\"": 0.7381872934232935, \""scope\"": \""Offline unconstrained alpha1 diagnostic; not nonlinear accepted update\""}"", ""paired_attempt"": ""a17_closure_replay_2007_v2_e219059d9d3b4362886a47dcff3da659"", ""phase"": ""early"", ""realization_index"": ""0"", ""receiver_H_step_error"": ""0.01730230445163229"", ""receiver_full_gap"": ""0.00014968486970471037"", ""receiver_half_H_step_energy"": ""0.00014968486966848732"", ""receiver_normalized_H_step_error"": ""0.07321872499477543"", ""reference_relative_residual"": ""8.858313709531091e-12"", ""result_sha256"": ""9717c2b279c0d5633f9118f5cc7dcb2f4506fa011963b566896c6fc9f169333d"", ""selected_ids"": ""[0, 2, 3, 5]"", ""signed_full_gap_improvement"": ""4.450473823914457e-06"", ""source_directory"": ""/Volumes/migodam's-external-brain/Research/Inv_SLAM/Gaussian/A17/CLOSURE_R1/remote_snapshots/noise_complete_v1/results/replay_v2/object_2007/early"", ""stop_reason"": ""ABSTAIN_UNRESOLVED""}",AUDITED_TERMINAL,
,,evaluation floor ONLY; not online acceptance tolerance,,True,,,improved,replay,,,"{""input"": ""frozen/cells.csv"", ""json_pointer"": null, ""row_index_zero_based"": 196, ""sha256"": ""96caff279881fc908cab7f1e1e6be34f8d5fcfc197a6a54c3d6b9317e1a51310""}",,,,FROZEN_MATERIAL_STEP_H_RISK,"{""evaluation_floor"": 7.923586935705523e-16, ""final_H_step_error"": 0.01297664622413603, ""final_full_gap"": 8.419667362420273e-05, ""final_normalized_H_step_error"": 0.05491369625910563, ""receiver_H_step_error"": 0.014946945978114547, ""receiver_full_gap"": 0.00011170559705552777, ""receiver_normalized_H_step_error"": 0.06325147786774082, ""signed_full_gap_improvement"": 2.750892343132504e-05}",,,a17_closure_replay_2007_v2_e219059d9d3b4362886a47dcff3da659,,,True,"{""k"": ""8"", ""mode"": ""replay"", ""noise_basis_points"": ""0"", ""object_id"": ""2007"", ""phase"": ""early"", ""realization_index"": ""0""}",,,"{""input"": ""frozen/coverage.csv"", ""json_pointer"": null, ""row_index_zero_based"": 10, ""sha256"": ""c994c28d687aaafee0d5d4b1e01ceea95a313df6bbb856ff3ad003434ab89da6""}","{""accepted_moves"": ""2"", ""classification_scope"": ""evaluation floor ONLY; not online acceptance tolerance"", ""endpoint_sha256"": ""0b6c1b50688f37c7951958565ab0b760e2f86aa8d2914a02c413a1f04a592fb8"", ""evaluation_classification"": ""improved"", ""evaluation_floor"": ""7.923586935705523e-16"", ""final_H_step_error"": ""0.01297664622413603"", ""final_full_gap"": ""8.419667362420273e-05"", ""final_half_H_step_energy"": ""8.419667361319195e-05"", ""final_nonlinear_status"": ""{\""reason\"": \""Separate owner bounded nonlinear transfer stage\"", \""status\"": \""NOT_RUN\""}"", ""final_normalized_H_step_error"": ""0.05491369625910563"", ""full_reference_H_energy"": ""0.055842335724291904"", ""k"": ""8"", ""mode"": ""replay"", ""noise_basis_points"": ""0"", ""object_id"": ""2007"", ""one_step_truth"": ""{\""constraints_violated\"": false, \""relative_material_error\"": 0.7369503593557319, \""scope\"": \""Offline unconstrained alpha1 diagnostic; not nonlinear accepted update\""}"", ""paired_attempt"": ""a17_closure_replay_2007_v2_e219059d9d3b4362886a47dcff3da659"", ""phase"": ""early"", ""realization_index"": ""0"", ""receiver_H_step_error"": ""0.014946945978114547"", ""receiver_full_gap"": ""0.00011170559705552777"", ""receiver_half_H_step_energy"": ""0.00011170559703633732"", ""receiver_normalized_H_step_error"": ""0.06325147786774082"", ""reference_relative_residual"": ""8.858313709531091e-12"", ""result_sha256"": ""9717c2b279c0d5633f9118f5cc7dcb2f4506fa011963b566896c6fc9f169333d"", ""selected_ids"": ""[0, 1, 2, 3, 4, 6, 64, 33]"", ""signed_full_gap_improvement"": ""2.750892343132504e-05"", ""source_directory"": ""/Volumes/migodam's-external-brain/Research/Inv_SLAM/Gaussian/A17/CLOSURE_R1/remote_snapshots/noise_complete_v1/results/replay_v2/object_2007/early"", ""stop_reason"": ""ABSTAIN_UNRESOLVED""}",AUDITED_TERMINAL,
,,evaluation floor ONLY; not online acceptance tolerance,,True,,,improved,replay,,,"{""input"": ""frozen/cells.csv"", ""json_pointer"": null, ""row_index_zero_based"": 197, ""sha256"": ""96caff279881fc908cab7f1e1e6be34f8d5fcfc197a6a54c3d6b9317e1a51310""}",,,,FROZEN_MATERIAL_STEP_H_RISK,"{""evaluation_floor"": 7.923586935705523e-16, ""final_H_step_error"": 0.004556576357063261, ""final_full_gap"": 1.0381194046497643e-05, ""final_normalized_H_step_error"": 0.01928221250170155, ""receiver_H_step_error"": 0.006199871975239317, ""receiver_full_gap"": 1.9219206255082333e-05, ""receiver_normalized_H_step_error"": 0.026236200063803495, ""signed_full_gap_improvement"": 8.83801220858469e-06}",,,a17_closure_replay_2007_v2_e219059d9d3b4362886a47dcff3da659,,,True,"{""k"": ""16"", ""mode"": ""replay"", ""noise_basis_points"": ""0"", ""object_id"": ""2007"", ""phase"": ""early"", ""realization_index"": ""0""}",,,"{""input"": ""frozen/coverage.csv"", ""json_pointer"": null, ""row_index_zero_based"": 11, ""sha256"": ""c994c28d687aaafee0d5d4b1e01ceea95a313df6bbb856ff3ad003434ab89da6""}","{""accepted_moves"": ""3"", ""classification_scope"": ""evaluation floor ONLY; not online acceptance tolerance"", ""endpoint_sha256"": ""acc59671c602e71ef731e554f15fa137369f3cb6a938b85c0901ef5611d0e38d"", ""evaluation_classification"": ""improved"", ""evaluation_floor"": ""7.923586935705523e-16"", ""final_H_step_error"": ""0.004556576357063261"", ""final_full_gap"": ""1.0381194046497643e-05"", ""final_half_H_step_energy"": ""1.0381194048873949e-05"", ""final_nonlinear_status"": ""{\""reason\"": \""Separate owner bounded nonlinear transfer stage\"", \""status\"": \""NOT_RUN\""}"", ""final_normalized_H_step_error"": ""0.01928221250170155"", ""full_reference_H_energy"": ""0.055842335724291904"", ""k"": ""16"", ""mode"": ""replay"", ""noise_basis_points"": ""0"", ""object_id"": ""2007"", ""one_step_truth"": ""{\""constraints_violated\"": false, \""relative_material_error\"": 0.7281200346658939, \""scope\"": \""Offline unconstrained alpha1 diagnostic; not nonlinear accepted update\""}"", ""paired_attempt"": ""a17_closure_replay_2007_v2_e219059d9d3b4362886a47dcff3da659"", ""phase"": ""early"", ""realization_index"": ""0"", ""receiver_H_step_error"": ""0.006199871975239317"", ""receiver_full_gap"": ""1.9219206255082333e-05"", ""receiver_half_H_step_energy"": ""1.9219206254678938e-05"", ""receiver_normalized_H_step_error"": ""0.026236200063803495"", ""reference_relative_residual"": ""8.858313709531091e-12"", ""result_sha256"": ""9717c2b279c0d5633f9118f5cc7dcb2f4506fa011963b566896c6fc9f169333d"", ""selected_ids"": ""[0, 1, 2, 3, 4, 6, 9, 10, 11, 12, 13, 14, 15, 64, 32, 128]"", ""signed_full_gap_improvement"": ""8.83801220858469e-06"", ""source_directory"": ""/Volumes/migodam's-external-brain/Research/Inv_SLAM/Gaussian/A17/CLOSURE_R1/remote_snapshots/noise_complete_v1/results/replay_v2/object_2007/early"", ""stop_reason"": ""MOVE_BUDGET_EXHAUSTED""}",AUDITED_TERMINAL,
,,evaluation floor ONLY; not online acceptance tolerance,,True,,,improved,replay,,,"{""input"": ""frozen/cells.csv"", ""json_pointer"": null, ""row_index_zero_based"": 201, ""sha256"": ""96caff279881fc908cab7f1e1e6be34f8d5fcfc197a6a54c3d6b9317e1a51310""}",,,,FROZEN_MATERIAL_STEP_H_RISK,"{""evaluation_floor"": 1.213399455334563e-19, ""final_H_step_error"": 0.0041357627605334065, ""final_full_gap"": 8.552266805707531e-06, ""final_normalized_H_step_error"": 3.680817482161088, ""receiver_H_step_error"": 0.011407857905145799, ""receiver_full_gap"": 6.506961099199865e-05, ""receiver_normalized_H_step_error"": 10.15296216020248, ""signed_full_gap_improvement"": 5.651734418629112e-05}",,,a17_closure_replay_2007_v2_e219059d9d3b4362886a47dcff3da659,,,True,"{""k"": ""4"", ""mode"": ""replay"", ""noise_basis_points"": ""0"", ""object_id"": ""2007"", ""phase"": ""middle"", ""realization_index"": ""0""}",,,"{""input"": ""frozen/coverage.csv"", ""json_pointer"": null, ""row_index_zero_based"": 12, ""sha256"": ""c994c28d687aaafee0d5d4b1e01ceea95a313df6bbb856ff3ad003434ab89da6""}","{""accepted_moves"": ""2"", ""classification_scope"": ""evaluation floor ONLY; not online acceptance tolerance"", ""endpoint_sha256"": ""fe7edfab4ab95e4385c9c7058144b3005c110b2a949f0ba1ee0b2efa18f2905d"", ""evaluation_classification"": ""improved"", ""evaluation_floor"": ""1.213399455334563e-19"", ""final_H_step_error"": ""0.0041357627605334065"", ""final_full_gap"": ""8.552266805707531e-06"", ""final_half_H_step_energy"": ""8.552266805707451e-06"", ""final_nonlinear_status"": ""{\""reason\"": \""Separate owner bounded nonlinear transfer stage\"", \""status\"": \""NOT_RUN\""}"", ""final_normalized_H_step_error"": ""3.680817482161088"", ""full_reference_H_energy"": ""1.2624746629796522e-06"", ""k"": ""4"", ""mode"": ""replay"", ""noise_basis_points"": ""0"", ""object_id"": ""2007"", ""one_step_truth"": ""{\""constraints_violated\"": false, \""relative_material_error\"": 0.6870922668178869, \""scope\"": \""Offline unconstrained alpha1 diagnostic; not nonlinear accepted update\""}"", ""paired_attempt"": ""a17_closure_replay_2007_v2_e219059d9d3b4362886a47dcff3da659"", ""phase"": ""middle"", ""realization_index"": ""0"", ""receiver_H_step_error"": ""0.011407857905145799"", ""receiver_full_gap"": ""6.506961099199865e-05"", ""receiver_half_H_step_energy"": ""6.506961099199875e-05"", ""receiver_normalized_H_step_error"": ""10.15296216020248"", ""reference_relative_residual"": ""8.982510667500508e-13"", ""result_sha256"": ""cb7118a9b93d0aaaad64e1cc9ce16c47753c83be2c8f7704d8fd93b6c8bb4ff7"", ""selected_ids"": ""[1, 3, 4, 96]"", ""signed_full_gap_improvement"": ""5.651734418629112e-05"", ""source_directory"": ""/Volumes/migodam's-external-brain/Research/Inv_SLAM/Gaussian/A17/CLOSURE_R1/remote_snapshots/noise_complete_v1/results/replay_v2/object_2007/middle"", ""stop_reason"": ""ABSTAIN_UNRESOLVED""}",AUDITED_TERMINAL,
,,evaluation floor ONLY; not online acceptance tolerance,,True,,,improved,replay,,,"{""input"": ""frozen/cells.csv"", ""json_pointer"": null, ""row_index_zero_based"": 202, ""sha256"": ""96caff279881fc908cab7f1e1e6be34f8d5fcfc197a6a54c3d6b9317e1a51310""}",,,,FROZEN_MATERIAL_STEP_H_RISK,"{""evaluation_floor"": 1.213399455334563e-19, ""final_H_step_error"": 0.0026530794039833997, ""final_full_gap"": 3.519415161920574e-06, ""final_normalized_H_step_error"": 2.3612333727005463, ""receiver_H_step_error"": 0.00459544721545266, ""receiver_full_gap"": 1.0559067555006145e-05, ""receiver_normalized_H_step_error"": 4.089935382755138, ""signed_full_gap_improvement"": 7.039652393085571e-06}",,,a17_closure_replay_2007_v2_e219059d9d3b4362886a47dcff3da659,,,True,"{""k"": ""8"", ""mode"": ""replay"", ""noise_basis_points"": ""0"", ""object_id"": ""2007"", ""phase"": ""middle"", ""realization_index"": ""0""}",,,"{""input"": ""frozen/coverage.csv"", ""json_pointer"": null, ""row_index_zero_based"": 13, ""sha256"": ""c994c28d687aaafee0d5d4b1e01ceea95a313df6bbb856ff3ad003434ab89da6""}","{""accepted_moves"": ""3"", ""classification_scope"": ""evaluation floor ONLY; not online acceptance tolerance"", ""endpoint_sha256"": ""2636a29b6678a108e3bbd6ebbc8fa73b9f1a397a25984d9e89f970c4aaa2cac1"", ""evaluation_classification"": ""improved"", ""evaluation_floor"": ""1.213399455334563e-19"", ""final_H_step_error"": ""0.0026530794039833997"", ""final_full_gap"": ""3.519415161920574e-06"", ""final_half_H_step_energy"": ""3.5194151619204554e-06"", ""final_nonlinear_status"": ""{\""reason\"": \""Separate owner bounded nonlinear transfer stage\"", \""status\"": \""NOT_RUN\""}"", ""final_normalized_H_step_error"": ""2.3612333727005463"", ""full_reference_H_energy"": ""1.2624746629796522e-06"", ""k"": ""8"", ""mode"": ""replay"", ""noise_basis_points"": ""0"", ""object_id"": ""2007"", ""one_step_truth"": ""{\""constraints_violated\"": false, \""relative_material_error\"": 0.6868894830544607, \""scope\"": \""Offline unconstrained alpha1 diagnostic; not nonlinear accepted update\""}"", ""paired_attempt"": ""a17_closure_replay_2007_v2_e219059d9d3b4362886a47dcff3da659"", ""phase"": ""middle"", ""realization_index"": ""0"", ""receiver_H_step_error"": ""0.00459544721545266"", ""receiver_full_gap"": ""1.0559067555006145e-05"", ""receiver_half_H_step_energy"": ""1.0559067555005804e-05"", ""receiver_normalized_H_step_error"": ""4.089935382755138"", ""reference_relative_residual"": ""8.982510667500508e-13"", ""result_sha256"": ""cb7118a9b93d0aaaad64e1cc9ce16c47753c83be2c8f7704d8fd93b6c8bb4ff7"", ""selected_ids"": ""[1, 3, 4, 5, 6, 7, 96, 34]"", ""signed_full_gap_improvement"": ""7.039652393085571e-06"", ""source_directory"": ""/Volumes/migodam's-external-brain/Research/Inv_SLAM/Gaussian/A17/CLOSURE_R1/remote_snapshots/noise_complete_v1/results/replay_v2/object_2007/middle"", ""stop_reason"": ""MOVE_BUDGET_EXHAUSTED""}",AUDITED_TERMINAL,
,,evaluation floor ONLY; not online acceptance tolerance,,True,,,improved,replay,,,"{""input"": ""frozen/cells.csv"", ""json_pointer"": null, ""row_index_zero_based"": 203, ""sha256"": ""96caff279881fc908cab7f1e1e6be34f8d5fcfc197a6a54c3d6b9317e1a51310""}",,,,FROZEN_MATERIAL_STEP_H_RISK,"{""evaluation_floor"": 1.213399455334563e-19, ""final_H_step_error"": 0.0012353169035301788, ""final_full_gap"": 7.63003926073703e-07, ""final_normalized_H_step_error"": 1.0994286466123464, ""receiver_H_step_error"": 0.0018049925188482494, ""receiver_full_gap"": 1.6289989965491702e-06, ""receiver_normalized_H_step_error"": 1.6064383774493218, ""signed_full_gap_improvement"": 8.659950704754672e-07}",,,a17_closure_replay_2007_v2_e219059d9d3b4362886a47dcff3da659,,,True,"{""k"": ""16"", ""mode"": ""replay"", ""noise_basis_points"": ""0"", ""object_id"": ""2007"", ""phase"": ""middle"", ""realization_index"": ""0""}",,,"{""input"": ""frozen/coverage.csv"", ""json_pointer"": null, ""row_index_zero_based"": 14, ""sha256"": ""c994c28d687aaafee0d5d4b1e01ceea95a313df6bbb856ff3ad003434ab89da6""}","{""accepted_moves"": ""1"", ""classification_scope"": ""evaluation floor ONLY; not online acceptance tolerance"", ""endpoint_sha256"": ""6372fcfcf3de28a2a73e5dd42cbaf995e25875985d1f535ba497a4d5af49f87b"", ""evaluation_classification"": ""improved"", ""evaluation_floor"": ""1.213399455334563e-19"", ""final_H_step_error"": ""0.0012353169035301788"", ""final_full_gap"": ""7.63003926073703e-07"", ""final_half_H_step_energy"": ""7.630039260736946e-07"", ""final_nonlinear_status"": ""{\""reason\"": \""Separate owner bounded nonlinear transfer stage\"", \""status\"": \""NOT_RUN\""}"", ""final_normalized_H_step_error"": ""1.0994286466123464"", ""full_reference_H_energy"": ""1.2624746629796522e-06"", ""k"": ""16"", ""mode"": ""replay"", ""noise_basis_points"": ""0"", ""object_id"": ""2007"", ""one_step_truth"": ""{\""constraints_violated\"": false, \""relative_material_error\"": 0.688336310720448, \""scope\"": \""Offline unconstrained alpha1 diagnostic; not nonlinear accepted update\""}"", ""paired_attempt"": ""a17_closure_replay_2007_v2_e219059d9d3b4362886a47dcff3da659"", ""phase"": ""middle"", ""realization_index"": ""0"", ""receiver_H_step_error"": ""0.0018049925188482494"", ""receiver_full_gap"": ""1.6289989965491702e-06"", ""receiver_half_H_step_energy"": ""1.628998996549074e-06"", ""receiver_normalized_H_step_error"": ""1.6064383774493218"", ""reference_relative_residual"": ""8.982510667500508e-13"", ""result_sha256"": ""cb7118a9b93d0aaaad64e1cc9ce16c47753c83be2c8f7704d8fd93b6c8bb4ff7"", ""selected_ids"": ""[1, 2, 3, 4, 5, 6, 7, 8, 9, 10, 11, 12, 13, 14, 15, 17]"", ""signed_full_gap_improvement"": ""8.659950704754672e-07"", ""source_directory"": ""/Volumes/migodam's-external-brain/Research/Inv_SLAM/Gaussian/A17/CLOSURE_R1/remote_snapshots/noise_complete_v1/results/replay_v2/object_2007/middle"", ""stop_reason"": ""ABSTAIN_UNRESOLVED""}",AUDITED_TERMINAL,
,,evaluation floor ONLY; not online acceptance tolerance,,True,,,improved,replay,,,"{""input"": ""frozen/cells.csv"", ""json_pointer"": null, ""row_index_zero_based"": 198, ""sha256"": ""96caff279881fc908cab7f1e1e6be34f8d5fcfc197a6a54c3d6b9317e1a51310""}",,,,FROZEN_MATERIAL_STEP_H_RISK,"{""evaluation_floor"": 8.874192326995242e-20, ""final_H_step_error"": 0.008390641453254823, ""final_full_gap"": 3.5201431998538996e-05, ""final_normalized_H_step_error"": 13.505873614816027, ""receiver_H_step_error"": 0.01130432167606247, ""receiver_full_gap"": 6.389384427794856e-05, ""receiver_normalized_H_step_error"": 18.195836481476725, ""signed_full_gap_improvement"": 2.8692412279409562e-05}",,,a17_closure_replay_2007_v2_e219059d9d3b4362886a47dcff3da659,,,True,"{""k"": ""4"", ""mode"": ""replay"", ""noise_basis_points"": ""0"", ""object_id"": ""2007"", ""phase"": ""late"", ""realization_index"": ""0""}",,,"{""input"": ""frozen/coverage.csv"", ""json_pointer"": null, ""row_index_zero_based"": 15, ""sha256"": ""c994c28d687aaafee0d5d4b1e01ceea95a313df6bbb856ff3ad003434ab89da6""}","{""accepted_moves"": ""3"", ""classification_scope"": ""evaluation floor ONLY; not online acceptance tolerance"", ""endpoint_sha256"": ""d187801e81bb893f3e73516c157d5faf0bb25d220c6d1095078c78573872a801"", ""evaluation_classification"": ""improved"", ""evaluation_floor"": ""8.874192326995242e-20"", ""final_H_step_error"": ""0.008390641453254823"", ""final_full_gap"": ""3.5201431998538996e-05"", ""final_half_H_step_energy"": ""3.520143199853911e-05"", ""final_nonlinear_status"": ""{\""reason\"": \""Separate owner bounded nonlinear transfer stage\"", \""status\"": \""NOT_RUN\""}"", ""final_normalized_H_step_error"": ""13.505873614816027"", ""full_reference_H_energy"": ""3.859623694691353e-07"", ""k"": ""4"", ""mode"": ""replay"", ""noise_basis_points"": ""0"", ""object_id"": ""2007"", ""one_step_truth"": ""{\""constraints_violated\"": true, \""relative_material_error\"": 0.6962828289020484, \""scope\"": \""Offline unconstrained alpha1 diagnostic; not nonlinear accepted update\""}"", ""paired_attempt"": ""a17_closure_replay_2007_v2_e219059d9d3b4362886a47dcff3da659"", ""phase"": ""late"", ""realization_index"": ""0"", ""receiver_H_step_error"": ""0.01130432167606247"", ""receiver_full_gap"": ""6.389384427794856e-05"", ""receiver_half_H_step_energy"": ""6.389384427794792e-05"", ""receiver_normalized_H_step_error"": ""18.195836481476725"", ""reference_relative_residual"": ""1.180537498024881e-12"", ""result_sha256"": ""81b20630a8044161b64d1b85b393df0a78a8465c82cd48b9ebac5108e4d49928"", ""selected_ids"": ""[0, 3, 33, 97]"", ""signed_full_gap_improvement"": ""2.8692412279409562e-05"", ""source_directory"": ""/Volumes/migodam's-external-brain/Research/Inv_SLAM/Gaussian/A17/CLOSURE_R1/remote_snapshots/noise_complete_v1/results/replay_v2/object_2007/late"", ""stop_reason"": ""MOVE_BUDGET_EXHAUSTED""}",AUDITED_TERMINAL,
,,evaluation floor ONLY; not online acceptance tolerance,,True,,,improved,replay,,,"{""input"": ""frozen/cells.csv"", ""json_pointer"": null, ""row_index_zero_based"": 199, ""sha256"": ""96caff279881fc908cab7f1e1e6be34f8d5fcfc197a6a54c3d6b9317e1a51310""}",,,,FROZEN_MATERIAL_STEP_H_RISK,"{""evaluation_floor"": 8.874192326995242e-20, ""final_H_step_error"": 0.004104196025155789, ""final_full_gap"": 8.422212506452619e-06, ""final_normalized_H_step_error"": 6.606259260986795, ""receiver_H_step_error"": 0.007830421730247915, ""receiver_full_gap"": 3.065775223676982e-05, ""receiver_normalized_H_step_error"": 12.604124110012254, ""signed_full_gap_improvement"": 2.22355397303172e-05}",,,a17_closure_replay_2007_v2_e219059d9d3b4362886a47dcff3da659,,,True,"{""k"": ""8"", ""mode"": ""replay"", ""noise_basis_points"": ""0"", ""object_id"": ""2007"", ""phase"": ""late"", ""realization_index"": ""0""}",,,"{""input"": ""frozen/coverage.csv"", ""json_pointer"": null, ""row_index_zero_based"": 16, ""sha256"": ""c994c28d687aaafee0d5d4b1e01ceea95a313df6bbb856ff3ad003434ab89da6""}","{""accepted_moves"": ""3"", ""classification_scope"": ""evaluation floor ONLY; not online acceptance tolerance"", ""endpoint_sha256"": ""2f84762889f8b5d4bb55360a90bf4bdec23f3e2acf1be33ce4b2fdcb971a3a36"", ""evaluation_classification"": ""improved"", ""evaluation_floor"": ""8.874192326995242e-20"", ""final_H_step_error"": ""0.004104196025155789"", ""final_full_gap"": ""8.422212506452619e-06"", ""final_half_H_step_energy"": ""8.422212506452288e-06"", ""final_nonlinear_status"": ""{\""reason\"": \""Separate owner bounded nonlinear transfer stage\"", \""status\"": \""NOT_RUN\""}"", ""final_normalized_H_step_error"": ""6.606259260986795"", ""full_reference_H_energy"": ""3.859623694691353e-07"", ""k"": ""8"", ""mode"": ""replay"", ""noise_basis_points"": ""0"", ""object_id"": ""2007"", ""one_step_truth"": ""{\""constraints_violated\"": true, \""relative_material_error\"": 0.6949180472461189, \""scope\"": \""Offline unconstrained alpha1 diagnostic; not nonlinear accepted update\""}"", ""paired_attempt"": ""a17_closure_replay_2007_v2_e219059d9d3b4362886a47dcff3da659"", ""phase"": ""late"", ""realization_index"": ""0"", ""receiver_H_step_error"": ""0.007830421730247915"", ""receiver_full_gap"": ""3.065775223676982e-05"", ""receiver_half_H_step_energy"": ""3.065775223676938e-05"", ""receiver_normalized_H_step_error"": ""12.604124110012254"", ""reference_relative_residual"": ""1.180537498024881e-12"", ""result_sha256"": ""81b20630a8044161b64d1b85b393df0a78a8465c82cd48b9ebac5108e4d49928"", ""selected_ids"": ""[2, 3, 5, 6, 7, 33, 96, 32]"", ""signed_full_gap_improvement"": ""2.22355397303172e-05"", ""source_directory"": ""/Volumes/migodam's-external-brain/Research/Inv_SLAM/Gaussian/A17/CLOSURE_R1/remote_snapshots/noise_complete_v1/results/replay_v2/object_2007/late"", ""stop_reason"": ""MOVE_BUDGET_EXHAUSTED""}",AUDITED_TERMINAL,
,,evaluation floor ONLY; not online acceptance tolerance,,True,,,improved,replay,,,"{""input"": ""frozen/cells.csv"", ""json_pointer"": null, ""row_index_zero_based"": 200, ""sha256"": ""96caff279881fc908cab7f1e1e6be34f8d5fcfc197a6a54c3d6b9317e1a51310""}",,,,FROZEN_MATERIAL_STEP_H_RISK,"{""evaluation_floor"": 8.874192326995242e-20, ""final_H_step_error"": 0.0018001320577184037, ""final_full_gap"": 1.6202377126127614e-06, ""final_normalized_H_step_error"": 2.8975563068652437, ""receiver_H_step_error"": 0.002544102016467484, ""receiver_full_gap"": 3.236227535097006e-06, ""receiver_normalized_H_step_error"": 4.095076698132499, ""signed_full_gap_improvement"": 1.6159898224842447e-06}",,,a17_closure_replay_2007_v2_e219059d9d3b4362886a47dcff3da659,,,True,"{""k"": ""16"", ""mode"": ""replay"", ""noise_basis_points"": ""0"", ""object_id"": ""2007"", ""phase"": ""late"", ""realization_index"": ""0""}",,,"{""input"": ""frozen/coverage.csv"", ""json_pointer"": null, ""row_index_zero_based"": 17, ""sha256"": ""c994c28d687aaafee0d5d4b1e01ceea95a313df6bbb856ff3ad003434ab89da6""}","{""accepted_moves"": ""3"", ""classification_scope"": ""evaluation floor ONLY; not online acceptance tolerance"", ""endpoint_sha256"": ""16b194238a407722ccabfdb914c054b043bfb86db602d8172045557ce740133c"", ""evaluation_classification"": ""improved"", ""evaluation_floor"": ""8.874192326995242e-20"", ""final_H_step_error"": ""0.0018001320577184037"", ""final_full_gap"": ""1.6202377126127614e-06"", ""final_half_H_step_energy"": ""1.620237712612747e-06"", ""final_nonlinear_status"": ""{\""reason\"": \""Separate owner bounded nonlinear transfer stage\"", \""status\"": \""NOT_RUN\""}"", ""final_normalized_H_step_error"": ""2.8975563068652437"", ""full_reference_H_energy"": ""3.859623694691353e-07"", ""k"": ""16"", ""mode"": ""replay"", ""noise_basis_points"": ""0"", ""object_id"": ""2007"", ""one_step_truth"": ""{\""constraints_violated\"": false, \""relative_material_error\"": 0.7074340915961121, \""scope\"": \""Offline unconstrained alpha1 diagnostic; not nonlinear accepted update\""}"", ""paired_attempt"": ""a17_closure_replay_2007_v2_e219059d9d3b4362886a47dcff3da659"", ""phase"": ""late"", ""realization_index"": ""0"", ""receiver_H_step_error"": ""0.002544102016467484"", ""receiver_full_gap"": ""3.236227535097006e-06"", ""receiver_half_H_step_energy"": ""3.2362275350969587e-06"", ""receiver_normalized_H_step_error"": ""4.095076698132499"", ""reference_relative_residual"": ""1.180537498024881e-12"", ""result_sha256"": ""81b20630a8044161b64d1b85b393df0a78a8465c82cd48b9ebac5108e4d49928"", ""selected_ids"": ""[0, 1, 3, 4, 5, 6, 7, 9, 11, 12, 13, 14, 15, 96, 16, 64]"", ""signed_full_gap_improvement"": ""1.6159898224842447e-06"", ""source_directory"": ""/Volumes/migodam's-external-brain/Research/Inv_SLAM/Gaussian/A17/CLOSURE_R1/remote_snapshots/noise_complete_v1/results/replay_v2/object_2007/late"", ""stop_reason"": ""MOVE_BUDGET_EXHAUSTED""}",AUDITED_TERMINAL,
,,evaluation floor ONLY; not online acceptance tolerance,,True,,,improved,replay,,,"{""input"": ""frozen/cells.csv"", ""json_pointer"": null, ""row_index_zero_based"": 177, ""sha256"": ""96caff279881fc908cab7f1e1e6be34f8d5fcfc197a6a54c3d6b9317e1a51310""}",,,,FROZEN_MATERIAL_STEP_H_RISK,"{""evaluation_floor"": 3.812233327639918e-15, ""final_H_step_error"": 0.026399952587978413, ""final_full_gap"": 0.00034847874832019904, ""final_normalized_H_step_error"": 0.05089824387008684, ""receiver_H_step_error"": 0.06986095937917634, ""receiver_full_gap"": 0.0024402768227154716, ""receiver_normalized_H_step_error"": 0.13468964141620207, ""signed_full_gap_improvement"": 0.0020917980743952727}",,,a17_closure_replay_remaining_v2_2012_779a36662bac440aa852f9ff678d7168,,,True,"{""k"": ""4"", ""mode"": ""replay"", ""noise_basis_points"": ""0"", ""object_id"": ""2012"", ""phase"": ""early"", ""realization_index"": ""0""}",,,"{""input"": ""frozen/coverage.csv"", ""json_pointer"": null, ""row_index_zero_based"": 18, ""sha256"": ""c994c28d687aaafee0d5d4b1e01ceea95a313df6bbb856ff3ad003434ab89da6""}","{""accepted_moves"": ""2"", ""classification_scope"": ""evaluation floor ONLY; not online acceptance tolerance"", ""endpoint_sha256"": ""9add3ec546579b13aebcc0ff259cc5df64326f22144d3bff9bc3fcf1ddc1bfaf"", ""evaluation_classification"": ""improved"", ""evaluation_floor"": ""3.812233327639918e-15"", ""final_H_step_error"": ""0.026399952587978413"", ""final_full_gap"": ""0.00034847874832019904"", ""final_half_H_step_energy"": ""0.00034847874832375403"", ""final_nonlinear_status"": ""{\""reason\"": \""Separate owner bounded nonlinear transfer stage\"", \""status\"": \""NOT_RUN\""}"", ""final_normalized_H_step_error"": ""0.05089824387008684"", ""full_reference_H_energy"": ""0.26902999115806625"", ""k"": ""4"", ""mode"": ""replay"", ""noise_basis_points"": ""0"", ""object_id"": ""2012"", ""one_step_truth"": ""{\""constraints_violated\"": true, \""relative_material_error\"": 0.7646412043856714, \""scope\"": \""Offline unconstrained alpha1 diagnostic; not nonlinear accepted update\""}"", ""paired_attempt"": ""a17_closure_replay_remaining_v2_2012_779a36662bac440aa852f9ff678d7168"", ""phase"": ""early"", ""realization_index"": ""0"", ""receiver_H_step_error"": ""0.06986095937917634"", ""receiver_full_gap"": ""0.0024402768227154716"", ""receiver_half_H_step_energy"": ""0.0024402768226894638"", ""receiver_normalized_H_step_error"": ""0.13468964141620207"", ""reference_relative_residual"": ""9.188723633843212e-13"", ""result_sha256"": ""c78dcef04cf32971c29d3f6e12e6a1e0fbf2adf095595f9866a3831a5c0c3516"", ""selected_ids"": ""[2, 3, 4, 96]"", ""signed_full_gap_improvement"": ""0.0020917980743952727"", ""source_directory"": ""/Volumes/migodam's-external-brain/Research/Inv_SLAM/Gaussian/A17/CLOSURE_R1/remote_snapshots/noise_complete_v1/results/replay_remaining_v2/object_2012/early"", ""stop_reason"": ""ABSTAIN_UNRESOLVED""}",AUDITED_TERMINAL,
,,evaluation floor ONLY; not online acceptance tolerance,,True,,,improved,replay,,,"{""input"": ""frozen/cells.csv"", ""json_pointer"": null, ""row_index_zero_based"": 178, ""sha256"": ""96caff279881fc908cab7f1e1e6be34f8d5fcfc197a6a54c3d6b9317e1a51310""}",,,,FROZEN_MATERIAL_STEP_H_RISK,"{""evaluation_floor"": 3.812233327639918e-15, ""final_H_step_error"": 0.02480607119328578, ""final_full_gap"": 0.0003076705840233036, ""final_normalized_H_step_error"": 0.04782529274804575, ""receiver_H_step_error"": 0.02496857024899743, ""receiver_full_gap"": 0.00031171475014024744, ""receiver_normalized_H_step_error"": 0.04813858560486841, ""signed_full_gap_improvement"": 4.0441661169438536e-06}",,,a17_closure_replay_remaining_v2_2012_779a36662bac440aa852f9ff678d7168,,,True,"{""k"": ""8"", ""mode"": ""replay"", ""noise_basis_points"": ""0"", ""object_id"": ""2012"", ""phase"": ""early"", ""realization_index"": ""0""}",,,"{""input"": ""frozen/coverage.csv"", ""json_pointer"": null, ""row_index_zero_based"": 19, ""sha256"": ""c994c28d687aaafee0d5d4b1e01ceea95a313df6bbb856ff3ad003434ab89da6""}","{""accepted_moves"": ""1"", ""classification_scope"": ""evaluation floor ONLY; not online acceptance tolerance"", ""endpoint_sha256"": ""0873de32f6f33cb070481ac1d972e0f7161ec6235f54cc47120601423668a978"", ""evaluation_classification"": ""improved"", ""evaluation_floor"": ""3.812233327639918e-15"", ""final_H_step_error"": ""0.02480607119328578"", ""final_full_gap"": ""0.0003076705840233036"", ""final_half_H_step_energy"": ""0.00030767058402318123"", ""final_nonlinear_status"": ""{\""reason\"": \""Separate owner bounded nonlinear transfer stage\"", \""status\"": \""NOT_RUN\""}"", ""final_normalized_H_step_error"": ""0.04782529274804575"", ""full_reference_H_energy"": ""0.26902999115806625"", ""k"": ""8"", ""mode"": ""replay"", ""noise_basis_points"": ""0"", ""object_id"": ""2012"", ""one_step_truth"": ""{\""constraints_violated\"": true, \""relative_material_error\"": 0.7670937009367893, \""scope\"": \""Offline unconstrained alpha1 diagnostic; not nonlinear accepted update\""}"", ""paired_attempt"": ""a17_closure_replay_remaining_v2_2012_779a36662bac440aa852f9ff678d7168"", ""phase"": ""early"", ""realization_index"": ""0"", ""receiver_H_step_error"": ""0.02496857024899743"", ""receiver_full_gap"": ""0.00031171475014024744"", ""receiver_half_H_step_energy"": ""0.0003117147501395598"", ""receiver_normalized_H_step_error"": ""0.04813858560486841"", ""reference_relative_residual"": ""9.188723633843212e-13"", ""result_sha256"": ""c78dcef04cf32971c29d3f6e12e6a1e0fbf2adf095595f9866a3831a5c0c3516"", ""selected_ids"": ""[0, 1, 2, 3, 5, 6, 7, 9]"", ""signed_full_gap_improvement"": ""4.0441661169438536e-06"", ""source_directory"": ""/Volumes/migodam's-external-brain/Research/Inv_SLAM/Gaussian/A17/CLOSURE_R1/remote_snapshots/noise_complete_v1/results/replay_remaining_v2/object_2012/early"", ""stop_reason"": ""ABSTAIN_UNRESOLVED""}",AUDITED_TERMINAL,
,,evaluation floor ONLY; not online acceptance tolerance,,True,,,improved,replay,,,"{""input"": ""frozen/cells.csv"", ""json_pointer"": null, ""row_index_zero_based"": 179, ""sha256"": ""96caff279881fc908cab7f1e1e6be34f8d5fcfc197a6a54c3d6b9317e1a51310""}",,,,FROZEN_MATERIAL_STEP_H_RISK,"{""evaluation_floor"": 3.812233327639918e-15, ""final_H_step_error"": 0.01019867328423947, ""final_full_gap"": 5.200646837907292e-05, ""final_normalized_H_step_error"": 0.01966270803868553, ""receiver_H_step_error"": 0.01453327143503977, ""receiver_full_gap"": 0.00010560798930447643, ""receiver_normalized_H_step_error"": 0.028019671295457634, ""signed_full_gap_improvement"": 5.3601520925403505e-05}",,,a17_closure_replay_remaining_v2_2012_779a36662bac440aa852f9ff678d7168,,,True,"{""k"": ""16"", ""mode"": ""replay"", ""noise_basis_points"": ""0"", ""object_id"": ""2012"", ""phase"": ""early"", ""realization_index"": ""0""}",,,"{""input"": ""frozen/coverage.csv"", ""json_pointer"": null, ""row_index_zero_based"": 20, ""sha256"": ""c994c28d687aaafee0d5d4b1e01ceea95a313df6bbb856ff3ad003434ab89da6""}","{""accepted_moves"": ""3"", ""classification_scope"": ""evaluation floor ONLY; not online acceptance tolerance"", ""endpoint_sha256"": ""af985e8a2bba64f59bba86e78267987953326b64629ba5fb2766707ecb83a7b1"", ""evaluation_classification"": ""improved"", ""evaluation_floor"": ""3.812233327639918e-15"", ""final_H_step_error"": ""0.01019867328423947"", ""final_full_gap"": ""5.200646837907292e-05"", ""final_half_H_step_energy"": ""5.200646837932995e-05"", ""final_nonlinear_status"": ""{\""reason\"": \""Separate owner bounded nonlinear transfer stage\"", \""status\"": \""NOT_RUN\""}"", ""final_normalized_H_step_error"": ""0.01966270803868553"", ""full_reference_H_energy"": ""0.26902999115806625"", ""k"": ""16"", ""mode"": ""replay"", ""noise_basis_points"": ""0"", ""object_id"": ""2012"", ""one_step_truth"": ""{\""constraints_violated\"": true, \""relative_material_error\"": 0.7534724554352488, \""scope\"": \""Offline unconstrained alpha1 diagnostic; not nonlinear accepted update\""}"", ""paired_attempt"": ""a17_closure_replay_remaining_v2_2012_779a36662bac440aa852f9ff678d7168"", ""phase"": ""early"", ""realization_index"": ""0"", ""receiver_H_step_error"": ""0.01453327143503977"", ""receiver_full_gap"": ""0.00010560798930447643"", ""receiver_half_H_step_energy"": ""0.00010560798930227147"", ""receiver_normalized_H_step_error"": ""0.028019671295457634"", ""reference_relative_residual"": ""9.188723633843212e-13"", ""result_sha256"": ""c78dcef04cf32971c29d3f6e12e6a1e0fbf2adf095595f9866a3831a5c0c3516"", ""selected_ids"": ""[0, 2, 4, 5, 7, 8, 9, 10, 11, 12, 13, 14, 15, 17, 16, 128]"", ""signed_full_gap_improvement"": ""5.3601520925403505e-05"", ""source_directory"": ""/Volumes/migodam's-external-brain/Research/Inv_SLAM/Gaussian/A17/CLOSURE_R1/remote_snapshots/noise_complete_v1/results/replay_remaining_v2/object_2012/early"", ""stop_reason"": ""MOVE_BUDGET_EXHAUSTED""}",AUDITED_TERMINAL,
,,evaluation floor ONLY; not online acceptance tolerance,,True,,,improved,replay,,,"{""input"": ""frozen/cells.csv"", ""json_pointer"": null, ""row_index_zero_based"": 183, ""sha256"": ""96caff279881fc908cab7f1e1e6be34f8d5fcfc197a6a54c3d6b9317e1a51310""}",,,,FROZEN_MATERIAL_STEP_H_RISK,"{""evaluation_floor"": 1.6314396210534872e-18, ""final_H_step_error"": 0.008693665935737383, ""final_full_gap"": 3.7789913701292124e-05, ""final_normalized_H_step_error"": 0.7638582793608412, ""receiver_H_step_error"": 0.015349573971965397, ""receiver_full_gap"": 0.00011780471056040618, ""receiver_normalized_H_step_error"": 1.34867146377795, ""signed_full_gap_improvement"": 8.001479685911406e-05}",,,a17_closure_replay_remaining_v2_2012_779a36662bac440aa852f9ff678d7168,,,True,"{""k"": ""4"", ""mode"": ""replay"", ""noise_basis_points"": ""0"", ""object_id"": ""2012"", ""phase"": ""middle"", ""realization_index"": ""0""}",,,"{""input"": ""frozen/coverage.csv"", ""json_pointer"": null, ""row_index_zero_based"": 21, ""sha256"": ""c994c28d687aaafee0d5d4b1e01ceea95a313df6bbb856ff3ad003434ab89da6""}","{""accepted_moves"": ""2"", ""classification_scope"": ""evaluation floor ONLY; not online acceptance tolerance"", ""endpoint_sha256"": ""47b8c24b59e37749267b01046d629dce132217f13bc4f39fb6a3c5d4beda7d80"", ""evaluation_classification"": ""improved"", ""evaluation_floor"": ""1.6314396210534872e-18"", ""final_H_step_error"": ""0.008693665935737383"", ""final_full_gap"": ""3.7789913701292124e-05"", ""final_half_H_step_energy"": ""3.778991370110028e-05"", ""final_nonlinear_status"": ""{\""reason\"": \""Separate owner bounded nonlinear transfer stage\"", \""status\"": \""NOT_RUN\""}"", ""final_normalized_H_step_error"": ""0.7638582793608412"", ""full_reference_H_energy"": ""0.00012953296759419785"", ""k"": ""4"", ""mode"": ""replay"", ""noise_basis_points"": ""0"", ""object_id"": ""2012"", ""one_step_truth"": ""{\""constraints_violated\"": true, \""relative_material_error\"": 0.6845588235788241, \""scope\"": \""Offline unconstrained alpha1 diagnostic; not nonlinear accepted update\""}"", ""paired_attempt"": ""a17_closure_replay_remaining_v2_2012_779a36662bac440aa852f9ff678d7168"", ""phase"": ""middle"", ""realization_index"": ""0"", ""receiver_H_step_error"": ""0.015349573971965397"", ""receiver_full_gap"": ""0.00011780471056040618"", ""receiver_half_H_step_energy"": ""0.00011780471056041878"", ""receiver_normalized_H_step_error"": ""1.34867146377795"", ""reference_relative_residual"": ""8.580123863841074e-12"", ""result_sha256"": ""12dc2c697a55f0cec7531295697378381539c3efedec2acc6d1bab119b945ec2"", ""selected_ids"": ""[0, 3, 5, 32]"", ""signed_full_gap_improvement"": ""8.001479685911406e-05"", ""source_directory"": ""/Volumes/migodam's-external-brain/Research/Inv_SLAM/Gaussian/A17/CLOSURE_R1/remote_snapshots/noise_complete_v1/results/replay_remaining_v2/object_2012/middle"", ""stop_reason"": ""ABSTAIN_UNRESOLVED""}",AUDITED_TERMINAL,
,,evaluation floor ONLY; not online acceptance tolerance,,True,,,improved,replay,,,"{""input"": ""frozen/cells.csv"", ""json_pointer"": null, ""row_index_zero_based"": 184, ""sha256"": ""96caff279881fc908cab7f1e1e6be34f8d5fcfc197a6a54c3d6b9317e1a51310""}",,,,FROZEN_MATERIAL_STEP_H_RISK,"{""evaluation_floor"": 1.6314396210534872e-18, ""final_H_step_error"": 0.007964063630699026, ""final_full_gap"": 3.171315475677181e-05, ""final_normalized_H_step_error"": 0.6997526689700236, ""receiver_H_step_error"": 0.01307061766949099, ""receiver_full_gap"": 8.54205231306445e-05, ""receiver_normalized_H_step_error"": 1.1484337674120622, ""signed_full_gap_improvement"": 5.3707368373872685e-05}",,,a17_closure_replay_remaining_v2_2012_779a36662bac440aa852f9ff678d7168,,,True,"{""k"": ""8"", ""mode"": ""replay"", ""noise_basis_points"": ""0"", ""object_id"": ""2012"", ""phase"": ""middle"", ""realization_index"": ""0""}",,,"{""input"": ""frozen/coverage.csv"", ""json_pointer"": null, ""row_index_zero_based"": 22, ""sha256"": ""c994c28d687aaafee0d5d4b1e01ceea95a313df6bbb856ff3ad003434ab89da6""}","{""accepted_moves"": ""3"", ""classification_scope"": ""evaluation floor ONLY; not online acceptance tolerance"", ""endpoint_sha256"": ""c0f1971d4085cbca45a1447a052fbc6f68f795527976f358331a9c90aa09aefe"", ""evaluation_classification"": ""improved"", ""evaluation_floor"": ""1.6314396210534872e-18"", ""final_H_step_error"": ""0.007964063630699026"", ""final_full_gap"": ""3.171315475677181e-05"", ""final_half_H_step_energy"": ""3.171315475691148e-05"", ""final_nonlinear_status"": ""{\""reason\"": \""Separate owner bounded nonlinear transfer stage\"", \""status\"": \""NOT_RUN\""}"", ""final_normalized_H_step_error"": ""0.6997526689700236"", ""full_reference_H_energy"": ""0.00012953296759419785"", ""k"": ""8"", ""mode"": ""replay"", ""noise_basis_points"": ""0"", ""object_id"": ""2012"", ""one_step_truth"": ""{\""constraints_violated\"": true, \""relative_material_error\"": 0.680488735867824, \""scope\"": \""Offline unconstrained alpha1 diagnostic; not nonlinear accepted update\""}"", ""paired_attempt"": ""a17_closure_replay_remaining_v2_2012_779a36662bac440aa852f9ff678d7168"", ""phase"": ""middle"", ""realization_index"": ""0"", ""receiver_H_step_error"": ""0.01307061766949099"", ""receiver_full_gap"": ""8.54205231306445e-05"", ""receiver_half_H_step_energy"": ""8.542052313100505e-05"", ""receiver_normalized_H_step_error"": ""1.1484337674120622"", ""reference_relative_residual"": ""8.580123863841074e-12"", ""result_sha256"": ""12dc2c697a55f0cec7531295697378381539c3efedec2acc6d1bab119b945ec2"", ""selected_ids"": ""[0, 3, 4, 5, 6, 7, 65, 129]"", ""signed_full_gap_improvement"": ""5.3707368373872685e-05"", ""source_directory"": ""/Volumes/migodam's-external-brain/Research/Inv_SLAM/Gaussian/A17/CLOSURE_R1/remote_snapshots/noise_complete_v1/results/replay_remaining_v2/object_2012/middle"", ""stop_reason"": ""MOVE_BUDGET_EXHAUSTED""}",AUDITED_TERMINAL,
,,evaluation floor ONLY; not online acceptance tolerance,,True,,,improved,replay,,,"{""input"": ""frozen/cells.csv"", ""json_pointer"": null, ""row_index_zero_based"": 185, ""sha256"": ""96caff279881fc908cab7f1e1e6be34f8d5fcfc197a6a54c3d6b9317e1a51310""}",,,,FROZEN_MATERIAL_STEP_H_RISK,"{""evaluation_floor"": 1.6314396210534872e-18, ""final_H_step_error"": 0.004587706887879229, ""final_full_gap"": 1.0523527244607657e-05, ""final_normalized_H_step_error"": 0.40309323080632875, ""receiver_H_step_error"": 0.00577330631423366, ""receiver_full_gap"": 1.6665532899026715e-05, ""receiver_normalized_H_step_error"": 0.5072644681785273, ""signed_full_gap_improvement"": 6.142005654419058e-06}",,,a17_closure_replay_remaining_v2_2012_779a36662bac440aa852f9ff678d7168,,,True,"{""k"": ""16"", ""mode"": ""replay"", ""noise_basis_points"": ""0"", ""object_id"": ""2012"", ""phase"": ""middle"", ""realization_index"": ""0""}",,,"{""input"": ""frozen/coverage.csv"", ""json_pointer"": null, ""row_index_zero_based"": 23, ""sha256"": ""c994c28d687aaafee0d5d4b1e01ceea95a313df6bbb856ff3ad003434ab89da6""}","{""accepted_moves"": ""1"", ""classification_scope"": ""evaluation floor ONLY; not online acceptance tolerance"", ""endpoint_sha256"": ""5ce01705b0b7b47bdecd55ceb21098dba1f5c1a225e8a4b325f826e11b09e664"", ""evaluation_classification"": ""improved"", ""evaluation_floor"": ""1.6314396210534872e-18"", ""final_H_step_error"": ""0.004587706887879229"", ""final_full_gap"": ""1.0523527244607657e-05"", ""final_half_H_step_energy"": ""1.052352724454726e-05"", ""final_nonlinear_status"": ""{\""reason\"": \""Separate owner bounded nonlinear transfer stage\"", \""status\"": \""NOT_RUN\""}"", ""final_normalized_H_step_error"": ""0.40309323080632875"", ""full_reference_H_energy"": ""0.00012953296759419785"", ""k"": ""16"", ""mode"": ""replay"", ""noise_basis_points"": ""0"", ""object_id"": ""2012"", ""one_step_truth"": ""{\""constraints_violated\"": true, \""relative_material_error\"": 0.6691357461373183, \""scope\"": \""Offline unconstrained alpha1 diagnostic; not nonlinear accepted update\""}"", ""paired_attempt"": ""a17_closure_replay_remaining_v2_2012_779a36662bac440aa852f9ff678d7168"", ""phase"": ""middle"", ""realization_index"": ""0"", ""receiver_H_step_error"": ""0.00577330631423366"", ""receiver_full_gap"": ""1.6665532899026715e-05"", ""receiver_half_H_step_energy"": ""1.6665532898985123e-05"", ""receiver_normalized_H_step_error"": ""0.5072644681785273"", ""reference_relative_residual"": ""8.580123863841074e-12"", ""result_sha256"": ""12dc2c697a55f0cec7531295697378381539c3efedec2acc6d1bab119b945ec2"", ""selected_ids"": ""[0, 1, 2, 3, 4, 5, 6, 7, 8, 9, 10, 11, 13, 14, 15, 97]"", ""signed_full_gap_improvement"": ""6.142005654419058e-06"", ""source_directory"": ""/Volumes/migodam's-external-brain/Research/Inv_SLAM/Gaussian/A17/CLOSURE_R1/remote_snapshots/noise_complete_v1/results/replay_remaining_v2/object_2012/middle"", ""stop_reason"": ""ABSTAIN_UNRESOLVED""}",AUDITED_TERMINAL,
,,evaluation floor ONLY; not online acceptance tolerance,,True,,,improved,replay,,,"{""input"": ""frozen/cells.csv"", ""json_pointer"": null, ""row_index_zero_based"": 180, ""sha256"": ""96caff279881fc908cab7f1e1e6be34f8d5fcfc197a6a54c3d6b9317e1a51310""}",,,,FROZEN_MATERIAL_STEP_H_RISK,"{""evaluation_floor"": 1.092264853824229e-18, ""final_H_step_error"": 0.013857318766833495, ""final_full_gap"": 9.601264170280389e-05, ""final_normalized_H_step_error"": 1.5513030784159907, ""receiver_H_step_error"": 0.021515253176966162, ""receiver_full_gap"": 0.00023145305963441235, ""receiver_normalized_H_step_error"": 2.408595706567113, ""signed_full_gap_improvement"": 0.00013544041793160845}",,,a17_closure_replay_remaining_v2_2012_779a36662bac440aa852f9ff678d7168,,,True,"{""k"": ""4"", ""mode"": ""replay"", ""noise_basis_points"": ""0"", ""object_id"": ""2012"", ""phase"": ""late"", ""realization_index"": ""0""}",,,"{""input"": ""frozen/coverage.csv"", ""json_pointer"": null, ""row_index_zero_based"": 24, ""sha256"": ""c994c28d687aaafee0d5d4b1e01ceea95a313df6bbb856ff3ad003434ab89da6""}","{""accepted_moves"": ""2"", ""classification_scope"": ""evaluation floor ONLY; not online acceptance tolerance"", ""endpoint_sha256"": ""afc911eb1cbb425310a5e2dd656e372e9374277dd807efc72270dca010fe3a4a"", ""evaluation_classification"": ""improved"", ""evaluation_floor"": ""1.092264853824229e-18"", ""final_H_step_error"": ""0.013857318766833495"", ""final_full_gap"": ""9.601264170280389e-05"", ""final_half_H_step_energy"": ""9.601264170281788e-05"", ""final_nonlinear_status"": ""{\""reason\"": \""Separate owner bounded nonlinear transfer stage\"", \""status\"": \""NOT_RUN\""}"", ""final_normalized_H_step_error"": ""1.5513030784159907"", ""full_reference_H_energy"": ""7.979305740782968e-05"", ""k"": ""4"", ""mode"": ""replay"", ""noise_basis_points"": ""0"", ""object_id"": ""2012"", ""one_step_truth"": ""{\""constraints_violated\"": true, \""relative_material_error\"": 0.6868332921316348, \""scope\"": \""Offline unconstrained alpha1 diagnostic; not nonlinear accepted update\""}"", ""paired_attempt"": ""a17_closure_replay_remaining_v2_2012_779a36662bac440aa852f9ff678d7168"", ""phase"": ""late"", ""realization_index"": ""0"", ""receiver_H_step_error"": ""0.021515253176966162"", ""receiver_full_gap"": ""0.00023145305963441235"", ""receiver_half_H_step_energy"": ""0.00023145305963447624"", ""receiver_normalized_H_step_error"": ""2.408595706567113"", ""reference_relative_residual"": ""8.145365559492244e-12"", ""result_sha256"": ""e8ac6ff4a75a1609d09b758025072e8cff3d93030e25cc1a28df2d3be6ea3409"", ""selected_ids"": ""[0, 3, 4, 96]"", ""signed_full_gap_improvement"": ""0.00013544041793160845"", ""source_directory"": ""/Volumes/migodam's-external-brain/Research/Inv_SLAM/Gaussian/A17/CLOSURE_R1/remote_snapshots/noise_complete_v1/results/replay_remaining_v2/object_2012/late"", ""stop_reason"": ""ABSTAIN_UNRESOLVED""}",AUDITED_TERMINAL,
,,evaluation floor ONLY; not online acceptance tolerance,,True,,,improved,replay,,,"{""input"": ""frozen/cells.csv"", ""json_pointer"": null, ""row_index_zero_based"": 181, ""sha256"": ""96caff279881fc908cab7f1e1e6be34f8d5fcfc197a6a54c3d6b9317e1a51310""}",,,,FROZEN_MATERIAL_STEP_H_RISK,"{""evaluation_floor"": 1.092264853824229e-18, ""final_H_step_error"": 0.010806324482931767, ""final_full_gap"": 5.838832441526029e-05, ""final_normalized_H_step_error"": 1.2097494990775057, ""receiver_H_step_error"": 0.01710018720859635, ""receiver_full_gap"": 0.00014620820128459882, ""receiver_normalized_H_step_error"": 1.9143366407704443, ""signed_full_gap_improvement"": 8.781987686933853e-05}",,,a17_closure_replay_remaining_v2_2012_779a36662bac440aa852f9ff678d7168,,,True,"{""k"": ""8"", ""mode"": ""replay"", ""noise_basis_points"": ""0"", ""object_id"": ""2012"", ""phase"": ""late"", ""realization_index"": ""0""}",,,"{""input"": ""frozen/coverage.csv"", ""json_pointer"": null, ""row_index_zero_based"": 25, ""sha256"": ""c994c28d687aaafee0d5d4b1e01ceea95a313df6bbb856ff3ad003434ab89da6""}","{""accepted_moves"": ""2"", ""classification_scope"": ""evaluation floor ONLY; not online acceptance tolerance"", ""endpoint_sha256"": ""3050a977a7c8cf942c8391b901d901b2b97d56edbfef4f22e0f91e71481abeef"", ""evaluation_classification"": ""improved"", ""evaluation_floor"": ""1.092264853824229e-18"", ""final_H_step_error"": ""0.010806324482931767"", ""final_full_gap"": ""5.838832441526029e-05"", ""final_half_H_step_energy"": ""5.8388324415205255e-05"", ""final_nonlinear_status"": ""{\""reason\"": \""Separate owner bounded nonlinear transfer stage\"", \""status\"": \""NOT_RUN\""}"", ""final_normalized_H_step_error"": ""1.2097494990775057"", ""full_reference_H_energy"": ""7.979305740782968e-05"", ""k"": ""8"", ""mode"": ""replay"", ""noise_basis_points"": ""0"", ""object_id"": ""2012"", ""one_step_truth"": ""{\""constraints_violated\"": true, \""relative_material_error\"": 0.647479802496566, \""scope\"": \""Offline unconstrained alpha1 diagnostic; not nonlinear accepted update\""}"", ""paired_attempt"": ""a17_closure_replay_remaining_v2_2012_779a36662bac440aa852f9ff678d7168"", ""phase"": ""late"", ""realization_index"": ""0"", ""receiver_H_step_error"": ""0.01710018720859635"", ""receiver_full_gap"": ""0.00014620820128459882"", ""receiver_half_H_step_energy"": ""0.0001462082012845211"", ""receiver_normalized_H_step_error"": ""1.9143366407704443"", ""reference_relative_residual"": ""8.145365559492244e-12"", ""result_sha256"": ""e8ac6ff4a75a1609d09b758025072e8cff3d93030e25cc1a28df2d3be6ea3409"", ""selected_ids"": ""[0, 2, 3, 4, 6, 7, 9, 8]"", ""signed_full_gap_improvement"": ""8.781987686933853e-05"", ""source_directory"": ""/Volumes/migodam's-external-brain/Research/Inv_SLAM/Gaussian/A17/CLOSURE_R1/remote_snapshots/noise_complete_v1/results/replay_remaining_v2/object_2012/late"", ""stop_reason"": ""ABSTAIN_UNRESOLVED""}",AUDITED_TERMINAL,
,,evaluation floor ONLY; not online acceptance tolerance,,True,,,improved,replay,,,"{""input"": ""frozen/cells.csv"", ""json_pointer"": null, ""row_index_zero_based"": 182, ""sha256"": ""96caff279881fc908cab7f1e1e6be34f8d5fcfc197a6a54c3d6b9317e1a51310""}",,,,FROZEN_MATERIAL_STEP_H_RISK,"{""evaluation_floor"": 1.092264853824229e-18, ""final_H_step_error"": 0.007641537920309318, ""final_full_gap"": 2.9196550893800558e-05, ""final_normalized_H_step_error"": 0.8554570692261835, ""receiver_H_step_error"": 0.009496137403124234, ""receiver_full_gap"": 4.508831278957633e-05, ""receiver_normalized_H_step_error"": 1.0630763017291902, ""signed_full_gap_improvement"": 1.5891761895775772e-05}",,,a17_closure_replay_remaining_v2_2012_779a36662bac440aa852f9ff678d7168,,,True,"{""k"": ""16"", ""mode"": ""replay"", ""noise_basis_points"": ""0"", ""object_id"": ""2012"", ""phase"": ""late"", ""realization_index"": ""0""}",,,"{""input"": ""frozen/coverage.csv"", ""json_pointer"": null, ""row_index_zero_based"": 26, ""sha256"": ""c994c28d687aaafee0d5d4b1e01ceea95a313df6bbb856ff3ad003434ab89da6""}","{""accepted_moves"": ""1"", ""classification_scope"": ""evaluation floor ONLY; not online acceptance tolerance"", ""endpoint_sha256"": ""964945fba316e6547b5e3531c3d267f0bd43275b5a3549f946a9d5a8f53c6553"", ""evaluation_classification"": ""improved"", ""evaluation_floor"": ""1.092264853824229e-18"", ""final_H_step_error"": ""0.007641537920309318"", ""final_full_gap"": ""2.9196550893800558e-05"", ""final_half_H_step_energy"": ""2.9196550893762624e-05"", ""final_nonlinear_status"": ""{\""reason\"": \""Separate owner bounded nonlinear transfer stage\"", \""status\"": \""NOT_RUN\""}"", ""final_normalized_H_step_error"": ""0.8554570692261835"", ""full_reference_H_energy"": ""7.979305740782968e-05"", ""k"": ""16"", ""mode"": ""replay"", ""noise_basis_points"": ""0"", ""object_id"": ""2012"", ""one_step_truth"": ""{\""constraints_violated\"": true, \""relative_material_error\"": 0.7182186792886677, \""scope\"": \""Offline unconstrained alpha1 diagnostic; not nonlinear accepted update\""}"", ""paired_attempt"": ""a17_closure_replay_remaining_v2_2012_779a36662bac440aa852f9ff678d7168"", ""phase"": ""late"", ""realization_index"": ""0"", ""receiver_H_step_error"": ""0.009496137403124234"", ""receiver_full_gap"": ""4.508831278957633e-05"", ""receiver_half_H_step_energy"": ""4.5088312789507524e-05"", ""receiver_normalized_H_step_error"": ""1.0630763017291902"", ""reference_relative_residual"": ""8.145365559492244e-12"", ""result_sha256"": ""e8ac6ff4a75a1609d09b758025072e8cff3d93030e25cc1a28df2d3be6ea3409"", ""selected_ids"": ""[0, 1, 2, 3, 4, 5, 6, 7, 8, 9, 10, 11, 12, 14, 15, 97]"", ""signed_full_gap_improvement"": ""1.5891761895775772e-05"", ""source_directory"": ""/Volumes/migodam's-external-brain/Research/Inv_SLAM/Gaussian/A17/CLOSURE_R1/remote_snapshots/noise_complete_v1/results/replay_remaining_v2/object_2012/late"", ""stop_reason"": ""ABSTAIN_UNRESOLVED""}",AUDITED_TERMINAL,
,,evaluation floor ONLY; not online acceptance tolerance,,True,,,improved,replay,,,"{""input"": ""frozen/cells.csv"", ""json_pointer"": null, ""row_index_zero_based"": 186, ""sha256"": ""96caff279881fc908cab7f1e1e6be34f8d5fcfc197a6a54c3d6b9317e1a51310""}",,,,FROZEN_MATERIAL_STEP_H_RISK,"{""evaluation_floor"": 6.847644058182508e-16, ""final_H_step_error"": 0.014076003725893876, ""final_full_gap"": 9.906694044456614e-05, ""final_normalized_H_step_error"": 0.06408514404151264, ""receiver_H_step_error"": 0.018555822602952635, ""receiver_full_gap"": 0.00017215927623219826, ""receiver_normalized_H_step_error"": 0.08448083614324704, ""signed_full_gap_improvement"": 7.309233578763213e-05}",,,a17_closure_replay_remaining_v2_2014_ae31117d083b4246a36e7125d4593113,,,True,"{""k"": ""4"", ""mode"": ""replay"", ""noise_basis_points"": ""0"", ""object_id"": ""2014"", ""phase"": ""early"", ""realization_index"": ""0""}",,,"{""input"": ""frozen/coverage.csv"", ""json_pointer"": null, ""row_index_zero_based"": 27, ""sha256"": ""c994c28d687aaafee0d5d4b1e01ceea95a313df6bbb856ff3ad003434ab89da6""}","{""accepted_moves"": ""3"", ""classification_scope"": ""evaluation floor ONLY; not online acceptance tolerance"", ""endpoint_sha256"": ""1b8a72585513c08a478d193ad54d77ae856b290da4d09b229fb9f955610cdfdb"", ""evaluation_classification"": ""improved"", ""evaluation_floor"": ""6.847644058182508e-16"", ""final_H_step_error"": ""0.014076003725893876"", ""final_full_gap"": ""9.906694044456614e-05"", ""final_half_H_step_energy"": ""9.906694044568915e-05"", ""final_nonlinear_status"": ""{\""reason\"": \""Separate owner bounded nonlinear transfer stage\"", \""status\"": \""NOT_RUN\""}"", ""final_normalized_H_step_error"": ""0.06408514404151264"", ""full_reference_H_energy"": ""0.04824407863252537"", ""k"": ""4"", ""mode"": ""replay"", ""noise_basis_points"": ""0"", ""object_id"": ""2014"", ""one_step_truth"": ""{\""constraints_violated\"": true, \""relative_material_error\"": 0.8213550489961058, \""scope\"": \""Offline unconstrained alpha1 diagnostic; not nonlinear accepted update\""}"", ""paired_attempt"": ""a17_closure_replay_remaining_v2_2014_ae31117d083b4246a36e7125d4593113"", ""phase"": ""early"", ""realization_index"": ""0"", ""receiver_H_step_error"": ""0.018555822602952635"", ""receiver_full_gap"": ""0.00017215927623219826"", ""receiver_half_H_step_energy"": ""0.00017215927623612394"", ""receiver_normalized_H_step_error"": ""0.08448083614324704"", ""reference_relative_residual"": ""2.785161046065373e-12"", ""result_sha256"": ""d9def02d276190726e622c4664b0bacd62567dd4213433f79ffe5b4670a9b0fe"", ""selected_ids"": ""[2, 5, 4, 129]"", ""signed_full_gap_improvement"": ""7.309233578763213e-05"", ""source_directory"": ""/Volumes/migodam's-external-brain/Research/Inv_SLAM/Gaussian/A17/CLOSURE_R1/remote_snapshots/noise_complete_v1/results/replay_remaining_v2/object_2014/early"", ""stop_reason"": ""MOVE_BUDGET_EXHAUSTED""}",AUDITED_TERMINAL,
,,evaluation floor ONLY; not online acceptance tolerance,,True,,,improved,replay,,,"{""input"": ""frozen/cells.csv"", ""json_pointer"": null, ""row_index_zero_based"": 187, ""sha256"": ""96caff279881fc908cab7f1e1e6be34f8d5fcfc197a6a54c3d6b9317e1a51310""}",,,,FROZEN_MATERIAL_STEP_H_RISK,"{""evaluation_floor"": 6.847644058182508e-16, ""final_H_step_error"": 0.013200289638114183, ""final_full_gap"": 8.712382326372817e-05, ""final_normalized_H_step_error"": 0.060098198275698005, ""receiver_H_step_error"": 0.014805770267557236, ""receiver_full_gap"": 0.00010960541660527047, ""receiver_normalized_H_step_error"": 0.0674076207081777, ""signed_full_gap_improvement"": 2.2481593341542298e-05}",,,a17_closure_replay_remaining_v2_2014_ae31117d083b4246a36e7125d4593113,,,True,"{""k"": ""8"", ""mode"": ""replay"", ""noise_basis_points"": ""0"", ""object_id"": ""2014"", ""phase"": ""early"", ""realization_index"": ""0""}",,,"{""input"": ""frozen/coverage.csv"", ""json_pointer"": null, ""row_index_zero_based"": 28, ""sha256"": ""c994c28d687aaafee0d5d4b1e01ceea95a313df6bbb856ff3ad003434ab89da6""}","{""accepted_moves"": ""2"", ""classification_scope"": ""evaluation floor ONLY; not online acceptance tolerance"", ""endpoint_sha256"": ""71232a3ec0bf4046fa6deab671d4effe10069aff376d956383fa3cfc1baa090a"", ""evaluation_classification"": ""improved"", ""evaluation_floor"": ""6.847644058182508e-16"", ""final_H_step_error"": ""0.013200289638114183"", ""final_full_gap"": ""8.712382326372817e-05"", ""final_half_H_step_energy"": ""8.712382326505233e-05"", ""final_nonlinear_status"": ""{\""reason\"": \""Separate owner bounded nonlinear transfer stage\"", \""status\"": \""NOT_RUN\""}"", ""final_normalized_H_step_error"": ""0.060098198275698005"", ""full_reference_H_energy"": ""0.04824407863252537"", ""k"": ""8"", ""mode"": ""replay"", ""noise_basis_points"": ""0"", ""object_id"": ""2014"", ""one_step_truth"": ""{\""constraints_violated\"": true, \""relative_material_error\"": 0.8204035785338675, \""scope\"": \""Offline unconstrained alpha1 diagnostic; not nonlinear accepted update\""}"", ""paired_attempt"": ""a17_closure_replay_remaining_v2_2014_ae31117d083b4246a36e7125d4593113"", ""phase"": ""early"", ""realization_index"": ""0"", ""receiver_H_step_error"": ""0.014805770267557236"", ""receiver_full_gap"": ""0.00010960541660527047"", ""receiver_half_H_step_energy"": ""0.00010960541660784094"", ""receiver_normalized_H_step_error"": ""0.0674076207081777"", ""reference_relative_residual"": ""2.785161046065373e-12"", ""result_sha256"": ""d9def02d276190726e622c4664b0bacd62567dd4213433f79ffe5b4670a9b0fe"", ""selected_ids"": ""[0, 2, 3, 5, 6, 7, 129, 130]"", ""signed_full_gap_improvement"": ""2.2481593341542298e-05"", ""source_directory"": ""/Volumes/migodam's-external-brain/Research/Inv_SLAM/Gaussian/A17/CLOSURE_R1/remote_snapshots/noise_complete_v1/results/replay_remaining_v2/object_2014/early"", ""stop_reason"": ""ABSTAIN_UNRESOLVED""}",AUDITED_TERMINAL,
,,evaluation floor ONLY; not online acceptance tolerance,,True,,,improved,replay,,,"{""input"": ""frozen/cells.csv"", ""json_pointer"": null, ""row_index_zero_based"": 188, ""sha256"": ""96caff279881fc908cab7f1e1e6be34f8d5fcfc197a6a54c3d6b9317e1a51310""}",,,,FROZEN_MATERIAL_STEP_H_RISK,"{""evaluation_floor"": 6.847644058182508e-16, ""final_H_step_error"": 0.003986257379784695, ""final_full_gap"": 7.945123948279032e-06, ""final_normalized_H_step_error"": 0.018148608322695103, ""receiver_H_step_error"": 0.006074975147310487, ""receiver_full_gap"": 1.8452661519246796e-05, ""receiver_normalized_H_step_error"": 0.027658109854562365, ""signed_full_gap_improvement"": 1.0507537570967764e-05}",,,a17_closure_replay_remaining_v2_2014_ae31117d083b4246a36e7125d4593113,,,True,"{""k"": ""16"", ""mode"": ""replay"", ""noise_basis_points"": ""0"", ""object_id"": ""2014"", ""phase"": ""early"", ""realization_index"": ""0""}",,,"{""input"": ""frozen/coverage.csv"", ""json_pointer"": null, ""row_index_zero_based"": 29, ""sha256"": ""c994c28d687aaafee0d5d4b1e01ceea95a313df6bbb856ff3ad003434ab89da6""}","{""accepted_moves"": ""1"", ""classification_scope"": ""evaluation floor ONLY; not online acceptance tolerance"", ""endpoint_sha256"": ""dd1ccc5689ee4f370e1d63db0e8b30e617dea965ab4f3954ccca3b3971610740"", ""evaluation_classification"": ""improved"", ""evaluation_floor"": ""6.847644058182508e-16"", ""final_H_step_error"": ""0.003986257379784695"", ""final_full_gap"": ""7.945123948279032e-06"", ""final_half_H_step_energy"": ""7.945123948943971e-06"", ""final_nonlinear_status"": ""{\""reason\"": \""Separate owner bounded nonlinear transfer stage\"", \""status\"": \""NOT_RUN\""}"", ""final_normalized_H_step_error"": ""0.018148608322695103"", ""full_reference_H_energy"": ""0.04824407863252537"", ""k"": ""16"", ""mode"": ""replay"", ""noise_basis_points"": ""0"", ""object_id"": ""2014"", ""one_step_truth"": ""{\""constraints_violated\"": false, \""relative_material_error\"": 0.8150854307232711, \""scope\"": \""Offline unconstrained alpha1 diagnostic; not nonlinear accepted update\""}"", ""paired_attempt"": ""a17_closure_replay_remaining_v2_2014_ae31117d083b4246a36e7125d4593113"", ""phase"": ""early"", ""realization_index"": ""0"", ""receiver_H_step_error"": ""0.006074975147310487"", ""receiver_full_gap"": ""1.8452661519246796e-05"", ""receiver_half_H_step_energy"": ""1.8452661520220037e-05"", ""receiver_normalized_H_step_error"": ""0.027658109854562365"", ""reference_relative_residual"": ""2.785161046065373e-12"", ""result_sha256"": ""d9def02d276190726e622c4664b0bacd62567dd4213433f79ffe5b4670a9b0fe"", ""selected_ids"": ""[1, 2, 3, 4, 5, 6, 7, 8, 9, 10, 11, 12, 13, 14, 15, 17]"", ""signed_full_gap_improvement"": ""1.0507537570967764e-05"", ""source_directory"": ""/Volumes/migodam's-external-brain/Research/Inv_SLAM/Gaussian/A17/CLOSURE_R1/remote_snapshots/noise_complete_v1/results/replay_remaining_v2/object_2014/early"", ""stop_reason"": ""ABSTAIN_UNRESOLVED""}",AUDITED_TERMINAL,
,,evaluation floor ONLY; not online acceptance tolerance,,True,,,improved,replay,,,"{""input"": ""frozen/cells.csv"", ""json_pointer"": null, ""row_index_zero_based"": 192, ""sha256"": ""96caff279881fc908cab7f1e1e6be34f8d5fcfc197a6a54c3d6b9317e1a51310""}",,,,FROZEN_MATERIAL_STEP_H_RISK,"{""evaluation_floor"": 2.603619526932429e-19, ""final_H_step_error"": 0.004883183393264783, ""final_full_gap"": 1.1922740026128284e-05, ""final_normalized_H_step_error"": 1.3852265540324549, ""receiver_H_step_error"": 0.01607693551039925, ""receiver_full_gap"": 0.00012923392770278295, ""receiver_normalized_H_step_error"": 4.5605901279867815, ""signed_full_gap_improvement"": 0.00011731118767665467}",,,a17_closure_replay_remaining_v2_2014_ae31117d083b4246a36e7125d4593113,,,True,"{""k"": ""4"", ""mode"": ""replay"", ""noise_basis_points"": ""0"", ""object_id"": ""2014"", ""phase"": ""middle"", ""realization_index"": ""0""}",,,"{""input"": ""frozen/coverage.csv"", ""json_pointer"": null, ""row_index_zero_based"": 30, ""sha256"": ""c994c28d687aaafee0d5d4b1e01ceea95a313df6bbb856ff3ad003434ab89da6""}","{""accepted_moves"": ""3"", ""classification_scope"": ""evaluation floor ONLY; not online acceptance tolerance"", ""endpoint_sha256"": ""cb4642f28335db829e3007ddefc6ba38da6d3511499c1f2639925a5a1adda5cb"", ""evaluation_classification"": ""improved"", ""evaluation_floor"": ""2.603619526932429e-19"", ""final_H_step_error"": ""0.004883183393264783"", ""final_full_gap"": ""1.1922740026128284e-05"", ""final_half_H_step_energy"": ""1.1922740026128477e-05"", ""final_nonlinear_status"": ""{\""reason\"": \""Separate owner bounded nonlinear transfer stage\"", \""status\"": \""NOT_RUN\""}"", ""final_normalized_H_step_error"": ""1.3852265540324549"", ""full_reference_H_energy"": ""1.2426947217174033e-05"", ""k"": ""4"", ""mode"": ""replay"", ""noise_basis_points"": ""0"", ""object_id"": ""2014"", ""one_step_truth"": ""{\""constraints_violated\"": true, \""relative_material_error\"": 0.806946801036623, \""scope\"": \""Offline unconstrained alpha1 diagnostic; not nonlinear accepted update\""}"", ""paired_attempt"": ""a17_closure_replay_remaining_v2_2014_ae31117d083b4246a36e7125d4593113"", ""phase"": ""middle"", ""realization_index"": ""0"", ""receiver_H_step_error"": ""0.01607693551039925"", ""receiver_full_gap"": ""0.00012923392770278295"", ""receiver_half_H_step_energy"": ""0.00012923392770276823"", ""receiver_normalized_H_step_error"": ""4.5605901279867815"", ""reference_relative_residual"": ""2.9473063871209483e-12"", ""result_sha256"": ""98f3e7a2788876357066de1c6722522c136b257676107ab77a3013b0d0d7ed6a"", ""selected_ids"": ""[3, 4, 33, 129]"", ""signed_full_gap_improvement"": ""0.00011731118767665467"", ""source_directory"": ""/Volumes/migodam's-external-brain/Research/Inv_SLAM/Gaussian/A17/CLOSURE_R1/remote_snapshots/noise_complete_v1/results/replay_remaining_v2/object_2014/middle"", ""stop_reason"": ""MOVE_BUDGET_EXHAUSTED""}",AUDITED_TERMINAL,
,,evaluation floor ONLY; not online acceptance tolerance,,True,,,improved,replay,,,"{""input"": ""frozen/cells.csv"", ""json_pointer"": null, ""row_index_zero_based"": 193, ""sha256"": ""96caff279881fc908cab7f1e1e6be34f8d5fcfc197a6a54c3d6b9317e1a51310""}",,,,FROZEN_MATERIAL_STEP_H_RISK,"{""evaluation_floor"": 2.603619526932429e-19, ""final_H_step_error"": 0.0054787952390807585, ""final_full_gap"": 1.5008598635886461e-05, ""final_normalized_H_step_error"": 1.5541854642913955, ""receiver_H_step_error"": 0.009373694689566274, ""receiver_full_gap"": 4.3933076066599486e-05, ""receiver_normalized_H_step_error"": 2.6590626948989007, ""signed_full_gap_improvement"": 2.8924477430713022e-05}",,,a17_closure_replay_remaining_v2_2014_ae31117d083b4246a36e7125d4593113,,,True,"{""k"": ""8"", ""mode"": ""replay"", ""noise_basis_points"": ""0"", ""object_id"": ""2014"", ""phase"": ""middle"", ""realization_index"": ""0""}",,,"{""input"": ""frozen/coverage.csv"", ""json_pointer"": null, ""row_index_zero_based"": 31, ""sha256"": ""c994c28d687aaafee0d5d4b1e01ceea95a313df6bbb856ff3ad003434ab89da6""}","{""accepted_moves"": ""3"", ""classification_scope"": ""evaluation floor ONLY; not online acceptance tolerance"", ""endpoint_sha256"": ""f461a1000abe6513a819cbbf71a1389b34ab1140c8f98d46ba916fa64289524a"", ""evaluation_classification"": ""improved"", ""evaluation_floor"": ""2.603619526932429e-19"", ""final_H_step_error"": ""0.0054787952390807585"", ""final_full_gap"": ""1.5008598635886461e-05"", ""final_half_H_step_energy"": ""1.5008598635886993e-05"", ""final_nonlinear_status"": ""{\""reason\"": \""Separate owner bounded nonlinear transfer stage\"", \""status\"": \""NOT_RUN\""}"", ""final_normalized_H_step_error"": ""1.5541854642913955"", ""full_reference_H_energy"": ""1.2426947217174033e-05"", ""k"": ""8"", ""mode"": ""replay"", ""noise_basis_points"": ""0"", ""object_id"": ""2014"", ""one_step_truth"": ""{\""constraints_violated\"": true, \""relative_material_error\"": 0.8094065945169489, \""scope\"": \""Offline unconstrained alpha1 diagnostic; not nonlinear accepted update\""}"", ""paired_attempt"": ""a17_closure_replay_remaining_v2_2014_ae31117d083b4246a36e7125d4593113"", ""phase"": ""middle"", ""realization_index"": ""0"", ""receiver_H_step_error"": ""0.009373694689566274"", ""receiver_full_gap"": ""4.3933076066599486e-05"", ""receiver_half_H_step_energy"": ""4.393307606660148e-05"", ""receiver_normalized_H_step_error"": ""2.6590626948989007"", ""reference_relative_residual"": ""2.9473063871209483e-12"", ""result_sha256"": ""98f3e7a2788876357066de1c6722522c136b257676107ab77a3013b0d0d7ed6a"", ""selected_ids"": ""[3, 4, 5, 6, 7, 65, 64, 32]"", ""signed_full_gap_improvement"": ""2.8924477430713022e-05"", ""source_directory"": ""/Volumes/migodam's-external-brain/Research/Inv_SLAM/Gaussian/A17/CLOSURE_R1/remote_snapshots/noise_complete_v1/results/replay_remaining_v2/object_2014/middle"", ""stop_reason"": ""MOVE_BUDGET_EXHAUSTED""}",AUDITED_TERMINAL,
,,evaluation floor ONLY; not online acceptance tolerance,,True,,,improved,replay,,,"{""input"": ""frozen/cells.csv"", ""json_pointer"": null, ""row_index_zero_based"": 194, ""sha256"": ""96caff279881fc908cab7f1e1e6be34f8d5fcfc197a6a54c3d6b9317e1a51310""}",,,,FROZEN_MATERIAL_STEP_H_RISK,"{""evaluation_floor"": 2.603619526932429e-19, ""final_H_step_error"": 0.002910798758606447, ""final_full_gap"": 4.236374706551818e-06, ""final_normalized_H_step_error"": 0.8257145818909285, ""receiver_H_step_error"": 0.003952199363962692, ""receiver_full_gap"": 7.809939906254358e-06, ""receiver_normalized_H_step_error"": 1.1211316604128292, ""signed_full_gap_improvement"": 3.5735651997025398e-06}",,,a17_closure_replay_remaining_v2_2014_ae31117d083b4246a36e7125d4593113,,,True,"{""k"": ""16"", ""mode"": ""replay"", ""noise_basis_points"": ""0"", ""object_id"": ""2014"", ""phase"": ""middle"", ""realization_index"": ""0""}",,,"{""input"": ""frozen/coverage.csv"", ""json_pointer"": null, ""row_index_zero_based"": 32, ""sha256"": ""c994c28d687aaafee0d5d4b1e01ceea95a313df6bbb856ff3ad003434ab89da6""}","{""accepted_moves"": ""1"", ""classification_scope"": ""evaluation floor ONLY; not online acceptance tolerance"", ""endpoint_sha256"": ""6601f08f6ad2ee0c1ca94bb1f20ba013be7ec2c9b41abd7104b338e20901eccb"", ""evaluation_classification"": ""improved"", ""evaluation_floor"": ""2.603619526932429e-19"", ""final_H_step_error"": ""0.002910798758606447"", ""final_full_gap"": ""4.236374706551818e-06"", ""final_half_H_step_energy"": ""4.2363747065524156e-06"", ""final_nonlinear_status"": ""{\""reason\"": \""Separate owner bounded nonlinear transfer stage\"", \""status\"": \""NOT_RUN\""}"", ""final_normalized_H_step_error"": ""0.8257145818909285"", ""full_reference_H_energy"": ""1.2426947217174033e-05"", ""k"": ""16"", ""mode"": ""replay"", ""noise_basis_points"": ""0"", ""object_id"": ""2014"", ""one_step_truth"": ""{\""constraints_violated\"": true, \""relative_material_error\"": 0.8111305669951885, \""scope\"": \""Offline unconstrained alpha1 diagnostic; not nonlinear accepted update\""}"", ""paired_attempt"": ""a17_closure_replay_remaining_v2_2014_ae31117d083b4246a36e7125d4593113"", ""phase"": ""middle"", ""realization_index"": ""0"", ""receiver_H_step_error"": ""0.003952199363962692"", ""receiver_full_gap"": ""7.809939906254358e-06"", ""receiver_half_H_step_energy"": ""7.809939906253553e-06"", ""receiver_normalized_H_step_error"": ""1.1211316604128292"", ""reference_relative_residual"": ""2.9473063871209483e-12"", ""result_sha256"": ""98f3e7a2788876357066de1c6722522c136b257676107ab77a3013b0d0d7ed6a"", ""selected_ids"": ""[0, 1, 3, 4, 5, 6, 7, 8, 9, 10, 11, 12, 13, 14, 15, 17]"", ""signed_full_gap_improvement"": ""3.5735651997025398e-06"", ""source_directory"": ""/Volumes/migodam's-external-brain/Research/Inv_SLAM/Gaussian/A17/CLOSURE_R1/remote_snapshots/noise_complete_v1/results/replay_remaining_v2/object_2014/middle"", ""stop_reason"": ""ABSTAIN_UNRESOLVED""}",AUDITED_TERMINAL,
,,evaluation floor ONLY; not online acceptance tolerance,,True,,,improved,replay,,,"{""input"": ""frozen/cells.csv"", ""json_pointer"": null, ""row_index_zero_based"": 189, ""sha256"": ""96caff279881fc908cab7f1e1e6be34f8d5fcfc197a6a54c3d6b9317e1a51310""}",,,,FROZEN_MATERIAL_STEP_H_RISK,"{""evaluation_floor"": 3.6589387655649004e-19, ""final_H_step_error"": 0.009441846019658747, ""final_full_gap"": 4.457422812949114e-05, ""final_normalized_H_step_error"": 1.825388730641703, ""receiver_H_step_error"": 0.021962015052794527, ""receiver_full_gap"": 0.00024116505258958958, ""receiver_normalized_H_step_error"": 4.2459085539083485, ""signed_full_gap_improvement"": 0.00019659082446009846}",,,a17_closure_replay_remaining_v2_2014_ae31117d083b4246a36e7125d4593113,,,True,"{""k"": ""4"", ""mode"": ""replay"", ""noise_basis_points"": ""0"", ""object_id"": ""2014"", ""phase"": ""late"", ""realization_index"": ""0""}",,,"{""input"": ""frozen/coverage.csv"", ""json_pointer"": null, ""row_index_zero_based"": 33, ""sha256"": ""c994c28d687aaafee0d5d4b1e01ceea95a313df6bbb856ff3ad003434ab89da6""}","{""accepted_moves"": ""3"", ""classification_scope"": ""evaluation floor ONLY; not online acceptance tolerance"", ""endpoint_sha256"": ""c0130740ec2ef7272ac6e0f0c61a6da08a67c7f9f2929c72b261e500203abcac"", ""evaluation_classification"": ""improved"", ""evaluation_floor"": ""3.6589387655649004e-19"", ""final_H_step_error"": ""0.009441846019658747"", ""final_full_gap"": ""4.457422812949114e-05"", ""final_half_H_step_energy"": ""4.4574228129472856e-05"", ""final_nonlinear_status"": ""{\""reason\"": \""Separate owner bounded nonlinear transfer stage\"", \""status\"": \""NOT_RUN\""}"", ""final_normalized_H_step_error"": ""1.825388730641703"", ""full_reference_H_energy"": ""2.6754885523299153e-05"", ""k"": ""4"", ""mode"": ""replay"", ""noise_basis_points"": ""0"", ""object_id"": ""2014"", ""one_step_truth"": ""{\""constraints_violated\"": true, \""relative_material_error\"": 0.8363218801886969, \""scope\"": \""Offline unconstrained alpha1 diagnostic; not nonlinear accepted update\""}"", ""paired_attempt"": ""a17_closure_replay_remaining_v2_2014_ae31117d083b4246a36e7125d4593113"", ""phase"": ""late"", ""realization_index"": ""0"", ""receiver_H_step_error"": ""0.021962015052794527"", ""receiver_full_gap"": ""0.00024116505258958958"", ""receiver_half_H_step_energy"": ""0.00024116505258958668"", ""receiver_normalized_H_step_error"": ""4.2459085539083485"", ""reference_relative_residual"": ""4.093014178586756e-12"", ""result_sha256"": ""20eb343217e7e9c34bc1ee53a869ea66a4133fc9307064c91ffad4d9401184a3"", ""selected_ids"": ""[3, 4, 96, 98]"", ""signed_full_gap_improvement"": ""0.00019659082446009846"", ""source_directory"": ""/Volumes/migodam's-external-brain/Research/Inv_SLAM/Gaussian/A17/CLOSURE_R1/remote_snapshots/noise_complete_v1/results/replay_remaining_v2/object_2014/late"", ""stop_reason"": ""MOVE_BUDGET_EXHAUSTED""}",AUDITED_TERMINAL,
,,evaluation floor ONLY; not online acceptance tolerance,,True,,,equal_within_evaluation_floor,replay,,,"{""input"": ""frozen/cells.csv"", ""json_pointer"": null, ""row_index_zero_based"": 190, ""sha256"": ""96caff279881fc908cab7f1e1e6be34f8d5fcfc197a6a54c3d6b9317e1a51310""}",,,,FROZEN_MATERIAL_STEP_H_RISK,"{""evaluation_floor"": 3.6589387655649004e-19, ""final_H_step_error"": 0.009516141790011728, ""final_full_gap"": 4.5278477283791125e-05, ""final_normalized_H_step_error"": 1.839752305482291, ""receiver_H_step_error"": 0.009516141790011728, ""receiver_full_gap"": 4.5278477283791125e-05, ""receiver_normalized_H_step_error"": 1.839752305482291, ""signed_full_gap_improvement"": 0.0}",,,a17_closure_replay_remaining_v2_2014_ae31117d083b4246a36e7125d4593113,,,True,"{""k"": ""8"", ""mode"": ""replay"", ""noise_basis_points"": ""0"", ""object_id"": ""2014"", ""phase"": ""late"", ""realization_index"": ""0""}",,,"{""input"": ""frozen/coverage.csv"", ""json_pointer"": null, ""row_index_zero_based"": 34, ""sha256"": ""c994c28d687aaafee0d5d4b1e01ceea95a313df6bbb856ff3ad003434ab89da6""}","{""accepted_moves"": ""0"", ""classification_scope"": ""evaluation floor ONLY; not online acceptance tolerance"", ""endpoint_sha256"": ""b529f18646b76d91cc5cb09768ba0cf423ceea8ea416efa5a10f9970e93c9fa3"", ""evaluation_classification"": ""equal_within_evaluation_floor"", ""evaluation_floor"": ""3.6589387655649004e-19"", ""final_H_step_error"": ""0.009516141790011728"", ""final_full_gap"": ""4.5278477283791125e-05"", ""final_half_H_step_energy"": ""4.527847728380382e-05"", ""final_nonlinear_status"": ""{\""reason\"": \""Separate owner bounded nonlinear transfer stage\"", \""status\"": \""NOT_RUN\""}"", ""final_normalized_H_step_error"": ""1.839752305482291"", ""full_reference_H_energy"": ""2.6754885523299153e-05"", ""k"": ""8"", ""mode"": ""replay"", ""noise_basis_points"": ""0"", ""object_id"": ""2014"", ""one_step_truth"": ""{\""constraints_violated\"": true, \""relative_material_error\"": 0.8692291914593657, \""scope\"": \""Offline unconstrained alpha1 diagnostic; not nonlinear accepted update\""}"", ""paired_attempt"": ""a17_closure_replay_remaining_v2_2014_ae31117d083b4246a36e7125d4593113"", ""phase"": ""late"", ""realization_index"": ""0"", ""receiver_H_step_error"": ""0.009516141790011728"", ""receiver_full_gap"": ""4.5278477283791125e-05"", ""receiver_half_H_step_energy"": ""4.527847728380382e-05"", ""receiver_normalized_H_step_error"": ""1.839752305482291"", ""reference_relative_residual"": ""4.093014178586756e-12"", ""result_sha256"": ""20eb343217e7e9c34bc1ee53a869ea66a4133fc9307064c91ffad4d9401184a3"", ""selected_ids"": ""[0, 1, 2, 3, 4, 5, 6, 7]"", ""signed_full_gap_improvement"": ""0.0"", ""source_directory"": ""/Volumes/migodam's-external-brain/Research/Inv_SLAM/Gaussian/A17/CLOSURE_R1/remote_snapshots/noise_complete_v1/results/replay_remaining_v2/object_2014/late"", ""stop_reason"": ""ABSTAIN_UNRESOLVED""}",AUDITED_TERMINAL,
,,evaluation floor ONLY; not online acceptance tolerance,,True,,,improved,replay,,,"{""input"": ""frozen/cells.csv"", ""json_pointer"": null, ""row_index_zero_based"": 191, ""sha256"": ""96caff279881fc908cab7f1e1e6be34f8d5fcfc197a6a54c3d6b9317e1a51310""}",,,,FROZEN_MATERIAL_STEP_H_RISK,"{""evaluation_floor"": 3.6589387655649004e-19, ""final_H_step_error"": 0.005072183890895554, ""final_full_gap"": 1.2863524711526717e-05, ""final_normalized_H_step_error"": 0.9806035064441521, ""receiver_H_step_error"": 0.005827391437368904, ""receiver_full_gap"": 1.697924548216187e-05, ""receiver_normalized_H_step_error"": 1.126607512626605, ""signed_full_gap_improvement"": 4.115720770635151e-06}",,,a17_closure_replay_remaining_v2_2014_ae31117d083b4246a36e7125d4593113,,,True,"{""k"": ""16"", ""mode"": ""replay"", ""noise_basis_points"": ""0"", ""object_id"": ""2014"", ""phase"": ""late"", ""realization_index"": ""0""}",,,"{""input"": ""frozen/coverage.csv"", ""json_pointer"": null, ""row_index_zero_based"": 35, ""sha256"": ""c994c28d687aaafee0d5d4b1e01ceea95a313df6bbb856ff3ad003434ab89da6""}","{""accepted_moves"": ""2"", ""classification_scope"": ""evaluation floor ONLY; not online acceptance tolerance"", ""endpoint_sha256"": ""a1ad96cc7236c5114c2e48ede3a9043e7d7efedbc97e943f50e3d5b0ef13f763"", ""evaluation_classification"": ""improved"", ""evaluation_floor"": ""3.6589387655649004e-19"", ""final_H_step_error"": ""0.005072183890895554"", ""final_full_gap"": ""1.2863524711526717e-05"", ""final_half_H_step_energy"": ""1.2863524711530177e-05"", ""final_nonlinear_status"": ""{\""reason\"": \""Separate owner bounded nonlinear transfer stage\"", \""status\"": \""NOT_RUN\""}"", ""final_normalized_H_step_error"": ""0.9806035064441521"", ""full_reference_H_energy"": ""2.6754885523299153e-05"", ""k"": ""16"", ""mode"": ""replay"", ""noise_basis_points"": ""0"", ""object_id"": ""2014"", ""one_step_truth"": ""{\""constraints_violated\"": true, \""relative_material_error\"": 0.8727263507344297, \""scope\"": \""Offline unconstrained alpha1 diagnostic; not nonlinear accepted update\""}"", ""paired_attempt"": ""a17_closure_replay_remaining_v2_2014_ae31117d083b4246a36e7125d4593113"", ""phase"": ""late"", ""realization_index"": ""0"", ""receiver_H_step_error"": ""0.005827391437368904"", ""receiver_full_gap"": ""1.697924548216187e-05"", ""receiver_half_H_step_energy"": ""1.6979245482160208e-05"", ""receiver_normalized_H_step_error"": ""1.126607512626605"", ""reference_relative_residual"": ""4.093014178586756e-12"", ""result_sha256"": ""20eb343217e7e9c34bc1ee53a869ea66a4133fc9307064c91ffad4d9401184a3"", ""selected_ids"": ""[0, 2, 3, 4, 5, 6, 7, 8, 9, 10, 11, 13, 14, 15, 64, 96]"", ""signed_full_gap_improvement"": ""4.115720770635151e-06"", ""source_directory"": ""/Volumes/migodam's-external-brain/Research/Inv_SLAM/Gaussian/A17/CLOSURE_R1/remote_snapshots/noise_complete_v1/results/replay_remaining_v2/object_2014/late"", ""stop_reason"": ""ABSTAIN_UNRESOLVED""}",AUDITED_TERMINAL,
,,evaluation floor ONLY; not online acceptance tolerance,,True,,,improved,primary,,,"{""input"": ""frozen/cells.csv"", ""json_pointer"": null, ""row_index_zero_based"": 159, ""sha256"": ""96caff279881fc908cab7f1e1e6be34f8d5fcfc197a6a54c3d6b9317e1a51310""}",,,,FROZEN_MATERIAL_STEP_H_RISK,"{""evaluation_floor"": 4.942973330270039e-15, ""final_H_step_error"": 0.026312413870432812, ""final_full_gap"": 0.0003461715618654395, ""final_normalized_H_step_error"": 0.04454615126342952, ""receiver_H_step_error"": 0.037125592182149385, ""receiver_full_gap"": 0.0006891547974062239, ""receiver_normalized_H_step_error"": 0.06285254759346864, ""signed_full_gap_improvement"": 0.0003429832355407844}",,,a17_closure_locked_validation_v1_2002_e3dd53c45173436b8006b14e4a049be2,,,True,"{""k"": ""4"", ""mode"": ""validation"", ""noise_basis_points"": ""0"", ""object_id"": ""2002"", ""phase"": ""early"", ""realization_index"": ""0""}",,,"{""input"": ""frozen/coverage.csv"", ""json_pointer"": null, ""row_index_zero_based"": 36, ""sha256"": ""c994c28d687aaafee0d5d4b1e01ceea95a313df6bbb856ff3ad003434ab89da6""}","{""accepted_moves"": ""1"", ""classification_scope"": ""evaluation floor ONLY; not online acceptance tolerance"", ""endpoint_sha256"": ""6abbaec979aae92ad3ce8ae49bd6e64e46d03ba069ddab2d19e7bedceb6e0e9c"", ""evaluation_classification"": ""improved"", ""evaluation_floor"": ""4.942973330270039e-15"", ""final_H_step_error"": ""0.026312413870432812"", ""final_full_gap"": ""0.0003461715618654395"", ""final_half_H_step_energy"": ""0.0003461715618444725"", ""final_nonlinear_status"": ""{\""reason\"": \""Separate owner bounded nonlinear transfer stage\"", \""status\"": \""NOT_RUN\""}"", ""final_normalized_H_step_error"": ""0.04454615126342952"", ""full_reference_H_energy"": ""0.34890003119699065"", ""k"": ""4"", ""mode"": ""validation"", ""noise_basis_points"": ""0"", ""object_id"": ""2002"", ""one_step_truth"": ""{\""constraints_violated\"": true, \""relative_material_error\"": 0.4976448431133674, \""scope\"": \""Offline unconstrained alpha1 diagnostic; not nonlinear accepted update\""}"", ""paired_attempt"": ""a17_closure_locked_validation_v1_2002_e3dd53c45173436b8006b14e4a049be2"", ""phase"": ""early"", ""realization_index"": ""0"", ""receiver_H_step_error"": ""0.037125592182149385"", ""receiver_full_gap"": ""0.0006891547974062239"", ""receiver_half_H_step_energy"": ""0.0006891547974376357"", ""receiver_normalized_H_step_error"": ""0.06285254759346864"", ""reference_relative_residual"": ""6.470350573453869e-12"", ""result_sha256"": ""f7083f1d8fa0c1ab70f4c7d9f1f83c049dda7e334d366f16f01b4525c90a7926"", ""selected_ids"": ""[0, 2, 3, 4]"", ""signed_full_gap_improvement"": ""0.0003429832355407844"", ""source_directory"": ""/Volumes/migodam's-external-brain/Research/Inv_SLAM/Gaussian/A17/CLOSURE_R1/remote_snapshots/noise_complete_v1/results/locked_validation_v1/object_2002/early"", ""stop_reason"": ""ABSTAIN_UNRESOLVED""}",AUDITED_TERMINAL,
,,evaluation floor ONLY; not online acceptance tolerance,,True,,,improved,primary,,,"{""input"": ""frozen/cells.csv"", ""json_pointer"": null, ""row_index_zero_based"": 160, ""sha256"": ""96caff279881fc908cab7f1e1e6be34f8d5fcfc197a6a54c3d6b9317e1a51310""}",,,,FROZEN_MATERIAL_STEP_H_RISK,"{""evaluation_floor"": 4.942973330270039e-15, ""final_H_step_error"": 0.020629188908532322, ""final_full_gap"": 0.00021278171750414656, ""final_normalized_H_step_error"": 0.03492461672602246, ""receiver_H_step_error"": 0.021170418373948348, ""receiver_full_gap"": 0.00022409330706022818, ""receiver_normalized_H_step_error"": 0.035840902466789844, ""signed_full_gap_improvement"": 1.1311589556081621e-05}",,,a17_closure_locked_validation_v1_2002_e3dd53c45173436b8006b14e4a049be2,,,True,"{""k"": ""8"", ""mode"": ""validation"", ""noise_basis_points"": ""0"", ""object_id"": ""2002"", ""phase"": ""early"", ""realization_index"": ""0""}",,,"{""input"": ""frozen/coverage.csv"", ""json_pointer"": null, ""row_index_zero_based"": 37, ""sha256"": ""c994c28d687aaafee0d5d4b1e01ceea95a313df6bbb856ff3ad003434ab89da6""}","{""accepted_moves"": ""1"", ""classification_scope"": ""evaluation floor ONLY; not online acceptance tolerance"", ""endpoint_sha256"": ""c25d3613a2b876ac3edb38a244304fbc81e4d53c797e2c3005e9f3171cf0766d"", ""evaluation_classification"": ""improved"", ""evaluation_floor"": ""4.942973330270039e-15"", ""final_H_step_error"": ""0.020629188908532322"", ""final_full_gap"": ""0.00021278171750414656"", ""final_half_H_step_energy"": ""0.00021278171751195647"", ""final_nonlinear_status"": ""{\""reason\"": \""Separate owner bounded nonlinear transfer stage\"", \""status\"": \""NOT_RUN\""}"", ""final_normalized_H_step_error"": ""0.03492461672602246"", ""full_reference_H_energy"": ""0.34890003119699065"", ""k"": ""8"", ""mode"": ""validation"", ""noise_basis_points"": ""0"", ""object_id"": ""2002"", ""one_step_truth"": ""{\""constraints_violated\"": true, \""relative_material_error\"": 0.4913776684025423, \""scope\"": \""Offline unconstrained alpha1 diagnostic; not nonlinear accepted update\""}"", ""paired_attempt"": ""a17_closure_locked_validation_v1_2002_e3dd53c45173436b8006b14e4a049be2"", ""phase"": ""early"", ""realization_index"": ""0"", ""receiver_H_step_error"": ""0.021170418373948348"", ""receiver_full_gap"": ""0.00022409330706022818"", ""receiver_half_H_step_energy"": ""0.0002240933070640049"", ""receiver_normalized_H_step_error"": ""0.035840902466789844"", ""reference_relative_residual"": ""6.470350573453869e-12"", ""result_sha256"": ""f7083f1d8fa0c1ab70f4c7d9f1f83c049dda7e334d366f16f01b4525c90a7926"", ""selected_ids"": ""[0, 1, 2, 3, 5, 6, 7, 8]"", ""signed_full_gap_improvement"": ""1.1311589556081621e-05"", ""source_directory"": ""/Volumes/migodam's-external-brain/Research/Inv_SLAM/Gaussian/A17/CLOSURE_R1/remote_snapshots/noise_complete_v1/results/locked_validation_v1/object_2002/early"", ""stop_reason"": ""ABSTAIN_UNRESOLVED""}",AUDITED_TERMINAL,
,,evaluation floor ONLY; not online acceptance tolerance,,True,,,improved,primary,,,"{""input"": ""frozen/cells.csv"", ""json_pointer"": null, ""row_index_zero_based"": 161, ""sha256"": ""96caff279881fc908cab7f1e1e6be34f8d5fcfc197a6a54c3d6b9317e1a51310""}",,,,FROZEN_MATERIAL_STEP_H_RISK,"{""evaluation_floor"": 4.942973330270039e-15, ""final_H_step_error"": 0.008531830790343954, ""final_full_gap"": 3.6396068330437034e-05, ""final_normalized_H_step_error"": 0.014444141339982487, ""receiver_H_step_error"": 0.010290208555465105, ""receiver_full_gap"": 5.294419605630184e-05, ""receiver_normalized_H_step_error"": 0.017421023745718585, ""signed_full_gap_improvement"": 1.654812772586481e-05}",,,a17_closure_locked_validation_v1_2002_e3dd53c45173436b8006b14e4a049be2,,,True,"{""k"": ""16"", ""mode"": ""validation"", ""noise_basis_points"": ""0"", ""object_id"": ""2002"", ""phase"": ""early"", ""realization_index"": ""0""}",,,"{""input"": ""frozen/coverage.csv"", ""json_pointer"": null, ""row_index_zero_based"": 38, ""sha256"": ""c994c28d687aaafee0d5d4b1e01ceea95a313df6bbb856ff3ad003434ab89da6""}","{""accepted_moves"": ""1"", ""classification_scope"": ""evaluation floor ONLY; not online acceptance tolerance"", ""endpoint_sha256"": ""170f9b0a41e25ee7801f446bab99cc3d18806e7a292694a409c8515b1818b6fd"", ""evaluation_classification"": ""improved"", ""evaluation_floor"": ""4.942973330270039e-15"", ""final_H_step_error"": ""0.008531830790343954"", ""final_full_gap"": ""3.6396068330437034e-05"", ""final_half_H_step_energy"": ""3.639606831753057e-05"", ""final_nonlinear_status"": ""{\""reason\"": \""Separate owner bounded nonlinear transfer stage\"", \""status\"": \""NOT_RUN\""}"", ""final_normalized_H_step_error"": ""0.014444141339982487"", ""full_reference_H_energy"": ""0.34890003119699065"", ""k"": ""16"", ""mode"": ""validation"", ""noise_basis_points"": ""0"", ""object_id"": ""2002"", ""one_step_truth"": ""{\""constraints_violated\"": true, \""relative_material_error\"": 0.46650566219275824, \""scope\"": \""Offline unconstrained alpha1 diagnostic; not nonlinear accepted update\""}"", ""paired_attempt"": ""a17_closure_locked_validation_v1_2002_e3dd53c45173436b8006b14e4a049be2"", ""phase"": ""early"", ""realization_index"": ""0"", ""receiver_H_step_error"": ""0.010290208555465105"", ""receiver_full_gap"": ""5.294419605630184e-05"", ""receiver_half_H_step_energy"": ""5.2944196057483616e-05"", ""receiver_normalized_H_step_error"": ""0.017421023745718585"", ""reference_relative_residual"": ""6.470350573453869e-12"", ""result_sha256"": ""f7083f1d8fa0c1ab70f4c7d9f1f83c049dda7e334d366f16f01b4525c90a7926"", ""selected_ids"": ""[0, 2, 3, 4, 5, 6, 7, 8, 9, 10, 11, 12, 13, 14, 15, 17]"", ""signed_full_gap_improvement"": ""1.654812772586481e-05"", ""source_directory"": ""/Volumes/migodam's-external-brain/Research/Inv_SLAM/Gaussian/A17/CLOSURE_R1/remote_snapshots/noise_complete_v1/results/locked_validation_v1/object_2002/early"", ""stop_reason"": ""ABSTAIN_UNRESOLVED""}",AUDITED_TERMINAL,
,,evaluation floor ONLY; not online acceptance tolerance,,True,,,improved,primary,,,"{""input"": ""frozen/cells.csv"", ""json_pointer"": null, ""row_index_zero_based"": 165, ""sha256"": ""96caff279881fc908cab7f1e1e6be34f8d5fcfc197a6a54c3d6b9317e1a51310""}",,,,FROZEN_MATERIAL_STEP_H_RISK,"{""evaluation_floor"": 3.2049436252638086e-19, ""final_H_step_error"": 0.006299050592039149, ""final_full_gap"": 1.9839019180535867e-05, ""final_normalized_H_step_error"": 1.4339196109792263, ""receiver_H_step_error"": 0.011932585455245589, ""receiver_full_gap"": 7.119329782337559e-05, ""receiver_normalized_H_step_error"": 2.71634082691549, ""signed_full_gap_improvement"": 5.135427864283972e-05}",,,a17_closure_locked_validation_v1_2002_e3dd53c45173436b8006b14e4a049be2,,,True,"{""k"": ""4"", ""mode"": ""validation"", ""noise_basis_points"": ""0"", ""object_id"": ""2002"", ""phase"": ""middle"", ""realization_index"": ""0""}",,,"{""input"": ""frozen/coverage.csv"", ""json_pointer"": null, ""row_index_zero_based"": 39, ""sha256"": ""c994c28d687aaafee0d5d4b1e01ceea95a313df6bbb856ff3ad003434ab89da6""}","{""accepted_moves"": ""3"", ""classification_scope"": ""evaluation floor ONLY; not online acceptance tolerance"", ""endpoint_sha256"": ""f90f0bb73ea5bbd695670fdbeae657e237f9293df123ed2c920563e27fc5e534"", ""evaluation_classification"": ""improved"", ""evaluation_floor"": ""3.2049436252638086e-19"", ""final_H_step_error"": ""0.006299050592039149"", ""final_full_gap"": ""1.9839019180535867e-05"", ""final_half_H_step_energy"": ""1.9839019180534376e-05"", ""final_nonlinear_status"": ""{\""reason\"": \""Separate owner bounded nonlinear transfer stage\"", \""status\"": \""NOT_RUN\""}"", ""final_normalized_H_step_error"": ""1.4339196109792263"", ""full_reference_H_energy"": ""1.9297479317995845e-05"", ""k"": ""4"", ""mode"": ""validation"", ""noise_basis_points"": ""0"", ""object_id"": ""2002"", ""one_step_truth"": ""{\""constraints_violated\"": true, \""relative_material_error\"": 0.34140708163527717, \""scope\"": \""Offline unconstrained alpha1 diagnostic; not nonlinear accepted update\""}"", ""paired_attempt"": ""a17_closure_locked_validation_v1_2002_e3dd53c45173436b8006b14e4a049be2"", ""phase"": ""middle"", ""realization_index"": ""0"", ""receiver_H_step_error"": ""0.011932585455245589"", ""receiver_full_gap"": ""7.119329782337559e-05"", ""receiver_half_H_step_energy"": ""7.119329782336929e-05"", ""receiver_normalized_H_step_error"": ""2.71634082691549"", ""reference_relative_residual"": ""5.481550240597161e-12"", ""result_sha256"": ""9edd68c9aef34b400d981fed32a8ee48cd049c9d038d3559c0a1a64978ff5491"", ""selected_ids"": ""[3, 4, 5, 32]"", ""signed_full_gap_improvement"": ""5.135427864283972e-05"", ""source_directory"": ""/Volumes/migodam's-external-brain/Research/Inv_SLAM/Gaussian/A17/CLOSURE_R1/remote_snapshots/noise_complete_v1/results/locked_validation_v1/object_2002/middle"", ""stop_reason"": ""MOVE_BUDGET_EXHAUSTED""}",AUDITED_TERMINAL,
,,evaluation floor ONLY; not online acceptance tolerance,,True,,,improved,primary,,,"{""input"": ""frozen/cells.csv"", ""json_pointer"": null, ""row_index_zero_based"": 166, ""sha256"": ""96caff279881fc908cab7f1e1e6be34f8d5fcfc197a6a54c3d6b9317e1a51310""}",,,,FROZEN_MATERIAL_STEP_H_RISK,"{""evaluation_floor"": 3.2049436252638086e-19, ""final_H_step_error"": 0.005728498995654309, ""final_full_gap"": 1.6407850371613245e-05, ""final_normalized_H_step_error"": 1.304038907343398, ""receiver_H_step_error"": 0.010022613949040747, ""receiver_full_gap"": 5.022639518576049e-05, ""receiver_normalized_H_step_error"": 2.281553780972419, ""signed_full_gap_improvement"": 3.381854481414724e-05}",,,a17_closure_locked_validation_v1_2002_e3dd53c45173436b8006b14e4a049be2,,,True,"{""k"": ""8"", ""mode"": ""validation"", ""noise_basis_points"": ""0"", ""object_id"": ""2002"", ""phase"": ""middle"", ""realization_index"": ""0""}",,,"{""input"": ""frozen/coverage.csv"", ""json_pointer"": null, ""row_index_zero_based"": 40, ""sha256"": ""c994c28d687aaafee0d5d4b1e01ceea95a313df6bbb856ff3ad003434ab89da6""}","{""accepted_moves"": ""3"", ""classification_scope"": ""evaluation floor ONLY; not online acceptance tolerance"", ""endpoint_sha256"": ""b116b58ba41d00a7ea52e0ed4681550a62bb0a07ab035b5f049fc6e699c4dc42"", ""evaluation_classification"": ""improved"", ""evaluation_floor"": ""3.2049436252638086e-19"", ""final_H_step_error"": ""0.005728498995654309"", ""final_full_gap"": ""1.6407850371613245e-05"", ""final_half_H_step_energy"": ""1.6407850371606214e-05"", ""final_nonlinear_status"": ""{\""reason\"": \""Separate owner bounded nonlinear transfer stage\"", \""status\"": \""NOT_RUN\""}"", ""final_normalized_H_step_error"": ""1.304038907343398"", ""full_reference_H_energy"": ""1.9297479317995845e-05"", ""k"": ""8"", ""mode"": ""validation"", ""noise_basis_points"": ""0"", ""object_id"": ""2002"", ""one_step_truth"": ""{\""constraints_violated\"": true, \""relative_material_error\"": 0.33212115835093114, \""scope\"": \""Offline unconstrained alpha1 diagnostic; not nonlinear accepted update\""}"", ""paired_attempt"": ""a17_closure_locked_validation_v1_2002_e3dd53c45173436b8006b14e4a049be2"", ""phase"": ""middle"", ""realization_index"": ""0"", ""receiver_H_step_error"": ""0.010022613949040747"", ""receiver_full_gap"": ""5.022639518576049e-05"", ""receiver_half_H_step_energy"": ""5.022639518575307e-05"", ""receiver_normalized_H_step_error"": ""2.281553780972419"", ""reference_relative_residual"": ""5.481550240597161e-12"", ""result_sha256"": ""9edd68c9aef34b400d981fed32a8ee48cd049c9d038d3559c0a1a64978ff5491"", ""selected_ids"": ""[0, 1, 3, 4, 6, 65, 8, 128]"", ""signed_full_gap_improvement"": ""3.381854481414724e-05"", ""source_directory"": ""/Volumes/migodam's-external-brain/Research/Inv_SLAM/Gaussian/A17/CLOSURE_R1/remote_snapshots/noise_complete_v1/results/locked_validation_v1/object_2002/middle"", ""stop_reason"": ""MOVE_BUDGET_EXHAUSTED""}",AUDITED_TERMINAL,
,,evaluation floor ONLY; not online acceptance tolerance,,True,,,improved,primary,,,"{""input"": ""frozen/cells.csv"", ""json_pointer"": null, ""row_index_zero_based"": 167, ""sha256"": ""96caff279881fc908cab7f1e1e6be34f8d5fcfc197a6a54c3d6b9317e1a51310""}",,,,FROZEN_MATERIAL_STEP_H_RISK,"{""evaluation_floor"": 3.2049436252638086e-19, ""final_H_step_error"": 0.0024189356587590396, ""final_full_gap"": 2.9256248606072887e-06, ""final_normalized_H_step_error"": 0.5506479473549819, ""receiver_H_step_error"": 0.0032984932836682634, ""receiver_full_gap"": 5.4400289712050664e-06, ""receiver_normalized_H_step_error"": 0.750870966509264, ""signed_full_gap_improvement"": 2.5144041105977777e-06}",,,a17_closure_locked_validation_v1_2002_e3dd53c45173436b8006b14e4a049be2,,,True,"{""k"": ""16"", ""mode"": ""validation"", ""noise_basis_points"": ""0"", ""object_id"": ""2002"", ""phase"": ""middle"", ""realization_index"": ""0""}",,,"{""input"": ""frozen/coverage.csv"", ""json_pointer"": null, ""row_index_zero_based"": 41, ""sha256"": ""c994c28d687aaafee0d5d4b1e01ceea95a313df6bbb856ff3ad003434ab89da6""}","{""accepted_moves"": ""3"", ""classification_scope"": ""evaluation floor ONLY; not online acceptance tolerance"", ""endpoint_sha256"": ""727f0aa8fa256ffb1e53e1b2dcf7b399569dfcf3994dddf5284ae11cb4cca971"", ""evaluation_classification"": ""improved"", ""evaluation_floor"": ""3.2049436252638086e-19"", ""final_H_step_error"": ""0.0024189356587590396"", ""final_full_gap"": ""2.9256248606072887e-06"", ""final_half_H_step_energy"": ""2.9256248606080146e-06"", ""final_nonlinear_status"": ""{\""reason\"": \""Separate owner bounded nonlinear transfer stage\"", \""status\"": \""NOT_RUN\""}"", ""final_normalized_H_step_error"": ""0.5506479473549819"", ""full_reference_H_energy"": ""1.9297479317995845e-05"", ""k"": ""16"", ""mode"": ""validation"", ""noise_basis_points"": ""0"", ""object_id"": ""2002"", ""one_step_truth"": ""{\""constraints_violated\"": true, \""relative_material_error\"": 0.3185271611349301, \""scope\"": \""Offline unconstrained alpha1 diagnostic; not nonlinear accepted update\""}"", ""paired_attempt"": ""a17_closure_locked_validation_v1_2002_e3dd53c45173436b8006b14e4a049be2"", ""phase"": ""middle"", ""realization_index"": ""0"", ""receiver_H_step_error"": ""0.0032984932836682634"", ""receiver_full_gap"": ""5.4400289712050664e-06"", ""receiver_half_H_step_energy"": ""5.440028971202321e-06"", ""receiver_normalized_H_step_error"": ""0.750870966509264"", ""reference_relative_residual"": ""5.481550240597161e-12"", ""result_sha256"": ""9edd68c9aef34b400d981fed32a8ee48cd049c9d038d3559c0a1a64978ff5491"", ""selected_ids"": ""[0, 1, 2, 3, 4, 5, 6, 8, 9, 11, 13, 14, 15, 97, 129, 130]"", ""signed_full_gap_improvement"": ""2.5144041105977777e-06"", ""source_directory"": ""/Volumes/migodam's-external-brain/Research/Inv_SLAM/Gaussian/A17/CLOSURE_R1/remote_snapshots/noise_complete_v1/results/locked_validation_v1/object_2002/middle"", ""stop_reason"": ""MOVE_BUDGET_EXHAUSTED""}",AUDITED_TERMINAL,
,,evaluation floor ONLY; not online acceptance tolerance,,True,,,improved,primary,,,"{""input"": ""frozen/cells.csv"", ""json_pointer"": null, ""row_index_zero_based"": 162, ""sha256"": ""96caff279881fc908cab7f1e1e6be34f8d5fcfc197a6a54c3d6b9317e1a51310""}",,,,FROZEN_MATERIAL_STEP_H_RISK,"{""evaluation_floor"": 1.4223829255423322e-21, ""final_H_step_error"": 0.002995720862088871, ""final_full_gap"": 4.487171741776649e-06, ""final_normalized_H_step_error"": 8.704004940321331, ""receiver_H_step_error"": 0.008672454076726403, ""receiver_full_gap"": 3.76057298564645e-05, ""receiver_normalized_H_step_error"": 25.19763576233263, ""signed_full_gap_improvement"": 3.311855811468785e-05}",,,a17_closure_locked_validation_v1_2002_e3dd53c45173436b8006b14e4a049be2,,,True,"{""k"": ""4"", ""mode"": ""validation"", ""noise_basis_points"": ""0"", ""object_id"": ""2002"", ""phase"": ""late"", ""realization_index"": ""0""}",,,"{""input"": ""frozen/coverage.csv"", ""json_pointer"": null, ""row_index_zero_based"": 42, ""sha256"": ""c994c28d687aaafee0d5d4b1e01ceea95a313df6bbb856ff3ad003434ab89da6""}","{""accepted_moves"": ""2"", ""classification_scope"": ""evaluation floor ONLY; not online acceptance tolerance"", ""endpoint_sha256"": ""1b632efbd97bfe43783fed967eb792e04c0a56df202d8e41790fd4734b34f8ed"", ""evaluation_classification"": ""improved"", ""evaluation_floor"": ""1.4223829255423322e-21"", ""final_H_step_error"": ""0.002995720862088871"", ""final_full_gap"": ""4.487171741776649e-06"", ""final_half_H_step_energy"": ""4.487171741777245e-06"", ""final_nonlinear_status"": ""{\""reason\"": \""Separate owner bounded nonlinear transfer stage\"", \""status\"": \""NOT_RUN\""}"", ""final_normalized_H_step_error"": ""8.704004940321331"", ""full_reference_H_energy"": ""1.1845800929126763e-07"", ""k"": ""4"", ""mode"": ""validation"", ""noise_basis_points"": ""0"", ""object_id"": ""2002"", ""one_step_truth"": ""{\""constraints_violated\"": true, \""relative_material_error\"": 0.20368039959897485, \""scope\"": \""Offline unconstrained alpha1 diagnostic; not nonlinear accepted update\""}"", ""paired_attempt"": ""a17_closure_locked_validation_v1_2002_e3dd53c45173436b8006b14e4a049be2"", ""phase"": ""late"", ""realization_index"": ""0"", ""receiver_H_step_error"": ""0.008672454076726403"", ""receiver_full_gap"": ""3.76057298564645e-05"", ""receiver_half_H_step_energy"": ""3.7605729856464196e-05"", ""receiver_normalized_H_step_error"": ""25.19763576233263"", ""reference_relative_residual"": ""6.957386619275975e-12"", ""result_sha256"": ""aefa4c9d42a732e95309799643228d178702c911d34f4fd7f2fe6b2a8ce0d474"", ""selected_ids"": ""[2, 3, 96, 4]"", ""signed_full_gap_improvement"": ""3.311855811468785e-05"", ""source_directory"": ""/Volumes/migodam's-external-brain/Research/Inv_SLAM/Gaussian/A17/CLOSURE_R1/remote_snapshots/noise_complete_v1/results/locked_validation_v1/object_2002/late"", ""stop_reason"": ""ABSTAIN_UNRESOLVED""}",AUDITED_TERMINAL,
,,evaluation floor ONLY; not online acceptance tolerance,,True,,,improved,primary,,,"{""input"": ""frozen/cells.csv"", ""json_pointer"": null, ""row_index_zero_based"": 163, ""sha256"": ""96caff279881fc908cab7f1e1e6be34f8d5fcfc197a6a54c3d6b9317e1a51310""}",,,,FROZEN_MATERIAL_STEP_H_RISK,"{""evaluation_floor"": 1.4223829255423322e-21, ""final_H_step_error"": 0.0009389225790951739, ""final_full_gap"": 4.4078780476721216e-07, ""final_normalized_H_step_error"": 2.7280201137716005, ""receiver_H_step_error"": 0.002611591877822249, ""receiver_full_gap"": 3.4102060681535615e-06, ""receiver_normalized_H_step_error"": 7.587926129678757, ""signed_full_gap_improvement"": 2.9694182633863493e-06}",,,a17_closure_locked_validation_v1_2002_e3dd53c45173436b8006b14e4a049be2,,,True,"{""k"": ""8"", ""mode"": ""validation"", ""noise_basis_points"": ""0"", ""object_id"": ""2002"", ""phase"": ""late"", ""realization_index"": ""0""}",,,"{""input"": ""frozen/coverage.csv"", ""json_pointer"": null, ""row_index_zero_based"": 43, ""sha256"": ""c994c28d687aaafee0d5d4b1e01ceea95a313df6bbb856ff3ad003434ab89da6""}","{""accepted_moves"": ""3"", ""classification_scope"": ""evaluation floor ONLY; not online acceptance tolerance"", ""endpoint_sha256"": ""a743d8ec594459bc0539e0bcf9e1534861ad3c73b43131e7141fd4c089bea688"", ""evaluation_classification"": ""improved"", ""evaluation_floor"": ""1.4223829255423322e-21"", ""final_H_step_error"": ""0.0009389225790951739"", ""final_full_gap"": ""4.4078780476721216e-07"", ""final_half_H_step_energy"": ""4.407878047673665e-07"", ""final_nonlinear_status"": ""{\""reason\"": \""Separate owner bounded nonlinear transfer stage\"", \""status\"": \""NOT_RUN\""}"", ""final_normalized_H_step_error"": ""2.7280201137716005"", ""full_reference_H_energy"": ""1.1845800929126763e-07"", ""k"": ""8"", ""mode"": ""validation"", ""noise_basis_points"": ""0"", ""object_id"": ""2002"", ""one_step_truth"": ""{\""constraints_violated\"": true, \""relative_material_error\"": 0.2005227353411676, \""scope\"": \""Offline unconstrained alpha1 diagnostic; not nonlinear accepted update\""}"", ""paired_attempt"": ""a17_closure_locked_validation_v1_2002_e3dd53c45173436b8006b14e4a049be2"", ""phase"": ""late"", ""realization_index"": ""0"", ""receiver_H_step_error"": ""0.002611591877822249"", ""receiver_full_gap"": ""3.4102060681535615e-06"", ""receiver_half_H_step_energy"": ""3.4102060681535696e-06"", ""receiver_normalized_H_step_error"": ""7.587926129678757"", ""reference_relative_residual"": ""6.957386619275975e-12"", ""result_sha256"": ""aefa4c9d42a732e95309799643228d178702c911d34f4fd7f2fe6b2a8ce0d474"", ""selected_ids"": ""[0, 1, 5, 6, 7, 96, 8, 64]"", ""signed_full_gap_improvement"": ""2.9694182633863493e-06"", ""source_directory"": ""/Volumes/migodam's-external-brain/Research/Inv_SLAM/Gaussian/A17/CLOSURE_R1/remote_snapshots/noise_complete_v1/results/locked_validation_v1/object_2002/late"", ""stop_reason"": ""MOVE_BUDGET_EXHAUSTED""}",AUDITED_TERMINAL,
,,evaluation floor ONLY; not online acceptance tolerance,,True,,,improved,primary,,,"{""input"": ""frozen/cells.csv"", ""json_pointer"": null, ""row_index_zero_based"": 164, ""sha256"": ""96caff279881fc908cab7f1e1e6be34f8d5fcfc197a6a54c3d6b9317e1a51310""}",,,,FROZEN_MATERIAL_STEP_H_RISK,"{""evaluation_floor"": 1.4223829255423322e-21, ""final_H_step_error"": 0.00041789816463670915, ""final_full_gap"": 8.731943800329767e-08, ""final_normalized_H_step_error"": 1.2141944650386545, ""receiver_H_step_error"": 0.0007404703365493139, ""receiver_full_gap"": 2.741481596545216e-07, ""receiver_normalized_H_step_error"": 2.1514212318809256, ""signed_full_gap_improvement"": 1.8682872165122395e-07}",,,a17_closure_locked_validation_v1_2002_e3dd53c45173436b8006b14e4a049be2,,,True,"{""k"": ""16"", ""mode"": ""validation"", ""noise_basis_points"": ""0"", ""object_id"": ""2002"", ""phase"": ""late"", ""realization_index"": ""0""}",,,"{""input"": ""frozen/coverage.csv"", ""json_pointer"": null, ""row_index_zero_based"": 44, ""sha256"": ""c994c28d687aaafee0d5d4b1e01ceea95a313df6bbb856ff3ad003434ab89da6""}","{""accepted_moves"": ""3"", ""classification_scope"": ""evaluation floor ONLY; not online acceptance tolerance"", ""endpoint_sha256"": ""64586fee645085375fa4e52b3195c7bec4e9ecbc63161a644dbde359f5f9f427"", ""evaluation_classification"": ""improved"", ""evaluation_floor"": ""1.4223829255423322e-21"", ""final_H_step_error"": ""0.00041789816463670915"", ""final_full_gap"": ""8.731943800329767e-08"", ""final_half_H_step_energy"": ""8.731943800336504e-08"", ""final_nonlinear_status"": ""{\""reason\"": \""Separate owner bounded nonlinear transfer stage\"", \""status\"": \""NOT_RUN\""}"", ""final_normalized_H_step_error"": ""1.2141944650386545"", ""full_reference_H_energy"": ""1.1845800929126763e-07"", ""k"": ""16"", ""mode"": ""validation"", ""noise_basis_points"": ""0"", ""object_id"": ""2002"", ""one_step_truth"": ""{\""constraints_violated\"": true, \""relative_material_error\"": 0.1989044126914635, \""scope\"": \""Offline unconstrained alpha1 diagnostic; not nonlinear accepted update\""}"", ""paired_attempt"": ""a17_closure_locked_validation_v1_2002_e3dd53c45173436b8006b14e4a049be2"", ""phase"": ""late"", ""realization_index"": ""0"", ""receiver_H_step_error"": ""0.0007404703365493139"", ""receiver_full_gap"": ""2.741481596545216e-07"", ""receiver_half_H_step_energy"": ""2.7414815965472713e-07"", ""receiver_normalized_H_step_error"": ""2.1514212318809256"", ""reference_relative_residual"": ""6.957386619275975e-12"", ""result_sha256"": ""aefa4c9d42a732e95309799643228d178702c911d34f4fd7f2fe6b2a8ce0d474"", ""selected_ids"": ""[0, 1, 2, 3, 4, 6, 7, 8, 9, 10, 11, 13, 15, 96, 98, 99]"", ""signed_full_gap_improvement"": ""1.8682872165122395e-07"", ""source_directory"": ""/Volumes/migodam's-external-brain/Research/Inv_SLAM/Gaussian/A17/CLOSURE_R1/remote_snapshots/noise_complete_v1/results/locked_validation_v1/object_2002/late"", ""stop_reason"": ""MOVE_BUDGET_EXHAUSTED""}",AUDITED_TERMINAL,
,,evaluation floor ONLY; not online acceptance tolerance,,True,,,improved,primary,,,"{""input"": ""frozen/cells.csv"", ""json_pointer"": null, ""row_index_zero_based"": 72, ""sha256"": ""96caff279881fc908cab7f1e1e6be34f8d5fcfc197a6a54c3d6b9317e1a51310""}",,,,FROZEN_MATERIAL_STEP_H_RISK,"{""evaluation_floor"": 8.401877837338022e-15, ""final_H_step_error"": 0.04080351903261179, ""final_full_gap"": 0.0008324635827456431, ""final_normalized_H_step_error"": 0.052825139995706975, ""receiver_H_step_error"": 0.06955954417426351, ""receiver_full_gap"": 0.0024192650928840593, ""receiver_normalized_H_step_error"": 0.09005332741291831, ""signed_full_gap_improvement"": 0.0015868015101384162}",,,a17_closure_locked_validation_continuation_v1_2003_e62ac5b29b1d42ecac5b63720e7e0f10,,,True,"{""k"": ""4"", ""mode"": ""validation"", ""noise_basis_points"": ""0"", ""object_id"": ""2003"", ""phase"": ""early"", ""realization_index"": ""0""}",,,"{""input"": ""frozen/coverage.csv"", ""json_pointer"": null, ""row_index_zero_based"": 45, ""sha256"": ""c994c28d687aaafee0d5d4b1e01ceea95a313df6bbb856ff3ad003434ab89da6""}","{""accepted_moves"": ""3"", ""classification_scope"": ""evaluation floor ONLY; not online acceptance tolerance"", ""endpoint_sha256"": ""5ab24a1fea091253ce29c1e05d102c60dc1fbdb1be4b72fc04198d2629735e0c"", ""evaluation_classification"": ""improved"", ""evaluation_floor"": ""8.401877837338022e-15"", ""final_H_step_error"": ""0.04080351903261179"", ""final_full_gap"": ""0.0008324635827456431"", ""final_half_H_step_energy"": ""0.0008324635827223563"", ""final_nonlinear_status"": ""{\""reason\"": \""Separate owner bounded nonlinear transfer stage\"", \""status\"": \""NOT_RUN\""}"", ""final_normalized_H_step_error"": ""0.052825139995706975"", ""full_reference_H_energy"": ""0.5966421432399984"", ""k"": ""4"", ""mode"": ""validation"", ""noise_basis_points"": ""0"", ""object_id"": ""2003"", ""one_step_truth"": ""{\""constraints_violated\"": true, \""relative_material_error\"": 0.5782706857922038, \""scope\"": \""Offline unconstrained alpha1 diagnostic; not nonlinear accepted update\""}"", ""paired_attempt"": ""a17_closure_locked_validation_continuation_v1_2003_e62ac5b29b1d42ecac5b63720e7e0f10"", ""phase"": ""early"", ""realization_index"": ""0"", ""receiver_H_step_error"": ""0.06955954417426351"", ""receiver_full_gap"": ""0.0024192650928840593"", ""receiver_half_H_step_energy"": ""0.002419265092865658"", ""receiver_normalized_H_step_error"": ""0.09005332741291831"", ""reference_relative_residual"": ""4.456263006761237e-13"", ""result_sha256"": ""6f298d7aad0d46f67a07513f2143d6c7b4582b89b25d1f03be92c133ac9d67b8"", ""selected_ids"": ""[1, 4, 5, 0]"", ""signed_full_gap_improvement"": ""0.0015868015101384162"", ""source_directory"": ""/Volumes/migodam's-external-brain/Research/Inv_SLAM/Gaussian/A17/CLOSURE_R1/remote_snapshots/noise_complete_v1/results/locked_validation_continuation_v1/object_2003/early"", ""stop_reason"": ""MOVE_BUDGET_EXHAUSTED""}",AUDITED_TERMINAL,
,,evaluation floor ONLY; not online acceptance tolerance,,True,,,improved,primary,,,"{""input"": ""frozen/cells.csv"", ""json_pointer"": null, ""row_index_zero_based"": 73, ""sha256"": ""96caff279881fc908cab7f1e1e6be34f8d5fcfc197a6a54c3d6b9317e1a51310""}",,,,FROZEN_MATERIAL_STEP_H_RISK,"{""evaluation_floor"": 8.401877837338022e-15, ""final_H_step_error"": 0.02126196663751738, ""final_full_gap"": 0.00022603561265078977, ""final_normalized_H_step_error"": 0.02752621320022, ""receiver_H_step_error"": 0.03171991529644032, ""receiver_full_gap"": 0.0005030765132211397, ""receiver_normalized_H_step_error"": 0.04106530529504609, ""signed_full_gap_improvement"": 0.00027704090057034995}",,,a17_closure_locked_validation_continuation_v1_2003_e62ac5b29b1d42ecac5b63720e7e0f10,,,True,"{""k"": ""8"", ""mode"": ""validation"", ""noise_basis_points"": ""0"", ""object_id"": ""2003"", ""phase"": ""early"", ""realization_index"": ""0""}",,,"{""input"": ""frozen/coverage.csv"", ""json_pointer"": null, ""row_index_zero_based"": 46, ""sha256"": ""c994c28d687aaafee0d5d4b1e01ceea95a313df6bbb856ff3ad003434ab89da6""}","{""accepted_moves"": ""1"", ""classification_scope"": ""evaluation floor ONLY; not online acceptance tolerance"", ""endpoint_sha256"": ""413b36cc57f0e694c3c874a9eda9e69748ce00e93caacbe1c8ed018a9b67f7fd"", ""evaluation_classification"": ""improved"", ""evaluation_floor"": ""8.401877837338022e-15"", ""final_H_step_error"": ""0.02126196663751738"", ""final_full_gap"": ""0.00022603561265078977"", ""final_half_H_step_energy"": ""0.00022603561264745105"", ""final_nonlinear_status"": ""{\""reason\"": \""Separate owner bounded nonlinear transfer stage\"", \""status\"": \""NOT_RUN\""}"", ""final_normalized_H_step_error"": ""0.02752621320022"", ""full_reference_H_energy"": ""0.5966421432399984"", ""k"": ""8"", ""mode"": ""validation"", ""noise_basis_points"": ""0"", ""object_id"": ""2003"", ""one_step_truth"": ""{\""constraints_violated\"": true, \""relative_material_error\"": 0.5137602019083858, \""scope\"": \""Offline unconstrained alpha1 diagnostic; not nonlinear accepted update\""}"", ""paired_attempt"": ""a17_closure_locked_validation_continuation_v1_2003_e62ac5b29b1d42ecac5b63720e7e0f10"", ""phase"": ""early"", ""realization_index"": ""0"", ""receiver_H_step_error"": ""0.03171991529644032"", ""receiver_full_gap"": ""0.0005030765132211397"", ""receiver_half_H_step_energy"": ""0.0005030765132066742"", ""receiver_normalized_H_step_error"": ""0.04106530529504609"", ""reference_relative_residual"": ""4.456263006761237e-13"", ""result_sha256"": ""6f298d7aad0d46f67a07513f2143d6c7b4582b89b25d1f03be92c133ac9d67b8"", ""selected_ids"": ""[0, 1, 2, 3, 4, 6, 7, 32]"", ""signed_full_gap_improvement"": ""0.00027704090057034995"", ""source_directory"": ""/Volumes/migodam's-external-brain/Research/Inv_SLAM/Gaussian/A17/CLOSURE_R1/remote_snapshots/noise_complete_v1/results/locked_validation_continuation_v1/object_2003/early"", ""stop_reason"": ""ABSTAIN_UNRESOLVED""}",AUDITED_TERMINAL,
,,evaluation floor ONLY; not online acceptance tolerance,,True,,,improved,primary,,,"{""input"": ""frozen/cells.csv"", ""json_pointer"": null, ""row_index_zero_based"": 74, ""sha256"": ""96caff279881fc908cab7f1e1e6be34f8d5fcfc197a6a54c3d6b9317e1a51310""}",,,,FROZEN_MATERIAL_STEP_H_RISK,"{""evaluation_floor"": 8.401877837338022e-15, ""final_H_step_error"": 0.008788945655559401, ""final_full_gap"": 3.862278286973042e-05, ""final_normalized_H_step_error"": 0.011378363819515597, ""receiver_H_step_error"": 0.010294113000774435, ""receiver_full_gap"": 5.298438123779921e-05, ""receiver_normalized_H_step_error"": 0.013326986820987666, ""signed_full_gap_improvement"": 1.4361598368068792e-05}",,,a17_closure_locked_validation_continuation_v1_2003_e62ac5b29b1d42ecac5b63720e7e0f10,,,True,"{""k"": ""16"", ""mode"": ""validation"", ""noise_basis_points"": ""0"", ""object_id"": ""2003"", ""phase"": ""early"", ""realization_index"": ""0""}",,,"{""input"": ""frozen/coverage.csv"", ""json_pointer"": null, ""row_index_zero_based"": 47, ""sha256"": ""c994c28d687aaafee0d5d4b1e01ceea95a313df6bbb856ff3ad003434ab89da6""}","{""accepted_moves"": ""1"", ""classification_scope"": ""evaluation floor ONLY; not online acceptance tolerance"", ""endpoint_sha256"": ""798d77d161bac713c33945306417626dab42730bef340c5379c8fcb7f764019f"", ""evaluation_classification"": ""improved"", ""evaluation_floor"": ""8.401877837338022e-15"", ""final_H_step_error"": ""0.008788945655559401"", ""final_full_gap"": ""3.862278286973042e-05"", ""final_half_H_step_energy"": ""3.862278286818824e-05"", ""final_nonlinear_status"": ""{\""reason\"": \""Separate owner bounded nonlinear transfer stage\"", \""status\"": \""NOT_RUN\""}"", ""final_normalized_H_step_error"": ""0.011378363819515597"", ""full_reference_H_energy"": ""0.5966421432399984"", ""k"": ""16"", ""mode"": ""validation"", ""noise_basis_points"": ""0"", ""object_id"": ""2003"", ""one_step_truth"": ""{\""constraints_violated\"": true, \""relative_material_error\"": 0.5173730466291833, \""scope\"": \""Offline unconstrained alpha1 diagnostic; not nonlinear accepted update\""}"", ""paired_attempt"": ""a17_closure_locked_validation_continuation_v1_2003_e62ac5b29b1d42ecac5b63720e7e0f10"", ""phase"": ""early"", ""realization_index"": ""0"", ""receiver_H_step_error"": ""0.010294113000774435"", ""receiver_full_gap"": ""5.298438123779921e-05"", ""receiver_half_H_step_energy"": ""5.298438123635662e-05"", ""receiver_normalized_H_step_error"": ""0.013326986820987666"", ""reference_relative_residual"": ""4.456263006761237e-13"", ""result_sha256"": ""6f298d7aad0d46f67a07513f2143d6c7b4582b89b25d1f03be92c133ac9d67b8"", ""selected_ids"": ""[0, 1, 2, 3, 4, 5, 6, 7, 8, 10, 11, 12, 13, 14, 15, 64]"", ""signed_full_gap_improvement"": ""1.4361598368068792e-05"", ""source_directory"": ""/Volumes/migodam's-external-brain/Research/Inv_SLAM/Gaussian/A17/CLOSURE_R1/remote_snapshots/noise_complete_v1/results/locked_validation_continuation_v1/object_2003/early"", ""stop_reason"": ""ABSTAIN_UNRESOLVED""}",AUDITED_TERMINAL,
,,evaluation floor ONLY; not online acceptance tolerance,,True,,,improved,primary,,,"{""input"": ""frozen/cells.csv"", ""json_pointer"": null, ""row_index_zero_based"": 78, ""sha256"": ""96caff279881fc908cab7f1e1e6be34f8d5fcfc197a6a54c3d6b9317e1a51310""}",,,,FROZEN_MATERIAL_STEP_H_RISK,"{""evaluation_floor"": 3.313616318215942e-18, ""final_H_step_error"": 0.014378253342954426, ""final_full_gap"": 0.00010336708459697615, ""final_normalized_H_step_error"": 0.9014254204706139, ""receiver_H_step_error"": 0.0234867645181927, ""receiver_full_gap"": 0.000275814053766532, ""receiver_normalized_H_step_error"": 1.4724713827413924, ""signed_full_gap_improvement"": 0.00017244696916955584}",,,a17_closure_locked_validation_continuation_v1_2003_e62ac5b29b1d42ecac5b63720e7e0f10,,,True,"{""k"": ""4"", ""mode"": ""validation"", ""noise_basis_points"": ""0"", ""object_id"": ""2003"", ""phase"": ""middle"", ""realization_index"": ""0""}",,,"{""input"": ""frozen/coverage.csv"", ""json_pointer"": null, ""row_index_zero_based"": 48, ""sha256"": ""c994c28d687aaafee0d5d4b1e01ceea95a313df6bbb856ff3ad003434ab89da6""}","{""accepted_moves"": ""2"", ""classification_scope"": ""evaluation floor ONLY; not online acceptance tolerance"", ""endpoint_sha256"": ""c0783621ef167df1da5b083fc6c91d5162b205ea14b93a02e0af93dca0e3ea84"", ""evaluation_classification"": ""improved"", ""evaluation_floor"": ""3.313616318215942e-18"", ""final_H_step_error"": ""0.014378253342954426"", ""final_full_gap"": ""0.00010336708459697615"", ""final_half_H_step_energy"": ""0.00010336708459709006"", ""final_nonlinear_status"": ""{\""reason\"": \""Separate owner bounded nonlinear transfer stage\"", \""status\"": \""NOT_RUN\""}"", ""final_normalized_H_step_error"": ""0.9014254204706139"", ""full_reference_H_energy"": ""0.00025442082750092926"", ""k"": ""4"", ""mode"": ""validation"", ""noise_basis_points"": ""0"", ""object_id"": ""2003"", ""one_step_truth"": ""{\""constraints_violated\"": true, \""relative_material_error\"": 0.27684523928197274, \""scope\"": \""Offline unconstrained alpha1 diagnostic; not nonlinear accepted update\""}"", ""paired_attempt"": ""a17_closure_locked_validation_continuation_v1_2003_e62ac5b29b1d42ecac5b63720e7e0f10"", ""phase"": ""middle"", ""realization_index"": ""0"", ""receiver_H_step_error"": ""0.0234867645181927"", ""receiver_full_gap"": ""0.000275814053766532"", ""receiver_half_H_step_energy"": ""0.0002758140537665178"", ""receiver_normalized_H_step_error"": ""1.4724713827413924"", ""reference_relative_residual"": ""3.6351008734434664e-12"", ""result_sha256"": ""0f1996a5327b8d755610d192de4cadef140c2b0bbb5cd59de0b5e9039fa1028b"", ""selected_ids"": ""[2, 3, 4, 65]"", ""signed_full_gap_improvement"": ""0.00017244696916955584"", ""source_directory"": ""/Volumes/migodam's-external-brain/Research/Inv_SLAM/Gaussian/A17/CLOSURE_R1/remote_snapshots/noise_complete_v1/results/locked_validation_continuation_v1/object_2003/middle"", ""stop_reason"": ""ABSTAIN_UNRESOLVED""}",AUDITED_TERMINAL,
,,evaluation floor ONLY; not online acceptance tolerance,,True,,,improved,primary,,,"{""input"": ""frozen/cells.csv"", ""json_pointer"": null, ""row_index_zero_based"": 79, ""sha256"": ""96caff279881fc908cab7f1e1e6be34f8d5fcfc197a6a54c3d6b9317e1a51310""}",,,,FROZEN_MATERIAL_STEP_H_RISK,"{""evaluation_floor"": 3.313616318215942e-18, ""final_H_step_error"": 0.01039398763892396, ""final_full_gap"": 5.401748951890706e-05, ""final_normalized_H_step_error"": 0.6516371950265122, ""receiver_H_step_error"": 0.015554342159785644, ""receiver_full_gap"": 0.00012096878001187189, ""receiver_normalized_H_step_error"": 0.9751587405711643, ""signed_full_gap_improvement"": 6.695129049296482e-05}",,,a17_closure_locked_validation_continuation_v1_2003_e62ac5b29b1d42ecac5b63720e7e0f10,,,True,"{""k"": ""8"", ""mode"": ""validation"", ""noise_basis_points"": ""0"", ""object_id"": ""2003"", ""phase"": ""middle"", ""realization_index"": ""0""}",,,"{""input"": ""frozen/coverage.csv"", ""json_pointer"": null, ""row_index_zero_based"": 49, ""sha256"": ""c994c28d687aaafee0d5d4b1e01ceea95a313df6bbb856ff3ad003434ab89da6""}","{""accepted_moves"": ""2"", ""classification_scope"": ""evaluation floor ONLY; not online acceptance tolerance"", ""endpoint_sha256"": ""7c378d4e20d4b136fc0cd66486c482c5ef0f690aba6a1cee3dbe6248736e695c"", ""evaluation_classification"": ""improved"", ""evaluation_floor"": ""3.313616318215942e-18"", ""final_H_step_error"": ""0.01039398763892396"", ""final_full_gap"": ""5.401748951890706e-05"", ""final_half_H_step_energy"": ""5.401748951905204e-05"", ""final_nonlinear_status"": ""{\""reason\"": \""Separate owner bounded nonlinear transfer stage\"", \""status\"": \""NOT_RUN\""}"", ""final_normalized_H_step_error"": ""0.6516371950265122"", ""full_reference_H_energy"": ""0.00025442082750092926"", ""k"": ""8"", ""mode"": ""validation"", ""noise_basis_points"": ""0"", ""object_id"": ""2003"", ""one_step_truth"": ""{\""constraints_violated\"": true, \""relative_material_error\"": 0.26677725592244933, \""scope\"": \""Offline unconstrained alpha1 diagnostic; not nonlinear accepted update\""}"", ""paired_attempt"": ""a17_closure_locked_validation_continuation_v1_2003_e62ac5b29b1d42ecac5b63720e7e0f10"", ""phase"": ""middle"", ""realization_index"": ""0"", ""receiver_H_step_error"": ""0.015554342159785644"", ""receiver_full_gap"": ""0.00012096878001187189"", ""receiver_half_H_step_energy"": ""0.00012096878001184256"", ""receiver_normalized_H_step_error"": ""0.9751587405711643"", ""reference_relative_residual"": ""3.6351008734434664e-12"", ""result_sha256"": ""0f1996a5327b8d755610d192de4cadef140c2b0bbb5cd59de0b5e9039fa1028b"", ""selected_ids"": ""[1, 2, 3, 4, 6, 7, 65, 8]"", ""signed_full_gap_improvement"": ""6.695129049296482e-05"", ""source_directory"": ""/Volumes/migodam's-external-brain/Research/Inv_SLAM/Gaussian/A17/CLOSURE_R1/remote_snapshots/noise_complete_v1/results/locked_validation_continuation_v1/object_2003/middle"", ""stop_reason"": ""ABSTAIN_UNRESOLVED""}",AUDITED_TERMINAL,
,,evaluation floor ONLY; not online acceptance tolerance,,True,,,improved,primary,,,"{""input"": ""frozen/cells.csv"", ""json_pointer"": null, ""row_index_zero_based"": 80, ""sha256"": ""96caff279881fc908cab7f1e1e6be34f8d5fcfc197a6a54c3d6b9317e1a51310""}",,,,FROZEN_MATERIAL_STEP_H_RISK,"{""evaluation_floor"": 3.313616318215942e-18, ""final_H_step_error"": 0.0046528403541505215, ""final_full_gap"": 1.0824461680469511e-05, ""final_normalized_H_step_error"": 0.2917036216139559, ""receiver_H_step_error"": 0.009313190031947626, ""receiver_full_gap"": 4.336775428549801e-05, ""receiver_normalized_H_step_error"": 0.5838780302605305, ""signed_full_gap_improvement"": 3.2543292605028494e-05}",,,a17_closure_locked_validation_continuation_v1_2003_e62ac5b29b1d42ecac5b63720e7e0f10,,,True,"{""k"": ""16"", ""mode"": ""validation"", ""noise_basis_points"": ""0"", ""object_id"": ""2003"", ""phase"": ""middle"", ""realization_index"": ""0""}",,,"{""input"": ""frozen/coverage.csv"", ""json_pointer"": null, ""row_index_zero_based"": 50, ""sha256"": ""c994c28d687aaafee0d5d4b1e01ceea95a313df6bbb856ff3ad003434ab89da6""}","{""accepted_moves"": ""3"", ""classification_scope"": ""evaluation floor ONLY; not online acceptance tolerance"", ""endpoint_sha256"": ""3218ab25de6458b75c370803e32cfe8679fe9d17abeee0a0db312bbf72f87c2c"", ""evaluation_classification"": ""improved"", ""evaluation_floor"": ""3.313616318215942e-18"", ""final_H_step_error"": ""0.0046528403541505215"", ""final_full_gap"": ""1.0824461680469511e-05"", ""final_half_H_step_energy"": ""1.0824461680605777e-05"", ""final_nonlinear_status"": ""{\""reason\"": \""Separate owner bounded nonlinear transfer stage\"", \""status\"": \""NOT_RUN\""}"", ""final_normalized_H_step_error"": ""0.2917036216139559"", ""full_reference_H_energy"": ""0.00025442082750092926"", ""k"": ""16"", ""mode"": ""validation"", ""noise_basis_points"": ""0"", ""object_id"": ""2003"", ""one_step_truth"": ""{\""constraints_violated\"": true, \""relative_material_error\"": 0.24745622399035339, \""scope\"": \""Offline unconstrained alpha1 diagnostic; not nonlinear accepted update\""}"", ""paired_attempt"": ""a17_closure_locked_validation_continuation_v1_2003_e62ac5b29b1d42ecac5b63720e7e0f10"", ""phase"": ""middle"", ""realization_index"": ""0"", ""receiver_H_step_error"": ""0.009313190031947626"", ""receiver_full_gap"": ""4.336775428549801e-05"", ""receiver_half_H_step_energy"": ""4.33677542855843e-05"", ""receiver_normalized_H_step_error"": ""0.5838780302605305"", ""reference_relative_residual"": ""3.6351008734434664e-12"", ""result_sha256"": ""0f1996a5327b8d755610d192de4cadef140c2b0bbb5cd59de0b5e9039fa1028b"", ""selected_ids"": ""[0, 1, 3, 4, 5, 6, 7, 8, 10, 11, 12, 13, 14, 97, 98, 129]"", ""signed_full_gap_improvement"": ""3.2543292605028494e-05"", ""source_directory"": ""/Volumes/migodam's-external-brain/Research/Inv_SLAM/Gaussian/A17/CLOSURE_R1/remote_snapshots/noise_complete_v1/results/locked_validation_continuation_v1/object_2003/middle"", ""stop_reason"": ""MOVE_BUDGET_EXHAUSTED""}",AUDITED_TERMINAL,
,,evaluation floor ONLY; not online acceptance tolerance,,True,,,improved,primary,,,"{""input"": ""frozen/cells.csv"", ""json_pointer"": null, ""row_index_zero_based"": 75, ""sha256"": ""96caff279881fc908cab7f1e1e6be34f8d5fcfc197a6a54c3d6b9317e1a51310""}",,,,FROZEN_MATERIAL_STEP_H_RISK,"{""evaluation_floor"": 1.071966077038765e-18, ""final_H_step_error"": 0.018159299265175174, ""final_full_gap"": 0.00016488007490098107, ""final_normalized_H_step_error"": 3.616539190667992, ""receiver_H_step_error"": 0.02844764119959041, ""receiver_full_gap"": 0.0004046341449102887, ""receiver_normalized_H_step_error"": 5.665527495198074, ""signed_full_gap_improvement"": 0.00023975407000930763}",,,a17_closure_locked_validation_continuation_v1_2003_e62ac5b29b1d42ecac5b63720e7e0f10,,,True,"{""k"": ""4"", ""mode"": ""validation"", ""noise_basis_points"": ""0"", ""object_id"": ""2003"", ""phase"": ""late"", ""realization_index"": ""0""}",,,"{""input"": ""frozen/coverage.csv"", ""json_pointer"": null, ""row_index_zero_based"": 51, ""sha256"": ""c994c28d687aaafee0d5d4b1e01ceea95a313df6bbb856ff3ad003434ab89da6""}","{""accepted_moves"": ""3"", ""classification_scope"": ""evaluation floor ONLY; not online acceptance tolerance"", ""endpoint_sha256"": ""ca51d171a01828d82e734321e07eeddb8d0e3ed1f83e8fc0994fa53c70e80b89"", ""evaluation_classification"": ""improved"", ""evaluation_floor"": ""1.071966077038765e-18"", ""final_H_step_error"": ""0.018159299265175174"", ""final_full_gap"": ""0.00016488007490098107"", ""final_half_H_step_energy"": ""0.00016488007490109583"", ""final_nonlinear_status"": ""{\""reason\"": \""Separate owner bounded nonlinear transfer stage\"", \""status\"": \""NOT_RUN\""}"", ""final_normalized_H_step_error"": ""3.616539190667992"", ""full_reference_H_energy"": ""2.5212262509040142e-05"", ""k"": ""4"", ""mode"": ""validation"", ""noise_basis_points"": ""0"", ""object_id"": ""2003"", ""one_step_truth"": ""{\""constraints_violated\"": true, \""relative_material_error\"": 0.24748471371734906, \""scope\"": \""Offline unconstrained alpha1 diagnostic; not nonlinear accepted update\""}"", ""paired_attempt"": ""a17_closure_locked_validation_continuation_v1_2003_e62ac5b29b1d42ecac5b63720e7e0f10"", ""phase"": ""late"", ""realization_index"": ""0"", ""receiver_H_step_error"": ""0.02844764119959041"", ""receiver_full_gap"": ""0.0004046341449102887"", ""receiver_half_H_step_energy"": ""0.00040463414491031683"", ""receiver_normalized_H_step_error"": ""5.665527495198074"", ""reference_relative_residual"": ""9.418226815849891e-12"", ""result_sha256"": ""21a4a8cadbc957e20e0532a2ccbc88c5741c717967983392ba2cdbebd2c9e0bb"", ""selected_ids"": ""[2, 3, 32, 33]"", ""signed_full_gap_improvement"": ""0.00023975407000930763"", ""source_directory"": ""/Volumes/migodam's-external-brain/Research/Inv_SLAM/Gaussian/A17/CLOSURE_R1/remote_snapshots/noise_complete_v1/results/locked_validation_continuation_v1/object_2003/late"", ""stop_reason"": ""MOVE_BUDGET_EXHAUSTED""}",AUDITED_TERMINAL,
,,evaluation floor ONLY; not online acceptance tolerance,,True,,,improved,primary,,,"{""input"": ""frozen/cells.csv"", ""json_pointer"": null, ""row_index_zero_based"": 76, ""sha256"": ""96caff279881fc908cab7f1e1e6be34f8d5fcfc197a6a54c3d6b9317e1a51310""}",,,,FROZEN_MATERIAL_STEP_H_RISK,"{""evaluation_floor"": 1.071966077038765e-18, ""final_H_step_error"": 0.013882225398128145, ""final_full_gap"": 9.635809100218139e-05, ""final_normalized_H_step_error"": 2.764732904771185, ""receiver_H_step_error"": 0.017714448409971596, ""receiver_full_gap"": 0.00015690084123470114, ""receiver_normalized_H_step_error"": 3.5279443320034174, ""signed_full_gap_improvement"": 6.054275023251975e-05}",,,a17_closure_locked_validation_continuation_v1_2003_e62ac5b29b1d42ecac5b63720e7e0f10,,,True,"{""k"": ""8"", ""mode"": ""validation"", ""noise_basis_points"": ""0"", ""object_id"": ""2003"", ""phase"": ""late"", ""realization_index"": ""0""}",,,"{""input"": ""frozen/coverage.csv"", ""json_pointer"": null, ""row_index_zero_based"": 52, ""sha256"": ""c994c28d687aaafee0d5d4b1e01ceea95a313df6bbb856ff3ad003434ab89da6""}","{""accepted_moves"": ""2"", ""classification_scope"": ""evaluation floor ONLY; not online acceptance tolerance"", ""endpoint_sha256"": ""e52e5108b22e885e602f3bdd66ab59d9f3f052d1a5d9c2bfe532ca1be362b498"", ""evaluation_classification"": ""improved"", ""evaluation_floor"": ""1.071966077038765e-18"", ""final_H_step_error"": ""0.013882225398128145"", ""final_full_gap"": ""9.635809100218139e-05"", ""final_half_H_step_energy"": ""9.635809100221708e-05"", ""final_nonlinear_status"": ""{\""reason\"": \""Separate owner bounded nonlinear transfer stage\"", \""status\"": \""NOT_RUN\""}"", ""final_normalized_H_step_error"": ""2.764732904771185"", ""full_reference_H_energy"": ""2.5212262509040142e-05"", ""k"": ""8"", ""mode"": ""validation"", ""noise_basis_points"": ""0"", ""object_id"": ""2003"", ""one_step_truth"": ""{\""constraints_violated\"": true, \""relative_material_error\"": 0.2670182945575692, \""scope\"": \""Offline unconstrained alpha1 diagnostic; not nonlinear accepted update\""}"", ""paired_attempt"": ""a17_closure_locked_validation_continuation_v1_2003_e62ac5b29b1d42ecac5b63720e7e0f10"", ""phase"": ""late"", ""realization_index"": ""0"", ""receiver_H_step_error"": ""0.017714448409971596"", ""receiver_full_gap"": ""0.00015690084123470114"", ""receiver_half_H_step_energy"": ""0.00015690084123477262"", ""receiver_normalized_H_step_error"": ""3.5279443320034174"", ""reference_relative_residual"": ""9.418226815849891e-12"", ""result_sha256"": ""21a4a8cadbc957e20e0532a2ccbc88c5741c717967983392ba2cdbebd2c9e0bb"", ""selected_ids"": ""[1, 2, 3, 4, 5, 7, 33, 65]"", ""signed_full_gap_improvement"": ""6.054275023251975e-05"", ""source_directory"": ""/Volumes/migodam's-external-brain/Research/Inv_SLAM/Gaussian/A17/CLOSURE_R1/remote_snapshots/noise_complete_v1/results/locked_validation_continuation_v1/object_2003/late"", ""stop_reason"": ""ABSTAIN_UNRESOLVED""}",AUDITED_TERMINAL,
,,evaluation floor ONLY; not online acceptance tolerance,,True,,,improved,primary,,,"{""input"": ""frozen/cells.csv"", ""json_pointer"": null, ""row_index_zero_based"": 77, ""sha256"": ""96caff279881fc908cab7f1e1e6be34f8d5fcfc197a6a54c3d6b9317e1a51310""}",,,,FROZEN_MATERIAL_STEP_H_RISK,"{""evaluation_floor"": 1.071966077038765e-18, ""final_H_step_error"": 0.005160885536606105, ""final_full_gap"": 1.3317369761003491e-05, ""final_normalized_H_step_error"": 1.027822964374035, ""receiver_H_step_error"": 0.005718716397640751, ""receiver_full_gap"": 1.6351858618356444e-05, ""receiver_normalized_H_step_error"": 1.1389185050794384, ""signed_full_gap_improvement"": 3.0344888573529527e-06}",,,a17_closure_locked_validation_continuation_v1_2003_e62ac5b29b1d42ecac5b63720e7e0f10,,,True,"{""k"": ""16"", ""mode"": ""validation"", ""noise_basis_points"": ""0"", ""object_id"": ""2003"", ""phase"": ""late"", ""realization_index"": ""0""}",,,"{""input"": ""frozen/coverage.csv"", ""json_pointer"": null, ""row_index_zero_based"": 53, ""sha256"": ""c994c28d687aaafee0d5d4b1e01ceea95a313df6bbb856ff3ad003434ab89da6""}","{""accepted_moves"": ""3"", ""classification_scope"": ""evaluation floor ONLY; not online acceptance tolerance"", ""endpoint_sha256"": ""27dd5d1df4a9ba5b6ca601dd74185f15141c7474902e40a3da530f47d2623a47"", ""evaluation_classification"": ""improved"", ""evaluation_floor"": ""1.071966077038765e-18"", ""final_H_step_error"": ""0.005160885536606105"", ""final_full_gap"": ""1.3317369761003491e-05"", ""final_half_H_step_energy"": ""1.331736976097504e-05"", ""final_nonlinear_status"": ""{\""reason\"": \""Separate owner bounded nonlinear transfer stage\"", \""status\"": \""NOT_RUN\""}"", ""final_normalized_H_step_error"": ""1.027822964374035"", ""full_reference_H_energy"": ""2.5212262509040142e-05"", ""k"": ""16"", ""mode"": ""validation"", ""noise_basis_points"": ""0"", ""object_id"": ""2003"", ""one_step_truth"": ""{\""constraints_violated\"": true, \""relative_material_error\"": 0.3333943947549436, \""scope\"": \""Offline unconstrained alpha1 diagnostic; not nonlinear accepted update\""}"", ""paired_attempt"": ""a17_closure_locked_validation_continuation_v1_2003_e62ac5b29b1d42ecac5b63720e7e0f10"", ""phase"": ""late"", ""realization_index"": ""0"", ""receiver_H_step_error"": ""0.005718716397640751"", ""receiver_full_gap"": ""1.6351858618356444e-05"", ""receiver_half_H_step_energy"": ""1.63518586183226e-05"", ""receiver_normalized_H_step_error"": ""1.1389185050794384"", ""reference_relative_residual"": ""9.418226815849891e-12"", ""result_sha256"": ""21a4a8cadbc957e20e0532a2ccbc88c5741c717967983392ba2cdbebd2c9e0bb"", ""selected_ids"": ""[0, 1, 2, 3, 5, 6, 7, 8, 9, 10, 11, 14, 15, 96, 98, 4]"", ""signed_full_gap_improvement"": ""3.0344888573529527e-06"", ""source_directory"": ""/Volumes/migodam's-external-brain/Research/Inv_SLAM/Gaussian/A17/CLOSURE_R1/remote_snapshots/noise_complete_v1/results/locked_validation_continuation_v1/object_2003/late"", ""stop_reason"": ""MOVE_BUDGET_EXHAUSTED""}",AUDITED_TERMINAL,
,,evaluation floor ONLY; not online acceptance tolerance,,True,,,improved,primary,,,"{""input"": ""frozen/cells.csv"", ""json_pointer"": null, ""row_index_zero_based"": 81, ""sha256"": ""96caff279881fc908cab7f1e1e6be34f8d5fcfc197a6a54c3d6b9317e1a51310""}",,,,FROZEN_MATERIAL_STEP_H_RISK,"{""evaluation_floor"": 4.318574103338581e-15, ""final_H_step_error"": 0.028625765114370733, ""final_full_gap"": 0.00040971721419596476, ""final_normalized_H_step_error"": 0.051853891127254616, ""receiver_H_step_error"": 0.03395804540982564, ""receiver_full_gap"": 0.0005765744240291336, ""receiver_normalized_H_step_error"": 0.06151300349668139, ""signed_full_gap_improvement"": 0.00016685720983316882}",,,a17_closure_locked_validation_continuation_v1_2004_abb477d73a064ae1b10a355cc1b6faf7,,,True,"{""k"": ""4"", ""mode"": ""validation"", ""noise_basis_points"": ""0"", ""object_id"": ""2004"", ""phase"": ""early"", ""realization_index"": ""0""}",,,"{""input"": ""frozen/coverage.csv"", ""json_pointer"": null, ""row_index_zero_based"": 54, ""sha256"": ""c994c28d687aaafee0d5d4b1e01ceea95a313df6bbb856ff3ad003434ab89da6""}","{""accepted_moves"": ""1"", ""classification_scope"": ""evaluation floor ONLY; not online acceptance tolerance"", ""endpoint_sha256"": ""d15ec74b34929254dbc13d0b359d5a120056f93c297cd5b60aecb49b16e4c425"", ""evaluation_classification"": ""improved"", ""evaluation_floor"": ""4.318574103338581e-15"", ""final_H_step_error"": ""0.028625765114370733"", ""final_full_gap"": ""0.00040971721419596476"", ""final_half_H_step_energy"": ""0.0004097172141915622"", ""final_nonlinear_status"": ""{\""reason\"": \""Separate owner bounded nonlinear transfer stage\"", \""status\"": \""NOT_RUN\""}"", ""final_normalized_H_step_error"": ""0.051853891127254616"", ""full_reference_H_energy"": ""0.30475546604834547"", ""k"": ""4"", ""mode"": ""validation"", ""noise_basis_points"": ""0"", ""object_id"": ""2004"", ""one_step_truth"": ""{\""constraints_violated\"": true, \""relative_material_error\"": 0.5709434584032129, \""scope\"": \""Offline unconstrained alpha1 diagnostic; not nonlinear accepted update\""}"", ""paired_attempt"": ""a17_closure_locked_validation_continuation_v1_2004_abb477d73a064ae1b10a355cc1b6faf7"", ""phase"": ""early"", ""realization_index"": ""0"", ""receiver_H_step_error"": ""0.03395804540982564"", ""receiver_full_gap"": ""0.0005765744240291336"", ""receiver_half_H_step_energy"": ""0.00057657442402789"", ""receiver_normalized_H_step_error"": ""0.06151300349668139"", ""reference_relative_residual"": ""1.0379406923901778e-12"", ""result_sha256"": ""0955a12535a420d7b0d7f95c09c9d83aaa4c96679ddda8bc82d1eb64a4c62158"", ""selected_ids"": ""[1, 2, 3, 4]"", ""signed_full_gap_improvement"": ""0.00016685720983316882"", ""source_directory"": ""/Volumes/migodam's-external-brain/Research/Inv_SLAM/Gaussian/A17/CLOSURE_R1/remote_snapshots/noise_complete_v1/results/locked_validation_continuation_v1/object_2004/early"", ""stop_reason"": ""ABSTAIN_UNRESOLVED""}",AUDITED_TERMINAL,
,,evaluation floor ONLY; not online acceptance tolerance,,True,,,improved,primary,,,"{""input"": ""frozen/cells.csv"", ""json_pointer"": null, ""row_index_zero_based"": 82, ""sha256"": ""96caff279881fc908cab7f1e1e6be34f8d5fcfc197a6a54c3d6b9317e1a51310""}",,,,FROZEN_MATERIAL_STEP_H_RISK,"{""evaluation_floor"": 4.318574103338581e-15, ""final_H_step_error"": 0.02030559569004769, ""final_full_gap"": 0.00020615860817169433, ""final_normalized_H_step_error"": 0.036782393203428944, ""receiver_H_step_error"": 0.02170435214538068, ""receiver_full_gap"": 0.00023553945103107547, ""receiver_normalized_H_step_error"": 0.039316158315334006, ""signed_full_gap_improvement"": 2.9380842859381132e-05}",,,a17_closure_locked_validation_continuation_v1_2004_abb477d73a064ae1b10a355cc1b6faf7,,,True,"{""k"": ""8"", ""mode"": ""validation"", ""noise_basis_points"": ""0"", ""object_id"": ""2004"", ""phase"": ""early"", ""realization_index"": ""0""}",,,"{""input"": ""frozen/coverage.csv"", ""json_pointer"": null, ""row_index_zero_based"": 55, ""sha256"": ""c994c28d687aaafee0d5d4b1e01ceea95a313df6bbb856ff3ad003434ab89da6""}","{""accepted_moves"": ""2"", ""classification_scope"": ""evaluation floor ONLY; not online acceptance tolerance"", ""endpoint_sha256"": ""dfe451d5e438492de72b084832d8629da749ac2a68723e611d9c98dcc554a187"", ""evaluation_classification"": ""improved"", ""evaluation_floor"": ""4.318574103338581e-15"", ""final_H_step_error"": ""0.02030559569004769"", ""final_full_gap"": ""0.00020615860817169433"", ""final_half_H_step_energy"": ""0.00020615860816384162"", ""final_nonlinear_status"": ""{\""reason\"": \""Separate owner bounded nonlinear transfer stage\"", \""status\"": \""NOT_RUN\""}"", ""final_normalized_H_step_error"": ""0.036782393203428944"", ""full_reference_H_energy"": ""0.30475546604834547"", ""k"": ""8"", ""mode"": ""validation"", ""noise_basis_points"": ""0"", ""object_id"": ""2004"", ""one_step_truth"": ""{\""constraints_violated\"": true, \""relative_material_error\"": 0.5636296089683296, \""scope\"": \""Offline unconstrained alpha1 diagnostic; not nonlinear accepted update\""}"", ""paired_attempt"": ""a17_closure_locked_validation_continuation_v1_2004_abb477d73a064ae1b10a355cc1b6faf7"", ""phase"": ""early"", ""realization_index"": ""0"", ""receiver_H_step_error"": ""0.02170435214538068"", ""receiver_full_gap"": ""0.00023553945103107547"", ""receiver_half_H_step_energy"": ""0.00023553945102534549"", ""receiver_normalized_H_step_error"": ""0.039316158315334006"", ""reference_relative_residual"": ""1.0379406923901778e-12"", ""result_sha256"": ""0955a12535a420d7b0d7f95c09c9d83aaa4c96679ddda8bc82d1eb64a4c62158"", ""selected_ids"": ""[0, 1, 2, 5, 6, 7, 8, 9]"", ""signed_full_gap_improvement"": ""2.9380842859381132e-05"", ""source_directory"": ""/Volumes/migodam's-external-brain/Research/Inv_SLAM/Gaussian/A17/CLOSURE_R1/remote_snapshots/noise_complete_v1/results/locked_validation_continuation_v1/object_2004/early"", ""stop_reason"": ""ABSTAIN_UNRESOLVED""}",AUDITED_TERMINAL,
,,evaluation floor ONLY; not online acceptance tolerance,,True,,,improved,primary,,,"{""input"": ""frozen/cells.csv"", ""json_pointer"": null, ""row_index_zero_based"": 83, ""sha256"": ""96caff279881fc908cab7f1e1e6be34f8d5fcfc197a6a54c3d6b9317e1a51310""}",,,,FROZEN_MATERIAL_STEP_H_RISK,"{""evaluation_floor"": 4.318574103338581e-15, ""final_H_step_error"": 0.008480226141117254, ""final_full_gap"": 3.5957117705765546e-05, ""final_normalized_H_step_error"": 0.015361431259534705, ""receiver_H_step_error"": 0.011020195840928072, ""receiver_full_gap"": 6.0722358189003874e-05, ""receiver_normalized_H_step_error"": 0.019962437093065978, ""signed_full_gap_improvement"": 2.4765240483238328e-05}",,,a17_closure_locked_validation_continuation_v1_2004_abb477d73a064ae1b10a355cc1b6faf7,,,True,"{""k"": ""16"", ""mode"": ""validation"", ""noise_basis_points"": ""0"", ""object_id"": ""2004"", ""phase"": ""early"", ""realization_index"": ""0""}",,,"{""input"": ""frozen/coverage.csv"", ""json_pointer"": null, ""row_index_zero_based"": 56, ""sha256"": ""c994c28d687aaafee0d5d4b1e01ceea95a313df6bbb856ff3ad003434ab89da6""}","{""accepted_moves"": ""3"", ""classification_scope"": ""evaluation floor ONLY; not online acceptance tolerance"", ""endpoint_sha256"": ""8c4b799304d6566641e713403d007786b2f4237b1a1f7637d5d6240c9ef5cf04"", ""evaluation_classification"": ""improved"", ""evaluation_floor"": ""4.318574103338581e-15"", ""final_H_step_error"": ""0.008480226141117254"", ""final_full_gap"": ""3.5957117705765546e-05"", ""final_half_H_step_energy"": ""3.595711770224422e-05"", ""final_nonlinear_status"": ""{\""reason\"": \""Separate owner bounded nonlinear transfer stage\"", \""status\"": \""NOT_RUN\""}"", ""final_normalized_H_step_error"": ""0.015361431259534705"", ""full_reference_H_energy"": ""0.30475546604834547"", ""k"": ""16"", ""mode"": ""validation"", ""noise_basis_points"": ""0"", ""object_id"": ""2004"", ""one_step_truth"": ""{\""constraints_violated\"": true, \""relative_material_error\"": 0.5454150039828469, \""scope\"": \""Offline unconstrained alpha1 diagnostic; not nonlinear accepted update\""}"", ""paired_attempt"": ""a17_closure_locked_validation_continuation_v1_2004_abb477d73a064ae1b10a355cc1b6faf7"", ""phase"": ""early"", ""realization_index"": ""0"", ""receiver_H_step_error"": ""0.011020195840928072"", ""receiver_full_gap"": ""6.0722358189003874e-05"", ""receiver_half_H_step_energy"": ""6.0722358186204186e-05"", ""receiver_normalized_H_step_error"": ""0.019962437093065978"", ""reference_relative_residual"": ""1.0379406923901778e-12"", ""result_sha256"": ""0955a12535a420d7b0d7f95c09c9d83aaa4c96679ddda8bc82d1eb64a4c62158"", ""selected_ids"": ""[0, 1, 2, 5, 6, 7, 8, 9, 10, 11, 12, 13, 14, 15, 66, 65]"", ""signed_full_gap_improvement"": ""2.4765240483238328e-05"", ""source_directory"": ""/Volumes/migodam's-external-brain/Research/Inv_SLAM/Gaussian/A17/CLOSURE_R1/remote_snapshots/noise_complete_v1/results/locked_validation_continuation_v1/object_2004/early"", ""stop_reason"": ""MOVE_BUDGET_EXHAUSTED""}",AUDITED_TERMINAL,
,,evaluation floor ONLY; not online acceptance tolerance,,True,,,improved,primary,,,"{""input"": ""frozen/cells.csv"", ""json_pointer"": null, ""row_index_zero_based"": 87, ""sha256"": ""96caff279881fc908cab7f1e1e6be34f8d5fcfc197a6a54c3d6b9317e1a51310""}",,,,FROZEN_MATERIAL_STEP_H_RISK,"{""evaluation_floor"": 6.884300005212678e-19, ""final_H_step_error"": 0.009017592356750821, ""final_full_gap"": 4.065848595625888e-05, ""final_normalized_H_step_error"": 1.2130616211753669, ""receiver_H_step_error"": 0.016772837811066692, ""receiver_full_gap"": 0.00014066404411811303, ""receiver_normalized_H_step_error"": 2.256310223601104, ""signed_full_gap_improvement"": 0.00010000555816185415}",,,a17_closure_locked_validation_continuation_v1_2004_abb477d73a064ae1b10a355cc1b6faf7,,,True,"{""k"": ""4"", ""mode"": ""validation"", ""noise_basis_points"": ""0"", ""object_id"": ""2004"", ""phase"": ""middle"", ""realization_index"": ""0""}",,,"{""input"": ""frozen/coverage.csv"", ""json_pointer"": null, ""row_index_zero_based"": 57, ""sha256"": ""c994c28d687aaafee0d5d4b1e01ceea95a313df6bbb856ff3ad003434ab89da6""}","{""accepted_moves"": ""3"", ""classification_scope"": ""evaluation floor ONLY; not online acceptance tolerance"", ""endpoint_sha256"": ""5481466cb832cdc636ced6cba9c4406d29f94ad94a372de5bf4ff41c66d827f8"", ""evaluation_classification"": ""improved"", ""evaluation_floor"": ""6.884300005212678e-19"", ""final_H_step_error"": ""0.009017592356750821"", ""final_full_gap"": ""4.065848595625888e-05"", ""final_half_H_step_energy"": ""4.065848595626542e-05"", ""final_nonlinear_status"": ""{\""reason\"": \""Separate owner bounded nonlinear transfer stage\"", \""status\"": \""NOT_RUN\""}"", ""final_normalized_H_step_error"": ""1.2130616211753669"", ""full_reference_H_energy"": ""5.526058428154276e-05"", ""k"": ""4"", ""mode"": ""validation"", ""noise_basis_points"": ""0"", ""object_id"": ""2004"", ""one_step_truth"": ""{\""constraints_violated\"": true, \""relative_material_error\"": 0.40587601429379544, \""scope\"": \""Offline unconstrained alpha1 diagnostic; not nonlinear accepted update\""}"", ""paired_attempt"": ""a17_closure_locked_validation_continuation_v1_2004_abb477d73a064ae1b10a355cc1b6faf7"", ""phase"": ""middle"", ""realization_index"": ""0"", ""receiver_H_step_error"": ""0.016772837811066692"", ""receiver_full_gap"": ""0.00014066404411811303"", ""receiver_half_H_step_energy"": ""0.00014066404411817424"", ""receiver_normalized_H_step_error"": ""2.256310223601104"", ""reference_relative_residual"": ""5.038108720207746e-12"", ""result_sha256"": ""49403cb3add65e953fb64d0692435b15b3cc24dff56470a9b8fffde8ec7889d4"", ""selected_ids"": ""[0, 4, 5, 128]"", ""signed_full_gap_improvement"": ""0.00010000555816185415"", ""source_directory"": ""/Volumes/migodam's-external-brain/Research/Inv_SLAM/Gaussian/A17/CLOSURE_R1/remote_snapshots/noise_complete_v1/results/locked_validation_continuation_v1/object_2004/middle"", ""stop_reason"": ""MOVE_BUDGET_EXHAUSTED""}",AUDITED_TERMINAL,
,,evaluation floor ONLY; not online acceptance tolerance,,True,,,improved,primary,,,"{""input"": ""frozen/cells.csv"", ""json_pointer"": null, ""row_index_zero_based"": 88, ""sha256"": ""96caff279881fc908cab7f1e1e6be34f8d5fcfc197a6a54c3d6b9317e1a51310""}",,,,FROZEN_MATERIAL_STEP_H_RISK,"{""evaluation_floor"": 6.884300005212678e-19, ""final_H_step_error"": 0.007394271031755903, ""final_full_gap"": 2.7337622045555198e-05, ""final_normalized_H_step_error"": 0.9946897187559044, ""receiver_H_step_error"": 0.0128632221089956, ""receiver_full_gap"": 8.273124151266133e-05, ""receiver_normalized_H_step_error"": 1.730382173839952, ""signed_full_gap_improvement"": 5.539361946710613e-05}",,,a17_closure_locked_validation_continuation_v1_2004_abb477d73a064ae1b10a355cc1b6faf7,,,True,"{""k"": ""8"", ""mode"": ""validation"", ""noise_basis_points"": ""0"", ""object_id"": ""2004"", ""phase"": ""middle"", ""realization_index"": ""0""}",,,"{""input"": ""frozen/coverage.csv"", ""json_pointer"": null, ""row_index_zero_based"": 58, ""sha256"": ""c994c28d687aaafee0d5d4b1e01ceea95a313df6bbb856ff3ad003434ab89da6""}","{""accepted_moves"": ""3"", ""classification_scope"": ""evaluation floor ONLY; not online acceptance tolerance"", ""endpoint_sha256"": ""c4ecfb270ce0c51ad7990ee1a1537484437104a227e7052d3e1aa0fd3fa0a709"", ""evaluation_classification"": ""improved"", ""evaluation_floor"": ""6.884300005212678e-19"", ""final_H_step_error"": ""0.007394271031755903"", ""final_full_gap"": ""2.7337622045555198e-05"", ""final_half_H_step_energy"": ""2.733762204553225e-05"", ""final_nonlinear_status"": ""{\""reason\"": \""Separate owner bounded nonlinear transfer stage\"", \""status\"": \""NOT_RUN\""}"", ""final_normalized_H_step_error"": ""0.9946897187559044"", ""full_reference_H_energy"": ""5.526058428154276e-05"", ""k"": ""8"", ""mode"": ""validation"", ""noise_basis_points"": ""0"", ""object_id"": ""2004"", ""one_step_truth"": ""{\""constraints_violated\"": true, \""relative_material_error\"": 0.40243702199808407, \""scope\"": \""Offline unconstrained alpha1 diagnostic; not nonlinear accepted update\""}"", ""paired_attempt"": ""a17_closure_locked_validation_continuation_v1_2004_abb477d73a064ae1b10a355cc1b6faf7"", ""phase"": ""middle"", ""realization_index"": ""0"", ""receiver_H_step_error"": ""0.0128632221089956"", ""receiver_full_gap"": ""8.273124151266133e-05"", ""receiver_half_H_step_energy"": ""8.27312415126766e-05"", ""receiver_normalized_H_step_error"": ""1.730382173839952"", ""reference_relative_residual"": ""5.038108720207746e-12"", ""result_sha256"": ""49403cb3add65e953fb64d0692435b15b3cc24dff56470a9b8fffde8ec7889d4"", ""selected_ids"": ""[0, 3, 4, 5, 7, 65, 96, 1]"", ""signed_full_gap_improvement"": ""5.539361946710613e-05"", ""source_directory"": ""/Volumes/migodam's-external-brain/Research/Inv_SLAM/Gaussian/A17/CLOSURE_R1/remote_snapshots/noise_complete_v1/results/locked_validation_continuation_v1/object_2004/middle"", ""stop_reason"": ""MOVE_BUDGET_EXHAUSTED""}",AUDITED_TERMINAL,
,,evaluation floor ONLY; not online acceptance tolerance,,True,,,improved,primary,,,"{""input"": ""frozen/cells.csv"", ""json_pointer"": null, ""row_index_zero_based"": 89, ""sha256"": ""96caff279881fc908cab7f1e1e6be34f8d5fcfc197a6a54c3d6b9317e1a51310""}",,,,FROZEN_MATERIAL_STEP_H_RISK,"{""evaluation_floor"": 6.884300005212678e-19, ""final_H_step_error"": 0.0036887059643703757, ""final_full_gap"": 6.803275845805615e-06, ""final_normalized_H_step_error"": 0.49621090199631185, ""receiver_H_step_error"": 0.005243379593686768, ""receiver_full_gap"": 1.3746514781767669e-05, ""receiver_normalized_H_step_error"": 0.7053482014624255, ""signed_full_gap_improvement"": 6.943238935962054e-06}",,,a17_closure_locked_validation_continuation_v1_2004_abb477d73a064ae1b10a355cc1b6faf7,,,True,"{""k"": ""16"", ""mode"": ""validation"", ""noise_basis_points"": ""0"", ""object_id"": ""2004"", ""phase"": ""middle"", ""realization_index"": ""0""}",,,"{""input"": ""frozen/coverage.csv"", ""json_pointer"": null, ""row_index_zero_based"": 59, ""sha256"": ""c994c28d687aaafee0d5d4b1e01ceea95a313df6bbb856ff3ad003434ab89da6""}","{""accepted_moves"": ""2"", ""classification_scope"": ""evaluation floor ONLY; not online acceptance tolerance"", ""endpoint_sha256"": ""df0b1a5bb7d105eb83fc15bf44d4440346c56cc3a8285a010c5476de4bf24597"", ""evaluation_classification"": ""improved"", ""evaluation_floor"": ""6.884300005212678e-19"", ""final_H_step_error"": ""0.0036887059643703757"", ""final_full_gap"": ""6.803275845805615e-06"", ""final_half_H_step_energy"": ""6.803275845790791e-06"", ""final_nonlinear_status"": ""{\""reason\"": \""Separate owner bounded nonlinear transfer stage\"", \""status\"": \""NOT_RUN\""}"", ""final_normalized_H_step_error"": ""0.49621090199631185"", ""full_reference_H_energy"": ""5.526058428154276e-05"", ""k"": ""16"", ""mode"": ""validation"", ""noise_basis_points"": ""0"", ""object_id"": ""2004"", ""one_step_truth"": ""{\""constraints_violated\"": true, \""relative_material_error\"": 0.3965953067072488, \""scope\"": \""Offline unconstrained alpha1 diagnostic; not nonlinear accepted update\""}"", ""paired_attempt"": ""a17_closure_locked_validation_continuation_v1_2004_abb477d73a064ae1b10a355cc1b6faf7"", ""phase"": ""middle"", ""realization_index"": ""0"", ""receiver_H_step_error"": ""0.005243379593686768"", ""receiver_full_gap"": ""1.3746514781767669e-05"", ""receiver_half_H_step_energy"": ""1.3746514781745409e-05"", ""receiver_normalized_H_step_error"": ""0.7053482014624255"", ""reference_relative_residual"": ""5.038108720207746e-12"", ""result_sha256"": ""49403cb3add65e953fb64d0692435b15b3cc24dff56470a9b8fffde8ec7889d4"", ""selected_ids"": ""[0, 1, 2, 3, 4, 5, 6, 7, 8, 10, 12, 13, 14, 15, 96, 98]"", ""signed_full_gap_improvement"": ""6.943238935962054e-06"", ""source_directory"": ""/Volumes/migodam's-external-brain/Research/Inv_SLAM/Gaussian/A17/CLOSURE_R1/remote_snapshots/noise_complete_v1/results/locked_validation_continuation_v1/object_2004/middle"", ""stop_reason"": ""ABSTAIN_UNRESOLVED""}",AUDITED_TERMINAL,
,,evaluation floor ONLY; not online acceptance tolerance,,True,,,improved,primary,,,"{""input"": ""frozen/cells.csv"", ""json_pointer"": null, ""row_index_zero_based"": 84, ""sha256"": ""96caff279881fc908cab7f1e1e6be34f8d5fcfc197a6a54c3d6b9317e1a51310""}",,,,FROZEN_MATERIAL_STEP_H_RISK,"{""evaluation_floor"": 1.629242733159325e-20, ""final_H_step_error"": 0.004872522771155199, ""final_full_gap"": 1.187073907771187e-05, ""final_normalized_H_step_error"": 4.533518995367605, ""receiver_H_step_error"": 0.0072652808844414435, ""receiver_full_gap"": 2.6392153164920296e-05, ""receiver_normalized_H_step_error"": 6.759801943108727, ""signed_full_gap_improvement"": 1.4521414087208426e-05}",,,a17_closure_locked_validation_continuation_v1_2004_abb477d73a064ae1b10a355cc1b6faf7,,,True,"{""k"": ""4"", ""mode"": ""validation"", ""noise_basis_points"": ""0"", ""object_id"": ""2004"", ""phase"": ""late"", ""realization_index"": ""0""}",,,"{""input"": ""frozen/coverage.csv"", ""json_pointer"": null, ""row_index_zero_based"": 60, ""sha256"": ""c994c28d687aaafee0d5d4b1e01ceea95a313df6bbb856ff3ad003434ab89da6""}","{""accepted_moves"": ""3"", ""classification_scope"": ""evaluation floor ONLY; not online acceptance tolerance"", ""endpoint_sha256"": ""8917351cf48d6d2397a2d9bb79906d51edfa354d5f1c57e1db3a27a0a3b3a726"", ""evaluation_classification"": ""improved"", ""evaluation_floor"": ""1.629242733159325e-20"", ""final_H_step_error"": ""0.004872522771155199"", ""final_full_gap"": ""1.187073907771187e-05"", ""final_half_H_step_energy"": ""1.1870739077712974e-05"", ""final_nonlinear_status"": ""{\""reason\"": \""Separate owner bounded nonlinear transfer stage\"", \""status\"": \""NOT_RUN\""}"", ""final_normalized_H_step_error"": ""4.533518995367605"", ""full_reference_H_energy"": ""1.1551459913132076e-06"", ""k"": ""4"", ""mode"": ""validation"", ""noise_basis_points"": ""0"", ""object_id"": ""2004"", ""one_step_truth"": ""{\""constraints_violated\"": true, \""relative_material_error\"": 0.25280374982778203, \""scope\"": \""Offline unconstrained alpha1 diagnostic; not nonlinear accepted update\""}"", ""paired_attempt"": ""a17_closure_locked_validation_continuation_v1_2004_abb477d73a064ae1b10a355cc1b6faf7"", ""phase"": ""late"", ""realization_index"": ""0"", ""receiver_H_step_error"": ""0.0072652808844414435"", ""receiver_full_gap"": ""2.6392153164920296e-05"", ""receiver_half_H_step_energy"": ""2.6392153164915122e-05"", ""receiver_normalized_H_step_error"": ""6.759801943108727"", ""reference_relative_residual"": ""5.918838232927275e-12"", ""result_sha256"": ""b8e41016676c2d51f38567d82c074d269fcd597b3d5a4638e1b61ec008472abf"", ""selected_ids"": ""[2, 3, 98, 64]"", ""signed_full_gap_improvement"": ""1.4521414087208426e-05"", ""source_directory"": ""/Volumes/migodam's-external-brain/Research/Inv_SLAM/Gaussian/A17/CLOSURE_R1/remote_snapshots/noise_complete_v1/results/locked_validation_continuation_v1/object_2004/late"", ""stop_reason"": ""MOVE_BUDGET_EXHAUSTED""}",AUDITED_TERMINAL,
,,evaluation floor ONLY; not online acceptance tolerance,,True,,,improved,primary,,,"{""input"": ""frozen/cells.csv"", ""json_pointer"": null, ""row_index_zero_based"": 85, ""sha256"": ""96caff279881fc908cab7f1e1e6be34f8d5fcfc197a6a54c3d6b9317e1a51310""}",,,,FROZEN_MATERIAL_STEP_H_RISK,"{""evaluation_floor"": 1.629242733159325e-20, ""final_H_step_error"": 0.0021213811472668223, ""final_full_gap"": 2.2501289859865256e-06, ""final_normalized_H_step_error"": 1.9737869229636753, ""receiver_H_step_error"": 0.0029179925475102163, ""receiver_full_gap"": 4.257340253658217e-06, ""receiver_normalized_H_step_error"": 2.7149744113648, ""signed_full_gap_improvement"": 2.007211267671691e-06}",,,a17_closure_locked_validation_continuation_v1_2004_abb477d73a064ae1b10a355cc1b6faf7,,,True,"{""k"": ""8"", ""mode"": ""validation"", ""noise_basis_points"": ""0"", ""object_id"": ""2004"", ""phase"": ""late"", ""realization_index"": ""0""}",,,"{""input"": ""frozen/coverage.csv"", ""json_pointer"": null, ""row_index_zero_based"": 61, ""sha256"": ""c994c28d687aaafee0d5d4b1e01ceea95a313df6bbb856ff3ad003434ab89da6""}","{""accepted_moves"": ""2"", ""classification_scope"": ""evaluation floor ONLY; not online acceptance tolerance"", ""endpoint_sha256"": ""daa8f7969eb0fb2a74384023ef822cc0b99cae3edfe5e958d88277722ce41d0a"", ""evaluation_classification"": ""improved"", ""evaluation_floor"": ""1.629242733159325e-20"", ""final_H_step_error"": ""0.0021213811472668223"", ""final_full_gap"": ""2.2501289859865256e-06"", ""final_half_H_step_energy"": ""2.25012898598955e-06"", ""final_nonlinear_status"": ""{\""reason\"": \""Separate owner bounded nonlinear transfer stage\"", \""status\"": \""NOT_RUN\""}"", ""final_normalized_H_step_error"": ""1.9737869229636753"", ""full_reference_H_energy"": ""1.1551459913132076e-06"", ""k"": ""8"", ""mode"": ""validation"", ""noise_basis_points"": ""0"", ""object_id"": ""2004"", ""one_step_truth"": ""{\""constraints_violated\"": true, \""relative_material_error\"": 0.24898288405390162, \""scope\"": \""Offline unconstrained alpha1 diagnostic; not nonlinear accepted update\""}"", ""paired_attempt"": ""a17_closure_locked_validation_continuation_v1_2004_abb477d73a064ae1b10a355cc1b6faf7"", ""phase"": ""late"", ""realization_index"": ""0"", ""receiver_H_step_error"": ""0.0029179925475102163"", ""receiver_full_gap"": ""4.257340253658217e-06"", ""receiver_half_H_step_energy"": ""4.257340253662581e-06"", ""receiver_normalized_H_step_error"": ""2.7149744113648"", ""reference_relative_residual"": ""5.918838232927275e-12"", ""result_sha256"": ""b8e41016676c2d51f38567d82c074d269fcd597b3d5a4638e1b61ec008472abf"", ""selected_ids"": ""[0, 2, 3, 4, 5, 7, 65, 8]"", ""signed_full_gap_improvement"": ""2.007211267671691e-06"", ""source_directory"": ""/Volumes/migodam's-external-brain/Research/Inv_SLAM/Gaussian/A17/CLOSURE_R1/remote_snapshots/noise_complete_v1/results/locked_validation_continuation_v1/object_2004/late"", ""stop_reason"": ""ABSTAIN_UNRESOLVED""}",AUDITED_TERMINAL,
,,evaluation floor ONLY; not online acceptance tolerance,,True,,,improved,primary,,,"{""input"": ""frozen/cells.csv"", ""json_pointer"": null, ""row_index_zero_based"": 86, ""sha256"": ""96caff279881fc908cab7f1e1e6be34f8d5fcfc197a6a54c3d6b9317e1a51310""}",,,,FROZEN_MATERIAL_STEP_H_RISK,"{""evaluation_floor"": 1.629242733159325e-20, ""final_H_step_error"": 0.000592123497494776, ""final_full_gap"": 1.753051181430171e-07, ""final_normalized_H_step_error"": 0.5509267477183363, ""receiver_H_step_error"": 0.0008093565917444646, ""receiver_full_gap"": 3.2752904630045307e-07, ""receiver_normalized_H_step_error"": 0.7530459384245413, ""signed_full_gap_improvement"": 1.5222392815743598e-07}",,,a17_closure_locked_validation_continuation_v1_2004_abb477d73a064ae1b10a355cc1b6faf7,,,True,"{""k"": ""16"", ""mode"": ""validation"", ""noise_basis_points"": ""0"", ""object_id"": ""2004"", ""phase"": ""late"", ""realization_index"": ""0""}",,,"{""input"": ""frozen/coverage.csv"", ""json_pointer"": null, ""row_index_zero_based"": 62, ""sha256"": ""c994c28d687aaafee0d5d4b1e01ceea95a313df6bbb856ff3ad003434ab89da6""}","{""accepted_moves"": ""3"", ""classification_scope"": ""evaluation floor ONLY; not online acceptance tolerance"", ""endpoint_sha256"": ""b17320ea7506d7ae9ecdc51150dff0dc3c62e6db0f040c2675aa5ec78dad4027"", ""evaluation_classification"": ""improved"", ""evaluation_floor"": ""1.629242733159325e-20"", ""final_H_step_error"": ""0.000592123497494776"", ""final_full_gap"": ""1.753051181430171e-07"", ""final_half_H_step_energy"": ""1.75305118142723e-07"", ""final_nonlinear_status"": ""{\""reason\"": \""Separate owner bounded nonlinear transfer stage\"", \""status\"": \""NOT_RUN\""}"", ""final_normalized_H_step_error"": ""0.5509267477183363"", ""full_reference_H_energy"": ""1.1551459913132076e-06"", ""k"": ""16"", ""mode"": ""validation"", ""noise_basis_points"": ""0"", ""object_id"": ""2004"", ""one_step_truth"": ""{\""constraints_violated\"": true, \""relative_material_error\"": 0.23736220246961973, \""scope\"": \""Offline unconstrained alpha1 diagnostic; not nonlinear accepted update\""}"", ""paired_attempt"": ""a17_closure_locked_validation_continuation_v1_2004_abb477d73a064ae1b10a355cc1b6faf7"", ""phase"": ""late"", ""realization_index"": ""0"", ""receiver_H_step_error"": ""0.0008093565917444646"", ""receiver_full_gap"": ""3.2752904630045307e-07"", ""receiver_half_H_step_energy"": ""3.2752904630010796e-07"", ""receiver_normalized_H_step_error"": ""0.7530459384245413"", ""reference_relative_residual"": ""5.918838232927275e-12"", ""result_sha256"": ""b8e41016676c2d51f38567d82c074d269fcd597b3d5a4638e1b61ec008472abf"", ""selected_ids"": ""[0, 1, 2, 3, 4, 7, 8, 9, 10, 12, 13, 14, 15, 96, 97, 98]"", ""signed_full_gap_improvement"": ""1.5222392815743598e-07"", ""source_directory"": ""/Volumes/migodam's-external-brain/Research/Inv_SLAM/Gaussian/A17/CLOSURE_R1/remote_snapshots/noise_complete_v1/results/locked_validation_continuation_v1/object_2004/late"", ""stop_reason"": ""MOVE_BUDGET_EXHAUSTED""}",AUDITED_TERMINAL,
,,evaluation floor ONLY; not online acceptance tolerance,,True,,,improved,primary,,,"{""input"": ""frozen/cells.csv"", ""json_pointer"": null, ""row_index_zero_based"": 90, ""sha256"": ""96caff279881fc908cab7f1e1e6be34f8d5fcfc197a6a54c3d6b9317e1a51310""}",,,,FROZEN_MATERIAL_STEP_H_RISK,"{""evaluation_floor"": 6.931729472525306e-16, ""final_H_step_error"": 0.01672535989005672, ""final_full_gap"": 0.00013986883173426005, ""final_normalized_H_step_error"": 0.07567136804921384, ""receiver_H_step_error"": 0.02471379670753262, ""receiver_full_gap"": 0.00030538587389168507, ""receiver_normalized_H_step_error"": 0.11181384549225432, ""signed_full_gap_improvement"": 0.00016551704215742502}",,,a17_closure_locked_validation_continuation_v1_2005_92e605d173434ee8851cdcb9d151a257,,,True,"{""k"": ""4"", ""mode"": ""validation"", ""noise_basis_points"": ""0"", ""object_id"": ""2005"", ""phase"": ""early"", ""realization_index"": ""0""}",,,"{""input"": ""frozen/coverage.csv"", ""json_pointer"": null, ""row_index_zero_based"": 63, ""sha256"": ""c994c28d687aaafee0d5d4b1e01ceea95a313df6bbb856ff3ad003434ab89da6""}","{""accepted_moves"": ""2"", ""classification_scope"": ""evaluation floor ONLY; not online acceptance tolerance"", ""endpoint_sha256"": ""a653b3a0c8952189a3b28511f5d4abc09ac769591e9a8fb49ab4fef733fd1ca3"", ""evaluation_classification"": ""improved"", ""evaluation_floor"": ""6.931729472525306e-16"", ""final_H_step_error"": ""0.01672535989005672"", ""final_full_gap"": ""0.00013986883173426005"", ""final_half_H_step_energy"": ""0.0001398688317259591"", ""final_nonlinear_status"": ""{\""reason\"": \""Separate owner bounded nonlinear transfer stage\"", \""status\"": \""NOT_RUN\""}"", ""final_normalized_H_step_error"": ""0.07567136804921384"", ""full_reference_H_energy"": ""0.04885261006928468"", ""k"": ""4"", ""mode"": ""validation"", ""noise_basis_points"": ""0"", ""object_id"": ""2005"", ""one_step_truth"": ""{\""constraints_violated\"": false, \""relative_material_error\"": 0.7355650700039401, \""scope\"": \""Offline unconstrained alpha1 diagnostic; not nonlinear accepted update\""}"", ""paired_attempt"": ""a17_closure_locked_validation_continuation_v1_2005_92e605d173434ee8851cdcb9d151a257"", ""phase"": ""early"", ""realization_index"": ""0"", ""receiver_H_step_error"": ""0.02471379670753262"", ""receiver_full_gap"": ""0.00030538587389168507"", ""receiver_half_H_step_energy"": ""0.00030538587385062503"", ""receiver_normalized_H_step_error"": ""0.11181384549225432"", ""reference_relative_residual"": ""7.444485215001517e-12"", ""result_sha256"": ""8d380acb543e567efeb686089f95862d3cbb1b4d1919030da9411600f24ffe6a"", ""selected_ids"": ""[0, 1, 5, 4]"", ""signed_full_gap_improvement"": ""0.00016551704215742502"", ""source_directory"": ""/Volumes/migodam's-external-brain/Research/Inv_SLAM/Gaussian/A17/CLOSURE_R1/remote_snapshots/noise_complete_v1/results/locked_validation_continuation_v1/object_2005/early"", ""stop_reason"": ""ABSTAIN_UNRESOLVED""}",AUDITED_TERMINAL,
,,evaluation floor ONLY; not online acceptance tolerance,,True,,,improved,primary,,,"{""input"": ""frozen/cells.csv"", ""json_pointer"": null, ""row_index_zero_based"": 91, ""sha256"": ""96caff279881fc908cab7f1e1e6be34f8d5fcfc197a6a54c3d6b9317e1a51310""}",,,,FROZEN_MATERIAL_STEP_H_RISK,"{""evaluation_floor"": 6.931729472525306e-16, ""final_H_step_error"": 0.013868697656543298, ""final_full_gap"": 9.617038735606382e-05, ""final_normalized_H_step_error"": 0.06274683065896039, ""receiver_H_step_error"": 0.01584718073723763, ""receiver_full_gap"": 0.00012556656867777292, ""receiver_normalized_H_step_error"": 0.07169817893263006, ""signed_full_gap_improvement"": 2.93961813217091e-05}",,,a17_closure_locked_validation_continuation_v1_2005_92e605d173434ee8851cdcb9d151a257,,,True,"{""k"": ""8"", ""mode"": ""validation"", ""noise_basis_points"": ""0"", ""object_id"": ""2005"", ""phase"": ""early"", ""realization_index"": ""0""}",,,"{""input"": ""frozen/coverage.csv"", ""json_pointer"": null, ""row_index_zero_based"": 64, ""sha256"": ""c994c28d687aaafee0d5d4b1e01ceea95a313df6bbb856ff3ad003434ab89da6""}","{""accepted_moves"": ""1"", ""classification_scope"": ""evaluation floor ONLY; not online acceptance tolerance"", ""endpoint_sha256"": ""9a89f6e802a3d5002cbbd4093275002ef7e183c83eec960d6f2b9640e86a74de"", ""evaluation_classification"": ""improved"", ""evaluation_floor"": ""6.931729472525306e-16"", ""final_H_step_error"": ""0.013868697656543298"", ""final_full_gap"": ""9.617038735606382e-05"", ""final_half_H_step_energy"": ""9.617038734430478e-05"", ""final_nonlinear_status"": ""{\""reason\"": \""Separate owner bounded nonlinear transfer stage\"", \""status\"": \""NOT_RUN\""}"", ""final_normalized_H_step_error"": ""0.06274683065896039"", ""full_reference_H_energy"": ""0.04885261006928468"", ""k"": ""8"", ""mode"": ""validation"", ""noise_basis_points"": ""0"", ""object_id"": ""2005"", ""one_step_truth"": ""{\""constraints_violated\"": false, \""relative_material_error\"": 0.733606705957778, \""scope\"": \""Offline unconstrained alpha1 diagnostic; not nonlinear accepted update\""}"", ""paired_attempt"": ""a17_closure_locked_validation_continuation_v1_2005_92e605d173434ee8851cdcb9d151a257"", ""phase"": ""early"", ""realization_index"": ""0"", ""receiver_H_step_error"": ""0.01584718073723763"", ""receiver_full_gap"": ""0.00012556656867777292"", ""receiver_half_H_step_energy"": ""0.00012556656865933771"", ""receiver_normalized_H_step_error"": ""0.07169817893263006"", ""reference_relative_residual"": ""7.444485215001517e-12"", ""result_sha256"": ""8d380acb543e567efeb686089f95862d3cbb1b4d1919030da9411600f24ffe6a"", ""selected_ids"": ""[0, 1, 2, 3, 5, 6, 7, 64]"", ""signed_full_gap_improvement"": ""2.93961813217091e-05"", ""source_directory"": ""/Volumes/migodam's-external-brain/Research/Inv_SLAM/Gaussian/A17/CLOSURE_R1/remote_snapshots/noise_complete_v1/results/locked_validation_continuation_v1/object_2005/early"", ""stop_reason"": ""ABSTAIN_UNRESOLVED""}",AUDITED_TERMINAL,
,,evaluation floor ONLY; not online acceptance tolerance,,True,,,improved,primary,,,"{""input"": ""frozen/cells.csv"", ""json_pointer"": null, ""row_index_zero_based"": 92, ""sha256"": ""96caff279881fc908cab7f1e1e6be34f8d5fcfc197a6a54c3d6b9317e1a51310""}",,,,FROZEN_MATERIAL_STEP_H_RISK,"{""evaluation_floor"": 6.931729472525306e-16, ""final_H_step_error"": 0.0043876297171150675, ""final_full_gap"": 9.625647265907886e-06, ""final_normalized_H_step_error"": 0.01985116884599105, ""receiver_H_step_error"": 0.00644857262374196, ""receiver_full_gap"": 2.079204444564125e-05, ""receiver_normalized_H_step_error"": 0.02917559416424656, ""signed_full_gap_improvement"": 1.1166397179733363e-05}",,,a17_closure_locked_validation_continuation_v1_2005_92e605d173434ee8851cdcb9d151a257,,,True,"{""k"": ""16"", ""mode"": ""validation"", ""noise_basis_points"": ""0"", ""object_id"": ""2005"", ""phase"": ""early"", ""realization_index"": ""0""}",,,"{""input"": ""frozen/coverage.csv"", ""json_pointer"": null, ""row_index_zero_based"": 65, ""sha256"": ""c994c28d687aaafee0d5d4b1e01ceea95a313df6bbb856ff3ad003434ab89da6""}","{""accepted_moves"": ""1"", ""classification_scope"": ""evaluation floor ONLY; not online acceptance tolerance"", ""endpoint_sha256"": ""98decc826317c783f14cc21dc64d596296a153b2afc849407960d80ee7d3861a"", ""evaluation_classification"": ""improved"", ""evaluation_floor"": ""6.931729472525306e-16"", ""final_H_step_error"": ""0.0043876297171150675"", ""final_full_gap"": ""9.625647265907886e-06"", ""final_half_H_step_energy"": ""9.625647267255625e-06"", ""final_nonlinear_status"": ""{\""reason\"": \""Separate owner bounded nonlinear transfer stage\"", \""status\"": \""NOT_RUN\""}"", ""final_normalized_H_step_error"": ""0.01985116884599105"", ""full_reference_H_energy"": ""0.04885261006928468"", ""k"": ""16"", ""mode"": ""validation"", ""noise_basis_points"": ""0"", ""object_id"": ""2005"", ""one_step_truth"": ""{\""constraints_violated\"": false, \""relative_material_error\"": 0.7235549114991904, \""scope\"": \""Offline unconstrained alpha1 diagnostic; not nonlinear accepted update\""}"", ""paired_attempt"": ""a17_closure_locked_validation_continuation_v1_2005_92e605d173434ee8851cdcb9d151a257"", ""phase"": ""early"", ""realization_index"": ""0"", ""receiver_H_step_error"": ""0.00644857262374196"", ""receiver_full_gap"": ""2.079204444564125e-05"", ""receiver_half_H_step_energy"": ""2.079204444183713e-05"", ""receiver_normalized_H_step_error"": ""0.02917559416424656"", ""reference_relative_residual"": ""7.444485215001517e-12"", ""result_sha256"": ""8d380acb543e567efeb686089f95862d3cbb1b4d1919030da9411600f24ffe6a"", ""selected_ids"": ""[0, 1, 3, 4, 5, 6, 7, 8, 9, 10, 11, 12, 13, 14, 15, 17]"", ""signed_full_gap_improvement"": ""1.1166397179733363e-05"", ""source_directory"": ""/Volumes/migodam's-external-brain/Research/Inv_SLAM/Gaussian/A17/CLOSURE_R1/remote_snapshots/noise_complete_v1/results/locked_validation_continuation_v1/object_2005/early"", ""stop_reason"": ""ABSTAIN_UNRESOLVED""}",AUDITED_TERMINAL,
,,evaluation floor ONLY; not online acceptance tolerance,,True,,,improved,primary,,,"{""input"": ""frozen/cells.csv"", ""json_pointer"": null, ""row_index_zero_based"": 96, ""sha256"": ""96caff279881fc908cab7f1e1e6be34f8d5fcfc197a6a54c3d6b9317e1a51310""}",,,,FROZEN_MATERIAL_STEP_H_RISK,"{""evaluation_floor"": 3.164697342252236e-19, ""final_H_step_error"": 0.003418652449671667, ""final_full_gap"": 5.843592285823263e-06, ""final_normalized_H_step_error"": 2.201539611798113, ""receiver_H_step_error"": 0.021919193609453894, ""receiver_full_gap"": 0.00024022552424435417, ""receiver_normalized_H_step_error"": 14.115495418236911, ""signed_full_gap_improvement"": 0.00023438193195853091}",,,a17_closure_locked_validation_continuation_v1_2005_92e605d173434ee8851cdcb9d151a257,,,True,"{""k"": ""4"", ""mode"": ""validation"", ""noise_basis_points"": ""0"", ""object_id"": ""2005"", ""phase"": ""middle"", ""realization_index"": ""0""}",,,"{""input"": ""frozen/coverage.csv"", ""json_pointer"": null, ""row_index_zero_based"": 66, ""sha256"": ""c994c28d687aaafee0d5d4b1e01ceea95a313df6bbb856ff3ad003434ab89da6""}","{""accepted_moves"": ""3"", ""classification_scope"": ""evaluation floor ONLY; not online acceptance tolerance"", ""endpoint_sha256"": ""d2430a187c9c13306210ececdf9ddf66f5a9f1c9000e4052748372a529e5eb57"", ""evaluation_classification"": ""improved"", ""evaluation_floor"": ""3.164697342252236e-19"", ""final_H_step_error"": ""0.003418652449671667"", ""final_full_gap"": ""5.843592285823263e-06"", ""final_half_H_step_energy"": ""5.843592285823044e-06"", ""final_nonlinear_status"": ""{\""reason\"": \""Separate owner bounded nonlinear transfer stage\"", \""status\"": \""NOT_RUN\""}"", ""final_normalized_H_step_error"": ""2.201539611798113"", ""full_reference_H_energy"": ""2.4113313622462225e-06"", ""k"": ""4"", ""mode"": ""validation"", ""noise_basis_points"": ""0"", ""object_id"": ""2005"", ""one_step_truth"": ""{\""constraints_violated\"": false, \""relative_material_error\"": 0.6796867439945894, \""scope\"": \""Offline unconstrained alpha1 diagnostic; not nonlinear accepted update\""}"", ""paired_attempt"": ""a17_closure_locked_validation_continuation_v1_2005_92e605d173434ee8851cdcb9d151a257"", ""phase"": ""middle"", ""realization_index"": ""0"", ""receiver_H_step_error"": ""0.021919193609453894"", ""receiver_full_gap"": ""0.00024022552424435417"", ""receiver_half_H_step_energy"": ""0.00024022552424436222"", ""receiver_normalized_H_step_error"": ""14.115495418236911"", ""reference_relative_residual"": ""3.5690648277124404e-12"", ""result_sha256"": ""f5bcc2581ff944ed616db5028f02ea571c5703ffdc1e230c253fb47dca02fff9"", ""selected_ids"": ""[3, 4, 128, 144]"", ""signed_full_gap_improvement"": ""0.00023438193195853091"", ""source_directory"": ""/Volumes/migodam's-external-brain/Research/Inv_SLAM/Gaussian/A17/CLOSURE_R1/remote_snapshots/noise_complete_v1/results/locked_validation_continuation_v1/object_2005/middle"", ""stop_reason"": ""MOVE_BUDGET_EXHAUSTED""}",AUDITED_TERMINAL,
,,evaluation floor ONLY; not online acceptance tolerance,,True,,,improved,primary,,,"{""input"": ""frozen/cells.csv"", ""json_pointer"": null, ""row_index_zero_based"": 97, ""sha256"": ""96caff279881fc908cab7f1e1e6be34f8d5fcfc197a6a54c3d6b9317e1a51310""}",,,,FROZEN_MATERIAL_STEP_H_RISK,"{""evaluation_floor"": 3.164697342252236e-19, ""final_H_step_error"": 0.00365948382609267, ""final_full_gap"": 6.695910936717088e-06, ""final_normalized_H_step_error"": 2.3566299062226372, ""receiver_H_step_error"": 0.009413778690806682, ""receiver_full_gap"": 4.430961461974164e-05, ""receiver_normalized_H_step_error"": 6.062273655955386, ""signed_full_gap_improvement"": 3.761370368302456e-05}",,,a17_closure_locked_validation_continuation_v1_2005_92e605d173434ee8851cdcb9d151a257,,,True,"{""k"": ""8"", ""mode"": ""validation"", ""noise_basis_points"": ""0"", ""object_id"": ""2005"", ""phase"": ""middle"", ""realization_index"": ""0""}",,,"{""input"": ""frozen/coverage.csv"", ""json_pointer"": null, ""row_index_zero_based"": 67, ""sha256"": ""c994c28d687aaafee0d5d4b1e01ceea95a313df6bbb856ff3ad003434ab89da6""}","{""accepted_moves"": ""3"", ""classification_scope"": ""evaluation floor ONLY; not online acceptance tolerance"", ""endpoint_sha256"": ""69c851c5bfa561f838eb8abcef8830b777c199a1ee26f264c60206cf2296c436"", ""evaluation_classification"": ""improved"", ""evaluation_floor"": ""3.164697342252236e-19"", ""final_H_step_error"": ""0.00365948382609267"", ""final_full_gap"": ""6.695910936717088e-06"", ""final_half_H_step_energy"": ""6.695910936716923e-06"", ""final_nonlinear_status"": ""{\""reason\"": \""Separate owner bounded nonlinear transfer stage\"", \""status\"": \""NOT_RUN\""}"", ""final_normalized_H_step_error"": ""2.3566299062226372"", ""full_reference_H_energy"": ""2.4113313622462225e-06"", ""k"": ""8"", ""mode"": ""validation"", ""noise_basis_points"": ""0"", ""object_id"": ""2005"", ""one_step_truth"": ""{\""constraints_violated\"": false, \""relative_material_error\"": 0.6680455116159422, \""scope\"": \""Offline unconstrained alpha1 diagnostic; not nonlinear accepted update\""}"", ""paired_attempt"": ""a17_closure_locked_validation_continuation_v1_2005_92e605d173434ee8851cdcb9d151a257"", ""phase"": ""middle"", ""realization_index"": ""0"", ""receiver_H_step_error"": ""0.009413778690806682"", ""receiver_full_gap"": ""4.430961461974164e-05"", ""receiver_half_H_step_energy"": ""4.430961461974299e-05"", ""receiver_normalized_H_step_error"": ""6.062273655955386"", ""reference_relative_residual"": ""3.5690648277124404e-12"", ""result_sha256"": ""f5bcc2581ff944ed616db5028f02ea571c5703ffdc1e230c253fb47dca02fff9"", ""selected_ids"": ""[1, 3, 4, 5, 6, 96, 8, 144]"", ""signed_full_gap_improvement"": ""3.761370368302456e-05"", ""source_directory"": ""/Volumes/migodam's-external-brain/Research/Inv_SLAM/Gaussian/A17/CLOSURE_R1/remote_snapshots/noise_complete_v1/results/locked_validation_continuation_v1/object_2005/middle"", ""stop_reason"": ""MOVE_BUDGET_EXHAUSTED""}",AUDITED_TERMINAL,
,,evaluation floor ONLY; not online acceptance tolerance,,True,,,improved,primary,,,"{""input"": ""frozen/cells.csv"", ""json_pointer"": null, ""row_index_zero_based"": 98, ""sha256"": ""96caff279881fc908cab7f1e1e6be34f8d5fcfc197a6a54c3d6b9317e1a51310""}",,,,FROZEN_MATERIAL_STEP_H_RISK,"{""evaluation_floor"": 3.164697342252236e-19, ""final_H_step_error"": 0.0018304804021407079, ""final_full_gap"": 1.6753292513109134e-06, ""final_normalized_H_step_error"": 1.1787905244126071, ""receiver_H_step_error"": 0.003778009386120407, ""receiver_full_gap"": 7.136677460807362e-06, ""receiver_normalized_H_step_error"": 2.4329578510058747, ""signed_full_gap_improvement"": 5.461348209496448e-06}",,,a17_closure_locked_validation_continuation_v1_2005_92e605d173434ee8851cdcb9d151a257,,,True,"{""k"": ""16"", ""mode"": ""validation"", ""noise_basis_points"": ""0"", ""object_id"": ""2005"", ""phase"": ""middle"", ""realization_index"": ""0""}",,,"{""input"": ""frozen/coverage.csv"", ""json_pointer"": null, ""row_index_zero_based"": 68, ""sha256"": ""c994c28d687aaafee0d5d4b1e01ceea95a313df6bbb856ff3ad003434ab89da6""}","{""accepted_moves"": ""3"", ""classification_scope"": ""evaluation floor ONLY; not online acceptance tolerance"", ""endpoint_sha256"": ""338b148d7af9380fe749d743b61bcd8bcdf16c02641a9c90f5f11a9980786bf7"", ""evaluation_classification"": ""improved"", ""evaluation_floor"": ""3.164697342252236e-19"", ""final_H_step_error"": ""0.0018304804021407079"", ""final_full_gap"": ""1.6753292513109134e-06"", ""final_half_H_step_energy"": ""1.6753292513106038e-06"", ""final_nonlinear_status"": ""{\""reason\"": \""Separate owner bounded nonlinear transfer stage\"", \""status\"": \""NOT_RUN\""}"", ""final_normalized_H_step_error"": ""1.1787905244126071"", ""full_reference_H_energy"": ""2.4113313622462225e-06"", ""k"": ""16"", ""mode"": ""validation"", ""noise_basis_points"": ""0"", ""object_id"": ""2005"", ""one_step_truth"": ""{\""constraints_violated\"": false, \""relative_material_error\"": 0.6750998356180925, \""scope\"": \""Offline unconstrained alpha1 diagnostic; not nonlinear accepted update\""}"", ""paired_attempt"": ""a17_closure_locked_validation_continuation_v1_2005_92e605d173434ee8851cdcb9d151a257"", ""phase"": ""middle"", ""realization_index"": ""0"", ""receiver_H_step_error"": ""0.003778009386120407"", ""receiver_full_gap"": ""7.136677460807362e-06"", ""receiver_half_H_step_energy"": ""7.136677460806947e-06"", ""receiver_normalized_H_step_error"": ""2.4329578510058747"", ""reference_relative_residual"": ""3.5690648277124404e-12"", ""result_sha256"": ""f5bcc2581ff944ed616db5028f02ea571c5703ffdc1e230c253fb47dca02fff9"", ""selected_ids"": ""[0, 3, 4, 6, 7, 8, 9, 10, 11, 12, 13, 14, 15, 17, 144, 146]"", ""signed_full_gap_improvement"": ""5.461348209496448e-06"", ""source_directory"": ""/Volumes/migodam's-external-brain/Research/Inv_SLAM/Gaussian/A17/CLOSURE_R1/remote_snapshots/noise_complete_v1/results/locked_validation_continuation_v1/object_2005/middle"", ""stop_reason"": ""MOVE_BUDGET_EXHAUSTED""}",AUDITED_TERMINAL,
,,evaluation floor ONLY; not online acceptance tolerance,,True,,,improved,primary,,,"{""input"": ""frozen/cells.csv"", ""json_pointer"": null, ""row_index_zero_based"": 93, ""sha256"": ""96caff279881fc908cab7f1e1e6be34f8d5fcfc197a6a54c3d6b9317e1a51310""}",,,,FROZEN_MATERIAL_STEP_H_RISK,"{""evaluation_floor"": 2.558367742586024e-19, ""final_H_step_error"": 0.008652832513804727, ""final_full_gap"": 3.743575525597648e-05, ""final_normalized_H_step_error"": 9.601721181715673, ""receiver_H_step_error"": 0.022608534215150043, ""receiver_full_gap"": 0.0002555729096788046, ""receiver_normalized_H_step_error"": 25.087835863553234, ""signed_full_gap_improvement"": 0.0002181371544228281}",,,a17_closure_locked_validation_continuation_v1_2005_92e605d173434ee8851cdcb9d151a257,,,True,"{""k"": ""4"", ""mode"": ""validation"", ""noise_basis_points"": ""0"", ""object_id"": ""2005"", ""phase"": ""late"", ""realization_index"": ""0""}",,,"{""input"": ""frozen/coverage.csv"", ""json_pointer"": null, ""row_index_zero_based"": 69, ""sha256"": ""c994c28d687aaafee0d5d4b1e01ceea95a313df6bbb856ff3ad003434ab89da6""}","{""accepted_moves"": ""2"", ""classification_scope"": ""evaluation floor ONLY; not online acceptance tolerance"", ""endpoint_sha256"": ""1d52f7ecea5361693c0559491378ef1fb712c1dbf8fbff8c0602e4a9ad6329b0"", ""evaluation_classification"": ""improved"", ""evaluation_floor"": ""2.558367742586024e-19"", ""final_H_step_error"": ""0.008652832513804727"", ""final_full_gap"": ""3.743575525597648e-05"", ""final_half_H_step_energy"": ""3.743575525597812e-05"", ""final_nonlinear_status"": ""{\""reason\"": \""Separate owner bounded nonlinear transfer stage\"", \""status\"": \""NOT_RUN\""}"", ""final_normalized_H_step_error"": ""9.601721181715673"", ""full_reference_H_energy"": ""8.121166486525185e-07"", ""k"": ""4"", ""mode"": ""validation"", ""noise_basis_points"": ""0"", ""object_id"": ""2005"", ""one_step_truth"": ""{\""constraints_violated\"": false, \""relative_material_error\"": 0.6733216562960019, \""scope\"": \""Offline unconstrained alpha1 diagnostic; not nonlinear accepted update\""}"", ""paired_attempt"": ""a17_closure_locked_validation_continuation_v1_2005_92e605d173434ee8851cdcb9d151a257"", ""phase"": ""late"", ""realization_index"": ""0"", ""receiver_H_step_error"": ""0.022608534215150043"", ""receiver_full_gap"": ""0.0002555729096788046"", ""receiver_half_H_step_energy"": ""0.00025557290967880513"", ""receiver_normalized_H_step_error"": ""25.087835863553234"", ""reference_relative_residual"": ""6.966903143393171e-12"", ""result_sha256"": ""d8f739542b1f1b268fefc0c6a00af015281b68392108f6a7e4ec15bec1cdf405"", ""selected_ids"": ""[1, 3, 4, 129]"", ""signed_full_gap_improvement"": ""0.0002181371544228281"", ""source_directory"": ""/Volumes/migodam's-external-brain/Research/Inv_SLAM/Gaussian/A17/CLOSURE_R1/remote_snapshots/noise_complete_v1/results/locked_validation_continuation_v1/object_2005/late"", ""stop_reason"": ""ABSTAIN_UNRESOLVED""}",AUDITED_TERMINAL,
,,evaluation floor ONLY; not online acceptance tolerance,,True,,,improved,primary,,,"{""input"": ""frozen/cells.csv"", ""json_pointer"": null, ""row_index_zero_based"": 94, ""sha256"": ""96caff279881fc908cab7f1e1e6be34f8d5fcfc197a6a54c3d6b9317e1a51310""}",,,,FROZEN_MATERIAL_STEP_H_RISK,"{""evaluation_floor"": 2.558367742586024e-19, ""final_H_step_error"": 0.005789309420237859, ""final_full_gap"": 1.6758051781629936e-05, ""final_normalized_H_step_error"": 6.424177839929285, ""receiver_H_step_error"": 0.011967321214250311, ""receiver_full_gap"": 7.160838852252254e-05, ""receiver_normalized_H_step_error"": 13.279684011904788, ""signed_full_gap_improvement"": 5.485033674089261e-05}",,,a17_closure_locked_validation_continuation_v1_2005_92e605d173434ee8851cdcb9d151a257,,,True,"{""k"": ""8"", ""mode"": ""validation"", ""noise_basis_points"": ""0"", ""object_id"": ""2005"", ""phase"": ""late"", ""realization_index"": ""0""}",,,"{""input"": ""frozen/coverage.csv"", ""json_pointer"": null, ""row_index_zero_based"": 70, ""sha256"": ""c994c28d687aaafee0d5d4b1e01ceea95a313df6bbb856ff3ad003434ab89da6""}","{""accepted_moves"": ""3"", ""classification_scope"": ""evaluation floor ONLY; not online acceptance tolerance"", ""endpoint_sha256"": ""fede4dbf79285aeb3dcad2b16e40ab6b52ec5c04ee0f1157898a4f84daab0bfc"", ""evaluation_classification"": ""improved"", ""evaluation_floor"": ""2.558367742586024e-19"", ""final_H_step_error"": ""0.005789309420237859"", ""final_full_gap"": ""1.6758051781629936e-05"", ""final_half_H_step_energy"": ""1.6758051781627405e-05"", ""final_nonlinear_status"": ""{\""reason\"": \""Separate owner bounded nonlinear transfer stage\"", \""status\"": \""NOT_RUN\""}"", ""final_normalized_H_step_error"": ""6.424177839929285"", ""full_reference_H_energy"": ""8.121166486525185e-07"", ""k"": ""8"", ""mode"": ""validation"", ""noise_basis_points"": ""0"", ""object_id"": ""2005"", ""one_step_truth"": ""{\""constraints_violated\"": true, \""relative_material_error\"": 0.7064216453307018, \""scope\"": \""Offline unconstrained alpha1 diagnostic; not nonlinear accepted update\""}"", ""paired_attempt"": ""a17_closure_locked_validation_continuation_v1_2005_92e605d173434ee8851cdcb9d151a257"", ""phase"": ""late"", ""realization_index"": ""0"", ""receiver_H_step_error"": ""0.011967321214250311"", ""receiver_full_gap"": ""7.160838852252254e-05"", ""receiver_half_H_step_energy"": ""7.160838852252278e-05"", ""receiver_normalized_H_step_error"": ""13.279684011904788"", ""reference_relative_residual"": ""6.966903143393171e-12"", ""result_sha256"": ""d8f739542b1f1b268fefc0c6a00af015281b68392108f6a7e4ec15bec1cdf405"", ""selected_ids"": ""[1, 3, 4, 6, 7, 96, 8, 129]"", ""signed_full_gap_improvement"": ""5.485033674089261e-05"", ""source_directory"": ""/Volumes/migodam's-external-brain/Research/Inv_SLAM/Gaussian/A17/CLOSURE_R1/remote_snapshots/noise_complete_v1/results/locked_validation_continuation_v1/object_2005/late"", ""stop_reason"": ""MOVE_BUDGET_EXHAUSTED""}",AUDITED_TERMINAL,
,,evaluation floor ONLY; not online acceptance tolerance,,True,,,improved,primary,,,"{""input"": ""frozen/cells.csv"", ""json_pointer"": null, ""row_index_zero_based"": 95, ""sha256"": ""96caff279881fc908cab7f1e1e6be34f8d5fcfc197a6a54c3d6b9317e1a51310""}",,,,FROZEN_MATERIAL_STEP_H_RISK,"{""evaluation_floor"": 2.558367742586024e-19, ""final_H_step_error"": 0.0024584046303473494, ""final_full_gap"": 3.021876663256418e-06, ""final_normalized_H_step_error"": 2.7279986957767592, ""receiver_H_step_error"": 0.004624668244653774, ""receiver_full_gap"": 1.0693778186554274e-05, ""receiver_normalized_H_step_error"": 5.131819548368308, ""signed_full_gap_improvement"": 7.671901523297856e-06}",,,a17_closure_locked_validation_continuation_v1_2005_92e605d173434ee8851cdcb9d151a257,,,True,"{""k"": ""16"", ""mode"": ""validation"", ""noise_basis_points"": ""0"", ""object_id"": ""2005"", ""phase"": ""late"", ""realization_index"": ""0""}",,,"{""input"": ""frozen/coverage.csv"", ""json_pointer"": null, ""row_index_zero_based"": 71, ""sha256"": ""c994c28d687aaafee0d5d4b1e01ceea95a313df6bbb856ff3ad003434ab89da6""}","{""accepted_moves"": ""3"", ""classification_scope"": ""evaluation floor ONLY; not online acceptance tolerance"", ""endpoint_sha256"": ""ea1f97b48552f1f7fbf445928efa1fd9a53ec9dae4d4f566c79df5c9aad48231"", ""evaluation_classification"": ""improved"", ""evaluation_floor"": ""2.558367742586024e-19"", ""final_H_step_error"": ""0.0024584046303473494"", ""final_full_gap"": ""3.021876663256418e-06"", ""final_half_H_step_energy"": ""3.0218766632566433e-06"", ""final_nonlinear_status"": ""{\""reason\"": \""Separate owner bounded nonlinear transfer stage\"", \""status\"": \""NOT_RUN\""}"", ""final_normalized_H_step_error"": ""2.7279986957767592"", ""full_reference_H_energy"": ""8.121166486525185e-07"", ""k"": ""16"", ""mode"": ""validation"", ""noise_basis_points"": ""0"", ""object_id"": ""2005"", ""one_step_truth"": ""{\""constraints_violated\"": true, \""relative_material_error\"": 0.6800732026837562, \""scope\"": \""Offline unconstrained alpha1 diagnostic; not nonlinear accepted update\""}"", ""paired_attempt"": ""a17_closure_locked_validation_continuation_v1_2005_92e605d173434ee8851cdcb9d151a257"", ""phase"": ""late"", ""realization_index"": ""0"", ""receiver_H_step_error"": ""0.004624668244653774"", ""receiver_full_gap"": ""1.0693778186554274e-05"", ""receiver_half_H_step_energy"": ""1.0693778186554511e-05"", ""receiver_normalized_H_step_error"": ""5.131819548368308"", ""reference_relative_residual"": ""6.966903143393171e-12"", ""result_sha256"": ""d8f739542b1f1b268fefc0c6a00af015281b68392108f6a7e4ec15bec1cdf405"", ""selected_ids"": ""[0, 1, 4, 5, 6, 7, 8, 9, 11, 12, 13, 14, 15, 129, 16, 145]"", ""signed_full_gap_improvement"": ""7.671901523297856e-06"", ""source_directory"": ""/Volumes/migodam's-external-brain/Research/Inv_SLAM/Gaussian/A17/CLOSURE_R1/remote_snapshots/noise_complete_v1/results/locked_validation_continuation_v1/object_2005/late"", ""stop_reason"": ""MOVE_BUDGET_EXHAUSTED""}",AUDITED_TERMINAL,
,,evaluation floor ONLY; not online acceptance tolerance,,True,,,improved,primary,,,"{""input"": ""frozen/cells.csv"", ""json_pointer"": null, ""row_index_zero_based"": 99, ""sha256"": ""96caff279881fc908cab7f1e1e6be34f8d5fcfc197a6a54c3d6b9317e1a51310""}",,,,FROZEN_MATERIAL_STEP_H_RISK,"{""evaluation_floor"": 1.7620860629857842e-15, ""final_H_step_error"": 0.04003807949298284, ""final_full_gap"": 0.0008015239047453787, ""final_normalized_H_step_error"": 0.11358522290452074, ""receiver_H_step_error"": 0.07085854788272088, ""receiver_full_gap"": 0.0025104669040416964, ""receiver_normalized_H_step_error"": 0.20102072971207577, ""signed_full_gap_improvement"": 0.0017089429992963178}",,,a17_closure_locked_validation_continuation_v1_2006_858bf52a07154e46996f117b114eeaef,,,True,"{""k"": ""4"", ""mode"": ""validation"", ""noise_basis_points"": ""0"", ""object_id"": ""2006"", ""phase"": ""early"", ""realization_index"": ""0""}",,,"{""input"": ""frozen/coverage.csv"", ""json_pointer"": null, ""row_index_zero_based"": 72, ""sha256"": ""c994c28d687aaafee0d5d4b1e01ceea95a313df6bbb856ff3ad003434ab89da6""}","{""accepted_moves"": ""2"", ""classification_scope"": ""evaluation floor ONLY; not online acceptance tolerance"", ""endpoint_sha256"": ""50d96a4fd25192b374bdb455b88ebbe37488987b5ebe2575c6f9b9883bba0c30"", ""evaluation_classification"": ""improved"", ""evaluation_floor"": ""1.7620860629857842e-15"", ""final_H_step_error"": ""0.04003807949298284"", ""final_full_gap"": ""0.0008015239047453787"", ""final_half_H_step_energy"": ""0.0008015239047432065"", ""final_nonlinear_status"": ""{\""reason\"": \""Separate owner bounded nonlinear transfer stage\"", \""status\"": \""NOT_RUN\""}"", ""final_normalized_H_step_error"": ""0.11358522290452074"", ""full_reference_H_energy"": ""0.12425183340393128"", ""k"": ""4"", ""mode"": ""validation"", ""noise_basis_points"": ""0"", ""object_id"": ""2006"", ""one_step_truth"": ""{\""constraints_violated\"": true, \""relative_material_error\"": 0.8490743764065914, \""scope\"": \""Offline unconstrained alpha1 diagnostic; not nonlinear accepted update\""}"", ""paired_attempt"": ""a17_closure_locked_validation_continuation_v1_2006_858bf52a07154e46996f117b114eeaef"", ""phase"": ""early"", ""realization_index"": ""0"", ""receiver_H_step_error"": ""0.07085854788272088"", ""receiver_full_gap"": ""0.0025104669040416964"", ""receiver_half_H_step_energy"": ""0.0025104669040239237"", ""receiver_normalized_H_step_error"": ""0.20102072971207577"", ""reference_relative_residual"": ""7.408201084728153e-13"", ""result_sha256"": ""3a171229498d94d3f3248f0d2ac750306400ee0be645508610714f896f087745"", ""selected_ids"": ""[2, 3, 4, 96]"", ""signed_full_gap_improvement"": ""0.0017089429992963178"", ""source_directory"": ""/Volumes/migodam's-external-brain/Research/Inv_SLAM/Gaussian/A17/CLOSURE_R1/remote_snapshots/noise_complete_v1/results/locked_validation_continuation_v1/object_2006/early"", ""stop_reason"": ""ABSTAIN_UNRESOLVED""}",AUDITED_TERMINAL,
,,evaluation floor ONLY; not online acceptance tolerance,,True,,,improved,primary,,,"{""input"": ""frozen/cells.csv"", ""json_pointer"": null, ""row_index_zero_based"": 100, ""sha256"": ""96caff279881fc908cab7f1e1e6be34f8d5fcfc197a6a54c3d6b9317e1a51310""}",,,,FROZEN_MATERIAL_STEP_H_RISK,"{""evaluation_floor"": 1.7620860629857842e-15, ""final_H_step_error"": 0.0367991635264244, ""final_full_gap"": 0.0006770892181272258, ""final_normalized_H_step_error"": 0.10439664551296454, ""receiver_H_step_error"": 0.044025618295015834, ""receiver_full_gap"": 0.0009691275331346003, ""receiver_normalized_H_step_error"": 0.12489759076543984, ""signed_full_gap_improvement"": 0.00029203831500737457}",,,a17_closure_locked_validation_continuation_v1_2006_858bf52a07154e46996f117b114eeaef,,,True,"{""k"": ""8"", ""mode"": ""validation"", ""noise_basis_points"": ""0"", ""object_id"": ""2006"", ""phase"": ""early"", ""realization_index"": ""0""}",,,"{""input"": ""frozen/coverage.csv"", ""json_pointer"": null, ""row_index_zero_based"": 73, ""sha256"": ""c994c28d687aaafee0d5d4b1e01ceea95a313df6bbb856ff3ad003434ab89da6""}","{""accepted_moves"": ""2"", ""classification_scope"": ""evaluation floor ONLY; not online acceptance tolerance"", ""endpoint_sha256"": ""1f43e93a541536017516409dcf5cc1709953d6c44cc0e8bced2ab02de191e9bb"", ""evaluation_classification"": ""improved"", ""evaluation_floor"": ""1.7620860629857842e-15"", ""final_H_step_error"": ""0.0367991635264244"", ""final_full_gap"": ""0.0006770892181272258"", ""final_half_H_step_energy"": ""0.0006770892181222619"", ""final_nonlinear_status"": ""{\""reason\"": \""Separate owner bounded nonlinear transfer stage\"", \""status\"": \""NOT_RUN\""}"", ""final_normalized_H_step_error"": ""0.10439664551296454"", ""full_reference_H_energy"": ""0.12425183340393128"", ""k"": ""8"", ""mode"": ""validation"", ""noise_basis_points"": ""0"", ""object_id"": ""2006"", ""one_step_truth"": ""{\""constraints_violated\"": true, \""relative_material_error\"": 0.8512385717736576, \""scope\"": \""Offline unconstrained alpha1 diagnostic; not nonlinear accepted update\""}"", ""paired_attempt"": ""a17_closure_locked_validation_continuation_v1_2006_858bf52a07154e46996f117b114eeaef"", ""phase"": ""early"", ""realization_index"": ""0"", ""receiver_H_step_error"": ""0.044025618295015834"", ""receiver_full_gap"": ""0.0009691275331346003"", ""receiver_half_H_step_energy"": ""0.0009691275331292164"", ""receiver_normalized_H_step_error"": ""0.12489759076543984"", ""reference_relative_residual"": ""7.408201084728153e-13"", ""result_sha256"": ""3a171229498d94d3f3248f0d2ac750306400ee0be645508610714f896f087745"", ""selected_ids"": ""[0, 1, 2, 3, 4, 5, 64, 8]"", ""signed_full_gap_improvement"": ""0.00029203831500737457"", ""source_directory"": ""/Volumes/migodam's-external-brain/Research/Inv_SLAM/Gaussian/A17/CLOSURE_R1/remote_snapshots/noise_complete_v1/results/locked_validation_continuation_v1/object_2006/early"", ""stop_reason"": ""ABSTAIN_UNRESOLVED""}",AUDITED_TERMINAL,
,,evaluation floor ONLY; not online acceptance tolerance,,True,,,improved,primary,,,"{""input"": ""frozen/cells.csv"", ""json_pointer"": null, ""row_index_zero_based"": 101, ""sha256"": ""96caff279881fc908cab7f1e1e6be34f8d5fcfc197a6a54c3d6b9317e1a51310""}",,,,FROZEN_MATERIAL_STEP_H_RISK,"{""evaluation_floor"": 1.7620860629857842e-15, ""final_H_step_error"": 0.012535597257534952, ""final_full_gap"": 7.857059930365609e-05, ""final_normalized_H_step_error"": 0.03556261006445014, ""receiver_H_step_error"": 0.015592763340252926, ""receiver_full_gap"": 0.00012156713429465582, ""receiver_normalized_H_step_error"": 0.04423557578505922, ""signed_full_gap_improvement"": 4.2996534990999736e-05}",,,a17_closure_locked_validation_continuation_v1_2006_858bf52a07154e46996f117b114eeaef,,,True,"{""k"": ""16"", ""mode"": ""validation"", ""noise_basis_points"": ""0"", ""object_id"": ""2006"", ""phase"": ""early"", ""realization_index"": ""0""}",,,"{""input"": ""frozen/coverage.csv"", ""json_pointer"": null, ""row_index_zero_based"": 74, ""sha256"": ""c994c28d687aaafee0d5d4b1e01ceea95a313df6bbb856ff3ad003434ab89da6""}","{""accepted_moves"": ""2"", ""classification_scope"": ""evaluation floor ONLY; not online acceptance tolerance"", ""endpoint_sha256"": ""f0251aaad5a4a5a340b26f6aad39af002a68d7fa081d8debd24fa978dde55d26"", ""evaluation_classification"": ""improved"", ""evaluation_floor"": ""1.7620860629857842e-15"", ""final_H_step_error"": ""0.012535597257534952"", ""final_full_gap"": ""7.857059930365609e-05"", ""final_half_H_step_energy"": ""7.85705993015589e-05"", ""final_nonlinear_status"": ""{\""reason\"": \""Separate owner bounded nonlinear transfer stage\"", \""status\"": \""NOT_RUN\""}"", ""final_normalized_H_step_error"": ""0.03556261006445014"", ""full_reference_H_energy"": ""0.12425183340393128"", ""k"": ""16"", ""mode"": ""validation"", ""noise_basis_points"": ""0"", ""object_id"": ""2006"", ""one_step_truth"": ""{\""constraints_violated\"": true, \""relative_material_error\"": 0.8280757532895772, \""scope\"": \""Offline unconstrained alpha1 diagnostic; not nonlinear accepted update\""}"", ""paired_attempt"": ""a17_closure_locked_validation_continuation_v1_2006_858bf52a07154e46996f117b114eeaef"", ""phase"": ""early"", ""realization_index"": ""0"", ""receiver_H_step_error"": ""0.015592763340252926"", ""receiver_full_gap"": ""0.00012156713429465582"", ""receiver_half_H_step_energy"": ""0.00012156713429256779"", ""receiver_normalized_H_step_error"": ""0.04423557578505922"", ""reference_relative_residual"": ""7.408201084728153e-13"", ""result_sha256"": ""3a171229498d94d3f3248f0d2ac750306400ee0be645508610714f896f087745"", ""selected_ids"": ""[0, 1, 2, 3, 4, 6, 7, 9, 10, 11, 12, 13, 14, 15, 64, 16]"", ""signed_full_gap_improvement"": ""4.2996534990999736e-05"", ""source_directory"": ""/Volumes/migodam's-external-brain/Research/Inv_SLAM/Gaussian/A17/CLOSURE_R1/remote_snapshots/noise_complete_v1/results/locked_validation_continuation_v1/object_2006/early"", ""stop_reason"": ""ABSTAIN_UNRESOLVED""}",AUDITED_TERMINAL,
,,evaluation floor ONLY; not online acceptance tolerance,,True,,,improved,primary,,,"{""input"": ""frozen/cells.csv"", ""json_pointer"": null, ""row_index_zero_based"": 105, ""sha256"": ""96caff279881fc908cab7f1e1e6be34f8d5fcfc197a6a54c3d6b9317e1a51310""}",,,,FROZEN_MATERIAL_STEP_H_RISK,"{""evaluation_floor"": 6.034754600482992e-18, ""final_H_step_error"": 0.02128327091279962, ""final_full_gap"": 0.00022648881037370003, ""final_normalized_H_step_error"": 0.9203093402501423, ""receiver_H_step_error"": 0.07250472842358326, ""receiver_full_gap"": 0.0026284678218859445, ""receiver_normalized_H_step_error"": 3.13517499513642, ""signed_full_gap_improvement"": 0.0024019790115122445}",,,a17_closure_locked_validation_continuation_v1_2006_858bf52a07154e46996f117b114eeaef,,,True,"{""k"": ""4"", ""mode"": ""validation"", ""noise_basis_points"": ""0"", ""object_id"": ""2006"", ""phase"": ""middle"", ""realization_index"": ""0""}",,,"{""input"": ""frozen/coverage.csv"", ""json_pointer"": null, ""row_index_zero_based"": 75, ""sha256"": ""c994c28d687aaafee0d5d4b1e01ceea95a313df6bbb856ff3ad003434ab89da6""}","{""accepted_moves"": ""3"", ""classification_scope"": ""evaluation floor ONLY; not online acceptance tolerance"", ""endpoint_sha256"": ""82c2fc6363b0a42171a8e48444103b9877cae8e14eadaab361c327e58a9e29c4"", ""evaluation_classification"": ""improved"", ""evaluation_floor"": ""6.034754600482992e-18"", ""final_H_step_error"": ""0.02128327091279962"", ""final_full_gap"": ""0.00022648881037370003"", ""final_half_H_step_energy"": ""0.0002264888103738112"", ""final_nonlinear_status"": ""{\""reason\"": \""Separate owner bounded nonlinear transfer stage\"", \""status\"": \""NOT_RUN\""}"", ""final_normalized_H_step_error"": ""0.9203093402501423"", ""full_reference_H_energy"": ""0.0005348217822148172"", ""k"": ""4"", ""mode"": ""validation"", ""noise_basis_points"": ""0"", ""object_id"": ""2006"", ""one_step_truth"": ""{\""constraints_violated\"": true, \""relative_material_error\"": 0.8358258540412541, \""scope\"": \""Offline unconstrained alpha1 diagnostic; not nonlinear accepted update\""}"", ""paired_attempt"": ""a17_closure_locked_validation_continuation_v1_2006_858bf52a07154e46996f117b114eeaef"", ""phase"": ""middle"", ""realization_index"": ""0"", ""receiver_H_step_error"": ""0.07250472842358326"", ""receiver_full_gap"": ""0.0026284678218859445"", ""receiver_half_H_step_energy"": ""0.002628467821888781"", ""receiver_normalized_H_step_error"": ""3.13517499513642"", ""reference_relative_residual"": ""7.46591867149086e-12"", ""result_sha256"": ""a9c1bb1e3c1014f0ffac591ab801f45e2596d162748b211e340998d7e1cd8717"", ""selected_ids"": ""[0, 3, 4, 96]"", ""signed_full_gap_improvement"": ""0.0024019790115122445"", ""source_directory"": ""/Volumes/migodam's-external-brain/Research/Inv_SLAM/Gaussian/A17/CLOSURE_R1/remote_snapshots/noise_complete_v1/results/locked_validation_continuation_v1/object_2006/middle"", ""stop_reason"": ""MOVE_BUDGET_EXHAUSTED""}",AUDITED_TERMINAL,
,,evaluation floor ONLY; not online acceptance tolerance,,True,,,improved,primary,,,"{""input"": ""frozen/cells.csv"", ""json_pointer"": null, ""row_index_zero_based"": 106, ""sha256"": ""96caff279881fc908cab7f1e1e6be34f8d5fcfc197a6a54c3d6b9317e1a51310""}",,,,FROZEN_MATERIAL_STEP_H_RISK,"{""evaluation_floor"": 6.034754600482992e-18, ""final_H_step_error"": 0.018262983836427587, ""final_full_gap"": 0.00016676828930475127, ""final_normalized_H_step_error"": 0.7897091887034012, ""receiver_H_step_error"": 0.048236441680316336, ""receiver_full_gap"": 0.0011633771529893802, ""receiver_normalized_H_step_error"": 2.085790666327001, ""signed_full_gap_improvement"": 0.000996608863684629}",,,a17_closure_locked_validation_continuation_v1_2006_858bf52a07154e46996f117b114eeaef,,,True,"{""k"": ""8"", ""mode"": ""validation"", ""noise_basis_points"": ""0"", ""object_id"": ""2006"", ""phase"": ""middle"", ""realization_index"": ""0""}",,,"{""input"": ""frozen/coverage.csv"", ""json_pointer"": null, ""row_index_zero_based"": 76, ""sha256"": ""c994c28d687aaafee0d5d4b1e01ceea95a313df6bbb856ff3ad003434ab89da6""}","{""accepted_moves"": ""3"", ""classification_scope"": ""evaluation floor ONLY; not online acceptance tolerance"", ""endpoint_sha256"": ""f5b5aafdab7f91035936c3f8efba2bdf61a41d01701505772a7e18d0f59f3dc4"", ""evaluation_classification"": ""improved"", ""evaluation_floor"": ""6.034754600482992e-18"", ""final_H_step_error"": ""0.018262983836427587"", ""final_full_gap"": ""0.00016676828930475127"", ""final_half_H_step_energy"": ""0.00016676828930480762"", ""final_nonlinear_status"": ""{\""reason\"": \""Separate owner bounded nonlinear transfer stage\"", \""status\"": \""NOT_RUN\""}"", ""final_normalized_H_step_error"": ""0.7897091887034012"", ""full_reference_H_energy"": ""0.0005348217822148172"", ""k"": ""8"", ""mode"": ""validation"", ""noise_basis_points"": ""0"", ""object_id"": ""2006"", ""one_step_truth"": ""{\""constraints_violated\"": true, \""relative_material_error\"": 0.8365350637221434, \""scope\"": \""Offline unconstrained alpha1 diagnostic; not nonlinear accepted update\""}"", ""paired_attempt"": ""a17_closure_locked_validation_continuation_v1_2006_858bf52a07154e46996f117b114eeaef"", ""phase"": ""middle"", ""realization_index"": ""0"", ""receiver_H_step_error"": ""0.048236441680316336"", ""receiver_full_gap"": ""0.0011633771529893802"", ""receiver_half_H_step_energy"": ""0.0011633771529892794"", ""receiver_normalized_H_step_error"": ""2.085790666327001"", ""reference_relative_residual"": ""7.46591867149086e-12"", ""result_sha256"": ""a9c1bb1e3c1014f0ffac591ab801f45e2596d162748b211e340998d7e1cd8717"", ""selected_ids"": ""[0, 3, 5, 6, 7, 96, 128, 32]"", ""signed_full_gap_improvement"": ""0.000996608863684629"", ""source_directory"": ""/Volumes/migodam's-external-brain/Research/Inv_SLAM/Gaussian/A17/CLOSURE_R1/remote_snapshots/noise_complete_v1/results/locked_validation_continuation_v1/object_2006/middle"", ""stop_reason"": ""MOVE_BUDGET_EXHAUSTED""}",AUDITED_TERMINAL,
,,evaluation floor ONLY; not online acceptance tolerance,,True,,,improved,primary,,,"{""input"": ""frozen/cells.csv"", ""json_pointer"": null, ""row_index_zero_based"": 107, ""sha256"": ""96caff279881fc908cab7f1e1e6be34f8d5fcfc197a6a54c3d6b9317e1a51310""}",,,,FROZEN_MATERIAL_STEP_H_RISK,"{""evaluation_floor"": 6.034754600482992e-18, ""final_H_step_error"": 0.01252028319030779, ""final_full_gap"": 7.837874558296161e-05, ""final_normalized_H_step_error"": 0.5413892258302991, ""receiver_H_step_error"": 0.017857557650676543, ""receiver_full_gap"": 0.00015944618262369226, ""receiver_normalized_H_step_error"": 0.7721781660021734, ""signed_full_gap_improvement"": 8.106743704073065e-05}",,,a17_closure_locked_validation_continuation_v1_2006_858bf52a07154e46996f117b114eeaef,,,True,"{""k"": ""16"", ""mode"": ""validation"", ""noise_basis_points"": ""0"", ""object_id"": ""2006"", ""phase"": ""middle"", ""realization_index"": ""0""}",,,"{""input"": ""frozen/coverage.csv"", ""json_pointer"": null, ""row_index_zero_based"": 77, ""sha256"": ""c994c28d687aaafee0d5d4b1e01ceea95a313df6bbb856ff3ad003434ab89da6""}","{""accepted_moves"": ""2"", ""classification_scope"": ""evaluation floor ONLY; not online acceptance tolerance"", ""endpoint_sha256"": ""0d0de855f6e41dd1d32668973be66d864512bce3797cfe87ca3cf8c90a4c62fd"", ""evaluation_classification"": ""improved"", ""evaluation_floor"": ""6.034754600482992e-18"", ""final_H_step_error"": ""0.01252028319030779"", ""final_full_gap"": ""7.837874558296161e-05"", ""final_half_H_step_energy"": ""7.837874558275191e-05"", ""final_nonlinear_status"": ""{\""reason\"": \""Separate owner bounded nonlinear transfer stage\"", \""status\"": \""NOT_RUN\""}"", ""final_normalized_H_step_error"": ""0.5413892258302991"", ""full_reference_H_energy"": ""0.0005348217822148172"", ""k"": ""16"", ""mode"": ""validation"", ""noise_basis_points"": ""0"", ""object_id"": ""2006"", ""one_step_truth"": ""{\""constraints_violated\"": true, \""relative_material_error\"": 0.867802408159621, \""scope\"": \""Offline unconstrained alpha1 diagnostic; not nonlinear accepted update\""}"", ""paired_attempt"": ""a17_closure_locked_validation_continuation_v1_2006_858bf52a07154e46996f117b114eeaef"", ""phase"": ""middle"", ""realization_index"": ""0"", ""receiver_H_step_error"": ""0.017857557650676543"", ""receiver_full_gap"": ""0.00015944618262369226"", ""receiver_half_H_step_energy"": ""0.00015944618262361818"", ""receiver_normalized_H_step_error"": ""0.7721781660021734"", ""reference_relative_residual"": ""7.46591867149086e-12"", ""result_sha256"": ""a9c1bb1e3c1014f0ffac591ab801f45e2596d162748b211e340998d7e1cd8717"", ""selected_ids"": ""[0, 1, 3, 4, 5, 6, 7, 8, 9, 10, 11, 13, 14, 15, 96, 97]"", ""signed_full_gap_improvement"": ""8.106743704073065e-05"", ""source_directory"": ""/Volumes/migodam's-external-brain/Research/Inv_SLAM/Gaussian/A17/CLOSURE_R1/remote_snapshots/noise_complete_v1/results/locked_validation_continuation_v1/object_2006/middle"", ""stop_reason"": ""ABSTAIN_UNRESOLVED""}",AUDITED_TERMINAL,
,,evaluation floor ONLY; not online acceptance tolerance,,True,,,improved,primary,,,"{""input"": ""frozen/cells.csv"", ""json_pointer"": null, ""row_index_zero_based"": 102, ""sha256"": ""96caff279881fc908cab7f1e1e6be34f8d5fcfc197a6a54c3d6b9317e1a51310""}",,,,FROZEN_MATERIAL_STEP_H_RISK,"{""evaluation_floor"": 9.913725166428e-18, ""final_H_step_error"": 0.02800234576660075, ""final_full_gap"": 0.00039206568421616916, ""final_normalized_H_step_error"": 1.0501347811849857, ""receiver_H_step_error"": 0.0786031742207946, ""receiver_full_gap"": 0.003089229498790782, ""receiver_normalized_H_step_error"": 2.9477504437950377, ""signed_full_gap_improvement"": 0.002697163814574613}",,,a17_closure_locked_validation_continuation_v1_2006_858bf52a07154e46996f117b114eeaef,,,True,"{""k"": ""4"", ""mode"": ""validation"", ""noise_basis_points"": ""0"", ""object_id"": ""2006"", ""phase"": ""late"", ""realization_index"": ""0""}",,,"{""input"": ""frozen/coverage.csv"", ""json_pointer"": null, ""row_index_zero_based"": 78, ""sha256"": ""c994c28d687aaafee0d5d4b1e01ceea95a313df6bbb856ff3ad003434ab89da6""}","{""accepted_moves"": ""3"", ""classification_scope"": ""evaluation floor ONLY; not online acceptance tolerance"", ""endpoint_sha256"": ""97e24d907a227de48e52d5bf6f2ce71f063ee4dc5d53ebd29f7c1b4feb57d511"", ""evaluation_classification"": ""improved"", ""evaluation_floor"": ""9.913725166428e-18"", ""final_H_step_error"": ""0.02800234576660075"", ""final_full_gap"": ""0.00039206568421616916"", ""final_half_H_step_energy"": ""0.0003920656842161315"", ""final_nonlinear_status"": ""{\""reason\"": \""Separate owner bounded nonlinear transfer stage\"", \""status\"": \""NOT_RUN\""}"", ""final_normalized_H_step_error"": ""1.0501347811849857"", ""full_reference_H_energy"": ""0.0007110477099539613"", ""k"": ""4"", ""mode"": ""validation"", ""noise_basis_points"": ""0"", ""object_id"": ""2006"", ""one_step_truth"": ""{\""constraints_violated\"": true, \""relative_material_error\"": 0.8977441363050278, \""scope\"": \""Offline unconstrained alpha1 diagnostic; not nonlinear accepted update\""}"", ""paired_attempt"": ""a17_closure_locked_validation_continuation_v1_2006_858bf52a07154e46996f117b114eeaef"", ""phase"": ""late"", ""realization_index"": ""0"", ""receiver_H_step_error"": ""0.0786031742207946"", ""receiver_full_gap"": ""0.003089229498790782"", ""receiver_half_H_step_energy"": ""0.003089229498792295"", ""receiver_normalized_H_step_error"": ""2.9477504437950377"", ""reference_relative_residual"": ""7.943039517104007e-12"", ""result_sha256"": ""c5bd7ccf32320a0919c2423db3c39ed34335d7855a7ca1d2fcd1e1f644c236bc"", ""selected_ids"": ""[3, 4, 128, 33]"", ""signed_full_gap_improvement"": ""0.002697163814574613"", ""source_directory"": ""/Volumes/migodam's-external-brain/Research/Inv_SLAM/Gaussian/A17/CLOSURE_R1/remote_snapshots/noise_complete_v1/results/locked_validation_continuation_v1/object_2006/late"", ""stop_reason"": ""MOVE_BUDGET_EXHAUSTED""}",AUDITED_TERMINAL,
,,evaluation floor ONLY; not online acceptance tolerance,,True,,,improved,primary,,,"{""input"": ""frozen/cells.csv"", ""json_pointer"": null, ""row_index_zero_based"": 103, ""sha256"": ""96caff279881fc908cab7f1e1e6be34f8d5fcfc197a6a54c3d6b9317e1a51310""}",,,,FROZEN_MATERIAL_STEP_H_RISK,"{""evaluation_floor"": 9.913725166428e-18, ""final_H_step_error"": 0.026791174923926235, ""final_full_gap"": 0.00035888352690207514, ""final_normalized_H_step_error"": 1.0047138497226415, ""receiver_H_step_error"": 0.06611673018666357, ""receiver_full_gap"": 0.002185711005288225, ""receiver_normalized_H_step_error"": 2.4794879174033957, ""signed_full_gap_improvement"": 0.00182682747838615}",,,a17_closure_locked_validation_continuation_v1_2006_858bf52a07154e46996f117b114eeaef,,,True,"{""k"": ""8"", ""mode"": ""validation"", ""noise_basis_points"": ""0"", ""object_id"": ""2006"", ""phase"": ""late"", ""realization_index"": ""0""}",,,"{""input"": ""frozen/coverage.csv"", ""json_pointer"": null, ""row_index_zero_based"": 79, ""sha256"": ""c994c28d687aaafee0d5d4b1e01ceea95a313df6bbb856ff3ad003434ab89da6""}","{""accepted_moves"": ""3"", ""classification_scope"": ""evaluation floor ONLY; not online acceptance tolerance"", ""endpoint_sha256"": ""1823152f9f088c4a2c6b0b3e5187d542609e3b455951074717b26314c507f25a"", ""evaluation_classification"": ""improved"", ""evaluation_floor"": ""9.913725166428e-18"", ""final_H_step_error"": ""0.026791174923926235"", ""final_full_gap"": ""0.00035888352690207514"", ""final_half_H_step_energy"": ""0.000358883526902207"", ""final_nonlinear_status"": ""{\""reason\"": \""Separate owner bounded nonlinear transfer stage\"", \""status\"": \""NOT_RUN\""}"", ""final_normalized_H_step_error"": ""1.0047138497226415"", ""full_reference_H_energy"": ""0.0007110477099539613"", ""k"": ""8"", ""mode"": ""validation"", ""noise_basis_points"": ""0"", ""object_id"": ""2006"", ""one_step_truth"": ""{\""constraints_violated\"": true, \""relative_material_error\"": 0.992837839339412, \""scope\"": \""Offline unconstrained alpha1 diagnostic; not nonlinear accepted update\""}"", ""paired_attempt"": ""a17_closure_locked_validation_continuation_v1_2006_858bf52a07154e46996f117b114eeaef"", ""phase"": ""late"", ""realization_index"": ""0"", ""receiver_H_step_error"": ""0.06611673018666357"", ""receiver_full_gap"": ""0.002185711005288225"", ""receiver_half_H_step_energy"": ""0.002185711005288035"", ""receiver_normalized_H_step_error"": ""2.4794879174033957"", ""reference_relative_residual"": ""7.943039517104007e-12"", ""result_sha256"": ""c5bd7ccf32320a0919c2423db3c39ed34335d7855a7ca1d2fcd1e1f644c236bc"", ""selected_ids"": ""[0, 3, 4, 5, 6, 128, 8, 130]"", ""signed_full_gap_improvement"": ""0.00182682747838615"", ""source_directory"": ""/Volumes/migodam's-external-brain/Research/Inv_SLAM/Gaussian/A17/CLOSURE_R1/remote_snapshots/noise_complete_v1/results/locked_validation_continuation_v1/object_2006/late"", ""stop_reason"": ""MOVE_BUDGET_EXHAUSTED""}",AUDITED_TERMINAL,
,,evaluation floor ONLY; not online acceptance tolerance,,True,,,improved,primary,,,"{""input"": ""frozen/cells.csv"", ""json_pointer"": null, ""row_index_zero_based"": 104, ""sha256"": ""96caff279881fc908cab7f1e1e6be34f8d5fcfc197a6a54c3d6b9317e1a51310""}",,,,FROZEN_MATERIAL_STEP_H_RISK,"{""evaluation_floor"": 9.913725166428e-18, ""final_H_step_error"": 0.016228682578785545, ""final_full_gap"": 0.00013168506912137717, ""final_normalized_H_step_error"": 0.6086027281728812, ""receiver_H_step_error"": 0.02905445366772204, ""receiver_full_gap"": 0.00042208063896465107, ""receiver_normalized_H_step_error"": 1.0895905864141602, ""signed_full_gap_improvement"": 0.0002903955698432739}",,,a17_closure_locked_validation_continuation_v1_2006_858bf52a07154e46996f117b114eeaef,,,True,"{""k"": ""16"", ""mode"": ""validation"", ""noise_basis_points"": ""0"", ""object_id"": ""2006"", ""phase"": ""late"", ""realization_index"": ""0""}",,,"{""input"": ""frozen/coverage.csv"", ""json_pointer"": null, ""row_index_zero_based"": 80, ""sha256"": ""c994c28d687aaafee0d5d4b1e01ceea95a313df6bbb856ff3ad003434ab89da6""}","{""accepted_moves"": ""3"", ""classification_scope"": ""evaluation floor ONLY; not online acceptance tolerance"", ""endpoint_sha256"": ""05f61df7b70ea32ea3fee06c39274c0f8c142a8966e843e90032f765ae96f3ad"", ""evaluation_classification"": ""improved"", ""evaluation_floor"": ""9.913725166428e-18"", ""final_H_step_error"": ""0.016228682578785545"", ""final_full_gap"": ""0.00013168506912137717"", ""final_half_H_step_energy"": ""0.0001316850691214887"", ""final_nonlinear_status"": ""{\""reason\"": \""Separate owner bounded nonlinear transfer stage\"", \""status\"": \""NOT_RUN\""}"", ""final_normalized_H_step_error"": ""0.6086027281728812"", ""full_reference_H_energy"": ""0.0007110477099539613"", ""k"": ""16"", ""mode"": ""validation"", ""noise_basis_points"": ""0"", ""object_id"": ""2006"", ""one_step_truth"": ""{\""constraints_violated\"": true, \""relative_material_error\"": 1.4666725110515029, \""scope\"": \""Offline unconstrained alpha1 diagnostic; not nonlinear accepted update\""}"", ""paired_attempt"": ""a17_closure_locked_validation_continuation_v1_2006_858bf52a07154e46996f117b114eeaef"", ""phase"": ""late"", ""realization_index"": ""0"", ""receiver_H_step_error"": ""0.02905445366772204"", ""receiver_full_gap"": ""0.00042208063896465107"", ""receiver_half_H_step_energy"": ""0.00042208063896490326"", ""receiver_normalized_H_step_error"": ""1.0895905864141602"", ""reference_relative_residual"": ""7.943039517104007e-12"", ""result_sha256"": ""c5bd7ccf32320a0919c2423db3c39ed34335d7855a7ca1d2fcd1e1f644c236bc"", ""selected_ids"": ""[0, 2, 3, 4, 5, 7, 8, 9, 10, 11, 13, 14, 15, 128, 130, 64]"", ""signed_full_gap_improvement"": ""0.0002903955698432739"", ""source_directory"": ""/Volumes/migodam's-external-brain/Research/Inv_SLAM/Gaussian/A17/CLOSURE_R1/remote_snapshots/noise_complete_v1/results/locked_validation_continuation_v1/object_2006/late"", ""stop_reason"": ""MOVE_BUDGET_EXHAUSTED""}",AUDITED_TERMINAL,
,,evaluation floor ONLY; not online acceptance tolerance,,True,,,improved,primary,,,"{""input"": ""frozen/cells.csv"", ""json_pointer"": null, ""row_index_zero_based"": 108, ""sha256"": ""96caff279881fc908cab7f1e1e6be34f8d5fcfc197a6a54c3d6b9317e1a51310""}",,,,FROZEN_MATERIAL_STEP_H_RISK,"{""evaluation_floor"": 1.546332377860864e-15, ""final_H_step_error"": 0.01740947708987702, ""final_full_gap"": 0.00015154494626904965, ""final_normalized_H_step_error"": 0.05272886843131667, ""receiver_H_step_error"": 0.025046847473643344, ""receiver_full_gap"": 0.00031367228418545574, ""receiver_normalized_H_step_error"": 0.07586051655881905, ""signed_full_gap_improvement"": 0.0001621273379164061}",,,a17_closure_locked_validation_continuation_v1_2008_ec18dd78aa984bef83c87fc401c03e68,,,True,"{""k"": ""4"", ""mode"": ""validation"", ""noise_basis_points"": ""0"", ""object_id"": ""2008"", ""phase"": ""early"", ""realization_index"": ""0""}",,,"{""input"": ""frozen/coverage.csv"", ""json_pointer"": null, ""row_index_zero_based"": 81, ""sha256"": ""c994c28d687aaafee0d5d4b1e01ceea95a313df6bbb856ff3ad003434ab89da6""}","{""accepted_moves"": ""2"", ""classification_scope"": ""evaluation floor ONLY; not online acceptance tolerance"", ""endpoint_sha256"": ""556a3dab9c12106eb9df5b61aa9a302ca34da079c65b60d40298aa28d4d1e1ca"", ""evaluation_classification"": ""improved"", ""evaluation_floor"": ""1.546332377860864e-15"", ""final_H_step_error"": ""0.01740947708987702"", ""final_full_gap"": ""0.00015154494626904965"", ""final_half_H_step_energy"": ""0.00015154494627147636"", ""final_nonlinear_status"": ""{\""reason\"": \""Separate owner bounded nonlinear transfer stage\"", \""status\"": \""NOT_RUN\""}"", ""final_normalized_H_step_error"": ""0.05272886843131667"", ""full_reference_H_energy"": ""0.10901206108656455"", ""k"": ""4"", ""mode"": ""validation"", ""noise_basis_points"": ""0"", ""object_id"": ""2008"", ""one_step_truth"": ""{\""constraints_violated\"": true, \""relative_material_error\"": 0.8238260848928475, \""scope\"": \""Offline unconstrained alpha1 diagnostic; not nonlinear accepted update\""}"", ""paired_attempt"": ""a17_closure_locked_validation_continuation_v1_2008_ec18dd78aa984bef83c87fc401c03e68"", ""phase"": ""early"", ""realization_index"": ""0"", ""receiver_H_step_error"": ""0.025046847473643344"", ""receiver_full_gap"": ""0.00031367228418545574"", ""receiver_half_H_step_energy"": ""0.000313672284183977"", ""receiver_normalized_H_step_error"": ""0.07586051655881905"", ""reference_relative_residual"": ""1.384664312469386e-12"", ""result_sha256"": ""26eae34726b12cb44d2b078a2ae26e40c400b9173d16252d4c89dd498a4c380c"", ""selected_ids"": ""[0, 2, 4, 5]"", ""signed_full_gap_improvement"": ""0.0001621273379164061"", ""source_directory"": ""/Volumes/migodam's-external-brain/Research/Inv_SLAM/Gaussian/A17/CLOSURE_R1/remote_snapshots/noise_complete_v1/results/locked_validation_continuation_v1/object_2008/early"", ""stop_reason"": ""ABSTAIN_UNRESOLVED""}",AUDITED_TERMINAL,
,,evaluation floor ONLY; not online acceptance tolerance,,True,,,improved,primary,,,"{""input"": ""frozen/cells.csv"", ""json_pointer"": null, ""row_index_zero_based"": 109, ""sha256"": ""96caff279881fc908cab7f1e1e6be34f8d5fcfc197a6a54c3d6b9317e1a51310""}",,,,FROZEN_MATERIAL_STEP_H_RISK,"{""evaluation_floor"": 1.546332377860864e-15, ""final_H_step_error"": 0.014952539542340703, ""final_full_gap"": 0.0001117892193807789, ""final_normalized_H_step_error"": 0.04528743087295751, ""receiver_H_step_error"": 0.01767089682366309, ""receiver_full_gap"": 0.0001561302972794343, ""receiver_normalized_H_step_error"": 0.05352064216909142, ""signed_full_gap_improvement"": 4.4341077898655396e-05}",,,a17_closure_locked_validation_continuation_v1_2008_ec18dd78aa984bef83c87fc401c03e68,,,True,"{""k"": ""8"", ""mode"": ""validation"", ""noise_basis_points"": ""0"", ""object_id"": ""2008"", ""phase"": ""early"", ""realization_index"": ""0""}",,,"{""input"": ""frozen/coverage.csv"", ""json_pointer"": null, ""row_index_zero_based"": 82, ""sha256"": ""c994c28d687aaafee0d5d4b1e01ceea95a313df6bbb856ff3ad003434ab89da6""}","{""accepted_moves"": ""1"", ""classification_scope"": ""evaluation floor ONLY; not online acceptance tolerance"", ""endpoint_sha256"": ""faaaf5014a9ebb408b1134f569a90e6108364001b5942e245aa614c9d9ba86b8"", ""evaluation_classification"": ""improved"", ""evaluation_floor"": ""1.546332377860864e-15"", ""final_H_step_error"": ""0.014952539542340703"", ""final_full_gap"": ""0.0001117892193807789"", ""final_half_H_step_energy"": ""0.00011178921938263116"", ""final_nonlinear_status"": ""{\""reason\"": \""Separate owner bounded nonlinear transfer stage\"", \""status\"": \""NOT_RUN\""}"", ""final_normalized_H_step_error"": ""0.04528743087295751"", ""full_reference_H_energy"": ""0.10901206108656455"", ""k"": ""8"", ""mode"": ""validation"", ""noise_basis_points"": ""0"", ""object_id"": ""2008"", ""one_step_truth"": ""{\""constraints_violated\"": true, \""relative_material_error\"": 0.8211827608202914, \""scope\"": \""Offline unconstrained alpha1 diagnostic; not nonlinear accepted update\""}"", ""paired_attempt"": ""a17_closure_locked_validation_continuation_v1_2008_ec18dd78aa984bef83c87fc401c03e68"", ""phase"": ""early"", ""realization_index"": ""0"", ""receiver_H_step_error"": ""0.01767089682366309"", ""receiver_full_gap"": ""0.0001561302972794343"", ""receiver_half_H_step_energy"": ""0.0001561302972762732"", ""receiver_normalized_H_step_error"": ""0.05352064216909142"", ""reference_relative_residual"": ""1.384664312469386e-12"", ""result_sha256"": ""26eae34726b12cb44d2b078a2ae26e40c400b9173d16252d4c89dd498a4c380c"", ""selected_ids"": ""[0, 2, 3, 4, 5, 6, 7, 8]"", ""signed_full_gap_improvement"": ""4.4341077898655396e-05"", ""source_directory"": ""/Volumes/migodam's-external-brain/Research/Inv_SLAM/Gaussian/A17/CLOSURE_R1/remote_snapshots/noise_complete_v1/results/locked_validation_continuation_v1/object_2008/early"", ""stop_reason"": ""ABSTAIN_UNRESOLVED""}",AUDITED_TERMINAL,
,,evaluation floor ONLY; not online acceptance tolerance,,True,,,improved,primary,,,"{""input"": ""frozen/cells.csv"", ""json_pointer"": null, ""row_index_zero_based"": 110, ""sha256"": ""96caff279881fc908cab7f1e1e6be34f8d5fcfc197a6a54c3d6b9317e1a51310""}",,,,FROZEN_MATERIAL_STEP_H_RISK,"{""evaluation_floor"": 1.546332377860864e-15, ""final_H_step_error"": 0.006791254605505031, ""final_full_gap"": 2.3060569558606908e-05, ""final_normalized_H_step_error"": 0.02056897910997382, ""receiver_H_step_error"": 0.00756123819334507, ""receiver_full_gap"": 2.8586161508915908e-05, ""receiver_normalized_H_step_error"": 0.022901063128803897, ""signed_full_gap_improvement"": 5.525591950309e-06}",,,a17_closure_locked_validation_continuation_v1_2008_ec18dd78aa984bef83c87fc401c03e68,,,True,"{""k"": ""16"", ""mode"": ""validation"", ""noise_basis_points"": ""0"", ""object_id"": ""2008"", ""phase"": ""early"", ""realization_index"": ""0""}",,,"{""input"": ""frozen/coverage.csv"", ""json_pointer"": null, ""row_index_zero_based"": 83, ""sha256"": ""c994c28d687aaafee0d5d4b1e01ceea95a313df6bbb856ff3ad003434ab89da6""}","{""accepted_moves"": ""2"", ""classification_scope"": ""evaluation floor ONLY; not online acceptance tolerance"", ""endpoint_sha256"": ""5978a3e29f5cb85b3cb6f44c7ac2ab68bbc180483403dbffbd61224e026f8d50"", ""evaluation_classification"": ""improved"", ""evaluation_floor"": ""1.546332377860864e-15"", ""final_H_step_error"": ""0.006791254605505031"", ""final_full_gap"": ""2.3060569558606908e-05"", ""final_half_H_step_energy"": ""2.3060569558396644e-05"", ""final_nonlinear_status"": ""{\""reason\"": \""Separate owner bounded nonlinear transfer stage\"", \""status\"": \""NOT_RUN\""}"", ""final_normalized_H_step_error"": ""0.02056897910997382"", ""full_reference_H_energy"": ""0.10901206108656455"", ""k"": ""16"", ""mode"": ""validation"", ""noise_basis_points"": ""0"", ""object_id"": ""2008"", ""one_step_truth"": ""{\""constraints_violated\"": true, \""relative_material_error\"": 0.8224000929990061, \""scope\"": \""Offline unconstrained alpha1 diagnostic; not nonlinear accepted update\""}"", ""paired_attempt"": ""a17_closure_locked_validation_continuation_v1_2008_ec18dd78aa984bef83c87fc401c03e68"", ""phase"": ""early"", ""realization_index"": ""0"", ""receiver_H_step_error"": ""0.00756123819334507"", ""receiver_full_gap"": ""2.8586161508915908e-05"", ""receiver_half_H_step_energy"": ""2.8586161508250107e-05"", ""receiver_normalized_H_step_error"": ""0.022901063128803897"", ""reference_relative_residual"": ""1.384664312469386e-12"", ""result_sha256"": ""26eae34726b12cb44d2b078a2ae26e40c400b9173d16252d4c89dd498a4c380c"", ""selected_ids"": ""[0, 1, 2, 3, 6, 7, 8, 9, 10, 11, 12, 13, 14, 15, 64, 16]"", ""signed_full_gap_improvement"": ""5.525591950309e-06"", ""source_directory"": ""/Volumes/migodam's-external-brain/Research/Inv_SLAM/Gaussian/A17/CLOSURE_R1/remote_snapshots/noise_complete_v1/results/locked_validation_continuation_v1/object_2008/early"", ""stop_reason"": ""ABSTAIN_UNRESOLVED""}",AUDITED_TERMINAL,
,,evaluation floor ONLY; not online acceptance tolerance,,True,,,improved,primary,,,"{""input"": ""frozen/cells.csv"", ""json_pointer"": null, ""row_index_zero_based"": 114, ""sha256"": ""96caff279881fc908cab7f1e1e6be34f8d5fcfc197a6a54c3d6b9317e1a51310""}",,,,FROZEN_MATERIAL_STEP_H_RISK,"{""evaluation_floor"": 3.24095682259767e-19, ""final_H_step_error"": 0.006028206615202543, ""final_full_gap"": 1.816963749778351e-05, ""final_normalized_H_step_error"": 1.3114359092964545, ""receiver_H_step_error"": 0.01678405313082547, ""receiver_full_gap"": 0.00014085221974918203, ""receiver_normalized_H_step_error"": 3.6513695339827934, ""signed_full_gap_improvement"": 0.0001226825822513985}",,,a17_closure_locked_validation_continuation_v1_2008_ec18dd78aa984bef83c87fc401c03e68,,,True,"{""k"": ""4"", ""mode"": ""validation"", ""noise_basis_points"": ""0"", ""object_id"": ""2008"", ""phase"": ""middle"", ""realization_index"": ""0""}",,,"{""input"": ""frozen/coverage.csv"", ""json_pointer"": null, ""row_index_zero_based"": 84, ""sha256"": ""c994c28d687aaafee0d5d4b1e01ceea95a313df6bbb856ff3ad003434ab89da6""}","{""accepted_moves"": ""3"", ""classification_scope"": ""evaluation floor ONLY; not online acceptance tolerance"", ""endpoint_sha256"": ""12986814511e098b8e3b52c82c1def1ea05110a9c7a7bd2ba2483f61ee65b2c7"", ""evaluation_classification"": ""improved"", ""evaluation_floor"": ""3.24095682259767e-19"", ""final_H_step_error"": ""0.006028206615202543"", ""final_full_gap"": ""1.816963749778351e-05"", ""final_half_H_step_energy"": ""1.816963749778585e-05"", ""final_nonlinear_status"": ""{\""reason\"": \""Separate owner bounded nonlinear transfer stage\"", \""status\"": \""NOT_RUN\""}"", ""final_normalized_H_step_error"": ""1.3114359092964545"", ""full_reference_H_energy"": ""2.112915436855011e-05"", ""k"": ""4"", ""mode"": ""validation"", ""noise_basis_points"": ""0"", ""object_id"": ""2008"", ""one_step_truth"": ""{\""constraints_violated\"": true, \""relative_material_error\"": 0.8008568638604358, \""scope\"": \""Offline unconstrained alpha1 diagnostic; not nonlinear accepted update\""}"", ""paired_attempt"": ""a17_closure_locked_validation_continuation_v1_2008_ec18dd78aa984bef83c87fc401c03e68"", ""phase"": ""middle"", ""realization_index"": ""0"", ""receiver_H_step_error"": ""0.01678405313082547"", ""receiver_full_gap"": ""0.00014085221974918203"", ""receiver_half_H_step_energy"": ""0.00014085221974918612"", ""receiver_normalized_H_step_error"": ""3.6513695339827934"", ""reference_relative_residual"": ""7.288612420993277e-12"", ""result_sha256"": ""9231751c00a3b86cf8e93b2885ccfec8b888f30d2a4afb750bb164c08af75516"", ""selected_ids"": ""[0, 3, 4, 128]"", ""signed_full_gap_improvement"": ""0.0001226825822513985"", ""source_directory"": ""/Volumes/migodam's-external-brain/Research/Inv_SLAM/Gaussian/A17/CLOSURE_R1/remote_snapshots/noise_complete_v1/results/locked_validation_continuation_v1/object_2008/middle"", ""stop_reason"": ""MOVE_BUDGET_EXHAUSTED""}",AUDITED_TERMINAL,
,,evaluation floor ONLY; not online acceptance tolerance,,True,,,improved,primary,,,"{""input"": ""frozen/cells.csv"", ""json_pointer"": null, ""row_index_zero_based"": 115, ""sha256"": ""96caff279881fc908cab7f1e1e6be34f8d5fcfc197a6a54c3d6b9317e1a51310""}",,,,FROZEN_MATERIAL_STEP_H_RISK,"{""evaluation_floor"": 3.24095682259767e-19, ""final_H_step_error"": 0.006697604352490055, ""final_full_gap"": 2.2428952031255953e-05, ""final_normalized_H_step_error"": 1.4570633382015503, ""receiver_H_step_error"": 0.010937381879289039, ""receiver_full_gap"": 5.981316118669943e-05, ""receiver_normalized_H_step_error"": 2.379426629806392, ""signed_full_gap_improvement"": 3.738420915544347e-05}",,,a17_closure_locked_validation_continuation_v1_2008_ec18dd78aa984bef83c87fc401c03e68,,,True,"{""k"": ""8"", ""mode"": ""validation"", ""noise_basis_points"": ""0"", ""object_id"": ""2008"", ""phase"": ""middle"", ""realization_index"": ""0""}",,,"{""input"": ""frozen/coverage.csv"", ""json_pointer"": null, ""row_index_zero_based"": 85, ""sha256"": ""c994c28d687aaafee0d5d4b1e01ceea95a313df6bbb856ff3ad003434ab89da6""}","{""accepted_moves"": ""3"", ""classification_scope"": ""evaluation floor ONLY; not online acceptance tolerance"", ""endpoint_sha256"": ""dcbf4c3f6db53258b2cc58daffc8d1d3c94094a6d7296319d89d876d18c03335"", ""evaluation_classification"": ""improved"", ""evaluation_floor"": ""3.24095682259767e-19"", ""final_H_step_error"": ""0.006697604352490055"", ""final_full_gap"": ""2.2428952031255953e-05"", ""final_half_H_step_energy"": ""2.2428952031246863e-05"", ""final_nonlinear_status"": ""{\""reason\"": \""Separate owner bounded nonlinear transfer stage\"", \""status\"": \""NOT_RUN\""}"", ""final_normalized_H_step_error"": ""1.4570633382015503"", ""full_reference_H_energy"": ""2.112915436855011e-05"", ""k"": ""8"", ""mode"": ""validation"", ""noise_basis_points"": ""0"", ""object_id"": ""2008"", ""one_step_truth"": ""{\""constraints_violated\"": true, \""relative_material_error\"": 0.7993316857754781, \""scope\"": \""Offline unconstrained alpha1 diagnostic; not nonlinear accepted update\""}"", ""paired_attempt"": ""a17_closure_locked_validation_continuation_v1_2008_ec18dd78aa984bef83c87fc401c03e68"", ""phase"": ""middle"", ""realization_index"": ""0"", ""receiver_H_step_error"": ""0.010937381879289039"", ""receiver_full_gap"": ""5.981316118669943e-05"", ""receiver_half_H_step_energy"": ""5.981316118670011e-05"", ""receiver_normalized_H_step_error"": ""2.379426629806392"", ""reference_relative_residual"": ""7.288612420993277e-12"", ""result_sha256"": ""9231751c00a3b86cf8e93b2885ccfec8b888f30d2a4afb750bb164c08af75516"", ""selected_ids"": ""[0, 2, 3, 6, 7, 96, 65, 66]"", ""signed_full_gap_improvement"": ""3.738420915544347e-05"", ""source_directory"": ""/Volumes/migodam's-external-brain/Research/Inv_SLAM/Gaussian/A17/CLOSURE_R1/remote_snapshots/noise_complete_v1/results/locked_validation_continuation_v1/object_2008/middle"", ""stop_reason"": ""MOVE_BUDGET_EXHAUSTED""}",AUDITED_TERMINAL,
,,evaluation floor ONLY; not online acceptance tolerance,,True,,,improved,primary,,,"{""input"": ""frozen/cells.csv"", ""json_pointer"": null, ""row_index_zero_based"": 116, ""sha256"": ""96caff279881fc908cab7f1e1e6be34f8d5fcfc197a6a54c3d6b9317e1a51310""}",,,,FROZEN_MATERIAL_STEP_H_RISK,"{""evaluation_floor"": 3.24095682259767e-19, ""final_H_step_error"": 0.003186574674735582, ""final_full_gap"": 5.077129078832827e-06, ""final_normalized_H_step_error"": 0.6932390879841301, ""receiver_H_step_error"": 0.00536536979756388, ""receiver_full_gap"": 1.4393596532301328e-05, ""receiver_normalized_H_step_error"": 1.167235807982256, ""signed_full_gap_improvement"": 9.316467453468502e-06}",,,a17_closure_locked_validation_continuation_v1_2008_ec18dd78aa984bef83c87fc401c03e68,,,True,"{""k"": ""16"", ""mode"": ""validation"", ""noise_basis_points"": ""0"", ""object_id"": ""2008"", ""phase"": ""middle"", ""realization_index"": ""0""}",,,"{""input"": ""frozen/coverage.csv"", ""json_pointer"": null, ""row_index_zero_based"": 86, ""sha256"": ""c994c28d687aaafee0d5d4b1e01ceea95a313df6bbb856ff3ad003434ab89da6""}","{""accepted_moves"": ""3"", ""classification_scope"": ""evaluation floor ONLY; not online acceptance tolerance"", ""endpoint_sha256"": ""a2a5747f49dd96394a8c3764825657cf258e1b8511e834ed87391d92d95e5422"", ""evaluation_classification"": ""improved"", ""evaluation_floor"": ""3.24095682259767e-19"", ""final_H_step_error"": ""0.003186574674735582"", ""final_full_gap"": ""5.077129078832827e-06"", ""final_half_H_step_energy"": ""5.07712907883309e-06"", ""final_nonlinear_status"": ""{\""reason\"": \""Separate owner bounded nonlinear transfer stage\"", \""status\"": \""NOT_RUN\""}"", ""final_normalized_H_step_error"": ""0.6932390879841301"", ""full_reference_H_energy"": ""2.112915436855011e-05"", ""k"": ""16"", ""mode"": ""validation"", ""noise_basis_points"": ""0"", ""object_id"": ""2008"", ""one_step_truth"": ""{\""constraints_violated\"": true, \""relative_material_error\"": 0.7991400415549709, \""scope\"": \""Offline unconstrained alpha1 diagnostic; not nonlinear accepted update\""}"", ""paired_attempt"": ""a17_closure_locked_validation_continuation_v1_2008_ec18dd78aa984bef83c87fc401c03e68"", ""phase"": ""middle"", ""realization_index"": ""0"", ""receiver_H_step_error"": ""0.00536536979756388"", ""receiver_full_gap"": ""1.4393596532301328e-05"", ""receiver_half_H_step_energy"": ""1.439359653230534e-05"", ""receiver_normalized_H_step_error"": ""1.167235807982256"", ""reference_relative_residual"": ""7.288612420993277e-12"", ""result_sha256"": ""9231751c00a3b86cf8e93b2885ccfec8b888f30d2a4afb750bb164c08af75516"", ""selected_ids"": ""[1, 3, 4, 5, 6, 7, 8, 9, 10, 11, 13, 14, 15, 97, 96, 128]"", ""signed_full_gap_improvement"": ""9.316467453468502e-06"", ""source_directory"": ""/Volumes/migodam's-external-brain/Research/Inv_SLAM/Gaussian/A17/CLOSURE_R1/remote_snapshots/noise_complete_v1/results/locked_validation_continuation_v1/object_2008/middle"", ""stop_reason"": ""MOVE_BUDGET_EXHAUSTED""}",AUDITED_TERMINAL,
,,evaluation floor ONLY; not online acceptance tolerance,,True,,,improved,primary,,,"{""input"": ""frozen/cells.csv"", ""json_pointer"": null, ""row_index_zero_based"": 111, ""sha256"": ""96caff279881fc908cab7f1e1e6be34f8d5fcfc197a6a54c3d6b9317e1a51310""}",,,,FROZEN_MATERIAL_STEP_H_RISK,"{""evaluation_floor"": 8.498239595960868e-21, ""final_H_step_error"": 0.003723305071658466, ""final_full_gap"": 6.9315003283181676e-06, ""final_normalized_H_step_error"": 4.396535089201412, ""receiver_H_step_error"": 0.004636538519602863, ""receiver_full_gap"": 1.0748744721879174e-05, ""receiver_normalized_H_step_error"": 5.47489499290157, ""signed_full_gap_improvement"": 3.817244393561006e-06}",,,a17_closure_locked_validation_continuation_v1_2008_ec18dd78aa984bef83c87fc401c03e68,,,True,"{""k"": ""4"", ""mode"": ""validation"", ""noise_basis_points"": ""0"", ""object_id"": ""2008"", ""phase"": ""late"", ""realization_index"": ""0""}",,,"{""input"": ""frozen/coverage.csv"", ""json_pointer"": null, ""row_index_zero_based"": 87, ""sha256"": ""c994c28d687aaafee0d5d4b1e01ceea95a313df6bbb856ff3ad003434ab89da6""}","{""accepted_moves"": ""2"", ""classification_scope"": ""evaluation floor ONLY; not online acceptance tolerance"", ""endpoint_sha256"": ""55561313878630866ec0c6fd82f613736b6c4c6ae50f2b849034c437efcb326d"", ""evaluation_classification"": ""improved"", ""evaluation_floor"": ""8.498239595960868e-21"", ""final_H_step_error"": ""0.003723305071658466"", ""final_full_gap"": ""6.9315003283181676e-06"", ""final_half_H_step_energy"": ""6.931500328318828e-06"", ""final_nonlinear_status"": ""{\""reason\"": \""Separate owner bounded nonlinear transfer stage\"", \""status\"": \""NOT_RUN\""}"", ""final_normalized_H_step_error"": ""4.396535089201412"", ""full_reference_H_energy"": ""7.171931889482818e-07"", ""k"": ""4"", ""mode"": ""validation"", ""noise_basis_points"": ""0"", ""object_id"": ""2008"", ""one_step_truth"": ""{\""constraints_violated\"": true, \""relative_material_error\"": 0.7780302906803103, \""scope\"": \""Offline unconstrained alpha1 diagnostic; not nonlinear accepted update\""}"", ""paired_attempt"": ""a17_closure_locked_validation_continuation_v1_2008_ec18dd78aa984bef83c87fc401c03e68"", ""phase"": ""late"", ""realization_index"": ""0"", ""receiver_H_step_error"": ""0.004636538519602863"", ""receiver_full_gap"": ""1.0748744721879174e-05"", ""receiver_half_H_step_energy"": ""1.0748744721880556e-05"", ""receiver_normalized_H_step_error"": ""5.47489499290157"", ""reference_relative_residual"": ""7.574970490842475e-12"", ""result_sha256"": ""aa280674fed695f036b0b274930198e764d4b6322f20db6633d5d15f0f12956d"", ""selected_ids"": ""[0, 1, 96, 65]"", ""signed_full_gap_improvement"": ""3.817244393561006e-06"", ""source_directory"": ""/Volumes/migodam's-external-brain/Research/Inv_SLAM/Gaussian/A17/CLOSURE_R1/remote_snapshots/noise_complete_v1/results/locked_validation_continuation_v1/object_2008/late"", ""stop_reason"": ""ABSTAIN_UNRESOLVED""}",AUDITED_TERMINAL,
,,evaluation floor ONLY; not online acceptance tolerance,,True,,,improved,primary,,,"{""input"": ""frozen/cells.csv"", ""json_pointer"": null, ""row_index_zero_based"": 112, ""sha256"": ""96caff279881fc908cab7f1e1e6be34f8d5fcfc197a6a54c3d6b9317e1a51310""}",,,,FROZEN_MATERIAL_STEP_H_RISK,"{""evaluation_floor"": 8.498239595960868e-21, ""final_H_step_error"": 0.0017264595127864397, ""final_full_gap"": 1.4903312246447417e-06, ""final_normalized_H_step_error"": 2.0386295729106494, ""receiver_H_step_error"": 0.0026148245602365815, ""receiver_full_gap"": 3.4186537404047834e-06, ""receiver_normalized_H_step_error"": 3.087624492200168, ""signed_full_gap_improvement"": 1.9283225157600417e-06}",,,a17_closure_locked_validation_continuation_v1_2008_ec18dd78aa984bef83c87fc401c03e68,,,True,"{""k"": ""8"", ""mode"": ""validation"", ""noise_basis_points"": ""0"", ""object_id"": ""2008"", ""phase"": ""late"", ""realization_index"": ""0""}",,,"{""input"": ""frozen/coverage.csv"", ""json_pointer"": null, ""row_index_zero_based"": 88, ""sha256"": ""c994c28d687aaafee0d5d4b1e01ceea95a313df6bbb856ff3ad003434ab89da6""}","{""accepted_moves"": ""3"", ""classification_scope"": ""evaluation floor ONLY; not online acceptance tolerance"", ""endpoint_sha256"": ""f84c1de968db7ead3255b251406ae3297ac4ff4471f204718fa84c600dbf78c7"", ""evaluation_classification"": ""improved"", ""evaluation_floor"": ""8.498239595960868e-21"", ""final_H_step_error"": ""0.0017264595127864397"", ""final_full_gap"": ""1.4903312246447417e-06"", ""final_half_H_step_energy"": ""1.4903312246453952e-06"", ""final_nonlinear_status"": ""{\""reason\"": \""Separate owner bounded nonlinear transfer stage\"", \""status\"": \""NOT_RUN\""}"", ""final_normalized_H_step_error"": ""2.0386295729106494"", ""full_reference_H_energy"": ""7.171931889482818e-07"", ""k"": ""8"", ""mode"": ""validation"", ""noise_basis_points"": ""0"", ""object_id"": ""2008"", ""one_step_truth"": ""{\""constraints_violated\"": true, \""relative_material_error\"": 0.7781019805737732, \""scope\"": \""Offline unconstrained alpha1 diagnostic; not nonlinear accepted update\""}"", ""paired_attempt"": ""a17_closure_locked_validation_continuation_v1_2008_ec18dd78aa984bef83c87fc401c03e68"", ""phase"": ""late"", ""realization_index"": ""0"", ""receiver_H_step_error"": ""0.0026148245602365815"", ""receiver_full_gap"": ""3.4186537404047834e-06"", ""receiver_half_H_step_energy"": ""3.4186537404082164e-06"", ""receiver_normalized_H_step_error"": ""3.087624492200168"", ""reference_relative_residual"": ""7.574970490842475e-12"", ""result_sha256"": ""aa280674fed695f036b0b274930198e764d4b6322f20db6633d5d15f0f12956d"", ""selected_ids"": ""[1, 2, 3, 4, 6, 7, 96, 66]"", ""signed_full_gap_improvement"": ""1.9283225157600417e-06"", ""source_directory"": ""/Volumes/migodam's-external-brain/Research/Inv_SLAM/Gaussian/A17/CLOSURE_R1/remote_snapshots/noise_complete_v1/results/locked_validation_continuation_v1/object_2008/late"", ""stop_reason"": ""MOVE_BUDGET_EXHAUSTED""}",AUDITED_TERMINAL,
,,evaluation floor ONLY; not online acceptance tolerance,,True,,,improved,primary,,,"{""input"": ""frozen/cells.csv"", ""json_pointer"": null, ""row_index_zero_based"": 113, ""sha256"": ""96caff279881fc908cab7f1e1e6be34f8d5fcfc197a6a54c3d6b9317e1a51310""}",,,,FROZEN_MATERIAL_STEP_H_RISK,"{""evaluation_floor"": 8.498239595960868e-21, ""final_H_step_error"": 0.0011469408309505932, ""final_full_gap"": 6.577366348503976e-07, ""final_normalized_H_step_error"": 1.3543251255170465, ""receiver_H_step_error"": 0.0013694834612875077, ""receiver_full_gap"": 9.377424753699059e-07, ""receiver_normalized_H_step_error"": 1.6171068380785714, ""signed_full_gap_improvement"": 2.8000584051950836e-07}",,,a17_closure_locked_validation_continuation_v1_2008_ec18dd78aa984bef83c87fc401c03e68,,,True,"{""k"": ""16"", ""mode"": ""validation"", ""noise_basis_points"": ""0"", ""object_id"": ""2008"", ""phase"": ""late"", ""realization_index"": ""0""}",,,"{""input"": ""frozen/coverage.csv"", ""json_pointer"": null, ""row_index_zero_based"": 89, ""sha256"": ""c994c28d687aaafee0d5d4b1e01ceea95a313df6bbb856ff3ad003434ab89da6""}","{""accepted_moves"": ""3"", ""classification_scope"": ""evaluation floor ONLY; not online acceptance tolerance"", ""endpoint_sha256"": ""fa476a82bffc66b3213aa578dace3b1bd0c84478970e4927958cf312484c5fa7"", ""evaluation_classification"": ""improved"", ""evaluation_floor"": ""8.498239595960868e-21"", ""final_H_step_error"": ""0.0011469408309505932"", ""final_full_gap"": ""6.577366348503976e-07"", ""final_half_H_step_energy"": ""6.577366348508187e-07"", ""final_nonlinear_status"": ""{\""reason\"": \""Separate owner bounded nonlinear transfer stage\"", \""status\"": \""NOT_RUN\""}"", ""final_normalized_H_step_error"": ""1.3543251255170465"", ""full_reference_H_energy"": ""7.171931889482818e-07"", ""k"": ""16"", ""mode"": ""validation"", ""noise_basis_points"": ""0"", ""object_id"": ""2008"", ""one_step_truth"": ""{\""constraints_violated\"": true, \""relative_material_error\"": 0.7735942662905885, \""scope\"": \""Offline unconstrained alpha1 diagnostic; not nonlinear accepted update\""}"", ""paired_attempt"": ""a17_closure_locked_validation_continuation_v1_2008_ec18dd78aa984bef83c87fc401c03e68"", ""phase"": ""late"", ""realization_index"": ""0"", ""receiver_H_step_error"": ""0.0013694834612875077"", ""receiver_full_gap"": ""9.377424753699059e-07"", ""receiver_half_H_step_energy"": ""9.377424753700063e-07"", ""receiver_normalized_H_step_error"": ""1.6171068380785714"", ""reference_relative_residual"": ""7.574970490842475e-12"", ""result_sha256"": ""aa280674fed695f036b0b274930198e764d4b6322f20db6633d5d15f0f12956d"", ""selected_ids"": ""[1, 2, 3, 4, 5, 6, 8, 9, 10, 11, 12, 14, 15, 17, 65, 13]"", ""signed_full_gap_improvement"": ""2.8000584051950836e-07"", ""source_directory"": ""/Volumes/migodam's-external-brain/Research/Inv_SLAM/Gaussian/A17/CLOSURE_R1/remote_snapshots/noise_complete_v1/results/locked_validation_continuation_v1/object_2008/late"", ""stop_reason"": ""MOVE_BUDGET_EXHAUSTED""}",AUDITED_TERMINAL,
,,evaluation floor ONLY; not online acceptance tolerance,,True,,,improved,primary,,,"{""input"": ""frozen/cells.csv"", ""json_pointer"": null, ""row_index_zero_based"": 117, ""sha256"": ""96caff279881fc908cab7f1e1e6be34f8d5fcfc197a6a54c3d6b9317e1a51310""}",,,,FROZEN_MATERIAL_STEP_H_RISK,"{""evaluation_floor"": 3.8196402348923085e-15, ""final_H_step_error"": 0.036323284475026495, ""final_full_gap"": 0.0006596904975225382, ""final_normalized_H_step_error"": 0.06995169767731017, ""receiver_H_step_error"": 0.04525953128878242, ""receiver_full_gap"": 0.0010242125862320378, ""receiver_normalized_H_step_error"": 0.08716119964058837, ""signed_full_gap_improvement"": 0.00036452208870949953}",,,a17_closure_locked_validation_continuation_v1_2009_a849071e93854311b14c0f3374326e40,,,True,"{""k"": ""4"", ""mode"": ""validation"", ""noise_basis_points"": ""0"", ""object_id"": ""2009"", ""phase"": ""early"", ""realization_index"": ""0""}",,,"{""input"": ""frozen/coverage.csv"", ""json_pointer"": null, ""row_index_zero_based"": 90, ""sha256"": ""c994c28d687aaafee0d5d4b1e01ceea95a313df6bbb856ff3ad003434ab89da6""}","{""accepted_moves"": ""1"", ""classification_scope"": ""evaluation floor ONLY; not online acceptance tolerance"", ""endpoint_sha256"": ""c2c4e4f99a58205585dfc485a0740013b2843c119939e41532c01b922d57551b"", ""evaluation_classification"": ""improved"", ""evaluation_floor"": ""3.8196402348923085e-15"", ""final_H_step_error"": ""0.036323284475026495"", ""final_full_gap"": ""0.0006596904975225382"", ""final_half_H_step_energy"": ""0.0006596904975268503"", ""final_nonlinear_status"": ""{\""reason\"": \""Separate owner bounded nonlinear transfer stage\"", \""status\"": \""NOT_RUN\""}"", ""final_normalized_H_step_error"": ""0.06995169767731017"", ""full_reference_H_energy"": ""0.2696334111781568"", ""k"": ""4"", ""mode"": ""validation"", ""noise_basis_points"": ""0"", ""object_id"": ""2009"", ""one_step_truth"": ""{\""constraints_violated\"": true, \""relative_material_error\"": 0.7563162350281353, \""scope\"": \""Offline unconstrained alpha1 diagnostic; not nonlinear accepted update\""}"", ""paired_attempt"": ""a17_closure_locked_validation_continuation_v1_2009_a849071e93854311b14c0f3374326e40"", ""phase"": ""early"", ""realization_index"": ""0"", ""receiver_H_step_error"": ""0.04525953128878242"", ""receiver_full_gap"": ""0.0010242125862320378"", ""receiver_half_H_step_energy"": ""0.0010242125862401374"", ""receiver_normalized_H_step_error"": ""0.08716119964058837"", ""reference_relative_residual"": ""1.071070936513853e-12"", ""result_sha256"": ""e2768620272cd40466ef46d4b6506e6888ae7d4a8a3a020dad36ecc612d94bae"", ""selected_ids"": ""[0, 2, 3, 5]"", ""signed_full_gap_improvement"": ""0.00036452208870949953"", ""source_directory"": ""/Volumes/migodam's-external-brain/Research/Inv_SLAM/Gaussian/A17/CLOSURE_R1/remote_snapshots/noise_complete_v1/results/locked_validation_continuation_v1/object_2009/early"", ""stop_reason"": ""ABSTAIN_UNRESOLVED""}",AUDITED_TERMINAL,
,,evaluation floor ONLY; not online acceptance tolerance,,True,,,improved,primary,,,"{""input"": ""frozen/cells.csv"", ""json_pointer"": null, ""row_index_zero_based"": 118, ""sha256"": ""96caff279881fc908cab7f1e1e6be34f8d5fcfc197a6a54c3d6b9317e1a51310""}",,,,FROZEN_MATERIAL_STEP_H_RISK,"{""evaluation_floor"": 3.8196402348923085e-15, ""final_H_step_error"": 0.025065905475197586, ""final_full_gap"": 0.00031414980864326856, ""final_normalized_H_step_error"": 0.04827213912922935, ""receiver_H_step_error"": 0.03603876615667994, ""receiver_full_gap"": 0.000649396333041205, ""receiver_normalized_H_step_error"": 0.06940376982121779, ""signed_full_gap_improvement"": 0.0003352465243979364}",,,a17_closure_locked_validation_continuation_v1_2009_a849071e93854311b14c0f3374326e40,,,True,"{""k"": ""8"", ""mode"": ""validation"", ""noise_basis_points"": ""0"", ""object_id"": ""2009"", ""phase"": ""early"", ""realization_index"": ""0""}",,,"{""input"": ""frozen/coverage.csv"", ""json_pointer"": null, ""row_index_zero_based"": 91, ""sha256"": ""c994c28d687aaafee0d5d4b1e01ceea95a313df6bbb856ff3ad003434ab89da6""}","{""accepted_moves"": ""2"", ""classification_scope"": ""evaluation floor ONLY; not online acceptance tolerance"", ""endpoint_sha256"": ""66ff28ede651f891a71d40686f1dc0747cbe15538c83da30e9f2aed0acb5eab3"", ""evaluation_classification"": ""improved"", ""evaluation_floor"": ""3.8196402348923085e-15"", ""final_H_step_error"": ""0.025065905475197586"", ""final_full_gap"": ""0.00031414980864326856"", ""final_half_H_step_energy"": ""0.00031414980864577014"", ""final_nonlinear_status"": ""{\""reason\"": \""Separate owner bounded nonlinear transfer stage\"", \""status\"": \""NOT_RUN\""}"", ""final_normalized_H_step_error"": ""0.04827213912922935"", ""full_reference_H_energy"": ""0.2696334111781568"", ""k"": ""8"", ""mode"": ""validation"", ""noise_basis_points"": ""0"", ""object_id"": ""2009"", ""one_step_truth"": ""{\""constraints_violated\"": true, \""relative_material_error\"": 0.7411363311126183, \""scope\"": \""Offline unconstrained alpha1 diagnostic; not nonlinear accepted update\""}"", ""paired_attempt"": ""a17_closure_locked_validation_continuation_v1_2009_a849071e93854311b14c0f3374326e40"", ""phase"": ""early"", ""realization_index"": ""0"", ""receiver_H_step_error"": ""0.03603876615667994"", ""receiver_full_gap"": ""0.000649396333041205"", ""receiver_half_H_step_energy"": ""0.0006493963330479297"", ""receiver_normalized_H_step_error"": ""0.06940376982121779"", ""reference_relative_residual"": ""1.071070936513853e-12"", ""result_sha256"": ""e2768620272cd40466ef46d4b6506e6888ae7d4a8a3a020dad36ecc612d94bae"", ""selected_ids"": ""[0, 1, 2, 3, 6, 7, 33, 64]"", ""signed_full_gap_improvement"": ""0.0003352465243979364"", ""source_directory"": ""/Volumes/migodam's-external-brain/Research/Inv_SLAM/Gaussian/A17/CLOSURE_R1/remote_snapshots/noise_complete_v1/results/locked_validation_continuation_v1/object_2009/early"", ""stop_reason"": ""ABSTAIN_UNRESOLVED""}",AUDITED_TERMINAL,
,,evaluation floor ONLY; not online acceptance tolerance,,True,,,improved,primary,,,"{""input"": ""frozen/cells.csv"", ""json_pointer"": null, ""row_index_zero_based"": 119, ""sha256"": ""96caff279881fc908cab7f1e1e6be34f8d5fcfc197a6a54c3d6b9317e1a51310""}",,,,FROZEN_MATERIAL_STEP_H_RISK,"{""evaluation_floor"": 3.8196402348923085e-15, ""final_H_step_error"": 0.008625340581079445, ""final_full_gap"": 3.719825007097843e-05, ""final_normalized_H_step_error"": 0.01661075603188729, ""receiver_H_step_error"": 0.013044548157295003, ""receiver_full_gap"": 8.508011831457121e-05, ""receiver_normalized_H_step_error"": 0.02512130448069972, ""signed_full_gap_improvement"": 4.788186824359278e-05}",,,a17_closure_locked_validation_continuation_v1_2009_a849071e93854311b14c0f3374326e40,,,True,"{""k"": ""16"", ""mode"": ""validation"", ""noise_basis_points"": ""0"", ""object_id"": ""2009"", ""phase"": ""early"", ""realization_index"": ""0""}",,,"{""input"": ""frozen/coverage.csv"", ""json_pointer"": null, ""row_index_zero_based"": 92, ""sha256"": ""c994c28d687aaafee0d5d4b1e01ceea95a313df6bbb856ff3ad003434ab89da6""}","{""accepted_moves"": ""2"", ""classification_scope"": ""evaluation floor ONLY; not online acceptance tolerance"", ""endpoint_sha256"": ""98c69cac235696131899aa69dda931e16eb6eea58ac53a0dbdf292ef391de2cc"", ""evaluation_classification"": ""improved"", ""evaluation_floor"": ""3.8196402348923085e-15"", ""final_H_step_error"": ""0.008625340581079445"", ""final_full_gap"": ""3.719825007097843e-05"", ""final_half_H_step_energy"": ""3.719825006980795e-05"", ""final_nonlinear_status"": ""{\""reason\"": \""Separate owner bounded nonlinear transfer stage\"", \""status\"": \""NOT_RUN\""}"", ""final_normalized_H_step_error"": ""0.01661075603188729"", ""full_reference_H_energy"": ""0.2696334111781568"", ""k"": ""16"", ""mode"": ""validation"", ""noise_basis_points"": ""0"", ""object_id"": ""2009"", ""one_step_truth"": ""{\""constraints_violated\"": true, \""relative_material_error\"": 0.7246983158400075, \""scope\"": \""Offline unconstrained alpha1 diagnostic; not nonlinear accepted update\""}"", ""paired_attempt"": ""a17_closure_locked_validation_continuation_v1_2009_a849071e93854311b14c0f3374326e40"", ""phase"": ""early"", ""realization_index"": ""0"", ""receiver_H_step_error"": ""0.013044548157295003"", ""receiver_full_gap"": ""8.508011831457121e-05"", ""receiver_half_H_step_energy"": ""8.508011831399423e-05"", ""receiver_normalized_H_step_error"": ""0.02512130448069972"", ""reference_relative_residual"": ""1.071070936513853e-12"", ""result_sha256"": ""e2768620272cd40466ef46d4b6506e6888ae7d4a8a3a020dad36ecc612d94bae"", ""selected_ids"": ""[0, 1, 2, 4, 6, 7, 8, 9, 10, 11, 12, 13, 14, 15, 64, 66]"", ""signed_full_gap_improvement"": ""4.788186824359278e-05"", ""source_directory"": ""/Volumes/migodam's-external-brain/Research/Inv_SLAM/Gaussian/A17/CLOSURE_R1/remote_snapshots/noise_complete_v1/results/locked_validation_continuation_v1/object_2009/early"", ""stop_reason"": ""ABSTAIN_UNRESOLVED""}",AUDITED_TERMINAL,
,,evaluation floor ONLY; not online acceptance tolerance,,True,,,improved,primary,,,"{""input"": ""frozen/cells.csv"", ""json_pointer"": null, ""row_index_zero_based"": 123, ""sha256"": ""96caff279881fc908cab7f1e1e6be34f8d5fcfc197a6a54c3d6b9317e1a51310""}",,,,FROZEN_MATERIAL_STEP_H_RISK,"{""evaluation_floor"": 9.218752849453654e-19, ""final_H_step_error"": 0.00913809873650639, ""final_full_gap"": 4.1752424259065734e-05, ""final_normalized_H_step_error"": 1.9184865557624722, ""receiver_H_step_error"": 0.01820382720801974, ""receiver_full_gap"": 0.00016568966250967123, ""receiver_normalized_H_step_error"": 3.8217794279776824, ""signed_full_gap_improvement"": 0.0001239372382506055}",,,a17_closure_locked_validation_continuation_v1_2009_a849071e93854311b14c0f3374326e40,,,True,"{""k"": ""4"", ""mode"": ""validation"", ""noise_basis_points"": ""0"", ""object_id"": ""2009"", ""phase"": ""middle"", ""realization_index"": ""0""}",,,"{""input"": ""frozen/coverage.csv"", ""json_pointer"": null, ""row_index_zero_based"": 93, ""sha256"": ""c994c28d687aaafee0d5d4b1e01ceea95a313df6bbb856ff3ad003434ab89da6""}","{""accepted_moves"": ""3"", ""classification_scope"": ""evaluation floor ONLY; not online acceptance tolerance"", ""endpoint_sha256"": ""14826e468b87bd06d92780e66950c034c9a9085e0bbec498a0abe70543d3945c"", ""evaluation_classification"": ""improved"", ""evaluation_floor"": ""9.218752849453654e-19"", ""final_H_step_error"": ""0.00913809873650639"", ""final_full_gap"": ""4.1752424259065734e-05"", ""final_half_H_step_energy"": ""4.1752424259069834e-05"", ""final_nonlinear_status"": ""{\""reason\"": \""Separate owner bounded nonlinear transfer stage\"", \""status\"": \""NOT_RUN\""}"", ""final_normalized_H_step_error"": ""1.9184865557624722"", ""full_reference_H_energy"": ""2.2687893364603913e-05"", ""k"": ""4"", ""mode"": ""validation"", ""noise_basis_points"": ""0"", ""object_id"": ""2009"", ""one_step_truth"": ""{\""constraints_violated\"": true, \""relative_material_error\"": 0.5965382450601574, \""scope\"": \""Offline unconstrained alpha1 diagnostic; not nonlinear accepted update\""}"", ""paired_attempt"": ""a17_closure_locked_validation_continuation_v1_2009_a849071e93854311b14c0f3374326e40"", ""phase"": ""middle"", ""realization_index"": ""0"", ""receiver_H_step_error"": ""0.01820382720801974"", ""receiver_full_gap"": ""0.00016568966250967123"", ""receiver_half_H_step_energy"": ""0.0001656896625097199"", ""receiver_normalized_H_step_error"": ""3.8217794279776824"", ""reference_relative_residual"": ""3.988488879330766e-12"", ""result_sha256"": ""6ce0d93c6da0e7d8a18830515c5a0ca5d3f0e6a537e4c64324fbb7fa3ebc74a7"", ""selected_ids"": ""[2, 4, 5, 33]"", ""signed_full_gap_improvement"": ""0.0001239372382506055"", ""source_directory"": ""/Volumes/migodam's-external-brain/Research/Inv_SLAM/Gaussian/A17/CLOSURE_R1/remote_snapshots/noise_complete_v1/results/locked_validation_continuation_v1/object_2009/middle"", ""stop_reason"": ""MOVE_BUDGET_EXHAUSTED""}",AUDITED_TERMINAL,
,,evaluation floor ONLY; not online acceptance tolerance,,True,,,improved,primary,,,"{""input"": ""frozen/cells.csv"", ""json_pointer"": null, ""row_index_zero_based"": 124, ""sha256"": ""96caff279881fc908cab7f1e1e6be34f8d5fcfc197a6a54c3d6b9317e1a51310""}",,,,FROZEN_MATERIAL_STEP_H_RISK,"{""evaluation_floor"": 9.218752849453654e-19, ""final_H_step_error"": 0.007018007834252759, ""final_full_gap"": 2.4626216980815976e-05, ""final_normalized_H_step_error"": 1.4733867587205631, ""receiver_H_step_error"": 0.009279473691568793, ""receiver_full_gap"": 4.3054315996254145e-05, ""receiver_normalized_H_step_error"": 1.9481673414958551, ""signed_full_gap_improvement"": 1.842809901543817e-05}",,,a17_closure_locked_validation_continuation_v1_2009_a849071e93854311b14c0f3374326e40,,,True,"{""k"": ""8"", ""mode"": ""validation"", ""noise_basis_points"": ""0"", ""object_id"": ""2009"", ""phase"": ""middle"", ""realization_index"": ""0""}",,,"{""input"": ""frozen/coverage.csv"", ""json_pointer"": null, ""row_index_zero_based"": 94, ""sha256"": ""c994c28d687aaafee0d5d4b1e01ceea95a313df6bbb856ff3ad003434ab89da6""}","{""accepted_moves"": ""2"", ""classification_scope"": ""evaluation floor ONLY; not online acceptance tolerance"", ""endpoint_sha256"": ""23af53884da808438d755e495ab579d39c91f7bc112ce4067783f5e1384f2135"", ""evaluation_classification"": ""improved"", ""evaluation_floor"": ""9.218752849453654e-19"", ""final_H_step_error"": ""0.007018007834252759"", ""final_full_gap"": ""2.4626216980815976e-05"", ""final_half_H_step_energy"": ""2.4626216980816548e-05"", ""final_nonlinear_status"": ""{\""reason\"": \""Separate owner bounded nonlinear transfer stage\"", \""status\"": \""NOT_RUN\""}"", ""final_normalized_H_step_error"": ""1.4733867587205631"", ""full_reference_H_energy"": ""2.2687893364603913e-05"", ""k"": ""8"", ""mode"": ""validation"", ""noise_basis_points"": ""0"", ""object_id"": ""2009"", ""one_step_truth"": ""{\""constraints_violated\"": true, \""relative_material_error\"": 0.5937456585864336, \""scope\"": \""Offline unconstrained alpha1 diagnostic; not nonlinear accepted update\""}"", ""paired_attempt"": ""a17_closure_locked_validation_continuation_v1_2009_a849071e93854311b14c0f3374326e40"", ""phase"": ""middle"", ""realization_index"": ""0"", ""receiver_H_step_error"": ""0.009279473691568793"", ""receiver_full_gap"": ""4.3054315996254145e-05"", ""receiver_half_H_step_energy"": ""4.305431599625868e-05"", ""receiver_normalized_H_step_error"": ""1.9481673414958551"", ""reference_relative_residual"": ""3.988488879330766e-12"", ""result_sha256"": ""6ce0d93c6da0e7d8a18830515c5a0ca5d3f0e6a537e4c64324fbb7fa3ebc74a7"", ""selected_ids"": ""[1, 2, 4, 5, 6, 7, 65, 97]"", ""signed_full_gap_improvement"": ""1.842809901543817e-05"", ""source_directory"": ""/Volumes/migodam's-external-brain/Research/Inv_SLAM/Gaussian/A17/CLOSURE_R1/remote_snapshots/noise_complete_v1/results/locked_validation_continuation_v1/object_2009/middle"", ""stop_reason"": ""ABSTAIN_UNRESOLVED""}",AUDITED_TERMINAL,
,,evaluation floor ONLY; not online acceptance tolerance,,True,,,improved,primary,,,"{""input"": ""frozen/cells.csv"", ""json_pointer"": null, ""row_index_zero_based"": 125, ""sha256"": ""96caff279881fc908cab7f1e1e6be34f8d5fcfc197a6a54c3d6b9317e1a51310""}",,,,FROZEN_MATERIAL_STEP_H_RISK,"{""evaluation_floor"": 9.218752849453654e-19, ""final_H_step_error"": 0.003433919511787713, ""final_full_gap"": 5.895901606719232e-06, ""final_normalized_H_step_error"": 0.720929879058607, ""receiver_H_step_error"": 0.003932781424833484, ""receiver_full_gap"": 7.733384867756309e-06, ""receiver_normalized_H_step_error"": 0.8256628110345812, ""signed_full_gap_improvement"": 1.837483261037077e-06}",,,a17_closure_locked_validation_continuation_v1_2009_a849071e93854311b14c0f3374326e40,,,True,"{""k"": ""16"", ""mode"": ""validation"", ""noise_basis_points"": ""0"", ""object_id"": ""2009"", ""phase"": ""middle"", ""realization_index"": ""0""}",,,"{""input"": ""frozen/coverage.csv"", ""json_pointer"": null, ""row_index_zero_based"": 95, ""sha256"": ""c994c28d687aaafee0d5d4b1e01ceea95a313df6bbb856ff3ad003434ab89da6""}","{""accepted_moves"": ""2"", ""classification_scope"": ""evaluation floor ONLY; not online acceptance tolerance"", ""endpoint_sha256"": ""33502c6e978831c24c976da43abec975af880eb3a94fb409560a2b4b2af916fd"", ""evaluation_classification"": ""improved"", ""evaluation_floor"": ""9.218752849453654e-19"", ""final_H_step_error"": ""0.003433919511787713"", ""final_full_gap"": ""5.895901606719232e-06"", ""final_half_H_step_energy"": ""5.895901606718183e-06"", ""final_nonlinear_status"": ""{\""reason\"": \""Separate owner bounded nonlinear transfer stage\"", \""status\"": \""NOT_RUN\""}"", ""final_normalized_H_step_error"": ""0.720929879058607"", ""full_reference_H_energy"": ""2.2687893364603913e-05"", ""k"": ""16"", ""mode"": ""validation"", ""noise_basis_points"": ""0"", ""object_id"": ""2009"", ""one_step_truth"": ""{\""constraints_violated\"": true, \""relative_material_error\"": 0.5745266070524169, \""scope\"": \""Offline unconstrained alpha1 diagnostic; not nonlinear accepted update\""}"", ""paired_attempt"": ""a17_closure_locked_validation_continuation_v1_2009_a849071e93854311b14c0f3374326e40"", ""phase"": ""middle"", ""realization_index"": ""0"", ""receiver_H_step_error"": ""0.003932781424833484"", ""receiver_full_gap"": ""7.733384867756309e-06"", ""receiver_half_H_step_energy"": ""7.733384867757645e-06"", ""receiver_normalized_H_step_error"": ""0.8256628110345812"", ""reference_relative_residual"": ""3.988488879330766e-12"", ""result_sha256"": ""6ce0d93c6da0e7d8a18830515c5a0ca5d3f0e6a537e4c64324fbb7fa3ebc74a7"", ""selected_ids"": ""[0, 1, 2, 4, 5, 6, 7, 8, 9, 10, 11, 12, 14, 15, 97, 129]"", ""signed_full_gap_improvement"": ""1.837483261037077e-06"", ""source_directory"": ""/Volumes/migodam's-external-brain/Research/Inv_SLAM/Gaussian/A17/CLOSURE_R1/remote_snapshots/noise_complete_v1/results/locked_validation_continuation_v1/object_2009/middle"", ""stop_reason"": ""ABSTAIN_UNRESOLVED""}",AUDITED_TERMINAL,
,,evaluation floor ONLY; not online acceptance tolerance,,True,,,improved,primary,,,"{""input"": ""frozen/cells.csv"", ""json_pointer"": null, ""row_index_zero_based"": 120, ""sha256"": ""96caff279881fc908cab7f1e1e6be34f8d5fcfc197a6a54c3d6b9317e1a51310""}",,,,FROZEN_MATERIAL_STEP_H_RISK,"{""evaluation_floor"": 6.502280812445908e-19, ""final_H_step_error"": 0.018378294837152486, ""final_full_gap"": 0.00016888086056069583, ""final_normalized_H_step_error"": 11.983041866968172, ""receiver_H_step_error"": 0.026796162945805585, ""receiver_full_gap"": 0.00035901717430921804, ""receiver_normalized_H_step_error"": 17.471672170835646, ""signed_full_gap_improvement"": 0.0001901363137485222}",,,a17_closure_locked_validation_continuation_v1_2009_a849071e93854311b14c0f3374326e40,,,True,"{""k"": ""4"", ""mode"": ""validation"", ""noise_basis_points"": ""0"", ""object_id"": ""2009"", ""phase"": ""late"", ""realization_index"": ""0""}",,,"{""input"": ""frozen/coverage.csv"", ""json_pointer"": null, ""row_index_zero_based"": 96, ""sha256"": ""c994c28d687aaafee0d5d4b1e01ceea95a313df6bbb856ff3ad003434ab89da6""}","{""accepted_moves"": ""2"", ""classification_scope"": ""evaluation floor ONLY; not online acceptance tolerance"", ""endpoint_sha256"": ""77298326d3c8f38a7d6ad042743729a867749c9f7ef99bbf05fe93c868590e34"", ""evaluation_classification"": ""improved"", ""evaluation_floor"": ""6.502280812445908e-19"", ""final_H_step_error"": ""0.018378294837152486"", ""final_full_gap"": ""0.00016888086056069583"", ""final_half_H_step_energy"": ""0.00016888086056065284"", ""final_nonlinear_status"": ""{\""reason\"": \""Separate owner bounded nonlinear transfer stage\"", \""status\"": \""NOT_RUN\""}"", ""final_normalized_H_step_error"": ""11.983041866968172"", ""full_reference_H_energy"": ""2.352210994748278e-06"", ""k"": ""4"", ""mode"": ""validation"", ""noise_basis_points"": ""0"", ""object_id"": ""2009"", ""one_step_truth"": ""{\""constraints_violated\"": true, \""relative_material_error\"": 0.597158041904324, \""scope\"": \""Offline unconstrained alpha1 diagnostic; not nonlinear accepted update\""}"", ""paired_attempt"": ""a17_closure_locked_validation_continuation_v1_2009_a849071e93854311b14c0f3374326e40"", ""phase"": ""late"", ""realization_index"": ""0"", ""receiver_H_step_error"": ""0.026796162945805585"", ""receiver_full_gap"": ""0.00035901717430921804"", ""receiver_half_H_step_energy"": ""0.00035901717430908214"", ""receiver_normalized_H_step_error"": ""17.471672170835646"", ""reference_relative_residual"": ""5.385292138971104e-12"", ""result_sha256"": ""60ccf9060e68ec9b91d164d5e6a5dacf8fc90fe29aef434dad7d5b58331a98cd"", ""selected_ids"": ""[0, 2, 3, 130]"", ""signed_full_gap_improvement"": ""0.0001901363137485222"", ""source_directory"": ""/Volumes/migodam's-external-brain/Research/Inv_SLAM/Gaussian/A17/CLOSURE_R1/remote_snapshots/noise_complete_v1/results/locked_validation_continuation_v1/object_2009/late"", ""stop_reason"": ""ABSTAIN_UNRESOLVED""}",AUDITED_TERMINAL,
,,evaluation floor ONLY; not online acceptance tolerance,,True,,,improved,primary,,,"{""input"": ""frozen/cells.csv"", ""json_pointer"": null, ""row_index_zero_based"": 121, ""sha256"": ""96caff279881fc908cab7f1e1e6be34f8d5fcfc197a6a54c3d6b9317e1a51310""}",,,,FROZEN_MATERIAL_STEP_H_RISK,"{""evaluation_floor"": 6.502280812445908e-19, ""final_H_step_error"": 0.009098067265113703, ""final_full_gap"": 4.1387413980273146e-05, ""final_normalized_H_step_error"": 5.932134722637955, ""receiver_H_step_error"": 0.018558387244680324, ""receiver_full_gap"": 0.00017220686856180155, ""receiver_normalized_H_step_error"": 12.100465973962395, ""signed_full_gap_improvement"": 0.0001308194545815284}",,,a17_closure_locked_validation_continuation_v1_2009_a849071e93854311b14c0f3374326e40,,,True,"{""k"": ""8"", ""mode"": ""validation"", ""noise_basis_points"": ""0"", ""object_id"": ""2009"", ""phase"": ""late"", ""realization_index"": ""0""}",,,"{""input"": ""frozen/coverage.csv"", ""json_pointer"": null, ""row_index_zero_based"": 97, ""sha256"": ""c994c28d687aaafee0d5d4b1e01ceea95a313df6bbb856ff3ad003434ab89da6""}","{""accepted_moves"": ""3"", ""classification_scope"": ""evaluation floor ONLY; not online acceptance tolerance"", ""endpoint_sha256"": ""70409ede751ef88261c1e4839ea78568b078899e906658e9d3ef3adad094174e"", ""evaluation_classification"": ""improved"", ""evaluation_floor"": ""6.502280812445908e-19"", ""final_H_step_error"": ""0.009098067265113703"", ""final_full_gap"": ""4.1387413980273146e-05"", ""final_half_H_step_energy"": ""4.138741398026676e-05"", ""final_nonlinear_status"": ""{\""reason\"": \""Separate owner bounded nonlinear transfer stage\"", \""status\"": \""NOT_RUN\""}"", ""final_normalized_H_step_error"": ""5.932134722637955"", ""full_reference_H_energy"": ""2.352210994748278e-06"", ""k"": ""8"", ""mode"": ""validation"", ""noise_basis_points"": ""0"", ""object_id"": ""2009"", ""one_step_truth"": ""{\""constraints_violated\"": true, \""relative_material_error\"": 0.5159070685513193, \""scope\"": \""Offline unconstrained alpha1 diagnostic; not nonlinear accepted update\""}"", ""paired_attempt"": ""a17_closure_locked_validation_continuation_v1_2009_a849071e93854311b14c0f3374326e40"", ""phase"": ""late"", ""realization_index"": ""0"", ""receiver_H_step_error"": ""0.018558387244680324"", ""receiver_full_gap"": ""0.00017220686856180155"", ""receiver_half_H_step_energy"": ""0.00017220686856175664"", ""receiver_normalized_H_step_error"": ""12.100465973962395"", ""reference_relative_residual"": ""5.385292138971104e-12"", ""result_sha256"": ""60ccf9060e68ec9b91d164d5e6a5dacf8fc90fe29aef434dad7d5b58331a98cd"", ""selected_ids"": ""[1, 2, 5, 6, 7, 65, 96, 128]"", ""signed_full_gap_improvement"": ""0.0001308194545815284"", ""source_directory"": ""/Volumes/migodam's-external-brain/Research/Inv_SLAM/Gaussian/A17/CLOSURE_R1/remote_snapshots/noise_complete_v1/results/locked_validation_continuation_v1/object_2009/late"", ""stop_reason"": ""MOVE_BUDGET_EXHAUSTED""}",AUDITED_TERMINAL,
,,evaluation floor ONLY; not online acceptance tolerance,,True,,,improved,primary,,,"{""input"": ""frozen/cells.csv"", ""json_pointer"": null, ""row_index_zero_based"": 122, ""sha256"": ""96caff279881fc908cab7f1e1e6be34f8d5fcfc197a6a54c3d6b9317e1a51310""}",,,,FROZEN_MATERIAL_STEP_H_RISK,"{""evaluation_floor"": 6.502280812445908e-19, ""final_H_step_error"": 0.004095133628881133, ""final_full_gap"": 8.38505971920059e-06, ""final_normalized_H_step_error"": 2.6701148371235464, ""receiver_H_step_error"": 0.004490002880814672, ""receiver_full_gap"": 1.0080062934862888e-05, ""receiver_normalized_H_step_error"": 2.927578046840511, ""signed_full_gap_improvement"": 1.6950032156622978e-06}",,,a17_closure_locked_validation_continuation_v1_2009_a849071e93854311b14c0f3374326e40,,,True,"{""k"": ""16"", ""mode"": ""validation"", ""noise_basis_points"": ""0"", ""object_id"": ""2009"", ""phase"": ""late"", ""realization_index"": ""0""}",,,"{""input"": ""frozen/coverage.csv"", ""json_pointer"": null, ""row_index_zero_based"": 98, ""sha256"": ""c994c28d687aaafee0d5d4b1e01ceea95a313df6bbb856ff3ad003434ab89da6""}","{""accepted_moves"": ""2"", ""classification_scope"": ""evaluation floor ONLY; not online acceptance tolerance"", ""endpoint_sha256"": ""ae93d1427dc3e0a97c227af8e310bb53a1dc30a2e29824e21e0038bd3fea055b"", ""evaluation_classification"": ""improved"", ""evaluation_floor"": ""6.502280812445908e-19"", ""final_H_step_error"": ""0.004095133628881133"", ""final_full_gap"": ""8.38505971920059e-06"", ""final_half_H_step_energy"": ""8.385059719196578e-06"", ""final_nonlinear_status"": ""{\""reason\"": \""Separate owner bounded nonlinear transfer stage\"", \""status\"": \""NOT_RUN\""}"", ""final_normalized_H_step_error"": ""2.6701148371235464"", ""full_reference_H_energy"": ""2.352210994748278e-06"", ""k"": ""16"", ""mode"": ""validation"", ""noise_basis_points"": ""0"", ""object_id"": ""2009"", ""one_step_truth"": ""{\""constraints_violated\"": true, \""relative_material_error\"": 0.5114353596422135, \""scope\"": \""Offline unconstrained alpha1 diagnostic; not nonlinear accepted update\""}"", ""paired_attempt"": ""a17_closure_locked_validation_continuation_v1_2009_a849071e93854311b14c0f3374326e40"", ""phase"": ""late"", ""realization_index"": ""0"", ""receiver_H_step_error"": ""0.004490002880814672"", ""receiver_full_gap"": ""1.0080062934862888e-05"", ""receiver_half_H_step_energy"": ""1.0080062934862027e-05"", ""receiver_normalized_H_step_error"": ""2.927578046840511"", ""reference_relative_residual"": ""5.385292138971104e-12"", ""result_sha256"": ""60ccf9060e68ec9b91d164d5e6a5dacf8fc90fe29aef434dad7d5b58331a98cd"", ""selected_ids"": ""[0, 1, 2, 3, 5, 6, 7, 8, 9, 10, 12, 13, 14, 15, 65, 32]"", ""signed_full_gap_improvement"": ""1.6950032156622978e-06"", ""source_directory"": ""/Volumes/migodam's-external-brain/Research/Inv_SLAM/Gaussian/A17/CLOSURE_R1/remote_snapshots/noise_complete_v1/results/locked_validation_continuation_v1/object_2009/late"", ""stop_reason"": ""ABSTAIN_UNRESOLVED""}",AUDITED_TERMINAL,
,,evaluation floor ONLY; not online acceptance tolerance,,True,,,improved,primary,,,"{""input"": ""frozen/cells.csv"", ""json_pointer"": null, ""row_index_zero_based"": 126, ""sha256"": ""96caff279881fc908cab7f1e1e6be34f8d5fcfc197a6a54c3d6b9317e1a51310""}",,,,FROZEN_MATERIAL_STEP_H_RISK,"{""evaluation_floor"": 3.915358086798981e-15, ""final_H_step_error"": 0.036212041468126746, ""final_full_gap"": 0.0006556559736406981, ""final_normalized_H_step_error"": 0.0688884259555301, ""receiver_H_step_error"": 0.04839620426529955, ""receiver_full_gap"": 0.0011710962936462659, ""receiver_normalized_H_step_error"": 0.09206711908228862, ""signed_full_gap_improvement"": 0.0005154403200055678}",,,a17_closure_locked_validation_continuation_v1_2010_167ddd9956d4416ead95ca711b1c5b13,,,True,"{""k"": ""4"", ""mode"": ""validation"", ""noise_basis_points"": ""0"", ""object_id"": ""2010"", ""phase"": ""early"", ""realization_index"": ""0""}",,,"{""input"": ""frozen/coverage.csv"", ""json_pointer"": null, ""row_index_zero_based"": 99, ""sha256"": ""c994c28d687aaafee0d5d4b1e01ceea95a313df6bbb856ff3ad003434ab89da6""}","{""accepted_moves"": ""1"", ""classification_scope"": ""evaluation floor ONLY; not online acceptance tolerance"", ""endpoint_sha256"": ""8292a6fd0eabb9c50cc91758c2decc8ae794dd0244db1e23281e7413c19566cc"", ""evaluation_classification"": ""improved"", ""evaluation_floor"": ""3.915358086798981e-15"", ""final_H_step_error"": ""0.036212041468126746"", ""final_full_gap"": ""0.0006556559736406981"", ""final_half_H_step_energy"": ""0.0006556559736446655"", ""final_nonlinear_status"": ""{\""reason\"": \""Separate owner bounded nonlinear transfer stage\"", \""status\"": \""NOT_RUN\""}"", ""final_normalized_H_step_error"": ""0.0688884259555301"", ""full_reference_H_energy"": ""0.27632074737654105"", ""k"": ""4"", ""mode"": ""validation"", ""noise_basis_points"": ""0"", ""object_id"": ""2010"", ""one_step_truth"": ""{\""constraints_violated\"": true, \""relative_material_error\"": 0.7774624475783367, \""scope\"": \""Offline unconstrained alpha1 diagnostic; not nonlinear accepted update\""}"", ""paired_attempt"": ""a17_closure_locked_validation_continuation_v1_2010_167ddd9956d4416ead95ca711b1c5b13"", ""phase"": ""early"", ""realization_index"": ""0"", ""receiver_H_step_error"": ""0.04839620426529955"", ""receiver_full_gap"": ""0.0011710962936462659"", ""receiver_half_H_step_energy"": ""0.0011710962936442994"", ""receiver_normalized_H_step_error"": ""0.09206711908228862"", ""reference_relative_residual"": ""7.206411812362506e-13"", ""result_sha256"": ""9d4bc7153743beb757f592e52a66818dd264130c2eb7c970004c95b4c26d3077"", ""selected_ids"": ""[0, 2, 3, 4]"", ""signed_full_gap_improvement"": ""0.0005154403200055678"", ""source_directory"": ""/Volumes/migodam's-external-brain/Research/Inv_SLAM/Gaussian/A17/CLOSURE_R1/remote_snapshots/noise_complete_v1/results/locked_validation_continuation_v1/object_2010/early"", ""stop_reason"": ""ABSTAIN_UNRESOLVED""}",AUDITED_TERMINAL,
,,evaluation floor ONLY; not online acceptance tolerance,,True,,,improved,primary,,,"{""input"": ""frozen/cells.csv"", ""json_pointer"": null, ""row_index_zero_based"": 127, ""sha256"": ""96caff279881fc908cab7f1e1e6be34f8d5fcfc197a6a54c3d6b9317e1a51310""}",,,,FROZEN_MATERIAL_STEP_H_RISK,"{""evaluation_floor"": 3.915358086798981e-15, ""final_H_step_error"": 0.03513602251042662, ""final_full_gap"": 0.0006172700389225665, ""final_normalized_H_step_error"": 0.06684144795348856, ""receiver_H_step_error"": 0.038323973783715555, ""receiver_full_gap"": 0.0007343634832830378, ""receiver_normalized_H_step_error"": 0.07290608657468042, ""signed_full_gap_improvement"": 0.00011709344436047124}",,,a17_closure_locked_validation_continuation_v1_2010_167ddd9956d4416ead95ca711b1c5b13,,,True,"{""k"": ""8"", ""mode"": ""validation"", ""noise_basis_points"": ""0"", ""object_id"": ""2010"", ""phase"": ""early"", ""realization_index"": ""0""}",,,"{""input"": ""frozen/coverage.csv"", ""json_pointer"": null, ""row_index_zero_based"": 100, ""sha256"": ""c994c28d687aaafee0d5d4b1e01ceea95a313df6bbb856ff3ad003434ab89da6""}","{""accepted_moves"": ""3"", ""classification_scope"": ""evaluation floor ONLY; not online acceptance tolerance"", ""endpoint_sha256"": ""3d15e4d1f86eb8c622dd4f627ed72a1f70a8c53f80aee984ff5a04eece279e28"", ""evaluation_classification"": ""improved"", ""evaluation_floor"": ""3.915358086798981e-15"", ""final_H_step_error"": ""0.03513602251042662"", ""final_full_gap"": ""0.0006172700389225665"", ""final_half_H_step_energy"": ""0.0006172700389266031"", ""final_nonlinear_status"": ""{\""reason\"": \""Separate owner bounded nonlinear transfer stage\"", \""status\"": \""NOT_RUN\""}"", ""final_normalized_H_step_error"": ""0.06684144795348856"", ""full_reference_H_energy"": ""0.27632074737654105"", ""k"": ""8"", ""mode"": ""validation"", ""noise_basis_points"": ""0"", ""object_id"": ""2010"", ""one_step_truth"": ""{\""constraints_violated\"": true, \""relative_material_error\"": 0.7773254376972343, \""scope\"": \""Offline unconstrained alpha1 diagnostic; not nonlinear accepted update\""}"", ""paired_attempt"": ""a17_closure_locked_validation_continuation_v1_2010_167ddd9956d4416ead95ca711b1c5b13"", ""phase"": ""early"", ""realization_index"": ""0"", ""receiver_H_step_error"": ""0.038323973783715555"", ""receiver_full_gap"": ""0.0007343634832830378"", ""receiver_half_H_step_energy"": ""0.0007343634832874585"", ""receiver_normalized_H_step_error"": ""0.07290608657468042"", ""reference_relative_residual"": ""7.206411812362506e-13"", ""result_sha256"": ""9d4bc7153743beb757f592e52a66818dd264130c2eb7c970004c95b4c26d3077"", ""selected_ids"": ""[0, 2, 3, 4, 5, 7, 8, 130]"", ""signed_full_gap_improvement"": ""0.00011709344436047124"", ""source_directory"": ""/Volumes/migodam's-external-brain/Research/Inv_SLAM/Gaussian/A17/CLOSURE_R1/remote_snapshots/noise_complete_v1/results/locked_validation_continuation_v1/object_2010/early"", ""stop_reason"": ""MOVE_BUDGET_EXHAUSTED""}",AUDITED_TERMINAL,
,,evaluation floor ONLY; not online acceptance tolerance,,True,,,improved,primary,,,"{""input"": ""frozen/cells.csv"", ""json_pointer"": null, ""row_index_zero_based"": 128, ""sha256"": ""96caff279881fc908cab7f1e1e6be34f8d5fcfc197a6a54c3d6b9317e1a51310""}",,,,FROZEN_MATERIAL_STEP_H_RISK,"{""evaluation_floor"": 3.915358086798981e-15, ""final_H_step_error"": 0.009526541390266076, ""final_full_gap"": 4.5377495432612256e-05, ""final_normalized_H_step_error"": 0.01812293410061607, ""receiver_H_step_error"": 0.013534355138071169, ""receiver_full_gap"": 9.158938450339064e-05, ""receiver_normalized_H_step_error"": 0.02574724826286065, ""signed_full_gap_improvement"": 4.6211889070778385e-05}",,,a17_closure_locked_validation_continuation_v1_2010_167ddd9956d4416ead95ca711b1c5b13,,,True,"{""k"": ""16"", ""mode"": ""validation"", ""noise_basis_points"": ""0"", ""object_id"": ""2010"", ""phase"": ""early"", ""realization_index"": ""0""}",,,"{""input"": ""frozen/coverage.csv"", ""json_pointer"": null, ""row_index_zero_based"": 101, ""sha256"": ""c994c28d687aaafee0d5d4b1e01ceea95a313df6bbb856ff3ad003434ab89da6""}","{""accepted_moves"": ""2"", ""classification_scope"": ""evaluation floor ONLY; not online acceptance tolerance"", ""endpoint_sha256"": ""2f72dda250cbfe271105bab7417688281e5d071abbafd49ab561203ccce5dcac"", ""evaluation_classification"": ""improved"", ""evaluation_floor"": ""3.915358086798981e-15"", ""final_H_step_error"": ""0.009526541390266076"", ""final_full_gap"": ""4.5377495432612256e-05"", ""final_half_H_step_energy"": ""4.5377495430226354e-05"", ""final_nonlinear_status"": ""{\""reason\"": \""Separate owner bounded nonlinear transfer stage\"", \""status\"": \""NOT_RUN\""}"", ""final_normalized_H_step_error"": ""0.01812293410061607"", ""full_reference_H_energy"": ""0.27632074737654105"", ""k"": ""16"", ""mode"": ""validation"", ""noise_basis_points"": ""0"", ""object_id"": ""2010"", ""one_step_truth"": ""{\""constraints_violated\"": true, \""relative_material_error\"": 0.7550436552858869, \""scope\"": \""Offline unconstrained alpha1 diagnostic; not nonlinear accepted update\""}"", ""paired_attempt"": ""a17_closure_locked_validation_continuation_v1_2010_167ddd9956d4416ead95ca711b1c5b13"", ""phase"": ""early"", ""realization_index"": ""0"", ""receiver_H_step_error"": ""0.013534355138071169"", ""receiver_full_gap"": ""9.158938450339064e-05"", ""receiver_half_H_step_energy"": ""9.158938450171671e-05"", ""receiver_normalized_H_step_error"": ""0.02574724826286065"", ""reference_relative_residual"": ""7.206411812362506e-13"", ""result_sha256"": ""9d4bc7153743beb757f592e52a66818dd264130c2eb7c970004c95b4c26d3077"", ""selected_ids"": ""[0, 3, 4, 5, 6, 7, 8, 9, 10, 11, 12, 13, 14, 15, 17, 16]"", ""signed_full_gap_improvement"": ""4.6211889070778385e-05"", ""source_directory"": ""/Volumes/migodam's-external-brain/Research/Inv_SLAM/Gaussian/A17/CLOSURE_R1/remote_snapshots/noise_complete_v1/results/locked_validation_continuation_v1/object_2010/early"", ""stop_reason"": ""ABSTAIN_UNRESOLVED""}",AUDITED_TERMINAL,
,,evaluation floor ONLY; not online acceptance tolerance,,True,,,improved,primary,,,"{""input"": ""frozen/cells.csv"", ""json_pointer"": null, ""row_index_zero_based"": 132, ""sha256"": ""96caff279881fc908cab7f1e1e6be34f8d5fcfc197a6a54c3d6b9317e1a51310""}",,,,FROZEN_MATERIAL_STEP_H_RISK,"{""evaluation_floor"": 3.460210557353781e-18, ""final_H_step_error"": 0.007645285760729611, ""final_full_gap"": 2.9225197182226197e-05, ""final_normalized_H_step_error"": 0.4752187741424532, ""receiver_H_step_error"": 0.017996804941361445, ""receiver_full_gap"": 0.00016194249404878413, ""receiver_normalized_H_step_error"": 1.1186527031657283, ""signed_full_gap_improvement"": 0.00013271729686655794}",,,a17_closure_locked_validation_continuation_v1_2010_167ddd9956d4416ead95ca711b1c5b13,,,True,"{""k"": ""4"", ""mode"": ""validation"", ""noise_basis_points"": ""0"", ""object_id"": ""2010"", ""phase"": ""middle"", ""realization_index"": ""0""}",,,"{""input"": ""frozen/coverage.csv"", ""json_pointer"": null, ""row_index_zero_based"": 102, ""sha256"": ""c994c28d687aaafee0d5d4b1e01ceea95a313df6bbb856ff3ad003434ab89da6""}","{""accepted_moves"": ""3"", ""classification_scope"": ""evaluation floor ONLY; not online acceptance tolerance"", ""endpoint_sha256"": ""1893ef768c16f2c2ba6790b19b53ae6977dd28b566e35c1dc59a52478d5ce18d"", ""evaluation_classification"": ""improved"", ""evaluation_floor"": ""3.460210557353781e-18"", ""final_H_step_error"": ""0.007645285760729611"", ""final_full_gap"": ""2.9225197182226197e-05"", ""final_half_H_step_energy"": ""2.9225197181607477e-05"", ""final_nonlinear_status"": ""{\""reason\"": \""Separate owner bounded nonlinear transfer stage\"", \""status\"": \""NOT_RUN\""}"", ""final_normalized_H_step_error"": ""0.4752187741424532"", ""full_reference_H_energy"": ""0.0002588214502235574"", ""k"": ""4"", ""mode"": ""validation"", ""noise_basis_points"": ""0"", ""object_id"": ""2010"", ""one_step_truth"": ""{\""constraints_violated\"": true, \""relative_material_error\"": 0.6745111003063825, \""scope\"": \""Offline unconstrained alpha1 diagnostic; not nonlinear accepted update\""}"", ""paired_attempt"": ""a17_closure_locked_validation_continuation_v1_2010_167ddd9956d4416ead95ca711b1c5b13"", ""phase"": ""middle"", ""realization_index"": ""0"", ""receiver_H_step_error"": ""0.017996804941361445"", ""receiver_full_gap"": ""0.00016194249404878413"", ""receiver_half_H_step_energy"": ""0.00016194249404870585"", ""receiver_normalized_H_step_error"": ""1.1186527031657283"", ""reference_relative_residual"": ""9.547165679641322e-12"", ""result_sha256"": ""0ed75467bcedc7ec2860613f83bf75c4d2e042b478cf7ecc8af1c5e4d1019ecf"", ""selected_ids"": ""[3, 4, 96, 32]"", ""signed_full_gap_improvement"": ""0.00013271729686655794"", ""source_directory"": ""/Volumes/migodam's-external-brain/Research/Inv_SLAM/Gaussian/A17/CLOSURE_R1/remote_snapshots/noise_complete_v1/results/locked_validation_continuation_v1/object_2010/middle"", ""stop_reason"": ""MOVE_BUDGET_EXHAUSTED""}",AUDITED_TERMINAL,
,,evaluation floor ONLY; not online acceptance tolerance,,True,,,improved,primary,,,"{""input"": ""frozen/cells.csv"", ""json_pointer"": null, ""row_index_zero_based"": 133, ""sha256"": ""96caff279881fc908cab7f1e1e6be34f8d5fcfc197a6a54c3d6b9317e1a51310""}",,,,FROZEN_MATERIAL_STEP_H_RISK,"{""evaluation_floor"": 3.460210557353781e-18, ""final_H_step_error"": 0.007434625558310744, ""final_full_gap"": 2.7636828597065585e-05, ""final_normalized_H_step_error"": 0.4621244718119487, ""receiver_H_step_error"": 0.010249058726457398, ""receiver_full_gap"": 5.2521602389620364e-05, ""receiver_normalized_H_step_error"": 0.6370651505426904, ""signed_full_gap_improvement"": 2.488477379255478e-05}",,,a17_closure_locked_validation_continuation_v1_2010_167ddd9956d4416ead95ca711b1c5b13,,,True,"{""k"": ""8"", ""mode"": ""validation"", ""noise_basis_points"": ""0"", ""object_id"": ""2010"", ""phase"": ""middle"", ""realization_index"": ""0""}",,,"{""input"": ""frozen/coverage.csv"", ""json_pointer"": null, ""row_index_zero_based"": 103, ""sha256"": ""c994c28d687aaafee0d5d4b1e01ceea95a313df6bbb856ff3ad003434ab89da6""}","{""accepted_moves"": ""3"", ""classification_scope"": ""evaluation floor ONLY; not online acceptance tolerance"", ""endpoint_sha256"": ""9cca2534e2640ecdf36dbab5ade9add598ccc86a915a2b8d11249e7bc29f6ba3"", ""evaluation_classification"": ""improved"", ""evaluation_floor"": ""3.460210557353781e-18"", ""final_H_step_error"": ""0.007434625558310744"", ""final_full_gap"": ""2.7636828597065585e-05"", ""final_half_H_step_energy"": ""2.7636828596143675e-05"", ""final_nonlinear_status"": ""{\""reason\"": \""Separate owner bounded nonlinear transfer stage\"", \""status\"": \""NOT_RUN\""}"", ""final_normalized_H_step_error"": ""0.4621244718119487"", ""full_reference_H_energy"": ""0.0002588214502235574"", ""k"": ""8"", ""mode"": ""validation"", ""noise_basis_points"": ""0"", ""object_id"": ""2010"", ""one_step_truth"": ""{\""constraints_violated\"": true, \""relative_material_error\"": 0.6762490196384939, \""scope\"": \""Offline unconstrained alpha1 diagnostic; not nonlinear accepted update\""}"", ""paired_attempt"": ""a17_closure_locked_validation_continuation_v1_2010_167ddd9956d4416ead95ca711b1c5b13"", ""phase"": ""middle"", ""realization_index"": ""0"", ""receiver_H_step_error"": ""0.010249058726457398"", ""receiver_full_gap"": ""5.2521602389620364e-05"", ""receiver_half_H_step_energy"": ""5.252160238918627e-05"", ""receiver_normalized_H_step_error"": ""0.6370651505426904"", ""reference_relative_residual"": ""9.547165679641322e-12"", ""result_sha256"": ""0ed75467bcedc7ec2860613f83bf75c4d2e042b478cf7ecc8af1c5e4d1019ecf"", ""selected_ids"": ""[0, 4, 5, 6, 7, 64, 96, 65]"", ""signed_full_gap_improvement"": ""2.488477379255478e-05"", ""source_directory"": ""/Volumes/migodam's-external-brain/Research/Inv_SLAM/Gaussian/A17/CLOSURE_R1/remote_snapshots/noise_complete_v1/results/locked_validation_continuation_v1/object_2010/middle"", ""stop_reason"": ""MOVE_BUDGET_EXHAUSTED""}",AUDITED_TERMINAL,
,,evaluation floor ONLY; not online acceptance tolerance,,True,,,improved,primary,,,"{""input"": ""frozen/cells.csv"", ""json_pointer"": null, ""row_index_zero_based"": 134, ""sha256"": ""96caff279881fc908cab7f1e1e6be34f8d5fcfc197a6a54c3d6b9317e1a51310""}",,,,FROZEN_MATERIAL_STEP_H_RISK,"{""evaluation_floor"": 3.460210557353781e-18, ""final_H_step_error"": 0.0036542291890989276, ""final_full_gap"": 6.6766954834676424e-06, ""final_normalized_H_step_error"": 0.22714106052112285, ""receiver_H_step_error"": 0.0047314240664369815, ""receiver_full_gap"": 1.1193186848312497e-05, ""receiver_normalized_H_step_error"": 0.29409777674362647, ""signed_full_gap_improvement"": 4.516491364844855e-06}",,,a17_closure_locked_validation_continuation_v1_2010_167ddd9956d4416ead95ca711b1c5b13,,,True,"{""k"": ""16"", ""mode"": ""validation"", ""noise_basis_points"": ""0"", ""object_id"": ""2010"", ""phase"": ""middle"", ""realization_index"": ""0""}",,,"{""input"": ""frozen/coverage.csv"", ""json_pointer"": null, ""row_index_zero_based"": 104, ""sha256"": ""c994c28d687aaafee0d5d4b1e01ceea95a313df6bbb856ff3ad003434ab89da6""}","{""accepted_moves"": ""3"", ""classification_scope"": ""evaluation floor ONLY; not online acceptance tolerance"", ""endpoint_sha256"": ""ee899a97b8d03df51aad8a866ec2c7180e50776f812ec1204f6bbb9733b5c3bb"", ""evaluation_classification"": ""improved"", ""evaluation_floor"": ""3.460210557353781e-18"", ""final_H_step_error"": ""0.0036542291890989276"", ""final_full_gap"": ""6.6766954834676424e-06"", ""final_half_H_step_energy"": ""6.676695483231303e-06"", ""final_nonlinear_status"": ""{\""reason\"": \""Separate owner bounded nonlinear transfer stage\"", \""status\"": \""NOT_RUN\""}"", ""final_normalized_H_step_error"": ""0.22714106052112285"", ""full_reference_H_energy"": ""0.0002588214502235574"", ""k"": ""16"", ""mode"": ""validation"", ""noise_basis_points"": ""0"", ""object_id"": ""2010"", ""one_step_truth"": ""{\""constraints_violated\"": true, \""relative_material_error\"": 0.6520677778565905, \""scope\"": \""Offline unconstrained alpha1 diagnostic; not nonlinear accepted update\""}"", ""paired_attempt"": ""a17_closure_locked_validation_continuation_v1_2010_167ddd9956d4416ead95ca711b1c5b13"", ""phase"": ""middle"", ""realization_index"": ""0"", ""receiver_H_step_error"": ""0.0047314240664369815"", ""receiver_full_gap"": ""1.1193186848312497e-05"", ""receiver_half_H_step_energy"": ""1.119318684822953e-05"", ""receiver_normalized_H_step_error"": ""0.29409777674362647"", ""reference_relative_residual"": ""9.547165679641322e-12"", ""result_sha256"": ""0ed75467bcedc7ec2860613f83bf75c4d2e042b478cf7ecc8af1c5e4d1019ecf"", ""selected_ids"": ""[0, 1, 2, 3, 4, 5, 6, 7, 9, 10, 13, 14, 15, 96, 129, 11]"", ""signed_full_gap_improvement"": ""4.516491364844855e-06"", ""source_directory"": ""/Volumes/migodam's-external-brain/Research/Inv_SLAM/Gaussian/A17/CLOSURE_R1/remote_snapshots/noise_complete_v1/results/locked_validation_continuation_v1/object_2010/middle"", ""stop_reason"": ""MOVE_BUDGET_EXHAUSTED""}",AUDITED_TERMINAL,
,,evaluation floor ONLY; not online acceptance tolerance,,True,,,improved,primary,,,"{""input"": ""frozen/cells.csv"", ""json_pointer"": null, ""row_index_zero_based"": 129, ""sha256"": ""96caff279881fc908cab7f1e1e6be34f8d5fcfc197a6a54c3d6b9317e1a51310""}",,,,FROZEN_MATERIAL_STEP_H_RISK,"{""evaluation_floor"": 1.2632182950612938e-18, ""final_H_step_error"": 0.015502881365914455, ""final_full_gap"": 0.00012016966532273448, ""final_normalized_H_step_error"": 1.614914560156112, ""receiver_H_step_error"": 0.025002000711305646, ""receiver_full_gap"": 0.0003125500197841812, ""receiver_normalized_H_step_error"": 2.604425205142459, ""signed_full_gap_improvement"": 0.00019238035446144674}",,,a17_closure_locked_validation_continuation_v1_2010_167ddd9956d4416ead95ca711b1c5b13,,,True,"{""k"": ""4"", ""mode"": ""validation"", ""noise_basis_points"": ""0"", ""object_id"": ""2010"", ""phase"": ""late"", ""realization_index"": ""0""}",,,"{""input"": ""frozen/coverage.csv"", ""json_pointer"": null, ""row_index_zero_based"": 105, ""sha256"": ""c994c28d687aaafee0d5d4b1e01ceea95a313df6bbb856ff3ad003434ab89da6""}","{""accepted_moves"": ""2"", ""classification_scope"": ""evaluation floor ONLY; not online acceptance tolerance"", ""endpoint_sha256"": ""b007c0d36e813f3a2b3a7e5fdf8a30b33ed9dc95abd74f68b57cef23d88d90fb"", ""evaluation_classification"": ""improved"", ""evaluation_floor"": ""1.2632182950612938e-18"", ""final_H_step_error"": ""0.015502881365914455"", ""final_full_gap"": ""0.00012016966532273448"", ""final_half_H_step_energy"": ""0.0001201696653228088"", ""final_nonlinear_status"": ""{\""reason\"": \""Separate owner bounded nonlinear transfer stage\"", \""status\"": \""NOT_RUN\""}"", ""final_normalized_H_step_error"": ""1.614914560156112"", ""full_reference_H_energy"": ""9.21564521669341e-05"", ""k"": ""4"", ""mode"": ""validation"", ""noise_basis_points"": ""0"", ""object_id"": ""2010"", ""one_step_truth"": ""{\""constraints_violated\"": true, \""relative_material_error\"": 0.6798958575507585, \""scope\"": \""Offline unconstrained alpha1 diagnostic; not nonlinear accepted update\""}"", ""paired_attempt"": ""a17_closure_locked_validation_continuation_v1_2010_167ddd9956d4416ead95ca711b1c5b13"", ""phase"": ""late"", ""realization_index"": ""0"", ""receiver_H_step_error"": ""0.025002000711305646"", ""receiver_full_gap"": ""0.0003125500197841812"", ""receiver_half_H_step_energy"": ""0.000312550019784064"", ""receiver_normalized_H_step_error"": ""2.604425205142459"", ""reference_relative_residual"": ""7.771692692962935e-12"", ""result_sha256"": ""557709146e1d1fce1a05c2eebd4d7f0556261df06312fff99408cc709bc9199b"", ""selected_ids"": ""[0, 3, 96, 4]"", ""signed_full_gap_improvement"": ""0.00019238035446144674"", ""source_directory"": ""/Volumes/migodam's-external-brain/Research/Inv_SLAM/Gaussian/A17/CLOSURE_R1/remote_snapshots/noise_complete_v1/results/locked_validation_continuation_v1/object_2010/late"", ""stop_reason"": ""ABSTAIN_UNRESOLVED""}",AUDITED_TERMINAL,
,,evaluation floor ONLY; not online acceptance tolerance,,True,,,improved,primary,,,"{""input"": ""frozen/cells.csv"", ""json_pointer"": null, ""row_index_zero_based"": 130, ""sha256"": ""96caff279881fc908cab7f1e1e6be34f8d5fcfc197a6a54c3d6b9317e1a51310""}",,,,FROZEN_MATERIAL_STEP_H_RISK,"{""evaluation_floor"": 1.2632182950612938e-18, ""final_H_step_error"": 0.013299005012478672, ""final_full_gap"": 8.843176716083672e-05, ""final_normalized_H_step_error"": 1.3853396877215987, ""receiver_H_step_error"": 0.01749033588518494, ""receiver_full_gap"": 0.00015295592468817377, ""receiver_normalized_H_step_error"": 1.8219450575883325, ""signed_full_gap_improvement"": 6.452415752733705e-05}",,,a17_closure_locked_validation_continuation_v1_2010_167ddd9956d4416ead95ca711b1c5b13,,,True,"{""k"": ""8"", ""mode"": ""validation"", ""noise_basis_points"": ""0"", ""object_id"": ""2010"", ""phase"": ""late"", ""realization_index"": ""0""}",,,"{""input"": ""frozen/coverage.csv"", ""json_pointer"": null, ""row_index_zero_based"": 106, ""sha256"": ""c994c28d687aaafee0d5d4b1e01ceea95a313df6bbb856ff3ad003434ab89da6""}","{""accepted_moves"": ""2"", ""classification_scope"": ""evaluation floor ONLY; not online acceptance tolerance"", ""endpoint_sha256"": ""8995c0d7ef93905803c9f22c10f724bfdc51f98d4b75b156337e82e637b7fd5f"", ""evaluation_classification"": ""improved"", ""evaluation_floor"": ""1.2632182950612938e-18"", ""final_H_step_error"": ""0.013299005012478672"", ""final_full_gap"": ""8.843176716083672e-05"", ""final_half_H_step_energy"": ""8.843176716096642e-05"", ""final_nonlinear_status"": ""{\""reason\"": \""Separate owner bounded nonlinear transfer stage\"", \""status\"": \""NOT_RUN\""}"", ""final_normalized_H_step_error"": ""1.3853396877215987"", ""full_reference_H_energy"": ""9.21564521669341e-05"", ""k"": ""8"", ""mode"": ""validation"", ""noise_basis_points"": ""0"", ""object_id"": ""2010"", ""one_step_truth"": ""{\""constraints_violated\"": true, \""relative_material_error\"": 0.6874050601740085, \""scope\"": \""Offline unconstrained alpha1 diagnostic; not nonlinear accepted update\""}"", ""paired_attempt"": ""a17_closure_locked_validation_continuation_v1_2010_167ddd9956d4416ead95ca711b1c5b13"", ""phase"": ""late"", ""realization_index"": ""0"", ""receiver_H_step_error"": ""0.01749033588518494"", ""receiver_full_gap"": ""0.00015295592468817377"", ""receiver_half_H_step_energy"": ""0.000152955924688294"", ""receiver_normalized_H_step_error"": ""1.8219450575883325"", ""reference_relative_residual"": ""7.771692692962935e-12"", ""result_sha256"": ""557709146e1d1fce1a05c2eebd4d7f0556261df06312fff99408cc709bc9199b"", ""selected_ids"": ""[0, 2, 3, 4, 5, 6, 65, 144]"", ""signed_full_gap_improvement"": ""6.452415752733705e-05"", ""source_directory"": ""/Volumes/migodam's-external-brain/Research/Inv_SLAM/Gaussian/A17/CLOSURE_R1/remote_snapshots/noise_complete_v1/results/locked_validation_continuation_v1/object_2010/late"", ""stop_reason"": ""ABSTAIN_UNRESOLVED""}",AUDITED_TERMINAL,
,,evaluation floor ONLY; not online acceptance tolerance,,True,,,improved,primary,,,"{""input"": ""frozen/cells.csv"", ""json_pointer"": null, ""row_index_zero_based"": 131, ""sha256"": ""96caff279881fc908cab7f1e1e6be34f8d5fcfc197a6a54c3d6b9317e1a51310""}",,,,FROZEN_MATERIAL_STEP_H_RISK,"{""evaluation_floor"": 1.2632182950612938e-18, ""final_H_step_error"": 0.00869358604479934, ""final_full_gap"": 3.778921915912733e-05, ""final_normalized_H_step_error"": 0.9055993110148082, ""receiver_H_step_error"": 0.013586725743881867, ""receiver_full_gap"": 9.229955821963364e-05, ""receiver_normalized_H_step_error"": 1.4153111741462694, ""signed_full_gap_improvement"": 5.451033906050631e-05}",,,a17_closure_locked_validation_continuation_v1_2010_167ddd9956d4416ead95ca711b1c5b13,,,True,"{""k"": ""16"", ""mode"": ""validation"", ""noise_basis_points"": ""0"", ""object_id"": ""2010"", ""phase"": ""late"", ""realization_index"": ""0""}",,,"{""input"": ""frozen/coverage.csv"", ""json_pointer"": null, ""row_index_zero_based"": 107, ""sha256"": ""c994c28d687aaafee0d5d4b1e01ceea95a313df6bbb856ff3ad003434ab89da6""}","{""accepted_moves"": ""2"", ""classification_scope"": ""evaluation floor ONLY; not online acceptance tolerance"", ""endpoint_sha256"": ""e080b5666c33c413cbb75d4bf0f22981ad85f15d3970bf49df159d1fdfbc112e"", ""evaluation_classification"": ""improved"", ""evaluation_floor"": ""1.2632182950612938e-18"", ""final_H_step_error"": ""0.00869358604479934"", ""final_full_gap"": ""3.778921915912733e-05"", ""final_half_H_step_energy"": ""3.778921915916491e-05"", ""final_nonlinear_status"": ""{\""reason\"": \""Separate owner bounded nonlinear transfer stage\"", \""status\"": \""NOT_RUN\""}"", ""final_normalized_H_step_error"": ""0.9055993110148082"", ""full_reference_H_energy"": ""9.21564521669341e-05"", ""k"": ""16"", ""mode"": ""validation"", ""noise_basis_points"": ""0"", ""object_id"": ""2010"", ""one_step_truth"": ""{\""constraints_violated\"": true, \""relative_material_error\"": 0.6894851926412566, \""scope\"": \""Offline unconstrained alpha1 diagnostic; not nonlinear accepted update\""}"", ""paired_attempt"": ""a17_closure_locked_validation_continuation_v1_2010_167ddd9956d4416ead95ca711b1c5b13"", ""phase"": ""late"", ""realization_index"": ""0"", ""receiver_H_step_error"": ""0.013586725743881867"", ""receiver_full_gap"": ""9.229955821963364e-05"", ""receiver_half_H_step_energy"": ""9.229955821973113e-05"", ""receiver_normalized_H_step_error"": ""1.4153111741462694"", ""reference_relative_residual"": ""7.771692692962935e-12"", ""result_sha256"": ""557709146e1d1fce1a05c2eebd4d7f0556261df06312fff99408cc709bc9199b"", ""selected_ids"": ""[0, 2, 3, 5, 6, 7, 8, 9, 10, 11, 12, 13, 14, 15, 33, 64]"", ""signed_full_gap_improvement"": ""5.451033906050631e-05"", ""source_directory"": ""/Volumes/migodam's-external-brain/Research/Inv_SLAM/Gaussian/A17/CLOSURE_R1/remote_snapshots/noise_complete_v1/results/locked_validation_continuation_v1/object_2010/late"", ""stop_reason"": ""ABSTAIN_UNRESOLVED""}",AUDITED_TERMINAL,
,,evaluation floor ONLY; not online acceptance tolerance,,True,,,improved,primary,,,"{""input"": ""frozen/cells.csv"", ""json_pointer"": null, ""row_index_zero_based"": 135, ""sha256"": ""96caff279881fc908cab7f1e1e6be34f8d5fcfc197a6a54c3d6b9317e1a51310""}",,,,FROZEN_MATERIAL_STEP_H_RISK,"{""evaluation_floor"": 3.955165103965394e-15, ""final_H_step_error"": 0.040878641776307324, ""final_full_gap"": 0.0008355316767389723, ""final_normalized_H_step_error"": 0.07736059636611142, ""receiver_H_step_error"": 0.0535241116623501, ""receiver_full_gap"": 0.0014324152646231934, ""receiver_normalized_H_step_error"": 0.10129145730486594, ""signed_full_gap_improvement"": 0.0005968835878842211}",,,a17_closure_locked_validation_continuation_v1_2011_7dab4fa1f0964848bdbef12aebd1eeac,,,True,"{""k"": ""4"", ""mode"": ""validation"", ""noise_basis_points"": ""0"", ""object_id"": ""2011"", ""phase"": ""early"", ""realization_index"": ""0""}",,,"{""input"": ""frozen/coverage.csv"", ""json_pointer"": null, ""row_index_zero_based"": 108, ""sha256"": ""c994c28d687aaafee0d5d4b1e01ceea95a313df6bbb856ff3ad003434ab89da6""}","{""accepted_moves"": ""1"", ""classification_scope"": ""evaluation floor ONLY; not online acceptance tolerance"", ""endpoint_sha256"": ""adbcc264d99415b9797ccef14b87fca1dd0b2b95d8bae5689ac9d3c98838f3f7"", ""evaluation_classification"": ""improved"", ""evaluation_floor"": ""3.955165103965394e-15"", ""final_H_step_error"": ""0.040878641776307324"", ""final_full_gap"": ""0.0008355316767389723"", ""final_half_H_step_energy"": ""0.0008355316767378293"", ""final_nonlinear_status"": ""{\""reason\"": \""Separate owner bounded nonlinear transfer stage\"", \""status\"": \""NOT_RUN\""}"", ""final_normalized_H_step_error"": ""0.07736059636611142"", ""full_reference_H_energy"": ""0.2792243554842701"", ""k"": ""4"", ""mode"": ""validation"", ""noise_basis_points"": ""0"", ""object_id"": ""2011"", ""one_step_truth"": ""{\""constraints_violated\"": true, \""relative_material_error\"": 0.7556348944954454, \""scope\"": \""Offline unconstrained alpha1 diagnostic; not nonlinear accepted update\""}"", ""paired_attempt"": ""a17_closure_locked_validation_continuation_v1_2011_7dab4fa1f0964848bdbef12aebd1eeac"", ""phase"": ""early"", ""realization_index"": ""0"", ""receiver_H_step_error"": ""0.0535241116623501"", ""receiver_full_gap"": ""0.0014324152646231934"", ""receiver_half_H_step_energy"": ""0.0014324152646218607"", ""receiver_normalized_H_step_error"": ""0.10129145730486594"", ""reference_relative_residual"": ""2.6854328626638574e-13"", ""result_sha256"": ""b67903f92d2a3ed70c5ea2c51605292e2556939412054513e83eaf6c0b7646a5"", ""selected_ids"": ""[0, 2, 3, 5]"", ""signed_full_gap_improvement"": ""0.0005968835878842211"", ""source_directory"": ""/Volumes/migodam's-external-brain/Research/Inv_SLAM/Gaussian/A17/CLOSURE_R1/remote_snapshots/noise_complete_v1/results/locked_validation_continuation_v1/object_2011/early"", ""stop_reason"": ""ABSTAIN_UNRESOLVED""}",AUDITED_TERMINAL,
,,evaluation floor ONLY; not online acceptance tolerance,,True,,,improved,primary,,,"{""input"": ""frozen/cells.csv"", ""json_pointer"": null, ""row_index_zero_based"": 136, ""sha256"": ""96caff279881fc908cab7f1e1e6be34f8d5fcfc197a6a54c3d6b9317e1a51310""}",,,,FROZEN_MATERIAL_STEP_H_RISK,"{""evaluation_floor"": 3.955165103965394e-15, ""final_H_step_error"": 0.02878374774545015, ""final_full_gap"": 0.00041425206713854607, ""final_normalized_H_step_error"": 0.0544716701553993, ""receiver_H_step_error"": 0.03978400158956456, ""receiver_full_gap"": 0.0007913833912392233, ""receiver_normalized_H_step_error"": 0.07528904961276962, ""signed_full_gap_improvement"": 0.00037713132410067724}",,,a17_closure_locked_validation_continuation_v1_2011_7dab4fa1f0964848bdbef12aebd1eeac,,,True,"{""k"": ""8"", ""mode"": ""validation"", ""noise_basis_points"": ""0"", ""object_id"": ""2011"", ""phase"": ""early"", ""realization_index"": ""0""}",,,"{""input"": ""frozen/coverage.csv"", ""json_pointer"": null, ""row_index_zero_based"": 109, ""sha256"": ""c994c28d687aaafee0d5d4b1e01ceea95a313df6bbb856ff3ad003434ab89da6""}","{""accepted_moves"": ""2"", ""classification_scope"": ""evaluation floor ONLY; not online acceptance tolerance"", ""endpoint_sha256"": ""d685863168479b326ebb4c55ab8c8dd62254569c7a2c6282adc6bd305af1c32b"", ""evaluation_classification"": ""improved"", ""evaluation_floor"": ""3.955165103965394e-15"", ""final_H_step_error"": ""0.02878374774545015"", ""final_full_gap"": ""0.00041425206713854607"", ""final_half_H_step_energy"": ""0.0004142520671368533"", ""final_nonlinear_status"": ""{\""reason\"": \""Separate owner bounded nonlinear transfer stage\"", \""status\"": \""NOT_RUN\""}"", ""final_normalized_H_step_error"": ""0.0544716701553993"", ""full_reference_H_energy"": ""0.2792243554842701"", ""k"": ""8"", ""mode"": ""validation"", ""noise_basis_points"": ""0"", ""object_id"": ""2011"", ""one_step_truth"": ""{\""constraints_violated\"": true, \""relative_material_error\"": 0.7283255422846981, \""scope\"": \""Offline unconstrained alpha1 diagnostic; not nonlinear accepted update\""}"", ""paired_attempt"": ""a17_closure_locked_validation_continuation_v1_2011_7dab4fa1f0964848bdbef12aebd1eeac"", ""phase"": ""early"", ""realization_index"": ""0"", ""receiver_H_step_error"": ""0.03978400158956456"", ""receiver_full_gap"": ""0.0007913833912392233"", ""receiver_half_H_step_energy"": ""0.0007913833912392378"", ""receiver_normalized_H_step_error"": ""0.07528904961276962"", ""reference_relative_residual"": ""2.6854328626638574e-13"", ""result_sha256"": ""b67903f92d2a3ed70c5ea2c51605292e2556939412054513e83eaf6c0b7646a5"", ""selected_ids"": ""[0, 1, 2, 3, 6, 7, 33, 64]"", ""signed_full_gap_improvement"": ""0.00037713132410067724"", ""source_directory"": ""/Volumes/migodam's-external-brain/Research/Inv_SLAM/Gaussian/A17/CLOSURE_R1/remote_snapshots/noise_complete_v1/results/locked_validation_continuation_v1/object_2011/early"", ""stop_reason"": ""ABSTAIN_UNRESOLVED""}",AUDITED_TERMINAL,
,,evaluation floor ONLY; not online acceptance tolerance,,True,,,improved,primary,,,"{""input"": ""frozen/cells.csv"", ""json_pointer"": null, ""row_index_zero_based"": 137, ""sha256"": ""96caff279881fc908cab7f1e1e6be34f8d5fcfc197a6a54c3d6b9317e1a51310""}",,,,FROZEN_MATERIAL_STEP_H_RISK,"{""evaluation_floor"": 3.955165103965394e-15, ""final_H_step_error"": 0.008395478815070918, ""final_full_gap"": 3.5242032267218485e-05, ""final_normalized_H_step_error"": 0.015887985013469053, ""receiver_H_step_error"": 0.012874522761962437, ""receiver_full_gap"": 8.287666817443184e-05, ""receiver_normalized_H_step_error"": 0.024364330993299935, ""signed_full_gap_improvement"": 4.763463590721335e-05}",,,a17_closure_locked_validation_continuation_v1_2011_7dab4fa1f0964848bdbef12aebd1eeac,,,True,"{""k"": ""16"", ""mode"": ""validation"", ""noise_basis_points"": ""0"", ""object_id"": ""2011"", ""phase"": ""early"", ""realization_index"": ""0""}",,,"{""input"": ""frozen/coverage.csv"", ""json_pointer"": null, ""row_index_zero_based"": 110, ""sha256"": ""c994c28d687aaafee0d5d4b1e01ceea95a313df6bbb856ff3ad003434ab89da6""}","{""accepted_moves"": ""1"", ""classification_scope"": ""evaluation floor ONLY; not online acceptance tolerance"", ""endpoint_sha256"": ""a8a82468a9837451739255cf09b86475437517707df67eb4ef6b350d745cddbb"", ""evaluation_classification"": ""improved"", ""evaluation_floor"": ""3.955165103965394e-15"", ""final_H_step_error"": ""0.008395478815070918"", ""final_full_gap"": ""3.5242032267218485e-05"", ""final_half_H_step_energy"": ""3.52420322671523e-05"", ""final_nonlinear_status"": ""{\""reason\"": \""Separate owner bounded nonlinear transfer stage\"", \""status\"": \""NOT_RUN\""}"", ""final_normalized_H_step_error"": ""0.015887985013469053"", ""full_reference_H_energy"": ""0.2792243554842701"", ""k"": ""16"", ""mode"": ""validation"", ""noise_basis_points"": ""0"", ""object_id"": ""2011"", ""one_step_truth"": ""{\""constraints_violated\"": true, \""relative_material_error\"": 0.7184214409265883, \""scope\"": \""Offline unconstrained alpha1 diagnostic; not nonlinear accepted update\""}"", ""paired_attempt"": ""a17_closure_locked_validation_continuation_v1_2011_7dab4fa1f0964848bdbef12aebd1eeac"", ""phase"": ""early"", ""realization_index"": ""0"", ""receiver_H_step_error"": ""0.012874522761962437"", ""receiver_full_gap"": ""8.287666817443184e-05"", ""receiver_half_H_step_energy"": ""8.287666817414446e-05"", ""receiver_normalized_H_step_error"": ""0.024364330993299935"", ""reference_relative_residual"": ""2.6854328626638574e-13"", ""result_sha256"": ""b67903f92d2a3ed70c5ea2c51605292e2556939412054513e83eaf6c0b7646a5"", ""selected_ids"": ""[0, 2, 3, 4, 5, 6, 7, 8, 9, 10, 11, 12, 13, 14, 15, 17]"", ""signed_full_gap_improvement"": ""4.763463590721335e-05"", ""source_directory"": ""/Volumes/migodam's-external-brain/Research/Inv_SLAM/Gaussian/A17/CLOSURE_R1/remote_snapshots/noise_complete_v1/results/locked_validation_continuation_v1/object_2011/early"", ""stop_reason"": ""ABSTAIN_UNRESOLVED""}",AUDITED_TERMINAL,
,,evaluation floor ONLY; not online acceptance tolerance,,True,,,improved,primary,,,"{""input"": ""frozen/cells.csv"", ""json_pointer"": null, ""row_index_zero_based"": 141, ""sha256"": ""96caff279881fc908cab7f1e1e6be34f8d5fcfc197a6a54c3d6b9317e1a51310""}",,,,FROZEN_MATERIAL_STEP_H_RISK,"{""evaluation_floor"": 9.316169577174575e-19, ""final_H_step_error"": 0.009423931041403799, ""final_full_gap"": 4.44052381365748e-05, ""final_normalized_H_step_error"": 1.7590006657969992, ""receiver_H_step_error"": 0.015360226289899245, ""receiver_full_gap"": 0.00011796827583845384, ""receiver_normalized_H_step_error"": 2.8670252522030992, ""signed_full_gap_improvement"": 7.356303770187904e-05}",,,a17_closure_locked_validation_continuation_v1_2011_7dab4fa1f0964848bdbef12aebd1eeac,,,True,"{""k"": ""4"", ""mode"": ""validation"", ""noise_basis_points"": ""0"", ""object_id"": ""2011"", ""phase"": ""middle"", ""realization_index"": ""0""}",,,"{""input"": ""frozen/coverage.csv"", ""json_pointer"": null, ""row_index_zero_based"": 111, ""sha256"": ""c994c28d687aaafee0d5d4b1e01ceea95a313df6bbb856ff3ad003434ab89da6""}","{""accepted_moves"": ""2"", ""classification_scope"": ""evaluation floor ONLY; not online acceptance tolerance"", ""endpoint_sha256"": ""030967285c84ea67bdc746ac1b50226d4c464afd32f509fc956468cbd57285c9"", ""evaluation_classification"": ""improved"", ""evaluation_floor"": ""9.316169577174575e-19"", ""final_H_step_error"": ""0.009423931041403799"", ""final_full_gap"": ""4.44052381365748e-05"", ""final_half_H_step_energy"": ""4.440523813656705e-05"", ""final_nonlinear_status"": ""{\""reason\"": \""Separate owner bounded nonlinear transfer stage\"", \""status\"": \""NOT_RUN\""}"", ""final_normalized_H_step_error"": ""1.7590006657969992"", ""full_reference_H_energy"": ""2.8703323876161177e-05"", ""k"": ""4"", ""mode"": ""validation"", ""noise_basis_points"": ""0"", ""object_id"": ""2011"", ""one_step_truth"": ""{\""constraints_violated\"": true, \""relative_material_error\"": 0.5761227576593028, \""scope\"": \""Offline unconstrained alpha1 diagnostic; not nonlinear accepted update\""}"", ""paired_attempt"": ""a17_closure_locked_validation_continuation_v1_2011_7dab4fa1f0964848bdbef12aebd1eeac"", ""phase"": ""middle"", ""realization_index"": ""0"", ""receiver_H_step_error"": ""0.015360226289899245"", ""receiver_full_gap"": ""0.00011796827583845384"", ""receiver_half_H_step_energy"": ""0.00011796827583845596"", ""receiver_normalized_H_step_error"": ""2.8670252522030992"", ""reference_relative_residual"": ""3.2766312538862705e-12"", ""result_sha256"": ""ec563bbb70587cff2be2c84ad2d7c26ad3ce11e27e6da81cc9981db8b58d54d1"", ""selected_ids"": ""[0, 3, 4, 65]"", ""signed_full_gap_improvement"": ""7.356303770187904e-05"", ""source_directory"": ""/Volumes/migodam's-external-brain/Research/Inv_SLAM/Gaussian/A17/CLOSURE_R1/remote_snapshots/noise_complete_v1/results/locked_validation_continuation_v1/object_2011/middle"", ""stop_reason"": ""ABSTAIN_UNRESOLVED""}",AUDITED_TERMINAL,
,,evaluation floor ONLY; not online acceptance tolerance,,True,,,improved,primary,,,"{""input"": ""frozen/cells.csv"", ""json_pointer"": null, ""row_index_zero_based"": 142, ""sha256"": ""96caff279881fc908cab7f1e1e6be34f8d5fcfc197a6a54c3d6b9317e1a51310""}",,,,FROZEN_MATERIAL_STEP_H_RISK,"{""evaluation_floor"": 9.316169577174575e-19, ""final_H_step_error"": 0.006819341441185128, ""final_full_gap"": 2.325170884574238e-05, ""final_normalized_H_step_error"": 1.2728474012215274, ""receiver_H_step_error"": 0.009574278759082525, ""receiver_full_gap"": 4.583340687831767e-05, ""receiver_normalized_H_step_error"": 1.787063449187076, ""signed_full_gap_improvement"": 2.2581698032575294e-05}",,,a17_closure_locked_validation_continuation_v1_2011_7dab4fa1f0964848bdbef12aebd1eeac,,,True,"{""k"": ""8"", ""mode"": ""validation"", ""noise_basis_points"": ""0"", ""object_id"": ""2011"", ""phase"": ""middle"", ""realization_index"": ""0""}",,,"{""input"": ""frozen/coverage.csv"", ""json_pointer"": null, ""row_index_zero_based"": 112, ""sha256"": ""c994c28d687aaafee0d5d4b1e01ceea95a313df6bbb856ff3ad003434ab89da6""}","{""accepted_moves"": ""2"", ""classification_scope"": ""evaluation floor ONLY; not online acceptance tolerance"", ""endpoint_sha256"": ""12ea81b46e540880bfc0976b7aa0692ca4f19f1ceb81530bfa2be91b6afa1804"", ""evaluation_classification"": ""improved"", ""evaluation_floor"": ""9.316169577174575e-19"", ""final_H_step_error"": ""0.006819341441185128"", ""final_full_gap"": ""2.325170884574238e-05"", ""final_half_H_step_energy"": ""2.325170884573243e-05"", ""final_nonlinear_status"": ""{\""reason\"": \""Separate owner bounded nonlinear transfer stage\"", \""status\"": \""NOT_RUN\""}"", ""final_normalized_H_step_error"": ""1.2728474012215274"", ""full_reference_H_energy"": ""2.8703323876161177e-05"", ""k"": ""8"", ""mode"": ""validation"", ""noise_basis_points"": ""0"", ""object_id"": ""2011"", ""one_step_truth"": ""{\""constraints_violated\"": true, \""relative_material_error\"": 0.5699594426590242, \""scope\"": \""Offline unconstrained alpha1 diagnostic; not nonlinear accepted update\""}"", ""paired_attempt"": ""a17_closure_locked_validation_continuation_v1_2011_7dab4fa1f0964848bdbef12aebd1eeac"", ""phase"": ""middle"", ""realization_index"": ""0"", ""receiver_H_step_error"": ""0.009574278759082525"", ""receiver_full_gap"": ""4.583340687831767e-05"", ""receiver_half_H_step_energy"": ""4.58334068783094e-05"", ""receiver_normalized_H_step_error"": ""1.787063449187076"", ""reference_relative_residual"": ""3.2766312538862705e-12"", ""result_sha256"": ""ec563bbb70587cff2be2c84ad2d7c26ad3ce11e27e6da81cc9981db8b58d54d1"", ""selected_ids"": ""[0, 2, 3, 4, 6, 7, 8, 9]"", ""signed_full_gap_improvement"": ""2.2581698032575294e-05"", ""source_directory"": ""/Volumes/migodam's-external-brain/Research/Inv_SLAM/Gaussian/A17/CLOSURE_R1/remote_snapshots/noise_complete_v1/results/locked_validation_continuation_v1/object_2011/middle"", ""stop_reason"": ""ABSTAIN_UNRESOLVED""}",AUDITED_TERMINAL,
,,evaluation floor ONLY; not online acceptance tolerance,,True,,,improved,primary,,,"{""input"": ""frozen/cells.csv"", ""json_pointer"": null, ""row_index_zero_based"": 143, ""sha256"": ""96caff279881fc908cab7f1e1e6be34f8d5fcfc197a6a54c3d6b9317e1a51310""}",,,,FROZEN_MATERIAL_STEP_H_RISK,"{""evaluation_floor"": 9.316169577174575e-19, ""final_H_step_error"": 0.003416781959458272, ""final_full_gap"": 5.837199479236314e-06, ""final_normalized_H_step_error"": 0.6377510314076961, ""receiver_H_step_error"": 0.004938284911837851, ""receiver_full_gap"": 1.2193328935241626e-05, ""receiver_normalized_H_step_error"": 0.9217434221084998, ""signed_full_gap_improvement"": 6.356129456005312e-06}",,,a17_closure_locked_validation_continuation_v1_2011_7dab4fa1f0964848bdbef12aebd1eeac,,,True,"{""k"": ""16"", ""mode"": ""validation"", ""noise_basis_points"": ""0"", ""object_id"": ""2011"", ""phase"": ""middle"", ""realization_index"": ""0""}",,,"{""input"": ""frozen/coverage.csv"", ""json_pointer"": null, ""row_index_zero_based"": 113, ""sha256"": ""c994c28d687aaafee0d5d4b1e01ceea95a313df6bbb856ff3ad003434ab89da6""}","{""accepted_moves"": ""3"", ""classification_scope"": ""evaluation floor ONLY; not online acceptance tolerance"", ""endpoint_sha256"": ""46d8386b9cde2468f081e6288544bdf577f8fc50460b54cb4f2b8167dd9f2b11"", ""evaluation_classification"": ""improved"", ""evaluation_floor"": ""9.316169577174575e-19"", ""final_H_step_error"": ""0.003416781959458272"", ""final_full_gap"": ""5.837199479236314e-06"", ""final_half_H_step_energy"": ""5.837199479239755e-06"", ""final_nonlinear_status"": ""{\""reason\"": \""Separate owner bounded nonlinear transfer stage\"", \""status\"": \""NOT_RUN\""}"", ""final_normalized_H_step_error"": ""0.6377510314076961"", ""full_reference_H_energy"": ""2.8703323876161177e-05"", ""k"": ""16"", ""mode"": ""validation"", ""noise_basis_points"": ""0"", ""object_id"": ""2011"", ""one_step_truth"": ""{\""constraints_violated\"": true, \""relative_material_error\"": 0.5552048532971391, \""scope\"": \""Offline unconstrained alpha1 diagnostic; not nonlinear accepted update\""}"", ""paired_attempt"": ""a17_closure_locked_validation_continuation_v1_2011_7dab4fa1f0964848bdbef12aebd1eeac"", ""phase"": ""middle"", ""realization_index"": ""0"", ""receiver_H_step_error"": ""0.004938284911837851"", ""receiver_full_gap"": ""1.2193328935241626e-05"", ""receiver_half_H_step_energy"": ""1.2193328935242688e-05"", ""receiver_normalized_H_step_error"": ""0.9217434221084998"", ""reference_relative_residual"": ""3.2766312538862705e-12"", ""result_sha256"": ""ec563bbb70587cff2be2c84ad2d7c26ad3ce11e27e6da81cc9981db8b58d54d1"", ""selected_ids"": ""[0, 1, 2, 3, 5, 6, 7, 8, 9, 10, 12, 13, 14, 15, 98, 97]"", ""signed_full_gap_improvement"": ""6.356129456005312e-06"", ""source_directory"": ""/Volumes/migodam's-external-brain/Research/Inv_SLAM/Gaussian/A17/CLOSURE_R1/remote_snapshots/noise_complete_v1/results/locked_validation_continuation_v1/object_2011/middle"", ""stop_reason"": ""MOVE_BUDGET_EXHAUSTED""}",AUDITED_TERMINAL,
,,evaluation floor ONLY; not online acceptance tolerance,,True,,,improved,primary,,,"{""input"": ""frozen/cells.csv"", ""json_pointer"": null, ""row_index_zero_based"": 138, ""sha256"": ""96caff279881fc908cab7f1e1e6be34f8d5fcfc197a6a54c3d6b9317e1a51310""}",,,,FROZEN_MATERIAL_STEP_H_RISK,"{""evaluation_floor"": 5.673084830296888e-19, ""final_H_step_error"": 0.013081633877682212, ""final_full_gap"": 8.556457245483908e-05, ""final_normalized_H_step_error"": 10.246142847473287, ""receiver_H_step_error"": 0.01800833389485862, ""receiver_full_gap"": 0.00016215004483432236, ""receiver_normalized_H_step_error"": 14.104962977637525, ""signed_full_gap_improvement"": 7.658547237948328e-05}",,,a17_closure_locked_validation_continuation_v1_2011_7dab4fa1f0964848bdbef12aebd1eeac,,,True,"{""k"": ""4"", ""mode"": ""validation"", ""noise_basis_points"": ""0"", ""object_id"": ""2011"", ""phase"": ""late"", ""realization_index"": ""0""}",,,"{""input"": ""frozen/coverage.csv"", ""json_pointer"": null, ""row_index_zero_based"": 114, ""sha256"": ""c994c28d687aaafee0d5d4b1e01ceea95a313df6bbb856ff3ad003434ab89da6""}","{""accepted_moves"": ""2"", ""classification_scope"": ""evaluation floor ONLY; not online acceptance tolerance"", ""endpoint_sha256"": ""677650446d108ba2757b471eda4c39b0c6c8fa28706841260530a7957dbe6923"", ""evaluation_classification"": ""improved"", ""evaluation_floor"": ""5.673084830296888e-19"", ""final_H_step_error"": ""0.013081633877682212"", ""final_full_gap"": ""8.556457245483908e-05"", ""final_half_H_step_energy"": ""8.556457245486146e-05"", ""final_nonlinear_status"": ""{\""reason\"": \""Separate owner bounded nonlinear transfer stage\"", \""status\"": \""NOT_RUN\""}"", ""final_normalized_H_step_error"": ""10.246142847473287"", ""full_reference_H_energy"": ""1.6300584131238547e-06"", ""k"": ""4"", ""mode"": ""validation"", ""noise_basis_points"": ""0"", ""object_id"": ""2011"", ""one_step_truth"": ""{\""constraints_violated\"": true, \""relative_material_error\"": 0.5171089991352694, \""scope\"": \""Offline unconstrained alpha1 diagnostic; not nonlinear accepted update\""}"", ""paired_attempt"": ""a17_closure_locked_validation_continuation_v1_2011_7dab4fa1f0964848bdbef12aebd1eeac"", ""phase"": ""late"", ""realization_index"": ""0"", ""receiver_H_step_error"": ""0.01800833389485862"", ""receiver_full_gap"": ""0.00016215004483432236"", ""receiver_half_H_step_energy"": ""0.00016215004483435691"", ""receiver_normalized_H_step_error"": ""14.104962977637525"", ""reference_relative_residual"": ""4.555210096211423e-12"", ""result_sha256"": ""049d19f8879d3d6168400dcc6713aa73069acbd54d164557e5712cadccd1c81a"", ""selected_ids"": ""[1, 3, 5, 32]"", ""signed_full_gap_improvement"": ""7.658547237948328e-05"", ""source_directory"": ""/Volumes/migodam's-external-brain/Research/Inv_SLAM/Gaussian/A17/CLOSURE_R1/remote_snapshots/noise_complete_v1/results/locked_validation_continuation_v1/object_2011/late"", ""stop_reason"": ""ABSTAIN_UNRESOLVED""}",AUDITED_TERMINAL,
,,evaluation floor ONLY; not online acceptance tolerance,,True,,,improved,primary,,,"{""input"": ""frozen/cells.csv"", ""json_pointer"": null, ""row_index_zero_based"": 139, ""sha256"": ""96caff279881fc908cab7f1e1e6be34f8d5fcfc197a6a54c3d6b9317e1a51310""}",,,,FROZEN_MATERIAL_STEP_H_RISK,"{""evaluation_floor"": 5.673084830296888e-19, ""final_H_step_error"": 0.010293631112232294, ""final_full_gap"": 5.2979420737363706e-05, ""final_normalized_H_step_error"": 8.062449674200366, ""receiver_H_step_error"": 0.015350146467979501, ""receiver_full_gap"": 0.00011781349829420718, ""receiver_normalized_H_step_error"": 12.022947203015756, ""signed_full_gap_improvement"": 6.483407755684348e-05}",,,a17_closure_locked_validation_continuation_v1_2011_7dab4fa1f0964848bdbef12aebd1eeac,,,True,"{""k"": ""8"", ""mode"": ""validation"", ""noise_basis_points"": ""0"", ""object_id"": ""2011"", ""phase"": ""late"", ""realization_index"": ""0""}",,,"{""input"": ""frozen/coverage.csv"", ""json_pointer"": null, ""row_index_zero_based"": 115, ""sha256"": ""c994c28d687aaafee0d5d4b1e01ceea95a313df6bbb856ff3ad003434ab89da6""}","{""accepted_moves"": ""3"", ""classification_scope"": ""evaluation floor ONLY; not online acceptance tolerance"", ""endpoint_sha256"": ""a07e22238cb066d5b5ad787a01b854ca15ca4694135d9e6f4043347d68db9027"", ""evaluation_classification"": ""improved"", ""evaluation_floor"": ""5.673084830296888e-19"", ""final_H_step_error"": ""0.010293631112232294"", ""final_full_gap"": ""5.2979420737363706e-05"", ""final_half_H_step_energy"": ""5.297942073735832e-05"", ""final_nonlinear_status"": ""{\""reason\"": \""Separate owner bounded nonlinear transfer stage\"", \""status\"": \""NOT_RUN\""}"", ""final_normalized_H_step_error"": ""8.062449674200366"", ""full_reference_H_energy"": ""1.6300584131238547e-06"", ""k"": ""8"", ""mode"": ""validation"", ""noise_basis_points"": ""0"", ""object_id"": ""2011"", ""one_step_truth"": ""{\""constraints_violated\"": true, \""relative_material_error\"": 0.49574315494194016, \""scope\"": \""Offline unconstrained alpha1 diagnostic; not nonlinear accepted update\""}"", ""paired_attempt"": ""a17_closure_locked_validation_continuation_v1_2011_7dab4fa1f0964848bdbef12aebd1eeac"", ""phase"": ""late"", ""realization_index"": ""0"", ""receiver_H_step_error"": ""0.015350146467979501"", ""receiver_full_gap"": ""0.00011781349829420718"", ""receiver_half_H_step_energy"": ""0.00011781349829421178"", ""receiver_normalized_H_step_error"": ""12.022947203015756"", ""reference_relative_residual"": ""4.555210096211423e-12"", ""result_sha256"": ""049d19f8879d3d6168400dcc6713aa73069acbd54d164557e5712cadccd1c81a"", ""selected_ids"": ""[0, 1, 5, 6, 7, 96, 65, 64]"", ""signed_full_gap_improvement"": ""6.483407755684348e-05"", ""source_directory"": ""/Volumes/migodam's-external-brain/Research/Inv_SLAM/Gaussian/A17/CLOSURE_R1/remote_snapshots/noise_complete_v1/results/locked_validation_continuation_v1/object_2011/late"", ""stop_reason"": ""MOVE_BUDGET_EXHAUSTED""}",AUDITED_TERMINAL,
,,evaluation floor ONLY; not online acceptance tolerance,,True,,,equal_within_evaluation_floor,primary,,,"{""input"": ""frozen/cells.csv"", ""json_pointer"": null, ""row_index_zero_based"": 140, ""sha256"": ""96caff279881fc908cab7f1e1e6be34f8d5fcfc197a6a54c3d6b9317e1a51310""}",,,,FROZEN_MATERIAL_STEP_H_RISK,"{""evaluation_floor"": 5.673084830296888e-19, ""final_H_step_error"": 0.004768993059161864, ""final_full_gap"": 1.1371647399174078e-05, ""final_normalized_H_step_error"": 3.7352967205529763, ""receiver_H_step_error"": 0.004768993059161864, ""receiver_full_gap"": 1.1371647399174078e-05, ""receiver_normalized_H_step_error"": 3.7352967205529763, ""signed_full_gap_improvement"": 0.0}",,,a17_closure_locked_validation_continuation_v1_2011_7dab4fa1f0964848bdbef12aebd1eeac,,,True,"{""k"": ""16"", ""mode"": ""validation"", ""noise_basis_points"": ""0"", ""object_id"": ""2011"", ""phase"": ""late"", ""realization_index"": ""0""}",,,"{""input"": ""frozen/coverage.csv"", ""json_pointer"": null, ""row_index_zero_based"": 116, ""sha256"": ""c994c28d687aaafee0d5d4b1e01ceea95a313df6bbb856ff3ad003434ab89da6""}","{""accepted_moves"": ""0"", ""classification_scope"": ""evaluation floor ONLY; not online acceptance tolerance"", ""endpoint_sha256"": ""e6e14f00cbea37943d05fde9361ec653833154dc95a0f5e3b46305457feb0741"", ""evaluation_classification"": ""equal_within_evaluation_floor"", ""evaluation_floor"": ""5.673084830296888e-19"", ""final_H_step_error"": ""0.004768993059161864"", ""final_full_gap"": ""1.1371647399174078e-05"", ""final_half_H_step_energy"": ""1.1371647399167016e-05"", ""final_nonlinear_status"": ""{\""reason\"": \""Separate owner bounded nonlinear transfer stage\"", \""status\"": \""NOT_RUN\""}"", ""final_normalized_H_step_error"": ""3.7352967205529763"", ""full_reference_H_energy"": ""1.6300584131238547e-06"", ""k"": ""16"", ""mode"": ""validation"", ""noise_basis_points"": ""0"", ""object_id"": ""2011"", ""one_step_truth"": ""{\""constraints_violated\"": true, \""relative_material_error\"": 0.48442429253071695, \""scope\"": \""Offline unconstrained alpha1 diagnostic; not nonlinear accepted update\""}"", ""paired_attempt"": ""a17_closure_locked_validation_continuation_v1_2011_7dab4fa1f0964848bdbef12aebd1eeac"", ""phase"": ""late"", ""realization_index"": ""0"", ""receiver_H_step_error"": ""0.004768993059161864"", ""receiver_full_gap"": ""1.1371647399174078e-05"", ""receiver_half_H_step_energy"": ""1.1371647399167016e-05"", ""receiver_normalized_H_step_error"": ""3.7352967205529763"", ""reference_relative_residual"": ""4.555210096211423e-12"", ""result_sha256"": ""049d19f8879d3d6168400dcc6713aa73069acbd54d164557e5712cadccd1c81a"", ""selected_ids"": ""[0, 1, 2, 3, 4, 5, 6, 7, 8, 9, 10, 11, 12, 13, 14, 15]"", ""signed_full_gap_improvement"": ""0.0"", ""source_directory"": ""/Volumes/migodam's-external-brain/Research/Inv_SLAM/Gaussian/A17/CLOSURE_R1/remote_snapshots/noise_complete_v1/results/locked_validation_continuation_v1/object_2011/late"", ""stop_reason"": ""ABSTAIN_UNRESOLVED""}",AUDITED_TERMINAL,
,,evaluation floor ONLY; not online acceptance tolerance,,True,,,improved,primary,,,"{""input"": ""frozen/cells.csv"", ""json_pointer"": null, ""row_index_zero_based"": 144, ""sha256"": ""96caff279881fc908cab7f1e1e6be34f8d5fcfc197a6a54c3d6b9317e1a51310""}",,,,FROZEN_MATERIAL_STEP_H_RISK,"{""evaluation_floor"": 5.516584386539471e-16, ""final_H_step_error"": 0.00899314480521842, ""final_full_gap"": 4.0438326738748675e-05, ""final_normalized_H_step_error"": 0.04561685011621272, ""receiver_H_step_error"": 0.019314391556853477, ""receiver_full_gap"": 0.00018652286060045673, ""receiver_normalized_H_step_error"": 0.09797036785436603, ""signed_full_gap_improvement"": 0.00014608453386170806}",,,a17_closure_locked_validation_continuation_v1_2013_258c710f6fc64761805c7d5a5cf78e31,,,True,"{""k"": ""4"", ""mode"": ""validation"", ""noise_basis_points"": ""0"", ""object_id"": ""2013"", ""phase"": ""early"", ""realization_index"": ""0""}",,,"{""input"": ""frozen/coverage.csv"", ""json_pointer"": null, ""row_index_zero_based"": 117, ""sha256"": ""c994c28d687aaafee0d5d4b1e01ceea95a313df6bbb856ff3ad003434ab89da6""}","{""accepted_moves"": ""1"", ""classification_scope"": ""evaluation floor ONLY; not online acceptance tolerance"", ""endpoint_sha256"": ""eb5ca4b3c9c16068bcea5d3cdcd17b5ad5e05858d0723b03fb009ee47883be93"", ""evaluation_classification"": ""improved"", ""evaluation_floor"": ""5.516584386539471e-16"", ""final_H_step_error"": ""0.00899314480521842"", ""final_full_gap"": ""4.0438326738748675e-05"", ""final_half_H_step_energy"": ""4.0438326743813526e-05"", ""final_nonlinear_status"": ""{\""reason\"": \""Separate owner bounded nonlinear transfer stage\"", \""status\"": \""NOT_RUN\""}"", ""final_normalized_H_step_error"": ""0.04561685011621272"", ""full_reference_H_energy"": ""0.03886624514480736"", ""k"": ""4"", ""mode"": ""validation"", ""noise_basis_points"": ""0"", ""object_id"": ""2013"", ""one_step_truth"": ""{\""constraints_violated\"": false, \""relative_material_error\"": 0.8104611635286642, \""scope\"": \""Offline unconstrained alpha1 diagnostic; not nonlinear accepted update\""}"", ""paired_attempt"": ""a17_closure_locked_validation_continuation_v1_2013_258c710f6fc64761805c7d5a5cf78e31"", ""phase"": ""early"", ""realization_index"": ""0"", ""receiver_H_step_error"": ""0.019314391556853477"", ""receiver_full_gap"": ""0.00018652286060045673"", ""receiver_half_H_step_energy"": ""0.00018652286060572644"", ""receiver_normalized_H_step_error"": ""0.09797036785436603"", ""reference_relative_residual"": ""4.299922251156079e-12"", ""result_sha256"": ""0b64e188a7b318ee905a90fb471adec24f4db7872d0231163aff667a501b31e8"", ""selected_ids"": ""[0, 2, 3, 4]"", ""signed_full_gap_improvement"": ""0.00014608453386170806"", ""source_directory"": ""/Volumes/migodam's-external-brain/Research/Inv_SLAM/Gaussian/A17/CLOSURE_R1/remote_snapshots/noise_complete_v1/results/locked_validation_continuation_v1/object_2013/early"", ""stop_reason"": ""ABSTAIN_UNRESOLVED""}",AUDITED_TERMINAL,
,,evaluation floor ONLY; not online acceptance tolerance,,True,,,improved,primary,,,"{""input"": ""frozen/cells.csv"", ""json_pointer"": null, ""row_index_zero_based"": 145, ""sha256"": ""96caff279881fc908cab7f1e1e6be34f8d5fcfc197a6a54c3d6b9317e1a51310""}",,,,FROZEN_MATERIAL_STEP_H_RISK,"{""evaluation_floor"": 5.516584386539471e-16, ""final_H_step_error"": 0.006924247780362321, ""final_full_gap"": 2.3972603658170912e-05, ""final_normalized_H_step_error"": 0.03512257169272114, ""receiver_H_step_error"": 0.007579070064147265, ""receiver_full_gap"": 2.872115151539468e-05, ""receiver_normalized_H_step_error"": 0.03844409387646723, ""signed_full_gap_improvement"": 4.748547857223769e-06}",,,a17_closure_locked_validation_continuation_v1_2013_258c710f6fc64761805c7d5a5cf78e31,,,True,"{""k"": ""8"", ""mode"": ""validation"", ""noise_basis_points"": ""0"", ""object_id"": ""2013"", ""phase"": ""early"", ""realization_index"": ""0""}",,,"{""input"": ""frozen/coverage.csv"", ""json_pointer"": null, ""row_index_zero_based"": 118, ""sha256"": ""c994c28d687aaafee0d5d4b1e01ceea95a313df6bbb856ff3ad003434ab89da6""}","{""accepted_moves"": ""1"", ""classification_scope"": ""evaluation floor ONLY; not online acceptance tolerance"", ""endpoint_sha256"": ""533da1667db9fa4cdc4df1ca12cb1430a4a76192e3e4f68d0e4c2655e3903a91"", ""evaluation_classification"": ""improved"", ""evaluation_floor"": ""5.516584386539471e-16"", ""final_H_step_error"": ""0.006924247780362321"", ""final_full_gap"": ""2.3972603658170912e-05"", ""final_half_H_step_energy"": ""2.397260366192627e-05"", ""final_nonlinear_status"": ""{\""reason\"": \""Separate owner bounded nonlinear transfer stage\"", \""status\"": \""NOT_RUN\""}"", ""final_normalized_H_step_error"": ""0.03512257169272114"", ""full_reference_H_energy"": ""0.03886624514480736"", ""k"": ""8"", ""mode"": ""validation"", ""noise_basis_points"": ""0"", ""object_id"": ""2013"", ""one_step_truth"": ""{\""constraints_violated\"": false, \""relative_material_error\"": 0.8071300338904599, \""scope\"": \""Offline unconstrained alpha1 diagnostic; not nonlinear accepted update\""}"", ""paired_attempt"": ""a17_closure_locked_validation_continuation_v1_2013_258c710f6fc64761805c7d5a5cf78e31"", ""phase"": ""early"", ""realization_index"": ""0"", ""receiver_H_step_error"": ""0.007579070064147265"", ""receiver_full_gap"": ""2.872115151539468e-05"", ""receiver_half_H_step_energy"": ""2.8721151518626616e-05"", ""receiver_normalized_H_step_error"": ""0.03844409387646723"", ""reference_relative_residual"": ""4.299922251156079e-12"", ""result_sha256"": ""0b64e188a7b318ee905a90fb471adec24f4db7872d0231163aff667a501b31e8"", ""selected_ids"": ""[0, 2, 3, 4, 5, 6, 7, 145]"", ""signed_full_gap_improvement"": ""4.748547857223769e-06"", ""source_directory"": ""/Volumes/migodam's-external-brain/Research/Inv_SLAM/Gaussian/A17/CLOSURE_R1/remote_snapshots/noise_complete_v1/results/locked_validation_continuation_v1/object_2013/early"", ""stop_reason"": ""ABSTAIN_UNRESOLVED""}",AUDITED_TERMINAL,
,,evaluation floor ONLY; not online acceptance tolerance,,True,,,improved,primary,,,"{""input"": ""frozen/cells.csv"", ""json_pointer"": null, ""row_index_zero_based"": 146, ""sha256"": ""96caff279881fc908cab7f1e1e6be34f8d5fcfc197a6a54c3d6b9317e1a51310""}",,,,FROZEN_MATERIAL_STEP_H_RISK,"{""evaluation_floor"": 5.516584386539471e-16, ""final_H_step_error"": 0.002906797182201281, ""final_full_gap"": 4.22473492942125e-06, ""final_normalized_H_step_error"": 0.014744445269219128, ""receiver_H_step_error"": 0.0042581507721441945, ""receiver_full_gap"": 9.06592399876404e-06, ""receiver_normalized_H_step_error"": 0.021599054585713356, ""signed_full_gap_improvement"": 4.8411890693427895e-06}",,,a17_closure_locked_validation_continuation_v1_2013_258c710f6fc64761805c7d5a5cf78e31,,,True,"{""k"": ""16"", ""mode"": ""validation"", ""noise_basis_points"": ""0"", ""object_id"": ""2013"", ""phase"": ""early"", ""realization_index"": ""0""}",,,"{""input"": ""frozen/coverage.csv"", ""json_pointer"": null, ""row_index_zero_based"": 119, ""sha256"": ""c994c28d687aaafee0d5d4b1e01ceea95a313df6bbb856ff3ad003434ab89da6""}","{""accepted_moves"": ""2"", ""classification_scope"": ""evaluation floor ONLY; not online acceptance tolerance"", ""endpoint_sha256"": ""617adea378e382419646ad07089a78fdb4a2abbc2fca341440d3cb98362e8286"", ""evaluation_classification"": ""improved"", ""evaluation_floor"": ""5.516584386539471e-16"", ""final_H_step_error"": ""0.002906797182201281"", ""final_full_gap"": ""4.22473492942125e-06"", ""final_half_H_step_energy"": ""4.224734929226654e-06"", ""final_nonlinear_status"": ""{\""reason\"": \""Separate owner bounded nonlinear transfer stage\"", \""status\"": \""NOT_RUN\""}"", ""final_normalized_H_step_error"": ""0.014744445269219128"", ""full_reference_H_energy"": ""0.03886624514480736"", ""k"": ""16"", ""mode"": ""validation"", ""noise_basis_points"": ""0"", ""object_id"": ""2013"", ""one_step_truth"": ""{\""constraints_violated\"": false, \""relative_material_error\"": 0.8060030466562822, \""scope\"": \""Offline unconstrained alpha1 diagnostic; not nonlinear accepted update\""}"", ""paired_attempt"": ""a17_closure_locked_validation_continuation_v1_2013_258c710f6fc64761805c7d5a5cf78e31"", ""phase"": ""early"", ""realization_index"": ""0"", ""receiver_H_step_error"": ""0.0042581507721441945"", ""receiver_full_gap"": ""9.06592399876404e-06"", ""receiver_half_H_step_energy"": ""9.065923999156099e-06"", ""receiver_normalized_H_step_error"": ""0.021599054585713356"", ""reference_relative_residual"": ""4.299922251156079e-12"", ""result_sha256"": ""0b64e188a7b318ee905a90fb471adec24f4db7872d0231163aff667a501b31e8"", ""selected_ids"": ""[0, 1, 3, 4, 5, 6, 7, 8, 9, 10, 11, 13, 14, 15, 17, 16]"", ""signed_full_gap_improvement"": ""4.8411890693427895e-06"", ""source_directory"": ""/Volumes/migodam's-external-brain/Research/Inv_SLAM/Gaussian/A17/CLOSURE_R1/remote_snapshots/noise_complete_v1/results/locked_validation_continuation_v1/object_2013/early"", ""stop_reason"": ""ABSTAIN_UNRESOLVED""}",AUDITED_TERMINAL,
,,evaluation floor ONLY; not online acceptance tolerance,,True,,,improved,primary,,,"{""input"": ""frozen/cells.csv"", ""json_pointer"": null, ""row_index_zero_based"": 150, ""sha256"": ""96caff279881fc908cab7f1e1e6be34f8d5fcfc197a6a54c3d6b9317e1a51310""}",,,,FROZEN_MATERIAL_STEP_H_RISK,"{""evaluation_floor"": 2.3995360689283627e-19, ""final_H_step_error"": 0.006697882882054086, ""final_full_gap"": 2.2430817550856343e-05, ""final_normalized_H_step_error"": 7.841096189096741, ""receiver_H_step_error"": 0.01732947001036211, ""receiver_full_gap"": 0.00015015526542001842, ""receiver_normalized_H_step_error"": 20.28731222240254, ""signed_full_gap_improvement"": 0.00012772444786916207}",,,a17_closure_locked_validation_continuation_v1_2013_258c710f6fc64761805c7d5a5cf78e31,,,True,"{""k"": ""4"", ""mode"": ""validation"", ""noise_basis_points"": ""0"", ""object_id"": ""2013"", ""phase"": ""middle"", ""realization_index"": ""0""}",,,"{""input"": ""frozen/coverage.csv"", ""json_pointer"": null, ""row_index_zero_based"": 120, ""sha256"": ""c994c28d687aaafee0d5d4b1e01ceea95a313df6bbb856ff3ad003434ab89da6""}","{""accepted_moves"": ""3"", ""classification_scope"": ""evaluation floor ONLY; not online acceptance tolerance"", ""endpoint_sha256"": ""723f08f966a58241d540fc946994c3dfdc0cb8ee96757ab9b595bef7f5fe3a2a"", ""evaluation_classification"": ""improved"", ""evaluation_floor"": ""2.3995360689283627e-19"", ""final_H_step_error"": ""0.006697882882054086"", ""final_full_gap"": ""2.2430817550856343e-05"", ""final_half_H_step_energy"": ""2.243081755085657e-05"", ""final_nonlinear_status"": ""{\""reason\"": \""Separate owner bounded nonlinear transfer stage\"", \""status\"": \""NOT_RUN\""}"", ""final_normalized_H_step_error"": ""7.841096189096741"", ""full_reference_H_energy"": ""7.296616745183279e-07"", ""k"": ""4"", ""mode"": ""validation"", ""noise_basis_points"": ""0"", ""object_id"": ""2013"", ""one_step_truth"": ""{\""constraints_violated\"": false, \""relative_material_error\"": 0.8018371842890538, \""scope\"": \""Offline unconstrained alpha1 diagnostic; not nonlinear accepted update\""}"", ""paired_attempt"": ""a17_closure_locked_validation_continuation_v1_2013_258c710f6fc64761805c7d5a5cf78e31"", ""phase"": ""middle"", ""realization_index"": ""0"", ""receiver_H_step_error"": ""0.01732947001036211"", ""receiver_full_gap"": ""0.00015015526542001842"", ""receiver_half_H_step_energy"": ""0.00015015526542001988"", ""receiver_normalized_H_step_error"": ""20.28731222240254"", ""reference_relative_residual"": ""2.014971965706711e-12"", ""result_sha256"": ""2e90b1fcd224dc6a8a5da3ea7de6c329b73f20ad9d586a08b77e1fa10deb5211"", ""selected_ids"": ""[3, 4, 32, 64]"", ""signed_full_gap_improvement"": ""0.00012772444786916207"", ""source_directory"": ""/Volumes/migodam's-external-brain/Research/Inv_SLAM/Gaussian/A17/CLOSURE_R1/remote_snapshots/noise_complete_v1/results/locked_validation_continuation_v1/object_2013/middle"", ""stop_reason"": ""MOVE_BUDGET_EXHAUSTED""}",AUDITED_TERMINAL,
,,evaluation floor ONLY; not online acceptance tolerance,,True,,,improved,primary,,,"{""input"": ""frozen/cells.csv"", ""json_pointer"": null, ""row_index_zero_based"": 151, ""sha256"": ""96caff279881fc908cab7f1e1e6be34f8d5fcfc197a6a54c3d6b9317e1a51310""}",,,,FROZEN_MATERIAL_STEP_H_RISK,"{""evaluation_floor"": 2.3995360689283627e-19, ""final_H_step_error"": 0.004936780021866332, ""final_full_gap"": 1.218589849214885e-05, ""final_normalized_H_step_error"": 5.779403387237734, ""receiver_H_step_error"": 0.006683833820241629, ""receiver_full_gap"": 2.2336817268302273e-05, ""receiver_normalized_H_step_error"": 7.824649194280933, ""signed_full_gap_improvement"": 1.0150918776153422e-05}",,,a17_closure_locked_validation_continuation_v1_2013_258c710f6fc64761805c7d5a5cf78e31,,,True,"{""k"": ""8"", ""mode"": ""validation"", ""noise_basis_points"": ""0"", ""object_id"": ""2013"", ""phase"": ""middle"", ""realization_index"": ""0""}",,,"{""input"": ""frozen/coverage.csv"", ""json_pointer"": null, ""row_index_zero_based"": 121, ""sha256"": ""c994c28d687aaafee0d5d4b1e01ceea95a313df6bbb856ff3ad003434ab89da6""}","{""accepted_moves"": ""3"", ""classification_scope"": ""evaluation floor ONLY; not online acceptance tolerance"", ""endpoint_sha256"": ""acd3e794b1543201b3d0a2e3b7b65b6f7809dc81a88082ebaef76cf0af9a0677"", ""evaluation_classification"": ""improved"", ""evaluation_floor"": ""2.3995360689283627e-19"", ""final_H_step_error"": ""0.004936780021866332"", ""final_full_gap"": ""1.218589849214885e-05"", ""final_half_H_step_energy"": ""1.2185898492149267e-05"", ""final_nonlinear_status"": ""{\""reason\"": \""Separate owner bounded nonlinear transfer stage\"", \""status\"": \""NOT_RUN\""}"", ""final_normalized_H_step_error"": ""5.779403387237734"", ""full_reference_H_energy"": ""7.296616745183279e-07"", ""k"": ""8"", ""mode"": ""validation"", ""noise_basis_points"": ""0"", ""object_id"": ""2013"", ""one_step_truth"": ""{\""constraints_violated\"": true, \""relative_material_error\"": 0.8018182269405494, \""scope\"": \""Offline unconstrained alpha1 diagnostic; not nonlinear accepted update\""}"", ""paired_attempt"": ""a17_closure_locked_validation_continuation_v1_2013_258c710f6fc64761805c7d5a5cf78e31"", ""phase"": ""middle"", ""realization_index"": ""0"", ""receiver_H_step_error"": ""0.006683833820241629"", ""receiver_full_gap"": ""2.2336817268302273e-05"", ""receiver_half_H_step_energy"": ""2.2336817268302906e-05"", ""receiver_normalized_H_step_error"": ""7.824649194280933"", ""reference_relative_residual"": ""2.014971965706711e-12"", ""result_sha256"": ""2e90b1fcd224dc6a8a5da3ea7de6c329b73f20ad9d586a08b77e1fa10deb5211"", ""selected_ids"": ""[0, 1, 3, 4, 5, 97, 64, 7]"", ""signed_full_gap_improvement"": ""1.0150918776153422e-05"", ""source_directory"": ""/Volumes/migodam's-external-brain/Research/Inv_SLAM/Gaussian/A17/CLOSURE_R1/remote_snapshots/noise_complete_v1/results/locked_validation_continuation_v1/object_2013/middle"", ""stop_reason"": ""MOVE_BUDGET_EXHAUSTED""}",AUDITED_TERMINAL,
,,evaluation floor ONLY; not online acceptance tolerance,,True,,,improved,primary,,,"{""input"": ""frozen/cells.csv"", ""json_pointer"": null, ""row_index_zero_based"": 152, ""sha256"": ""96caff279881fc908cab7f1e1e6be34f8d5fcfc197a6a54c3d6b9317e1a51310""}",,,,FROZEN_MATERIAL_STEP_H_RISK,"{""evaluation_floor"": 2.3995360689283627e-19, ""final_H_step_error"": 0.0014261955669852288, ""final_full_gap"": 1.0170168976440607e-06, ""final_normalized_H_step_error"": 1.6696225989793652, ""receiver_H_step_error"": 0.0020722463885013676, ""receiver_full_gap"": 2.1471025473283678e-06, ""receiver_normalized_H_step_error"": 2.425943174265308, ""signed_full_gap_improvement"": 1.130085649684307e-06}",,,a17_closure_locked_validation_continuation_v1_2013_258c710f6fc64761805c7d5a5cf78e31,,,True,"{""k"": ""16"", ""mode"": ""validation"", ""noise_basis_points"": ""0"", ""object_id"": ""2013"", ""phase"": ""middle"", ""realization_index"": ""0""}",,,"{""input"": ""frozen/coverage.csv"", ""json_pointer"": null, ""row_index_zero_based"": 122, ""sha256"": ""c994c28d687aaafee0d5d4b1e01ceea95a313df6bbb856ff3ad003434ab89da6""}","{""accepted_moves"": ""2"", ""classification_scope"": ""evaluation floor ONLY; not online acceptance tolerance"", ""endpoint_sha256"": ""9424f2158498cf1595f9fa07c90e717beabb2f2a318caa96ff3bdd1dd6b5adb7"", ""evaluation_classification"": ""improved"", ""evaluation_floor"": ""2.3995360689283627e-19"", ""final_H_step_error"": ""0.0014261955669852288"", ""final_full_gap"": ""1.0170168976440607e-06"", ""final_half_H_step_energy"": ""1.0170168976441592e-06"", ""final_nonlinear_status"": ""{\""reason\"": \""Separate owner bounded nonlinear transfer stage\"", \""status\"": \""NOT_RUN\""}"", ""final_normalized_H_step_error"": ""1.6696225989793652"", ""full_reference_H_energy"": ""7.296616745183279e-07"", ""k"": ""16"", ""mode"": ""validation"", ""noise_basis_points"": ""0"", ""object_id"": ""2013"", ""one_step_truth"": ""{\""constraints_violated\"": false, \""relative_material_error\"": 0.8012702486006038, \""scope\"": \""Offline unconstrained alpha1 diagnostic; not nonlinear accepted update\""}"", ""paired_attempt"": ""a17_closure_locked_validation_continuation_v1_2013_258c710f6fc64761805c7d5a5cf78e31"", ""phase"": ""middle"", ""realization_index"": ""0"", ""receiver_H_step_error"": ""0.0020722463885013676"", ""receiver_full_gap"": ""2.1471025473283678e-06"", ""receiver_half_H_step_energy"": ""2.1471025473284804e-06"", ""receiver_normalized_H_step_error"": ""2.425943174265308"", ""reference_relative_residual"": ""2.014971965706711e-12"", ""result_sha256"": ""2e90b1fcd224dc6a8a5da3ea7de6c329b73f20ad9d586a08b77e1fa10deb5211"", ""selected_ids"": ""[0, 1, 2, 3, 4, 6, 7, 9, 10, 11, 12, 13, 14, 15, 97, 96]"", ""signed_full_gap_improvement"": ""1.130085649684307e-06"", ""source_directory"": ""/Volumes/migodam's-external-brain/Research/Inv_SLAM/Gaussian/A17/CLOSURE_R1/remote_snapshots/noise_complete_v1/results/locked_validation_continuation_v1/object_2013/middle"", ""stop_reason"": ""ABSTAIN_UNRESOLVED""}",AUDITED_TERMINAL,
,,evaluation floor ONLY; not online acceptance tolerance,,True,,,improved,primary,,,"{""input"": ""frozen/cells.csv"", ""json_pointer"": null, ""row_index_zero_based"": 147, ""sha256"": ""96caff279881fc908cab7f1e1e6be34f8d5fcfc197a6a54c3d6b9317e1a51310""}",,,,FROZEN_MATERIAL_STEP_H_RISK,"{""evaluation_floor"": 2.2303420244361265e-19, ""final_H_step_error"": 0.015067047769375095, ""final_full_gap"": 0.0001135079642423149, ""final_normalized_H_step_error"": 9.895763658318941, ""receiver_H_step_error"": 0.025544854336115533, ""receiver_full_gap"": 0.0003262697915266788, ""receiver_normalized_H_step_error"": 16.777396943692533, ""signed_full_gap_improvement"": 0.0002127618272843639}",,,a17_closure_locked_validation_continuation_v1_2013_258c710f6fc64761805c7d5a5cf78e31,,,True,"{""k"": ""4"", ""mode"": ""validation"", ""noise_basis_points"": ""0"", ""object_id"": ""2013"", ""phase"": ""late"", ""realization_index"": ""0""}",,,"{""input"": ""frozen/coverage.csv"", ""json_pointer"": null, ""row_index_zero_based"": 123, ""sha256"": ""c994c28d687aaafee0d5d4b1e01ceea95a313df6bbb856ff3ad003434ab89da6""}","{""accepted_moves"": ""3"", ""classification_scope"": ""evaluation floor ONLY; not online acceptance tolerance"", ""endpoint_sha256"": ""19be7864a4d198a2cae00228ca3b25f4abb6d622ef84ff292e2de8091c79a397"", ""evaluation_classification"": ""improved"", ""evaluation_floor"": ""2.2303420244361265e-19"", ""final_H_step_error"": ""0.015067047769375095"", ""final_full_gap"": ""0.0001135079642423149"", ""final_half_H_step_energy"": ""0.0001135079642423155"", ""final_nonlinear_status"": ""{\""reason\"": \""Separate owner bounded nonlinear transfer stage\"", \""status\"": \""NOT_RUN\""}"", ""final_normalized_H_step_error"": ""9.895763658318941"", ""full_reference_H_energy"": ""2.3182362976539915e-06"", ""k"": ""4"", ""mode"": ""validation"", ""noise_basis_points"": ""0"", ""object_id"": ""2013"", ""one_step_truth"": ""{\""constraints_violated\"": true, \""relative_material_error\"": 0.819522859679747, \""scope\"": \""Offline unconstrained alpha1 diagnostic; not nonlinear accepted update\""}"", ""paired_attempt"": ""a17_closure_locked_validation_continuation_v1_2013_258c710f6fc64761805c7d5a5cf78e31"", ""phase"": ""late"", ""realization_index"": ""0"", ""receiver_H_step_error"": ""0.025544854336115533"", ""receiver_full_gap"": ""0.0003262697915266788"", ""receiver_half_H_step_energy"": ""0.00032626979152668026"", ""receiver_normalized_H_step_error"": ""16.777396943692533"", ""reference_relative_residual"": ""9.208481906417586e-13"", ""result_sha256"": ""c75e16e5d1933fa955200099f64f9f0e84ee7ec851ecf15b3d8f0cc4f4903283"", ""selected_ids"": ""[3, 4, 32, 34]"", ""signed_full_gap_improvement"": ""0.0002127618272843639"", ""source_directory"": ""/Volumes/migodam's-external-brain/Research/Inv_SLAM/Gaussian/A17/CLOSURE_R1/remote_snapshots/noise_complete_v1/results/locked_validation_continuation_v1/object_2013/late"", ""stop_reason"": ""MOVE_BUDGET_EXHAUSTED""}",AUDITED_TERMINAL,
,,evaluation floor ONLY; not online acceptance tolerance,,True,,,improved,primary,,,"{""input"": ""frozen/cells.csv"", ""json_pointer"": null, ""row_index_zero_based"": 148, ""sha256"": ""96caff279881fc908cab7f1e1e6be34f8d5fcfc197a6a54c3d6b9317e1a51310""}",,,,FROZEN_MATERIAL_STEP_H_RISK,"{""evaluation_floor"": 2.2303420244361265e-19, ""final_H_step_error"": 0.006992393763248421, ""final_full_gap"": 2.444678527015713e-05, ""final_normalized_H_step_error"": 4.592477381511588, ""receiver_H_step_error"": 0.010608954366513221, ""receiver_full_gap"": 5.6274956375377333e-05, ""receiver_normalized_H_step_error"": 6.967768781240134, ""signed_full_gap_improvement"": 3.18281711052202e-05}",,,a17_closure_locked_validation_continuation_v1_2013_258c710f6fc64761805c7d5a5cf78e31,,,True,"{""k"": ""8"", ""mode"": ""validation"", ""noise_basis_points"": ""0"", ""object_id"": ""2013"", ""phase"": ""late"", ""realization_index"": ""0""}",,,"{""input"": ""frozen/coverage.csv"", ""json_pointer"": null, ""row_index_zero_based"": 124, ""sha256"": ""c994c28d687aaafee0d5d4b1e01ceea95a313df6bbb856ff3ad003434ab89da6""}","{""accepted_moves"": ""3"", ""classification_scope"": ""evaluation floor ONLY; not online acceptance tolerance"", ""endpoint_sha256"": ""ef50c5bb0da1f288e7fc4ccb7755aa3f3261a09f5436e3fbd42d0501e4a09350"", ""evaluation_classification"": ""improved"", ""evaluation_floor"": ""2.2303420244361265e-19"", ""final_H_step_error"": ""0.006992393763248421"", ""final_full_gap"": ""2.444678527015713e-05"", ""final_half_H_step_energy"": ""2.4446785270157706e-05"", ""final_nonlinear_status"": ""{\""reason\"": \""Separate owner bounded nonlinear transfer stage\"", \""status\"": \""NOT_RUN\""}"", ""final_normalized_H_step_error"": ""4.592477381511588"", ""full_reference_H_energy"": ""2.3182362976539915e-06"", ""k"": ""8"", ""mode"": ""validation"", ""noise_basis_points"": ""0"", ""object_id"": ""2013"", ""one_step_truth"": ""{\""constraints_violated\"": true, \""relative_material_error\"": 0.8179715064797674, \""scope\"": \""Offline unconstrained alpha1 diagnostic; not nonlinear accepted update\""}"", ""paired_attempt"": ""a17_closure_locked_validation_continuation_v1_2013_258c710f6fc64761805c7d5a5cf78e31"", ""phase"": ""late"", ""realization_index"": ""0"", ""receiver_H_step_error"": ""0.010608954366513221"", ""receiver_full_gap"": ""5.6274956375377333e-05"", ""receiver_half_H_step_energy"": ""5.627495637537996e-05"", ""receiver_normalized_H_step_error"": ""6.967768781240134"", ""reference_relative_residual"": ""9.208481906417586e-13"", ""result_sha256"": ""c75e16e5d1933fa955200099f64f9f0e84ee7ec851ecf15b3d8f0cc4f4903283"", ""selected_ids"": ""[1, 3, 4, 5, 7, 97, 33, 34]"", ""signed_full_gap_improvement"": ""3.18281711052202e-05"", ""source_directory"": ""/Volumes/migodam's-external-brain/Research/Inv_SLAM/Gaussian/A17/CLOSURE_R1/remote_snapshots/noise_complete_v1/results/locked_validation_continuation_v1/object_2013/late"", ""stop_reason"": ""MOVE_BUDGET_EXHAUSTED""}",AUDITED_TERMINAL,
,,evaluation floor ONLY; not online acceptance tolerance,,True,,,improved,primary,,,"{""input"": ""frozen/cells.csv"", ""json_pointer"": null, ""row_index_zero_based"": 149, ""sha256"": ""96caff279881fc908cab7f1e1e6be34f8d5fcfc197a6a54c3d6b9317e1a51310""}",,,,FROZEN_MATERIAL_STEP_H_RISK,"{""evaluation_floor"": 2.2303420244361265e-19, ""final_H_step_error"": 0.003438028742097802, ""final_full_gap"": 5.91002081574566e-06, ""final_normalized_H_step_error"": 2.2580349118862904, ""receiver_H_step_error"": 0.004566203790294742, ""receiver_full_gap"": 1.0425108527251028e-05, ""receiver_normalized_H_step_error"": 2.9989998184197044, ""signed_full_gap_improvement"": 4.515087711505368e-06}",,,a17_closure_locked_validation_continuation_v1_2013_258c710f6fc64761805c7d5a5cf78e31,,,True,"{""k"": ""16"", ""mode"": ""validation"", ""noise_basis_points"": ""0"", ""object_id"": ""2013"", ""phase"": ""late"", ""realization_index"": ""0""}",,,"{""input"": ""frozen/coverage.csv"", ""json_pointer"": null, ""row_index_zero_based"": 125, ""sha256"": ""c994c28d687aaafee0d5d4b1e01ceea95a313df6bbb856ff3ad003434ab89da6""}","{""accepted_moves"": ""3"", ""classification_scope"": ""evaluation floor ONLY; not online acceptance tolerance"", ""endpoint_sha256"": ""8e981c68b214f4959255ceef8b33bdaf702467db40c16a059f362d47d1bbccb1"", ""evaluation_classification"": ""improved"", ""evaluation_floor"": ""2.2303420244361265e-19"", ""final_H_step_error"": ""0.003438028742097802"", ""final_full_gap"": ""5.91002081574566e-06"", ""final_half_H_step_energy"": ""5.910020815745298e-06"", ""final_nonlinear_status"": ""{\""reason\"": \""Separate owner bounded nonlinear transfer stage\"", \""status\"": \""NOT_RUN\""}"", ""final_normalized_H_step_error"": ""2.2580349118862904"", ""full_reference_H_energy"": ""2.3182362976539915e-06"", ""k"": ""16"", ""mode"": ""validation"", ""noise_basis_points"": ""0"", ""object_id"": ""2013"", ""one_step_truth"": ""{\""constraints_violated\"": true, \""relative_material_error\"": 0.8087253198688239, \""scope\"": \""Offline unconstrained alpha1 diagnostic; not nonlinear accepted update\""}"", ""paired_attempt"": ""a17_closure_locked_validation_continuation_v1_2013_258c710f6fc64761805c7d5a5cf78e31"", ""phase"": ""late"", ""realization_index"": ""0"", ""receiver_H_step_error"": ""0.004566203790294742"", ""receiver_full_gap"": ""1.0425108527251028e-05"", ""receiver_half_H_step_energy"": ""1.0425108527251036e-05"", ""receiver_normalized_H_step_error"": ""2.9989998184197044"", ""reference_relative_residual"": ""9.208481906417586e-13"", ""result_sha256"": ""c75e16e5d1933fa955200099f64f9f0e84ee7ec851ecf15b3d8f0cc4f4903283"", ""selected_ids"": ""[0, 3, 4, 5, 6, 7, 8, 9, 11, 12, 13, 14, 15, 33, 32, 35]"", ""signed_full_gap_improvement"": ""4.515087711505368e-06"", ""source_directory"": ""/Volumes/migodam's-external-brain/Research/Inv_SLAM/Gaussian/A17/CLOSURE_R1/remote_snapshots/noise_complete_v1/results/locked_validation_continuation_v1/object_2013/late"", ""stop_reason"": ""MOVE_BUDGET_EXHAUSTED""}",AUDITED_TERMINAL,
,,evaluation floor ONLY; not online acceptance tolerance,,True,,,improved,primary,,,"{""input"": ""frozen/cells.csv"", ""json_pointer"": null, ""row_index_zero_based"": 153, ""sha256"": ""96caff279881fc908cab7f1e1e6be34f8d5fcfc197a6a54c3d6b9317e1a51310""}",,,,FROZEN_MATERIAL_STEP_H_RISK,"{""evaluation_floor"": 6.810814087806196e-16, ""final_H_step_error"": 0.011582620250255086, ""final_full_gap"": 6.707854592974826e-05, ""final_normalized_H_step_error"": 0.05287406049102649, ""receiver_H_step_error"": 0.01781295896489764, ""receiver_full_gap"": 0.00015865075353299214, ""receiver_normalized_H_step_error"": 0.08131523346916497, ""signed_full_gap_improvement"": 9.157220760324388e-05}",,,a17_closure_locked_validation_continuation_v1_2016_04a22623ea944b76a824ae6aa4285358,,,True,"{""k"": ""4"", ""mode"": ""validation"", ""noise_basis_points"": ""0"", ""object_id"": ""2016"", ""phase"": ""early"", ""realization_index"": ""0""}",,,"{""input"": ""frozen/coverage.csv"", ""json_pointer"": null, ""row_index_zero_based"": 126, ""sha256"": ""c994c28d687aaafee0d5d4b1e01ceea95a313df6bbb856ff3ad003434ab89da6""}","{""accepted_moves"": ""1"", ""classification_scope"": ""evaluation floor ONLY; not online acceptance tolerance"", ""endpoint_sha256"": ""5852effd1fd014fc6de1a71b58c6b836678c36ed57154954565e9dee0cb79fc6"", ""evaluation_classification"": ""improved"", ""evaluation_floor"": ""6.810814087806196e-16"", ""final_H_step_error"": ""0.011582620250255086"", ""final_full_gap"": ""6.707854592974826e-05"", ""final_half_H_step_energy"": ""6.70785459308096e-05"", ""final_nonlinear_status"": ""{\""reason\"": \""Separate owner bounded nonlinear transfer stage\"", \""status\"": \""NOT_RUN\""}"", ""final_normalized_H_step_error"": ""0.05287406049102649"", ""full_reference_H_energy"": ""0.04798752024390783"", ""k"": ""4"", ""mode"": ""validation"", ""noise_basis_points"": ""0"", ""object_id"": ""2016"", ""one_step_truth"": ""{\""constraints_violated\"": true, \""relative_material_error\"": 0.8192483189893937, \""scope\"": \""Offline unconstrained alpha1 diagnostic; not nonlinear accepted update\""}"", ""paired_attempt"": ""a17_closure_locked_validation_continuation_v1_2016_04a22623ea944b76a824ae6aa4285358"", ""phase"": ""early"", ""realization_index"": ""0"", ""receiver_H_step_error"": ""0.01781295896489764"", ""receiver_full_gap"": ""0.00015865075353299214"", ""receiver_half_H_step_energy"": ""0.00015865075354256361"", ""receiver_normalized_H_step_error"": ""0.08131523346916497"", ""reference_relative_residual"": ""4.896988182838492e-12"", ""result_sha256"": ""e45aefc4e1ba89c1756ab56881fd0c1039e5be33882e77bed03385c72524ab67"", ""selected_ids"": ""[1, 2, 3, 4]"", ""signed_full_gap_improvement"": ""9.157220760324388e-05"", ""source_directory"": ""/Volumes/migodam's-external-brain/Research/Inv_SLAM/Gaussian/A17/CLOSURE_R1/remote_snapshots/noise_complete_v1/results/locked_validation_continuation_v1/object_2016/early"", ""stop_reason"": ""ABSTAIN_UNRESOLVED""}",AUDITED_TERMINAL,
,,evaluation floor ONLY; not online acceptance tolerance,,True,,,improved,primary,,,"{""input"": ""frozen/cells.csv"", ""json_pointer"": null, ""row_index_zero_based"": 154, ""sha256"": ""96caff279881fc908cab7f1e1e6be34f8d5fcfc197a6a54c3d6b9317e1a51310""}",,,,FROZEN_MATERIAL_STEP_H_RISK,"{""evaluation_floor"": 6.810814087806196e-16, ""final_H_step_error"": 0.010734848627278522, ""final_full_gap"": 5.761848752430062e-05, ""final_normalized_H_step_error"": 0.04900402701782759, ""receiver_H_step_error"": 0.011301885179632164, ""receiver_full_gap"": 6.386630430712373e-05, ""receiver_normalized_H_step_error"": 0.0515925194592602, ""signed_full_gap_improvement"": 6.247816782823108e-06}",,,a17_closure_locked_validation_continuation_v1_2016_04a22623ea944b76a824ae6aa4285358,,,True,"{""k"": ""8"", ""mode"": ""validation"", ""noise_basis_points"": ""0"", ""object_id"": ""2016"", ""phase"": ""early"", ""realization_index"": ""0""}",,,"{""input"": ""frozen/coverage.csv"", ""json_pointer"": null, ""row_index_zero_based"": 127, ""sha256"": ""c994c28d687aaafee0d5d4b1e01ceea95a313df6bbb856ff3ad003434ab89da6""}","{""accepted_moves"": ""2"", ""classification_scope"": ""evaluation floor ONLY; not online acceptance tolerance"", ""endpoint_sha256"": ""a41d0a59430a899c487a9f9d8947dacc7a555e8b632bd2d6fbc916df830f211d"", ""evaluation_classification"": ""improved"", ""evaluation_floor"": ""6.810814087806196e-16"", ""final_H_step_error"": ""0.010734848627278522"", ""final_full_gap"": ""5.761848752430062e-05"", ""final_half_H_step_energy"": ""5.7618487525291794e-05"", ""final_nonlinear_status"": ""{\""reason\"": \""Separate owner bounded nonlinear transfer stage\"", \""status\"": \""NOT_RUN\""}"", ""final_normalized_H_step_error"": ""0.04900402701782759"", ""full_reference_H_energy"": ""0.04798752024390783"", ""k"": ""8"", ""mode"": ""validation"", ""noise_basis_points"": ""0"", ""object_id"": ""2016"", ""one_step_truth"": ""{\""constraints_violated\"": true, \""relative_material_error\"": 0.8206404763927726, \""scope\"": \""Offline unconstrained alpha1 diagnostic; not nonlinear accepted update\""}"", ""paired_attempt"": ""a17_closure_locked_validation_continuation_v1_2016_04a22623ea944b76a824ae6aa4285358"", ""phase"": ""early"", ""realization_index"": ""0"", ""receiver_H_step_error"": ""0.011301885179632164"", ""receiver_full_gap"": ""6.386630430712373e-05"", ""receiver_half_H_step_energy"": ""6.386630430679458e-05"", ""receiver_normalized_H_step_error"": ""0.0515925194592602"", ""reference_relative_residual"": ""4.896988182838492e-12"", ""result_sha256"": ""e45aefc4e1ba89c1756ab56881fd0c1039e5be33882e77bed03385c72524ab67"", ""selected_ids"": ""[0, 1, 2, 3, 4, 5, 64, 33]"", ""signed_full_gap_improvement"": ""6.247816782823108e-06"", ""source_directory"": ""/Volumes/migodam's-external-brain/Research/Inv_SLAM/Gaussian/A17/CLOSURE_R1/remote_snapshots/noise_complete_v1/results/locked_validation_continuation_v1/object_2016/early"", ""stop_reason"": ""ABSTAIN_UNRESOLVED""}",AUDITED_TERMINAL,
,,evaluation floor ONLY; not online acceptance tolerance,,True,,,improved,primary,,,"{""input"": ""frozen/cells.csv"", ""json_pointer"": null, ""row_index_zero_based"": 155, ""sha256"": ""96caff279881fc908cab7f1e1e6be34f8d5fcfc197a6a54c3d6b9317e1a51310""}",,,,FROZEN_MATERIAL_STEP_H_RISK,"{""evaluation_floor"": 6.810814087806196e-16, ""final_H_step_error"": 0.005162907818409439, ""final_full_gap"": 1.33278085703005e-05, ""final_normalized_H_step_error"": 0.023568406319300874, ""receiver_H_step_error"": 0.005678605189703195, ""receiver_full_gap"": 1.6123278450327335e-05, ""receiver_normalized_H_step_error"": 0.025922538062871498, ""signed_full_gap_improvement"": 2.7954698800268346e-06}",,,a17_closure_locked_validation_continuation_v1_2016_04a22623ea944b76a824ae6aa4285358,,,True,"{""k"": ""16"", ""mode"": ""validation"", ""noise_basis_points"": ""0"", ""object_id"": ""2016"", ""phase"": ""early"", ""realization_index"": ""0""}",,,"{""input"": ""frozen/coverage.csv"", ""json_pointer"": null, ""row_index_zero_based"": 128, ""sha256"": ""c994c28d687aaafee0d5d4b1e01ceea95a313df6bbb856ff3ad003434ab89da6""}","{""accepted_moves"": ""1"", ""classification_scope"": ""evaluation floor ONLY; not online acceptance tolerance"", ""endpoint_sha256"": ""cb8263bfb468789ef189bf686f9a83817c16b8d242ba85ddbf9d2323d015bc0b"", ""evaluation_classification"": ""improved"", ""evaluation_floor"": ""6.810814087806196e-16"", ""final_H_step_error"": ""0.005162907818409439"", ""final_full_gap"": ""1.33278085703005e-05"", ""final_half_H_step_energy"": ""1.3327808570696656e-05"", ""final_nonlinear_status"": ""{\""reason\"": \""Separate owner bounded nonlinear transfer stage\"", \""status\"": \""NOT_RUN\""}"", ""final_normalized_H_step_error"": ""0.023568406319300874"", ""full_reference_H_energy"": ""0.04798752024390783"", ""k"": ""16"", ""mode"": ""validation"", ""noise_basis_points"": ""0"", ""object_id"": ""2016"", ""one_step_truth"": ""{\""constraints_violated\"": true, \""relative_material_error\"": 0.8164658029035207, \""scope\"": \""Offline unconstrained alpha1 diagnostic; not nonlinear accepted update\""}"", ""paired_attempt"": ""a17_closure_locked_validation_continuation_v1_2016_04a22623ea944b76a824ae6aa4285358"", ""phase"": ""early"", ""realization_index"": ""0"", ""receiver_H_step_error"": ""0.005678605189703195"", ""receiver_full_gap"": ""1.6123278450327335e-05"", ""receiver_half_H_step_energy"": ""1.612327845026203e-05"", ""receiver_normalized_H_step_error"": ""0.025922538062871498"", ""reference_relative_residual"": ""4.896988182838492e-12"", ""result_sha256"": ""e45aefc4e1ba89c1756ab56881fd0c1039e5be33882e77bed03385c72524ab67"", ""selected_ids"": ""[0, 1, 2, 3, 4, 5, 7, 8, 9, 10, 11, 12, 13, 14, 15, 64]"", ""signed_full_gap_improvement"": ""2.7954698800268346e-06"", ""source_directory"": ""/Volumes/migodam's-external-brain/Research/Inv_SLAM/Gaussian/A17/CLOSURE_R1/remote_snapshots/noise_complete_v1/results/locked_validation_continuation_v1/object_2016/early"", ""stop_reason"": ""ABSTAIN_UNRESOLVED""}",AUDITED_TERMINAL,
,,evaluation floor ONLY; not online acceptance tolerance,,True,,,improved,primary,,,"{""input"": ""frozen/cells.csv"", ""json_pointer"": null, ""row_index_zero_based"": 156, ""sha256"": ""96caff279881fc908cab7f1e1e6be34f8d5fcfc197a6a54c3d6b9317e1a51310""}",,,,FROZEN_MATERIAL_STEP_H_RISK,"{""evaluation_floor"": 1.6854366987493347e-19, ""final_H_step_error"": 0.006044002452764237, ""final_full_gap"": 1.8264982824510703e-05, ""final_normalized_H_step_error"": 2.6190876377066123, ""receiver_H_step_error"": 0.011957946408179444, ""receiver_full_gap"": 7.14962411504458e-05, ""receiver_normalized_H_step_error"": 5.181816164832495, ""signed_full_gap_improvement"": 5.32312583259351e-05}",,,a17_closure_locked_validation_continuation_v1_2016_04a22623ea944b76a824ae6aa4285358,,,True,"{""k"": ""4"", ""mode"": ""validation"", ""noise_basis_points"": ""0"", ""object_id"": ""2016"", ""phase"": ""middle"", ""realization_index"": ""0""}",,,"{""input"": ""frozen/coverage.csv"", ""json_pointer"": null, ""row_index_zero_based"": 129, ""sha256"": ""c994c28d687aaafee0d5d4b1e01ceea95a313df6bbb856ff3ad003434ab89da6""}","{""accepted_moves"": ""3"", ""classification_scope"": ""evaluation floor ONLY; not online acceptance tolerance"", ""endpoint_sha256"": ""124968723bc5c6239dcc9067a71a654c297e87550a20ff1cd39ba5a22a7cd351"", ""evaluation_classification"": ""improved"", ""evaluation_floor"": ""1.6854366987493347e-19"", ""final_H_step_error"": ""0.006044002452764237"", ""final_full_gap"": ""1.8264982824510703e-05"", ""final_half_H_step_energy"": ""1.8264982824510056e-05"", ""final_nonlinear_status"": ""{\""reason\"": \""Separate owner bounded nonlinear transfer stage\"", \""status\"": \""NOT_RUN\""}"", ""final_normalized_H_step_error"": ""2.6190876377066123"", ""full_reference_H_energy"": ""5.325362827899582e-06"", ""k"": ""4"", ""mode"": ""validation"", ""noise_basis_points"": ""0"", ""object_id"": ""2016"", ""one_step_truth"": ""{\""constraints_violated\"": true, \""relative_material_error\"": 0.7983518019679074, \""scope\"": \""Offline unconstrained alpha1 diagnostic; not nonlinear accepted update\""}"", ""paired_attempt"": ""a17_closure_locked_validation_continuation_v1_2016_04a22623ea944b76a824ae6aa4285358"", ""phase"": ""middle"", ""realization_index"": ""0"", ""receiver_H_step_error"": ""0.011957946408179444"", ""receiver_full_gap"": ""7.14962411504458e-05"", ""receiver_half_H_step_energy"": ""7.149624115044583e-05"", ""receiver_normalized_H_step_error"": ""5.181816164832495"", ""reference_relative_residual"": ""4.790580396230904e-12"", ""result_sha256"": ""381f500e5df28413516fe24a77897320ce5441afeb40300d431b1bb47cf2f1b7"", ""selected_ids"": ""[3, 4, 96, 33]"", ""signed_full_gap_improvement"": ""5.32312583259351e-05"", ""source_directory"": ""/Volumes/migodam's-external-brain/Research/Inv_SLAM/Gaussian/A17/CLOSURE_R1/remote_snapshots/noise_complete_v1/results/locked_validation_continuation_v1/object_2016/middle"", ""stop_reason"": ""MOVE_BUDGET_EXHAUSTED""}",AUDITED_TERMINAL,
,,evaluation floor ONLY; not online acceptance tolerance,,True,,,improved,primary,,,"{""input"": ""frozen/cells.csv"", ""json_pointer"": null, ""row_index_zero_based"": 157, ""sha256"": ""96caff279881fc908cab7f1e1e6be34f8d5fcfc197a6a54c3d6b9317e1a51310""}",,,,FROZEN_MATERIAL_STEP_H_RISK,"{""evaluation_floor"": 1.6854366987493347e-19, ""final_H_step_error"": 0.004869550117604417, ""final_full_gap"": 1.1856259173930665e-05, ""final_normalized_H_step_error"": 2.1101544239740577, ""receiver_H_step_error"": 0.007702094516394709, ""receiver_full_gap"": 2.966112996974037e-05, ""receiver_normalized_H_step_error"": 3.337599660157543, ""signed_full_gap_improvement"": 1.7804870795809705e-05}",,,a17_closure_locked_validation_continuation_v1_2016_04a22623ea944b76a824ae6aa4285358,,,True,"{""k"": ""8"", ""mode"": ""validation"", ""noise_basis_points"": ""0"", ""object_id"": ""2016"", ""phase"": ""middle"", ""realization_index"": ""0""}",,,"{""input"": ""frozen/coverage.csv"", ""json_pointer"": null, ""row_index_zero_based"": 130, ""sha256"": ""c994c28d687aaafee0d5d4b1e01ceea95a313df6bbb856ff3ad003434ab89da6""}","{""accepted_moves"": ""3"", ""classification_scope"": ""evaluation floor ONLY; not online acceptance tolerance"", ""endpoint_sha256"": ""89fe3dedf715bbf7c498abb6c430d22ac9199776ef5139527283b38eb77e0165"", ""evaluation_classification"": ""improved"", ""evaluation_floor"": ""1.6854366987493347e-19"", ""final_H_step_error"": ""0.004869550117604417"", ""final_full_gap"": ""1.1856259173930665e-05"", ""final_half_H_step_energy"": ""1.1856259173930596e-05"", ""final_nonlinear_status"": ""{\""reason\"": \""Separate owner bounded nonlinear transfer stage\"", \""status\"": \""NOT_RUN\""}"", ""final_normalized_H_step_error"": ""2.1101544239740577"", ""full_reference_H_energy"": ""5.325362827899582e-06"", ""k"": ""8"", ""mode"": ""validation"", ""noise_basis_points"": ""0"", ""object_id"": ""2016"", ""one_step_truth"": ""{\""constraints_violated\"": true, \""relative_material_error\"": 0.7986105872669778, \""scope\"": \""Offline unconstrained alpha1 diagnostic; not nonlinear accepted update\""}"", ""paired_attempt"": ""a17_closure_locked_validation_continuation_v1_2016_04a22623ea944b76a824ae6aa4285358"", ""phase"": ""middle"", ""realization_index"": ""0"", ""receiver_H_step_error"": ""0.007702094516394709"", ""receiver_full_gap"": ""2.966112996974037e-05"", ""receiver_half_H_step_energy"": ""2.9661129969738723e-05"", ""receiver_normalized_H_step_error"": ""3.337599660157543"", ""reference_relative_residual"": ""4.790580396230904e-12"", ""result_sha256"": ""381f500e5df28413516fe24a77897320ce5441afeb40300d431b1bb47cf2f1b7"", ""selected_ids"": ""[3, 4, 5, 6, 7, 9, 33, 34]"", ""signed_full_gap_improvement"": ""1.7804870795809705e-05"", ""source_directory"": ""/Volumes/migodam's-external-brain/Research/Inv_SLAM/Gaussian/A17/CLOSURE_R1/remote_snapshots/noise_complete_v1/results/locked_validation_continuation_v1/object_2016/middle"", ""stop_reason"": ""MOVE_BUDGET_EXHAUSTED""}",AUDITED_TERMINAL,
,,evaluation floor ONLY; not online acceptance tolerance,,True,,,improved,primary,,,"{""input"": ""frozen/cells.csv"", ""json_pointer"": null, ""row_index_zero_based"": 158, ""sha256"": ""96caff279881fc908cab7f1e1e6be34f8d5fcfc197a6a54c3d6b9317e1a51310""}",,,,FROZEN_MATERIAL_STEP_H_RISK,"{""evaluation_floor"": 1.6854366987493347e-19, ""final_H_step_error"": 0.0018682482525211907, ""final_full_gap"": 1.7451757665233558e-06, ""final_normalized_H_step_error"": 0.809580396531335, ""receiver_H_step_error"": 0.003207041050172519, ""receiver_full_gap"": 5.14255614874553e-06, ""receiver_normalized_H_step_error"": 1.3897283519934605, ""signed_full_gap_improvement"": 3.3973803822221743e-06}",,,a17_closure_locked_validation_continuation_v1_2016_04a22623ea944b76a824ae6aa4285358,,,True,"{""k"": ""16"", ""mode"": ""validation"", ""noise_basis_points"": ""0"", ""object_id"": ""2016"", ""phase"": ""middle"", ""realization_index"": ""0""}",,,"{""input"": ""frozen/coverage.csv"", ""json_pointer"": null, ""row_index_zero_based"": 131, ""sha256"": ""c994c28d687aaafee0d5d4b1e01ceea95a313df6bbb856ff3ad003434ab89da6""}","{""accepted_moves"": ""1"", ""classification_scope"": ""evaluation floor ONLY; not online acceptance tolerance"", ""endpoint_sha256"": ""b43ab8e1638b0153cf53591fb4285766a0057c16b8feeb1396aed9c04f95a3ff"", ""evaluation_classification"": ""improved"", ""evaluation_floor"": ""1.6854366987493347e-19"", ""final_H_step_error"": ""0.0018682482525211907"", ""final_full_gap"": ""1.7451757665233558e-06"", ""final_half_H_step_energy"": ""1.7451757665242412e-06"", ""final_nonlinear_status"": ""{\""reason\"": \""Separate owner bounded nonlinear transfer stage\"", \""status\"": \""NOT_RUN\""}"", ""final_normalized_H_step_error"": ""0.809580396531335"", ""full_reference_H_energy"": ""5.325362827899582e-06"", ""k"": ""16"", ""mode"": ""validation"", ""noise_basis_points"": ""0"", ""object_id"": ""2016"", ""one_step_truth"": ""{\""constraints_violated\"": true, \""relative_material_error\"": 0.7962118121265962, \""scope\"": \""Offline unconstrained alpha1 diagnostic; not nonlinear accepted update\""}"", ""paired_attempt"": ""a17_closure_locked_validation_continuation_v1_2016_04a22623ea944b76a824ae6aa4285358"", ""phase"": ""middle"", ""realization_index"": ""0"", ""receiver_H_step_error"": ""0.003207041050172519"", ""receiver_full_gap"": ""5.14255614874553e-06"", ""receiver_half_H_step_energy"": ""5.1425561487458255e-06"", ""receiver_normalized_H_step_error"": ""1.3897283519934605"", ""reference_relative_residual"": ""4.790580396230904e-12"", ""result_sha256"": ""381f500e5df28413516fe24a77897320ce5441afeb40300d431b1bb47cf2f1b7"", ""selected_ids"": ""[0, 1, 3, 4, 5, 6, 7, 8, 9, 10, 11, 12, 13, 14, 15, 17]"", ""signed_full_gap_improvement"": ""3.3973803822221743e-06"", ""source_directory"": ""/Volumes/migodam's-external-brain/Research/Inv_SLAM/Gaussian/A17/CLOSURE_R1/remote_snapshots/noise_complete_v1/results/locked_validation_continuation_v1/object_2016/middle"", ""stop_reason"": ""ABSTAIN_UNRESOLVED""}",AUDITED_TERMINAL,
,,,,False,,,,primary,,,,,,,FROZEN_MATERIAL_STEP_H_RISK,,,,,,,True,"{""k"": ""4"", ""mode"": ""validation"", ""noise_basis_points"": ""0"", ""object_id"": ""2016"", ""phase"": ""late"", ""realization_index"": ""0""}",,,"{""input"": ""frozen/coverage.csv"", ""json_pointer"": null, ""row_index_zero_based"": 132, ""sha256"": ""c994c28d687aaafee0d5d4b1e01ceea95a313df6bbb856ff3ad003434ab89da6""}",,MISSING_OR_NOT_AUDITED,
,,,,False,,,,primary,,,,,,,FROZEN_MATERIAL_STEP_H_RISK,,,,,,,True,"{""k"": ""8"", ""mode"": ""validation"", ""noise_basis_points"": ""0"", ""object_id"": ""2016"", ""phase"": ""late"", ""realization_index"": ""0""}",,,"{""input"": ""frozen/coverage.csv"", ""json_pointer"": null, ""row_index_zero_based"": 133, ""sha256"": ""c994c28d687aaafee0d5d4b1e01ceea95a313df6bbb856ff3ad003434ab89da6""}",,MISSING_OR_NOT_AUDITED,
,,,,False,,,,primary,,,,,,,FROZEN_MATERIAL_STEP_H_RISK,,,,,,,True,"{""k"": ""16"", ""mode"": ""validation"", ""noise_basis_points"": ""0"", ""object_id"": ""2016"", ""phase"": ""late"", ""realization_index"": ""0""}",,,"{""input"": ""frozen/coverage.csv"", ""json_pointer"": null, ""row_index_zero_based"": 134, ""sha256"": ""c994c28d687aaafee0d5d4b1e01ceea95a313df6bbb856ff3ad003434ab89da6""}",,MISSING_OR_NOT_AUDITED,
,,evaluation floor ONLY; not online acceptance tolerance,,True,,,improved,noise,,,"{""input"": ""frozen/cells.csv"", ""json_pointer"": null, ""row_index_zero_based"": 0, ""sha256"": ""96caff279881fc908cab7f1e1e6be34f8d5fcfc197a6a54c3d6b9317e1a51310""}",,,,FROZEN_MATERIAL_STEP_H_RISK,"{""evaluation_floor"": 1.0580006733835163e-18, ""final_H_step_error"": 0.006585101150409288, ""final_full_gap"": 2.1681778580554423e-05, ""final_normalized_H_step_error"": 1.3445593647656908, ""receiver_H_step_error"": 0.012871767458076826, ""receiver_full_gap"": 8.284119874738797e-05, ""receiver_normalized_H_step_error"": 2.628183695518145, ""signed_full_gap_improvement"": 6.115942016683355e-05}",,,a17_closure_locked_noise_v1_2002_1db259627047431788c4148bd07e5d60,,,True,"{""k"": ""4"", ""mode"": ""noise"", ""noise_basis_points"": ""100"", ""object_id"": ""2002"", ""phase"": ""middle"", ""realization_index"": ""0""}",,,"{""input"": ""frozen/coverage.csv"", ""json_pointer"": null, ""row_index_zero_based"": 135, ""sha256"": ""c994c28d687aaafee0d5d4b1e01ceea95a313df6bbb856ff3ad003434ab89da6""}","{""accepted_moves"": ""3"", ""classification_scope"": ""evaluation floor ONLY; not online acceptance tolerance"", ""endpoint_sha256"": ""317b57f1623cb8c01dd9049d0e6aea784cd7da54f9e2195012e6e9ecf100eb7a"", ""evaluation_classification"": ""improved"", ""evaluation_floor"": ""1.0580006733835163e-18"", ""final_H_step_error"": ""0.006585101150409288"", ""final_full_gap"": ""2.1681778580554423e-05"", ""final_half_H_step_energy"": ""2.1681778580560864e-05"", ""final_nonlinear_status"": ""{\""reason\"": \""Separate owner bounded nonlinear transfer stage\"", \""status\"": \""NOT_RUN\""}"", ""final_normalized_H_step_error"": ""1.3445593647656908"", ""full_reference_H_energy"": ""2.398639255158819e-05"", ""k"": ""4"", ""mode"": ""noise"", ""noise_basis_points"": ""100"", ""object_id"": ""2002"", ""one_step_truth"": ""{\""constraints_violated\"": true, \""relative_material_error\"": 0.34169640300383847, \""scope\"": \""Offline unconstrained alpha1 diagnostic; not nonlinear accepted update\""}"", ""paired_attempt"": ""a17_closure_locked_noise_v1_2002_1db259627047431788c4148bd07e5d60"", ""phase"": ""middle"", ""realization_index"": ""0"", ""receiver_H_step_error"": ""0.012871767458076826"", ""receiver_full_gap"": ""8.284119874738797e-05"", ""receiver_half_H_step_energy"": ""8.284119874740277e-05"", ""receiver_normalized_H_step_error"": ""2.628183695518145"", ""reference_relative_residual"": ""1.8040016381565097e-12"", ""result_sha256"": ""92c0e5ac729886c77b9b2d1c948f16fce22d53eaf5714dceff2a232ef997ad2d"", ""selected_ids"": ""[3, 4, 5, 32]"", ""signed_full_gap_improvement"": ""6.115942016683355e-05"", ""source_directory"": ""/Volumes/migodam's-external-brain/Research/Inv_SLAM/Gaussian/A17/CLOSURE_R1/remote_snapshots/noise_complete_v1/results/locked_noise_v1/object_2002/middle_noise100_rep0"", ""stop_reason"": ""MOVE_BUDGET_EXHAUSTED""}",AUDITED_TERMINAL,
,,evaluation floor ONLY; not online acceptance tolerance,,True,,,improved,noise,,,"{""input"": ""frozen/cells.csv"", ""json_pointer"": null, ""row_index_zero_based"": 3, ""sha256"": ""96caff279881fc908cab7f1e1e6be34f8d5fcfc197a6a54c3d6b9317e1a51310""}",,,,FROZEN_MATERIAL_STEP_H_RISK,"{""evaluation_floor"": 1.0437413657097553e-18, ""final_H_step_error"": 0.00781825686031631, ""final_full_gap"": 3.0562570166933323e-05, ""final_normalized_H_step_error"": 1.6073859557819363, ""receiver_H_step_error"": 0.013458565238386674, ""receiver_full_gap"": 9.056648913794602e-05, ""receiver_normalized_H_step_error"": 2.766998978885234, ""signed_full_gap_improvement"": 6.00039189710127e-05}",,,a17_closure_locked_noise_v1_2002_1db259627047431788c4148bd07e5d60,,,True,"{""k"": ""4"", ""mode"": ""noise"", ""noise_basis_points"": ""100"", ""object_id"": ""2002"", ""phase"": ""middle"", ""realization_index"": ""1""}",,,"{""input"": ""frozen/coverage.csv"", ""json_pointer"": null, ""row_index_zero_based"": 136, ""sha256"": ""c994c28d687aaafee0d5d4b1e01ceea95a313df6bbb856ff3ad003434ab89da6""}","{""accepted_moves"": ""3"", ""classification_scope"": ""evaluation floor ONLY; not online acceptance tolerance"", ""endpoint_sha256"": ""a5c94514372a0a641e7a8da0dd1200d7aeee1360e356a77e8e8c4beaceaa2478"", ""evaluation_classification"": ""improved"", ""evaluation_floor"": ""1.0437413657097553e-18"", ""final_H_step_error"": ""0.00781825686031631"", ""final_full_gap"": ""3.0562570166933323e-05"", ""final_half_H_step_energy"": ""3.056257016694153e-05"", ""final_nonlinear_status"": ""{\""reason\"": \""Separate owner bounded nonlinear transfer stage\"", \""status\"": \""NOT_RUN\""}"", ""final_normalized_H_step_error"": ""1.6073859557819363"", ""full_reference_H_energy"": ""2.3658081867617126e-05"", ""k"": ""4"", ""mode"": ""noise"", ""noise_basis_points"": ""100"", ""object_id"": ""2002"", ""one_step_truth"": ""{\""constraints_violated\"": true, \""relative_material_error\"": 0.3429990495952829, \""scope\"": \""Offline unconstrained alpha1 diagnostic; not nonlinear accepted update\""}"", ""paired_attempt"": ""a17_closure_locked_noise_v1_2002_1db259627047431788c4148bd07e5d60"", ""phase"": ""middle"", ""realization_index"": ""1"", ""receiver_H_step_error"": ""0.013458565238386674"", ""receiver_full_gap"": ""9.056648913794602e-05"", ""receiver_half_H_step_energy"": ""9.056648913795506e-05"", ""receiver_normalized_H_step_error"": ""2.766998978885234"", ""reference_relative_residual"": ""5.31148745924725e-12"", ""result_sha256"": ""d79831b501a488267ea405465f361ca7689311636a4378fe89782591542a96e6"", ""selected_ids"": ""[3, 5, 33, 32]"", ""signed_full_gap_improvement"": ""6.00039189710127e-05"", ""source_directory"": ""/Volumes/migodam's-external-brain/Research/Inv_SLAM/Gaussian/A17/CLOSURE_R1/remote_snapshots/noise_complete_v1/results/locked_noise_v1/object_2002/middle_noise100_rep1"", ""stop_reason"": ""MOVE_BUDGET_EXHAUSTED""}",AUDITED_TERMINAL,
,,evaluation floor ONLY; not online acceptance tolerance,,True,,,improved,noise,,,"{""input"": ""frozen/cells.csv"", ""json_pointer"": null, ""row_index_zero_based"": 6, ""sha256"": ""96caff279881fc908cab7f1e1e6be34f8d5fcfc197a6a54c3d6b9317e1a51310""}",,,,FROZEN_MATERIAL_STEP_H_RISK,"{""evaluation_floor"": 9.831688099368426e-19, ""final_H_step_error"": 0.006046669152868389, ""final_full_gap"": 1.8281103922124964e-05, ""final_normalized_H_step_error"": 1.323542816391222, ""receiver_H_step_error"": 0.011664180404281277, ""receiver_full_gap"": 6.802655225180035e-05, ""receiver_normalized_H_step_error"": 2.5531481536168252, ""signed_full_gap_improvement"": 4.9745448329675385e-05}",,,a17_closure_locked_noise_v1_2002_1db259627047431788c4148bd07e5d60,,,True,"{""k"": ""4"", ""mode"": ""noise"", ""noise_basis_points"": ""100"", ""object_id"": ""2002"", ""phase"": ""middle"", ""realization_index"": ""2""}",,,"{""input"": ""frozen/coverage.csv"", ""json_pointer"": null, ""row_index_zero_based"": 137, ""sha256"": ""c994c28d687aaafee0d5d4b1e01ceea95a313df6bbb856ff3ad003434ab89da6""}","{""accepted_moves"": ""3"", ""classification_scope"": ""evaluation floor ONLY; not online acceptance tolerance"", ""endpoint_sha256"": ""cfcb525b36f72039675ed6fccdc383ab6e65c12660a5bec241c3bb7733e5581c"", ""evaluation_classification"": ""improved"", ""evaluation_floor"": ""9.831688099368426e-19"", ""final_H_step_error"": ""0.006046669152868389"", ""final_full_gap"": ""1.8281103922124964e-05"", ""final_half_H_step_energy"": ""1.8281103922125063e-05"", ""final_nonlinear_status"": ""{\""reason\"": \""Separate owner bounded nonlinear transfer stage\"", \""status\"": \""NOT_RUN\""}"", ""final_normalized_H_step_error"": ""1.323542816391222"", ""full_reference_H_energy"": ""2.0871632665535494e-05"", ""k"": ""4"", ""mode"": ""noise"", ""noise_basis_points"": ""100"", ""object_id"": ""2002"", ""one_step_truth"": ""{\""constraints_violated\"": true, \""relative_material_error\"": 0.34134069303064885, \""scope\"": \""Offline unconstrained alpha1 diagnostic; not nonlinear accepted update\""}"", ""paired_attempt"": ""a17_closure_locked_noise_v1_2002_1db259627047431788c4148bd07e5d60"", ""phase"": ""middle"", ""realization_index"": ""2"", ""receiver_H_step_error"": ""0.011664180404281277"", ""receiver_full_gap"": ""6.802655225180035e-05"", ""receiver_half_H_step_energy"": ""6.802655225180966e-05"", ""receiver_normalized_H_step_error"": ""2.5531481536168252"", ""reference_relative_residual"": ""3.889320696368013e-12"", ""result_sha256"": ""2d250e29a70f861f332dc98aaf5029e83278a464327937865992a48cb5147d58"", ""selected_ids"": ""[3, 4, 5, 32]"", ""signed_full_gap_improvement"": ""4.9745448329675385e-05"", ""source_directory"": ""/Volumes/migodam's-external-brain/Research/Inv_SLAM/Gaussian/A17/CLOSURE_R1/remote_snapshots/noise_complete_v1/results/locked_noise_v1/object_2002/middle_noise100_rep2"", ""stop_reason"": ""MOVE_BUDGET_EXHAUSTED""}",AUDITED_TERMINAL,
,,evaluation floor ONLY; not online acceptance tolerance,,True,,,improved,noise,,,"{""input"": ""frozen/cells.csv"", ""json_pointer"": null, ""row_index_zero_based"": 9, ""sha256"": ""96caff279881fc908cab7f1e1e6be34f8d5fcfc197a6a54c3d6b9317e1a51310""}",,,,FROZEN_MATERIAL_STEP_H_RISK,"{""evaluation_floor"": 6.6744325028273815e-18, ""final_H_step_error"": 0.009572780657055698, ""final_full_gap"": 4.581906475411433e-05, ""final_normalized_H_step_error"": 1.259733564670141, ""receiver_H_step_error"": 0.014160159538896986, ""receiver_full_gap"": 0.00010025505908358227, ""receiver_normalized_H_step_error"": 1.8634113630384852, ""signed_full_gap_improvement"": 5.443599432946794e-05}",,,a17_closure_locked_noise_v1_2002_1db259627047431788c4148bd07e5d60,,,True,"{""k"": ""4"", ""mode"": ""noise"", ""noise_basis_points"": ""300"", ""object_id"": ""2002"", ""phase"": ""middle"", ""realization_index"": ""0""}",,,"{""input"": ""frozen/coverage.csv"", ""json_pointer"": null, ""row_index_zero_based"": 138, ""sha256"": ""c994c28d687aaafee0d5d4b1e01ceea95a313df6bbb856ff3ad003434ab89da6""}","{""accepted_moves"": ""3"", ""classification_scope"": ""evaluation floor ONLY; not online acceptance tolerance"", ""endpoint_sha256"": ""b521f686a24ce6317895f4826a0ba0302f689259db3e50628c879b467e0983f3"", ""evaluation_classification"": ""improved"", ""evaluation_floor"": ""6.6744325028273815e-18"", ""final_H_step_error"": ""0.009572780657055698"", ""final_full_gap"": ""4.581906475411433e-05"", ""final_half_H_step_energy"": ""4.581906475404985e-05"", ""final_nonlinear_status"": ""{\""reason\"": \""Separate owner bounded nonlinear transfer stage\"", \""status\"": \""NOT_RUN\""}"", ""final_normalized_H_step_error"": ""1.259733564670141"", ""full_reference_H_energy"": ""5.7745588801126586e-05"", ""k"": ""4"", ""mode"": ""noise"", ""noise_basis_points"": ""300"", ""object_id"": ""2002"", ""one_step_truth"": ""{\""constraints_violated\"": true, \""relative_material_error\"": 0.3434849895887941, \""scope\"": \""Offline unconstrained alpha1 diagnostic; not nonlinear accepted update\""}"", ""paired_attempt"": ""a17_closure_locked_noise_v1_2002_1db259627047431788c4148bd07e5d60"", ""phase"": ""middle"", ""realization_index"": ""0"", ""receiver_H_step_error"": ""0.014160159538896986"", ""receiver_full_gap"": ""0.00010025505908358227"", ""receiver_half_H_step_energy"": ""0.00010025505908350765"", ""receiver_normalized_H_step_error"": ""1.8634113630384852"", ""reference_relative_residual"": ""3.227792113383584e-12"", ""result_sha256"": ""a2dbe27b132aaf6b3cd7e994b5e11ae70524626030b5df05f291acf86c6e6645"", ""selected_ids"": ""[3, 4, 32, 33]"", ""signed_full_gap_improvement"": ""5.443599432946794e-05"", ""source_directory"": ""/Volumes/migodam's-external-brain/Research/Inv_SLAM/Gaussian/A17/CLOSURE_R1/remote_snapshots/noise_complete_v1/results/locked_noise_v1/object_2002/middle_noise300_rep0"", ""stop_reason"": ""MOVE_BUDGET_EXHAUSTED""}",AUDITED_TERMINAL,
,,evaluation floor ONLY; not online acceptance tolerance,,True,,,improved,noise,,,"{""input"": ""frozen/cells.csv"", ""json_pointer"": null, ""row_index_zero_based"": 12, ""sha256"": ""96caff279881fc908cab7f1e1e6be34f8d5fcfc197a6a54c3d6b9317e1a51310""}",,,,FROZEN_MATERIAL_STEP_H_RISK,"{""evaluation_floor"": 6.8299836330984595e-18, ""final_H_step_error"": 0.0120554570855333, ""final_full_gap"": 7.266702277053155e-05, ""final_normalized_H_step_error"": 1.5245185735964941, ""receiver_H_step_error"": 0.02127749608186325, ""receiver_full_gap"": 0.00022636591975674683, ""receiver_normalized_H_step_error"": 2.690726510515565, ""signed_full_gap_improvement"": 0.00015369889698621528}",,,a17_closure_locked_noise_v1_2002_1db259627047431788c4148bd07e5d60,,,True,"{""k"": ""4"", ""mode"": ""noise"", ""noise_basis_points"": ""300"", ""object_id"": ""2002"", ""phase"": ""middle"", ""realization_index"": ""1""}",,,"{""input"": ""frozen/coverage.csv"", ""json_pointer"": null, ""row_index_zero_based"": 139, ""sha256"": ""c994c28d687aaafee0d5d4b1e01ceea95a313df6bbb856ff3ad003434ab89da6""}","{""accepted_moves"": ""3"", ""classification_scope"": ""evaluation floor ONLY; not online acceptance tolerance"", ""endpoint_sha256"": ""40e0d10703ebeca02e86a62844ba645b1b0b16de2ece59508ad9fa8772f4db7f"", ""evaluation_classification"": ""improved"", ""evaluation_floor"": ""6.8299836330984595e-18"", ""final_H_step_error"": ""0.0120554570855333"", ""final_full_gap"": ""7.266702277053155e-05"", ""final_half_H_step_energy"": ""7.266702277056751e-05"", ""final_nonlinear_status"": ""{\""reason\"": \""Separate owner bounded nonlinear transfer stage\"", \""status\"": \""NOT_RUN\""}"", ""final_normalized_H_step_error"": ""1.5245185735964941"", ""full_reference_H_energy"": ""6.253194296572283e-05"", ""k"": ""4"", ""mode"": ""noise"", ""noise_basis_points"": ""300"", ""object_id"": ""2002"", ""one_step_truth"": ""{\""constraints_violated\"": true, \""relative_material_error\"": 0.343954921731338, \""scope\"": \""Offline unconstrained alpha1 diagnostic; not nonlinear accepted update\""}"", ""paired_attempt"": ""a17_closure_locked_noise_v1_2002_1db259627047431788c4148bd07e5d60"", ""phase"": ""middle"", ""realization_index"": ""1"", ""receiver_H_step_error"": ""0.02127749608186325"", ""receiver_full_gap"": ""0.00022636591975674683"", ""receiver_half_H_step_energy"": ""0.00022636591975685297"", ""receiver_normalized_H_step_error"": ""2.690726510515565"", ""reference_relative_residual"": ""5.228896479906024e-12"", ""result_sha256"": ""0254267ab4cbce9be18d603c39cc84a6bf5dea380d310911e11e94fea92ab070"", ""selected_ids"": ""[3, 5, 33, 34]"", ""signed_full_gap_improvement"": ""0.00015369889698621528"", ""source_directory"": ""/Volumes/migodam's-external-brain/Research/Inv_SLAM/Gaussian/A17/CLOSURE_R1/remote_snapshots/noise_complete_v1/results/locked_noise_v1/object_2002/middle_noise300_rep1"", ""stop_reason"": ""MOVE_BUDGET_EXHAUSTED""}",AUDITED_TERMINAL,
,,evaluation floor ONLY; not online acceptance tolerance,,True,,,improved,noise,,,"{""input"": ""frozen/cells.csv"", ""json_pointer"": null, ""row_index_zero_based"": 15, ""sha256"": ""96caff279881fc908cab7f1e1e6be34f8d5fcfc197a6a54c3d6b9317e1a51310""}",,,,FROZEN_MATERIAL_STEP_H_RISK,"{""evaluation_floor"": 6.778311089079671e-18, ""final_H_step_error"": 0.011346857691681646, ""final_full_gap"": 6.437558973761602e-05, ""final_normalized_H_step_error"": 1.3814169638085882, ""receiver_H_step_error"": 0.016549664507198348, ""receiver_full_gap"": 0.0001369456976504673, ""receiver_normalized_H_step_error"": 2.014829824854926, ""signed_full_gap_improvement"": 7.257010791285127e-05}",,,a17_closure_locked_noise_v1_2002_1db259627047431788c4148bd07e5d60,,,True,"{""k"": ""4"", ""mode"": ""noise"", ""noise_basis_points"": ""300"", ""object_id"": ""2002"", ""phase"": ""middle"", ""realization_index"": ""2""}",,,"{""input"": ""frozen/coverage.csv"", ""json_pointer"": null, ""row_index_zero_based"": 140, ""sha256"": ""c994c28d687aaafee0d5d4b1e01ceea95a313df6bbb856ff3ad003434ab89da6""}","{""accepted_moves"": ""2"", ""classification_scope"": ""evaluation floor ONLY; not online acceptance tolerance"", ""endpoint_sha256"": ""62975a644ece5f124723d62bbddb42f3dc07bd6eb9132735585ea2d46dd0d2ba"", ""evaluation_classification"": ""improved"", ""evaluation_floor"": ""6.778311089079671e-18"", ""final_H_step_error"": ""0.011346857691681646"", ""final_full_gap"": ""6.437558973761602e-05"", ""final_half_H_step_energy"": ""6.437558973763747e-05"", ""final_nonlinear_status"": ""{\""reason\"": \""Separate owner bounded nonlinear transfer stage\"", \""status\"": \""NOT_RUN\""}"", ""final_normalized_H_step_error"": ""1.3814169638085882"", ""full_reference_H_energy"": ""6.746859193787666e-05"", ""k"": ""4"", ""mode"": ""noise"", ""noise_basis_points"": ""300"", ""object_id"": ""2002"", ""one_step_truth"": ""{\""constraints_violated\"": true, \""relative_material_error\"": 0.347664638977019, \""scope\"": \""Offline unconstrained alpha1 diagnostic; not nonlinear accepted update\""}"", ""paired_attempt"": ""a17_closure_locked_noise_v1_2002_1db259627047431788c4148bd07e5d60"", ""phase"": ""middle"", ""realization_index"": ""2"", ""receiver_H_step_error"": ""0.016549664507198348"", ""receiver_full_gap"": ""0.0001369456976504673"", ""receiver_half_H_step_energy"": ""0.0001369456976504104"", ""receiver_normalized_H_step_error"": ""2.014829824854926"", ""reference_relative_residual"": ""4.847020033346535e-12"", ""result_sha256"": ""245b22b808f0c89bd4f896f6b99207146a3eb98c750d85add612e9c762be5b17"", ""selected_ids"": ""[2, 3, 4, 64]"", ""signed_full_gap_improvement"": ""7.257010791285127e-05"", ""source_directory"": ""/Volumes/migodam's-external-brain/Research/Inv_SLAM/Gaussian/A17/CLOSURE_R1/remote_snapshots/noise_complete_v1/results/locked_noise_v1/object_2002/middle_noise300_rep2"", ""stop_reason"": ""ABSTAIN_UNRESOLVED""}",AUDITED_TERMINAL,
,,evaluation floor ONLY; not online acceptance tolerance,,True,,,improved,noise,,,"{""input"": ""frozen/cells.csv"", ""json_pointer"": null, ""row_index_zero_based"": 1, ""sha256"": ""96caff279881fc908cab7f1e1e6be34f8d5fcfc197a6a54c3d6b9317e1a51310""}",,,,FROZEN_MATERIAL_STEP_H_RISK,"{""evaluation_floor"": 1.0580006733835163e-18, ""final_H_step_error"": 0.0058325207402964915, ""final_full_gap"": 1.7009149092989337e-05, ""final_normalized_H_step_error"": 1.1908959638483834, ""receiver_H_step_error"": 0.010610295328613694, ""receiver_full_gap"": 5.6289183480194785e-05, ""receiver_normalized_H_step_error"": 2.1664317101842103, ""signed_full_gap_improvement"": 3.928003438720545e-05}",,,a17_closure_locked_noise_v1_2002_1db259627047431788c4148bd07e5d60,,,True,"{""k"": ""8"", ""mode"": ""noise"", ""noise_basis_points"": ""100"", ""object_id"": ""2002"", ""phase"": ""middle"", ""realization_index"": ""0""}",,,"{""input"": ""frozen/coverage.csv"", ""json_pointer"": null, ""row_index_zero_based"": 141, ""sha256"": ""c994c28d687aaafee0d5d4b1e01ceea95a313df6bbb856ff3ad003434ab89da6""}","{""accepted_moves"": ""3"", ""classification_scope"": ""evaluation floor ONLY; not online acceptance tolerance"", ""endpoint_sha256"": ""ba6911c17f92a87a156e30bacb4cd9c4c8d93a252e010d64028341953a2de1e7"", ""evaluation_classification"": ""improved"", ""evaluation_floor"": ""1.0580006733835163e-18"", ""final_H_step_error"": ""0.0058325207402964915"", ""final_full_gap"": ""1.7009149092989337e-05"", ""final_half_H_step_energy"": ""1.7009149092994365e-05"", ""final_nonlinear_status"": ""{\""reason\"": \""Separate owner bounded nonlinear transfer stage\"", \""status\"": \""NOT_RUN\""}"", ""final_normalized_H_step_error"": ""1.1908959638483834"", ""full_reference_H_energy"": ""2.398639255158819e-05"", ""k"": ""8"", ""mode"": ""noise"", ""noise_basis_points"": ""100"", ""object_id"": ""2002"", ""one_step_truth"": ""{\""constraints_violated\"": true, \""relative_material_error\"": 0.3343730632249543, \""scope\"": \""Offline unconstrained alpha1 diagnostic; not nonlinear accepted update\""}"", ""paired_attempt"": ""a17_closure_locked_noise_v1_2002_1db259627047431788c4148bd07e5d60"", ""phase"": ""middle"", ""realization_index"": ""0"", ""receiver_H_step_error"": ""0.010610295328613694"", ""receiver_full_gap"": ""5.6289183480194785e-05"", ""receiver_half_H_step_energy"": ""5.628918348020078e-05"", ""receiver_normalized_H_step_error"": ""2.1664317101842103"", ""reference_relative_residual"": ""1.8040016381565097e-12"", ""result_sha256"": ""92c0e5ac729886c77b9b2d1c948f16fce22d53eaf5714dceff2a232ef997ad2d"", ""selected_ids"": ""[1, 4, 5, 6, 7, 65, 32, 34]"", ""signed_full_gap_improvement"": ""3.928003438720545e-05"", ""source_directory"": ""/Volumes/migodam's-external-brain/Research/Inv_SLAM/Gaussian/A17/CLOSURE_R1/remote_snapshots/noise_complete_v1/results/locked_noise_v1/object_2002/middle_noise100_rep0"", ""stop_reason"": ""MOVE_BUDGET_EXHAUSTED""}",AUDITED_TERMINAL,
,,evaluation floor ONLY; not online acceptance tolerance,,True,,,improved,noise,,,"{""input"": ""frozen/cells.csv"", ""json_pointer"": null, ""row_index_zero_based"": 4, ""sha256"": ""96caff279881fc908cab7f1e1e6be34f8d5fcfc197a6a54c3d6b9317e1a51310""}",,,,FROZEN_MATERIAL_STEP_H_RISK,"{""evaluation_floor"": 1.0437413657097553e-18, ""final_H_step_error"": 0.006199657298604751, ""final_full_gap"": 1.9217875310069718e-05, ""final_normalized_H_step_error"": 1.2746117517601079, ""receiver_H_step_error"": 0.010396633530961406, ""receiver_full_gap"": 5.404499438854522e-05, ""receiver_normalized_H_step_error"": 2.1374844832615048, ""signed_full_gap_improvement"": 3.48271190784755e-05}",,,a17_closure_locked_noise_v1_2002_1db259627047431788c4148bd07e5d60,,,True,"{""k"": ""8"", ""mode"": ""noise"", ""noise_basis_points"": ""100"", ""object_id"": ""2002"", ""phase"": ""middle"", ""realization_index"": ""1""}",,,"{""input"": ""frozen/coverage.csv"", ""json_pointer"": null, ""row_index_zero_based"": 142, ""sha256"": ""c994c28d687aaafee0d5d4b1e01ceea95a313df6bbb856ff3ad003434ab89da6""}","{""accepted_moves"": ""3"", ""classification_scope"": ""evaluation floor ONLY; not online acceptance tolerance"", ""endpoint_sha256"": ""9c967d1133a983e61213900d7d0c8e60b8da315adffabe12c547b9adda5584a0"", ""evaluation_classification"": ""improved"", ""evaluation_floor"": ""1.0437413657097553e-18"", ""final_H_step_error"": ""0.006199657298604751"", ""final_full_gap"": ""1.9217875310069718e-05"", ""final_half_H_step_energy"": ""1.921787531007158e-05"", ""final_nonlinear_status"": ""{\""reason\"": \""Separate owner bounded nonlinear transfer stage\"", \""status\"": \""NOT_RUN\""}"", ""final_normalized_H_step_error"": ""1.2746117517601079"", ""full_reference_H_energy"": ""2.3658081867617126e-05"", ""k"": ""8"", ""mode"": ""noise"", ""noise_basis_points"": ""100"", ""object_id"": ""2002"", ""one_step_truth"": ""{\""constraints_violated\"": true, \""relative_material_error\"": 0.3348996476185155, \""scope\"": \""Offline unconstrained alpha1 diagnostic; not nonlinear accepted update\""}"", ""paired_attempt"": ""a17_closure_locked_noise_v1_2002_1db259627047431788c4148bd07e5d60"", ""phase"": ""middle"", ""realization_index"": ""1"", ""receiver_H_step_error"": ""0.010396633530961406"", ""receiver_full_gap"": ""5.404499438854522e-05"", ""receiver_half_H_step_energy"": ""5.4044994388555506e-05"", ""receiver_normalized_H_step_error"": ""2.1374844832615048"", ""reference_relative_residual"": ""5.31148745924725e-12"", ""result_sha256"": ""d79831b501a488267ea405465f361ca7689311636a4378fe89782591542a96e6"", ""selected_ids"": ""[0, 3, 4, 6, 7, 65, 128, 33]"", ""signed_full_gap_improvement"": ""3.48271190784755e-05"", ""source_directory"": ""/Volumes/migodam's-external-brain/Research/Inv_SLAM/Gaussian/A17/CLOSURE_R1/remote_snapshots/noise_complete_v1/results/locked_noise_v1/object_2002/middle_noise100_rep1"", ""stop_reason"": ""MOVE_BUDGET_EXHAUSTED""}",AUDITED_TERMINAL,
,,evaluation floor ONLY; not online acceptance tolerance,,True,,,improved,noise,,,"{""input"": ""frozen/cells.csv"", ""json_pointer"": null, ""row_index_zero_based"": 7, ""sha256"": ""96caff279881fc908cab7f1e1e6be34f8d5fcfc197a6a54c3d6b9317e1a51310""}",,,,FROZEN_MATERIAL_STEP_H_RISK,"{""evaluation_floor"": 9.831688099368426e-19, ""final_H_step_error"": 0.005670649127024859, ""final_full_gap"": 1.607813076091782e-05, ""final_normalized_H_step_error"": 1.2412365761385433, ""receiver_H_step_error"": 0.009566704410312467, ""receiver_full_gap"": 4.5760916637157226e-05, ""receiver_normalized_H_step_error"": 2.094036002085673, ""signed_full_gap_improvement"": 2.9682785876239404e-05}",,,a17_closure_locked_noise_v1_2002_1db259627047431788c4148bd07e5d60,,,True,"{""k"": ""8"", ""mode"": ""noise"", ""noise_basis_points"": ""100"", ""object_id"": ""2002"", ""phase"": ""middle"", ""realization_index"": ""2""}",,,"{""input"": ""frozen/coverage.csv"", ""json_pointer"": null, ""row_index_zero_based"": 143, ""sha256"": ""c994c28d687aaafee0d5d4b1e01ceea95a313df6bbb856ff3ad003434ab89da6""}","{""accepted_moves"": ""2"", ""classification_scope"": ""evaluation floor ONLY; not online acceptance tolerance"", ""endpoint_sha256"": ""3d7b55819e07dbd482f59e1576c267e98ab7e7c63d10966eef536656335bbb1a"", ""evaluation_classification"": ""improved"", ""evaluation_floor"": ""9.831688099368426e-19"", ""final_H_step_error"": ""0.005670649127024859"", ""final_full_gap"": ""1.607813076091782e-05"", ""final_half_H_step_energy"": ""1.6078130760913898e-05"", ""final_nonlinear_status"": ""{\""reason\"": \""Separate owner bounded nonlinear transfer stage\"", \""status\"": \""NOT_RUN\""}"", ""final_normalized_H_step_error"": ""1.2412365761385433"", ""full_reference_H_energy"": ""2.0871632665535494e-05"", ""k"": ""8"", ""mode"": ""noise"", ""noise_basis_points"": ""100"", ""object_id"": ""2002"", ""one_step_truth"": ""{\""constraints_violated\"": true, \""relative_material_error\"": 0.33532547292301246, \""scope\"": \""Offline unconstrained alpha1 diagnostic; not nonlinear accepted update\""}"", ""paired_attempt"": ""a17_closure_locked_noise_v1_2002_1db259627047431788c4148bd07e5d60"", ""phase"": ""middle"", ""realization_index"": ""2"", ""receiver_H_step_error"": ""0.009566704410312467"", ""receiver_full_gap"": ""4.5760916637157226e-05"", ""receiver_half_H_step_energy"": ""4.5760916637146004e-05"", ""receiver_normalized_H_step_error"": ""2.094036002085673"", ""reference_relative_residual"": ""3.889320696368013e-12"", ""result_sha256"": ""2d250e29a70f861f332dc98aaf5029e83278a464327937865992a48cb5147d58"", ""selected_ids"": ""[0, 1, 3, 4, 5, 6, 65, 8]"", ""signed_full_gap_improvement"": ""2.9682785876239404e-05"", ""source_directory"": ""/Volumes/migodam's-external-brain/Research/Inv_SLAM/Gaussian/A17/CLOSURE_R1/remote_snapshots/noise_complete_v1/results/locked_noise_v1/object_2002/middle_noise100_rep2"", ""stop_reason"": ""ABSTAIN_UNRESOLVED""}",AUDITED_TERMINAL,
,,evaluation floor ONLY; not online acceptance tolerance,,True,,,improved,noise,,,"{""input"": ""frozen/cells.csv"", ""json_pointer"": null, ""row_index_zero_based"": 10, ""sha256"": ""96caff279881fc908cab7f1e1e6be34f8d5fcfc197a6a54c3d6b9317e1a51310""}",,,,FROZEN_MATERIAL_STEP_H_RISK,"{""evaluation_floor"": 6.6744325028273815e-18, ""final_H_step_error"": 0.008188322120617837, ""final_full_gap"": 3.3524309575553255e-05, ""final_normalized_H_step_error"": 1.0775452382344564, ""receiver_H_step_error"": 0.011590017938556482, ""receiver_full_gap"": 6.716425790814578e-05, ""receiver_normalized_H_step_error"": 1.5251926410292647, ""signed_full_gap_improvement"": 3.363994833259252e-05}",,,a17_closure_locked_noise_v1_2002_1db259627047431788c4148bd07e5d60,,,True,"{""k"": ""8"", ""mode"": ""noise"", ""noise_basis_points"": ""300"", ""object_id"": ""2002"", ""phase"": ""middle"", ""realization_index"": ""0""}",,,"{""input"": ""frozen/coverage.csv"", ""json_pointer"": null, ""row_index_zero_based"": 144, ""sha256"": ""c994c28d687aaafee0d5d4b1e01ceea95a313df6bbb856ff3ad003434ab89da6""}","{""accepted_moves"": ""3"", ""classification_scope"": ""evaluation floor ONLY; not online acceptance tolerance"", ""endpoint_sha256"": ""9fcbba665ba51061efbd5a1c23d28480ba03cba7d6ec746a5758ab8758b578ea"", ""evaluation_classification"": ""improved"", ""evaluation_floor"": ""6.6744325028273815e-18"", ""final_H_step_error"": ""0.008188322120617837"", ""final_full_gap"": ""3.3524309575553255e-05"", ""final_half_H_step_energy"": ""3.3524309575499695e-05"", ""final_nonlinear_status"": ""{\""reason\"": \""Separate owner bounded nonlinear transfer stage\"", \""status\"": \""NOT_RUN\""}"", ""final_normalized_H_step_error"": ""1.0775452382344564"", ""full_reference_H_energy"": ""5.7745588801126586e-05"", ""k"": ""8"", ""mode"": ""noise"", ""noise_basis_points"": ""300"", ""object_id"": ""2002"", ""one_step_truth"": ""{\""constraints_violated\"": true, \""relative_material_error\"": 0.349926286652013, \""scope\"": \""Offline unconstrained alpha1 diagnostic; not nonlinear accepted update\""}"", ""paired_attempt"": ""a17_closure_locked_noise_v1_2002_1db259627047431788c4148bd07e5d60"", ""phase"": ""middle"", ""realization_index"": ""0"", ""receiver_H_step_error"": ""0.011590017938556482"", ""receiver_full_gap"": ""6.716425790814578e-05"", ""receiver_half_H_step_energy"": ""6.716425790803053e-05"", ""receiver_normalized_H_step_error"": ""1.5251926410292647"", ""reference_relative_residual"": ""3.227792113383584e-12"", ""result_sha256"": ""a2dbe27b132aaf6b3cd7e994b5e11ae70524626030b5df05f291acf86c6e6645"", ""selected_ids"": ""[0, 2, 3, 4, 6, 65, 64, 96]"", ""signed_full_gap_improvement"": ""3.363994833259252e-05"", ""source_directory"": ""/Volumes/migodam's-external-brain/Research/Inv_SLAM/Gaussian/A17/CLOSURE_R1/remote_snapshots/noise_complete_v1/results/locked_noise_v1/object_2002/middle_noise300_rep0"", ""stop_reason"": ""MOVE_BUDGET_EXHAUSTED""}",AUDITED_TERMINAL,
,,evaluation floor ONLY; not online acceptance tolerance,,True,,,improved,noise,,,"{""input"": ""frozen/cells.csv"", ""json_pointer"": null, ""row_index_zero_based"": 13, ""sha256"": ""96caff279881fc908cab7f1e1e6be34f8d5fcfc197a6a54c3d6b9317e1a51310""}",,,,FROZEN_MATERIAL_STEP_H_RISK,"{""evaluation_floor"": 6.8299836330984595e-18, ""final_H_step_error"": 0.00873577614177264, ""final_full_gap"": 3.815689239957318e-05, ""final_normalized_H_step_error"": 1.1047157223839403, ""receiver_H_step_error"": 0.01366233666499761, ""receiver_full_gap"": 9.33297215738859e-05, ""receiver_normalized_H_step_error"": 1.7277226285772014, ""signed_full_gap_improvement"": 5.517282917431272e-05}",,,a17_closure_locked_noise_v1_2002_1db259627047431788c4148bd07e5d60,,,True,"{""k"": ""8"", ""mode"": ""noise"", ""noise_basis_points"": ""300"", ""object_id"": ""2002"", ""phase"": ""middle"", ""realization_index"": ""1""}",,,"{""input"": ""frozen/coverage.csv"", ""json_pointer"": null, ""row_index_zero_based"": 145, ""sha256"": ""c994c28d687aaafee0d5d4b1e01ceea95a313df6bbb856ff3ad003434ab89da6""}","{""accepted_moves"": ""3"", ""classification_scope"": ""evaluation floor ONLY; not online acceptance tolerance"", ""endpoint_sha256"": ""663bab6077cec6cb002d730161738df212984889e5c2897ab0bf1a43c6ec335c"", ""evaluation_classification"": ""improved"", ""evaluation_floor"": ""6.8299836330984595e-18"", ""final_H_step_error"": ""0.00873577614177264"", ""final_full_gap"": ""3.815689239957318e-05"", ""final_half_H_step_energy"": ""3.815689239958204e-05"", ""final_nonlinear_status"": ""{\""reason\"": \""Separate owner bounded nonlinear transfer stage\"", \""status\"": \""NOT_RUN\""}"", ""final_normalized_H_step_error"": ""1.1047157223839403"", ""full_reference_H_energy"": ""6.253194296572283e-05"", ""k"": ""8"", ""mode"": ""noise"", ""noise_basis_points"": ""300"", ""object_id"": ""2002"", ""one_step_truth"": ""{\""constraints_violated\"": true, \""relative_material_error\"": 0.33526220477371155, \""scope\"": \""Offline unconstrained alpha1 diagnostic; not nonlinear accepted update\""}"", ""paired_attempt"": ""a17_closure_locked_noise_v1_2002_1db259627047431788c4148bd07e5d60"", ""phase"": ""middle"", ""realization_index"": ""1"", ""receiver_H_step_error"": ""0.01366233666499761"", ""receiver_full_gap"": ""9.33297215738859e-05"", ""receiver_half_H_step_energy"": ""9.3329721573869e-05"", ""receiver_normalized_H_step_error"": ""1.7277226285772014"", ""reference_relative_residual"": ""5.228896479906024e-12"", ""result_sha256"": ""0254267ab4cbce9be18d603c39cc84a6bf5dea380d310911e11e94fea92ab070"", ""selected_ids"": ""[3, 4, 5, 6, 7, 65, 96, 32]"", ""signed_full_gap_improvement"": ""5.517282917431272e-05"", ""source_directory"": ""/Volumes/migodam's-external-brain/Research/Inv_SLAM/Gaussian/A17/CLOSURE_R1/remote_snapshots/noise_complete_v1/results/locked_noise_v1/object_2002/middle_noise300_rep1"", ""stop_reason"": ""MOVE_BUDGET_EXHAUSTED""}",AUDITED_TERMINAL,
,,evaluation floor ONLY; not online acceptance tolerance,,True,,,improved,noise,,,"{""input"": ""frozen/cells.csv"", ""json_pointer"": null, ""row_index_zero_based"": 16, ""sha256"": ""96caff279881fc908cab7f1e1e6be34f8d5fcfc197a6a54c3d6b9317e1a51310""}",,,,FROZEN_MATERIAL_STEP_H_RISK,"{""evaluation_floor"": 6.778311089079671e-18, ""final_H_step_error"": 0.008044027105250817, ""final_full_gap"": 3.2353186034989124e-05, ""final_normalized_H_step_error"": 0.9793156662814115, ""receiver_H_step_error"": 0.012211649126418119, ""receiver_full_gap"": 7.45621871933957e-05, ""receiver_normalized_H_step_error"": 1.4867005225313803, ""signed_full_gap_improvement"": 4.220900115840657e-05}",,,a17_closure_locked_noise_v1_2002_1db259627047431788c4148bd07e5d60,,,True,"{""k"": ""8"", ""mode"": ""noise"", ""noise_basis_points"": ""300"", ""object_id"": ""2002"", ""phase"": ""middle"", ""realization_index"": ""2""}",,,"{""input"": ""frozen/coverage.csv"", ""json_pointer"": null, ""row_index_zero_based"": 146, ""sha256"": ""c994c28d687aaafee0d5d4b1e01ceea95a313df6bbb856ff3ad003434ab89da6""}","{""accepted_moves"": ""3"", ""classification_scope"": ""evaluation floor ONLY; not online acceptance tolerance"", ""endpoint_sha256"": ""2695fb701bcc4cc03f77a4000e0e8aaa9070ffe05c206b9e0e25b81be837cab7"", ""evaluation_classification"": ""improved"", ""evaluation_floor"": ""6.778311089079671e-18"", ""final_H_step_error"": ""0.008044027105250817"", ""final_full_gap"": ""3.2353186034989124e-05"", ""final_half_H_step_energy"": ""3.235318603500492e-05"", ""final_nonlinear_status"": ""{\""reason\"": \""Separate owner bounded nonlinear transfer stage\"", \""status\"": \""NOT_RUN\""}"", ""final_normalized_H_step_error"": ""0.9793156662814115"", ""full_reference_H_energy"": ""6.746859193787666e-05"", ""k"": ""8"", ""mode"": ""noise"", ""noise_basis_points"": ""300"", ""object_id"": ""2002"", ""one_step_truth"": ""{\""constraints_violated\"": true, \""relative_material_error\"": 0.33839956041474684, \""scope\"": \""Offline unconstrained alpha1 diagnostic; not nonlinear accepted update\""}"", ""paired_attempt"": ""a17_closure_locked_noise_v1_2002_1db259627047431788c4148bd07e5d60"", ""phase"": ""middle"", ""realization_index"": ""2"", ""receiver_H_step_error"": ""0.012211649126418119"", ""receiver_full_gap"": ""7.45621871933957e-05"", ""receiver_half_H_step_energy"": ""7.45621871933742e-05"", ""receiver_normalized_H_step_error"": ""1.4867005225313803"", ""reference_relative_residual"": ""4.847020033346535e-12"", ""result_sha256"": ""245b22b808f0c89bd4f896f6b99207146a3eb98c750d85add612e9c762be5b17"", ""selected_ids"": ""[2, 3, 4, 6, 7, 64, 66, 129]"", ""signed_full_gap_improvement"": ""4.220900115840657e-05"", ""source_directory"": ""/Volumes/migodam's-external-brain/Research/Inv_SLAM/Gaussian/A17/CLOSURE_R1/remote_snapshots/noise_complete_v1/results/locked_noise_v1/object_2002/middle_noise300_rep2"", ""stop_reason"": ""MOVE_BUDGET_EXHAUSTED""}",AUDITED_TERMINAL,
,,evaluation floor ONLY; not online acceptance tolerance,,True,,,improved,noise,,,"{""input"": ""frozen/cells.csv"", ""json_pointer"": null, ""row_index_zero_based"": 2, ""sha256"": ""96caff279881fc908cab7f1e1e6be34f8d5fcfc197a6a54c3d6b9317e1a51310""}",,,,FROZEN_MATERIAL_STEP_H_RISK,"{""evaluation_floor"": 1.0580006733835163e-18, ""final_H_step_error"": 0.0030967689189000734, ""final_full_gap"": 4.794988868532985e-06, ""final_normalized_H_step_error"": 0.6323045850500905, ""receiver_H_step_error"": 0.003988282429366488, ""receiver_full_gap"": 7.953198368199272e-06, ""receiver_normalized_H_step_error"": 0.8143356293626369, ""signed_full_gap_improvement"": 3.1582094996662875e-06}",,,a17_closure_locked_noise_v1_2002_1db259627047431788c4148bd07e5d60,,,True,"{""k"": ""16"", ""mode"": ""noise"", ""noise_basis_points"": ""100"", ""object_id"": ""2002"", ""phase"": ""middle"", ""realization_index"": ""0""}",,,"{""input"": ""frozen/coverage.csv"", ""json_pointer"": null, ""row_index_zero_based"": 147, ""sha256"": ""c994c28d687aaafee0d5d4b1e01ceea95a313df6bbb856ff3ad003434ab89da6""}","{""accepted_moves"": ""3"", ""classification_scope"": ""evaluation floor ONLY; not online acceptance tolerance"", ""endpoint_sha256"": ""1542c37c1367bd8345ad90ca1871f69be3bd2abba351bfca0a1c0b70b8d3dd90"", ""evaluation_classification"": ""improved"", ""evaluation_floor"": ""1.0580006733835163e-18"", ""final_H_step_error"": ""0.0030967689189000734"", ""final_full_gap"": ""4.794988868532985e-06"", ""final_half_H_step_energy"": ""4.794988868532765e-06"", ""final_nonlinear_status"": ""{\""reason\"": \""Separate owner bounded nonlinear transfer stage\"", \""status\"": \""NOT_RUN\""}"", ""final_normalized_H_step_error"": ""0.6323045850500905"", ""full_reference_H_energy"": ""2.398639255158819e-05"", ""k"": ""16"", ""mode"": ""noise"", ""noise_basis_points"": ""100"", ""object_id"": ""2002"", ""one_step_truth"": ""{\""constraints_violated\"": true, \""relative_material_error\"": 0.32264023207297, \""scope\"": \""Offline unconstrained alpha1 diagnostic; not nonlinear accepted update\""}"", ""paired_attempt"": ""a17_closure_locked_noise_v1_2002_1db259627047431788c4148bd07e5d60"", ""phase"": ""middle"", ""realization_index"": ""0"", ""receiver_H_step_error"": ""0.003988282429366488"", ""receiver_full_gap"": ""7.953198368199272e-06"", ""receiver_half_H_step_energy"": ""7.953198368196728e-06"", ""receiver_normalized_H_step_error"": ""0.8143356293626369"", ""reference_relative_residual"": ""1.8040016381565097e-12"", ""result_sha256"": ""92c0e5ac729886c77b9b2d1c948f16fce22d53eaf5714dceff2a232ef997ad2d"", ""selected_ids"": ""[0, 1, 3, 4, 5, 6, 8, 9, 10, 11, 12, 13, 15, 17, 128, 129]"", ""signed_full_gap_improvement"": ""3.1582094996662875e-06"", ""source_directory"": ""/Volumes/migodam's-external-brain/Research/Inv_SLAM/Gaussian/A17/CLOSURE_R1/remote_snapshots/noise_complete_v1/results/locked_noise_v1/object_2002/middle_noise100_rep0"", ""stop_reason"": ""MOVE_BUDGET_EXHAUSTED""}",AUDITED_TERMINAL,
,,evaluation floor ONLY; not online acceptance tolerance,,True,,,improved,noise,,,"{""input"": ""frozen/cells.csv"", ""json_pointer"": null, ""row_index_zero_based"": 5, ""sha256"": ""96caff279881fc908cab7f1e1e6be34f8d5fcfc197a6a54c3d6b9317e1a51310""}",,,,FROZEN_MATERIAL_STEP_H_RISK,"{""evaluation_floor"": 1.0437413657097553e-18, ""final_H_step_error"": 0.0032212099335551057, ""final_full_gap"": 5.188096718011639e-06, ""final_normalized_H_step_error"": 0.6622611280658616, ""receiver_H_step_error"": 0.003871193648960803, ""receiver_full_gap"": 7.4930701338724815e-06, ""receiver_normalized_H_step_error"": 0.7958938181010431, ""signed_full_gap_improvement"": 2.3049734158608427e-06}",,,a17_closure_locked_noise_v1_2002_1db259627047431788c4148bd07e5d60,,,True,"{""k"": ""16"", ""mode"": ""noise"", ""noise_basis_points"": ""100"", ""object_id"": ""2002"", ""phase"": ""middle"", ""realization_index"": ""1""}",,,"{""input"": ""frozen/coverage.csv"", ""json_pointer"": null, ""row_index_zero_based"": 148, ""sha256"": ""c994c28d687aaafee0d5d4b1e01ceea95a313df6bbb856ff3ad003434ab89da6""}","{""accepted_moves"": ""1"", ""classification_scope"": ""evaluation floor ONLY; not online acceptance tolerance"", ""endpoint_sha256"": ""15655ac3f891033603324c9b00c0d90b5d099650bb1f26ebfcaeec6ba7e1e1ac"", ""evaluation_classification"": ""improved"", ""evaluation_floor"": ""1.0437413657097553e-18"", ""final_H_step_error"": ""0.0032212099335551057"", ""final_full_gap"": ""5.188096718011639e-06"", ""final_half_H_step_energy"": ""5.188096718017044e-06"", ""final_nonlinear_status"": ""{\""reason\"": \""Separate owner bounded nonlinear transfer stage\"", \""status\"": \""NOT_RUN\""}"", ""final_normalized_H_step_error"": ""0.6622611280658616"", ""full_reference_H_energy"": ""2.3658081867617126e-05"", ""k"": ""16"", ""mode"": ""noise"", ""noise_basis_points"": ""100"", ""object_id"": ""2002"", ""one_step_truth"": ""{\""constraints_violated\"": true, \""relative_material_error\"": 0.32100357545946767, \""scope\"": \""Offline unconstrained alpha1 diagnostic; not nonlinear accepted update\""}"", ""paired_attempt"": ""a17_closure_locked_noise_v1_2002_1db259627047431788c4148bd07e5d60"", ""phase"": ""middle"", ""realization_index"": ""1"", ""receiver_H_step_error"": ""0.003871193648960803"", ""receiver_full_gap"": ""7.4930701338724815e-06"", ""receiver_half_H_step_energy"": ""7.493070133877227e-06"", ""receiver_normalized_H_step_error"": ""0.7958938181010431"", ""reference_relative_residual"": ""5.31148745924725e-12"", ""result_sha256"": ""d79831b501a488267ea405465f361ca7689311636a4378fe89782591542a96e6"", ""selected_ids"": ""[0, 1, 2, 3, 4, 5, 6, 7, 8, 9, 11, 12, 13, 14, 15, 96]"", ""signed_full_gap_improvement"": ""2.3049734158608427e-06"", ""source_directory"": ""/Volumes/migodam's-external-brain/Research/Inv_SLAM/Gaussian/A17/CLOSURE_R1/remote_snapshots/noise_complete_v1/results/locked_noise_v1/object_2002/middle_noise100_rep1"", ""stop_reason"": ""ABSTAIN_UNRESOLVED""}",AUDITED_TERMINAL,
,,evaluation floor ONLY; not online acceptance tolerance,,True,,,improved,noise,,,"{""input"": ""frozen/cells.csv"", ""json_pointer"": null, ""row_index_zero_based"": 8, ""sha256"": ""96caff279881fc908cab7f1e1e6be34f8d5fcfc197a6a54c3d6b9317e1a51310""}",,,,FROZEN_MATERIAL_STEP_H_RISK,"{""evaluation_floor"": 9.831688099368426e-19, ""final_H_step_error"": 0.0025889599318508587, ""final_full_gap"": 3.351356764361238e-06, ""final_normalized_H_step_error"": 0.5666920469925857, ""receiver_H_step_error"": 0.003285521510026419, ""receiver_full_gap"": 5.397325796421407e-06, ""receiver_normalized_H_step_error"": 0.7191609599859574, ""signed_full_gap_improvement"": 2.0459690320601693e-06}",,,a17_closure_locked_noise_v1_2002_1db259627047431788c4148bd07e5d60,,,True,"{""k"": ""16"", ""mode"": ""noise"", ""noise_basis_points"": ""100"", ""object_id"": ""2002"", ""phase"": ""middle"", ""realization_index"": ""2""}",,,"{""input"": ""frozen/coverage.csv"", ""json_pointer"": null, ""row_index_zero_based"": 149, ""sha256"": ""c994c28d687aaafee0d5d4b1e01ceea95a313df6bbb856ff3ad003434ab89da6""}","{""accepted_moves"": ""3"", ""classification_scope"": ""evaluation floor ONLY; not online acceptance tolerance"", ""endpoint_sha256"": ""b53bcaa37d1f9b84f9577fa99ba2b02f0f0a44c5fa9dd6d570a77feb5d7e407e"", ""evaluation_classification"": ""improved"", ""evaluation_floor"": ""9.831688099368426e-19"", ""final_H_step_error"": ""0.0025889599318508587"", ""final_full_gap"": ""3.351356764361238e-06"", ""final_half_H_step_energy"": ""3.351356764364601e-06"", ""final_nonlinear_status"": ""{\""reason\"": \""Separate owner bounded nonlinear transfer stage\"", \""status\"": \""NOT_RUN\""}"", ""final_normalized_H_step_error"": ""0.5666920469925857"", ""full_reference_H_energy"": ""2.0871632665535494e-05"", ""k"": ""16"", ""mode"": ""noise"", ""noise_basis_points"": ""100"", ""object_id"": ""2002"", ""one_step_truth"": ""{\""constraints_violated\"": true, \""relative_material_error\"": 0.31954085073684685, \""scope\"": \""Offline unconstrained alpha1 diagnostic; not nonlinear accepted update\""}"", ""paired_attempt"": ""a17_closure_locked_noise_v1_2002_1db259627047431788c4148bd07e5d60"", ""phase"": ""middle"", ""realization_index"": ""2"", ""receiver_H_step_error"": ""0.003285521510026419"", ""receiver_full_gap"": ""5.397325796421407e-06"", ""receiver_half_H_step_energy"": ""5.39732579642314e-06"", ""receiver_normalized_H_step_error"": ""0.7191609599859574"", ""reference_relative_residual"": ""3.889320696368013e-12"", ""result_sha256"": ""2d250e29a70f861f332dc98aaf5029e83278a464327937865992a48cb5147d58"", ""selected_ids"": ""[1, 2, 3, 4, 5, 6, 7, 8, 9, 11, 12, 13, 14, 96, 129, 97]"", ""signed_full_gap_improvement"": ""2.0459690320601693e-06"", ""source_directory"": ""/Volumes/migodam's-external-brain/Research/Inv_SLAM/Gaussian/A17/CLOSURE_R1/remote_snapshots/noise_complete_v1/results/locked_noise_v1/object_2002/middle_noise100_rep2"", ""stop_reason"": ""MOVE_BUDGET_EXHAUSTED""}",AUDITED_TERMINAL,
,,evaluation floor ONLY; not online acceptance tolerance,,True,,,improved,noise,,,"{""input"": ""frozen/cells.csv"", ""json_pointer"": null, ""row_index_zero_based"": 11, ""sha256"": ""96caff279881fc908cab7f1e1e6be34f8d5fcfc197a6a54c3d6b9317e1a51310""}",,,,FROZEN_MATERIAL_STEP_H_RISK,"{""evaluation_floor"": 6.6744325028273815e-18, ""final_H_step_error"": 0.0047053439552962985, ""final_full_gap"": 1.1070130868856849e-05, ""final_normalized_H_step_error"": 0.6192014552674003, ""receiver_H_step_error"": 0.005087968505509172, ""receiver_full_gap"": 1.2943711756578398e-05, ""receiver_normalized_H_step_error"": 0.6695530726122212, ""signed_full_gap_improvement"": 1.8735808877215492e-06}",,,a17_closure_locked_noise_v1_2002_1db259627047431788c4148bd07e5d60,,,True,"{""k"": ""16"", ""mode"": ""noise"", ""noise_basis_points"": ""300"", ""object_id"": ""2002"", ""phase"": ""middle"", ""realization_index"": ""0""}",,,"{""input"": ""frozen/coverage.csv"", ""json_pointer"": null, ""row_index_zero_based"": 150, ""sha256"": ""c994c28d687aaafee0d5d4b1e01ceea95a313df6bbb856ff3ad003434ab89da6""}","{""accepted_moves"": ""3"", ""classification_scope"": ""evaluation floor ONLY; not online acceptance tolerance"", ""endpoint_sha256"": ""add5bc5cafed420fb686671f8f6663561e02a94b44eea57bc1de8e92365e17c1"", ""evaluation_classification"": ""improved"", ""evaluation_floor"": ""6.6744325028273815e-18"", ""final_H_step_error"": ""0.0047053439552962985"", ""final_full_gap"": ""1.1070130868856849e-05"", ""final_half_H_step_energy"": ""1.1070130868821709e-05"", ""final_nonlinear_status"": ""{\""reason\"": \""Separate owner bounded nonlinear transfer stage\"", \""status\"": \""NOT_RUN\""}"", ""final_normalized_H_step_error"": ""0.6192014552674003"", ""full_reference_H_energy"": ""5.7745588801126586e-05"", ""k"": ""16"", ""mode"": ""noise"", ""noise_basis_points"": ""300"", ""object_id"": ""2002"", ""one_step_truth"": ""{\""constraints_violated\"": true, \""relative_material_error\"": 0.3299950717006295, \""scope\"": \""Offline unconstrained alpha1 diagnostic; not nonlinear accepted update\""}"", ""paired_attempt"": ""a17_closure_locked_noise_v1_2002_1db259627047431788c4148bd07e5d60"", ""phase"": ""middle"", ""realization_index"": ""0"", ""receiver_H_step_error"": ""0.005087968505509172"", ""receiver_full_gap"": ""1.2943711756578398e-05"", ""receiver_half_H_step_energy"": ""1.2943711756526619e-05"", ""receiver_normalized_H_step_error"": ""0.6695530726122212"", ""reference_relative_residual"": ""3.227792113383584e-12"", ""result_sha256"": ""a2dbe27b132aaf6b3cd7e994b5e11ae70524626030b5df05f291acf86c6e6645"", ""selected_ids"": ""[0, 1, 2, 3, 4, 5, 6, 8, 9, 10, 11, 13, 14, 16, 96, 144]"", ""signed_full_gap_improvement"": ""1.8735808877215492e-06"", ""source_directory"": ""/Volumes/migodam's-external-brain/Research/Inv_SLAM/Gaussian/A17/CLOSURE_R1/remote_snapshots/noise_complete_v1/results/locked_noise_v1/object_2002/middle_noise300_rep0"", ""stop_reason"": ""MOVE_BUDGET_EXHAUSTED""}",AUDITED_TERMINAL,
,,evaluation floor ONLY; not online acceptance tolerance,,True,,,improved,noise,,,"{""input"": ""frozen/cells.csv"", ""json_pointer"": null, ""row_index_zero_based"": 14, ""sha256"": ""96caff279881fc908cab7f1e1e6be34f8d5fcfc197a6a54c3d6b9317e1a51310""}",,,,FROZEN_MATERIAL_STEP_H_RISK,"{""evaluation_floor"": 6.8299836330984595e-18, ""final_H_step_error"": 0.005703669195168161, ""final_full_gap"": 1.6265921143963685e-05, ""final_normalized_H_step_error"": 0.7212791322627292, ""receiver_H_step_error"": 0.00614940851550336, ""receiver_full_gap"": 1.8907612545290722e-05, ""receiver_normalized_H_step_error"": 0.7776467894997776, ""signed_full_gap_improvement"": 2.641691401327037e-06}",,,a17_closure_locked_noise_v1_2002_1db259627047431788c4148bd07e5d60,,,True,"{""k"": ""16"", ""mode"": ""noise"", ""noise_basis_points"": ""300"", ""object_id"": ""2002"", ""phase"": ""middle"", ""realization_index"": ""1""}",,,"{""input"": ""frozen/coverage.csv"", ""json_pointer"": null, ""row_index_zero_based"": 151, ""sha256"": ""c994c28d687aaafee0d5d4b1e01ceea95a313df6bbb856ff3ad003434ab89da6""}","{""accepted_moves"": ""3"", ""classification_scope"": ""evaluation floor ONLY; not online acceptance tolerance"", ""endpoint_sha256"": ""51029b01d917aedc0235e04faa2dd5bc7de51f578108bc381adfc4572da4960d"", ""evaluation_classification"": ""improved"", ""evaluation_floor"": ""6.8299836330984595e-18"", ""final_H_step_error"": ""0.005703669195168161"", ""final_full_gap"": ""1.6265921143963685e-05"", ""final_half_H_step_energy"": ""1.6265921143955106e-05"", ""final_nonlinear_status"": ""{\""reason\"": \""Separate owner bounded nonlinear transfer stage\"", \""status\"": \""NOT_RUN\""}"", ""final_normalized_H_step_error"": ""0.7212791322627292"", ""full_reference_H_energy"": ""6.253194296572283e-05"", ""k"": ""16"", ""mode"": ""noise"", ""noise_basis_points"": ""300"", ""object_id"": ""2002"", ""one_step_truth"": ""{\""constraints_violated\"": true, \""relative_material_error\"": 0.333366159372684, \""scope\"": \""Offline unconstrained alpha1 diagnostic; not nonlinear accepted update\""}"", ""paired_attempt"": ""a17_closure_locked_noise_v1_2002_1db259627047431788c4148bd07e5d60"", ""phase"": ""middle"", ""realization_index"": ""1"", ""receiver_H_step_error"": ""0.00614940851550336"", ""receiver_full_gap"": ""1.8907612545290722e-05"", ""receiver_half_H_step_energy"": ""1.8907612545272616e-05"", ""receiver_normalized_H_step_error"": ""0.7776467894997776"", ""reference_relative_residual"": ""5.228896479906024e-12"", ""result_sha256"": ""0254267ab4cbce9be18d603c39cc84a6bf5dea380d310911e11e94fea92ab070"", ""selected_ids"": ""[0, 1, 2, 3, 5, 6, 7, 8, 9, 11, 13, 14, 15, 17, 16, 129]"", ""signed_full_gap_improvement"": ""2.641691401327037e-06"", ""source_directory"": ""/Volumes/migodam's-external-brain/Research/Inv_SLAM/Gaussian/A17/CLOSURE_R1/remote_snapshots/noise_complete_v1/results/locked_noise_v1/object_2002/middle_noise300_rep1"", ""stop_reason"": ""MOVE_BUDGET_EXHAUSTED""}",AUDITED_TERMINAL,
,,evaluation floor ONLY; not online acceptance tolerance,,True,,,improved,noise,,,"{""input"": ""frozen/cells.csv"", ""json_pointer"": null, ""row_index_zero_based"": 17, ""sha256"": ""96caff279881fc908cab7f1e1e6be34f8d5fcfc197a6a54c3d6b9317e1a51310""}",,,,FROZEN_MATERIAL_STEP_H_RISK,"{""evaluation_floor"": 6.778311089079671e-18, ""final_H_step_error"": 0.005354699899434496, ""final_full_gap"": 1.4336405506530116e-05, ""final_normalized_H_step_error"": 0.6519050012062573, ""receiver_H_step_error"": 0.006156535430299582, ""receiver_full_gap"": 1.8951464252270472e-05, ""receiver_normalized_H_step_error"": 0.7495240279552685, ""signed_full_gap_improvement"": 4.615058745740356e-06}",,,a17_closure_locked_noise_v1_2002_1db259627047431788c4148bd07e5d60,,,True,"{""k"": ""16"", ""mode"": ""noise"", ""noise_basis_points"": ""300"", ""object_id"": ""2002"", ""phase"": ""middle"", ""realization_index"": ""2""}",,,"{""input"": ""frozen/coverage.csv"", ""json_pointer"": null, ""row_index_zero_based"": 152, ""sha256"": ""c994c28d687aaafee0d5d4b1e01ceea95a313df6bbb856ff3ad003434ab89da6""}","{""accepted_moves"": ""3"", ""classification_scope"": ""evaluation floor ONLY; not online acceptance tolerance"", ""endpoint_sha256"": ""77292722ee3c170d2d73e5d859dd607a4c6f19f6e2aef050faa8cb42456d59e9"", ""evaluation_classification"": ""improved"", ""evaluation_floor"": ""6.778311089079671e-18"", ""final_H_step_error"": ""0.005354699899434496"", ""final_full_gap"": ""1.4336405506530116e-05"", ""final_half_H_step_energy"": ""1.4336405506501898e-05"", ""final_nonlinear_status"": ""{\""reason\"": \""Separate owner bounded nonlinear transfer stage\"", \""status\"": \""NOT_RUN\""}"", ""final_normalized_H_step_error"": ""0.6519050012062573"", ""full_reference_H_energy"": ""6.746859193787666e-05"", ""k"": ""16"", ""mode"": ""noise"", ""noise_basis_points"": ""300"", ""object_id"": ""2002"", ""one_step_truth"": ""{\""constraints_violated\"": true, \""relative_material_error\"": 0.3361514040025649, \""scope\"": \""Offline unconstrained alpha1 diagnostic; not nonlinear accepted update\""}"", ""paired_attempt"": ""a17_closure_locked_noise_v1_2002_1db259627047431788c4148bd07e5d60"", ""phase"": ""middle"", ""realization_index"": ""2"", ""receiver_H_step_error"": ""0.006156535430299582"", ""receiver_full_gap"": ""1.8951464252270472e-05"", ""receiver_half_H_step_energy"": ""1.8951464252267026e-05"", ""receiver_normalized_H_step_error"": ""0.7495240279552685"", ""reference_relative_residual"": ""4.847020033346535e-12"", ""result_sha256"": ""245b22b808f0c89bd4f896f6b99207146a3eb98c750d85add612e9c762be5b17"", ""selected_ids"": ""[0, 1, 3, 4, 5, 6, 7, 8, 10, 12, 13, 14, 15, 17, 16, 33]"", ""signed_full_gap_improvement"": ""4.615058745740356e-06"", ""source_directory"": ""/Volumes/migodam's-external-brain/Research/Inv_SLAM/Gaussian/A17/CLOSURE_R1/remote_snapshots/noise_complete_v1/results/locked_noise_v1/object_2002/middle_noise300_rep2"", ""stop_reason"": ""MOVE_BUDGET_EXHAUSTED""}",AUDITED_TERMINAL,
,,evaluation floor ONLY; not online acceptance tolerance,,True,,,improved,noise,,,"{""input"": ""frozen/cells.csv"", ""json_pointer"": null, ""row_index_zero_based"": 18, ""sha256"": ""96caff279881fc908cab7f1e1e6be34f8d5fcfc197a6a54c3d6b9317e1a51310""}",,,,FROZEN_MATERIAL_STEP_H_RISK,"{""evaluation_floor"": 1.0263771127166266e-18, ""final_H_step_error"": 0.004632732430780387, ""final_full_gap"": 1.0731104887600408e-05, ""final_normalized_H_step_error"": 1.9787399280939617, ""receiver_H_step_error"": 0.023492057193070955, ""receiver_full_gap"": 0.00027593837558124393, ""receiver_normalized_H_step_error"": 10.033964243682014, ""signed_full_gap_improvement"": 0.00026520727069364355}",,,a17_closure_locked_noise_v1_2005_7b38aa98897c4b22aeb2c6de897fed36,,,True,"{""k"": ""4"", ""mode"": ""noise"", ""noise_basis_points"": ""100"", ""object_id"": ""2005"", ""phase"": ""middle"", ""realization_index"": ""0""}",,,"{""input"": ""frozen/coverage.csv"", ""json_pointer"": null, ""row_index_zero_based"": 153, ""sha256"": ""c994c28d687aaafee0d5d4b1e01ceea95a313df6bbb856ff3ad003434ab89da6""}","{""accepted_moves"": ""3"", ""classification_scope"": ""evaluation floor ONLY; not online acceptance tolerance"", ""endpoint_sha256"": ""2ae0fed51a6547b6171e3c7329193475f882b77d3ae31fbe578180c14acdac29"", ""evaluation_classification"": ""improved"", ""evaluation_floor"": ""1.0263771127166266e-18"", ""final_H_step_error"": ""0.004632732430780387"", ""final_full_gap"": ""1.0731104887600408e-05"", ""final_half_H_step_energy"": ""1.0731104887602175e-05"", ""final_nonlinear_status"": ""{\""reason\"": \""Separate owner bounded nonlinear transfer stage\"", \""status\"": \""NOT_RUN\""}"", ""final_normalized_H_step_error"": ""1.9787399280939617"", ""full_reference_H_energy"": ""5.48146948597447e-06"", ""k"": ""4"", ""mode"": ""noise"", ""noise_basis_points"": ""100"", ""object_id"": ""2005"", ""one_step_truth"": ""{\""constraints_violated\"": false, \""relative_material_error\"": 0.6797770181204775, \""scope\"": \""Offline unconstrained alpha1 diagnostic; not nonlinear accepted update\""}"", ""paired_attempt"": ""a17_closure_locked_noise_v1_2005_7b38aa98897c4b22aeb2c6de897fed36"", ""phase"": ""middle"", ""realization_index"": ""0"", ""receiver_H_step_error"": ""0.023492057193070955"", ""receiver_full_gap"": ""0.00027593837558124393"", ""receiver_half_H_step_energy"": ""0.0002759383755812584"", ""receiver_normalized_H_step_error"": ""10.033964243682014"", ""reference_relative_residual"": ""1.912596163916422e-12"", ""result_sha256"": ""5f9237db482ea3b103f55ca4a8f2d6e8f4b1f498c611b0775eb3527b0d497c7b"", ""selected_ids"": ""[3, 4, 5, 144]"", ""signed_full_gap_improvement"": ""0.00026520727069364355"", ""source_directory"": ""/Volumes/migodam's-external-brain/Research/Inv_SLAM/Gaussian/A17/CLOSURE_R1/remote_snapshots/noise_complete_v1/results/locked_noise_v1/object_2005/middle_noise100_rep0"", ""stop_reason"": ""MOVE_BUDGET_EXHAUSTED""}",AUDITED_TERMINAL,
,,evaluation floor ONLY; not online acceptance tolerance,,True,,,improved,noise,,,"{""input"": ""frozen/cells.csv"", ""json_pointer"": null, ""row_index_zero_based"": 21, ""sha256"": ""96caff279881fc908cab7f1e1e6be34f8d5fcfc197a6a54c3d6b9317e1a51310""}",,,,FROZEN_MATERIAL_STEP_H_RISK,"{""evaluation_floor"": 1.0271011667702665e-18, ""final_H_step_error"": 0.005482401914710673, ""final_full_gap"": 1.5028365377211552e-05, ""final_normalized_H_step_error"": 2.64464773463684, ""receiver_H_step_error"": 0.023323533787288783, ""receiver_full_gap"": 0.0002719936141634002, ""receiver_normalized_H_step_error"": 11.251004897829404, ""signed_full_gap_improvement"": 0.00025696524878618865}",,,a17_closure_locked_noise_v1_2005_7b38aa98897c4b22aeb2c6de897fed36,,,True,"{""k"": ""4"", ""mode"": ""noise"", ""noise_basis_points"": ""100"", ""object_id"": ""2005"", ""phase"": ""middle"", ""realization_index"": ""1""}",,,"{""input"": ""frozen/coverage.csv"", ""json_pointer"": null, ""row_index_zero_based"": 154, ""sha256"": ""c994c28d687aaafee0d5d4b1e01ceea95a313df6bbb856ff3ad003434ab89da6""}","{""accepted_moves"": ""3"", ""classification_scope"": ""evaluation floor ONLY; not online acceptance tolerance"", ""endpoint_sha256"": ""93e574ff466e409ba2ac38bef0fdad1db44215c6209019e05b38013fed682197"", ""evaluation_classification"": ""improved"", ""evaluation_floor"": ""1.0271011667702665e-18"", ""final_H_step_error"": ""0.005482401914710673"", ""final_full_gap"": ""1.5028365377211552e-05"", ""final_half_H_step_energy"": ""1.5028365377211626e-05"", ""final_nonlinear_status"": ""{\""reason\"": \""Separate owner bounded nonlinear transfer stage\"", \""status\"": \""NOT_RUN\""}"", ""final_normalized_H_step_error"": ""2.64464773463684"", ""full_reference_H_energy"": ""4.297402934063312e-06"", ""k"": ""4"", ""mode"": ""noise"", ""noise_basis_points"": ""100"", ""object_id"": ""2005"", ""one_step_truth"": ""{\""constraints_violated\"": false, \""relative_material_error\"": 0.6802668137204904, \""scope\"": \""Offline unconstrained alpha1 diagnostic; not nonlinear accepted update\""}"", ""paired_attempt"": ""a17_closure_locked_noise_v1_2005_7b38aa98897c4b22aeb2c6de897fed36"", ""phase"": ""middle"", ""realization_index"": ""1"", ""receiver_H_step_error"": ""0.023323533787288783"", ""receiver_full_gap"": ""0.0002719936141634002"", ""receiver_half_H_step_energy"": ""0.0002719936141634007"", ""receiver_normalized_H_step_error"": ""11.251004897829404"", ""reference_relative_residual"": ""1.0866636905878713e-12"", ""result_sha256"": ""8338c0ce9c68fca80383eb190735428688ff1b8a6c633c5937f979711224959e"", ""selected_ids"": ""[1, 4, 5, 128]"", ""signed_full_gap_improvement"": ""0.00025696524878618865"", ""source_directory"": ""/Volumes/migodam's-external-brain/Research/Inv_SLAM/Gaussian/A17/CLOSURE_R1/remote_snapshots/noise_complete_v1/results/locked_noise_v1/object_2005/middle_noise100_rep1"", ""stop_reason"": ""MOVE_BUDGET_EXHAUSTED""}",AUDITED_TERMINAL,
,,evaluation floor ONLY; not online acceptance tolerance,,True,,,improved,noise,,,"{""input"": ""frozen/cells.csv"", ""json_pointer"": null, ""row_index_zero_based"": 24, ""sha256"": ""96caff279881fc908cab7f1e1e6be34f8d5fcfc197a6a54c3d6b9317e1a51310""}",,,,FROZEN_MATERIAL_STEP_H_RISK,"{""evaluation_floor"": 1.0229379657775903e-18, ""final_H_step_error"": 0.0055855771754745095, ""final_full_gap"": 1.559933619159292e-05, ""final_normalized_H_step_error"": 2.1969013832031954, ""receiver_H_step_error"": 0.022201985260858256, ""receiver_full_gap"": 0.0002464640747616891, ""receiver_normalized_H_step_error"": 8.732413964953022, ""signed_full_gap_improvement"": 0.00023086473857009617}",,,a17_closure_locked_noise_v1_2005_7b38aa98897c4b22aeb2c6de897fed36,,,True,"{""k"": ""4"", ""mode"": ""noise"", ""noise_basis_points"": ""100"", ""object_id"": ""2005"", ""phase"": ""middle"", ""realization_index"": ""2""}",,,"{""input"": ""frozen/coverage.csv"", ""json_pointer"": null, ""row_index_zero_based"": 155, ""sha256"": ""c994c28d687aaafee0d5d4b1e01ceea95a313df6bbb856ff3ad003434ab89da6""}","{""accepted_moves"": ""2"", ""classification_scope"": ""evaluation floor ONLY; not online acceptance tolerance"", ""endpoint_sha256"": ""20ddda88e82af8a09ac8ab16a01ef039fec8a07a65195580b31da29cbd4042d2"", ""evaluation_classification"": ""improved"", ""evaluation_floor"": ""1.0229379657775903e-18"", ""final_H_step_error"": ""0.0055855771754745095"", ""final_full_gap"": ""1.559933619159292e-05"", ""final_half_H_step_energy"": ""1.55993361915909e-05"", ""final_nonlinear_status"": ""{\""reason\"": \""Separate owner bounded nonlinear transfer stage\"", \""status\"": \""NOT_RUN\""}"", ""final_normalized_H_step_error"": ""2.1969013832031954"", ""full_reference_H_energy"": ""6.464203038286954e-06"", ""k"": ""4"", ""mode"": ""noise"", ""noise_basis_points"": ""100"", ""object_id"": ""2005"", ""one_step_truth"": ""{\""constraints_violated\"": false, \""relative_material_error\"": 0.6719645443728031, \""scope\"": \""Offline unconstrained alpha1 diagnostic; not nonlinear accepted update\""}"", ""paired_attempt"": ""a17_closure_locked_noise_v1_2005_7b38aa98897c4b22aeb2c6de897fed36"", ""phase"": ""middle"", ""realization_index"": ""2"", ""receiver_H_step_error"": ""0.022201985260858256"", ""receiver_full_gap"": ""0.0002464640747616891"", ""receiver_half_H_step_energy"": ""0.0002464640747616836"", ""receiver_normalized_H_step_error"": ""8.732413964953022"", ""reference_relative_residual"": ""1.929339196066874e-12"", ""result_sha256"": ""475c7cceeb65d9e5c534ab5d7541c24430b0a73d96107ffc8742349ee6edd8b0"", ""selected_ids"": ""[1, 3, 4, 96]"", ""signed_full_gap_improvement"": ""0.00023086473857009617"", ""source_directory"": ""/Volumes/migodam's-external-brain/Research/Inv_SLAM/Gaussian/A17/CLOSURE_R1/remote_snapshots/noise_complete_v1/results/locked_noise_v1/object_2005/middle_noise100_rep2"", ""stop_reason"": ""ABSTAIN_UNRESOLVED""}",AUDITED_TERMINAL,
,,evaluation floor ONLY; not online acceptance tolerance,,True,,,improved,noise,,,"{""input"": ""frozen/cells.csv"", ""json_pointer"": null, ""row_index_zero_based"": 27, ""sha256"": ""96caff279881fc908cab7f1e1e6be34f8d5fcfc197a6a54c3d6b9317e1a51310""}",,,,FROZEN_MATERIAL_STEP_H_RISK,"{""evaluation_floor"": 6.726425652888073e-18, ""final_H_step_error"": 0.012427203908130333, ""final_full_gap"": 7.721769848713295e-05, ""final_normalized_H_step_error"": 2.037850226742152, ""receiver_H_step_error"": 0.031744740580544384, ""receiver_full_gap"": 0.000503864277263061, ""receiver_normalized_H_step_error"": 5.205597917936304, ""signed_full_gap_improvement"": 0.000426646578775928}",,,a17_closure_locked_noise_v1_2005_7b38aa98897c4b22aeb2c6de897fed36,,,True,"{""k"": ""4"", ""mode"": ""noise"", ""noise_basis_points"": ""300"", ""object_id"": ""2005"", ""phase"": ""middle"", ""realization_index"": ""0""}",,,"{""input"": ""frozen/coverage.csv"", ""json_pointer"": null, ""row_index_zero_based"": 156, ""sha256"": ""c994c28d687aaafee0d5d4b1e01ceea95a313df6bbb856ff3ad003434ab89da6""}","{""accepted_moves"": ""3"", ""classification_scope"": ""evaluation floor ONLY; not online acceptance tolerance"", ""endpoint_sha256"": ""98bec868aaa1008d854a448ef671db764ac3c05cb8918b9d304481470257e035"", ""evaluation_classification"": ""improved"", ""evaluation_floor"": ""6.726425652888073e-18"", ""final_H_step_error"": ""0.012427203908130333"", ""final_full_gap"": ""7.721769848713295e-05"", ""final_half_H_step_energy"": ""7.72176984871249e-05"", ""final_nonlinear_status"": ""{\""reason\"": \""Separate owner bounded nonlinear transfer stage\"", \""status\"": \""NOT_RUN\""}"", ""final_normalized_H_step_error"": ""2.037850226742152"", ""full_reference_H_energy"": ""3.71879573886269e-05"", ""k"": ""4"", ""mode"": ""noise"", ""noise_basis_points"": ""300"", ""object_id"": ""2005"", ""one_step_truth"": ""{\""constraints_violated\"": false, \""relative_material_error\"": 0.6810984736890929, \""scope\"": \""Offline unconstrained alpha1 diagnostic; not nonlinear accepted update\""}"", ""paired_attempt"": ""a17_closure_locked_noise_v1_2005_7b38aa98897c4b22aeb2c6de897fed36"", ""phase"": ""middle"", ""realization_index"": ""0"", ""receiver_H_step_error"": ""0.031744740580544384"", ""receiver_full_gap"": ""0.000503864277263061"", ""receiver_half_H_step_energy"": ""0.0005038642772630307"", ""receiver_normalized_H_step_error"": ""5.205597917936304"", ""reference_relative_residual"": ""1.3927332398622834e-12"", ""result_sha256"": ""d0c979fd697cd60c9f600282bafb532634ab7920d52c4689631d316e6c20e1de"", ""selected_ids"": ""[3, 5, 65, 145]"", ""signed_full_gap_improvement"": ""0.000426646578775928"", ""source_directory"": ""/Volumes/migodam's-external-brain/Research/Inv_SLAM/Gaussian/A17/CLOSURE_R1/remote_snapshots/noise_complete_v1/results/locked_noise_v1/object_2005/middle_noise300_rep0"", ""stop_reason"": ""MOVE_BUDGET_EXHAUSTED""}",AUDITED_TERMINAL,
,,evaluation floor ONLY; not online acceptance tolerance,,True,,,improved,noise,,,"{""input"": ""frozen/cells.csv"", ""json_pointer"": null, ""row_index_zero_based"": 30, ""sha256"": ""96caff279881fc908cab7f1e1e6be34f8d5fcfc197a6a54c3d6b9317e1a51310""}",,,,FROZEN_MATERIAL_STEP_H_RISK,"{""evaluation_floor"": 6.709037521051313e-18, ""final_H_step_error"": 0.008156275370212499, ""final_full_gap"": 3.326241395738401e-05, ""final_normalized_H_step_error"": 1.41875789378091, ""receiver_H_step_error"": 0.02785528805138895, ""receiver_full_gap"": 0.0003879585362128973, ""receiver_normalized_H_step_error"": 4.845337854920843, ""signed_full_gap_improvement"": 0.0003546961222555133}",,,a17_closure_locked_noise_v1_2005_7b38aa98897c4b22aeb2c6de897fed36,,,True,"{""k"": ""4"", ""mode"": ""noise"", ""noise_basis_points"": ""300"", ""object_id"": ""2005"", ""phase"": ""middle"", ""realization_index"": ""1""}",,,"{""input"": ""frozen/coverage.csv"", ""json_pointer"": null, ""row_index_zero_based"": 157, ""sha256"": ""c994c28d687aaafee0d5d4b1e01ceea95a313df6bbb856ff3ad003434ab89da6""}","{""accepted_moves"": ""3"", ""classification_scope"": ""evaluation floor ONLY; not online acceptance tolerance"", ""endpoint_sha256"": ""979f10b0f4900c9c5f491abf297a3084194ca944480b399184a4c410d11a1b93"", ""evaluation_classification"": ""improved"", ""evaluation_floor"": ""6.709037521051313e-18"", ""final_H_step_error"": ""0.008156275370212499"", ""final_full_gap"": ""3.326241395738401e-05"", ""final_half_H_step_energy"": ""3.326241395736752e-05"", ""final_nonlinear_status"": ""{\""reason\"": \""Separate owner bounded nonlinear transfer stage\"", \""status\"": \""NOT_RUN\""}"", ""final_normalized_H_step_error"": ""1.41875789378091"", ""full_reference_H_energy"": ""3.304967384853589e-05"", ""k"": ""4"", ""mode"": ""noise"", ""noise_basis_points"": ""300"", ""object_id"": ""2005"", ""one_step_truth"": ""{\""constraints_violated\"": false, \""relative_material_error\"": 0.6796856245768736, \""scope\"": \""Offline unconstrained alpha1 diagnostic; not nonlinear accepted update\""}"", ""paired_attempt"": ""a17_closure_locked_noise_v1_2005_7b38aa98897c4b22aeb2c6de897fed36"", ""phase"": ""middle"", ""realization_index"": ""1"", ""receiver_H_step_error"": ""0.02785528805138895"", ""receiver_full_gap"": ""0.0003879585362128973"", ""receiver_half_H_step_energy"": ""0.000387958536212926"", ""receiver_normalized_H_step_error"": ""4.845337854920843"", ""reference_relative_residual"": ""1.306387322533988e-12"", ""result_sha256"": ""2be65bba8f3fe6c2ec13d33294ed6d00e18f155c77dcc127d7f5adca6462466a"", ""selected_ids"": ""[3, 5, 144, 146]"", ""signed_full_gap_improvement"": ""0.0003546961222555133"", ""source_directory"": ""/Volumes/migodam's-external-brain/Research/Inv_SLAM/Gaussian/A17/CLOSURE_R1/remote_snapshots/noise_complete_v1/results/locked_noise_v1/object_2005/middle_noise300_rep1"", ""stop_reason"": ""MOVE_BUDGET_EXHAUSTED""}",AUDITED_TERMINAL,
,,evaluation floor ONLY; not online acceptance tolerance,,True,,,improved,noise,,,"{""input"": ""frozen/cells.csv"", ""json_pointer"": null, ""row_index_zero_based"": 33, ""sha256"": ""96caff279881fc908cab7f1e1e6be34f8d5fcfc197a6a54c3d6b9317e1a51310""}",,,,FROZEN_MATERIAL_STEP_H_RISK,"{""evaluation_floor"": 6.619053603353687e-18, ""final_H_step_error"": 0.008975698246204103, ""final_full_gap"": 4.028157950348473e-05, ""final_normalized_H_step_error"": 1.7010655303117517, ""receiver_H_step_error"": 0.02650455287354488, ""receiver_full_gap"": 0.0003512456615132987, ""receiver_normalized_H_step_error"": 5.0231168709999485, ""signed_full_gap_improvement"": 0.000310964082009814}",,,a17_closure_locked_noise_v1_2005_7b38aa98897c4b22aeb2c6de897fed36,,,True,"{""k"": ""4"", ""mode"": ""noise"", ""noise_basis_points"": ""300"", ""object_id"": ""2005"", ""phase"": ""middle"", ""realization_index"": ""2""}",,,"{""input"": ""frozen/coverage.csv"", ""json_pointer"": null, ""row_index_zero_based"": 158, ""sha256"": ""c994c28d687aaafee0d5d4b1e01ceea95a313df6bbb856ff3ad003434ab89da6""}","{""accepted_moves"": ""3"", ""classification_scope"": ""evaluation floor ONLY; not online acceptance tolerance"", ""endpoint_sha256"": ""b4237e6185428eec2b6458f145c6678227d10f1eabe129a86fedf33fe419adea"", ""evaluation_classification"": ""improved"", ""evaluation_floor"": ""6.619053603353687e-18"", ""final_H_step_error"": ""0.008975698246204103"", ""final_full_gap"": ""4.028157950348473e-05"", ""final_half_H_step_energy"": ""4.028157950345571e-05"", ""final_nonlinear_status"": ""{\""reason\"": \""Separate owner bounded nonlinear transfer stage\"", \""status\"": \""NOT_RUN\""}"", ""final_normalized_H_step_error"": ""1.7010655303117517"", ""full_reference_H_energy"": ""2.784161339605378e-05"", ""k"": ""4"", ""mode"": ""noise"", ""noise_basis_points"": ""300"", ""object_id"": ""2005"", ""one_step_truth"": ""{\""constraints_violated\"": false, \""relative_material_error\"": 0.6800328685549822, \""scope\"": \""Offline unconstrained alpha1 diagnostic; not nonlinear accepted update\""}"", ""paired_attempt"": ""a17_closure_locked_noise_v1_2005_7b38aa98897c4b22aeb2c6de897fed36"", ""phase"": ""middle"", ""realization_index"": ""2"", ""receiver_H_step_error"": ""0.02650455287354488"", ""receiver_full_gap"": ""0.0003512456615132987"", ""receiver_half_H_step_energy"": ""0.000351245661513268"", ""receiver_normalized_H_step_error"": ""5.0231168709999485"", ""reference_relative_residual"": ""2.5239149563240914e-12"", ""result_sha256"": ""fca8f612e9d371b8e3bd56a85b70911d5dbd6f053348aaa8f72cf9bc967faf47"", ""selected_ids"": ""[3, 5, 4, 65]"", ""signed_full_gap_improvement"": ""0.000310964082009814"", ""source_directory"": ""/Volumes/migodam's-external-brain/Research/Inv_SLAM/Gaussian/A17/CLOSURE_R1/remote_snapshots/noise_complete_v1/results/locked_noise_v1/object_2005/middle_noise300_rep2"", ""stop_reason"": ""MOVE_BUDGET_EXHAUSTED""}",AUDITED_TERMINAL,
,,evaluation floor ONLY; not online acceptance tolerance,,True,,,improved,noise,,,"{""input"": ""frozen/cells.csv"", ""json_pointer"": null, ""row_index_zero_based"": 19, ""sha256"": ""96caff279881fc908cab7f1e1e6be34f8d5fcfc197a6a54c3d6b9317e1a51310""}",,,,FROZEN_MATERIAL_STEP_H_RISK,"{""evaluation_floor"": 1.0263771127166266e-18, ""final_H_step_error"": 0.006256470445111473, ""final_full_gap"": 1.9571711215273194e-05, ""final_normalized_H_step_error"": 2.672273450637525, ""receiver_H_step_error"": 0.00978737526340232, ""receiver_full_gap"": 4.789635727332863e-05, ""receiver_normalized_H_step_error"": 4.180399044041272, ""signed_full_gap_improvement"": 2.8324646058055434e-05}",,,a17_closure_locked_noise_v1_2005_7b38aa98897c4b22aeb2c6de897fed36,,,True,"{""k"": ""8"", ""mode"": ""noise"", ""noise_basis_points"": ""100"", ""object_id"": ""2005"", ""phase"": ""middle"", ""realization_index"": ""0""}",,,"{""input"": ""frozen/coverage.csv"", ""json_pointer"": null, ""row_index_zero_based"": 159, ""sha256"": ""c994c28d687aaafee0d5d4b1e01ceea95a313df6bbb856ff3ad003434ab89da6""}","{""accepted_moves"": ""2"", ""classification_scope"": ""evaluation floor ONLY; not online acceptance tolerance"", ""endpoint_sha256"": ""8cbc5ddae40de2136cfcba852d2ac11eee696aeb7ff118d57935ceca5dc732b5"", ""evaluation_classification"": ""improved"", ""evaluation_floor"": ""1.0263771127166266e-18"", ""final_H_step_error"": ""0.006256470445111473"", ""final_full_gap"": ""1.9571711215273194e-05"", ""final_half_H_step_energy"": ""1.9571711215276677e-05"", ""final_nonlinear_status"": ""{\""reason\"": \""Separate owner bounded nonlinear transfer stage\"", \""status\"": \""NOT_RUN\""}"", ""final_normalized_H_step_error"": ""2.672273450637525"", ""full_reference_H_energy"": ""5.48146948597447e-06"", ""k"": ""8"", ""mode"": ""noise"", ""noise_basis_points"": ""100"", ""object_id"": ""2005"", ""one_step_truth"": ""{\""constraints_violated\"": false, \""relative_material_error\"": 0.6884995228592624, \""scope\"": \""Offline unconstrained alpha1 diagnostic; not nonlinear accepted update\""}"", ""paired_attempt"": ""a17_closure_locked_noise_v1_2005_7b38aa98897c4b22aeb2c6de897fed36"", ""phase"": ""middle"", ""realization_index"": ""0"", ""receiver_H_step_error"": ""0.00978737526340232"", ""receiver_full_gap"": ""4.789635727332863e-05"", ""receiver_half_H_step_energy"": ""4.789635727332982e-05"", ""receiver_normalized_H_step_error"": ""4.180399044041272"", ""reference_relative_residual"": ""1.912596163916422e-12"", ""result_sha256"": ""5f9237db482ea3b103f55ca4a8f2d6e8f4b1f498c611b0775eb3527b0d497c7b"", ""selected_ids"": ""[0, 1, 4, 5, 6, 7, 65, 97]"", ""signed_full_gap_improvement"": ""2.8324646058055434e-05"", ""source_directory"": ""/Volumes/migodam's-external-brain/Research/Inv_SLAM/Gaussian/A17/CLOSURE_R1/remote_snapshots/noise_complete_v1/results/locked_noise_v1/object_2005/middle_noise100_rep0"", ""stop_reason"": ""ABSTAIN_UNRESOLVED""}",AUDITED_TERMINAL,
,,evaluation floor ONLY; not online acceptance tolerance,,True,,,improved,noise,,,"{""input"": ""frozen/cells.csv"", ""json_pointer"": null, ""row_index_zero_based"": 22, ""sha256"": ""96caff279881fc908cab7f1e1e6be34f8d5fcfc197a6a54c3d6b9317e1a51310""}",,,,FROZEN_MATERIAL_STEP_H_RISK,"{""evaluation_floor"": 1.0271011667702665e-18, ""final_H_step_error"": 0.005193024570190497, ""final_full_gap"": 1.3483752093298467e-05, ""final_normalized_H_step_error"": 2.5050554262752422, ""receiver_H_step_error"": 0.009834496989531812, ""receiver_full_gap"": 4.835866551854864e-05, ""receiver_normalized_H_step_error"": 4.744048427910765, ""signed_full_gap_improvement"": 3.4874913425250177e-05}",,,a17_closure_locked_noise_v1_2005_7b38aa98897c4b22aeb2c6de897fed36,,,True,"{""k"": ""8"", ""mode"": ""noise"", ""noise_basis_points"": ""100"", ""object_id"": ""2005"", ""phase"": ""middle"", ""realization_index"": ""1""}",,,"{""input"": ""frozen/coverage.csv"", ""json_pointer"": null, ""row_index_zero_based"": 160, ""sha256"": ""c994c28d687aaafee0d5d4b1e01ceea95a313df6bbb856ff3ad003434ab89da6""}","{""accepted_moves"": ""3"", ""classification_scope"": ""evaluation floor ONLY; not online acceptance tolerance"", ""endpoint_sha256"": ""248732d5501565ed16b05de38eb8d92857ffa262c19c2f5441e64ee060e3775d"", ""evaluation_classification"": ""improved"", ""evaluation_floor"": ""1.0271011667702665e-18"", ""final_H_step_error"": ""0.005193024570190497"", ""final_full_gap"": ""1.3483752093298467e-05"", ""final_half_H_step_energy"": ""1.34837520933011e-05"", ""final_nonlinear_status"": ""{\""reason\"": \""Separate owner bounded nonlinear transfer stage\"", \""status\"": \""NOT_RUN\""}"", ""final_normalized_H_step_error"": ""2.5050554262752422"", ""full_reference_H_energy"": ""4.297402934063312e-06"", ""k"": ""8"", ""mode"": ""noise"", ""noise_basis_points"": ""100"", ""object_id"": ""2005"", ""one_step_truth"": ""{\""constraints_violated\"": false, \""relative_material_error\"": 0.6752737396735425, \""scope\"": \""Offline unconstrained alpha1 diagnostic; not nonlinear accepted update\""}"", ""paired_attempt"": ""a17_closure_locked_noise_v1_2005_7b38aa98897c4b22aeb2c6de897fed36"", ""phase"": ""middle"", ""realization_index"": ""1"", ""receiver_H_step_error"": ""0.009834496989531812"", ""receiver_full_gap"": ""4.835866551854864e-05"", ""receiver_half_H_step_energy"": ""4.835866551855514e-05"", ""receiver_normalized_H_step_error"": ""4.744048427910765"", ""reference_relative_residual"": ""1.0866636905878713e-12"", ""result_sha256"": ""8338c0ce9c68fca80383eb190735428688ff1b8a6c633c5937f979711224959e"", ""selected_ids"": ""[1, 4, 5, 6, 7, 96, 32, 65]"", ""signed_full_gap_improvement"": ""3.4874913425250177e-05"", ""source_directory"": ""/Volumes/migodam's-external-brain/Research/Inv_SLAM/Gaussian/A17/CLOSURE_R1/remote_snapshots/noise_complete_v1/results/locked_noise_v1/object_2005/middle_noise100_rep1"", ""stop_reason"": ""MOVE_BUDGET_EXHAUSTED""}",AUDITED_TERMINAL,
,,evaluation floor ONLY; not online acceptance tolerance,,True,,,improved,noise,,,"{""input"": ""frozen/cells.csv"", ""json_pointer"": null, ""row_index_zero_based"": 25, ""sha256"": ""96caff279881fc908cab7f1e1e6be34f8d5fcfc197a6a54c3d6b9317e1a51310""}",,,,FROZEN_MATERIAL_STEP_H_RISK,"{""evaluation_floor"": 1.0229379657775903e-18, ""final_H_step_error"": 0.005237171036855146, ""final_full_gap"": 1.371398023463739e-05, ""final_normalized_H_step_error"": 2.0598673930167934, ""receiver_H_step_error"": 0.009795564233367028, ""receiver_full_gap"": 4.797653932501607e-05, ""receiver_normalized_H_step_error"": 3.8527600528071844, ""signed_full_gap_improvement"": 3.426255909037868e-05}",,,a17_closure_locked_noise_v1_2005_7b38aa98897c4b22aeb2c6de897fed36,,,True,"{""k"": ""8"", ""mode"": ""noise"", ""noise_basis_points"": ""100"", ""object_id"": ""2005"", ""phase"": ""middle"", ""realization_index"": ""2""}",,,"{""input"": ""frozen/coverage.csv"", ""json_pointer"": null, ""row_index_zero_based"": 161, ""sha256"": ""c994c28d687aaafee0d5d4b1e01ceea95a313df6bbb856ff3ad003434ab89da6""}","{""accepted_moves"": ""3"", ""classification_scope"": ""evaluation floor ONLY; not online acceptance tolerance"", ""endpoint_sha256"": ""f95d3dca9376fb29382acd549d79b0aed99098fbca7d9d759872a2db38b43eaa"", ""evaluation_classification"": ""improved"", ""evaluation_floor"": ""1.0229379657775903e-18"", ""final_H_step_error"": ""0.005237171036855146"", ""final_full_gap"": ""1.371398023463739e-05"", ""final_half_H_step_energy"": ""1.3713980234637203e-05"", ""final_nonlinear_status"": ""{\""reason\"": \""Separate owner bounded nonlinear transfer stage\"", \""status\"": \""NOT_RUN\""}"", ""final_normalized_H_step_error"": ""2.0598673930167934"", ""full_reference_H_energy"": ""6.464203038286954e-06"", ""k"": ""8"", ""mode"": ""noise"", ""noise_basis_points"": ""100"", ""object_id"": ""2005"", ""one_step_truth"": ""{\""constraints_violated\"": false, \""relative_material_error\"": 0.6885964268946114, \""scope\"": \""Offline unconstrained alpha1 diagnostic; not nonlinear accepted update\""}"", ""paired_attempt"": ""a17_closure_locked_noise_v1_2005_7b38aa98897c4b22aeb2c6de897fed36"", ""phase"": ""middle"", ""realization_index"": ""2"", ""receiver_H_step_error"": ""0.009795564233367028"", ""receiver_full_gap"": ""4.797653932501607e-05"", ""receiver_half_H_step_energy"": ""4.79765393250097e-05"", ""receiver_normalized_H_step_error"": ""3.8527600528071844"", ""reference_relative_residual"": ""1.929339196066874e-12"", ""result_sha256"": ""475c7cceeb65d9e5c534ab5d7541c24430b0a73d96107ffc8742349ee6edd8b0"", ""selected_ids"": ""[1, 3, 4, 5, 6, 7, 32, 97]"", ""signed_full_gap_improvement"": ""3.426255909037868e-05"", ""source_directory"": ""/Volumes/migodam's-external-brain/Research/Inv_SLAM/Gaussian/A17/CLOSURE_R1/remote_snapshots/noise_complete_v1/results/locked_noise_v1/object_2005/middle_noise100_rep2"", ""stop_reason"": ""MOVE_BUDGET_EXHAUSTED""}",AUDITED_TERMINAL,
,,evaluation floor ONLY; not online acceptance tolerance,,True,,,improved,noise,,,"{""input"": ""frozen/cells.csv"", ""json_pointer"": null, ""row_index_zero_based"": 28, ""sha256"": ""96caff279881fc908cab7f1e1e6be34f8d5fcfc197a6a54c3d6b9317e1a51310""}",,,,FROZEN_MATERIAL_STEP_H_RISK,"{""evaluation_floor"": 6.726425652888073e-18, ""final_H_step_error"": 0.00870620083838187, ""final_full_gap"": 3.7898966519116825e-05, ""final_normalized_H_step_error"": 1.4276689659008317, ""receiver_H_step_error"": 0.013491117115477772, ""receiver_full_gap"": 9.100512051177151e-05, ""receiver_normalized_H_step_error"": 2.212313910355527, ""signed_full_gap_improvement"": 5.310615399265469e-05}",,,a17_closure_locked_noise_v1_2005_7b38aa98897c4b22aeb2c6de897fed36,,,True,"{""k"": ""8"", ""mode"": ""noise"", ""noise_basis_points"": ""300"", ""object_id"": ""2005"", ""phase"": ""middle"", ""realization_index"": ""0""}",,,"{""input"": ""frozen/coverage.csv"", ""json_pointer"": null, ""row_index_zero_based"": 162, ""sha256"": ""c994c28d687aaafee0d5d4b1e01ceea95a313df6bbb856ff3ad003434ab89da6""}","{""accepted_moves"": ""3"", ""classification_scope"": ""evaluation floor ONLY; not online acceptance tolerance"", ""endpoint_sha256"": ""c6202150715d3efbabc6cda078503377573966b1610bf27de7d19e94c85edf75"", ""evaluation_classification"": ""improved"", ""evaluation_floor"": ""6.726425652888073e-18"", ""final_H_step_error"": ""0.00870620083838187"", ""final_full_gap"": ""3.7898966519116825e-05"", ""final_half_H_step_energy"": ""3.789896651912059e-05"", ""final_nonlinear_status"": ""{\""reason\"": \""Separate owner bounded nonlinear transfer stage\"", \""status\"": \""NOT_RUN\""}"", ""final_normalized_H_step_error"": ""1.4276689659008317"", ""full_reference_H_energy"": ""3.71879573886269e-05"", ""k"": ""8"", ""mode"": ""noise"", ""noise_basis_points"": ""300"", ""object_id"": ""2005"", ""one_step_truth"": ""{\""constraints_violated\"": true, \""relative_material_error\"": 0.6800066990835161, \""scope\"": \""Offline unconstrained alpha1 diagnostic; not nonlinear accepted update\""}"", ""paired_attempt"": ""a17_closure_locked_noise_v1_2005_7b38aa98897c4b22aeb2c6de897fed36"", ""phase"": ""middle"", ""realization_index"": ""0"", ""receiver_H_step_error"": ""0.013491117115477772"", ""receiver_full_gap"": ""9.100512051177151e-05"", ""receiver_half_H_step_energy"": ""9.100512051176864e-05"", ""receiver_normalized_H_step_error"": ""2.212313910355527"", ""reference_relative_residual"": ""1.3927332398622834e-12"", ""result_sha256"": ""d0c979fd697cd60c9f600282bafb532634ab7920d52c4689631d316e6c20e1de"", ""selected_ids"": ""[0, 1, 3, 5, 7, 8, 65, 33]"", ""signed_full_gap_improvement"": ""5.310615399265469e-05"", ""source_directory"": ""/Volumes/migodam's-external-brain/Research/Inv_SLAM/Gaussian/A17/CLOSURE_R1/remote_snapshots/noise_complete_v1/results/locked_noise_v1/object_2005/middle_noise300_rep0"", ""stop_reason"": ""MOVE_BUDGET_EXHAUSTED""}",AUDITED_TERMINAL,
,,evaluation floor ONLY; not online acceptance tolerance,,True,,,improved,noise,,,"{""input"": ""frozen/cells.csv"", ""json_pointer"": null, ""row_index_zero_based"": 31, ""sha256"": ""96caff279881fc908cab7f1e1e6be34f8d5fcfc197a6a54c3d6b9317e1a51310""}",,,,FROZEN_MATERIAL_STEP_H_RISK,"{""evaluation_floor"": 6.709037521051313e-18, ""final_H_step_error"": 0.009457201658483681, ""final_full_gap"": 4.471933160461077e-05, ""final_normalized_H_step_error"": 1.6450498416291288, ""receiver_H_step_error"": 0.012270137460737851, ""receiver_full_gap"": 7.527813665270337e-05, ""receiver_normalized_H_step_error"": 2.1343509862081973, ""signed_full_gap_improvement"": 3.05588050480926e-05}",,,a17_closure_locked_noise_v1_2005_7b38aa98897c4b22aeb2c6de897fed36,,,True,"{""k"": ""8"", ""mode"": ""noise"", ""noise_basis_points"": ""300"", ""object_id"": ""2005"", ""phase"": ""middle"", ""realization_index"": ""1""}",,,"{""input"": ""frozen/coverage.csv"", ""json_pointer"": null, ""row_index_zero_based"": 163, ""sha256"": ""c994c28d687aaafee0d5d4b1e01ceea95a313df6bbb856ff3ad003434ab89da6""}","{""accepted_moves"": ""3"", ""classification_scope"": ""evaluation floor ONLY; not online acceptance tolerance"", ""endpoint_sha256"": ""97f65d6d70cf256dc50980acbee3ca9f8e72105e92af074b02c1042298420e82"", ""evaluation_classification"": ""improved"", ""evaluation_floor"": ""6.709037521051313e-18"", ""final_H_step_error"": ""0.009457201658483681"", ""final_full_gap"": ""4.471933160461077e-05"", ""final_half_H_step_energy"": ""4.471933160461324e-05"", ""final_nonlinear_status"": ""{\""reason\"": \""Separate owner bounded nonlinear transfer stage\"", \""status\"": \""NOT_RUN\""}"", ""final_normalized_H_step_error"": ""1.6450498416291288"", ""full_reference_H_energy"": ""3.304967384853589e-05"", ""k"": ""8"", ""mode"": ""noise"", ""noise_basis_points"": ""300"", ""object_id"": ""2005"", ""one_step_truth"": ""{\""constraints_violated\"": true, \""relative_material_error\"": 0.6749557970232383, \""scope\"": \""Offline unconstrained alpha1 diagnostic; not nonlinear accepted update\""}"", ""paired_attempt"": ""a17_closure_locked_noise_v1_2005_7b38aa98897c4b22aeb2c6de897fed36"", ""phase"": ""middle"", ""realization_index"": ""1"", ""receiver_H_step_error"": ""0.012270137460737851"", ""receiver_full_gap"": ""7.527813665270337e-05"", ""receiver_half_H_step_energy"": ""7.527813665270115e-05"", ""receiver_normalized_H_step_error"": ""2.1343509862081973"", ""reference_relative_residual"": ""1.306387322533988e-12"", ""result_sha256"": ""2be65bba8f3fe6c2ec13d33294ed6d00e18f155c77dcc127d7f5adca6462466a"", ""selected_ids"": ""[0, 1, 5, 6, 7, 33, 8, 64]"", ""signed_full_gap_improvement"": ""3.05588050480926e-05"", ""source_directory"": ""/Volumes/migodam's-external-brain/Research/Inv_SLAM/Gaussian/A17/CLOSURE_R1/remote_snapshots/noise_complete_v1/results/locked_noise_v1/object_2005/middle_noise300_rep1"", ""stop_reason"": ""MOVE_BUDGET_EXHAUSTED""}",AUDITED_TERMINAL,
,,evaluation floor ONLY; not online acceptance tolerance,,True,,,improved,noise,,,"{""input"": ""frozen/cells.csv"", ""json_pointer"": null, ""row_index_zero_based"": 34, ""sha256"": ""96caff279881fc908cab7f1e1e6be34f8d5fcfc197a6a54c3d6b9317e1a51310""}",,,,FROZEN_MATERIAL_STEP_H_RISK,"{""evaluation_floor"": 6.619053603353687e-18, ""final_H_step_error"": 0.007739644918993007, ""final_full_gap"": 2.9951051736045496e-05, ""final_normalized_H_step_error"": 1.4668099157766754, ""receiver_H_step_error"": 0.011530829624063321, ""receiver_full_gap"": 6.648001590958016e-05, ""receiver_normalized_H_step_error"": 2.1853115235560585, ""signed_full_gap_improvement"": 3.652896417353466e-05}",,,a17_closure_locked_noise_v1_2005_7b38aa98897c4b22aeb2c6de897fed36,,,True,"{""k"": ""8"", ""mode"": ""noise"", ""noise_basis_points"": ""300"", ""object_id"": ""2005"", ""phase"": ""middle"", ""realization_index"": ""2""}",,,"{""input"": ""frozen/coverage.csv"", ""json_pointer"": null, ""row_index_zero_based"": 164, ""sha256"": ""c994c28d687aaafee0d5d4b1e01ceea95a313df6bbb856ff3ad003434ab89da6""}","{""accepted_moves"": ""3"", ""classification_scope"": ""evaluation floor ONLY; not online acceptance tolerance"", ""endpoint_sha256"": ""6d2f3ae8dd77fa468f297156c803342f06acd3fc20b30b36650796e2d52b4c56"", ""evaluation_classification"": ""improved"", ""evaluation_floor"": ""6.619053603353687e-18"", ""final_H_step_error"": ""0.007739644918993007"", ""final_full_gap"": ""2.9951051736045496e-05"", ""final_half_H_step_energy"": ""2.9951051736047136e-05"", ""final_nonlinear_status"": ""{\""reason\"": \""Separate owner bounded nonlinear transfer stage\"", \""status\"": \""NOT_RUN\""}"", ""final_normalized_H_step_error"": ""1.4668099157766754"", ""full_reference_H_energy"": ""2.784161339605378e-05"", ""k"": ""8"", ""mode"": ""noise"", ""noise_basis_points"": ""300"", ""object_id"": ""2005"", ""one_step_truth"": ""{\""constraints_violated\"": true, \""relative_material_error\"": 0.6827862592096654, \""scope\"": \""Offline unconstrained alpha1 diagnostic; not nonlinear accepted update\""}"", ""paired_attempt"": ""a17_closure_locked_noise_v1_2005_7b38aa98897c4b22aeb2c6de897fed36"", ""phase"": ""middle"", ""realization_index"": ""2"", ""receiver_H_step_error"": ""0.011530829624063321"", ""receiver_full_gap"": ""6.648001590958016e-05"", ""receiver_half_H_step_energy"": ""6.648001590958814e-05"", ""receiver_normalized_H_step_error"": ""2.1853115235560585"", ""reference_relative_residual"": ""2.5239149563240914e-12"", ""result_sha256"": ""fca8f612e9d371b8e3bd56a85b70911d5dbd6f053348aaa8f72cf9bc967faf47"", ""selected_ids"": ""[1, 4, 5, 6, 7, 9, 8, 144]"", ""signed_full_gap_improvement"": ""3.652896417353466e-05"", ""source_directory"": ""/Volumes/migodam's-external-brain/Research/Inv_SLAM/Gaussian/A17/CLOSURE_R1/remote_snapshots/noise_complete_v1/results/locked_noise_v1/object_2005/middle_noise300_rep2"", ""stop_reason"": ""MOVE_BUDGET_EXHAUSTED""}",AUDITED_TERMINAL,
,,evaluation floor ONLY; not online acceptance tolerance,,True,,,improved,noise,,,"{""input"": ""frozen/cells.csv"", ""json_pointer"": null, ""row_index_zero_based"": 20, ""sha256"": ""96caff279881fc908cab7f1e1e6be34f8d5fcfc197a6a54c3d6b9317e1a51310""}",,,,FROZEN_MATERIAL_STEP_H_RISK,"{""evaluation_floor"": 1.0263771127166266e-18, ""final_H_step_error"": 0.0021643762292301513, ""final_full_gap"": 2.342262230827224e-06, ""final_normalized_H_step_error"": 0.924451763227284, ""receiver_H_step_error"": 0.003877764441803511, ""receiver_full_gap"": 7.518528533058127e-06, ""receiver_normalized_H_step_error"": 1.6562768187859849, ""signed_full_gap_improvement"": 5.1762663022309036e-06}",,,a17_closure_locked_noise_v1_2005_7b38aa98897c4b22aeb2c6de897fed36,,,True,"{""k"": ""16"", ""mode"": ""noise"", ""noise_basis_points"": ""100"", ""object_id"": ""2005"", ""phase"": ""middle"", ""realization_index"": ""0""}",,,"{""input"": ""frozen/coverage.csv"", ""json_pointer"": null, ""row_index_zero_based"": 165, ""sha256"": ""c994c28d687aaafee0d5d4b1e01ceea95a313df6bbb856ff3ad003434ab89da6""}","{""accepted_moves"": ""3"", ""classification_scope"": ""evaluation floor ONLY; not online acceptance tolerance"", ""endpoint_sha256"": ""801a82bc9f8144c127e67140173d2d95659253cee1c915757f2e0626d4e7ba1c"", ""evaluation_classification"": ""improved"", ""evaluation_floor"": ""1.0263771127166266e-18"", ""final_H_step_error"": ""0.0021643762292301513"", ""final_full_gap"": ""2.342262230827224e-06"", ""final_half_H_step_energy"": ""2.3422622308282644e-06"", ""final_nonlinear_status"": ""{\""reason\"": \""Separate owner bounded nonlinear transfer stage\"", \""status\"": \""NOT_RUN\""}"", ""final_normalized_H_step_error"": ""0.924451763227284"", ""full_reference_H_energy"": ""5.48146948597447e-06"", ""k"": ""16"", ""mode"": ""noise"", ""noise_basis_points"": ""100"", ""object_id"": ""2005"", ""one_step_truth"": ""{\""constraints_violated\"": false, \""relative_material_error\"": 0.6732677723927115, \""scope\"": \""Offline unconstrained alpha1 diagnostic; not nonlinear accepted update\""}"", ""paired_attempt"": ""a17_closure_locked_noise_v1_2005_7b38aa98897c4b22aeb2c6de897fed36"", ""phase"": ""middle"", ""realization_index"": ""0"", ""receiver_H_step_error"": ""0.003877764441803511"", ""receiver_full_gap"": ""7.518528533058127e-06"", ""receiver_half_H_step_energy"": ""7.518528533057848e-06"", ""receiver_normalized_H_step_error"": ""1.6562768187859849"", ""reference_relative_residual"": ""1.912596163916422e-12"", ""result_sha256"": ""5f9237db482ea3b103f55ca4a8f2d6e8f4b1f498c611b0775eb3527b0d497c7b"", ""selected_ids"": ""[0, 1, 2, 3, 5, 6, 7, 8, 9, 11, 13, 14, 15, 17, 16, 32]"", ""signed_full_gap_improvement"": ""5.1762663022309036e-06"", ""source_directory"": ""/Volumes/migodam's-external-brain/Research/Inv_SLAM/Gaussian/A17/CLOSURE_R1/remote_snapshots/noise_complete_v1/results/locked_noise_v1/object_2005/middle_noise100_rep0"", ""stop_reason"": ""MOVE_BUDGET_EXHAUSTED""}",AUDITED_TERMINAL,
,,evaluation floor ONLY; not online acceptance tolerance,,True,,,improved,noise,,,"{""input"": ""frozen/cells.csv"", ""json_pointer"": null, ""row_index_zero_based"": 23, ""sha256"": ""96caff279881fc908cab7f1e1e6be34f8d5fcfc197a6a54c3d6b9317e1a51310""}",,,,FROZEN_MATERIAL_STEP_H_RISK,"{""evaluation_floor"": 1.0271011667702665e-18, ""final_H_step_error"": 0.0025476000061762285, ""final_full_gap"": 3.245132895734611e-06, ""final_normalized_H_step_error"": 1.2289329913985934, ""receiver_H_step_error"": 0.003917427372479553, ""receiver_full_gap"": 7.673118609325026e-06, ""receiver_normalized_H_step_error"": 1.8897219845253073, ""signed_full_gap_improvement"": 4.427985713590416e-06}",,,a17_closure_locked_noise_v1_2005_7b38aa98897c4b22aeb2c6de897fed36,,,True,"{""k"": ""16"", ""mode"": ""noise"", ""noise_basis_points"": ""100"", ""object_id"": ""2005"", ""phase"": ""middle"", ""realization_index"": ""1""}",,,"{""input"": ""frozen/coverage.csv"", ""json_pointer"": null, ""row_index_zero_based"": 166, ""sha256"": ""c994c28d687aaafee0d5d4b1e01ceea95a313df6bbb856ff3ad003434ab89da6""}","{""accepted_moves"": ""1"", ""classification_scope"": ""evaluation floor ONLY; not online acceptance tolerance"", ""endpoint_sha256"": ""3777df060d873d665fc6a5355820a86af9ec491af5e5990ddcd912f3f3270321"", ""evaluation_classification"": ""improved"", ""evaluation_floor"": ""1.0271011667702665e-18"", ""final_H_step_error"": ""0.0025476000061762285"", ""final_full_gap"": ""3.245132895734611e-06"", ""final_half_H_step_energy"": ""3.2451328957345593e-06"", ""final_nonlinear_status"": ""{\""reason\"": \""Separate owner bounded nonlinear transfer stage\"", \""status\"": \""NOT_RUN\""}"", ""final_normalized_H_step_error"": ""1.2289329913985934"", ""full_reference_H_energy"": ""4.297402934063312e-06"", ""k"": ""16"", ""mode"": ""noise"", ""noise_basis_points"": ""100"", ""object_id"": ""2005"", ""one_step_truth"": ""{\""constraints_violated\"": false, \""relative_material_error\"": 0.6708190826947205, \""scope\"": \""Offline unconstrained alpha1 diagnostic; not nonlinear accepted update\""}"", ""paired_attempt"": ""a17_closure_locked_noise_v1_2005_7b38aa98897c4b22aeb2c6de897fed36"", ""phase"": ""middle"", ""realization_index"": ""1"", ""receiver_H_step_error"": ""0.003917427372479553"", ""receiver_full_gap"": ""7.673118609325026e-06"", ""receiver_half_H_step_energy"": ""7.673118609326024e-06"", ""receiver_normalized_H_step_error"": ""1.8897219845253073"", ""reference_relative_residual"": ""1.0866636905878713e-12"", ""result_sha256"": ""8338c0ce9c68fca80383eb190735428688ff1b8a6c633c5937f979711224959e"", ""selected_ids"": ""[0, 1, 2, 4, 5, 6, 7, 8, 9, 10, 11, 12, 13, 14, 15, 17]"", ""signed_full_gap_improvement"": ""4.427985713590416e-06"", ""source_directory"": ""/Volumes/migodam's-external-brain/Research/Inv_SLAM/Gaussian/A17/CLOSURE_R1/remote_snapshots/noise_complete_v1/results/locked_noise_v1/object_2005/middle_noise100_rep1"", ""stop_reason"": ""ABSTAIN_UNRESOLVED""}",AUDITED_TERMINAL,
,,evaluation floor ONLY; not online acceptance tolerance,,True,,,improved,noise,,,"{""input"": ""frozen/cells.csv"", ""json_pointer"": null, ""row_index_zero_based"": 26, ""sha256"": ""96caff279881fc908cab7f1e1e6be34f8d5fcfc197a6a54c3d6b9317e1a51310""}",,,,FROZEN_MATERIAL_STEP_H_RISK,"{""evaluation_floor"": 1.0229379657775903e-18, ""final_H_step_error"": 0.002074936849423572, ""final_full_gap"": 2.1526814645480077e-06, ""final_normalized_H_step_error"": 0.8161075375653861, ""receiver_H_step_error"": 0.0042819160868037285, ""receiver_full_gap"": 9.167402687216374e-06, ""receiver_normalized_H_step_error"": 1.6841495656283685, ""signed_full_gap_improvement"": 7.014721222668366e-06}",,,a17_closure_locked_noise_v1_2005_7b38aa98897c4b22aeb2c6de897fed36,,,True,"{""k"": ""16"", ""mode"": ""noise"", ""noise_basis_points"": ""100"", ""object_id"": ""2005"", ""phase"": ""middle"", ""realization_index"": ""2""}",,,"{""input"": ""frozen/coverage.csv"", ""json_pointer"": null, ""row_index_zero_based"": 167, ""sha256"": ""c994c28d687aaafee0d5d4b1e01ceea95a313df6bbb856ff3ad003434ab89da6""}","{""accepted_moves"": ""3"", ""classification_scope"": ""evaluation floor ONLY; not online acceptance tolerance"", ""endpoint_sha256"": ""4f40bf33fbf2088ce928c1854aca9fbb7564b52e6aa6393565738bcba1805961"", ""evaluation_classification"": ""improved"", ""evaluation_floor"": ""1.0229379657775903e-18"", ""final_H_step_error"": ""0.002074936849423572"", ""final_full_gap"": ""2.1526814645480077e-06"", ""final_half_H_step_energy"": ""2.1526814645479103e-06"", ""final_nonlinear_status"": ""{\""reason\"": \""Separate owner bounded nonlinear transfer stage\"", \""status\"": \""NOT_RUN\""}"", ""final_normalized_H_step_error"": ""0.8161075375653861"", ""full_reference_H_energy"": ""6.464203038286954e-06"", ""k"": ""16"", ""mode"": ""noise"", ""noise_basis_points"": ""100"", ""object_id"": ""2005"", ""one_step_truth"": ""{\""constraints_violated\"": false, \""relative_material_error\"": 0.6739536154542455, \""scope\"": \""Offline unconstrained alpha1 diagnostic; not nonlinear accepted update\""}"", ""paired_attempt"": ""a17_closure_locked_noise_v1_2005_7b38aa98897c4b22aeb2c6de897fed36"", ""phase"": ""middle"", ""realization_index"": ""2"", ""receiver_H_step_error"": ""0.0042819160868037285"", ""receiver_full_gap"": ""9.167402687216374e-06"", ""receiver_half_H_step_energy"": ""9.167402687214278e-06"", ""receiver_normalized_H_step_error"": ""1.6841495656283685"", ""reference_relative_residual"": ""1.929339196066874e-12"", ""result_sha256"": ""475c7cceeb65d9e5c534ab5d7541c24430b0a73d96107ffc8742349ee6edd8b0"", ""selected_ids"": ""[0, 1, 3, 4, 6, 7, 8, 9, 10, 11, 13, 14, 15, 17, 16, 144]"", ""signed_full_gap_improvement"": ""7.014721222668366e-06"", ""source_directory"": ""/Volumes/migodam's-external-brain/Research/Inv_SLAM/Gaussian/A17/CLOSURE_R1/remote_snapshots/noise_complete_v1/results/locked_noise_v1/object_2005/middle_noise100_rep2"", ""stop_reason"": ""MOVE_BUDGET_EXHAUSTED""}",AUDITED_TERMINAL,
,,evaluation floor ONLY; not online acceptance tolerance,,True,,,improved,noise,,,"{""input"": ""frozen/cells.csv"", ""json_pointer"": null, ""row_index_zero_based"": 29, ""sha256"": ""96caff279881fc908cab7f1e1e6be34f8d5fcfc197a6a54c3d6b9317e1a51310""}",,,,FROZEN_MATERIAL_STEP_H_RISK,"{""evaluation_floor"": 6.726425652888073e-18, ""final_H_step_error"": 0.0033320696658689446, ""final_full_gap"": 5.5513441291041215e-06, ""final_normalized_H_step_error"": 0.5464027929620788, ""receiver_H_step_error"": 0.005239829949330704, ""receiver_full_gap"": 1.3727908948947045e-05, ""receiver_normalized_H_step_error"": 0.8592430549359507, ""signed_full_gap_improvement"": 8.176564819842922e-06}",,,a17_closure_locked_noise_v1_2005_7b38aa98897c4b22aeb2c6de897fed36,,,True,"{""k"": ""16"", ""mode"": ""noise"", ""noise_basis_points"": ""300"", ""object_id"": ""2005"", ""phase"": ""middle"", ""realization_index"": ""0""}",,,"{""input"": ""frozen/coverage.csv"", ""json_pointer"": null, ""row_index_zero_based"": 168, ""sha256"": ""c994c28d687aaafee0d5d4b1e01ceea95a313df6bbb856ff3ad003434ab89da6""}","{""accepted_moves"": ""2"", ""classification_scope"": ""evaluation floor ONLY; not online acceptance tolerance"", ""endpoint_sha256"": ""5012fd1e090114c35b1c40a2a4e5a2e023304ef016036cce45d01e71cbce2fe2"", ""evaluation_classification"": ""improved"", ""evaluation_floor"": ""6.726425652888073e-18"", ""final_H_step_error"": ""0.0033320696658689446"", ""final_full_gap"": ""5.5513441291041215e-06"", ""final_half_H_step_energy"": ""5.5513441291019895e-06"", ""final_nonlinear_status"": ""{\""reason\"": \""Separate owner bounded nonlinear transfer stage\"", \""status\"": \""NOT_RUN\""}"", ""final_normalized_H_step_error"": ""0.5464027929620788"", ""full_reference_H_energy"": ""3.71879573886269e-05"", ""k"": ""16"", ""mode"": ""noise"", ""noise_basis_points"": ""300"", ""object_id"": ""2005"", ""one_step_truth"": ""{\""constraints_violated\"": false, \""relative_material_error\"": 0.6755596398938312, \""scope\"": \""Offline unconstrained alpha1 diagnostic; not nonlinear accepted update\""}"", ""paired_attempt"": ""a17_closure_locked_noise_v1_2005_7b38aa98897c4b22aeb2c6de897fed36"", ""phase"": ""middle"", ""realization_index"": ""0"", ""receiver_H_step_error"": ""0.005239829949330704"", ""receiver_full_gap"": ""1.3727908948947045e-05"", ""receiver_half_H_step_energy"": ""1.3727908948951504e-05"", ""receiver_normalized_H_step_error"": ""0.8592430549359507"", ""reference_relative_residual"": ""1.3927332398622834e-12"", ""result_sha256"": ""d0c979fd697cd60c9f600282bafb532634ab7920d52c4689631d316e6c20e1de"", ""selected_ids"": ""[0, 1, 3, 4, 5, 6, 7, 8, 9, 10, 11, 12, 13, 15, 17, 16]"", ""signed_full_gap_improvement"": ""8.176564819842922e-06"", ""source_directory"": ""/Volumes/migodam's-external-brain/Research/Inv_SLAM/Gaussian/A17/CLOSURE_R1/remote_snapshots/noise_complete_v1/results/locked_noise_v1/object_2005/middle_noise300_rep0"", ""stop_reason"": ""ABSTAIN_UNRESOLVED""}",AUDITED_TERMINAL,
,,evaluation floor ONLY; not online acceptance tolerance,,True,,,improved,noise,,,"{""input"": ""frozen/cells.csv"", ""json_pointer"": null, ""row_index_zero_based"": 32, ""sha256"": ""96caff279881fc908cab7f1e1e6be34f8d5fcfc197a6a54c3d6b9317e1a51310""}",,,,FROZEN_MATERIAL_STEP_H_RISK,"{""evaluation_floor"": 6.709037521051313e-18, ""final_H_step_error"": 0.003640634879847965, ""final_full_gap"": 6.6271111641813725e-06, ""final_normalized_H_step_error"": 0.6332767396527768, ""receiver_H_step_error"": 0.005112690872581365, ""receiver_full_gap"": 1.3069803979284494e-05, ""receiver_normalized_H_step_error"": 0.8893361497366216, ""signed_full_gap_improvement"": 6.442692815103121e-06}",,,a17_closure_locked_noise_v1_2005_7b38aa98897c4b22aeb2c6de897fed36,,,True,"{""k"": ""16"", ""mode"": ""noise"", ""noise_basis_points"": ""300"", ""object_id"": ""2005"", ""phase"": ""middle"", ""realization_index"": ""1""}",,,"{""input"": ""frozen/coverage.csv"", ""json_pointer"": null, ""row_index_zero_based"": 169, ""sha256"": ""c994c28d687aaafee0d5d4b1e01ceea95a313df6bbb856ff3ad003434ab89da6""}","{""accepted_moves"": ""1"", ""classification_scope"": ""evaluation floor ONLY; not online acceptance tolerance"", ""endpoint_sha256"": ""0234388d0808a6de82806f893929dbfa1b36f410a32c4fff0ec0bc49467e97a7"", ""evaluation_classification"": ""improved"", ""evaluation_floor"": ""6.709037521051313e-18"", ""final_H_step_error"": ""0.003640634879847965"", ""final_full_gap"": ""6.6271111641813725e-06"", ""final_half_H_step_energy"": ""6.627111164182804e-06"", ""final_nonlinear_status"": ""{\""reason\"": \""Separate owner bounded nonlinear transfer stage\"", \""status\"": \""NOT_RUN\""}"", ""final_normalized_H_step_error"": ""0.6332767396527768"", ""full_reference_H_energy"": ""3.304967384853589e-05"", ""k"": ""16"", ""mode"": ""noise"", ""noise_basis_points"": ""300"", ""object_id"": ""2005"", ""one_step_truth"": ""{\""constraints_violated\"": false, \""relative_material_error\"": 0.6781937054510085, \""scope\"": \""Offline unconstrained alpha1 diagnostic; not nonlinear accepted update\""}"", ""paired_attempt"": ""a17_closure_locked_noise_v1_2005_7b38aa98897c4b22aeb2c6de897fed36"", ""phase"": ""middle"", ""realization_index"": ""1"", ""receiver_H_step_error"": ""0.005112690872581365"", ""receiver_full_gap"": ""1.3069803979284494e-05"", ""receiver_half_H_step_energy"": ""1.3069803979288402e-05"", ""receiver_normalized_H_step_error"": ""0.8893361497366216"", ""reference_relative_residual"": ""1.306387322533988e-12"", ""result_sha256"": ""2be65bba8f3fe6c2ec13d33294ed6d00e18f155c77dcc127d7f5adca6462466a"", ""selected_ids"": ""[0, 1, 2, 3, 4, 5, 6, 7, 8, 10, 11, 12, 13, 14, 15, 17]"", ""signed_full_gap_improvement"": ""6.442692815103121e-06"", ""source_directory"": ""/Volumes/migodam's-external-brain/Research/Inv_SLAM/Gaussian/A17/CLOSURE_R1/remote_snapshots/noise_complete_v1/results/locked_noise_v1/object_2005/middle_noise300_rep1"", ""stop_reason"": ""ABSTAIN_UNRESOLVED""}",AUDITED_TERMINAL,
,,evaluation floor ONLY; not online acceptance tolerance,,True,,,improved,noise,,,"{""input"": ""frozen/cells.csv"", ""json_pointer"": null, ""row_index_zero_based"": 35, ""sha256"": ""96caff279881fc908cab7f1e1e6be34f8d5fcfc197a6a54c3d6b9317e1a51310""}",,,,FROZEN_MATERIAL_STEP_H_RISK,"{""evaluation_floor"": 6.619053603353687e-18, ""final_H_step_error"": 0.004180636322775922, ""final_full_gap"": 8.738860031664505e-06, ""final_normalized_H_step_error"": 0.7923100964820117, ""receiver_H_step_error"": 0.005545946570353799, ""receiver_full_gap"": 1.5378761680607866e-05, ""receiver_normalized_H_step_error"": 1.0510623558194205, ""signed_full_gap_improvement"": 6.639901648943361e-06}",,,a17_closure_locked_noise_v1_2005_7b38aa98897c4b22aeb2c6de897fed36,,,True,"{""k"": ""16"", ""mode"": ""noise"", ""noise_basis_points"": ""300"", ""object_id"": ""2005"", ""phase"": ""middle"", ""realization_index"": ""2""}",,,"{""input"": ""frozen/coverage.csv"", ""json_pointer"": null, ""row_index_zero_based"": 170, ""sha256"": ""c994c28d687aaafee0d5d4b1e01ceea95a313df6bbb856ff3ad003434ab89da6""}","{""accepted_moves"": ""1"", ""classification_scope"": ""evaluation floor ONLY; not online acceptance tolerance"", ""endpoint_sha256"": ""f08f7b37f61d1c922cb89709141e8e5c97161de875114bafb0832d8135e0c0c8"", ""evaluation_classification"": ""improved"", ""evaluation_floor"": ""6.619053603353687e-18"", ""final_H_step_error"": ""0.004180636322775922"", ""final_full_gap"": ""8.738860031664505e-06"", ""final_half_H_step_energy"": ""8.738860031656693e-06"", ""final_nonlinear_status"": ""{\""reason\"": \""Separate owner bounded nonlinear transfer stage\"", \""status\"": \""NOT_RUN\""}"", ""final_normalized_H_step_error"": ""0.7923100964820117"", ""full_reference_H_energy"": ""2.784161339605378e-05"", ""k"": ""16"", ""mode"": ""noise"", ""noise_basis_points"": ""300"", ""object_id"": ""2005"", ""one_step_truth"": ""{\""constraints_violated\"": false, \""relative_material_error\"": 0.673062274898119, \""scope\"": \""Offline unconstrained alpha1 diagnostic; not nonlinear accepted update\""}"", ""paired_attempt"": ""a17_closure_locked_noise_v1_2005_7b38aa98897c4b22aeb2c6de897fed36"", ""phase"": ""middle"", ""realization_index"": ""2"", ""receiver_H_step_error"": ""0.005545946570353799"", ""receiver_full_gap"": ""1.5378761680607866e-05"", ""receiver_half_H_step_energy"": ""1.5378761680609536e-05"", ""receiver_normalized_H_step_error"": ""1.0510623558194205"", ""reference_relative_residual"": ""2.5239149563240914e-12"", ""result_sha256"": ""fca8f612e9d371b8e3bd56a85b70911d5dbd6f053348aaa8f72cf9bc967faf47"", ""selected_ids"": ""[0, 1, 2, 3, 4, 5, 6, 8, 9, 10, 11, 12, 13, 14, 15, 17]"", ""signed_full_gap_improvement"": ""6.639901648943361e-06"", ""source_directory"": ""/Volumes/migodam's-external-brain/Research/Inv_SLAM/Gaussian/A17/CLOSURE_R1/remote_snapshots/noise_complete_v1/results/locked_noise_v1/object_2005/middle_noise300_rep2"", ""stop_reason"": ""ABSTAIN_UNRESOLVED""}",AUDITED_TERMINAL,
,,evaluation floor ONLY; not online acceptance tolerance,,True,,,improved,noise,,,"{""input"": ""frozen/cells.csv"", ""json_pointer"": null, ""row_index_zero_based"": 36, ""sha256"": ""96caff279881fc908cab7f1e1e6be34f8d5fcfc197a6a54c3d6b9317e1a51310""}",,,,FROZEN_MATERIAL_STEP_H_RISK,"{""evaluation_floor"": 1.6497672277070472e-18, ""final_H_step_error"": 0.00995954680554798, ""final_full_gap"": 4.9596286285953376e-05, ""final_normalized_H_step_error"": 1.9461363459033998, ""receiver_H_step_error"": 0.018662124146322914, ""receiver_full_gap"": 0.00017413743882638407, ""receiver_normalized_H_step_error"": 3.6466556964910195, ""signed_full_gap_improvement"": 0.00012454115254043068}",,,a17_closure_locked_noise_v1_2009_0576f36e8b9640148259e663a41de0bd,,,True,"{""k"": ""4"", ""mode"": ""noise"", ""noise_basis_points"": ""100"", ""object_id"": ""2009"", ""phase"": ""middle"", ""realization_index"": ""0""}",,,"{""input"": ""frozen/coverage.csv"", ""json_pointer"": null, ""row_index_zero_based"": 171, ""sha256"": ""c994c28d687aaafee0d5d4b1e01ceea95a313df6bbb856ff3ad003434ab89da6""}","{""accepted_moves"": ""1"", ""classification_scope"": ""evaluation floor ONLY; not online acceptance tolerance"", ""endpoint_sha256"": ""f9a37895a6706f3560c8b047b8e1005759f89f1604c8e6b7874bfb9a6f4c32b5"", ""evaluation_classification"": ""improved"", ""evaluation_floor"": ""1.6497672277070472e-18"", ""final_H_step_error"": ""0.00995954680554798"", ""final_full_gap"": ""4.9596286285953376e-05"", ""final_half_H_step_energy"": ""4.959628628595048e-05"", ""final_nonlinear_status"": ""{\""reason\"": \""Separate owner bounded nonlinear transfer stage\"", \""status\"": \""NOT_RUN\""}"", ""final_normalized_H_step_error"": ""1.9461363459033998"", ""full_reference_H_energy"": ""2.618982682404323e-05"", ""k"": ""4"", ""mode"": ""noise"", ""noise_basis_points"": ""100"", ""object_id"": ""2009"", ""one_step_truth"": ""{\""constraints_violated\"": true, \""relative_material_error\"": 0.5934615551082758, \""scope\"": \""Offline unconstrained alpha1 diagnostic; not nonlinear accepted update\""}"", ""paired_attempt"": ""a17_closure_locked_noise_v1_2009_0576f36e8b9640148259e663a41de0bd"", ""phase"": ""middle"", ""realization_index"": ""0"", ""receiver_H_step_error"": ""0.018662124146322914"", ""receiver_full_gap"": ""0.00017413743882638407"", ""receiver_half_H_step_energy"": ""0.00017413743882638437"", ""receiver_normalized_H_step_error"": ""3.6466556964910195"", ""reference_relative_residual"": ""2.8351943893913128e-12"", ""result_sha256"": ""0ac4d974eaf6fa91d21cee2615310fef7ae39aeeba2a8948523f82c4de38fe79"", ""selected_ids"": ""[0, 2, 3, 4]"", ""signed_full_gap_improvement"": ""0.00012454115254043068"", ""source_directory"": ""/Volumes/migodam's-external-brain/Research/Inv_SLAM/Gaussian/A17/CLOSURE_R1/remote_snapshots/noise_complete_v1/results/locked_noise_v1/object_2009/middle_noise100_rep0"", ""stop_reason"": ""ABSTAIN_UNRESOLVED""}",AUDITED_TERMINAL,
,,evaluation floor ONLY; not online acceptance tolerance,,True,,,improved,noise,,,"{""input"": ""frozen/cells.csv"", ""json_pointer"": null, ""row_index_zero_based"": 39, ""sha256"": ""96caff279881fc908cab7f1e1e6be34f8d5fcfc197a6a54c3d6b9317e1a51310""}",,,,FROZEN_MATERIAL_STEP_H_RISK,"{""evaluation_floor"": 1.684765117417602e-18, ""final_H_step_error"": 0.009115344687011554, ""final_full_gap"": 4.1544754381549525e-05, ""final_normalized_H_step_error"": 1.6818441545887755, ""receiver_H_step_error"": 0.019673772207793497, ""receiver_full_gap"": 0.00019352865644207685, ""receiver_normalized_H_step_error"": 3.629947075236329, ""signed_full_gap_improvement"": 0.00015198390206052733}",,,a17_closure_locked_noise_v1_2009_0576f36e8b9640148259e663a41de0bd,,,True,"{""k"": ""4"", ""mode"": ""noise"", ""noise_basis_points"": ""100"", ""object_id"": ""2009"", ""phase"": ""middle"", ""realization_index"": ""1""}",,,"{""input"": ""frozen/coverage.csv"", ""json_pointer"": null, ""row_index_zero_based"": 172, ""sha256"": ""c994c28d687aaafee0d5d4b1e01ceea95a313df6bbb856ff3ad003434ab89da6""}","{""accepted_moves"": ""3"", ""classification_scope"": ""evaluation floor ONLY; not online acceptance tolerance"", ""endpoint_sha256"": ""27b917161f352d195a0cd914e5f2b18e2da85ecc92d3cf64d9b7a8fdb065fc39"", ""evaluation_classification"": ""improved"", ""evaluation_floor"": ""1.684765117417602e-18"", ""final_H_step_error"": ""0.009115344687011554"", ""final_full_gap"": ""4.1544754381549525e-05"", ""final_half_H_step_energy"": ""4.1544754381514885e-05"", ""final_nonlinear_status"": ""{\""reason\"": \""Separate owner bounded nonlinear transfer stage\"", \""status\"": \""NOT_RUN\""}"", ""final_normalized_H_step_error"": ""1.6818441545887755"", ""full_reference_H_energy"": ""2.937478462965705e-05"", ""k"": ""4"", ""mode"": ""noise"", ""noise_basis_points"": ""100"", ""object_id"": ""2009"", ""one_step_truth"": ""{\""constraints_violated\"": true, \""relative_material_error\"": 0.5913690724624109, \""scope\"": \""Offline unconstrained alpha1 diagnostic; not nonlinear accepted update\""}"", ""paired_attempt"": ""a17_closure_locked_noise_v1_2009_0576f36e8b9640148259e663a41de0bd"", ""phase"": ""middle"", ""realization_index"": ""1"", ""receiver_H_step_error"": ""0.019673772207793497"", ""receiver_full_gap"": ""0.00019352865644207685"", ""receiver_half_H_step_energy"": ""0.00019352865644207392"", ""receiver_normalized_H_step_error"": ""3.629947075236329"", ""reference_relative_residual"": ""8.524080730315498e-12"", ""result_sha256"": ""4cad24c77a9a78a8c1c5a7ff89c68ae7da8ec393ec210614b27fa51e92165666"", ""selected_ids"": ""[0, 4, 5, 96]"", ""signed_full_gap_improvement"": ""0.00015198390206052733"", ""source_directory"": ""/Volumes/migodam's-external-brain/Research/Inv_SLAM/Gaussian/A17/CLOSURE_R1/remote_snapshots/noise_complete_v1/results/locked_noise_v1/object_2009/middle_noise100_rep1"", ""stop_reason"": ""MOVE_BUDGET_EXHAUSTED""}",AUDITED_TERMINAL,
,,evaluation floor ONLY; not online acceptance tolerance,,True,,,improved,noise,,,"{""input"": ""frozen/cells.csv"", ""json_pointer"": null, ""row_index_zero_based"": 42, ""sha256"": ""96caff279881fc908cab7f1e1e6be34f8d5fcfc197a6a54c3d6b9317e1a51310""}",,,,FROZEN_MATERIAL_STEP_H_RISK,"{""evaluation_floor"": 1.6407530649186528e-18, ""final_H_step_error"": 0.009603808576136717, ""final_full_gap"": 4.611656958354486e-05, ""final_normalized_H_step_error"": 1.9257224643568214, ""receiver_H_step_error"": 0.019030305788514234, ""receiver_full_gap"": 0.000181076269202182, ""receiver_normalized_H_step_error"": 3.815891067589706, ""signed_full_gap_improvement"": 0.00013495969961863715}",,,a17_closure_locked_noise_v1_2009_0576f36e8b9640148259e663a41de0bd,,,True,"{""k"": ""4"", ""mode"": ""noise"", ""noise_basis_points"": ""100"", ""object_id"": ""2009"", ""phase"": ""middle"", ""realization_index"": ""2""}",,,"{""input"": ""frozen/coverage.csv"", ""json_pointer"": null, ""row_index_zero_based"": 173, ""sha256"": ""c994c28d687aaafee0d5d4b1e01ceea95a313df6bbb856ff3ad003434ab89da6""}","{""accepted_moves"": ""3"", ""classification_scope"": ""evaluation floor ONLY; not online acceptance tolerance"", ""endpoint_sha256"": ""d2b224486e366709b23ec6d1dbb04015ee70800169f812531389b581ca46ab95"", ""evaluation_classification"": ""improved"", ""evaluation_floor"": ""1.6407530649186528e-18"", ""final_H_step_error"": ""0.009603808576136717"", ""final_full_gap"": ""4.611656958354486e-05"", ""final_half_H_step_energy"": ""4.611656958353858e-05"", ""final_nonlinear_status"": ""{\""reason\"": \""Separate owner bounded nonlinear transfer stage\"", \""status\"": \""NOT_RUN\""}"", ""final_normalized_H_step_error"": ""1.9257224643568214"", ""full_reference_H_energy"": ""2.4871363613841706e-05"", ""k"": ""4"", ""mode"": ""noise"", ""noise_basis_points"": ""100"", ""object_id"": ""2009"", ""one_step_truth"": ""{\""constraints_violated\"": true, \""relative_material_error\"": 0.5886177847340626, \""scope\"": \""Offline unconstrained alpha1 diagnostic; not nonlinear accepted update\""}"", ""paired_attempt"": ""a17_closure_locked_noise_v1_2009_0576f36e8b9640148259e663a41de0bd"", ""phase"": ""middle"", ""realization_index"": ""2"", ""receiver_H_step_error"": ""0.019030305788514234"", ""receiver_full_gap"": ""0.000181076269202182"", ""receiver_half_H_step_energy"": ""0.0001810762692021792"", ""receiver_normalized_H_step_error"": ""3.815891067589706"", ""reference_relative_residual"": ""2.1144156881566672e-12"", ""result_sha256"": ""e0789e839c225483c74ad8fb378c8bff6653cfbbb0f3f20cdcd614e2954c82e5"", ""selected_ids"": ""[0, 4, 5, 96]"", ""signed_full_gap_improvement"": ""0.00013495969961863715"", ""source_directory"": ""/Volumes/migodam's-external-brain/Research/Inv_SLAM/Gaussian/A17/CLOSURE_R1/remote_snapshots/noise_complete_v1/results/locked_noise_v1/object_2009/middle_noise100_rep2"", ""stop_reason"": ""MOVE_BUDGET_EXHAUSTED""}",AUDITED_TERMINAL,
,,evaluation floor ONLY; not online acceptance tolerance,,True,,,improved,noise,,,"{""input"": ""frozen/cells.csv"", ""json_pointer"": null, ""row_index_zero_based"": 45, ""sha256"": ""96caff279881fc908cab7f1e1e6be34f8d5fcfc197a6a54c3d6b9317e1a51310""}",,,,FROZEN_MATERIAL_STEP_H_RISK,"{""evaluation_floor"": 7.376196217179485e-18, ""final_H_step_error"": 0.010378036351779597, ""final_full_gap"": 5.3851819259446704e-05, ""final_normalized_H_step_error"": 1.3952397671632029, ""receiver_H_step_error"": 0.02038704256607174, ""receiver_full_gap"": 0.00020781575229546426, ""receiver_normalized_H_step_error"": 2.740866533788408, ""signed_full_gap_improvement"": 0.00015396393303601755}",,,a17_closure_locked_noise_v1_2009_0576f36e8b9640148259e663a41de0bd,,,True,"{""k"": ""4"", ""mode"": ""noise"", ""noise_basis_points"": ""300"", ""object_id"": ""2009"", ""phase"": ""middle"", ""realization_index"": ""0""}",,,"{""input"": ""frozen/coverage.csv"", ""json_pointer"": null, ""row_index_zero_based"": 174, ""sha256"": ""c994c28d687aaafee0d5d4b1e01ceea95a313df6bbb856ff3ad003434ab89da6""}","{""accepted_moves"": ""1"", ""classification_scope"": ""evaluation floor ONLY; not online acceptance tolerance"", ""endpoint_sha256"": ""093d239a8b04521aac593ab619eca3289420377cb2c2a65e13f2985089169e25"", ""evaluation_classification"": ""improved"", ""evaluation_floor"": ""7.376196217179485e-18"", ""final_H_step_error"": ""0.010378036351779597"", ""final_full_gap"": ""5.3851819259446704e-05"", ""final_half_H_step_energy"": ""5.385181925942938e-05"", ""final_nonlinear_status"": ""{\""reason\"": \""Separate owner bounded nonlinear transfer stage\"", \""status\"": \""NOT_RUN\""}"", ""final_normalized_H_step_error"": ""1.3952397671632029"", ""full_reference_H_energy"": ""5.532643450035751e-05"", ""k"": ""4"", ""mode"": ""noise"", ""noise_basis_points"": ""300"", ""object_id"": ""2009"", ""one_step_truth"": ""{\""constraints_violated\"": true, \""relative_material_error\"": 0.5926326018664976, \""scope\"": \""Offline unconstrained alpha1 diagnostic; not nonlinear accepted update\""}"", ""paired_attempt"": ""a17_closure_locked_noise_v1_2009_0576f36e8b9640148259e663a41de0bd"", ""phase"": ""middle"", ""realization_index"": ""0"", ""receiver_H_step_error"": ""0.02038704256607174"", ""receiver_full_gap"": ""0.00020781575229546426"", ""receiver_half_H_step_energy"": ""0.00020781575229541048"", ""receiver_normalized_H_step_error"": ""2.740866533788408"", ""reference_relative_residual"": ""1.333762576747536e-12"", ""result_sha256"": ""66eec41471122f56f200e2f9df58772d3d07419c31fa755ae28e26b9570923bd"", ""selected_ids"": ""[0, 2, 3, 4]"", ""signed_full_gap_improvement"": ""0.00015396393303601755"", ""source_directory"": ""/Volumes/migodam's-external-brain/Research/Inv_SLAM/Gaussian/A17/CLOSURE_R1/remote_snapshots/noise_complete_v1/results/locked_noise_v1/object_2009/middle_noise300_rep0"", ""stop_reason"": ""ABSTAIN_UNRESOLVED""}",AUDITED_TERMINAL,
,,evaluation floor ONLY; not online acceptance tolerance,,True,,,improved,noise,,,"{""input"": ""frozen/cells.csv"", ""json_pointer"": null, ""row_index_zero_based"": 48, ""sha256"": ""96caff279881fc908cab7f1e1e6be34f8d5fcfc197a6a54c3d6b9317e1a51310""}",,,,FROZEN_MATERIAL_STEP_H_RISK,"{""evaluation_floor"": 7.42073318755118e-18, ""final_H_step_error"": 0.01182976899336637, ""final_full_gap"": 6.997171721820893e-05, ""final_normalized_H_step_error"": 1.708273425092598, ""receiver_H_step_error"": 0.020372734302387358, ""receiver_full_gap"": 0.00020752415147782234, ""receiver_normalized_H_step_error"": 2.94191717731397, ""signed_full_gap_improvement"": 0.0001375524342596134}",,,a17_closure_locked_noise_v1_2009_0576f36e8b9640148259e663a41de0bd,,,True,"{""k"": ""4"", ""mode"": ""noise"", ""noise_basis_points"": ""300"", ""object_id"": ""2009"", ""phase"": ""middle"", ""realization_index"": ""1""}",,,"{""input"": ""frozen/coverage.csv"", ""json_pointer"": null, ""row_index_zero_based"": 175, ""sha256"": ""c994c28d687aaafee0d5d4b1e01ceea95a313df6bbb856ff3ad003434ab89da6""}","{""accepted_moves"": ""2"", ""classification_scope"": ""evaluation floor ONLY; not online acceptance tolerance"", ""endpoint_sha256"": ""b731c4753da210fe7c82a2cafdc2dd1074894eb0f240677b49dd7903cd79e31b"", ""evaluation_classification"": ""improved"", ""evaluation_floor"": ""7.42073318755118e-18"", ""final_H_step_error"": ""0.01182976899336637"", ""final_full_gap"": ""6.997171721820893e-05"", ""final_half_H_step_energy"": ""6.997171721820618e-05"", ""final_nonlinear_status"": ""{\""reason\"": \""Separate owner bounded nonlinear transfer stage\"", \""status\"": \""NOT_RUN\""}"", ""final_normalized_H_step_error"": ""1.708273425092598"", ""full_reference_H_energy"": ""4.79554265634192e-05"", ""k"": ""4"", ""mode"": ""noise"", ""noise_basis_points"": ""300"", ""object_id"": ""2009"", ""one_step_truth"": ""{\""constraints_violated\"": true, \""relative_material_error\"": 0.5872259134728942, \""scope\"": \""Offline unconstrained alpha1 diagnostic; not nonlinear accepted update\""}"", ""paired_attempt"": ""a17_closure_locked_noise_v1_2009_0576f36e8b9640148259e663a41de0bd"", ""phase"": ""middle"", ""realization_index"": ""1"", ""receiver_H_step_error"": ""0.020372734302387358"", ""receiver_full_gap"": ""0.00020752415147782234"", ""receiver_half_H_step_energy"": ""0.0002075241514778353"", ""receiver_normalized_H_step_error"": ""2.94191717731397"", ""reference_relative_residual"": ""1.0043040468959676e-12"", ""result_sha256"": ""03131eecc3dbec6c543271395683584401d6688ff3aa383e242c2406efcb4db0"", ""selected_ids"": ""[0, 3, 4, 65]"", ""signed_full_gap_improvement"": ""0.0001375524342596134"", ""source_directory"": ""/Volumes/migodam's-external-brain/Research/Inv_SLAM/Gaussian/A17/CLOSURE_R1/remote_snapshots/noise_complete_v1/results/locked_noise_v1/object_2009/middle_noise300_rep1"", ""stop_reason"": ""ABSTAIN_UNRESOLVED""}",AUDITED_TERMINAL,
,,evaluation floor ONLY; not online acceptance tolerance,,True,,,improved,noise,,,"{""input"": ""frozen/cells.csv"", ""json_pointer"": null, ""row_index_zero_based"": 51, ""sha256"": ""96caff279881fc908cab7f1e1e6be34f8d5fcfc197a6a54c3d6b9317e1a51310""}",,,,FROZEN_MATERIAL_STEP_H_RISK,"{""evaluation_floor"": 7.322006305925231e-18, ""final_H_step_error"": 0.011772573995740495, ""final_full_gap"": 6.929674924261131e-05, ""final_normalized_H_step_error"": 1.6391531194641835, ""receiver_H_step_error"": 0.02281252229655758, ""receiver_full_gap"": 0.00026020558676548625, ""receiver_normalized_H_step_error"": 3.176299176270037, ""signed_full_gap_improvement"": 0.00019090883752287494}",,,a17_closure_locked_noise_v1_2009_0576f36e8b9640148259e663a41de0bd,,,True,"{""k"": ""4"", ""mode"": ""noise"", ""noise_basis_points"": ""300"", ""object_id"": ""2009"", ""phase"": ""middle"", ""realization_index"": ""2""}",,,"{""input"": ""frozen/coverage.csv"", ""json_pointer"": null, ""row_index_zero_based"": 176, ""sha256"": ""c994c28d687aaafee0d5d4b1e01ceea95a313df6bbb856ff3ad003434ab89da6""}","{""accepted_moves"": ""3"", ""classification_scope"": ""evaluation floor ONLY; not online acceptance tolerance"", ""endpoint_sha256"": ""7fdb02d1f5ac6228997e56d9117bd46bdd6f379b4e792c3049c95ca2a276ac49"", ""evaluation_classification"": ""improved"", ""evaluation_floor"": ""7.322006305925231e-18"", ""final_H_step_error"": ""0.011772573995740495"", ""final_full_gap"": ""6.929674924261131e-05"", ""final_half_H_step_energy"": ""6.929674924259266e-05"", ""final_nonlinear_status"": ""{\""reason\"": \""Separate owner bounded nonlinear transfer stage\"", \""status\"": \""NOT_RUN\""}"", ""final_normalized_H_step_error"": ""1.6391531194641835"", ""full_reference_H_energy"": ""5.1582668867046854e-05"", ""k"": ""4"", ""mode"": ""noise"", ""noise_basis_points"": ""300"", ""object_id"": ""2009"", ""one_step_truth"": ""{\""constraints_violated\"": true, \""relative_material_error\"": 0.576893371092201, \""scope\"": \""Offline unconstrained alpha1 diagnostic; not nonlinear accepted update\""}"", ""paired_attempt"": ""a17_closure_locked_noise_v1_2009_0576f36e8b9640148259e663a41de0bd"", ""phase"": ""middle"", ""realization_index"": ""2"", ""receiver_H_step_error"": ""0.02281252229655758"", ""receiver_full_gap"": ""0.00026020558676548625"", ""receiver_half_H_step_energy"": ""0.0002602055867654683"", ""receiver_normalized_H_step_error"": ""3.176299176270037"", ""reference_relative_residual"": ""2.5941722874540238e-12"", ""result_sha256"": ""f2ea334fd38e0215c7cd8b2bd4efb564cb6ca292b8c90a3fe69331da6aecf071"", ""selected_ids"": ""[3, 4, 96, 129]"", ""signed_full_gap_improvement"": ""0.00019090883752287494"", ""source_directory"": ""/Volumes/migodam's-external-brain/Research/Inv_SLAM/Gaussian/A17/CLOSURE_R1/remote_snapshots/noise_complete_v1/results/locked_noise_v1/object_2009/middle_noise300_rep2"", ""stop_reason"": ""MOVE_BUDGET_EXHAUSTED""}",AUDITED_TERMINAL,
,,evaluation floor ONLY; not online acceptance tolerance,,True,,,improved,noise,,,"{""input"": ""frozen/cells.csv"", ""json_pointer"": null, ""row_index_zero_based"": 37, ""sha256"": ""96caff279881fc908cab7f1e1e6be34f8d5fcfc197a6a54c3d6b9317e1a51310""}",,,,FROZEN_MATERIAL_STEP_H_RISK,"{""evaluation_floor"": 1.6497672277070472e-18, ""final_H_step_error"": 0.0073331731754521755, ""final_full_gap"": 2.6887714410592945e-05, ""final_normalized_H_step_error"": 1.4329321530575518, ""receiver_H_step_error"": 0.009989205774466398, ""receiver_full_gap"": 4.989211600231612e-05, ""receiver_normalized_H_step_error"": 1.9519318302282487, ""signed_full_gap_improvement"": 2.3004401591723175e-05}",,,a17_closure_locked_noise_v1_2009_0576f36e8b9640148259e663a41de0bd,,,True,"{""k"": ""8"", ""mode"": ""noise"", ""noise_basis_points"": ""100"", ""object_id"": ""2009"", ""phase"": ""middle"", ""realization_index"": ""0""}",,,"{""input"": ""frozen/coverage.csv"", ""json_pointer"": null, ""row_index_zero_based"": 177, ""sha256"": ""c994c28d687aaafee0d5d4b1e01ceea95a313df6bbb856ff3ad003434ab89da6""}","{""accepted_moves"": ""2"", ""classification_scope"": ""evaluation floor ONLY; not online acceptance tolerance"", ""endpoint_sha256"": ""bc87faab687a94e3bf4c4839280efd7ced620bf050dbf72757331c0d7e8f1709"", ""evaluation_classification"": ""improved"", ""evaluation_floor"": ""1.6497672277070472e-18"", ""final_H_step_error"": ""0.0073331731754521755"", ""final_full_gap"": ""2.6887714410592945e-05"", ""final_half_H_step_energy"": ""2.6887714410585674e-05"", ""final_nonlinear_status"": ""{\""reason\"": \""Separate owner bounded nonlinear transfer stage\"", \""status\"": \""NOT_RUN\""}"", ""final_normalized_H_step_error"": ""1.4329321530575518"", ""full_reference_H_energy"": ""2.618982682404323e-05"", ""k"": ""8"", ""mode"": ""noise"", ""noise_basis_points"": ""100"", ""object_id"": ""2009"", ""one_step_truth"": ""{\""constraints_violated\"": true, \""relative_material_error\"": 0.5826129343638364, \""scope\"": \""Offline unconstrained alpha1 diagnostic; not nonlinear accepted update\""}"", ""paired_attempt"": ""a17_closure_locked_noise_v1_2009_0576f36e8b9640148259e663a41de0bd"", ""phase"": ""middle"", ""realization_index"": ""0"", ""receiver_H_step_error"": ""0.009989205774466398"", ""receiver_full_gap"": ""4.989211600231612e-05"", ""receiver_half_H_step_energy"": ""4.989211600231642e-05"", ""receiver_normalized_H_step_error"": ""1.9519318302282487"", ""reference_relative_residual"": ""2.8351943893913128e-12"", ""result_sha256"": ""0ac4d974eaf6fa91d21cee2615310fef7ae39aeeba2a8948523f82c4de38fe79"", ""selected_ids"": ""[1, 2, 4, 5, 6, 7, 65, 33]"", ""signed_full_gap_improvement"": ""2.3004401591723175e-05"", ""source_directory"": ""/Volumes/migodam's-external-brain/Research/Inv_SLAM/Gaussian/A17/CLOSURE_R1/remote_snapshots/noise_complete_v1/results/locked_noise_v1/object_2009/middle_noise100_rep0"", ""stop_reason"": ""ABSTAIN_UNRESOLVED""}",AUDITED_TERMINAL,
,,evaluation floor ONLY; not online acceptance tolerance,,True,,,improved,noise,,,"{""input"": ""frozen/cells.csv"", ""json_pointer"": null, ""row_index_zero_based"": 40, ""sha256"": ""96caff279881fc908cab7f1e1e6be34f8d5fcfc197a6a54c3d6b9317e1a51310""}",,,,FROZEN_MATERIAL_STEP_H_RISK,"{""evaluation_floor"": 1.684765117417602e-18, ""final_H_step_error"": 0.007507074476791176, ""final_full_gap"": 2.8178083600073895e-05, ""final_normalized_H_step_error"": 1.3851071748108679, ""receiver_H_step_error"": 0.010076862154422916, ""receiver_full_gap"": 5.077157543969074e-05, ""receiver_normalized_H_step_error"": 1.8592507790914163, ""signed_full_gap_improvement"": 2.2593491839616847e-05}",,,a17_closure_locked_noise_v1_2009_0576f36e8b9640148259e663a41de0bd,,,True,"{""k"": ""8"", ""mode"": ""noise"", ""noise_basis_points"": ""100"", ""object_id"": ""2009"", ""phase"": ""middle"", ""realization_index"": ""1""}",,,"{""input"": ""frozen/coverage.csv"", ""json_pointer"": null, ""row_index_zero_based"": 178, ""sha256"": ""c994c28d687aaafee0d5d4b1e01ceea95a313df6bbb856ff3ad003434ab89da6""}","{""accepted_moves"": ""2"", ""classification_scope"": ""evaluation floor ONLY; not online acceptance tolerance"", ""endpoint_sha256"": ""cc115bdeacd1b9d8b8874b3fd2996787594f1326f230ea274db9ebc9ab4310a1"", ""evaluation_classification"": ""improved"", ""evaluation_floor"": ""1.684765117417602e-18"", ""final_H_step_error"": ""0.007507074476791176"", ""final_full_gap"": ""2.8178083600073895e-05"", ""final_half_H_step_energy"": ""2.8178083600044754e-05"", ""final_nonlinear_status"": ""{\""reason\"": \""Separate owner bounded nonlinear transfer stage\"", \""status\"": \""NOT_RUN\""}"", ""final_normalized_H_step_error"": ""1.3851071748108679"", ""full_reference_H_energy"": ""2.937478462965705e-05"", ""k"": ""8"", ""mode"": ""noise"", ""noise_basis_points"": ""100"", ""object_id"": ""2009"", ""one_step_truth"": ""{\""constraints_violated\"": true, \""relative_material_error\"": 0.5948363929410458, \""scope\"": \""Offline unconstrained alpha1 diagnostic; not nonlinear accepted update\""}"", ""paired_attempt"": ""a17_closure_locked_noise_v1_2009_0576f36e8b9640148259e663a41de0bd"", ""phase"": ""middle"", ""realization_index"": ""1"", ""receiver_H_step_error"": ""0.010076862154422916"", ""receiver_full_gap"": ""5.077157543969074e-05"", ""receiver_half_H_step_energy"": ""5.077157543962042e-05"", ""receiver_normalized_H_step_error"": ""1.8592507790914163"", ""reference_relative_residual"": ""8.524080730315498e-12"", ""result_sha256"": ""4cad24c77a9a78a8c1c5a7ff89c68ae7da8ec393ec210614b27fa51e92165666"", ""selected_ids"": ""[0, 2, 3, 4, 6, 7, 96, 8]"", ""signed_full_gap_improvement"": ""2.2593491839616847e-05"", ""source_directory"": ""/Volumes/migodam's-external-brain/Research/Inv_SLAM/Gaussian/A17/CLOSURE_R1/remote_snapshots/noise_complete_v1/results/locked_noise_v1/object_2009/middle_noise100_rep1"", ""stop_reason"": ""ABSTAIN_UNRESOLVED""}",AUDITED_TERMINAL,
,,evaluation floor ONLY; not online acceptance tolerance,,True,,,improved,noise,,,"{""input"": ""frozen/cells.csv"", ""json_pointer"": null, ""row_index_zero_based"": 43, ""sha256"": ""96caff279881fc908cab7f1e1e6be34f8d5fcfc197a6a54c3d6b9317e1a51310""}",,,,FROZEN_MATERIAL_STEP_H_RISK,"{""evaluation_floor"": 1.6407530649186528e-18, ""final_H_step_error"": 0.007776027900613387, ""final_full_gap"": 3.0233304955566323e-05, ""final_normalized_H_step_error"": 1.559222207831669, ""receiver_H_step_error"": 0.009732884188106375, ""receiver_full_gap"": 4.736451730956121e-05, ""receiver_normalized_H_step_error"": 1.9516042594384306, ""signed_full_gap_improvement"": 1.7131212353994888e-05}",,,a17_closure_locked_noise_v1_2009_0576f36e8b9640148259e663a41de0bd,,,True,"{""k"": ""8"", ""mode"": ""noise"", ""noise_basis_points"": ""100"", ""object_id"": ""2009"", ""phase"": ""middle"", ""realization_index"": ""2""}",,,"{""input"": ""frozen/coverage.csv"", ""json_pointer"": null, ""row_index_zero_based"": 179, ""sha256"": ""c994c28d687aaafee0d5d4b1e01ceea95a313df6bbb856ff3ad003434ab89da6""}","{""accepted_moves"": ""1"", ""classification_scope"": ""evaluation floor ONLY; not online acceptance tolerance"", ""endpoint_sha256"": ""681f0b896ad6a501f4a3091df6758d7aadff5b0c2e3b7dbcdd4b063fa10def30"", ""evaluation_classification"": ""improved"", ""evaluation_floor"": ""1.6407530649186528e-18"", ""final_H_step_error"": ""0.007776027900613387"", ""final_full_gap"": ""3.0233304955566323e-05"", ""final_half_H_step_energy"": ""3.023330495555892e-05"", ""final_nonlinear_status"": ""{\""reason\"": \""Separate owner bounded nonlinear transfer stage\"", \""status\"": \""NOT_RUN\""}"", ""final_normalized_H_step_error"": ""1.559222207831669"", ""full_reference_H_energy"": ""2.4871363613841706e-05"", ""k"": ""8"", ""mode"": ""noise"", ""noise_basis_points"": ""100"", ""object_id"": ""2009"", ""one_step_truth"": ""{\""constraints_violated\"": true, \""relative_material_error\"": 0.5777306768565923, \""scope\"": \""Offline unconstrained alpha1 diagnostic; not nonlinear accepted update\""}"", ""paired_attempt"": ""a17_closure_locked_noise_v1_2009_0576f36e8b9640148259e663a41de0bd"", ""phase"": ""middle"", ""realization_index"": ""2"", ""receiver_H_step_error"": ""0.009732884188106375"", ""receiver_full_gap"": ""4.736451730956121e-05"", ""receiver_half_H_step_energy"": ""4.736451730954554e-05"", ""receiver_normalized_H_step_error"": ""1.9516042594384306"", ""reference_relative_residual"": ""2.1144156881566672e-12"", ""result_sha256"": ""e0789e839c225483c74ad8fb378c8bff6653cfbbb0f3f20cdcd614e2954c82e5"", ""selected_ids"": ""[1, 2, 3, 4, 5, 6, 7, 65]"", ""signed_full_gap_improvement"": ""1.7131212353994888e-05"", ""source_directory"": ""/Volumes/migodam's-external-brain/Research/Inv_SLAM/Gaussian/A17/CLOSURE_R1/remote_snapshots/noise_complete_v1/results/locked_noise_v1/object_2009/middle_noise100_rep2"", ""stop_reason"": ""ABSTAIN_UNRESOLVED""}",AUDITED_TERMINAL,
,,evaluation floor ONLY; not online acceptance tolerance,,True,,,improved,noise,,,"{""input"": ""frozen/cells.csv"", ""json_pointer"": null, ""row_index_zero_based"": 46, ""sha256"": ""96caff279881fc908cab7f1e1e6be34f8d5fcfc197a6a54c3d6b9317e1a51310""}",,,,FROZEN_MATERIAL_STEP_H_RISK,"{""evaluation_floor"": 7.376196217179485e-18, ""final_H_step_error"": 0.008331880561223772, ""final_full_gap"": 3.471011684325595e-05, ""final_normalized_H_step_error"": 1.1201513176700382, ""receiver_H_step_error"": 0.010922285279610358, ""receiver_full_gap"": 5.964815786460227e-05, ""receiver_normalized_H_step_error"": 1.468409461468157, ""signed_full_gap_improvement"": 2.4938041021346324e-05}",,,a17_closure_locked_noise_v1_2009_0576f36e8b9640148259e663a41de0bd,,,True,"{""k"": ""8"", ""mode"": ""noise"", ""noise_basis_points"": ""300"", ""object_id"": ""2009"", ""phase"": ""middle"", ""realization_index"": ""0""}",,,"{""input"": ""frozen/coverage.csv"", ""json_pointer"": null, ""row_index_zero_based"": 180, ""sha256"": ""c994c28d687aaafee0d5d4b1e01ceea95a313df6bbb856ff3ad003434ab89da6""}","{""accepted_moves"": ""2"", ""classification_scope"": ""evaluation floor ONLY; not online acceptance tolerance"", ""endpoint_sha256"": ""0251c36125a23dd69d3b8d5cfe67b200e1f72bfdb0fab02eb43e4fc1b78aea9f"", ""evaluation_classification"": ""improved"", ""evaluation_floor"": ""7.376196217179485e-18"", ""final_H_step_error"": ""0.008331880561223772"", ""final_full_gap"": ""3.471011684325595e-05"", ""final_half_H_step_energy"": ""3.471011684324928e-05"", ""final_nonlinear_status"": ""{\""reason\"": \""Separate owner bounded nonlinear transfer stage\"", \""status\"": \""NOT_RUN\""}"", ""final_normalized_H_step_error"": ""1.1201513176700382"", ""full_reference_H_energy"": ""5.532643450035751e-05"", ""k"": ""8"", ""mode"": ""noise"", ""noise_basis_points"": ""300"", ""object_id"": ""2009"", ""one_step_truth"": ""{\""constraints_violated\"": true, \""relative_material_error\"": 0.5765222005227068, \""scope\"": \""Offline unconstrained alpha1 diagnostic; not nonlinear accepted update\""}"", ""paired_attempt"": ""a17_closure_locked_noise_v1_2009_0576f36e8b9640148259e663a41de0bd"", ""phase"": ""middle"", ""realization_index"": ""0"", ""receiver_H_step_error"": ""0.010922285279610358"", ""receiver_full_gap"": ""5.964815786460227e-05"", ""receiver_half_H_step_energy"": ""5.964815786459656e-05"", ""receiver_normalized_H_step_error"": ""1.468409461468157"", ""reference_relative_residual"": ""1.333762576747536e-12"", ""result_sha256"": ""66eec41471122f56f200e2f9df58772d3d07419c31fa755ae28e26b9570923bd"", ""selected_ids"": ""[0, 1, 4, 5, 6, 7, 33, 8]"", ""signed_full_gap_improvement"": ""2.4938041021346324e-05"", ""source_directory"": ""/Volumes/migodam's-external-brain/Research/Inv_SLAM/Gaussian/A17/CLOSURE_R1/remote_snapshots/noise_complete_v1/results/locked_noise_v1/object_2009/middle_noise300_rep0"", ""stop_reason"": ""ABSTAIN_UNRESOLVED""}",AUDITED_TERMINAL,
,,evaluation floor ONLY; not online acceptance tolerance,,True,,,improved,noise,,,"{""input"": ""frozen/cells.csv"", ""json_pointer"": null, ""row_index_zero_based"": 49, ""sha256"": ""96caff279881fc908cab7f1e1e6be34f8d5fcfc197a6a54c3d6b9317e1a51310""}",,,,FROZEN_MATERIAL_STEP_H_RISK,"{""evaluation_floor"": 7.42073318755118e-18, ""final_H_step_error"": 0.008746518478425506, ""final_full_gap"": 3.825079274672508e-05, ""final_normalized_H_step_error"": 1.2630377725172963, ""receiver_H_step_error"": 0.010660590646726496, ""receiver_full_gap"": 5.68240964685215e-05, ""receiver_normalized_H_step_error"": 1.5394386574924372, ""signed_full_gap_improvement"": 1.8573303721796424e-05}",,,a17_closure_locked_noise_v1_2009_0576f36e8b9640148259e663a41de0bd,,,True,"{""k"": ""8"", ""mode"": ""noise"", ""noise_basis_points"": ""300"", ""object_id"": ""2009"", ""phase"": ""middle"", ""realization_index"": ""1""}",,,"{""input"": ""frozen/coverage.csv"", ""json_pointer"": null, ""row_index_zero_based"": 181, ""sha256"": ""c994c28d687aaafee0d5d4b1e01ceea95a313df6bbb856ff3ad003434ab89da6""}","{""accepted_moves"": ""3"", ""classification_scope"": ""evaluation floor ONLY; not online acceptance tolerance"", ""endpoint_sha256"": ""7e7adf5e3556a01b797208a5107233f206e4f155f307471dae39cff5d10e6dff"", ""evaluation_classification"": ""improved"", ""evaluation_floor"": ""7.42073318755118e-18"", ""final_H_step_error"": ""0.008746518478425506"", ""final_full_gap"": ""3.825079274672508e-05"", ""final_half_H_step_energy"": ""3.825079274671941e-05"", ""final_nonlinear_status"": ""{\""reason\"": \""Separate owner bounded nonlinear transfer stage\"", \""status\"": \""NOT_RUN\""}"", ""final_normalized_H_step_error"": ""1.2630377725172963"", ""full_reference_H_energy"": ""4.79554265634192e-05"", ""k"": ""8"", ""mode"": ""noise"", ""noise_basis_points"": ""300"", ""object_id"": ""2009"", ""one_step_truth"": ""{\""constraints_violated\"": true, \""relative_material_error\"": 0.578559855040763, \""scope\"": \""Offline unconstrained alpha1 diagnostic; not nonlinear accepted update\""}"", ""paired_attempt"": ""a17_closure_locked_noise_v1_2009_0576f36e8b9640148259e663a41de0bd"", ""phase"": ""middle"", ""realization_index"": ""1"", ""receiver_H_step_error"": ""0.010660590646726496"", ""receiver_full_gap"": ""5.68240964685215e-05"", ""receiver_half_H_step_energy"": ""5.682409646853623e-05"", ""receiver_normalized_H_step_error"": ""1.5394386574924372"", ""reference_relative_residual"": ""1.0043040468959676e-12"", ""result_sha256"": ""03131eecc3dbec6c543271395683584401d6688ff3aa383e242c2406efcb4db0"", ""selected_ids"": ""[0, 2, 4, 5, 7, 8, 96, 64]"", ""signed_full_gap_improvement"": ""1.8573303721796424e-05"", ""source_directory"": ""/Volumes/migodam's-external-brain/Research/Inv_SLAM/Gaussian/A17/CLOSURE_R1/remote_snapshots/noise_complete_v1/results/locked_noise_v1/object_2009/middle_noise300_rep1"", ""stop_reason"": ""MOVE_BUDGET_EXHAUSTED""}",AUDITED_TERMINAL,
,,evaluation floor ONLY; not online acceptance tolerance,,True,,,improved,noise,,,"{""input"": ""frozen/cells.csv"", ""json_pointer"": null, ""row_index_zero_based"": 52, ""sha256"": ""96caff279881fc908cab7f1e1e6be34f8d5fcfc197a6a54c3d6b9317e1a51310""}",,,,FROZEN_MATERIAL_STEP_H_RISK,"{""evaluation_floor"": 7.322006305925231e-18, ""final_H_step_error"": 0.007759065368898601, ""final_full_gap"": 3.0101547699459054e-05, ""final_normalized_H_step_error"": 1.0803326620124316, ""receiver_H_step_error"": 0.011026719448674858, ""receiver_full_gap"": 6.0794270899928196e-05, ""receiver_normalized_H_step_error"": 1.535304138949682, ""signed_full_gap_improvement"": 3.069272320046914e-05}",,,a17_closure_locked_noise_v1_2009_0576f36e8b9640148259e663a41de0bd,,,True,"{""k"": ""8"", ""mode"": ""noise"", ""noise_basis_points"": ""300"", ""object_id"": ""2009"", ""phase"": ""middle"", ""realization_index"": ""2""}",,,"{""input"": ""frozen/coverage.csv"", ""json_pointer"": null, ""row_index_zero_based"": 182, ""sha256"": ""c994c28d687aaafee0d5d4b1e01ceea95a313df6bbb856ff3ad003434ab89da6""}","{""accepted_moves"": ""3"", ""classification_scope"": ""evaluation floor ONLY; not online acceptance tolerance"", ""endpoint_sha256"": ""a016c1ca2daea7195aa4468c312b3db622145d1fcf5f8db4c4a99efde222e367"", ""evaluation_classification"": ""improved"", ""evaluation_floor"": ""7.322006305925231e-18"", ""final_H_step_error"": ""0.007759065368898601"", ""final_full_gap"": ""3.0101547699459054e-05"", ""final_half_H_step_energy"": ""3.010154769942079e-05"", ""final_nonlinear_status"": ""{\""reason\"": \""Separate owner bounded nonlinear transfer stage\"", \""status\"": \""NOT_RUN\""}"", ""final_normalized_H_step_error"": ""1.0803326620124316"", ""full_reference_H_energy"": ""5.1582668867046854e-05"", ""k"": ""8"", ""mode"": ""noise"", ""noise_basis_points"": ""300"", ""object_id"": ""2009"", ""one_step_truth"": ""{\""constraints_violated\"": true, \""relative_material_error\"": 0.5684796656964143, \""scope\"": \""Offline unconstrained alpha1 diagnostic; not nonlinear accepted update\""}"", ""paired_attempt"": ""a17_closure_locked_noise_v1_2009_0576f36e8b9640148259e663a41de0bd"", ""phase"": ""middle"", ""realization_index"": ""2"", ""receiver_H_step_error"": ""0.011026719448674858"", ""receiver_full_gap"": ""6.0794270899928196e-05"", ""receiver_half_H_step_energy"": ""6.0794270899892194e-05"", ""receiver_normalized_H_step_error"": ""1.535304138949682"", ""reference_relative_residual"": ""2.5941722874540238e-12"", ""result_sha256"": ""f2ea334fd38e0215c7cd8b2bd4efb564cb6ca292b8c90a3fe69331da6aecf071"", ""selected_ids"": ""[0, 1, 4, 5, 6, 7, 64, 96]"", ""signed_full_gap_improvement"": ""3.069272320046914e-05"", ""source_directory"": ""/Volumes/migodam's-external-brain/Research/Inv_SLAM/Gaussian/A17/CLOSURE_R1/remote_snapshots/noise_complete_v1/results/locked_noise_v1/object_2009/middle_noise300_rep2"", ""stop_reason"": ""MOVE_BUDGET_EXHAUSTED""}",AUDITED_TERMINAL,
,,evaluation floor ONLY; not online acceptance tolerance,,True,,,improved,noise,,,"{""input"": ""frozen/cells.csv"", ""json_pointer"": null, ""row_index_zero_based"": 38, ""sha256"": ""96caff279881fc908cab7f1e1e6be34f8d5fcfc197a6a54c3d6b9317e1a51310""}",,,,FROZEN_MATERIAL_STEP_H_RISK,"{""evaluation_floor"": 1.6497672277070472e-18, ""final_H_step_error"": 0.0032884419111220775, ""final_full_gap"": 5.406925101413202e-06, ""final_normalized_H_step_error"": 0.6425750538229028, ""receiver_H_step_error"": 0.003984702276804209, ""receiver_full_gap"": 7.938926117385208e-06, ""receiver_normalized_H_step_error"": 0.7786271885556973, ""signed_full_gap_improvement"": 2.5320010159720055e-06}",,,a17_closure_locked_noise_v1_2009_0576f36e8b9640148259e663a41de0bd,,,True,"{""k"": ""16"", ""mode"": ""noise"", ""noise_basis_points"": ""100"", ""object_id"": ""2009"", ""phase"": ""middle"", ""realization_index"": ""0""}",,,"{""input"": ""frozen/coverage.csv"", ""json_pointer"": null, ""row_index_zero_based"": 183, ""sha256"": ""c994c28d687aaafee0d5d4b1e01ceea95a313df6bbb856ff3ad003434ab89da6""}","{""accepted_moves"": ""1"", ""classification_scope"": ""evaluation floor ONLY; not online acceptance tolerance"", ""endpoint_sha256"": ""b59c968b146dea67a7b5ffb2fe89d9cafddf2dcd07030c2bcd07581d614ad21e"", ""evaluation_classification"": ""improved"", ""evaluation_floor"": ""1.6497672277070472e-18"", ""final_H_step_error"": ""0.0032884419111220775"", ""final_full_gap"": ""5.406925101413202e-06"", ""final_half_H_step_energy"": ""5.406925101412111e-06"", ""final_nonlinear_status"": ""{\""reason\"": \""Separate owner bounded nonlinear transfer stage\"", \""status\"": \""NOT_RUN\""}"", ""final_normalized_H_step_error"": ""0.6425750538229028"", ""full_reference_H_energy"": ""2.618982682404323e-05"", ""k"": ""16"", ""mode"": ""noise"", ""noise_basis_points"": ""100"", ""object_id"": ""2009"", ""one_step_truth"": ""{\""constraints_violated\"": true, \""relative_material_error\"": 0.5753733027510418, \""scope\"": \""Offline unconstrained alpha1 diagnostic; not nonlinear accepted update\""}"", ""paired_attempt"": ""a17_closure_locked_noise_v1_2009_0576f36e8b9640148259e663a41de0bd"", ""phase"": ""middle"", ""realization_index"": ""0"", ""receiver_H_step_error"": ""0.003984702276804209"", ""receiver_full_gap"": ""7.938926117385208e-06"", ""receiver_half_H_step_energy"": ""7.938926117384322e-06"", ""receiver_normalized_H_step_error"": ""0.7786271885556973"", ""reference_relative_residual"": ""2.8351943893913128e-12"", ""result_sha256"": ""0ac4d974eaf6fa91d21cee2615310fef7ae39aeeba2a8948523f82c4de38fe79"", ""selected_ids"": ""[0, 1, 2, 3, 4, 6, 7, 8, 9, 10, 11, 12, 13, 14, 15, 96]"", ""signed_full_gap_improvement"": ""2.5320010159720055e-06"", ""source_directory"": ""/Volumes/migodam's-external-brain/Research/Inv_SLAM/Gaussian/A17/CLOSURE_R1/remote_snapshots/noise_complete_v1/results/locked_noise_v1/object_2009/middle_noise100_rep0"", ""stop_reason"": ""ABSTAIN_UNRESOLVED""}",AUDITED_TERMINAL,
,,evaluation floor ONLY; not online acceptance tolerance,,True,,,improved,noise,,,"{""input"": ""frozen/cells.csv"", ""json_pointer"": null, ""row_index_zero_based"": 41, ""sha256"": ""96caff279881fc908cab7f1e1e6be34f8d5fcfc197a6a54c3d6b9317e1a51310""}",,,,FROZEN_MATERIAL_STEP_H_RISK,"{""evaluation_floor"": 1.684765117417602e-18, ""final_H_step_error"": 0.004093190769247859, ""final_full_gap"": 8.377105336708795e-06, ""final_normalized_H_step_error"": 0.7552220135663553, ""receiver_H_step_error"": 0.004512986479298119, ""receiver_full_gap"": 1.0183523481157504e-05, ""receiver_normalized_H_step_error"": 0.8326772262118515, ""signed_full_gap_improvement"": 1.8064181444487089e-06}",,,a17_closure_locked_noise_v1_2009_0576f36e8b9640148259e663a41de0bd,,,True,"{""k"": ""16"", ""mode"": ""noise"", ""noise_basis_points"": ""100"", ""object_id"": ""2009"", ""phase"": ""middle"", ""realization_index"": ""1""}",,,"{""input"": ""frozen/coverage.csv"", ""json_pointer"": null, ""row_index_zero_based"": 184, ""sha256"": ""c994c28d687aaafee0d5d4b1e01ceea95a313df6bbb856ff3ad003434ab89da6""}","{""accepted_moves"": ""1"", ""classification_scope"": ""evaluation floor ONLY; not online acceptance tolerance"", ""endpoint_sha256"": ""d91e6f23f41cdb82b8dc16e4dc67bb47e2894953380fad81de00678341abd039"", ""evaluation_classification"": ""improved"", ""evaluation_floor"": ""1.684765117417602e-18"", ""final_H_step_error"": ""0.004093190769247859"", ""final_full_gap"": ""8.377105336708795e-06"", ""final_half_H_step_energy"": ""8.37710533672794e-06"", ""final_nonlinear_status"": ""{\""reason\"": \""Separate owner bounded nonlinear transfer stage\"", \""status\"": \""NOT_RUN\""}"", ""final_normalized_H_step_error"": ""0.7552220135663553"", ""full_reference_H_energy"": ""2.937478462965705e-05"", ""k"": ""16"", ""mode"": ""noise"", ""noise_basis_points"": ""100"", ""object_id"": ""2009"", ""one_step_truth"": ""{\""constraints_violated\"": true, \""relative_material_error\"": 0.5783813496261485, \""scope\"": \""Offline unconstrained alpha1 diagnostic; not nonlinear accepted update\""}"", ""paired_attempt"": ""a17_closure_locked_noise_v1_2009_0576f36e8b9640148259e663a41de0bd"", ""phase"": ""middle"", ""realization_index"": ""1"", ""receiver_H_step_error"": ""0.004512986479298119"", ""receiver_full_gap"": ""1.0183523481157504e-05"", ""receiver_half_H_step_energy"": ""1.0183523481163813e-05"", ""receiver_normalized_H_step_error"": ""0.8326772262118515"", ""reference_relative_residual"": ""8.524080730315498e-12"", ""result_sha256"": ""4cad24c77a9a78a8c1c5a7ff89c68ae7da8ec393ec210614b27fa51e92165666"", ""selected_ids"": ""[0, 1, 2, 3, 4, 5, 6, 7, 8, 9, 10, 12, 13, 14, 15, 97]"", ""signed_full_gap_improvement"": ""1.8064181444487089e-06"", ""source_directory"": ""/Volumes/migodam's-external-brain/Research/Inv_SLAM/Gaussian/A17/CLOSURE_R1/remote_snapshots/noise_complete_v1/results/locked_noise_v1/object_2009/middle_noise100_rep1"", ""stop_reason"": ""ABSTAIN_UNRESOLVED""}",AUDITED_TERMINAL,
,,evaluation floor ONLY; not online acceptance tolerance,,True,,,improved,noise,,,"{""input"": ""frozen/cells.csv"", ""json_pointer"": null, ""row_index_zero_based"": 44, ""sha256"": ""96caff279881fc908cab7f1e1e6be34f8d5fcfc197a6a54c3d6b9317e1a51310""}",,,,FROZEN_MATERIAL_STEP_H_RISK,"{""evaluation_floor"": 1.6407530649186528e-18, ""final_H_step_error"": 0.0036004594865377383, ""final_full_gap"": 6.481654257100501e-06, ""final_normalized_H_step_error"": 0.721951677843776, ""receiver_H_step_error"": 0.0040328780705495585, ""receiver_full_gap"": 8.132052765960358e-06, ""receiver_normalized_H_step_error"": 0.8086587560446105, ""signed_full_gap_improvement"": 1.6503985088598566e-06}",,,a17_closure_locked_noise_v1_2009_0576f36e8b9640148259e663a41de0bd,,,True,"{""k"": ""16"", ""mode"": ""noise"", ""noise_basis_points"": ""100"", ""object_id"": ""2009"", ""phase"": ""middle"", ""realization_index"": ""2""}",,,"{""input"": ""frozen/coverage.csv"", ""json_pointer"": null, ""row_index_zero_based"": 185, ""sha256"": ""c994c28d687aaafee0d5d4b1e01ceea95a313df6bbb856ff3ad003434ab89da6""}","{""accepted_moves"": ""2"", ""classification_scope"": ""evaluation floor ONLY; not online acceptance tolerance"", ""endpoint_sha256"": ""6be2fe5817150568f2f6dbd6526aded09c26f0f20baf256e51a0b01eabee5b64"", ""evaluation_classification"": ""improved"", ""evaluation_floor"": ""1.6407530649186528e-18"", ""final_H_step_error"": ""0.0036004594865377383"", ""final_full_gap"": ""6.481654257100501e-06"", ""final_half_H_step_energy"": ""6.481654257099797e-06"", ""final_nonlinear_status"": ""{\""reason\"": \""Separate owner bounded nonlinear transfer stage\"", \""status\"": \""NOT_RUN\""}"", ""final_normalized_H_step_error"": ""0.721951677843776"", ""full_reference_H_energy"": ""2.4871363613841706e-05"", ""k"": ""16"", ""mode"": ""noise"", ""noise_basis_points"": ""100"", ""object_id"": ""2009"", ""one_step_truth"": ""{\""constraints_violated\"": true, \""relative_material_error\"": 0.5765167759543407, \""scope\"": \""Offline unconstrained alpha1 diagnostic; not nonlinear accepted update\""}"", ""paired_attempt"": ""a17_closure_locked_noise_v1_2009_0576f36e8b9640148259e663a41de0bd"", ""phase"": ""middle"", ""realization_index"": ""2"", ""receiver_H_step_error"": ""0.0040328780705495585"", ""receiver_full_gap"": ""8.132052765960358e-06"", ""receiver_half_H_step_energy"": ""8.132052765959766e-06"", ""receiver_normalized_H_step_error"": ""0.8086587560446105"", ""reference_relative_residual"": ""2.1144156881566672e-12"", ""result_sha256"": ""e0789e839c225483c74ad8fb378c8bff6653cfbbb0f3f20cdcd614e2954c82e5"", ""selected_ids"": ""[0, 1, 2, 3, 5, 6, 7, 8, 9, 10, 12, 13, 14, 15, 97, 33]"", ""signed_full_gap_improvement"": ""1.6503985088598566e-06"", ""source_directory"": ""/Volumes/migodam's-external-brain/Research/Inv_SLAM/Gaussian/A17/CLOSURE_R1/remote_snapshots/noise_complete_v1/results/locked_noise_v1/object_2009/middle_noise100_rep2"", ""stop_reason"": ""ABSTAIN_UNRESOLVED""}",AUDITED_TERMINAL,
,,evaluation floor ONLY; not online acceptance tolerance,,True,,,improved,noise,,,"{""input"": ""frozen/cells.csv"", ""json_pointer"": null, ""row_index_zero_based"": 47, ""sha256"": ""96caff279881fc908cab7f1e1e6be34f8d5fcfc197a6a54c3d6b9317e1a51310""}",,,,FROZEN_MATERIAL_STEP_H_RISK,"{""evaluation_floor"": 7.376196217179485e-18, ""final_H_step_error"": 0.004131472140121098, ""final_full_gap"": 8.534531022304835e-06, ""final_normalized_H_step_error"": 0.5554417070272989, ""receiver_H_step_error"": 0.004876528254047532, ""receiver_full_gap"": 1.1890263906274507e-05, ""receiver_normalized_H_step_error"": 0.6556082398550608, ""signed_full_gap_improvement"": 3.355732883969672e-06}",,,a17_closure_locked_noise_v1_2009_0576f36e8b9640148259e663a41de0bd,,,True,"{""k"": ""16"", ""mode"": ""noise"", ""noise_basis_points"": ""300"", ""object_id"": ""2009"", ""phase"": ""middle"", ""realization_index"": ""0""}",,,"{""input"": ""frozen/coverage.csv"", ""json_pointer"": null, ""row_index_zero_based"": 186, ""sha256"": ""c994c28d687aaafee0d5d4b1e01ceea95a313df6bbb856ff3ad003434ab89da6""}","{""accepted_moves"": ""3"", ""classification_scope"": ""evaluation floor ONLY; not online acceptance tolerance"", ""endpoint_sha256"": ""8eec8561556ed55776914b52f7af948382dfdc5397637ef863a6da05783842fb"", ""evaluation_classification"": ""improved"", ""evaluation_floor"": ""7.376196217179485e-18"", ""final_H_step_error"": ""0.004131472140121098"", ""final_full_gap"": ""8.534531022304835e-06"", ""final_half_H_step_energy"": ""8.534531022298402e-06"", ""final_nonlinear_status"": ""{\""reason\"": \""Separate owner bounded nonlinear transfer stage\"", \""status\"": \""NOT_RUN\""}"", ""final_normalized_H_step_error"": ""0.5554417070272989"", ""full_reference_H_energy"": ""5.532643450035751e-05"", ""k"": ""16"", ""mode"": ""noise"", ""noise_basis_points"": ""300"", ""object_id"": ""2009"", ""one_step_truth"": ""{\""constraints_violated\"": true, \""relative_material_error\"": 0.5783516164143776, \""scope\"": \""Offline unconstrained alpha1 diagnostic; not nonlinear accepted update\""}"", ""paired_attempt"": ""a17_closure_locked_noise_v1_2009_0576f36e8b9640148259e663a41de0bd"", ""phase"": ""middle"", ""realization_index"": ""0"", ""receiver_H_step_error"": ""0.004876528254047532"", ""receiver_full_gap"": ""1.1890263906274507e-05"", ""receiver_half_H_step_energy"": ""1.1890263906261934e-05"", ""receiver_normalized_H_step_error"": ""0.6556082398550608"", ""reference_relative_residual"": ""1.333762576747536e-12"", ""result_sha256"": ""66eec41471122f56f200e2f9df58772d3d07419c31fa755ae28e26b9570923bd"", ""selected_ids"": ""[0, 1, 3, 5, 6, 7, 8, 9, 10, 11, 12, 14, 15, 17, 16, 145]"", ""signed_full_gap_improvement"": ""3.355732883969672e-06"", ""source_directory"": ""/Volumes/migodam's-external-brain/Research/Inv_SLAM/Gaussian/A17/CLOSURE_R1/remote_snapshots/noise_complete_v1/results/locked_noise_v1/object_2009/middle_noise300_rep0"", ""stop_reason"": ""MOVE_BUDGET_EXHAUSTED""}",AUDITED_TERMINAL,
,,evaluation floor ONLY; not online acceptance tolerance,,True,,,equal_within_evaluation_floor,noise,,,"{""input"": ""frozen/cells.csv"", ""json_pointer"": null, ""row_index_zero_based"": 50, ""sha256"": ""96caff279881fc908cab7f1e1e6be34f8d5fcfc197a6a54c3d6b9317e1a51310""}",,,,FROZEN_MATERIAL_STEP_H_RISK,"{""evaluation_floor"": 7.42073318755118e-18, ""final_H_step_error"": 0.004869788210488226, ""final_full_gap"": 1.18574186075066e-05, ""final_normalized_H_step_error"": 0.7032199690857173, ""receiver_H_step_error"": 0.004869788210488226, ""receiver_full_gap"": 1.18574186075066e-05, ""receiver_normalized_H_step_error"": 0.7032199690857173, ""signed_full_gap_improvement"": 0.0}",,,a17_closure_locked_noise_v1_2009_0576f36e8b9640148259e663a41de0bd,,,True,"{""k"": ""16"", ""mode"": ""noise"", ""noise_basis_points"": ""300"", ""object_id"": ""2009"", ""phase"": ""middle"", ""realization_index"": ""1""}",,,"{""input"": ""frozen/coverage.csv"", ""json_pointer"": null, ""row_index_zero_based"": 187, ""sha256"": ""c994c28d687aaafee0d5d4b1e01ceea95a313df6bbb856ff3ad003434ab89da6""}","{""accepted_moves"": ""0"", ""classification_scope"": ""evaluation floor ONLY; not online acceptance tolerance"", ""endpoint_sha256"": ""e38fcffa9656c70993bbff394e76fb6ef2d2f90a44bbece21bbea0898c150176"", ""evaluation_classification"": ""equal_within_evaluation_floor"", ""evaluation_floor"": ""7.42073318755118e-18"", ""final_H_step_error"": ""0.004869788210488226"", ""final_full_gap"": ""1.18574186075066e-05"", ""final_half_H_step_energy"": ""1.1857418607505059e-05"", ""final_nonlinear_status"": ""{\""reason\"": \""Separate owner bounded nonlinear transfer stage\"", \""status\"": \""NOT_RUN\""}"", ""final_normalized_H_step_error"": ""0.7032199690857173"", ""full_reference_H_energy"": ""4.79554265634192e-05"", ""k"": ""16"", ""mode"": ""noise"", ""noise_basis_points"": ""300"", ""object_id"": ""2009"", ""one_step_truth"": ""{\""constraints_violated\"": true, \""relative_material_error\"": 0.5742042066371547, \""scope\"": \""Offline unconstrained alpha1 diagnostic; not nonlinear accepted update\""}"", ""paired_attempt"": ""a17_closure_locked_noise_v1_2009_0576f36e8b9640148259e663a41de0bd"", ""phase"": ""middle"", ""realization_index"": ""1"", ""receiver_H_step_error"": ""0.004869788210488226"", ""receiver_full_gap"": ""1.18574186075066e-05"", ""receiver_half_H_step_energy"": ""1.1857418607505059e-05"", ""receiver_normalized_H_step_error"": ""0.7032199690857173"", ""reference_relative_residual"": ""1.0043040468959676e-12"", ""result_sha256"": ""03131eecc3dbec6c543271395683584401d6688ff3aa383e242c2406efcb4db0"", ""selected_ids"": ""[0, 1, 2, 3, 4, 5, 6, 7, 8, 9, 10, 11, 12, 13, 14, 15]"", ""signed_full_gap_improvement"": ""0.0"", ""source_directory"": ""/Volumes/migodam's-external-brain/Research/Inv_SLAM/Gaussian/A17/CLOSURE_R1/remote_snapshots/noise_complete_v1/results/locked_noise_v1/object_2009/middle_noise300_rep1"", ""stop_reason"": ""ABSTAIN_UNRESOLVED""}",AUDITED_TERMINAL,
,,evaluation floor ONLY; not online acceptance tolerance,,True,,,improved,noise,,,"{""input"": ""frozen/cells.csv"", ""json_pointer"": null, ""row_index_zero_based"": 53, ""sha256"": ""96caff279881fc908cab7f1e1e6be34f8d5fcfc197a6a54c3d6b9317e1a51310""}",,,,FROZEN_MATERIAL_STEP_H_RISK,"{""evaluation_floor"": 7.322006305925231e-18, ""final_H_step_error"": 0.004382580363339178, ""final_full_gap"": 9.603505320567446e-06, ""final_normalized_H_step_error"": 0.6102081224096848, ""receiver_H_step_error"": 0.005074879993791298, ""receiver_full_gap"": 1.287720347570639e-05, ""receiver_normalized_H_step_error"": 0.706600389663225, ""signed_full_gap_improvement"": 3.273698155138943e-06}",,,a17_closure_locked_noise_v1_2009_0576f36e8b9640148259e663a41de0bd,,,True,"{""k"": ""16"", ""mode"": ""noise"", ""noise_basis_points"": ""300"", ""object_id"": ""2009"", ""phase"": ""middle"", ""realization_index"": ""2""}",,,"{""input"": ""frozen/coverage.csv"", ""json_pointer"": null, ""row_index_zero_based"": 188, ""sha256"": ""c994c28d687aaafee0d5d4b1e01ceea95a313df6bbb856ff3ad003434ab89da6""}","{""accepted_moves"": ""2"", ""classification_scope"": ""evaluation floor ONLY; not online acceptance tolerance"", ""endpoint_sha256"": ""8c1178df46d5e28244454199a4d3c5f75d82eb9b5b9a04e32405502ba68c86a5"", ""evaluation_classification"": ""improved"", ""evaluation_floor"": ""7.322006305925231e-18"", ""final_H_step_error"": ""0.004382580363339178"", ""final_full_gap"": ""9.603505320567446e-06"", ""final_half_H_step_energy"": ""9.603505320563079e-06"", ""final_nonlinear_status"": ""{\""reason\"": \""Separate owner bounded nonlinear transfer stage\"", \""status\"": \""NOT_RUN\""}"", ""final_normalized_H_step_error"": ""0.6102081224096848"", ""full_reference_H_energy"": ""5.1582668867046854e-05"", ""k"": ""16"", ""mode"": ""noise"", ""noise_basis_points"": ""300"", ""object_id"": ""2009"", ""one_step_truth"": ""{\""constraints_violated\"": true, \""relative_material_error\"": 0.5717404745198026, \""scope\"": \""Offline unconstrained alpha1 diagnostic; not nonlinear accepted update\""}"", ""paired_attempt"": ""a17_closure_locked_noise_v1_2009_0576f36e8b9640148259e663a41de0bd"", ""phase"": ""middle"", ""realization_index"": ""2"", ""receiver_H_step_error"": ""0.005074879993791298"", ""receiver_full_gap"": ""1.287720347570639e-05"", ""receiver_half_H_step_energy"": ""1.2877203475691585e-05"", ""receiver_normalized_H_step_error"": ""0.706600389663225"", ""reference_relative_residual"": ""2.5941722874540238e-12"", ""result_sha256"": ""f2ea334fd38e0215c7cd8b2bd4efb564cb6ca292b8c90a3fe69331da6aecf071"", ""selected_ids"": ""[0, 2, 3, 4, 5, 6, 7, 8, 9, 10, 11, 12, 14, 15, 17, 16]"", ""signed_full_gap_improvement"": ""3.273698155138943e-06"", ""source_directory"": ""/Volumes/migodam's-external-brain/Research/Inv_SLAM/Gaussian/A17/CLOSURE_R1/remote_snapshots/noise_complete_v1/results/locked_noise_v1/object_2009/middle_noise300_rep2"", ""stop_reason"": ""ABSTAIN_UNRESOLVED""}",AUDITED_TERMINAL,
,,evaluation floor ONLY; not online acceptance tolerance,,True,,,improved,noise,,,"{""input"": ""frozen/cells.csv"", ""json_pointer"": null, ""row_index_zero_based"": 54, ""sha256"": ""96caff279881fc908cab7f1e1e6be34f8d5fcfc197a6a54c3d6b9317e1a51310""}",,,,FROZEN_MATERIAL_STEP_H_RISK,"{""evaluation_floor"": 8.574030184846041e-19, ""final_H_step_error"": 0.006927131065222603, ""final_full_gap"": 2.3992572397385885e-05, ""final_normalized_H_step_error"": 2.2605784107611893, ""receiver_H_step_error"": 0.013632720731641302, ""receiver_full_gap"": 9.292553727346631e-05, ""receiver_normalized_H_step_error"": 4.448859690356455, ""signed_full_gap_improvement"": 6.893296487608042e-05}",,,a17_closure_locked_noise_v1_2016_0b5e4009c17a4b229cfaff7592951077,,,True,"{""k"": ""4"", ""mode"": ""noise"", ""noise_basis_points"": ""100"", ""object_id"": ""2016"", ""phase"": ""middle"", ""realization_index"": ""0""}",,,"{""input"": ""frozen/coverage.csv"", ""json_pointer"": null, ""row_index_zero_based"": 189, ""sha256"": ""c994c28d687aaafee0d5d4b1e01ceea95a313df6bbb856ff3ad003434ab89da6""}","{""accepted_moves"": ""2"", ""classification_scope"": ""evaluation floor ONLY; not online acceptance tolerance"", ""endpoint_sha256"": ""df384715b1fe3662843c375569b0ba13ac66e7e6426ad7a9976a35fc16f17325"", ""evaluation_classification"": ""improved"", ""evaluation_floor"": ""8.574030184846041e-19"", ""final_H_step_error"": ""0.006927131065222603"", ""final_full_gap"": ""2.3992572397385885e-05"", ""final_half_H_step_energy"": ""2.3992572397386017e-05"", ""final_nonlinear_status"": ""{\""reason\"": \""Separate owner bounded nonlinear transfer stage\"", \""status\"": \""NOT_RUN\""}"", ""final_normalized_H_step_error"": ""2.2605784107611893"", ""full_reference_H_energy"": ""9.390044671509723e-06"", ""k"": ""4"", ""mode"": ""noise"", ""noise_basis_points"": ""100"", ""object_id"": ""2016"", ""one_step_truth"": ""{\""constraints_violated\"": true, \""relative_material_error\"": 0.7988482311083518, \""scope\"": \""Offline unconstrained alpha1 diagnostic; not nonlinear accepted update\""}"", ""paired_attempt"": ""a17_closure_locked_noise_v1_2016_0b5e4009c17a4b229cfaff7592951077"", ""phase"": ""middle"", ""realization_index"": ""0"", ""receiver_H_step_error"": ""0.013632720731641302"", ""receiver_full_gap"": ""9.292553727346631e-05"", ""receiver_half_H_step_energy"": ""9.292553727346127e-05"", ""receiver_normalized_H_step_error"": ""4.448859690356455"", ""reference_relative_residual"": ""3.208488298340546e-12"", ""result_sha256"": ""3c4413538c20748459bc672cb7c3130bb0ee111bba844600e0b772b5ca8d18b6"", ""selected_ids"": ""[2, 3, 4, 64]"", ""signed_full_gap_improvement"": ""6.893296487608042e-05"", ""source_directory"": ""/Volumes/migodam's-external-brain/Research/Inv_SLAM/Gaussian/A17/CLOSURE_R1/remote_snapshots/noise_complete_v1/results/locked_noise_v1/object_2016/middle_noise100_rep0"", ""stop_reason"": ""ABSTAIN_UNRESOLVED""}",AUDITED_TERMINAL,
,,evaluation floor ONLY; not online acceptance tolerance,,True,,,improved,noise,,,"{""input"": ""frozen/cells.csv"", ""json_pointer"": null, ""row_index_zero_based"": 57, ""sha256"": ""96caff279881fc908cab7f1e1e6be34f8d5fcfc197a6a54c3d6b9317e1a51310""}",,,,FROZEN_MATERIAL_STEP_H_RISK,"{""evaluation_floor"": 9.023723942904326e-19, ""final_H_step_error"": 0.007592486273784456, ""final_full_gap"": 2.882292390880839e-05, ""final_normalized_H_step_error"": 2.3419508874823203, ""receiver_H_step_error"": 0.012552404340572037, ""receiver_full_gap"": 7.878142736459318e-05, ""receiver_normalized_H_step_error"": 3.871869296220235, ""signed_full_gap_improvement"": 4.995850345578479e-05}",,,a17_closure_locked_noise_v1_2016_0b5e4009c17a4b229cfaff7592951077,,,True,"{""k"": ""4"", ""mode"": ""noise"", ""noise_basis_points"": ""100"", ""object_id"": ""2016"", ""phase"": ""middle"", ""realization_index"": ""1""}",,,"{""input"": ""frozen/coverage.csv"", ""json_pointer"": null, ""row_index_zero_based"": 190, ""sha256"": ""c994c28d687aaafee0d5d4b1e01ceea95a313df6bbb856ff3ad003434ab89da6""}","{""accepted_moves"": ""2"", ""classification_scope"": ""evaluation floor ONLY; not online acceptance tolerance"", ""endpoint_sha256"": ""9f2d7e221f92b0c4b140382fd84ffa3bfbcc08875295daa5739f094e47d4c18a"", ""evaluation_classification"": ""improved"", ""evaluation_floor"": ""9.023723942904326e-19"", ""final_H_step_error"": ""0.007592486273784456"", ""final_full_gap"": ""2.882292390880839e-05"", ""final_half_H_step_energy"": ""2.8822923908802687e-05"", ""final_nonlinear_status"": ""{\""reason\"": \""Separate owner bounded nonlinear transfer stage\"", \""status\"": \""NOT_RUN\""}"", ""final_normalized_H_step_error"": ""2.3419508874823203"", ""full_reference_H_energy"": ""1.0510235910171627e-05"", ""k"": ""4"", ""mode"": ""noise"", ""noise_basis_points"": ""100"", ""object_id"": ""2016"", ""one_step_truth"": ""{\""constraints_violated\"": true, \""relative_material_error\"": 0.7995768886892496, \""scope\"": \""Offline unconstrained alpha1 diagnostic; not nonlinear accepted update\""}"", ""paired_attempt"": ""a17_closure_locked_noise_v1_2016_0b5e4009c17a4b229cfaff7592951077"", ""phase"": ""middle"", ""realization_index"": ""1"", ""receiver_H_step_error"": ""0.012552404340572037"", ""receiver_full_gap"": ""7.878142736459318e-05"", ""receiver_half_H_step_energy"": ""7.878142736460587e-05"", ""receiver_normalized_H_step_error"": ""3.871869296220235"", ""reference_relative_residual"": ""3.048095472798172e-12"", ""result_sha256"": ""955d7e280bd22adc42fb6680b5ba155e03fbdbb52bd188b99f852df7a401282b"", ""selected_ids"": ""[2, 3, 4, 64]"", ""signed_full_gap_improvement"": ""4.995850345578479e-05"", ""source_directory"": ""/Volumes/migodam's-external-brain/Research/Inv_SLAM/Gaussian/A17/CLOSURE_R1/remote_snapshots/noise_complete_v1/results/locked_noise_v1/object_2016/middle_noise100_rep1"", ""stop_reason"": ""ABSTAIN_UNRESOLVED""}",AUDITED_TERMINAL,
,,evaluation floor ONLY; not online acceptance tolerance,,True,,,improved,noise,,,"{""input"": ""frozen/cells.csv"", ""json_pointer"": null, ""row_index_zero_based"": 60, ""sha256"": ""96caff279881fc908cab7f1e1e6be34f8d5fcfc197a6a54c3d6b9317e1a51310""}",,,,FROZEN_MATERIAL_STEP_H_RISK,"{""evaluation_floor"": 8.658960389341537e-19, ""final_H_step_error"": 0.007316555925739214, ""final_full_gap"": 2.6765995307229096e-05, ""final_normalized_H_step_error"": 2.407299527675087, ""receiver_H_step_error"": 0.013419289210259347, ""receiver_full_gap"": 9.003866145429442e-05, ""receiver_normalized_H_step_error"": 4.415226085260726, ""signed_full_gap_improvement"": 6.327266614706532e-05}",,,a17_closure_locked_noise_v1_2016_0b5e4009c17a4b229cfaff7592951077,,,True,"{""k"": ""4"", ""mode"": ""noise"", ""noise_basis_points"": ""100"", ""object_id"": ""2016"", ""phase"": ""middle"", ""realization_index"": ""2""}",,,"{""input"": ""frozen/coverage.csv"", ""json_pointer"": null, ""row_index_zero_based"": 191, ""sha256"": ""c994c28d687aaafee0d5d4b1e01ceea95a313df6bbb856ff3ad003434ab89da6""}","{""accepted_moves"": ""3"", ""classification_scope"": ""evaluation floor ONLY; not online acceptance tolerance"", ""endpoint_sha256"": ""f782392884bff081b6bf9ebdf4b42de33362d22c3d22d52b1bfd0129fe02ee6b"", ""evaluation_classification"": ""improved"", ""evaluation_floor"": ""8.658960389341537e-19"", ""final_H_step_error"": ""0.007316555925739214"", ""final_full_gap"": ""2.6765995307229096e-05"", ""final_half_H_step_energy"": ""2.6765995307234802e-05"", ""final_nonlinear_status"": ""{\""reason\"": \""Separate owner bounded nonlinear transfer stage\"", \""status\"": \""NOT_RUN\""}"", ""final_normalized_H_step_error"": ""2.407299527675087"", ""full_reference_H_energy"": ""9.237471933949083e-06"", ""k"": ""4"", ""mode"": ""noise"", ""noise_basis_points"": ""100"", ""object_id"": ""2016"", ""one_step_truth"": ""{\""constraints_violated\"": true, \""relative_material_error\"": 0.7975103575694223, \""scope\"": \""Offline unconstrained alpha1 diagnostic; not nonlinear accepted update\""}"", ""paired_attempt"": ""a17_closure_locked_noise_v1_2016_0b5e4009c17a4b229cfaff7592951077"", ""phase"": ""middle"", ""realization_index"": ""2"", ""receiver_H_step_error"": ""0.013419289210259347"", ""receiver_full_gap"": ""9.003866145429442e-05"", ""receiver_half_H_step_energy"": ""9.003866145429147e-05"", ""receiver_normalized_H_step_error"": ""4.415226085260726"", ""reference_relative_residual"": ""2.991607974841026e-12"", ""result_sha256"": ""2192dd216ccd11508047acdf985c89b704a7fe0fb0a251735c14531bb17770f3"", ""selected_ids"": ""[3, 96, 4, 32]"", ""signed_full_gap_improvement"": ""6.327266614706532e-05"", ""source_directory"": ""/Volumes/migodam's-external-brain/Research/Inv_SLAM/Gaussian/A17/CLOSURE_R1/remote_snapshots/noise_complete_v1/results/locked_noise_v1/object_2016/middle_noise100_rep2"", ""stop_reason"": ""MOVE_BUDGET_EXHAUSTED""}",AUDITED_TERMINAL,
,,evaluation floor ONLY; not online acceptance tolerance,,True,,,improved,noise,,,"{""input"": ""frozen/cells.csv"", ""json_pointer"": null, ""row_index_zero_based"": 63, ""sha256"": ""96caff279881fc908cab7f1e1e6be34f8d5fcfc197a6a54c3d6b9317e1a51310""}",,,,FROZEN_MATERIAL_STEP_H_RISK,"{""evaluation_floor"": 6.568135399191109e-18, ""final_H_step_error"": 0.012757909717922292, ""final_full_gap"": 8.138213018536843e-05, ""final_normalized_H_step_error"": 1.6673016677697061, ""receiver_H_step_error"": 0.01884923058023281, ""receiver_full_gap"": 0.00017764674673346974, ""receiver_normalized_H_step_error"": 2.4633622809266953, ""signed_full_gap_improvement"": 9.626461654810131e-05}",,,a17_closure_locked_noise_v1_2016_0b5e4009c17a4b229cfaff7592951077,,,True,"{""k"": ""4"", ""mode"": ""noise"", ""noise_basis_points"": ""300"", ""object_id"": ""2016"", ""phase"": ""middle"", ""realization_index"": ""0""}",,,"{""input"": ""frozen/coverage.csv"", ""json_pointer"": null, ""row_index_zero_based"": 192, ""sha256"": ""c994c28d687aaafee0d5d4b1e01ceea95a313df6bbb856ff3ad003434ab89da6""}","{""accepted_moves"": ""3"", ""classification_scope"": ""evaluation floor ONLY; not online acceptance tolerance"", ""endpoint_sha256"": ""0264190e4ddc20a9790d1be220650d3e607d6e4d808589d91fc3074cd492454b"", ""evaluation_classification"": ""improved"", ""evaluation_floor"": ""6.568135399191109e-18"", ""final_H_step_error"": ""0.012757909717922292"", ""final_full_gap"": ""8.138213018536843e-05"", ""final_half_H_step_energy"": ""8.138213018532803e-05"", ""final_nonlinear_status"": ""{\""reason\"": \""Separate owner bounded nonlinear transfer stage\"", \""status\"": \""NOT_RUN\""}"", ""final_normalized_H_step_error"": ""1.6673016677697061"", ""full_reference_H_energy"": ""5.8550509668288666e-05"", ""k"": ""4"", ""mode"": ""noise"", ""noise_basis_points"": ""300"", ""object_id"": ""2016"", ""one_step_truth"": ""{\""constraints_violated\"": true, \""relative_material_error\"": 0.8000018167081386, \""scope\"": \""Offline unconstrained alpha1 diagnostic; not nonlinear accepted update\""}"", ""paired_attempt"": ""a17_closure_locked_noise_v1_2016_0b5e4009c17a4b229cfaff7592951077"", ""phase"": ""middle"", ""realization_index"": ""0"", ""receiver_H_step_error"": ""0.01884923058023281"", ""receiver_full_gap"": ""0.00017764674673346974"", ""receiver_half_H_step_energy"": ""0.00017764674673339186"", ""receiver_normalized_H_step_error"": ""2.4633622809266953"", ""reference_relative_residual"": ""2.477004674377662e-12"", ""result_sha256"": ""be55dcd5f5b848ce10db88693013740c278f42e9f3f9cec3313fbaf79887d4d2"", ""selected_ids"": ""[2, 4, 5, 64]"", ""signed_full_gap_improvement"": ""9.626461654810131e-05"", ""source_directory"": ""/Volumes/migodam's-external-brain/Research/Inv_SLAM/Gaussian/A17/CLOSURE_R1/remote_snapshots/noise_complete_v1/results/locked_noise_v1/object_2016/middle_noise300_rep0"", ""stop_reason"": ""MOVE_BUDGET_EXHAUSTED""}",AUDITED_TERMINAL,
,,evaluation floor ONLY; not online acceptance tolerance,,True,,,improved,noise,,,"{""input"": ""frozen/cells.csv"", ""json_pointer"": null, ""row_index_zero_based"": 66, ""sha256"": ""96caff279881fc908cab7f1e1e6be34f8d5fcfc197a6a54c3d6b9317e1a51310""}",,,,FROZEN_MATERIAL_STEP_H_RISK,"{""evaluation_floor"": 6.502703664968799e-18, ""final_H_step_error"": 0.01174008686401375, ""final_full_gap"": 6.891481978732134e-05, ""final_normalized_H_step_error"": 1.6328917020644922, ""receiver_H_step_error"": 0.02103743523979207, ""receiver_full_gap"": 0.00022128684073410634, ""receiver_normalized_H_step_error"": 2.9260306021305915, ""signed_full_gap_improvement"": 0.000152372020946785}",,,a17_closure_locked_noise_v1_2016_0b5e4009c17a4b229cfaff7592951077,,,True,"{""k"": ""4"", ""mode"": ""noise"", ""noise_basis_points"": ""300"", ""object_id"": ""2016"", ""phase"": ""middle"", ""realization_index"": ""1""}",,,"{""input"": ""frozen/coverage.csv"", ""json_pointer"": null, ""row_index_zero_based"": 193, ""sha256"": ""c994c28d687aaafee0d5d4b1e01ceea95a313df6bbb856ff3ad003434ab89da6""}","{""accepted_moves"": ""2"", ""classification_scope"": ""evaluation floor ONLY; not online acceptance tolerance"", ""endpoint_sha256"": ""a277566e836ec9dda14e8535bd51e05b608802a0d359064c0da4a4bdaa41eeb6"", ""evaluation_classification"": ""improved"", ""evaluation_floor"": ""6.502703664968799e-18"", ""final_H_step_error"": ""0.01174008686401375"", ""final_full_gap"": ""6.891481978732134e-05"", ""final_half_H_step_energy"": ""6.89148197872941e-05"", ""final_nonlinear_status"": ""{\""reason\"": \""Separate owner bounded nonlinear transfer stage\"", \""status\"": \""NOT_RUN\""}"", ""final_normalized_H_step_error"": ""1.6328917020644922"", ""full_reference_H_energy"": ""5.1692538077627857e-05"", ""k"": ""4"", ""mode"": ""noise"", ""noise_basis_points"": ""300"", ""object_id"": ""2016"", ""one_step_truth"": ""{\""constraints_violated\"": true, \""relative_material_error\"": 0.7987259971193396, \""scope\"": \""Offline unconstrained alpha1 diagnostic; not nonlinear accepted update\""}"", ""paired_attempt"": ""a17_closure_locked_noise_v1_2016_0b5e4009c17a4b229cfaff7592951077"", ""phase"": ""middle"", ""realization_index"": ""1"", ""receiver_H_step_error"": ""0.02103743523979207"", ""receiver_full_gap"": ""0.00022128684073410634"", ""receiver_half_H_step_energy"": ""0.00022128684073422256"", ""receiver_normalized_H_step_error"": ""2.9260306021305915"", ""reference_relative_residual"": ""2.770134871616609e-12"", ""result_sha256"": ""645fc8f6b6ae865e059ea64edcf89c4111a4b078f06ab5ca9371a047da7d3a29"", ""selected_ids"": ""[0, 2, 4, 5]"", ""signed_full_gap_improvement"": ""0.000152372020946785"", ""source_directory"": ""/Volumes/migodam's-external-brain/Research/Inv_SLAM/Gaussian/A17/CLOSURE_R1/remote_snapshots/noise_complete_v1/results/locked_noise_v1/object_2016/middle_noise300_rep1"", ""stop_reason"": ""ABSTAIN_UNRESOLVED""}",AUDITED_TERMINAL,
,,evaluation floor ONLY; not online acceptance tolerance,,True,,,improved,noise,,,"{""input"": ""frozen/cells.csv"", ""json_pointer"": null, ""row_index_zero_based"": 69, ""sha256"": ""96caff279881fc908cab7f1e1e6be34f8d5fcfc197a6a54c3d6b9317e1a51310""}",,,,FROZEN_MATERIAL_STEP_H_RISK,"{""evaluation_floor"": 6.472756284306757e-18, ""final_H_step_error"": 0.012031284866865638, ""final_full_gap"": 7.237590777383086e-05, ""final_normalized_H_step_error"": 1.758460024435202, ""receiver_H_step_error"": 0.014989391047621477, ""receiver_full_gap"": 0.0001123409219893337, ""receiver_normalized_H_step_error"": 2.1908088154790777, ""signed_full_gap_improvement"": 3.996501421550284e-05}",,,a17_closure_locked_noise_v1_2016_0b5e4009c17a4b229cfaff7592951077,,,True,"{""k"": ""4"", ""mode"": ""noise"", ""noise_basis_points"": ""300"", ""object_id"": ""2016"", ""phase"": ""middle"", ""realization_index"": ""2""}",,,"{""input"": ""frozen/coverage.csv"", ""json_pointer"": null, ""row_index_zero_based"": 194, ""sha256"": ""c994c28d687aaafee0d5d4b1e01ceea95a313df6bbb856ff3ad003434ab89da6""}","{""accepted_moves"": ""2"", ""classification_scope"": ""evaluation floor ONLY; not online acceptance tolerance"", ""endpoint_sha256"": ""16a8e241ef9bbb7ee619584be11b7ceddd71fba14d1faffc9120c4d16c6d611e"", ""evaluation_classification"": ""improved"", ""evaluation_floor"": ""6.472756284306757e-18"", ""final_H_step_error"": ""0.012031284866865638"", ""final_full_gap"": ""7.237590777383086e-05"", ""final_half_H_step_energy"": ""7.237590777383506e-05"", ""final_nonlinear_status"": ""{\""reason\"": \""Separate owner bounded nonlinear transfer stage\"", \""status\"": \""NOT_RUN\""}"", ""final_normalized_H_step_error"": ""1.758460024435202"", ""full_reference_H_energy"": ""4.681219655865396e-05"", ""k"": ""4"", ""mode"": ""noise"", ""noise_basis_points"": ""300"", ""object_id"": ""2016"", ""one_step_truth"": ""{\""constraints_violated\"": true, \""relative_material_error\"": 0.8005411164458689, \""scope\"": \""Offline unconstrained alpha1 diagnostic; not nonlinear accepted update\""}"", ""paired_attempt"": ""a17_closure_locked_noise_v1_2016_0b5e4009c17a4b229cfaff7592951077"", ""phase"": ""middle"", ""realization_index"": ""2"", ""receiver_H_step_error"": ""0.014989391047621477"", ""receiver_full_gap"": ""0.0001123409219893337"", ""receiver_half_H_step_energy"": ""0.00011234092198925745"", ""receiver_normalized_H_step_error"": ""2.1908088154790777"", ""reference_relative_residual"": ""3.0749455220897708e-12"", ""result_sha256"": ""4bcc955a05febba587326cb024fed97ad17573182289b5ca094b7972a9e337a2"", ""selected_ids"": ""[0, 3, 97, 64]"", ""signed_full_gap_improvement"": ""3.996501421550284e-05"", ""source_directory"": ""/Volumes/migodam's-external-brain/Research/Inv_SLAM/Gaussian/A17/CLOSURE_R1/remote_snapshots/noise_complete_v1/results/locked_noise_v1/object_2016/middle_noise300_rep2"", ""stop_reason"": ""ABSTAIN_UNRESOLVED""}",AUDITED_TERMINAL,
,,evaluation floor ONLY; not online acceptance tolerance,,True,,,improved,noise,,,"{""input"": ""frozen/cells.csv"", ""json_pointer"": null, ""row_index_zero_based"": 55, ""sha256"": ""96caff279881fc908cab7f1e1e6be34f8d5fcfc197a6a54c3d6b9317e1a51310""}",,,,FROZEN_MATERIAL_STEP_H_RISK,"{""evaluation_floor"": 8.574030184846041e-19, ""final_H_step_error"": 0.005415541814852406, ""final_full_gap"": 1.4664046574207758e-05, ""final_normalized_H_step_error"": 1.7672910753329905, ""receiver_H_step_error"": 0.008285124307127247, ""receiver_full_gap"": 3.432164239227887e-05, ""receiver_normalized_H_step_error"": 2.703741702419016, ""signed_full_gap_improvement"": 1.965759581807111e-05}",,,a17_closure_locked_noise_v1_2016_0b5e4009c17a4b229cfaff7592951077,,,True,"{""k"": ""8"", ""mode"": ""noise"", ""noise_basis_points"": ""100"", ""object_id"": ""2016"", ""phase"": ""middle"", ""realization_index"": ""0""}",,,"{""input"": ""frozen/coverage.csv"", ""json_pointer"": null, ""row_index_zero_based"": 195, ""sha256"": ""c994c28d687aaafee0d5d4b1e01ceea95a313df6bbb856ff3ad003434ab89da6""}","{""accepted_moves"": ""3"", ""classification_scope"": ""evaluation floor ONLY; not online acceptance tolerance"", ""endpoint_sha256"": ""ad9f4b0c34564181edef2d6ecb1b3e29e24e44c50a6bbebb7263c2acd16e2d50"", ""evaluation_classification"": ""improved"", ""evaluation_floor"": ""8.574030184846041e-19"", ""final_H_step_error"": ""0.005415541814852406"", ""final_full_gap"": ""1.4664046574207758e-05"", ""final_half_H_step_energy"": ""1.4664046574207446e-05"", ""final_nonlinear_status"": ""{\""reason\"": \""Separate owner bounded nonlinear transfer stage\"", \""status\"": \""NOT_RUN\""}"", ""final_normalized_H_step_error"": ""1.7672910753329905"", ""full_reference_H_energy"": ""9.390044671509723e-06"", ""k"": ""8"", ""mode"": ""noise"", ""noise_basis_points"": ""100"", ""object_id"": ""2016"", ""one_step_truth"": ""{\""constraints_violated\"": true, \""relative_material_error\"": 0.7986306048245453, \""scope\"": \""Offline unconstrained alpha1 diagnostic; not nonlinear accepted update\""}"", ""paired_attempt"": ""a17_closure_locked_noise_v1_2016_0b5e4009c17a4b229cfaff7592951077"", ""phase"": ""middle"", ""realization_index"": ""0"", ""receiver_H_step_error"": ""0.008285124307127247"", ""receiver_full_gap"": ""3.432164239227887e-05"", ""receiver_half_H_step_energy"": ""3.432164239227537e-05"", ""receiver_normalized_H_step_error"": ""2.703741702419016"", ""reference_relative_residual"": ""3.208488298340546e-12"", ""result_sha256"": ""3c4413538c20748459bc672cb7c3130bb0ee111bba844600e0b772b5ca8d18b6"", ""selected_ids"": ""[2, 3, 4, 6, 7, 64, 66, 33]"", ""signed_full_gap_improvement"": ""1.965759581807111e-05"", ""source_directory"": ""/Volumes/migodam's-external-brain/Research/Inv_SLAM/Gaussian/A17/CLOSURE_R1/remote_snapshots/noise_complete_v1/results/locked_noise_v1/object_2016/middle_noise100_rep0"", ""stop_reason"": ""MOVE_BUDGET_EXHAUSTED""}",AUDITED_TERMINAL,
,,evaluation floor ONLY; not online acceptance tolerance,,True,,,improved,noise,,,"{""input"": ""frozen/cells.csv"", ""json_pointer"": null, ""row_index_zero_based"": 58, ""sha256"": ""96caff279881fc908cab7f1e1e6be34f8d5fcfc197a6a54c3d6b9317e1a51310""}",,,,FROZEN_MATERIAL_STEP_H_RISK,"{""evaluation_floor"": 9.023723942904326e-19, ""final_H_step_error"": 0.00701584392831801, ""final_full_gap"": 2.4611033013267472e-05, ""final_normalized_H_step_error"": 2.1640818727712943, ""receiver_H_step_error"": 0.009315576069967422, ""receiver_full_gap"": 4.3389978757678143e-05, ""receiver_normalized_H_step_error"": 2.873448941198392, ""signed_full_gap_improvement"": 1.877894574441067e-05}",,,a17_closure_locked_noise_v1_2016_0b5e4009c17a4b229cfaff7592951077,,,True,"{""k"": ""8"", ""mode"": ""noise"", ""noise_basis_points"": ""100"", ""object_id"": ""2016"", ""phase"": ""middle"", ""realization_index"": ""1""}",,,"{""input"": ""frozen/coverage.csv"", ""json_pointer"": null, ""row_index_zero_based"": 196, ""sha256"": ""c994c28d687aaafee0d5d4b1e01ceea95a313df6bbb856ff3ad003434ab89da6""}","{""accepted_moves"": ""3"", ""classification_scope"": ""evaluation floor ONLY; not online acceptance tolerance"", ""endpoint_sha256"": ""9bc6acf658f8b1c8a4cb304b56509c8b4d4e48f5b9f874ba7e3fb48a3d55fe57"", ""evaluation_classification"": ""improved"", ""evaluation_floor"": ""9.023723942904326e-19"", ""final_H_step_error"": ""0.00701584392831801"", ""final_full_gap"": ""2.4611033013267472e-05"", ""final_half_H_step_energy"": ""2.4611033013258345e-05"", ""final_nonlinear_status"": ""{\""reason\"": \""Separate owner bounded nonlinear transfer stage\"", \""status\"": \""NOT_RUN\""}"", ""final_normalized_H_step_error"": ""2.1640818727712943"", ""full_reference_H_energy"": ""1.0510235910171627e-05"", ""k"": ""8"", ""mode"": ""noise"", ""noise_basis_points"": ""100"", ""object_id"": ""2016"", ""one_step_truth"": ""{\""constraints_violated\"": true, \""relative_material_error\"": 0.80119503728032, \""scope\"": \""Offline unconstrained alpha1 diagnostic; not nonlinear accepted update\""}"", ""paired_attempt"": ""a17_closure_locked_noise_v1_2016_0b5e4009c17a4b229cfaff7592951077"", ""phase"": ""middle"", ""realization_index"": ""1"", ""receiver_H_step_error"": ""0.009315576069967422"", ""receiver_full_gap"": ""4.3389978757678143e-05"", ""receiver_half_H_step_energy"": ""4.338997875767483e-05"", ""receiver_normalized_H_step_error"": ""2.873448941198392"", ""reference_relative_residual"": ""3.048095472798172e-12"", ""result_sha256"": ""955d7e280bd22adc42fb6680b5ba155e03fbdbb52bd188b99f852df7a401282b"", ""selected_ids"": ""[0, 3, 4, 6, 7, 9, 64, 96]"", ""signed_full_gap_improvement"": ""1.877894574441067e-05"", ""source_directory"": ""/Volumes/migodam's-external-brain/Research/Inv_SLAM/Gaussian/A17/CLOSURE_R1/remote_snapshots/noise_complete_v1/results/locked_noise_v1/object_2016/middle_noise100_rep1"", ""stop_reason"": ""MOVE_BUDGET_EXHAUSTED""}",AUDITED_TERMINAL,
,,evaluation floor ONLY; not online acceptance tolerance,,True,,,improved,noise,,,"{""input"": ""frozen/cells.csv"", ""json_pointer"": null, ""row_index_zero_based"": 61, ""sha256"": ""96caff279881fc908cab7f1e1e6be34f8d5fcfc197a6a54c3d6b9317e1a51310""}",,,,FROZEN_MATERIAL_STEP_H_RISK,"{""evaluation_floor"": 8.658960389341537e-19, ""final_H_step_error"": 0.005869057118457485, ""final_full_gap"": 1.7222915729859493e-05, ""final_normalized_H_step_error"": 1.9310422243144891, ""receiver_H_step_error"": 0.008606020769235891, ""receiver_full_gap"": 3.7031796740260035e-05, ""receiver_normalized_H_step_error"": 2.831560360259314, ""signed_full_gap_improvement"": 1.9808881010400542e-05}",,,a17_closure_locked_noise_v1_2016_0b5e4009c17a4b229cfaff7592951077,,,True,"{""k"": ""8"", ""mode"": ""noise"", ""noise_basis_points"": ""100"", ""object_id"": ""2016"", ""phase"": ""middle"", ""realization_index"": ""2""}",,,"{""input"": ""frozen/coverage.csv"", ""json_pointer"": null, ""row_index_zero_based"": 197, ""sha256"": ""c994c28d687aaafee0d5d4b1e01ceea95a313df6bbb856ff3ad003434ab89da6""}","{""accepted_moves"": ""2"", ""classification_scope"": ""evaluation floor ONLY; not online acceptance tolerance"", ""endpoint_sha256"": ""0b6b2237039bc6f81046fce1df3eabc39b8acec8db0d45b2eb1aef9f640f55ca"", ""evaluation_classification"": ""improved"", ""evaluation_floor"": ""8.658960389341537e-19"", ""final_H_step_error"": ""0.005869057118457485"", ""final_full_gap"": ""1.7222915729859493e-05"", ""final_half_H_step_energy"": ""1.7222915729858236e-05"", ""final_nonlinear_status"": ""{\""reason\"": \""Separate owner bounded nonlinear transfer stage\"", \""status\"": \""NOT_RUN\""}"", ""final_normalized_H_step_error"": ""1.9310422243144891"", ""full_reference_H_energy"": ""9.237471933949083e-06"", ""k"": ""8"", ""mode"": ""noise"", ""noise_basis_points"": ""100"", ""object_id"": ""2016"", ""one_step_truth"": ""{\""constraints_violated\"": true, \""relative_material_error\"": 0.800798128849212, \""scope\"": \""Offline unconstrained alpha1 diagnostic; not nonlinear accepted update\""}"", ""paired_attempt"": ""a17_closure_locked_noise_v1_2016_0b5e4009c17a4b229cfaff7592951077"", ""phase"": ""middle"", ""realization_index"": ""2"", ""receiver_H_step_error"": ""0.008606020769235891"", ""receiver_full_gap"": ""3.7031796740260035e-05"", ""receiver_half_H_step_energy"": ""3.703179674025976e-05"", ""receiver_normalized_H_step_error"": ""2.831560360259314"", ""reference_relative_residual"": ""2.991607974841026e-12"", ""result_sha256"": ""2192dd216ccd11508047acdf985c89b704a7fe0fb0a251735c14531bb17770f3"", ""selected_ids"": ""[0, 3, 4, 5, 6, 7, 97, 64]"", ""signed_full_gap_improvement"": ""1.9808881010400542e-05"", ""source_directory"": ""/Volumes/migodam's-external-brain/Research/Inv_SLAM/Gaussian/A17/CLOSURE_R1/remote_snapshots/noise_complete_v1/results/locked_noise_v1/object_2016/middle_noise100_rep2"", ""stop_reason"": ""ABSTAIN_UNRESOLVED""}",AUDITED_TERMINAL,
,,evaluation floor ONLY; not online acceptance tolerance,,True,,,improved,noise,,,"{""input"": ""frozen/cells.csv"", ""json_pointer"": null, ""row_index_zero_based"": 64, ""sha256"": ""96caff279881fc908cab7f1e1e6be34f8d5fcfc197a6a54c3d6b9317e1a51310""}",,,,FROZEN_MATERIAL_STEP_H_RISK,"{""evaluation_floor"": 6.568135399191109e-18, ""final_H_step_error"": 0.011264272892243198, ""final_full_gap"": 6.344192189549375e-05, ""final_normalized_H_step_error"": 1.4721017309808, ""receiver_H_step_error"": 0.01183540467287811, ""receiver_full_gap"": 7.003840188541661e-05, ""receiver_normalized_H_step_error"": 1.5467416203845596, ""signed_full_gap_improvement"": 6.596479989922865e-06}",,,a17_closure_locked_noise_v1_2016_0b5e4009c17a4b229cfaff7592951077,,,True,"{""k"": ""8"", ""mode"": ""noise"", ""noise_basis_points"": ""300"", ""object_id"": ""2016"", ""phase"": ""middle"", ""realization_index"": ""0""}",,,"{""input"": ""frozen/coverage.csv"", ""json_pointer"": null, ""row_index_zero_based"": 198, ""sha256"": ""c994c28d687aaafee0d5d4b1e01ceea95a313df6bbb856ff3ad003434ab89da6""}","{""accepted_moves"": ""2"", ""classification_scope"": ""evaluation floor ONLY; not online acceptance tolerance"", ""endpoint_sha256"": ""61aa2ae68b2c4c50a816d34309e16d14cdb9c711013a47f48a34523d207520f2"", ""evaluation_classification"": ""improved"", ""evaluation_floor"": ""6.568135399191109e-18"", ""final_H_step_error"": ""0.011264272892243198"", ""final_full_gap"": ""6.344192189549375e-05"", ""final_half_H_step_energy"": ""6.344192189546248e-05"", ""final_nonlinear_status"": ""{\""reason\"": \""Separate owner bounded nonlinear transfer stage\"", \""status\"": \""NOT_RUN\""}"", ""final_normalized_H_step_error"": ""1.4721017309808"", ""full_reference_H_energy"": ""5.8550509668288666e-05"", ""k"": ""8"", ""mode"": ""noise"", ""noise_basis_points"": ""300"", ""object_id"": ""2016"", ""one_step_truth"": ""{\""constraints_violated\"": true, \""relative_material_error\"": 0.8010005913354509, \""scope\"": \""Offline unconstrained alpha1 diagnostic; not nonlinear accepted update\""}"", ""paired_attempt"": ""a17_closure_locked_noise_v1_2016_0b5e4009c17a4b229cfaff7592951077"", ""phase"": ""middle"", ""realization_index"": ""0"", ""receiver_H_step_error"": ""0.01183540467287811"", ""receiver_full_gap"": ""7.003840188541661e-05"", ""receiver_half_H_step_energy"": ""7.00384018853925e-05"", ""receiver_normalized_H_step_error"": ""1.5467416203845596"", ""reference_relative_residual"": ""2.477004674377662e-12"", ""result_sha256"": ""be55dcd5f5b848ce10db88693013740c278f42e9f3f9cec3313fbaf79887d4d2"", ""selected_ids"": ""[0, 1, 2, 3, 5, 7, 64, 65]"", ""signed_full_gap_improvement"": ""6.596479989922865e-06"", ""source_directory"": ""/Volumes/migodam's-external-brain/Research/Inv_SLAM/Gaussian/A17/CLOSURE_R1/remote_snapshots/noise_complete_v1/results/locked_noise_v1/object_2016/middle_noise300_rep0"", ""stop_reason"": ""ABSTAIN_UNRESOLVED""}",AUDITED_TERMINAL,
,,evaluation floor ONLY; not online acceptance tolerance,,True,,,improved,noise,,,"{""input"": ""frozen/cells.csv"", ""json_pointer"": null, ""row_index_zero_based"": 67, ""sha256"": ""96caff279881fc908cab7f1e1e6be34f8d5fcfc197a6a54c3d6b9317e1a51310""}",,,,FROZEN_MATERIAL_STEP_H_RISK,"{""evaluation_floor"": 6.502703664968799e-18, ""final_H_step_error"": 0.00995731781521247, ""final_full_gap"": 4.957408903660622e-05, ""final_normalized_H_step_error"": 1.384931970573224, ""receiver_H_step_error"": 0.012899070521292254, ""receiver_full_gap"": 8.319301015665923e-05, ""receiver_normalized_H_step_error"": 1.7940910882972625, ""signed_full_gap_improvement"": 3.361892112005301e-05}",,,a17_closure_locked_noise_v1_2016_0b5e4009c17a4b229cfaff7592951077,,,True,"{""k"": ""8"", ""mode"": ""noise"", ""noise_basis_points"": ""300"", ""object_id"": ""2016"", ""phase"": ""middle"", ""realization_index"": ""1""}",,,"{""input"": ""frozen/coverage.csv"", ""json_pointer"": null, ""row_index_zero_based"": 199, ""sha256"": ""c994c28d687aaafee0d5d4b1e01ceea95a313df6bbb856ff3ad003434ab89da6""}","{""accepted_moves"": ""3"", ""classification_scope"": ""evaluation floor ONLY; not online acceptance tolerance"", ""endpoint_sha256"": ""0e5015ecace416f1c95c432b38c98a2618ee7e3b886f606c94ee5f554cbd926f"", ""evaluation_classification"": ""improved"", ""evaluation_floor"": ""6.502703664968799e-18"", ""final_H_step_error"": ""0.00995731781521247"", ""final_full_gap"": ""4.957408903660622e-05"", ""final_half_H_step_energy"": ""4.957408903657383e-05"", ""final_nonlinear_status"": ""{\""reason\"": \""Separate owner bounded nonlinear transfer stage\"", \""status\"": \""NOT_RUN\""}"", ""final_normalized_H_step_error"": ""1.384931970573224"", ""full_reference_H_energy"": ""5.1692538077627857e-05"", ""k"": ""8"", ""mode"": ""noise"", ""noise_basis_points"": ""300"", ""object_id"": ""2016"", ""one_step_truth"": ""{\""constraints_violated\"": true, \""relative_material_error\"": 0.800312677635787, \""scope\"": \""Offline unconstrained alpha1 diagnostic; not nonlinear accepted update\""}"", ""paired_attempt"": ""a17_closure_locked_noise_v1_2016_0b5e4009c17a4b229cfaff7592951077"", ""phase"": ""middle"", ""realization_index"": ""1"", ""receiver_H_step_error"": ""0.012899070521292254"", ""receiver_full_gap"": ""8.319301015665923e-05"", ""receiver_half_H_step_energy"": ""8.319301015663541e-05"", ""receiver_normalized_H_step_error"": ""1.7940910882972625"", ""reference_relative_residual"": ""2.770134871616609e-12"", ""result_sha256"": ""645fc8f6b6ae865e059ea64edcf89c4111a4b078f06ab5ca9371a047da7d3a29"", ""selected_ids"": ""[3, 4, 5, 6, 7, 97, 33, 34]"", ""signed_full_gap_improvement"": ""3.361892112005301e-05"", ""source_directory"": ""/Volumes/migodam's-external-brain/Research/Inv_SLAM/Gaussian/A17/CLOSURE_R1/remote_snapshots/noise_complete_v1/results/locked_noise_v1/object_2016/middle_noise300_rep1"", ""stop_reason"": ""MOVE_BUDGET_EXHAUSTED""}",AUDITED_TERMINAL,
,,evaluation floor ONLY; not online acceptance tolerance,,True,,,improved,noise,,,"{""input"": ""frozen/cells.csv"", ""json_pointer"": null, ""row_index_zero_based"": 70, ""sha256"": ""96caff279881fc908cab7f1e1e6be34f8d5fcfc197a6a54c3d6b9317e1a51310""}",,,,FROZEN_MATERIAL_STEP_H_RISK,"{""evaluation_floor"": 6.472756284306757e-18, ""final_H_step_error"": 0.00933708752920548, ""final_full_gap"": 4.359060176402378e-05, ""final_normalized_H_step_error"": 1.364683435430758, ""receiver_H_step_error"": 0.012039334911894071, ""receiver_full_gap"": 7.247279256041028e-05, ""receiver_normalized_H_step_error"": 1.7596365972230668, ""signed_full_gap_improvement"": 2.88821907963865e-05}",,,a17_closure_locked_noise_v1_2016_0b5e4009c17a4b229cfaff7592951077,,,True,"{""k"": ""8"", ""mode"": ""noise"", ""noise_basis_points"": ""300"", ""object_id"": ""2016"", ""phase"": ""middle"", ""realization_index"": ""2""}",,,"{""input"": ""frozen/coverage.csv"", ""json_pointer"": null, ""row_index_zero_based"": 200, ""sha256"": ""c994c28d687aaafee0d5d4b1e01ceea95a313df6bbb856ff3ad003434ab89da6""}","{""accepted_moves"": ""2"", ""classification_scope"": ""evaluation floor ONLY; not online acceptance tolerance"", ""endpoint_sha256"": ""6bed3d8ceb4df3be90612db74f1537cea83c67465303b8da0850e38987aa775c"", ""evaluation_classification"": ""improved"", ""evaluation_floor"": ""6.472756284306757e-18"", ""final_H_step_error"": ""0.00933708752920548"", ""final_full_gap"": ""4.359060176402378e-05"", ""final_half_H_step_energy"": ""4.3590601764022246e-05"", ""final_nonlinear_status"": ""{\""reason\"": \""Separate owner bounded nonlinear transfer stage\"", \""status\"": \""NOT_RUN\""}"", ""final_normalized_H_step_error"": ""1.364683435430758"", ""full_reference_H_energy"": ""4.681219655865396e-05"", ""k"": ""8"", ""mode"": ""noise"", ""noise_basis_points"": ""300"", ""object_id"": ""2016"", ""one_step_truth"": ""{\""constraints_violated\"": true, \""relative_material_error\"": 0.8030400544686583, \""scope\"": \""Offline unconstrained alpha1 diagnostic; not nonlinear accepted update\""}"", ""paired_attempt"": ""a17_closure_locked_noise_v1_2016_0b5e4009c17a4b229cfaff7592951077"", ""phase"": ""middle"", ""realization_index"": ""2"", ""receiver_H_step_error"": ""0.012039334911894071"", ""receiver_full_gap"": ""7.247279256041028e-05"", ""receiver_half_H_step_energy"": ""7.247279256037572e-05"", ""receiver_normalized_H_step_error"": ""1.7596365972230668"", ""reference_relative_residual"": ""3.0749455220897708e-12"", ""result_sha256"": ""4bcc955a05febba587326cb024fed97ad17573182289b5ca094b7972a9e337a2"", ""selected_ids"": ""[2, 3, 4, 5, 6, 7, 64, 97]"", ""signed_full_gap_improvement"": ""2.88821907963865e-05"", ""source_directory"": ""/Volumes/migodam's-external-brain/Research/Inv_SLAM/Gaussian/A17/CLOSURE_R1/remote_snapshots/noise_complete_v1/results/locked_noise_v1/object_2016/middle_noise300_rep2"", ""stop_reason"": ""ABSTAIN_UNRESOLVED""}",AUDITED_TERMINAL,
,,evaluation floor ONLY; not online acceptance tolerance,,True,,,improved,noise,,,"{""input"": ""frozen/cells.csv"", ""json_pointer"": null, ""row_index_zero_based"": 56, ""sha256"": ""96caff279881fc908cab7f1e1e6be34f8d5fcfc197a6a54c3d6b9317e1a51310""}",,,,FROZEN_MATERIAL_STEP_H_RISK,"{""evaluation_floor"": 8.574030184846041e-19, ""final_H_step_error"": 0.002625507363308606, ""final_full_gap"": 3.44664445739457e-06, ""final_normalized_H_step_error"": 0.8567999084913, ""receiver_H_step_error"": 0.00365321057440461, ""receiver_full_gap"": 6.672973750471455e-06, ""receiver_normalized_H_step_error"": 1.1921773785866951, ""signed_full_gap_improvement"": 3.2263292930768854e-06}",,,a17_closure_locked_noise_v1_2016_0b5e4009c17a4b229cfaff7592951077,,,True,"{""k"": ""16"", ""mode"": ""noise"", ""noise_basis_points"": ""100"", ""object_id"": ""2016"", ""phase"": ""middle"", ""realization_index"": ""0""}",,,"{""input"": ""frozen/coverage.csv"", ""json_pointer"": null, ""row_index_zero_based"": 201, ""sha256"": ""c994c28d687aaafee0d5d4b1e01ceea95a313df6bbb856ff3ad003434ab89da6""}","{""accepted_moves"": ""2"", ""classification_scope"": ""evaluation floor ONLY; not online acceptance tolerance"", ""endpoint_sha256"": ""5f3b065df8d54f4cadb4d744f3ad806ab087c8e9c92eb03162880cae01fb764a"", ""evaluation_classification"": ""improved"", ""evaluation_floor"": ""8.574030184846041e-19"", ""final_H_step_error"": ""0.002625507363308606"", ""final_full_gap"": ""3.44664445739457e-06"", ""final_half_H_step_energy"": ""3.4466444573938538e-06"", ""final_nonlinear_status"": ""{\""reason\"": \""Separate owner bounded nonlinear transfer stage\"", \""status\"": \""NOT_RUN\""}"", ""final_normalized_H_step_error"": ""0.8567999084913"", ""full_reference_H_energy"": ""9.390044671509723e-06"", ""k"": ""16"", ""mode"": ""noise"", ""noise_basis_points"": ""100"", ""object_id"": ""2016"", ""one_step_truth"": ""{\""constraints_violated\"": true, \""relative_material_error\"": 0.7964075532461757, \""scope\"": \""Offline unconstrained alpha1 diagnostic; not nonlinear accepted update\""}"", ""paired_attempt"": ""a17_closure_locked_noise_v1_2016_0b5e4009c17a4b229cfaff7592951077"", ""phase"": ""middle"", ""realization_index"": ""0"", ""receiver_H_step_error"": ""0.00365321057440461"", ""receiver_full_gap"": ""6.672973750471455e-06"", ""receiver_half_H_step_energy"": ""6.67297375047083e-06"", ""receiver_normalized_H_step_error"": ""1.1921773785866951"", ""reference_relative_residual"": ""3.208488298340546e-12"", ""result_sha256"": ""3c4413538c20748459bc672cb7c3130bb0ee111bba844600e0b772b5ca8d18b6"", ""selected_ids"": ""[1, 2, 3, 4, 5, 6, 7, 8, 9, 10, 11, 12, 13, 14, 17, 97]"", ""signed_full_gap_improvement"": ""3.2263292930768854e-06"", ""source_directory"": ""/Volumes/migodam's-external-brain/Research/Inv_SLAM/Gaussian/A17/CLOSURE_R1/remote_snapshots/noise_complete_v1/results/locked_noise_v1/object_2016/middle_noise100_rep0"", ""stop_reason"": ""ABSTAIN_UNRESOLVED""}",AUDITED_TERMINAL,
,,evaluation floor ONLY; not online acceptance tolerance,,True,,,improved,noise,,,"{""input"": ""frozen/cells.csv"", ""json_pointer"": null, ""row_index_zero_based"": 59, ""sha256"": ""96caff279881fc908cab7f1e1e6be34f8d5fcfc197a6a54c3d6b9317e1a51310""}",,,,FROZEN_MATERIAL_STEP_H_RISK,"{""evaluation_floor"": 9.023723942904326e-19, ""final_H_step_error"": 0.002954755893991843, ""final_full_gap"": 4.3652911965423164e-06, ""final_normalized_H_step_error"": 0.9114133287433143, ""receiver_H_step_error"": 0.004293164740090277, ""receiver_full_gap"": 9.215631742782514e-06, ""receiver_normalized_H_step_error"": 1.3242540862903198, ""signed_full_gap_improvement"": 4.850340546240198e-06}",,,a17_closure_locked_noise_v1_2016_0b5e4009c17a4b229cfaff7592951077,,,True,"{""k"": ""16"", ""mode"": ""noise"", ""noise_basis_points"": ""100"", ""object_id"": ""2016"", ""phase"": ""middle"", ""realization_index"": ""1""}",,,"{""input"": ""frozen/coverage.csv"", ""json_pointer"": null, ""row_index_zero_based"": 202, ""sha256"": ""c994c28d687aaafee0d5d4b1e01ceea95a313df6bbb856ff3ad003434ab89da6""}","{""accepted_moves"": ""2"", ""classification_scope"": ""evaluation floor ONLY; not online acceptance tolerance"", ""endpoint_sha256"": ""ae03e38ed4582c575d75c20f999955cb6ca838734574ceae07df7fdf56be0db4"", ""evaluation_classification"": ""improved"", ""evaluation_floor"": ""9.023723942904326e-19"", ""final_H_step_error"": ""0.002954755893991843"", ""final_full_gap"": ""4.3652911965423164e-06"", ""final_half_H_step_energy"": ""4.365291196539768e-06"", ""final_nonlinear_status"": ""{\""reason\"": \""Separate owner bounded nonlinear transfer stage\"", \""status\"": \""NOT_RUN\""}"", ""final_normalized_H_step_error"": ""0.9114133287433143"", ""full_reference_H_energy"": ""1.0510235910171627e-05"", ""k"": ""16"", ""mode"": ""noise"", ""noise_basis_points"": ""100"", ""object_id"": ""2016"", ""one_step_truth"": ""{\""constraints_violated\"": true, \""relative_material_error\"": 0.7974769878951283, \""scope\"": \""Offline unconstrained alpha1 diagnostic; not nonlinear accepted update\""}"", ""paired_attempt"": ""a17_closure_locked_noise_v1_2016_0b5e4009c17a4b229cfaff7592951077"", ""phase"": ""middle"", ""realization_index"": ""1"", ""receiver_H_step_error"": ""0.004293164740090277"", ""receiver_full_gap"": ""9.215631742782514e-06"", ""receiver_half_H_step_energy"": ""9.215631742777208e-06"", ""receiver_normalized_H_step_error"": ""1.3242540862903198"", ""reference_relative_residual"": ""3.048095472798172e-12"", ""result_sha256"": ""955d7e280bd22adc42fb6680b5ba155e03fbdbb52bd188b99f852df7a401282b"", ""selected_ids"": ""[0, 1, 3, 4, 5, 6, 7, 9, 10, 11, 12, 13, 14, 15, 17, 16]"", ""signed_full_gap_improvement"": ""4.850340546240198e-06"", ""source_directory"": ""/Volumes/migodam's-external-brain/Research/Inv_SLAM/Gaussian/A17/CLOSURE_R1/remote_snapshots/noise_complete_v1/results/locked_noise_v1/object_2016/middle_noise100_rep1"", ""stop_reason"": ""ABSTAIN_UNRESOLVED""}",AUDITED_TERMINAL,
,,evaluation floor ONLY; not online acceptance tolerance,,True,,,improved,noise,,,"{""input"": ""frozen/cells.csv"", ""json_pointer"": null, ""row_index_zero_based"": 62, ""sha256"": ""96caff279881fc908cab7f1e1e6be34f8d5fcfc197a6a54c3d6b9317e1a51310""}",,,,FROZEN_MATERIAL_STEP_H_RISK,"{""evaluation_floor"": 8.658960389341537e-19, ""final_H_step_error"": 0.002345125737136342, ""final_full_gap"": 2.749807361488579e-06, ""final_normalized_H_step_error"": 0.7715952883633063, ""receiver_H_step_error"": 0.0032709795233229768, ""receiver_full_gap"": 5.349653521000171e-06, ""receiver_normalized_H_step_error"": 1.0762204979297996, ""signed_full_gap_improvement"": 2.599846159511592e-06}",,,a17_closure_locked_noise_v1_2016_0b5e4009c17a4b229cfaff7592951077,,,True,"{""k"": ""16"", ""mode"": ""noise"", ""noise_basis_points"": ""100"", ""object_id"": ""2016"", ""phase"": ""middle"", ""realization_index"": ""2""}",,,"{""input"": ""frozen/coverage.csv"", ""json_pointer"": null, ""row_index_zero_based"": 203, ""sha256"": ""c994c28d687aaafee0d5d4b1e01ceea95a313df6bbb856ff3ad003434ab89da6""}","{""accepted_moves"": ""3"", ""classification_scope"": ""evaluation floor ONLY; not online acceptance tolerance"", ""endpoint_sha256"": ""709833b2e41ef83da9a4ad596164f7f06ebef52e296ae499b0fc52122423b0b4"", ""evaluation_classification"": ""improved"", ""evaluation_floor"": ""8.658960389341537e-19"", ""final_H_step_error"": ""0.002345125737136342"", ""final_full_gap"": ""2.749807361488579e-06"", ""final_half_H_step_energy"": ""2.749807361489636e-06"", ""final_nonlinear_status"": ""{\""reason\"": \""Separate owner bounded nonlinear transfer stage\"", \""status\"": \""NOT_RUN\""}"", ""final_normalized_H_step_error"": ""0.7715952883633063"", ""full_reference_H_energy"": ""9.237471933949083e-06"", ""k"": ""16"", ""mode"": ""noise"", ""noise_basis_points"": ""100"", ""object_id"": ""2016"", ""one_step_truth"": ""{\""constraints_violated\"": true, \""relative_material_error\"": 0.7968490957880694, \""scope\"": \""Offline unconstrained alpha1 diagnostic; not nonlinear accepted update\""}"", ""paired_attempt"": ""a17_closure_locked_noise_v1_2016_0b5e4009c17a4b229cfaff7592951077"", ""phase"": ""middle"", ""realization_index"": ""2"", ""receiver_H_step_error"": ""0.0032709795233229768"", ""receiver_full_gap"": ""5.349653521000171e-06"", ""receiver_half_H_step_energy"": ""5.349653520999104e-06"", ""receiver_normalized_H_step_error"": ""1.0762204979297996"", ""reference_relative_residual"": ""2.991607974841026e-12"", ""result_sha256"": ""2192dd216ccd11508047acdf985c89b704a7fe0fb0a251735c14531bb17770f3"", ""selected_ids"": ""[0, 1, 3, 4, 6, 7, 8, 9, 11, 12, 13, 14, 15, 17, 16, 33]"", ""signed_full_gap_improvement"": ""2.599846159511592e-06"", ""source_directory"": ""/Volumes/migodam's-external-brain/Research/Inv_SLAM/Gaussian/A17/CLOSURE_R1/remote_snapshots/noise_complete_v1/results/locked_noise_v1/object_2016/middle_noise100_rep2"", ""stop_reason"": ""MOVE_BUDGET_EXHAUSTED""}",AUDITED_TERMINAL,
,,evaluation floor ONLY; not online acceptance tolerance,,True,,,improved,noise,,,"{""input"": ""frozen/cells.csv"", ""json_pointer"": null, ""row_index_zero_based"": 65, ""sha256"": ""96caff279881fc908cab7f1e1e6be34f8d5fcfc197a6a54c3d6b9317e1a51310""}",,,,FROZEN_MATERIAL_STEP_H_RISK,"{""evaluation_floor"": 6.568135399191109e-18, ""final_H_step_error"": 0.006047068918433005, ""final_full_gap"": 1.828352125215781e-05, ""final_normalized_H_step_error"": 0.7902774291197655, ""receiver_H_step_error"": 0.007313222169866168, ""receiver_full_gap"": 2.674160925291575e-05, ""receiver_normalized_H_step_error"": 0.9557480645484624, ""signed_full_gap_improvement"": 8.458088000757939e-06}",,,a17_closure_locked_noise_v1_2016_0b5e4009c17a4b229cfaff7592951077,,,True,"{""k"": ""16"", ""mode"": ""noise"", ""noise_basis_points"": ""300"", ""object_id"": ""2016"", ""phase"": ""middle"", ""realization_index"": ""0""}",,,"{""input"": ""frozen/coverage.csv"", ""json_pointer"": null, ""row_index_zero_based"": 204, ""sha256"": ""c994c28d687aaafee0d5d4b1e01ceea95a313df6bbb856ff3ad003434ab89da6""}","{""accepted_moves"": ""2"", ""classification_scope"": ""evaluation floor ONLY; not online acceptance tolerance"", ""endpoint_sha256"": ""d1911e642b22172955596718372abbd4ab5081f77ec9e2b3d59df3c59c8c0b82"", ""evaluation_classification"": ""improved"", ""evaluation_floor"": ""6.568135399191109e-18"", ""final_H_step_error"": ""0.006047068918433005"", ""final_full_gap"": ""1.828352125215781e-05"", ""final_half_H_step_energy"": ""1.8283521252139258e-05"", ""final_nonlinear_status"": ""{\""reason\"": \""Separate owner bounded nonlinear transfer stage\"", \""status\"": \""NOT_RUN\""}"", ""final_normalized_H_step_error"": ""0.7902774291197655"", ""full_reference_H_energy"": ""5.8550509668288666e-05"", ""k"": ""16"", ""mode"": ""noise"", ""noise_basis_points"": ""300"", ""object_id"": ""2016"", ""one_step_truth"": ""{\""constraints_violated\"": true, \""relative_material_error\"": 0.801413084703177, \""scope\"": \""Offline unconstrained alpha1 diagnostic; not nonlinear accepted update\""}"", ""paired_attempt"": ""a17_closure_locked_noise_v1_2016_0b5e4009c17a4b229cfaff7592951077"", ""phase"": ""middle"", ""realization_index"": ""0"", ""receiver_H_step_error"": ""0.007313222169866168"", ""receiver_full_gap"": ""2.674160925291575e-05"", ""receiver_half_H_step_energy"": ""2.6741609252911014e-05"", ""receiver_normalized_H_step_error"": ""0.9557480645484624"", ""reference_relative_residual"": ""2.477004674377662e-12"", ""result_sha256"": ""be55dcd5f5b848ce10db88693013740c278f42e9f3f9cec3313fbaf79887d4d2"", ""selected_ids"": ""[0, 1, 3, 4, 5, 7, 8, 9, 10, 11, 12, 13, 14, 15, 17, 64]"", ""signed_full_gap_improvement"": ""8.458088000757939e-06"", ""source_directory"": ""/Volumes/migodam's-external-brain/Research/Inv_SLAM/Gaussian/A17/CLOSURE_R1/remote_snapshots/noise_complete_v1/results/locked_noise_v1/object_2016/middle_noise300_rep0"", ""stop_reason"": ""ABSTAIN_UNRESOLVED""}",AUDITED_TERMINAL,
,,evaluation floor ONLY; not online acceptance tolerance,,True,,,improved,noise,,,"{""input"": ""frozen/cells.csv"", ""json_pointer"": null, ""row_index_zero_based"": 68, ""sha256"": ""96caff279881fc908cab7f1e1e6be34f8d5fcfc197a6a54c3d6b9317e1a51310""}",,,,FROZEN_MATERIAL_STEP_H_RISK,"{""evaluation_floor"": 6.502703664968799e-18, ""final_H_step_error"": 0.005557985647840533, ""final_full_gap"": 1.5445602230799133e-05, ""final_normalized_H_step_error"": 0.7730427167767604, ""receiver_H_step_error"": 0.00602957197116022, ""receiver_full_gap"": 1.817786907770302e-05, ""receiver_normalized_H_step_error"": 0.8386341730475152, ""signed_full_gap_improvement"": 2.732266846903888e-06}",,,a17_closure_locked_noise_v1_2016_0b5e4009c17a4b229cfaff7592951077,,,True,"{""k"": ""16"", ""mode"": ""noise"", ""noise_basis_points"": ""300"", ""object_id"": ""2016"", ""phase"": ""middle"", ""realization_index"": ""1""}",,,"{""input"": ""frozen/coverage.csv"", ""json_pointer"": null, ""row_index_zero_based"": 205, ""sha256"": ""c994c28d687aaafee0d5d4b1e01ceea95a313df6bbb856ff3ad003434ab89da6""}","{""accepted_moves"": ""3"", ""classification_scope"": ""evaluation floor ONLY; not online acceptance tolerance"", ""endpoint_sha256"": ""45205a3a79201ae6fbc3933bc656abdc42f994264e8ff092621cff578bad52f6"", ""evaluation_classification"": ""improved"", ""evaluation_floor"": ""6.502703664968799e-18"", ""final_H_step_error"": ""0.005557985647840533"", ""final_full_gap"": ""1.5445602230799133e-05"", ""final_half_H_step_energy"": ""1.5445602230800675e-05"", ""final_nonlinear_status"": ""{\""reason\"": \""Separate owner bounded nonlinear transfer stage\"", \""status\"": \""NOT_RUN\""}"", ""final_normalized_H_step_error"": ""0.7730427167767604"", ""full_reference_H_energy"": ""5.1692538077627857e-05"", ""k"": ""16"", ""mode"": ""noise"", ""noise_basis_points"": ""300"", ""object_id"": ""2016"", ""one_step_truth"": ""{\""constraints_violated\"": true, \""relative_material_error\"": 0.8019207775584801, \""scope\"": \""Offline unconstrained alpha1 diagnostic; not nonlinear accepted update\""}"", ""paired_attempt"": ""a17_closure_locked_noise_v1_2016_0b5e4009c17a4b229cfaff7592951077"", ""phase"": ""middle"", ""realization_index"": ""1"", ""receiver_H_step_error"": ""0.00602957197116022"", ""receiver_full_gap"": ""1.817786907770302e-05"", ""receiver_half_H_step_energy"": ""1.8177869077700473e-05"", ""receiver_normalized_H_step_error"": ""0.8386341730475152"", ""reference_relative_residual"": ""2.770134871616609e-12"", ""result_sha256"": ""645fc8f6b6ae865e059ea64edcf89c4111a4b078f06ab5ca9371a047da7d3a29"", ""selected_ids"": ""[1, 2, 3, 4, 5, 6, 7, 8, 9, 10, 11, 12, 13, 15, 64, 67]"", ""signed_full_gap_improvement"": ""2.732266846903888e-06"", ""source_directory"": ""/Volumes/migodam's-external-brain/Research/Inv_SLAM/Gaussian/A17/CLOSURE_R1/remote_snapshots/noise_complete_v1/results/locked_noise_v1/object_2016/middle_noise300_rep1"", ""stop_reason"": ""MOVE_BUDGET_EXHAUSTED""}",AUDITED_TERMINAL,
,,evaluation floor ONLY; not online acceptance tolerance,,True,,,improved,noise,,,"{""input"": ""frozen/cells.csv"", ""json_pointer"": null, ""row_index_zero_based"": 71, ""sha256"": ""96caff279881fc908cab7f1e1e6be34f8d5fcfc197a6a54c3d6b9317e1a51310""}",,,,FROZEN_MATERIAL_STEP_H_RISK,"{""evaluation_floor"": 6.472756284306757e-18, ""final_H_step_error"": 0.004543086407276023, ""final_full_gap"": 1.0319817051992094e-05, ""final_normalized_H_step_error"": 0.66400521001304, ""receiver_H_step_error"": 0.0049700430531732535, ""receiver_full_gap"": 1.235066397520676e-05, ""receiver_normalized_H_step_error"": 0.7264080374986476, ""signed_full_gap_improvement"": 2.0308469232146654e-06}",,,a17_closure_locked_noise_v1_2016_0b5e4009c17a4b229cfaff7592951077,,,True,"{""k"": ""16"", ""mode"": ""noise"", ""noise_basis_points"": ""300"", ""object_id"": ""2016"", ""phase"": ""middle"", ""realization_index"": ""2""}",,,"{""input"": ""frozen/coverage.csv"", ""json_pointer"": null, ""row_index_zero_based"": 206, ""sha256"": ""c994c28d687aaafee0d5d4b1e01ceea95a313df6bbb856ff3ad003434ab89da6""}","{""accepted_moves"": ""1"", ""classification_scope"": ""evaluation floor ONLY; not online acceptance tolerance"", ""endpoint_sha256"": ""807ae14444ee8de059c6bf8fa98fc70540e975647b7566981862c7caf9abb182"", ""evaluation_classification"": ""improved"", ""evaluation_floor"": ""6.472756284306757e-18"", ""final_H_step_error"": ""0.004543086407276023"", ""final_full_gap"": ""1.0319817051992094e-05"", ""final_half_H_step_energy"": ""1.031981705198808e-05"", ""final_nonlinear_status"": ""{\""reason\"": \""Separate owner bounded nonlinear transfer stage\"", \""status\"": \""NOT_RUN\""}"", ""final_normalized_H_step_error"": ""0.66400521001304"", ""full_reference_H_energy"": ""4.681219655865396e-05"", ""k"": ""16"", ""mode"": ""noise"", ""noise_basis_points"": ""300"", ""object_id"": ""2016"", ""one_step_truth"": ""{\""constraints_violated\"": true, \""relative_material_error\"": 0.800291194563024, \""scope\"": \""Offline unconstrained alpha1 diagnostic; not nonlinear accepted update\""}"", ""paired_attempt"": ""a17_closure_locked_noise_v1_2016_0b5e4009c17a4b229cfaff7592951077"", ""phase"": ""middle"", ""realization_index"": ""2"", ""receiver_H_step_error"": ""0.0049700430531732535"", ""receiver_full_gap"": ""1.235066397520676e-05"", ""receiver_half_H_step_energy"": ""1.2350663975197859e-05"", ""receiver_normalized_H_step_error"": ""0.7264080374986476"", ""reference_relative_residual"": ""3.0749455220897708e-12"", ""result_sha256"": ""4bcc955a05febba587326cb024fed97ad17573182289b5ca094b7972a9e337a2"", ""selected_ids"": ""[0, 1, 2, 3, 4, 5, 6, 7, 8, 10, 11, 12, 13, 14, 15, 17]"", ""signed_full_gap_improvement"": ""2.0308469232146654e-06"", ""source_directory"": ""/Volumes/migodam's-external-brain/Research/Inv_SLAM/Gaussian/A17/CLOSURE_R1/remote_snapshots/noise_complete_v1/results/locked_noise_v1/object_2016/middle_noise300_rep2"", ""stop_reason"": ""ABSTAIN_UNRESOLVED""}",AUDITED_TERMINAL,
18,a17_closure_nonlinear_v1_2002_receiver_only_910764a65cbe43cd8e5dd7322e831a92,,07bc4efd04a87f88623b123fc1df4beb335c818c8e4a9418a75a544de3ee273d,,completed_max_updates,True,,nonlinear,,,,ef75e7c448756ddce45bf92dedbc19e19c481478a54e42088d1c01232286c944,[],,NONLINEAR_MATERIAL_AND_DATA_ENDPOINT,"{""final_objective"": 2.2812266605176488e-05, ""heldout_data_relative"": 0.0066372560770399805, ""material_complex_relative"": 0.30265989991235837, ""material_imag_relative"": 0.7438821436297941, ""material_real_relative"": 0.28113554429981186, ""measured_data_relative"": 0.006636584760103277}",,,,False,,True,"{""object_id"": 2002, ""policy"": ""receiver_only""}",,2ed23fccc79f7a53d1203162c4ff64dd80e20a1b7b1eb55950664768171a99b7,"{""input"": ""nonlinear/CASES.json"", ""json_pointer"": ""/cases/0"", ""row_index_zero_based"": null, ""sha256"": ""e9ed0a74688a67406f2340d6be36c3252f9b9cad1f9cb45f611768d668bf9b7e""}",,AUDITED_TERMINAL,
18,a17_closure_nonlinear_v1_2002_verified_exchange_f17b8e9994694e0092af710bab4a1168,,07bc4efd04a87f88623b123fc1df4beb335c818c8e4a9418a75a544de3ee273d,,completed_max_updates,True,,nonlinear,,,,ef75e7c448756ddce45bf92dedbc19e19c481478a54e42088d1c01232286c944,[],,NONLINEAR_MATERIAL_AND_DATA_ENDPOINT,"{""final_objective"": 4.825952316539358e-06, ""heldout_data_relative"": 0.002836497012561256, ""material_complex_relative"": 0.26985570102104034, ""material_imag_relative"": 0.6506356973584516, ""material_real_relative"": 0.25156272929660584, ""measured_data_relative"": 0.002836637656785271}",,,,False,,True,"{""object_id"": 2002, ""policy"": ""verified_exchange""}",,2ed23fccc79f7a53d1203162c4ff64dd80e20a1b7b1eb55950664768171a99b7,"{""input"": ""nonlinear/CASES.json"", ""json_pointer"": ""/cases/1"", ""row_index_zero_based"": null, ""sha256"": ""e9ed0a74688a67406f2340d6be36c3252f9b9cad1f9cb45f611768d668bf9b7e""}",,AUDITED_TERMINAL,
18,a17_closure_nonlinear_v1_2005_receiver_only_6f6159fb7fd54b7587d2802913f68aa6,,07bc4efd04a87f88623b123fc1df4beb335c818c8e4a9418a75a544de3ee273d,,completed_max_updates,True,,nonlinear,,,,ef75e7c448756ddce45bf92dedbc19e19c481478a54e42088d1c01232286c944,[],,NONLINEAR_MATERIAL_AND_DATA_ENDPOINT,"{""final_objective"": 5.552962524636269e-05, ""heldout_data_relative"": 0.010520701970468883, ""material_complex_relative"": 0.6721905292828861, ""material_imag_relative"": 0.44389608112576434, ""material_real_relative"": 0.6810403285506288, ""measured_data_relative"": 0.010531539728438188}",,,,False,,True,"{""object_id"": 2005, ""policy"": ""receiver_only""}",,2ed23fccc79f7a53d1203162c4ff64dd80e20a1b7b1eb55950664768171a99b7,"{""input"": ""nonlinear/CASES.json"", ""json_pointer"": ""/cases/2"", ""row_index_zero_based"": null, ""sha256"": ""e9ed0a74688a67406f2340d6be36c3252f9b9cad1f9cb45f611768d668bf9b7e""}",,AUDITED_TERMINAL,
18,a17_closure_nonlinear_v1_2005_verified_exchange_07414c479de94bc0b7792cc6fa57aae3,,07bc4efd04a87f88623b123fc1df4beb335c818c8e4a9418a75a544de3ee273d,,completed_max_updates,True,,nonlinear,,,,ef75e7c448756ddce45bf92dedbc19e19c481478a54e42088d1c01232286c944,[],,NONLINEAR_MATERIAL_AND_DATA_ENDPOINT,"{""final_objective"": 2.5144678638447564e-05, ""heldout_data_relative"": 0.0070800563729569894, ""material_complex_relative"": 0.6706810840360217, ""material_imag_relative"": 0.28588573530292966, ""material_real_relative"": 0.6834570638717895, ""measured_data_relative"": 0.0070832379481887515}",,,,False,,True,"{""object_id"": 2005, ""policy"": ""verified_exchange""}",,2ed23fccc79f7a53d1203162c4ff64dd80e20a1b7b1eb55950664768171a99b7,"{""input"": ""nonlinear/CASES.json"", ""json_pointer"": ""/cases/3"", ""row_index_zero_based"": null, ""sha256"": ""e9ed0a74688a67406f2340d6be36c3252f9b9cad1f9cb45f611768d668bf9b7e""}",,AUDITED_TERMINAL,
18,a17_closure_nonlinear_v1_2009_receiver_only_4d0dc3edd0284636a03aa02ee9e5cbcd,,07bc4efd04a87f88623b123fc1df4beb335c818c8e4a9418a75a544de3ee273d,,completed_max_updates,True,,nonlinear,,,,ef75e7c448756ddce45bf92dedbc19e19c481478a54e42088d1c01232286c944,[],,NONLINEAR_MATERIAL_AND_DATA_ENDPOINT,"{""final_objective"": 0.00010113178829741431, ""heldout_data_relative"": 0.014189977176007021, ""material_complex_relative"": 0.6096404981110085, ""material_imag_relative"": 0.6975505261954482, ""material_real_relative"": 0.6081470702418288, ""measured_data_relative"": 0.014178603090241278}",,,,False,,True,"{""object_id"": 2009, ""policy"": ""receiver_only""}",,2ed23fccc79f7a53d1203162c4ff64dd80e20a1b7b1eb55950664768171a99b7,"{""input"": ""nonlinear/CASES.json"", ""json_pointer"": ""/cases/4"", ""row_index_zero_based"": null, ""sha256"": ""e9ed0a74688a67406f2340d6be36c3252f9b9cad1f9cb45f611768d668bf9b7e""}",,AUDITED_TERMINAL,
18,a17_closure_nonlinear_v1_2009_verified_exchange_a3ab37d3850b4c7982b715fcfb1d9f68,,07bc4efd04a87f88623b123fc1df4beb335c818c8e4a9418a75a544de3ee273d,,completed_max_updates,True,,nonlinear,,,,ef75e7c448756ddce45bf92dedbc19e19c481478a54e42088d1c01232286c944,[],,NONLINEAR_MATERIAL_AND_DATA_ENDPOINT,"{""final_objective"": 7.481450780874412e-05, ""heldout_data_relative"": 0.012179283961979337, ""material_complex_relative"": 0.5659891533320666, ""material_imag_relative"": 0.6219015495622531, ""material_real_relative"": 0.5650597986341002, ""measured_data_relative"": 0.012178344863873399}",,,,False,,True,"{""object_id"": 2009, ""policy"": ""verified_exchange""}",,2ed23fccc79f7a53d1203162c4ff64dd80e20a1b7b1eb55950664768171a99b7,"{""input"": ""nonlinear/CASES.json"", ""json_pointer"": ""/cases/5"", ""row_index_zero_based"": null, ""sha256"": ""e9ed0a74688a67406f2340d6be36c3252f9b9cad1f9cb45f611768d668bf9b7e""}",,AUDITED_TERMINAL,
0,,,07bc4efd04a87f88623b123fc1df4beb335c818c8e4a9418a75a544de3ee273d,,,False,,nonlinear,,,,ef75e7c448756ddce45bf92dedbc19e19c481478a54e42088d1c01232286c944,[],,NONLINEAR_MATERIAL_AND_DATA_ENDPOINT,,,,,False,,True,"{""object_id"": 2016, ""policy"": ""receiver_only""}",Serial queue stopped on previous monitored failure; no attempt and no runtime artifacts,2ed23fccc79f7a53d1203162c4ff64dd80e20a1b7b1eb55950664768171a99b7,"{""input"": ""nonlinear/CASES.json"", ""json_pointer"": ""/cases/6"", ""row_index_zero_based"": null, ""sha256"": ""e9ed0a74688a67406f2340d6be36c3252f9b9cad1f9cb45f611768d668bf9b7e""}",,NOT_RUN,
17,a17_closure_nonlinear_v1_2016_verified_exchange_247713608a8d47efa1adb70280446bce,,07bc4efd04a87f88623b123fc1df4beb335c818c8e4a9418a75a544de3ee273d,,FAILED,False,,nonlinear,ValueError('RECEIVER_ENDPOINT_NORMAL_RESIDUAL_FAILED'),17,,ef75e7c448756ddce45bf92dedbc19e19c481478a54e42088d1c01232286c944,[],,NONLINEAR_MATERIAL_AND_DATA_ENDPOINT,,,,,True,,True,"{""object_id"": 2016, ""policy"": ""verified_exchange""}",,2ed23fccc79f7a53d1203162c4ff64dd80e20a1b7b1eb55950664768171a99b7,"{""input"": ""nonlinear/CASES.json"", ""json_pointer"": ""/cases/7"", ""row_index_zero_based"": null, ""sha256"": ""e9ed0a74688a67406f2340d6be36c3252f9b9cad1f9cb45f611768d668bf9b7e""}",,AUDITED_FAILED_PREFIX,
,,,,,,,,offline_coverage,,,,,,True,OFFLINE_INITIAL_1SWAP_AND_BOUNDED_PATH_DIAGNOSTIC,"{""actual_minus_local_teacher_risk"": 0.0001867383607846945, ""actual_online_final_full_gap"": 0.0003461715618654395, ""local_teacher_final_full_gap"": 0.00015943320108074502}",,False,,,,True,"{""k"": 4, ""object_id"": 2002, ""phase"": ""early""}",,,"{""input"": ""coverage/coverage_evidence.json"", ""json_pointer"": ""/cells/0"", ""row_index_zero_based"": null, ""sha256"": ""e4f7c13169e570d49d6b5e0e16e8111c9c94e891dd419cded826c2652c40d978""}","{""actual_minus_local_teacher_risk"": 0.0001867383607846945, ""actual_online_final_full_gap"": 0.0003461715618654395, ""anchor_wall_s"": 0.2391425000387244, ""balanced12_best_raw_positive_gain"": 0.000342983235540943, ""balanced12_best_significant_gain"": 0.000342983235540943, ""balanced12_feasible_count"": 48, ""balanced12_ids"": [4, 32, 64, 96, 128, 144, 5, 33, 65, 97, 129, 145], ""balanced12_opportunity_capture"": 0.818024265709508, ""balanced12_significant_opportunity_capture"": 0.818024265709508, ""binding_status"": ""VERIFIED"", ""cell_status"": ""COMPLETE"", ""comparison_scope"": ""Trajectory gap includes candidate coverage/ranking/search; cannot be attributed solely to score"", ""declared_move_count"": 600, ""directory"": ""results/offline_coverage_v2/object_2002/early"", ""endpoint_wall_s"": 3.027622799971141, ""feasible_count"": 600, ""full_dictionary_anchor_top1_noop_capture"": 1.0, ""full_dictionary_anchor_top1_noop_regret"": 0.0, ""full_dictionary_anchor_top1_signed_capture"": 1.0, ""full_dictionary_anchor_top1_signed_regret"": 0.0, ""full_dictionary_anchor_top1_signed_true_gain"": 0.00041928247109327343, ""full_dictionary_anchor_top1_significance_regret"": 0.0, ""full_dictionary_anchor_top1_verified_noop_gain"": 0.00041928247109327343, ""invalid_count"": 0, ""k"": 4, ""labeled_count"": 600, ""local_not_global_oracle"": true, ""local_teacher_final_full_gap"": 0.00015943320108074502, ""object_id"": 2002, ""observed_best_positive_gain"": null, ""omitted_opportunity"": 7.62992355523304e-05, ""online_feedback"": false, ""phase"": ""early"", ""positive_count"": 101, ""significant_positive_count"": 101, ""source_result_sha256"": ""297e504368fb1ea5eb38bf99a3869c6d3a3bb039adb597ef2f75fecf9e773cce"", ""state_status"": ""COMPLETED"", ""teacher_best_raw_positive_gain"": 0.00041928247109327343, ""teacher_best_significant_gain"": 0.00041928247109327343, ""teacher_path_length"": 3, ""teacher_path_status"": ""LOCAL_3ACTION_BUDGET_COMPLETE"", ""teacher_tangent_rhs"": 3600, ""teacher_wall_s"": 21.918498999788426}",COMPLETE,True
,,,,,,,,offline_coverage,,,,,,True,OFFLINE_INITIAL_1SWAP_AND_BOUNDED_PATH_DIAGNOSTIC,"{""actual_minus_local_teacher_risk"": 0.00015079934009240448, ""actual_online_final_full_gap"": 0.00021278171750414656, ""local_teacher_final_full_gap"": 6.198237741174208e-05}",,False,,,,True,"{""k"": 8, ""object_id"": 2002, ""phase"": ""early""}",,,"{""input"": ""coverage/coverage_evidence.json"", ""json_pointer"": ""/cells/1"", ""row_index_zero_based"": null, ""sha256"": ""e4f7c13169e570d49d6b5e0e16e8111c9c94e891dd419cded826c2652c40d978""}","{""actual_minus_local_teacher_risk"": 0.00015079934009240448, ""actual_online_final_full_gap"": 0.00021278171750414656, ""anchor_wall_s"": 0.4416899000061676, ""balanced12_best_raw_positive_gain"": 1.1311589556590012e-05, ""balanced12_best_significant_gain"": 1.1311589556590012e-05, ""balanced12_feasible_count"": 96, ""balanced12_ids"": [8, 32, 64, 96, 128, 144, 9, 33, 65, 97, 129, 145], ""balanced12_opportunity_capture"": 0.08952735712931555, ""balanced12_significant_opportunity_capture"": 0.08952735712931555, ""binding_status"": ""VERIFIED"", ""cell_status"": ""COMPLETE"", ""comparison_scope"": ""Trajectory gap includes candidate coverage/ranking/search; cannot be attributed solely to score"", ""declared_move_count"": 1168, ""directory"": ""results/offline_coverage_v2/object_2002/early"", ""endpoint_wall_s"": 3.991775600006804, ""feasible_count"": 1168, ""full_dictionary_anchor_top1_noop_capture"": 1.0, ""full_dictionary_anchor_top1_noop_regret"": 0.0, ""full_dictionary_anchor_top1_signed_capture"": 1.0, ""full_dictionary_anchor_top1_signed_regret"": 0.0, ""full_dictionary_anchor_top1_signed_true_gain"": 0.00012634785521760985, ""full_dictionary_anchor_top1_significance_regret"": 0.0, ""full_dictionary_anchor_top1_verified_noop_gain"": 0.00012634785521760985, ""invalid_count"": 0, ""k"": 8, ""labeled_count"": 1168, ""local_not_global_oracle"": true, ""local_teacher_final_full_gap"": 6.198237741174208e-05, ""object_id"": 2002, ""observed_best_positive_gain"": null, ""omitted_opportunity"": 0.00011503626566101984, ""online_feedback"": false, ""phase"": ""early"", ""positive_count"": 151, ""significant_positive_count"": 151, ""source_result_sha256"": ""e331403d62c8d5956100b4c828e2344259ada41cc43279c4695bc300a2c993fa"", ""state_status"": ""COMPLETED"", ""teacher_best_raw_positive_gain"": 0.00012634785521760985, ""teacher_best_significant_gain"": 0.00012634785521760985, ""teacher_path_length"": 3, ""teacher_path_status"": ""LOCAL_3ACTION_BUDGET_COMPLETE"", ""teacher_tangent_rhs"": 7008, ""teacher_wall_s"": 42.06574550020741}",COMPLETE,True
,,,,,,,,offline_coverage,,,,,,True,OFFLINE_INITIAL_1SWAP_AND_BOUNDED_PATH_DIAGNOSTIC,"{""actual_minus_local_teacher_risk"": 6.89560015104348e-06, ""actual_online_final_full_gap"": 3.6396068330437034e-05, ""local_teacher_final_full_gap"": 2.9500468179393554e-05}",,False,,,,True,"{""k"": 16, ""object_id"": 2002, ""phase"": ""early""}",,,"{""input"": ""coverage/coverage_evidence.json"", ""json_pointer"": ""/cells/2"", ""row_index_zero_based"": null, ""sha256"": ""e4f7c13169e570d49d6b5e0e16e8111c9c94e891dd419cded826c2652c40d978""}","{""actual_minus_local_teacher_risk"": 6.89560015104348e-06, ""actual_online_final_full_gap"": 3.6396068330437034e-05, ""anchor_wall_s"": 0.828008399985265, ""balanced12_best_raw_positive_gain"": 1.6548127725612366e-05, ""balanced12_best_significant_gain"": 1.6548127725612366e-05, ""balanced12_feasible_count"": 192, ""balanced12_ids"": [16, 32, 64, 96, 128, 144, 17, 33, 65, 97, 129, 145], ""balanced12_opportunity_capture"": 0.8131998250381783, ""balanced12_significant_opportunity_capture"": 0.8131998250381783, ""binding_status"": ""VERIFIED"", ""cell_status"": ""COMPLETE"", ""comparison_scope"": ""Trajectory gap includes candidate coverage/ranking/search; cannot be attributed solely to score"", ""declared_move_count"": 2208, ""directory"": ""results/offline_coverage_v2/object_2002/early"", ""endpoint_wall_s"": 9.4798667000141, ""feasible_count"": 2208, ""full_dictionary_anchor_top1_noop_capture"": 1.0, ""full_dictionary_anchor_top1_noop_regret"": 0.0, ""full_dictionary_anchor_top1_signed_capture"": 1.0, ""full_dictionary_anchor_top1_signed_regret"": 0.0, ""full_dictionary_anchor_top1_signed_true_gain"": 2.0349399023586187e-05, ""full_dictionary_anchor_top1_significance_regret"": 0.0, ""full_dictionary_anchor_top1_verified_noop_gain"": 2.0349399023586187e-05, ""invalid_count"": 0, ""k"": 16, ""labeled_count"": 2208, ""local_not_global_oracle"": true, ""local_teacher_final_full_gap"": 2.9500468179393554e-05, ""object_id"": 2002, ""observed_best_positive_gain"": null, ""omitted_opportunity"": 3.801271297973822e-06, ""online_feedback"": false, ""phase"": ""early"", ""positive_count"": 253, ""significant_positive_count"": 253, ""source_result_sha256"": ""4bdb59e915793f31325941a2ab00185862770fcbd59019a3d25b359d4050c44d"", ""state_status"": ""COMPLETED"", ""teacher_best_raw_positive_gain"": 2.0349399023586187e-05, ""teacher_best_significant_gain"": 2.0349399023586187e-05, ""teacher_path_length"": 3, ""teacher_path_status"": ""LOCAL_3ACTION_BUDGET_COMPLETE"", ""teacher_tangent_rhs"": 13248, ""teacher_wall_s"": 78.03637979994528}",COMPLETE,True
,,,,,,,,offline_coverage,,,,,,True,OFFLINE_INITIAL_1SWAP_AND_BOUNDED_PATH_DIAGNOSTIC,"{""actual_minus_local_teacher_risk"": -3.391712824430984e-06, ""actual_online_final_full_gap"": 1.9839019180535867e-05, ""local_teacher_final_full_gap"": 2.323073200496685e-05}",,False,,,,True,"{""k"": 4, ""object_id"": 2002, ""phase"": ""middle""}",,,"{""input"": ""coverage/coverage_evidence.json"", ""json_pointer"": ""/cells/3"", ""row_index_zero_based"": null, ""sha256"": ""e4f7c13169e570d49d6b5e0e16e8111c9c94e891dd419cded826c2652c40d978""}","{""actual_minus_local_teacher_risk"": -3.391712824430984e-06, ""actual_online_final_full_gap"": 1.9839019180535867e-05, ""anchor_wall_s"": 0.20231219998095185, ""balanced12_best_raw_positive_gain"": 3.197526235025598e-05, ""balanced12_best_significant_gain"": 3.197526235025598e-05, ""balanced12_feasible_count"": 48, ""balanced12_ids"": [4, 32, 64, 96, 128, 144, 5, 33, 65, 97, 129, 145], ""balanced12_opportunity_capture"": 0.7308317592311208, ""balanced12_significant_opportunity_capture"": 0.7308317592311208, ""binding_status"": ""VERIFIED"", ""cell_status"": ""COMPLETE"", ""comparison_scope"": ""Trajectory gap includes candidate coverage/ranking/search; cannot be attributed solely to score"", ""declared_move_count"": 600, ""directory"": ""results/offline_coverage_v2/object_2002/middle"", ""endpoint_wall_s"": 2.9666418000124395, ""feasible_count"": 600, ""full_dictionary_anchor_top1_noop_capture"": 1.0, ""full_dictionary_anchor_top1_noop_regret"": 0.0, ""full_dictionary_anchor_top1_signed_capture"": 1.0, ""full_dictionary_anchor_top1_signed_regret"": 0.0, ""full_dictionary_anchor_top1_signed_true_gain"": 4.37518785224877e-05, ""full_dictionary_anchor_top1_significance_regret"": 0.0, ""full_dictionary_anchor_top1_verified_noop_gain"": 4.37518785224877e-05, ""invalid_count"": 0, ""k"": 4, ""labeled_count"": 600, ""local_not_global_oracle"": true, ""local_teacher_final_full_gap"": 2.323073200496685e-05, ""object_id"": 2002, ""observed_best_positive_gain"": null, ""omitted_opportunity"": 1.1776616172231724e-05, ""online_feedback"": false, ""phase"": ""middle"", ""positive_count"": 363, ""significant_positive_count"": 363, ""source_result_sha256"": ""2a392de0ea15240cfd5e94e4255cf11c804345482a5f2fb405391a4f86aa5684"", ""state_status"": ""COMPLETED"", ""teacher_best_raw_positive_gain"": 4.37518785224877e-05, ""teacher_best_significant_gain"": 4.37518785224877e-05, ""teacher_path_length"": 3, ""teacher_path_status"": ""LOCAL_3ACTION_BUDGET_COMPLETE"", ""teacher_tangent_rhs"": 3600, ""teacher_wall_s"": 21.521427799889352}",COMPLETE,True
,,,,,,,,offline_coverage,,,,,,True,OFFLINE_INITIAL_1SWAP_AND_BOUNDED_PATH_DIAGNOSTIC,"{""actual_minus_local_teacher_risk"": 8.751295161026012e-06, ""actual_online_final_full_gap"": 1.6407850371613245e-05, ""local_teacher_final_full_gap"": 7.656555210587233e-06}",,False,,,,True,"{""k"": 8, ""object_id"": 2002, ""phase"": ""middle""}",,,"{""input"": ""coverage/coverage_evidence.json"", ""json_pointer"": ""/cells/4"", ""row_index_zero_based"": null, ""sha256"": ""e4f7c13169e570d49d6b5e0e16e8111c9c94e891dd419cded826c2652c40d978""}","{""actual_minus_local_teacher_risk"": 8.751295161026012e-06, ""actual_online_final_full_gap"": 1.6407850371613245e-05, ""anchor_wall_s"": 0.41898049996234477, ""balanced12_best_raw_positive_gain"": 3.0360049546480058e-05, ""balanced12_best_significant_gain"": 3.0360049546480058e-05, ""balanced12_feasible_count"": 96, ""balanced12_ids"": [8, 32, 64, 96, 128, 144, 9, 33, 65, 97, 129, 145], ""balanced12_opportunity_capture"": 0.8964144275527437, ""balanced12_significant_opportunity_capture"": 0.8964144275527437, ""binding_status"": ""VERIFIED"", ""cell_status"": ""COMPLETE"", ""comparison_scope"": ""Trajectory gap includes candidate coverage/ranking/search; cannot be attributed solely to score"", ""declared_move_count"": 1168, ""directory"": ""results/offline_coverage_v2/object_2002/middle"", ""endpoint_wall_s"": 4.10186120000435, ""feasible_count"": 1168, ""full_dictionary_anchor_top1_noop_capture"": 0.9953268089164946, ""full_dictionary_anchor_top1_noop_regret"": 1.58273125102112e-07, ""full_dictionary_anchor_top1_signed_capture"": 0.9953268089164946, ""full_dictionary_anchor_top1_signed_regret"": 1.58273125102112e-07, ""full_dictionary_anchor_top1_signed_true_gain"": 3.371004560484573e-05, ""full_dictionary_anchor_top1_significance_regret"": 1.58273125102112e-07, ""full_dictionary_anchor_top1_verified_noop_gain"": 3.371004560484573e-05, ""invalid_count"": 0, ""k"": 8, ""labeled_count"": 1168, ""local_not_global_oracle"": true, ""local_teacher_final_full_gap"": 7.656555210587233e-06, ""object_id"": 2002, ""observed_best_positive_gain"": null, ""omitted_opportunity"": 3.5082691834677804e-06, ""online_feedback"": false, ""phase"": ""middle"", ""positive_count"": 931, ""significant_positive_count"": 931, ""source_result_sha256"": ""b7936bc3b406a2fbfd17ce519e7e5df67782a1a41c091e3774485d3acfe9dec0"", ""state_status"": ""COMPLETED"", ""teacher_best_raw_positive_gain"": 3.386831872994784e-05, ""teacher_best_significant_gain"": 3.386831872994784e-05, ""teacher_path_length"": 3, ""teacher_path_status"": ""LOCAL_3ACTION_BUDGET_COMPLETE"", ""teacher_tangent_rhs"": 7008, ""teacher_wall_s"": 41.59738019981887}",COMPLETE,True
,,,,,,,,offline_coverage,,,,,,True,OFFLINE_INITIAL_1SWAP_AND_BOUNDED_PATH_DIAGNOSTIC,"{""actual_minus_local_teacher_risk"": 4.2068776586572107e-07, ""actual_online_final_full_gap"": 2.9256248606072887e-06, ""local_teacher_final_full_gap"": 2.5049370947415676e-06}",,False,,,,True,"{""k"": 16, ""object_id"": 2002, ""phase"": ""middle""}",,,"{""input"": ""coverage/coverage_evidence.json"", ""json_pointer"": ""/cells/5"", ""row_index_zero_based"": null, ""sha256"": ""e4f7c13169e570d49d6b5e0e16e8111c9c94e891dd419cded826c2652c40d978""}","{""actual_minus_local_teacher_risk"": 4.2068776586572107e-07, ""actual_online_final_full_gap"": 2.9256248606072887e-06, ""anchor_wall_s"": 0.8855229000328109, ""balanced12_best_raw_positive_gain"": 1.9898487336601297e-06, ""balanced12_best_significant_gain"": 1.9898487336601297e-06, ""balanced12_feasible_count"": 192, ""balanced12_ids"": [16, 32, 64, 96, 128, 144, 17, 33, 65, 97, 129, 145], ""balanced12_opportunity_capture"": 1.0, ""balanced12_significant_opportunity_capture"": 1.0, ""binding_status"": ""VERIFIED"", ""cell_status"": ""COMPLETE"", ""comparison_scope"": ""Trajectory gap includes candidate coverage/ranking/search; cannot be attributed solely to score"", ""declared_move_count"": 2208, ""directory"": ""results/offline_coverage_v2/object_2002/middle"", ""endpoint_wall_s"": 9.524034000001848, ""feasible_count"": 2208, ""full_dictionary_anchor_top1_noop_capture"": 0.802057809943305, ""full_dictionary_anchor_top1_noop_regret"": 3.938750162222273e-07, ""full_dictionary_anchor_top1_signed_capture"": 0.802057809943305, ""full_dictionary_anchor_top1_signed_regret"": 3.938750162222273e-07, ""full_dictionary_anchor_top1_signed_true_gain"": 1.5959737174379024e-06, ""full_dictionary_anchor_top1_significance_regret"": 3.938750162222273e-07, ""full_dictionary_anchor_top1_verified_noop_gain"": 1.5959737174379024e-06, ""invalid_count"": 0, ""k"": 16, ""labeled_count"": 2208, ""local_not_global_oracle"": true, ""local_teacher_final_full_gap"": 2.5049370947415676e-06, ""object_id"": 2002, ""observed_best_positive_gain"": null, ""omitted_opportunity"": 0.0, ""online_feedback"": false, ""phase"": ""middle"", ""positive_count"": 346, ""significant_positive_count"": 346, ""source_result_sha256"": ""798fda30602b7a2b97553b390d2b18d5e5f8ef1567b50a75436b17fcce6ab01b"", ""state_status"": ""COMPLETED"", ""teacher_best_raw_positive_gain"": 1.9898487336601297e-06, ""teacher_best_significant_gain"": 1.9898487336601297e-06, ""teacher_path_length"": 3, ""teacher_path_status"": ""LOCAL_3ACTION_BUDGET_COMPLETE"", ""teacher_tangent_rhs"": 13248, ""teacher_wall_s"": 78.94058409996796}",COMPLETE,True
,,,,,,,,offline_coverage,,,,,,True,OFFLINE_INITIAL_1SWAP_AND_BOUNDED_PATH_DIAGNOSTIC,"{""actual_minus_local_teacher_risk"": 1.1464988037761782e-06, ""actual_online_final_full_gap"": 4.487171741776649e-06, ""local_teacher_final_full_gap"": 3.3406729380004705e-06}",,False,,,,True,"{""k"": 4, ""object_id"": 2002, ""phase"": ""late""}",,,"{""input"": ""coverage/coverage_evidence.json"", ""json_pointer"": ""/cells/6"", ""row_index_zero_based"": null, ""sha256"": ""e4f7c13169e570d49d6b5e0e16e8111c9c94e891dd419cded826c2652c40d978""}","{""actual_minus_local_teacher_risk"": 1.1464988037761782e-06, ""actual_online_final_full_gap"": 4.487171741776649e-06, ""anchor_wall_s"": 0.1994690999854356, ""balanced12_best_raw_positive_gain"": 2.5661711118048927e-05, ""balanced12_best_significant_gain"": 2.5661711118048927e-05, ""balanced12_feasible_count"": 48, ""balanced12_ids"": [4, 32, 64, 96, 128, 144, 5, 33, 65, 97, 129, 145], ""balanced12_opportunity_capture"": 1.0, ""balanced12_significant_opportunity_capture"": 1.0, ""binding_status"": ""VERIFIED"", ""cell_status"": ""COMPLETE"", ""comparison_scope"": ""Trajectory gap includes candidate coverage/ranking/search; cannot be attributed solely to score"", ""declared_move_count"": 600, ""directory"": ""results/offline_coverage_v2/object_2002/late"", ""endpoint_wall_s"": 3.006425399973523, ""feasible_count"": 600, ""full_dictionary_anchor_top1_noop_capture"": 1.0, ""full_dictionary_anchor_top1_noop_regret"": 0.0, ""full_dictionary_anchor_top1_signed_capture"": 1.0, ""full_dictionary_anchor_top1_signed_regret"": 0.0, ""full_dictionary_anchor_top1_signed_true_gain"": 2.5661711118048927e-05, ""full_dictionary_anchor_top1_significance_regret"": 0.0, ""full_dictionary_anchor_top1_verified_noop_gain"": 2.5661711118048927e-05, ""invalid_count"": 0, ""k"": 4, ""labeled_count"": 600, ""local_not_global_oracle"": true, ""local_teacher_final_full_gap"": 3.3406729380004705e-06, ""object_id"": 2002, ""observed_best_positive_gain"": null, ""omitted_opportunity"": 0.0, ""online_feedback"": false, ""phase"": ""late"", ""positive_count"": 121, ""significant_positive_count"": 121, ""source_result_sha256"": ""ad468ba80f73e715213a3bb76fd7423276a0dc4edccaa57b5941bc257365326b"", ""state_status"": ""COMPLETED"", ""teacher_best_raw_positive_gain"": 2.5661711118048927e-05, ""teacher_best_significant_gain"": 2.5661711118048927e-05, ""teacher_path_length"": 2, ""teacher_path_status"": ""NUMERICAL_LOCAL_1SWAP_STOP_NO_DETERMINISTIC_BOUND"", ""teacher_tangent_rhs"": 3600, ""teacher_wall_s"": 21.198431699944194}",COMPLETE,True
,,,,,,,,offline_coverage,,,,,,True,OFFLINE_INITIAL_1SWAP_AND_BOUNDED_PATH_DIAGNOSTIC,"{""actual_minus_local_teacher_risk"": 1.8413640007069943e-07, ""actual_online_final_full_gap"": 4.4078780476721216e-07, ""local_teacher_final_full_gap"": 2.5665140469651273e-07}",,False,,,,True,"{""k"": 8, ""object_id"": 2002, ""phase"": ""late""}",,,"{""input"": ""coverage/coverage_evidence.json"", ""json_pointer"": ""/cells/7"", ""row_index_zero_based"": null, ""sha256"": ""e4f7c13169e570d49d6b5e0e16e8111c9c94e891dd419cded826c2652c40d978""}","{""actual_minus_local_teacher_risk"": 1.8413640007069943e-07, ""actual_online_final_full_gap"": 4.4078780476721216e-07, ""anchor_wall_s"": 0.38032350002322346, ""balanced12_best_raw_positive_gain"": 2.8819824378997123e-06, ""balanced12_best_significant_gain"": 2.8819824378997123e-06, ""balanced12_feasible_count"": 96, ""balanced12_ids"": [8, 32, 64, 96, 128, 144, 9, 33, 65, 97, 129, 145], ""balanced12_opportunity_capture"": 1.0, ""balanced12_significant_opportunity_capture"": 1.0, ""binding_status"": ""VERIFIED"", ""cell_status"": ""COMPLETE"", ""comparison_scope"": ""Trajectory gap includes candidate coverage/ranking/search; cannot be attributed solely to score"", ""declared_move_count"": 1168, ""directory"": ""results/offline_coverage_v2/object_2002/late"", ""endpoint_wall_s"": 3.9918119000503793, ""feasible_count"": 1168, ""full_dictionary_anchor_top1_noop_capture"": 1.0, ""full_dictionary_anchor_top1_noop_regret"": 0.0, ""full_dictionary_anchor_top1_signed_capture"": 1.0, ""full_dictionary_anchor_top1_signed_regret"": 0.0, ""full_dictionary_anchor_top1_signed_true_gain"": 2.8819824378997123e-06, ""full_dictionary_anchor_top1_significance_regret"": 0.0, ""full_dictionary_anchor_top1_verified_noop_gain"": 2.8819824378997123e-06, ""invalid_count"": 0, ""k"": 8, ""labeled_count"": 1168, ""local_not_global_oracle"": true, ""local_teacher_final_full_gap"": 2.5665140469651273e-07, ""object_id"": 2002, ""observed_best_positive_gain"": null, ""omitted_opportunity"": 0.0, ""online_feedback"": false, ""phase"": ""late"", ""positive_count"": 300, ""significant_positive_count"": 300, ""source_result_sha256"": ""8acc2ea74ec5880cb97548756e92d6eeb6b2dfc5e15f77d48cc87fefe3eb1f17"", ""state_status"": ""COMPLETED"", ""teacher_best_raw_positive_gain"": 2.8819824378997123e-06, ""teacher_best_significant_gain"": 2.8819824378997123e-06, ""teacher_path_length"": 3, ""teacher_path_status"": ""LOCAL_3ACTION_BUDGET_COMPLETE"", ""teacher_tangent_rhs"": 7008, ""teacher_wall_s"": 41.247442699735984}",COMPLETE,True
,,,,,,,,offline_coverage,,,,,,True,OFFLINE_INITIAL_1SWAP_AND_BOUNDED_PATH_DIAGNOSTIC,"{""actual_minus_local_teacher_risk"": 6.381356355238951e-09, ""actual_online_final_full_gap"": 8.731943800329767e-08, ""local_teacher_final_full_gap"": 8.093808164805872e-08}",,False,,,,True,"{""k"": 16, ""object_id"": 2002, ""phase"": ""late""}",,,"{""input"": ""coverage/coverage_evidence.json"", ""json_pointer"": ""/cells/8"", ""row_index_zero_based"": null, ""sha256"": ""e4f7c13169e570d49d6b5e0e16e8111c9c94e891dd419cded826c2652c40d978""}","{""actual_minus_local_teacher_risk"": 6.381356355238951e-09, ""actual_online_final_full_gap"": 8.731943800329767e-08, ""anchor_wall_s"": 0.8019467000267468, ""balanced12_best_raw_positive_gain"": 1.5346837484936413e-07, ""balanced12_best_significant_gain"": 1.5346837484936413e-07, ""balanced12_feasible_count"": 192, ""balanced12_ids"": [16, 32, 64, 96, 128, 144, 17, 33, 65, 97, 129, 145], ""balanced12_opportunity_capture"": 1.0, ""balanced12_significant_opportunity_capture"": 1.0, ""binding_status"": ""VERIFIED"", ""cell_status"": ""COMPLETE"", ""comparison_scope"": ""Trajectory gap includes candidate coverage/ranking/search; cannot be attributed solely to score"", ""declared_move_count"": 2208, ""directory"": ""results/offline_coverage_v2/object_2002/late"", ""endpoint_wall_s"": 9.491961499967147, ""feasible_count"": 2208, ""full_dictionary_anchor_top1_noop_capture"": 0.9609405959631935, ""full_dictionary_anchor_top1_noop_regret"": 5.994383260113396e-09, ""full_dictionary_anchor_top1_signed_capture"": 0.9609405959631935, ""full_dictionary_anchor_top1_signed_regret"": 5.994383260113396e-09, ""full_dictionary_anchor_top1_signed_true_gain"": 1.4747399158925073e-07, ""full_dictionary_anchor_top1_significance_regret"": 5.994383260113396e-09, ""full_dictionary_anchor_top1_verified_noop_gain"": 1.4747399158925073e-07, ""invalid_count"": 0, ""k"": 16, ""labeled_count"": 2208, ""local_not_global_oracle"": true, ""local_teacher_final_full_gap"": 8.093808164805872e-08, ""object_id"": 2002, ""observed_best_positive_gain"": null, ""omitted_opportunity"": 0.0, ""online_feedback"": false, ""phase"": ""late"", ""positive_count"": 534, ""significant_positive_count"": 534, ""source_result_sha256"": ""acc3a96efdf6e5d2f26d6b575e07b114ccad03df0590ef740d529a6652c0c0ab"", ""state_status"": ""COMPLETED"", ""teacher_best_raw_positive_gain"": 1.5346837484936413e-07, ""teacher_best_significant_gain"": 1.5346837484936413e-07, ""teacher_path_length"": 3, ""teacher_path_status"": ""LOCAL_3ACTION_BUDGET_COMPLETE"", ""teacher_tangent_rhs"": 13248, ""teacher_wall_s"": 78.15496609959519}",COMPLETE,True
,,,,,,,,offline_coverage,,,,,,True,OFFLINE_INITIAL_1SWAP_AND_BOUNDED_PATH_DIAGNOSTIC,"{""actual_minus_local_teacher_risk"": 1.7286972795729533e-05, ""actual_online_final_full_gap"": 0.0008324635827456431, ""local_teacher_final_full_gap"": 0.0008151766099499135}",,False,,,,True,"{""k"": 4, ""object_id"": 2003, ""phase"": ""early""}",,,"{""input"": ""coverage/coverage_evidence.json"", ""json_pointer"": ""/cells/9"", ""row_index_zero_based"": null, ""sha256"": ""e4f7c13169e570d49d6b5e0e16e8111c9c94e891dd419cded826c2652c40d978""}","{""actual_minus_local_teacher_risk"": 1.7286972795729533e-05, ""actual_online_final_full_gap"": 0.0008324635827456431, ""anchor_wall_s"": 0.03840169997420162, ""balanced12_best_raw_positive_gain"": 0.0014590325670533787, ""balanced12_best_significant_gain"": 0.0014590325670533787, ""balanced12_feasible_count"": 48, ""balanced12_ids"": [4, 32, 64, 96, 128, 144, 5, 33, 65, 97, 129, 145], ""balanced12_opportunity_capture"": 1.0, ""balanced12_significant_opportunity_capture"": 1.0, ""binding_status"": ""VERIFIED"", ""cell_status"": ""COMPLETE"", ""comparison_scope"": ""Trajectory gap includes candidate coverage/ranking/search; cannot be attributed solely to score"", ""declared_move_count"": 600, ""directory"": ""results/offline_coverage_v2/object_2003/early"", ""endpoint_wall_s"": 1.144386600004509, ""feasible_count"": 600, ""full_dictionary_anchor_top1_noop_capture"": 1.0, ""full_dictionary_anchor_top1_noop_regret"": 0.0, ""full_dictionary_anchor_top1_signed_capture"": 1.0, ""full_dictionary_anchor_top1_signed_regret"": 0.0, ""full_dictionary_anchor_top1_signed_true_gain"": 0.0014590325670533787, ""full_dictionary_anchor_top1_significance_regret"": 0.0, ""full_dictionary_anchor_top1_verified_noop_gain"": 0.0014590325670533787, ""invalid_count"": 0, ""k"": 4, ""labeled_count"": 600, ""local_not_global_oracle"": true, ""local_teacher_final_full_gap"": 0.0008151766099499135, ""object_id"": 2003, ""observed_best_positive_gain"": null, ""omitted_opportunity"": 0.0, ""online_feedback"": false, ""phase"": ""early"", ""positive_count"": 227, ""significant_positive_count"": 227, ""source_result_sha256"": ""1f9e5eb8244ba142dec2f52aae95022b9e7c27f206f4b8061ad7804f004c82e4"", ""state_status"": ""COMPLETED"", ""teacher_best_raw_positive_gain"": 0.0014590325670533787, ""teacher_best_significant_gain"": 0.0014590325670533787, ""teacher_path_length"": 2, ""teacher_path_status"": ""NUMERICAL_LOCAL_1SWAP_STOP_NO_DETERMINISTIC_BOUND"", ""teacher_tangent_rhs"": 0, ""teacher_wall_s"": 0.024807500129099935}",COMPLETE,True
,,,,,,,,offline_coverage,,,,,,True,OFFLINE_INITIAL_1SWAP_AND_BOUNDED_PATH_DIAGNOSTIC,"{""actual_minus_local_teacher_risk"": -1.0842021724855044e-19, ""actual_online_final_full_gap"": 0.00022603561265078977, ""local_teacher_final_full_gap"": 0.00022603561265078988}",,False,,,,True,"{""k"": 8, ""object_id"": 2003, ""phase"": ""early""}",,,"{""input"": ""coverage/coverage_evidence.json"", ""json_pointer"": ""/cells/10"", ""row_index_zero_based"": null, ""sha256"": ""e4f7c13169e570d49d6b5e0e16e8111c9c94e891dd419cded826c2652c40d978""}","{""actual_minus_local_teacher_risk"": -1.0842021724855044e-19, ""actual_online_final_full_gap"": 0.00022603561265078977, ""anchor_wall_s"": 0.07669919996988028, ""balanced12_best_raw_positive_gain"": 0.0002770409005703493, ""balanced12_best_significant_gain"": 0.0002770409005703493, ""balanced12_feasible_count"": 96, ""balanced12_ids"": [8, 32, 64, 96, 128, 144, 9, 33, 65, 97, 129, 145], ""balanced12_opportunity_capture"": 1.0, ""balanced12_significant_opportunity_capture"": 1.0, ""binding_status"": ""VERIFIED"", ""cell_status"": ""COMPLETE"", ""comparison_scope"": ""Trajectory gap includes candidate coverage/ranking/search; cannot be attributed solely to score"", ""declared_move_count"": 1168, ""directory"": ""results/offline_coverage_v2/object_2003/early"", ""endpoint_wall_s"": 2.4911333000054583, ""feasible_count"": 1168, ""full_dictionary_anchor_top1_noop_capture"": 0.9861955345325836, ""full_dictionary_anchor_top1_noop_regret"": 3.824401544985341e-06, ""full_dictionary_anchor_top1_signed_capture"": 0.9861955345325836, ""full_dictionary_anchor_top1_signed_regret"": 3.824401544985341e-06, ""full_dictionary_anchor_top1_signed_true_gain"": 0.00027321649902536395, ""full_dictionary_anchor_top1_significance_regret"": 3.824401544985341e-06, ""full_dictionary_anchor_top1_verified_noop_gain"": 0.00027321649902536395, ""invalid_count"": 0, ""k"": 8, ""labeled_count"": 1168, ""local_not_global_oracle"": true, ""local_teacher_final_full_gap"": 0.00022603561265078988, ""object_id"": 2003, ""observed_best_positive_gain"": null, ""omitted_opportunity"": 0.0, ""online_feedback"": false, ""phase"": ""early"", ""positive_count"": 63, ""significant_positive_count"": 63, ""source_result_sha256"": ""4a62abbeba3bced8ab89c10f8d38521f86dac471b30c0c6ce2e71c92ad4695e6"", ""state_status"": ""COMPLETED"", ""teacher_best_raw_positive_gain"": 0.0002770409005703493, ""teacher_best_significant_gain"": 0.0002770409005703493, ""teacher_path_length"": 1, ""teacher_path_status"": ""NUMERICAL_LOCAL_1SWAP_STOP_NO_DETERMINISTIC_BOUND"", ""teacher_tangent_rhs"": 0, ""teacher_wall_s"": 0.04082499974174425}",COMPLETE,True
,,,,,,,,offline_coverage,,,,,,True,OFFLINE_INITIAL_1SWAP_AND_BOUNDED_PATH_DIAGNOSTIC,"{""actual_minus_local_teacher_risk"": 1.104685943368866e-06, ""actual_online_final_full_gap"": 3.862278286973042e-05, ""local_teacher_final_full_gap"": 3.751809692636155e-05}",,False,,,,True,"{""k"": 16, ""object_id"": 2003, ""phase"": ""early""}",,,"{""input"": ""coverage/coverage_evidence.json"", ""json_pointer"": ""/cells/11"", ""row_index_zero_based"": null, ""sha256"": ""e4f7c13169e570d49d6b5e0e16e8111c9c94e891dd419cded826c2652c40d978""}","{""actual_minus_local_teacher_risk"": 1.104685943368866e-06, ""actual_online_final_full_gap"": 3.862278286973042e-05, ""anchor_wall_s"": 0.13178559998050332, ""balanced12_best_raw_positive_gain"": 1.4361598368068785e-05, ""balanced12_best_significant_gain"": 1.4361598368068785e-05, ""balanced12_feasible_count"": 192, ""balanced12_ids"": [16, 32, 64, 96, 128, 144, 17, 33, 65, 97, 129, 145], ""balanced12_opportunity_capture"": 0.9285745741430644, ""balanced12_significant_opportunity_capture"": 0.9285745741430644, ""binding_status"": ""VERIFIED"", ""cell_status"": ""COMPLETE"", ""comparison_scope"": ""Trajectory gap includes candidate coverage/ranking/search; cannot be attributed solely to score"", ""declared_move_count"": 2208, ""directory"": ""results/offline_coverage_v2/object_2003/early"", ""endpoint_wall_s"": 6.9121901000034995, ""feasible_count"": 2208, ""full_dictionary_anchor_top1_noop_capture"": 1.0, ""full_dictionary_anchor_top1_noop_regret"": 0.0, ""full_dictionary_anchor_top1_signed_capture"": 1.0, ""full_dictionary_anchor_top1_signed_regret"": 0.0, ""full_dictionary_anchor_top1_signed_true_gain"": 1.546628431143766e-05, ""full_dictionary_anchor_top1_significance_regret"": 0.0, ""full_dictionary_anchor_top1_verified_noop_gain"": 1.546628431143766e-05, ""invalid_count"": 0, ""k"": 16, ""labeled_count"": 2208, ""local_not_global_oracle"": true, ""local_teacher_final_full_gap"": 3.751809692636155e-05, ""object_id"": 2003, ""observed_best_positive_gain"": null, ""omitted_opportunity"": 1.1046859433688762e-06, ""online_feedback"": false, ""phase"": ""early"", ""positive_count"": 84, ""significant_positive_count"": 84, ""source_result_sha256"": ""535c224ad467ca68942f6dca956eac22fdfa45b2126e9fe607169230e382cd72"", ""state_status"": ""COMPLETED"", ""teacher_best_raw_positive_gain"": 1.546628431143766e-05, ""teacher_best_significant_gain"": 1.546628431143766e-05, ""teacher_path_length"": 1, ""teacher_path_status"": ""NUMERICAL_LOCAL_1SWAP_STOP_NO_DETERMINISTIC_BOUND"", ""teacher_tangent_rhs"": 0, ""teacher_wall_s"": 0.07524859945988283}",COMPLETE,True
,,,,,,,,offline_coverage,,,,,,True,OFFLINE_INITIAL_1SWAP_AND_BOUNDED_PATH_DIAGNOSTIC,"{""actual_minus_local_teacher_risk"": 2.240603286512455e-05, ""actual_online_final_full_gap"": 0.00010336708459697615, ""local_teacher_final_full_gap"": 8.09610517318516e-05}",,False,,,,True,"{""k"": 4, ""object_id"": 2003, ""phase"": ""middle""}",,,"{""input"": ""coverage/coverage_evidence.json"", ""json_pointer"": ""/cells/12"", ""row_index_zero_based"": null, ""sha256"": ""e4f7c13169e570d49d6b5e0e16e8111c9c94e891dd419cded826c2652c40d978""}","{""actual_minus_local_teacher_risk"": 2.240603286512455e-05, ""actual_online_final_full_gap"": 0.00010336708459697615, ""anchor_wall_s"": 0.038178700022399426, ""balanced12_best_raw_positive_gain"": 0.00015799456732798172, ""balanced12_best_significant_gain"": 0.00015799456732798172, ""balanced12_feasible_count"": 48, ""balanced12_ids"": [4, 32, 64, 96, 128, 144, 5, 33, 65, 97, 129, 145], ""balanced12_opportunity_capture"": 0.9664634002731732, ""balanced12_significant_opportunity_capture"": 0.9664634002731732, ""binding_status"": ""VERIFIED"", ""cell_status"": ""COMPLETE"", ""comparison_scope"": ""Trajectory gap includes candidate coverage/ranking/search; cannot be attributed solely to score"", ""declared_move_count"": 600, ""directory"": ""results/offline_coverage_v2/object_2003/middle"", ""endpoint_wall_s"": 1.0645047000143677, ""feasible_count"": 600, ""full_dictionary_anchor_top1_noop_capture"": 1.0, ""full_dictionary_anchor_top1_noop_regret"": 0.0, ""full_dictionary_anchor_top1_signed_capture"": 1.0, ""full_dictionary_anchor_top1_signed_regret"": 0.0, ""full_dictionary_anchor_top1_signed_true_gain"": 0.000163477031083975, ""full_dictionary_anchor_top1_significance_regret"": 0.0, ""full_dictionary_anchor_top1_verified_noop_gain"": 0.000163477031083975, ""invalid_count"": 0, ""k"": 4, ""labeled_count"": 600, ""local_not_global_oracle"": true, ""local_teacher_final_full_gap"": 8.09610517318516e-05, ""object_id"": 2003, ""observed_best_positive_gain"": null, ""omitted_opportunity"": 5.482463755993283e-06, ""online_feedback"": false, ""phase"": ""middle"", ""positive_count"": 337, ""significant_positive_count"": 337, ""source_result_sha256"": ""0f89fa61bbb0a3af06b2d4051d2c68970177e8288ae72c79df767f12d224c2ac"", ""state_status"": ""COMPLETED"", ""teacher_best_raw_positive_gain"": 0.000163477031083975, ""teacher_best_significant_gain"": 0.000163477031083975, ""teacher_path_length"": 3, ""teacher_path_status"": ""LOCAL_3ACTION_BUDGET_COMPLETE"", ""teacher_tangent_rhs"": 0, ""teacher_wall_s"": 0.017776899912860245}",COMPLETE,True
,,,,,,,,offline_coverage,,,,,,True,OFFLINE_INITIAL_1SWAP_AND_BOUNDED_PATH_DIAGNOSTIC,"{""actual_minus_local_teacher_risk"": 1.9972923240841577e-05, ""actual_online_final_full_gap"": 5.401748951890706e-05, ""local_teacher_final_full_gap"": 3.404456627806548e-05}",,False,,,,True,"{""k"": 8, ""object_id"": 2003, ""phase"": ""middle""}",,,"{""input"": ""coverage/coverage_evidence.json"", ""json_pointer"": ""/cells/13"", ""row_index_zero_based"": null, ""sha256"": ""e4f7c13169e570d49d6b5e0e16e8111c9c94e891dd419cded826c2652c40d978""}","{""actual_minus_local_teacher_risk"": 1.9972923240841577e-05, ""actual_online_final_full_gap"": 5.401748951890706e-05, ""anchor_wall_s"": 0.06942309997975826, ""balanced12_best_raw_positive_gain"": 5.551375432582682e-05, ""balanced12_best_significant_gain"": 5.551375432582682e-05, ""balanced12_feasible_count"": 96, ""balanced12_ids"": [8, 32, 64, 96, 128, 144, 9, 33, 65, 97, 129, 145], ""balanced12_opportunity_capture"": 0.8329527990011696, ""balanced12_significant_opportunity_capture"": 0.8329527990011696, ""binding_status"": ""VERIFIED"", ""cell_status"": ""COMPLETE"", ""comparison_scope"": ""Trajectory gap includes candidate coverage/ranking/search; cannot be attributed solely to score"", ""declared_move_count"": 1168, ""directory"": ""results/offline_coverage_v2/object_2003/middle"", ""endpoint_wall_s"": 2.4554903999669477, ""feasible_count"": 1168, ""full_dictionary_anchor_top1_noop_capture"": 0.9878563531401063, ""full_dictionary_anchor_top1_noop_regret"": 8.09336890647498e-07, ""full_dictionary_anchor_top1_signed_capture"": 0.9878563531401063, ""full_dictionary_anchor_top1_signed_regret"": 8.09336890647498e-07, ""full_dictionary_anchor_top1_signed_true_gain"": 6.583760203842004e-05, ""full_dictionary_anchor_top1_significance_regret"": 8.09336890647498e-07, ""full_dictionary_anchor_top1_verified_noop_gain"": 6.583760203842004e-05, ""invalid_count"": 0, ""k"": 8, ""labeled_count"": 1168, ""local_not_global_oracle"": true, ""local_teacher_final_full_gap"": 3.404456627806548e-05, ""object_id"": 2003, ""observed_best_positive_gain"": null, ""omitted_opportunity"": 1.1133184603240717e-05, ""online_feedback"": false, ""phase"": ""middle"", ""positive_count"": 535, ""significant_positive_count"": 535, ""source_result_sha256"": ""fc364d917d2da015f62edba52434d2d29e1aaa442f8657ea99167119f54b581a"", ""state_status"": ""COMPLETED"", ""teacher_best_raw_positive_gain"": 6.664693892906754e-05, ""teacher_best_significant_gain"": 6.664693892906754e-05, ""teacher_path_length"": 3, ""teacher_path_status"": ""LOCAL_3ACTION_BUDGET_COMPLETE"", ""teacher_tangent_rhs"": 0, ""teacher_wall_s"": 0.0419697001343593}",COMPLETE,True
,,,,,,,,offline_coverage,,,,,,True,OFFLINE_INITIAL_1SWAP_AND_BOUNDED_PATH_DIAGNOSTIC,"{""actual_minus_local_teacher_risk"": 1.5968196788112061e-06, ""actual_online_final_full_gap"": 1.0824461680469511e-05, ""local_teacher_final_full_gap"": 9.227642001658305e-06}",,False,,,,True,"{""k"": 16, ""object_id"": 2003, ""phase"": ""middle""}",,,"{""input"": ""coverage/coverage_evidence.json"", ""json_pointer"": ""/cells/14"", ""row_index_zero_based"": null, ""sha256"": ""e4f7c13169e570d49d6b5e0e16e8111c9c94e891dd419cded826c2652c40d978""}","{""actual_minus_local_teacher_risk"": 1.5968196788112061e-06, ""actual_online_final_full_gap"": 1.0824461680469511e-05, ""anchor_wall_s"": 0.1308895999682136, ""balanced12_best_raw_positive_gain"": 2.947463695305349e-05, ""balanced12_best_significant_gain"": 2.947463695305349e-05, ""balanced12_feasible_count"": 192, ""balanced12_ids"": [16, 32, 64, 96, 128, 144, 17, 33, 65, 97, 129, 145], ""balanced12_opportunity_capture"": 1.0, ""balanced12_significant_opportunity_capture"": 1.0, ""binding_status"": ""VERIFIED"", ""cell_status"": ""COMPLETE"", ""comparison_scope"": ""Trajectory gap includes candidate coverage/ranking/search; cannot be attributed solely to score"", ""declared_move_count"": 2208, ""directory"": ""results/offline_coverage_v2/object_2003/middle"", ""endpoint_wall_s"": 6.871277700003702, ""feasible_count"": 2208, ""full_dictionary_anchor_top1_noop_capture"": 1.0, ""full_dictionary_anchor_top1_noop_regret"": 0.0, ""full_dictionary_anchor_top1_signed_capture"": 1.0, ""full_dictionary_anchor_top1_signed_regret"": 0.0, ""full_dictionary_anchor_top1_signed_true_gain"": 2.947463695305349e-05, ""full_dictionary_anchor_top1_significance_regret"": 0.0, ""full_dictionary_anchor_top1_verified_noop_gain"": 2.947463695305349e-05, ""invalid_count"": 0, ""k"": 16, ""labeled_count"": 2208, ""local_not_global_oracle"": true, ""local_teacher_final_full_gap"": 9.227642001658305e-06, ""object_id"": 2003, ""observed_best_positive_gain"": null, ""omitted_opportunity"": 0.0, ""online_feedback"": false, ""phase"": ""middle"", ""positive_count"": 825, ""significant_positive_count"": 825, ""source_result_sha256"": ""4f31f77e333919c2a47238a7208a12b004cb79cb8251674e58a58582954e0545"", ""state_status"": ""COMPLETED"", ""teacher_best_raw_positive_gain"": 2.947463695305349e-05, ""teacher_best_significant_gain"": 2.947463695305349e-05, ""teacher_path_length"": 3, ""teacher_path_status"": ""LOCAL_3ACTION_BUDGET_COMPLETE"", ""teacher_tangent_rhs"": 0, ""teacher_wall_s"": 0.07652869983576238}",COMPLETE,True
,,,,,,,,offline_coverage,,,,,,True,OFFLINE_INITIAL_1SWAP_AND_BOUNDED_PATH_DIAGNOSTIC,"{""actual_minus_local_teacher_risk"": 5.678393157778342e-05, ""actual_online_final_full_gap"": 0.00016488007490098107, ""local_teacher_final_full_gap"": 0.00010809614332319765}",,False,,,,True,"{""k"": 4, ""object_id"": 2003, ""phase"": ""late""}",,,"{""input"": ""coverage/coverage_evidence.json"", ""json_pointer"": ""/cells/15"", ""row_index_zero_based"": null, ""sha256"": ""e4f7c13169e570d49d6b5e0e16e8111c9c94e891dd419cded826c2652c40d978""}","{""actual_minus_local_teacher_risk"": 5.678393157778342e-05, ""actual_online_final_full_gap"": 0.00016488007490098107, ""anchor_wall_s"": 0.03657609998481348, ""balanced12_best_raw_positive_gain"": 0.00015576045786743094, ""balanced12_best_significant_gain"": 0.00015576045786743094, ""balanced12_feasible_count"": 48, ""balanced12_ids"": [4, 32, 64, 96, 128, 144, 5, 33, 65, 97, 129, 145], ""balanced12_opportunity_capture"": 0.7250548901980778, ""balanced12_significant_opportunity_capture"": 0.7250548901980778, ""binding_status"": ""VERIFIED"", ""cell_status"": ""COMPLETE"", ""comparison_scope"": ""Trajectory gap includes candidate coverage/ranking/search; cannot be attributed solely to score"", ""declared_move_count"": 600, ""directory"": ""results/offline_coverage_v2/object_2003/late"", ""endpoint_wall_s"": 1.0489454999915324, ""feasible_count"": 600, ""full_dictionary_anchor_top1_noop_capture"": 1.0, ""full_dictionary_anchor_top1_noop_regret"": 0.0, ""full_dictionary_anchor_top1_signed_capture"": 1.0, ""full_dictionary_anchor_top1_signed_regret"": 0.0, ""full_dictionary_anchor_top1_signed_true_gain"": 0.00021482574626160888, ""full_dictionary_anchor_top1_significance_regret"": 0.0, ""full_dictionary_anchor_top1_verified_noop_gain"": 0.00021482574626160888, ""invalid_count"": 0, ""k"": 4, ""labeled_count"": 600, ""local_not_global_oracle"": true, ""local_teacher_final_full_gap"": 0.00010809614332319765, ""object_id"": 2003, ""observed_best_positive_gain"": null, ""omitted_opportunity"": 5.906528839417794e-05, ""online_feedback"": false, ""phase"": ""late"", ""positive_count"": 109, ""significant_positive_count"": 109, ""source_result_sha256"": ""382301d0b23ea5a14afbe679f841034c8e1e94cd60ae25b0590188d3a1191632"", ""state_status"": ""COMPLETED"", ""teacher_best_raw_positive_gain"": 0.00021482574626160888, ""teacher_best_significant_gain"": 0.00021482574626160888, ""teacher_path_length"": 3, ""teacher_path_status"": ""LOCAL_3ACTION_BUDGET_COMPLETE"", ""teacher_tangent_rhs"": 0, ""teacher_wall_s"": 0.021323499910067767}",COMPLETE,True
,,,,,,,,offline_coverage,,,,,,True,OFFLINE_INITIAL_1SWAP_AND_BOUNDED_PATH_DIAGNOSTIC,"{""actual_minus_local_teacher_risk"": 5.4081605828517804e-05, ""actual_online_final_full_gap"": 9.635809100218139e-05, ""local_teacher_final_full_gap"": 4.227648517366359e-05}",,False,,,,True,"{""k"": 8, ""object_id"": 2003, ""phase"": ""late""}",,,"{""input"": ""coverage/coverage_evidence.json"", ""json_pointer"": ""/cells/16"", ""row_index_zero_based"": null, ""sha256"": ""e4f7c13169e570d49d6b5e0e16e8111c9c94e891dd419cded826c2652c40d978""}","{""actual_minus_local_teacher_risk"": 5.4081605828517804e-05, ""actual_online_final_full_gap"": 9.635809100218139e-05, ""anchor_wall_s"": 0.07138149999082088, ""balanced12_best_raw_positive_gain"": 5.0619173479182325e-05, ""balanced12_best_significant_gain"": 5.0619173479182325e-05, ""balanced12_feasible_count"": 96, ""balanced12_ids"": [8, 32, 64, 96, 128, 144, 9, 33, 65, 97, 129, 145], ""balanced12_opportunity_capture"": 0.6139325020393318, ""balanced12_significant_opportunity_capture"": 0.6139325020393318, ""binding_status"": ""VERIFIED"", ""cell_status"": ""COMPLETE"", ""comparison_scope"": ""Trajectory gap includes candidate coverage/ranking/search; cannot be attributed solely to score"", ""declared_move_count"": 1168, ""directory"": ""results/offline_coverage_v2/object_2003/late"", ""endpoint_wall_s"": 2.4598702000221238, ""feasible_count"": 1168, ""full_dictionary_anchor_top1_noop_capture"": 1.0, ""full_dictionary_anchor_top1_noop_regret"": 0.0, ""full_dictionary_anchor_top1_signed_capture"": 1.0, ""full_dictionary_anchor_top1_signed_regret"": 0.0, ""full_dictionary_anchor_top1_signed_true_gain"": 8.245071455092858e-05, ""full_dictionary_anchor_top1_significance_regret"": 0.0, ""full_dictionary_anchor_top1_verified_noop_gain"": 8.245071455092858e-05, ""invalid_count"": 0, ""k"": 8, ""labeled_count"": 1168, ""local_not_global_oracle"": true, ""local_teacher_final_full_gap"": 4.227648517366359e-05, ""object_id"": 2003, ""observed_best_positive_gain"": null, ""omitted_opportunity"": 3.183154107174626e-05, ""online_feedback"": false, ""phase"": ""late"", ""positive_count"": 498, ""significant_positive_count"": 498, ""source_result_sha256"": ""6f54f585a00291b7c7b75a8502e5f0786f010be91f9de64a423fdd5ea464b607"", ""state_status"": ""COMPLETED"", ""teacher_best_raw_positive_gain"": 8.245071455092858e-05, ""teacher_best_significant_gain"": 8.245071455092858e-05, ""teacher_path_length"": 3, ""teacher_path_status"": ""LOCAL_3ACTION_BUDGET_COMPLETE"", ""teacher_tangent_rhs"": 0, ""teacher_wall_s"": 0.04472619987791404}",COMPLETE,True
,,,,,,,,offline_coverage,,,,,,True,OFFLINE_INITIAL_1SWAP_AND_BOUNDED_PATH_DIAGNOSTIC,"{""actual_minus_local_teacher_risk"": 5.960220689703664e-06, ""actual_online_final_full_gap"": 1.3317369761003491e-05, ""local_teacher_final_full_gap"": 7.357149071299827e-06}",,False,,,,True,"{""k"": 16, ""object_id"": 2003, ""phase"": ""late""}",,,"{""input"": ""coverage/coverage_evidence.json"", ""json_pointer"": ""/cells/17"", ""row_index_zero_based"": null, ""sha256"": ""e4f7c13169e570d49d6b5e0e16e8111c9c94e891dd419cded826c2652c40d978""}","{""actual_minus_local_teacher_risk"": 5.960220689703664e-06, ""actual_online_final_full_gap"": 1.3317369761003491e-05, ""anchor_wall_s"": 0.13293709995923564, ""balanced12_best_raw_positive_gain"": 6.17926659822826e-06, ""balanced12_best_significant_gain"": 6.17926659822826e-06, ""balanced12_feasible_count"": 192, ""balanced12_ids"": [16, 32, 64, 96, 128, 144, 17, 33, 65, 97, 129, 145], ""balanced12_opportunity_capture"": 1.0, ""balanced12_significant_opportunity_capture"": 1.0, ""binding_status"": ""VERIFIED"", ""cell_status"": ""COMPLETE"", ""comparison_scope"": ""Trajectory gap includes candidate coverage/ranking/search; cannot be attributed solely to score"", ""declared_move_count"": 2208, ""directory"": ""results/offline_coverage_v2/object_2003/late"", ""endpoint_wall_s"": 6.918267000000924, ""feasible_count"": 2208, ""full_dictionary_anchor_top1_noop_capture"": 0.6500580635113526, ""full_dictionary_anchor_top1_noop_regret"": 2.1623845194636134e-06, ""full_dictionary_anchor_top1_signed_capture"": 0.6500580635113526, ""full_dictionary_anchor_top1_signed_regret"": 2.1623845194636134e-06, ""full_dictionary_anchor_top1_signed_true_gain"": 4.016882078764646e-06, ""full_dictionary_anchor_top1_significance_regret"": 2.1623845194636134e-06, ""full_dictionary_anchor_top1_verified_noop_gain"": 4.016882078764646e-06, ""invalid_count"": 0, ""k"": 16, ""labeled_count"": 2208, ""local_not_global_oracle"": true, ""local_teacher_final_full_gap"": 7.357149071299827e-06, ""object_id"": 2003, ""observed_best_positive_gain"": null, ""omitted_opportunity"": 0.0, ""online_feedback"": false, ""phase"": ""late"", ""positive_count"": 249, ""significant_positive_count"": 249, ""source_result_sha256"": ""efde2c129d62b12441dcdaa615d81f7e1c1581dc93746de0c3ed73c3168b1186"", ""state_status"": ""COMPLETED"", ""teacher_best_raw_positive_gain"": 6.17926659822826e-06, ""teacher_best_significant_gain"": 6.17926659822826e-06, ""teacher_path_length"": 3, ""teacher_path_status"": ""LOCAL_3ACTION_BUDGET_COMPLETE"", ""teacher_tangent_rhs"": 0, ""teacher_wall_s"": 0.07499130046926439}",COMPLETE,True
,,,,,,,,offline_coverage,,,,,,True,OFFLINE_INITIAL_1SWAP_AND_BOUNDED_PATH_DIAGNOSTIC,"{""actual_minus_local_teacher_risk"": 5.441604749519506e-05, ""actual_online_final_full_gap"": 0.00040971721419596476, ""local_teacher_final_full_gap"": 0.0003553011667007697}",,False,,,,True,"{""k"": 4, ""object_id"": 2004, ""phase"": ""early""}",,,"{""input"": ""coverage/coverage_evidence.json"", ""json_pointer"": ""/cells/18"", ""row_index_zero_based"": null, ""sha256"": ""e4f7c13169e570d49d6b5e0e16e8111c9c94e891dd419cded826c2652c40d978""}","{""actual_minus_local_teacher_risk"": 5.441604749519506e-05, ""actual_online_final_full_gap"": 0.00040971721419596476, ""anchor_wall_s"": 0.20835809997515753, ""balanced12_best_raw_positive_gain"": 0.0001668572098332613, ""balanced12_best_significant_gain"": 0.0001668572098332613, ""balanced12_feasible_count"": 48, ""balanced12_ids"": [4, 32, 64, 96, 128, 144, 5, 33, 65, 97, 129, 145], ""balanced12_opportunity_capture"": 0.7947226138527603, ""balanced12_significant_opportunity_capture"": 0.7947226138527603, ""binding_status"": ""VERIFIED"", ""cell_status"": ""COMPLETE"", ""comparison_scope"": ""Trajectory gap includes candidate coverage/ranking/search; cannot be attributed solely to score"", ""declared_move_count"": 600, ""directory"": ""results/offline_coverage_v2/object_2004/early"", ""endpoint_wall_s"": 2.914108800003305, ""feasible_count"": 600, ""full_dictionary_anchor_top1_noop_capture"": 1.0, ""full_dictionary_anchor_top1_noop_regret"": 0.0, ""full_dictionary_anchor_top1_signed_capture"": 1.0, ""full_dictionary_anchor_top1_signed_regret"": 0.0, ""full_dictionary_anchor_top1_signed_true_gain"": 0.00020995653945764684, ""full_dictionary_anchor_top1_significance_regret"": 0.0, ""full_dictionary_anchor_top1_verified_noop_gain"": 0.00020995653945764684, ""invalid_count"": 0, ""k"": 4, ""labeled_count"": 600, ""local_not_global_oracle"": true, ""local_teacher_final_full_gap"": 0.0003553011667007697, ""object_id"": 2004, ""observed_best_positive_gain"": null, ""omitted_opportunity"": 4.309932962438554e-05, ""online_feedback"": false, ""phase"": ""early"", ""positive_count"": 5, ""significant_positive_count"": 5, ""source_result_sha256"": ""df8edcc95a84763d9b61e408e213ef40b8b9dcdcbc6e2d1b65d134d689bc37ac"", ""state_status"": ""COMPLETED"", ""teacher_best_raw_positive_gain"": 0.00020995653945764684, ""teacher_best_significant_gain"": 0.00020995653945764684, ""teacher_path_length"": 2, ""teacher_path_status"": ""NUMERICAL_LOCAL_1SWAP_STOP_NO_DETERMINISTIC_BOUND"", ""teacher_tangent_rhs"": 3600, ""teacher_wall_s"": 21.31051129999105}",COMPLETE,True
,,,,,,,,offline_coverage,,,,,,True,OFFLINE_INITIAL_1SWAP_AND_BOUNDED_PATH_DIAGNOSTIC,"{""actual_minus_local_teacher_risk"": 8.610397600439854e-05, ""actual_online_final_full_gap"": 0.00020615860817169433, ""local_teacher_final_full_gap"": 0.00012005463216729579}",,False,,,,True,"{""k"": 8, ""object_id"": 2004, ""phase"": ""early""}",,,"{""input"": ""coverage/coverage_evidence.json"", ""json_pointer"": ""/cells/19"", ""row_index_zero_based"": null, ""sha256"": ""e4f7c13169e570d49d6b5e0e16e8111c9c94e891dd419cded826c2652c40d978""}","{""actual_minus_local_teacher_risk"": 8.610397600439854e-05, ""actual_online_final_full_gap"": 0.00020615860817169433, ""anchor_wall_s"": 0.4238280999707058, ""balanced12_best_raw_positive_gain"": 2.2519229101906638e-05, ""balanced12_best_significant_gain"": 2.2519229101906638e-05, ""balanced12_feasible_count"": 96, ""balanced12_ids"": [8, 32, 64, 96, 128, 144, 9, 33, 65, 97, 129, 145], ""balanced12_opportunity_capture"": 0.3196233083408351, ""balanced12_significant_opportunity_capture"": 0.3196233083408351, ""binding_status"": ""VERIFIED"", ""cell_status"": ""COMPLETE"", ""comparison_scope"": ""Trajectory gap includes candidate coverage/ranking/search; cannot be attributed solely to score"", ""declared_move_count"": 1168, ""directory"": ""results/offline_coverage_v2/object_2004/early"", ""endpoint_wall_s"": 4.0699155000038445, ""feasible_count"": 1168, ""full_dictionary_anchor_top1_noop_capture"": 0.9826045602146377, ""full_dictionary_anchor_top1_noop_regret"": 1.2256049031232266e-06, ""full_dictionary_anchor_top1_signed_capture"": 0.9826045602146377, ""full_dictionary_anchor_top1_signed_regret"": 1.2256049031232266e-06, ""full_dictionary_anchor_top1_signed_true_gain"": 6.922992357132997e-05, ""full_dictionary_anchor_top1_significance_regret"": 1.2256049031232266e-06, ""full_dictionary_anchor_top1_verified_noop_gain"": 6.922992357132997e-05, ""invalid_count"": 0, ""k"": 8, ""labeled_count"": 1168, ""local_not_global_oracle"": true, ""local_teacher_final_full_gap"": 0.00012005463216729579, ""object_id"": 2004, ""observed_best_positive_gain"": null, ""omitted_opportunity"": 4.793629937254655e-05, ""online_feedback"": false, ""phase"": ""early"", ""positive_count"": 111, ""significant_positive_count"": 111, ""source_result_sha256"": ""45cac0beb3ae4766e1e522d9fdfa91ab10d8040adf1b433664132856a015f12b"", ""state_status"": ""COMPLETED"", ""teacher_best_raw_positive_gain"": 7.045552847445319e-05, ""teacher_best_significant_gain"": 7.045552847445319e-05, ""teacher_path_length"": 2, ""teacher_path_status"": ""NUMERICAL_LOCAL_1SWAP_STOP_NO_DETERMINISTIC_BOUND"", ""teacher_tangent_rhs"": 7008, ""teacher_wall_s"": 41.47579240013147}",COMPLETE,True
,,,,,,,,offline_coverage,,,,,,True,OFFLINE_INITIAL_1SWAP_AND_BOUNDED_PATH_DIAGNOSTIC,"{""actual_minus_local_teacher_risk"": 1.1772699681707654e-05, ""actual_online_final_full_gap"": 3.5957117705765546e-05, ""local_teacher_final_full_gap"": 2.418441802405789e-05}",,False,,,,True,"{""k"": 16, ""object_id"": 2004, ""phase"": ""early""}",,,"{""input"": ""coverage/coverage_evidence.json"", ""json_pointer"": ""/cells/20"", ""row_index_zero_based"": null, ""sha256"": ""e4f7c13169e570d49d6b5e0e16e8111c9c94e891dd419cded826c2652c40d978""}","{""actual_minus_local_teacher_risk"": 1.1772699681707654e-05, ""actual_online_final_full_gap"": 3.5957117705765546e-05, ""anchor_wall_s"": 0.7883932999684475, ""balanced12_best_raw_positive_gain"": 7.3170491623745815e-06, ""balanced12_best_significant_gain"": 7.3170491623745815e-06, ""balanced12_feasible_count"": 192, ""balanced12_ids"": [16, 32, 64, 96, 128, 144, 17, 33, 65, 97, 129, 145], ""balanced12_opportunity_capture"": 0.27322533812190697, ""balanced12_significant_opportunity_capture"": 0.27322533812190697, ""binding_status"": ""VERIFIED"", ""cell_status"": ""COMPLETE"", ""comparison_scope"": ""Trajectory gap includes candidate coverage/ranking/search; cannot be attributed solely to score"", ""declared_move_count"": 2208, ""directory"": ""results/offline_coverage_v2/object_2004/early"", ""endpoint_wall_s"": 9.417478499992285, ""feasible_count"": 2208, ""full_dictionary_anchor_top1_noop_capture"": 0.9581924786650492, ""full_dictionary_anchor_top1_noop_regret"": 1.1196168373973061e-06, ""full_dictionary_anchor_top1_signed_capture"": 0.9581924786650492, ""full_dictionary_anchor_top1_signed_regret"": 1.1196168373973061e-06, ""full_dictionary_anchor_top1_signed_true_gain"": 2.5660656224648936e-05, ""full_dictionary_anchor_top1_significance_regret"": 1.1196168373973061e-06, ""full_dictionary_anchor_top1_verified_noop_gain"": 2.5660656224648936e-05, ""invalid_count"": 0, ""k"": 16, ""labeled_count"": 2208, ""local_not_global_oracle"": true, ""local_teacher_final_full_gap"": 2.418441802405789e-05, ""object_id"": 2004, ""observed_best_positive_gain"": null, ""omitted_opportunity"": 1.946322389967166e-05, ""online_feedback"": false, ""phase"": ""early"", ""positive_count"": 144, ""significant_positive_count"": 144, ""source_result_sha256"": ""5c7b37c0d52f938de3de417a602540009e1ef62d0800442abb1e20c145f157f1"", ""state_status"": ""COMPLETED"", ""teacher_best_raw_positive_gain"": 2.6780273062046242e-05, ""teacher_best_significant_gain"": 2.6780273062046242e-05, ""teacher_path_length"": 3, ""teacher_path_status"": ""LOCAL_3ACTION_BUDGET_COMPLETE"", ""teacher_tangent_rhs"": 13248, ""teacher_wall_s"": 78.06132349988911}",COMPLETE,True
,,,,,,,,offline_coverage,,,,,,True,OFFLINE_INITIAL_1SWAP_AND_BOUNDED_PATH_DIAGNOSTIC,"{""actual_minus_local_teacher_risk"": 2.5483381563942605e-06, ""actual_online_final_full_gap"": 4.065848595625888e-05, ""local_teacher_final_full_gap"": 3.811014779986462e-05}",,False,,,,True,"{""k"": 4, ""object_id"": 2004, ""phase"": ""middle""}",,,"{""input"": ""coverage/coverage_evidence.json"", ""json_pointer"": ""/cells/21"", ""row_index_zero_based"": null, ""sha256"": ""e4f7c13169e570d49d6b5e0e16e8111c9c94e891dd419cded826c2652c40d978""}","{""actual_minus_local_teacher_risk"": 2.5483381563942605e-06, ""actual_online_final_full_gap"": 4.065848595625888e-05, ""anchor_wall_s"": 0.20538699999451637, ""balanced12_best_raw_positive_gain"": 7.768159983975311e-05, ""balanced12_best_significant_gain"": 7.768159983975311e-05, ""balanced12_feasible_count"": 48, ""balanced12_ids"": [4, 32, 64, 96, 128, 144, 5, 33, 65, 97, 129, 145], ""balanced12_opportunity_capture"": 0.8905441233641973, ""balanced12_significant_opportunity_capture"": 0.8905441233641973, ""binding_status"": ""VERIFIED"", ""cell_status"": ""COMPLETE"", ""comparison_scope"": ""Trajectory gap includes candidate coverage/ranking/search; cannot be attributed solely to score"", ""declared_move_count"": 600, ""directory"": ""results/offline_coverage_v2/object_2004/middle"", ""endpoint_wall_s"": 2.916747600014787, ""feasible_count"": 600, ""full_dictionary_anchor_top1_noop_capture"": 1.0, ""full_dictionary_anchor_top1_noop_regret"": 0.0, ""full_dictionary_anchor_top1_signed_capture"": 1.0, ""full_dictionary_anchor_top1_signed_regret"": 0.0, ""full_dictionary_anchor_top1_signed_true_gain"": 8.72293666329483e-05, ""full_dictionary_anchor_top1_significance_regret"": 0.0, ""full_dictionary_anchor_top1_verified_noop_gain"": 8.72293666329483e-05, ""invalid_count"": 0, ""k"": 4, ""labeled_count"": 600, ""local_not_global_oracle"": true, ""local_teacher_final_full_gap"": 3.811014779986462e-05, ""object_id"": 2004, ""observed_best_positive_gain"": null, ""omitted_opportunity"": 9.547766793195192e-06, ""online_feedback"": false, ""phase"": ""middle"", ""positive_count"": 191, ""significant_positive_count"": 191, ""source_result_sha256"": ""8c2ced802644478f21668b9e7b348632d966aec8ad18778132b5b39d4ec99bb6"", ""state_status"": ""COMPLETED"", ""teacher_best_raw_positive_gain"": 8.72293666329483e-05, ""teacher_best_significant_gain"": 8.72293666329483e-05, ""teacher_path_length"": 3, ""teacher_path_status"": ""LOCAL_3ACTION_BUDGET_COMPLETE"", ""teacher_tangent_rhs"": 3600, ""teacher_wall_s"": 21.554646600212436}",COMPLETE,True
,,,,,,,,offline_coverage,,,,,,True,OFFLINE_INITIAL_1SWAP_AND_BOUNDED_PATH_DIAGNOSTIC,"{""actual_minus_local_teacher_risk"": 6.421031256506154e-06, ""actual_online_final_full_gap"": 2.7337622045555198e-05, ""local_teacher_final_full_gap"": 2.0916590789049044e-05}",,False,,,,True,"{""k"": 8, ""object_id"": 2004, ""phase"": ""middle""}",,,"{""input"": ""coverage/coverage_evidence.json"", ""json_pointer"": ""/cells/22"", ""row_index_zero_based"": null, ""sha256"": ""e4f7c13169e570d49d6b5e0e16e8111c9c94e891dd419cded826c2652c40d978""}","{""actual_minus_local_teacher_risk"": 6.421031256506154e-06, ""actual_online_final_full_gap"": 2.7337622045555198e-05, ""anchor_wall_s"": 0.38482089998433366, ""balanced12_best_raw_positive_gain"": 3.9753150827809827e-05, ""balanced12_best_significant_gain"": 3.9753150827809827e-05, ""balanced12_feasible_count"": 96, ""balanced12_ids"": [8, 32, 64, 96, 128, 144, 9, 33, 65, 97, 129, 145], ""balanced12_opportunity_capture"": 0.8417594055535522, ""balanced12_significant_opportunity_capture"": 0.8417594055535522, ""binding_status"": ""VERIFIED"", ""cell_status"": ""COMPLETE"", ""comparison_scope"": ""Trajectory gap includes candidate coverage/ranking/search; cannot be attributed solely to score"", ""declared_move_count"": 1168, ""directory"": ""results/offline_coverage_v2/object_2004/middle"", ""endpoint_wall_s"": 4.197177800000645, ""feasible_count"": 1168, ""full_dictionary_anchor_top1_noop_capture"": 1.0, ""full_dictionary_anchor_top1_noop_regret"": 0.0, ""full_dictionary_anchor_top1_signed_capture"": 1.0, ""full_dictionary_anchor_top1_signed_regret"": 0.0, ""full_dictionary_anchor_top1_signed_true_gain"": 4.722626271299888e-05, ""full_dictionary_anchor_top1_significance_regret"": 0.0, ""full_dictionary_anchor_top1_verified_noop_gain"": 4.722626271299888e-05, ""invalid_count"": 0, ""k"": 8, ""labeled_count"": 1168, ""local_not_global_oracle"": true, ""local_teacher_final_full_gap"": 2.0916590789049044e-05, ""object_id"": 2004, ""observed_best_positive_gain"": null, ""omitted_opportunity"": 7.4731118851890555e-06, ""online_feedback"": false, ""phase"": ""middle"", ""positive_count"": 742, ""significant_positive_count"": 742, ""source_result_sha256"": ""7b636447d6e678e8b9d72eb08f34b58f4ed992fcdb9b8d42eb987bbaee566229"", ""state_status"": ""COMPLETED"", ""teacher_best_raw_positive_gain"": 4.722626271299888e-05, ""teacher_best_significant_gain"": 4.722626271299888e-05, ""teacher_path_length"": 3, ""teacher_path_status"": ""LOCAL_3ACTION_BUDGET_COMPLETE"", ""teacher_tangent_rhs"": 7008, ""teacher_wall_s"": 41.73222429974703}",COMPLETE,True
,,,,,,,,offline_coverage,,,,,,True,OFFLINE_INITIAL_1SWAP_AND_BOUNDED_PATH_DIAGNOSTIC,"{""actual_minus_local_teacher_risk"": 1.6389067768686244e-06, ""actual_online_final_full_gap"": 6.803275845805615e-06, ""local_teacher_final_full_gap"": 5.1643690689369905e-06}",,False,,,,True,"{""k"": 16, ""object_id"": 2004, ""phase"": ""middle""}",,,"{""input"": ""coverage/coverage_evidence.json"", ""json_pointer"": ""/cells/23"", ""row_index_zero_based"": null, ""sha256"": ""e4f7c13169e570d49d6b5e0e16e8111c9c94e891dd419cded826c2652c40d978""}","{""actual_minus_local_teacher_risk"": 1.6389067768686244e-06, ""actual_online_final_full_gap"": 6.803275845805615e-06, ""anchor_wall_s"": 0.7965464000008069, ""balanced12_best_raw_positive_gain"": 6.637924667140446e-06, ""balanced12_best_significant_gain"": 6.637924667140446e-06, ""balanced12_feasible_count"": 192, ""balanced12_ids"": [16, 32, 64, 96, 128, 144, 17, 33, 65, 97, 129, 145], ""balanced12_opportunity_capture"": 1.0, ""balanced12_significant_opportunity_capture"": 1.0, ""binding_status"": ""VERIFIED"", ""cell_status"": ""COMPLETE"", ""comparison_scope"": ""Trajectory gap includes candidate coverage/ranking/search; cannot be attributed solely to score"", ""declared_move_count"": 2208, ""directory"": ""results/offline_coverage_v2/object_2004/middle"", ""endpoint_wall_s"": 9.434641300002113, ""feasible_count"": 2208, ""full_dictionary_anchor_top1_noop_capture"": 1.0, ""full_dictionary_anchor_top1_noop_regret"": 0.0, ""full_dictionary_anchor_top1_signed_capture"": 1.0, ""full_dictionary_anchor_top1_signed_regret"": 0.0, ""full_dictionary_anchor_top1_signed_true_gain"": 6.637924667140446e-06, ""full_dictionary_anchor_top1_significance_regret"": 0.0, ""full_dictionary_anchor_top1_verified_noop_gain"": 6.637924667140446e-06, ""invalid_count"": 0, ""k"": 16, ""labeled_count"": 2208, ""local_not_global_oracle"": true, ""local_teacher_final_full_gap"": 5.1643690689369905e-06, ""object_id"": 2004, ""observed_best_positive_gain"": null, ""omitted_opportunity"": 0.0, ""online_feedback"": false, ""phase"": ""middle"", ""positive_count"": 465, ""significant_positive_count"": 465, ""source_result_sha256"": ""abda3cca5437eab6fc73aabda0fa265f1acf64ebe493f36e31955b9e0d6bc8fa"", ""state_status"": ""COMPLETED"", ""teacher_best_raw_positive_gain"": 6.637924667140446e-06, ""teacher_best_significant_gain"": 6.637924667140446e-06, ""teacher_path_length"": 3, ""teacher_path_status"": ""LOCAL_3ACTION_BUDGET_COMPLETE"", ""teacher_tangent_rhs"": 13248, ""teacher_wall_s"": 78.3230160002131}",COMPLETE,True
,,,,,,,,offline_coverage,,,,,,True,OFFLINE_INITIAL_1SWAP_AND_BOUNDED_PATH_DIAGNOSTIC,"{""actual_minus_local_teacher_risk"": -2.7629633915690583e-06, ""actual_online_final_full_gap"": 1.187073907771187e-05, ""local_teacher_final_full_gap"": 1.4633702469280928e-05}",,False,,,,True,"{""k"": 4, ""object_id"": 2004, ""phase"": ""late""}",,,"{""input"": ""coverage/coverage_evidence.json"", ""json_pointer"": ""/cells/24"", ""row_index_zero_based"": null, ""sha256"": ""e4f7c13169e570d49d6b5e0e16e8111c9c94e891dd419cded826c2652c40d978""}","{""actual_minus_local_teacher_risk"": -2.7629633915690583e-06, ""actual_online_final_full_gap"": 1.187073907771187e-05, ""anchor_wall_s"": 0.2013071000110358, ""balanced12_best_raw_positive_gain"": 5.265903505434609e-06, ""balanced12_best_significant_gain"": 5.265903505434609e-06, ""balanced12_feasible_count"": 48, ""balanced12_ids"": [4, 32, 64, 96, 128, 144, 5, 33, 65, 97, 129, 145], ""balanced12_opportunity_capture"": 0.48699355638666003, ""balanced12_significant_opportunity_capture"": 0.48699355638666003, ""binding_status"": ""VERIFIED"", ""cell_status"": ""COMPLETE"", ""comparison_scope"": ""Trajectory gap includes candidate coverage/ranking/search; cannot be attributed solely to score"", ""declared_move_count"": 600, ""directory"": ""results/offline_coverage_v2/object_2004/late"", ""endpoint_wall_s"": 2.8613266999600455, ""feasible_count"": 600, ""full_dictionary_anchor_top1_noop_capture"": 0.9472587565176859, ""full_dictionary_anchor_top1_noop_regret"": 5.702956338789576e-07, ""full_dictionary_anchor_top1_signed_capture"": 0.9472587565176859, ""full_dictionary_anchor_top1_signed_regret"": 5.702956338789576e-07, ""full_dictionary_anchor_top1_signed_true_gain"": 1.0242790979640054e-05, ""full_dictionary_anchor_top1_significance_regret"": 5.702956338789576e-07, ""full_dictionary_anchor_top1_verified_noop_gain"": 1.0242790979640054e-05, ""invalid_count"": 0, ""k"": 4, ""labeled_count"": 600, ""local_not_global_oracle"": true, ""local_teacher_final_full_gap"": 1.4633702469280928e-05, ""object_id"": 2004, ""observed_best_positive_gain"": null, ""omitted_opportunity"": 5.547183108084402e-06, ""online_feedback"": false, ""phase"": ""late"", ""positive_count"": 27, ""significant_positive_count"": 27, ""source_result_sha256"": ""27c43dcab1fec3e2af13edab6d695689fc3d110a6bba2c443cff96d3f306a649"", ""state_status"": ""COMPLETED"", ""teacher_best_raw_positive_gain"": 1.0813086613519011e-05, ""teacher_best_significant_gain"": 1.0813086613519011e-05, ""teacher_path_length"": 2, ""teacher_path_status"": ""NUMERICAL_LOCAL_1SWAP_STOP_NO_DETERMINISTIC_BOUND"", ""teacher_tangent_rhs"": 3600, ""teacher_wall_s"": 21.55857430008473}",COMPLETE,True
,,,,,,,,offline_coverage,,,,,,True,OFFLINE_INITIAL_1SWAP_AND_BOUNDED_PATH_DIAGNOSTIC,"{""actual_minus_local_teacher_risk"": 1.3105875155948525e-06, ""actual_online_final_full_gap"": 2.2501289859865256e-06, ""local_teacher_final_full_gap"": 9.395414703916732e-07}",,False,,,,True,"{""k"": 8, ""object_id"": 2004, ""phase"": ""late""}",,,"{""input"": ""coverage/coverage_evidence.json"", ""json_pointer"": ""/cells/25"", ""row_index_zero_based"": null, ""sha256"": ""e4f7c13169e570d49d6b5e0e16e8111c9c94e891dd419cded826c2652c40d978""}","{""actual_minus_local_teacher_risk"": 1.3105875155948525e-06, ""actual_online_final_full_gap"": 2.2501289859865256e-06, ""anchor_wall_s"": 0.38273620000109076, ""balanced12_best_raw_positive_gain"": 1.8875941283971136e-06, ""balanced12_best_significant_gain"": 1.8875941283971136e-06, ""balanced12_feasible_count"": 96, ""balanced12_ids"": [8, 32, 64, 96, 128, 144, 9, 33, 65, 97, 129, 145], ""balanced12_opportunity_capture"": 0.6729515629324198, ""balanced12_significant_opportunity_capture"": 0.6729515629324198, ""binding_status"": ""VERIFIED"", ""cell_status"": ""COMPLETE"", ""comparison_scope"": ""Trajectory gap includes candidate coverage/ranking/search; cannot be attributed solely to score"", ""declared_move_count"": 1168, ""directory"": ""results/offline_coverage_v2/object_2004/late"", ""endpoint_wall_s"": 4.012264499964658, ""feasible_count"": 1168, ""full_dictionary_anchor_top1_noop_capture"": 1.0, ""full_dictionary_anchor_top1_noop_regret"": 0.0, ""full_dictionary_anchor_top1_signed_capture"": 1.0, ""full_dictionary_anchor_top1_signed_regret"": 0.0, ""full_dictionary_anchor_top1_signed_true_gain"": 2.8049479819495903e-06, ""full_dictionary_anchor_top1_significance_regret"": 0.0, ""full_dictionary_anchor_top1_verified_noop_gain"": 2.8049479819495903e-06, ""invalid_count"": 0, ""k"": 8, ""labeled_count"": 1168, ""local_not_global_oracle"": true, ""local_teacher_final_full_gap"": 9.395414703916732e-07, ""object_id"": 2004, ""observed_best_positive_gain"": null, ""omitted_opportunity"": 9.173538535524767e-07, ""online_feedback"": false, ""phase"": ""late"", ""positive_count"": 307, ""significant_positive_count"": 307, ""source_result_sha256"": ""246524d8a587e4e275300817d49368727d4192ba9b4d59c1cdaeca1f546a2635"", ""state_status"": ""COMPLETED"", ""teacher_best_raw_positive_gain"": 2.8049479819495903e-06, ""teacher_best_significant_gain"": 2.8049479819495903e-06, ""teacher_path_length"": 2, ""teacher_path_status"": ""NUMERICAL_LOCAL_1SWAP_STOP_NO_DETERMINISTIC_BOUND"", ""teacher_tangent_rhs"": 7008, ""teacher_wall_s"": 41.77726679999614}",COMPLETE,True
,,,,,,,,offline_coverage,,,,,,True,OFFLINE_INITIAL_1SWAP_AND_BOUNDED_PATH_DIAGNOSTIC,"{""actual_minus_local_teacher_risk"": -1.7905163978705764e-09, ""actual_online_final_full_gap"": 1.753051181430171e-07, ""local_teacher_final_full_gap"": 1.7709563454088767e-07}",,False,,,,True,"{""k"": 16, ""object_id"": 2004, ""phase"": ""late""}",,,"{""input"": ""coverage/coverage_evidence.json"", ""json_pointer"": ""/cells/26"", ""row_index_zero_based"": null, ""sha256"": ""e4f7c13169e570d49d6b5e0e16e8111c9c94e891dd419cded826c2652c40d978""}","{""actual_minus_local_teacher_risk"": -1.7905163978705764e-09, ""actual_online_final_full_gap"": 1.753051181430171e-07, ""anchor_wall_s"": 0.7479386000195518, ""balanced12_best_raw_positive_gain"": 3.019869574992123e-08, ""balanced12_best_significant_gain"": 3.019869574992123e-08, ""balanced12_feasible_count"": 192, ""balanced12_ids"": [16, 32, 64, 96, 128, 144, 17, 33, 65, 97, 129, 145], ""balanced12_opportunity_capture"": 0.3470426361521895, ""balanced12_significant_opportunity_capture"": 0.3470426361521895, ""binding_status"": ""VERIFIED"", ""cell_status"": ""COMPLETE"", ""comparison_scope"": ""Trajectory gap includes candidate coverage/ranking/search; cannot be attributed solely to score"", ""declared_move_count"": 2208, ""directory"": ""results/offline_coverage_v2/object_2004/late"", ""endpoint_wall_s"": 9.476601900008973, ""feasible_count"": 2208, ""full_dictionary_anchor_top1_noop_capture"": 0.6006900175292585, ""full_dictionary_anchor_top1_noop_regret"": 3.474685647919121e-08, ""full_dictionary_anchor_top1_signed_capture"": 0.6006900175292585, ""full_dictionary_anchor_top1_signed_regret"": 3.474685647919121e-08, ""full_dictionary_anchor_top1_signed_true_gain"": 5.2270393288004894e-08, ""full_dictionary_anchor_top1_significance_regret"": 3.474685647919121e-08, ""full_dictionary_anchor_top1_verified_noop_gain"": 5.2270393288004894e-08, ""invalid_count"": 0, ""k"": 16, ""labeled_count"": 2208, ""local_not_global_oracle"": true, ""local_teacher_final_full_gap"": 1.7709563454088767e-07, ""object_id"": 2004, ""observed_best_positive_gain"": null, ""omitted_opportunity"": 5.681855401727487e-08, ""online_feedback"": false, ""phase"": ""late"", ""positive_count"": 434, ""significant_positive_count"": 434, ""source_result_sha256"": ""56893f81f0cff8ac9397483584a173315be5c767c10b7b4a65bd0f3486e51cfd"", ""state_status"": ""COMPLETED"", ""teacher_best_raw_positive_gain"": 8.70172497671961e-08, ""teacher_best_significant_gain"": 8.70172497671961e-08, ""teacher_path_length"": 3, ""teacher_path_status"": ""LOCAL_3ACTION_BUDGET_COMPLETE"", ""teacher_tangent_rhs"": 13248, ""teacher_wall_s"": 78.82248200057074}",COMPLETE,True
,,,,,,,,offline_coverage,,,,,,True,OFFLINE_INITIAL_1SWAP_AND_BOUNDED_PATH_DIAGNOSTIC,"{""actual_minus_local_teacher_risk"": 6.348149336566425e-05, ""actual_online_final_full_gap"": 0.00013986883173426005, ""local_teacher_final_full_gap"": 7.63873383685958e-05}",,False,,,,True,"{""k"": 4, ""object_id"": 2005, ""phase"": ""early""}",,,"{""input"": ""coverage/coverage_evidence.json"", ""json_pointer"": ""/cells/27"", ""row_index_zero_based"": null, ""sha256"": ""e4f7c13169e570d49d6b5e0e16e8111c9c94e891dd419cded826c2652c40d978""}","{""actual_minus_local_teacher_risk"": 6.348149336566425e-05, ""actual_online_final_full_gap"": 0.00013986883173426005, ""anchor_wall_s"": 0.03369040001416579, ""balanced12_best_raw_positive_gain"": 0.00016387695063417907, ""balanced12_best_significant_gain"": 0.00016387695063417907, ""balanced12_feasible_count"": 48, ""balanced12_ids"": [4, 32, 64, 96, 128, 144, 5, 33, 65, 97, 129, 145], ""balanced12_opportunity_capture"": 0.7156244482517914, ""balanced12_significant_opportunity_capture"": 0.7156244482517914, ""binding_status"": ""VERIFIED"", ""cell_status"": ""COMPLETE"", ""comparison_scope"": ""Trajectory gap includes candidate coverage/ranking/search; cannot be attributed solely to score"", ""declared_move_count"": 600, ""directory"": ""results/offline_coverage_v2/object_2005/early"", ""endpoint_wall_s"": 1.0560998999862932, ""feasible_count"": 600, ""full_dictionary_anchor_top1_noop_capture"": 1.0, ""full_dictionary_anchor_top1_noop_regret"": 0.0, ""full_dictionary_anchor_top1_signed_capture"": 1.0, ""full_dictionary_anchor_top1_signed_regret"": 0.0, ""full_dictionary_anchor_top1_signed_true_gain"": 0.00022899853552308934, ""full_dictionary_anchor_top1_significance_regret"": 0.0, ""full_dictionary_anchor_top1_verified_noop_gain"": 0.00022899853552308934, ""invalid_count"": 0, ""k"": 4, ""labeled_count"": 600, ""local_not_global_oracle"": true, ""local_teacher_final_full_gap"": 7.63873383685958e-05, ""object_id"": 2005, ""observed_best_positive_gain"": null, ""omitted_opportunity"": 6.512158488891027e-05, ""online_feedback"": false, ""phase"": ""early"", ""positive_count"": 125, ""significant_positive_count"": 125, ""source_result_sha256"": ""2c5c0f3ceab7358fdc179a58f7cfdddf7a06a70d79cde0ff33bf7a75cb55dd09"", ""state_status"": ""COMPLETED"", ""teacher_best_raw_positive_gain"": 0.00022899853552308934, ""teacher_best_significant_gain"": 0.00022899853552308934, ""teacher_path_length"": 1, ""teacher_path_status"": ""NUMERICAL_LOCAL_1SWAP_STOP_NO_DETERMINISTIC_BOUND"", ""teacher_tangent_rhs"": 0, ""teacher_wall_s"": 0.021562900277785957}",COMPLETE,True
,,,,,,,,offline_coverage,,,,,,True,OFFLINE_INITIAL_1SWAP_AND_BOUNDED_PATH_DIAGNOSTIC,"{""actual_minus_local_teacher_risk"": 8.115005832668404e-05, ""actual_online_final_full_gap"": 9.617038735606382e-05, ""local_teacher_final_full_gap"": 1.5020329029379782e-05}",,False,,,,True,"{""k"": 8, ""object_id"": 2005, ""phase"": ""early""}",,,"{""input"": ""coverage/coverage_evidence.json"", ""json_pointer"": ""/cells/28"", ""row_index_zero_based"": null, ""sha256"": ""e4f7c13169e570d49d6b5e0e16e8111c9c94e891dd419cded826c2652c40d978""}","{""actual_minus_local_teacher_risk"": 8.115005832668404e-05, ""actual_online_final_full_gap"": 9.617038735606382e-05, ""anchor_wall_s"": 0.06483530002878979, ""balanced12_best_raw_positive_gain"": 2.9396181321709093e-05, ""balanced12_best_significant_gain"": 2.9396181321709093e-05, ""balanced12_feasible_count"": 96, ""balanced12_ids"": [8, 32, 64, 96, 128, 144, 9, 33, 65, 97, 129, 145], ""balanced12_opportunity_capture"": 0.2768695117861046, ""balanced12_significant_opportunity_capture"": 0.2768695117861046, ""binding_status"": ""VERIFIED"", ""cell_status"": ""COMPLETE"", ""comparison_scope"": ""Trajectory gap includes candidate coverage/ranking/search; cannot be attributed solely to score"", ""declared_move_count"": 1168, ""directory"": ""results/offline_coverage_v2/object_2005/early"", ""endpoint_wall_s"": 2.458968599967193, ""feasible_count"": 1168, ""full_dictionary_anchor_top1_noop_capture"": 1.0, ""full_dictionary_anchor_top1_noop_regret"": 0.0, ""full_dictionary_anchor_top1_signed_capture"": 1.0, ""full_dictionary_anchor_top1_signed_regret"": 0.0, ""full_dictionary_anchor_top1_signed_true_gain"": 0.0001061734140825845, ""full_dictionary_anchor_top1_significance_regret"": 0.0, ""full_dictionary_anchor_top1_verified_noop_gain"": 0.0001061734140825845, ""invalid_count"": 0, ""k"": 8, ""labeled_count"": 1168, ""local_not_global_oracle"": true, ""local_teacher_final_full_gap"": 1.5020329029379782e-05, ""object_id"": 2005, ""observed_best_positive_gain"": null, ""omitted_opportunity"": 7.677723276087542e-05, ""online_feedback"": false, ""phase"": ""early"", ""positive_count"": 256, ""significant_positive_count"": 256, ""source_result_sha256"": ""ee797a64c341b901a4d3a48dfa353976be6c4b7126ac34e6204c00dd83f81486"", ""state_status"": ""COMPLETED"", ""teacher_best_raw_positive_gain"": 0.0001061734140825845, ""teacher_best_significant_gain"": 0.0001061734140825845, ""teacher_path_length"": 3, ""teacher_path_status"": ""LOCAL_3ACTION_BUDGET_COMPLETE"", ""teacher_tangent_rhs"": 0, ""teacher_wall_s"": 0.0424874997115694}",COMPLETE,True
,,,,,,,,offline_coverage,,,,,,True,OFFLINE_INITIAL_1SWAP_AND_BOUNDED_PATH_DIAGNOSTIC,"{""actual_minus_local_teacher_risk"": 2.312964840452989e-06, ""actual_online_final_full_gap"": 9.625647265907886e-06, ""local_teacher_final_full_gap"": 7.312682425454897e-06}",,False,,,,True,"{""k"": 16, ""object_id"": 2005, ""phase"": ""early""}",,,"{""input"": ""coverage/coverage_evidence.json"", ""json_pointer"": ""/cells/29"", ""row_index_zero_based"": null, ""sha256"": ""e4f7c13169e570d49d6b5e0e16e8111c9c94e891dd419cded826c2652c40d978""}","{""actual_minus_local_teacher_risk"": 2.312964840452989e-06, ""actual_online_final_full_gap"": 9.625647265907886e-06, ""anchor_wall_s"": 0.13067169999703765, ""balanced12_best_raw_positive_gain"": 1.1166397179733351e-05, ""balanced12_best_significant_gain"": 1.1166397179733351e-05, ""balanced12_feasible_count"": 192, ""balanced12_ids"": [16, 32, 64, 96, 128, 144, 17, 33, 65, 97, 129, 145], ""balanced12_opportunity_capture"": 0.9321912210124816, ""balanced12_significant_opportunity_capture"": 0.9321912210124816, ""binding_status"": ""VERIFIED"", ""cell_status"": ""COMPLETE"", ""comparison_scope"": ""Trajectory gap includes candidate coverage/ranking/search; cannot be attributed solely to score"", ""declared_move_count"": 2208, ""directory"": ""results/offline_coverage_v2/object_2005/early"", ""endpoint_wall_s"": 6.870825799996965, ""feasible_count"": 2208, ""full_dictionary_anchor_top1_noop_capture"": 1.0, ""full_dictionary_anchor_top1_noop_regret"": 0.0, ""full_dictionary_anchor_top1_signed_capture"": 1.0, ""full_dictionary_anchor_top1_signed_regret"": 0.0, ""full_dictionary_anchor_top1_signed_true_gain"": 1.1978655160048796e-05, ""full_dictionary_anchor_top1_significance_regret"": 0.0, ""full_dictionary_anchor_top1_verified_noop_gain"": 1.1978655160048796e-05, ""invalid_count"": 0, ""k"": 16, ""labeled_count"": 2208, ""local_not_global_oracle"": true, ""local_teacher_final_full_gap"": 7.312682425454897e-06, ""object_id"": 2005, ""observed_best_positive_gain"": null, ""omitted_opportunity"": 8.122579803154447e-07, ""online_feedback"": false, ""phase"": ""early"", ""positive_count"": 370, ""significant_positive_count"": 370, ""source_result_sha256"": ""7273fc68539f9ac90b6e77c51d5f4addbe93051aa4cc618c1b3f644972e8330c"", ""state_status"": ""COMPLETED"", ""teacher_best_raw_positive_gain"": 1.1978655160048796e-05, ""teacher_best_significant_gain"": 1.1978655160048796e-05, ""teacher_path_length"": 3, ""teacher_path_status"": ""LOCAL_3ACTION_BUDGET_COMPLETE"", ""teacher_tangent_rhs"": 0, ""teacher_wall_s"": 0.07845010003075004}",COMPLETE,True
,,,,,,,,offline_coverage,,,,,,True,OFFLINE_INITIAL_1SWAP_AND_BOUNDED_PATH_DIAGNOSTIC,"{""actual_minus_local_teacher_risk"": 2.698407939627601e-07, ""actual_online_final_full_gap"": 5.843592285823263e-06, ""local_teacher_final_full_gap"": 5.573751491860503e-06}",,False,,,,True,"{""k"": 4, ""object_id"": 2005, ""phase"": ""middle""}",,,"{""input"": ""coverage/coverage_evidence.json"", ""json_pointer"": ""/cells/30"", ""row_index_zero_based"": null, ""sha256"": ""e4f7c13169e570d49d6b5e0e16e8111c9c94e891dd419cded826c2652c40d978""}","{""actual_minus_local_teacher_risk"": 2.698407939627601e-07, ""actual_online_final_full_gap"": 5.843592285823263e-06, ""anchor_wall_s"": 0.03633460000855848, ""balanced12_best_raw_positive_gain"": 0.00018932432989984886, ""balanced12_best_significant_gain"": 0.00018932432989984886, ""balanced12_feasible_count"": 48, ""balanced12_ids"": [4, 32, 64, 96, 128, 144, 5, 33, 65, 97, 129, 145], ""balanced12_opportunity_capture"": 0.9422952343875749, ""balanced12_significant_opportunity_capture"": 0.9422952343875749, ""binding_status"": ""VERIFIED"", ""cell_status"": ""COMPLETE"", ""comparison_scope"": ""Trajectory gap includes candidate coverage/ranking/search; cannot be attributed solely to score"", ""declared_move_count"": 600, ""directory"": ""results/offline_coverage_v2/object_2005/middle"", ""endpoint_wall_s"": 1.0806903000338934, ""feasible_count"": 600, ""full_dictionary_anchor_top1_noop_capture"": 1.0, ""full_dictionary_anchor_top1_noop_regret"": 0.0, ""full_dictionary_anchor_top1_signed_capture"": 1.0, ""full_dictionary_anchor_top1_signed_regret"": 0.0, ""full_dictionary_anchor_top1_signed_true_gain"": 0.00020091827167405369, ""full_dictionary_anchor_top1_significance_regret"": 0.0, ""full_dictionary_anchor_top1_verified_noop_gain"": 0.00020091827167405369, ""invalid_count"": 0, ""k"": 4, ""labeled_count"": 600, ""local_not_global_oracle"": true, ""local_teacher_final_full_gap"": 5.573751491860503e-06, ""object_id"": 2005, ""observed_best_positive_gain"": null, ""omitted_opportunity"": 1.1593941774204827e-05, ""online_feedback"": false, ""phase"": ""middle"", ""positive_count"": 468, ""significant_positive_count"": 468, ""source_result_sha256"": ""14b157ee4124b4f102cffd07ca05fa4250f3687b0ecc7fa858c0ca155f73c715"", ""state_status"": ""COMPLETED"", ""teacher_best_raw_positive_gain"": 0.00020091827167405369, ""teacher_best_significant_gain"": 0.00020091827167405369, ""teacher_path_length"": 3, ""teacher_path_status"": ""LOCAL_3ACTION_BUDGET_COMPLETE"", ""teacher_tangent_rhs"": 0, ""teacher_wall_s"": 0.01411529997130856}",COMPLETE,True
,,,,,,,,offline_coverage,,,,,,True,OFFLINE_INITIAL_1SWAP_AND_BOUNDED_PATH_DIAGNOSTIC,"{""actual_minus_local_teacher_risk"": 3.20662849032603e-06, ""actual_online_final_full_gap"": 6.695910936717088e-06, ""local_teacher_final_full_gap"": 3.4892824463910584e-06}",,False,,,,True,"{""k"": 8, ""object_id"": 2005, ""phase"": ""middle""}",,,"{""input"": ""coverage/coverage_evidence.json"", ""json_pointer"": ""/cells/31"", ""row_index_zero_based"": null, ""sha256"": ""e4f7c13169e570d49d6b5e0e16e8111c9c94e891dd419cded826c2652c40d978""}","{""actual_minus_local_teacher_risk"": 3.20662849032603e-06, ""actual_online_final_full_gap"": 6.695910936717088e-06, ""anchor_wall_s"": 0.07053409999934956, ""balanced12_best_raw_positive_gain"": 2.3308346425400134e-05, ""balanced12_best_significant_gain"": 2.3308346425400134e-05, ""balanced12_feasible_count"": 96, ""balanced12_ids"": [8, 32, 64, 96, 128, 144, 9, 33, 65, 97, 129, 145], ""balanced12_opportunity_capture"": 0.7166243245323703, ""balanced12_significant_opportunity_capture"": 0.7166243245323703, ""binding_status"": ""VERIFIED"", ""cell_status"": ""COMPLETE"", ""comparison_scope"": ""Trajectory gap includes candidate coverage/ranking/search; cannot be attributed solely to score"", ""declared_move_count"": 1168, ""directory"": ""results/offline_coverage_v2/object_2005/middle"", ""endpoint_wall_s"": 2.4318826000089757, ""feasible_count"": 1168, ""full_dictionary_anchor_top1_noop_capture"": 1.0, ""full_dictionary_anchor_top1_noop_regret"": 0.0, ""full_dictionary_anchor_top1_signed_capture"": 1.0, ""full_dictionary_anchor_top1_signed_regret"": 0.0, ""full_dictionary_anchor_top1_signed_true_gain"": 3.252519573712472e-05, ""full_dictionary_anchor_top1_significance_regret"": 0.0, ""full_dictionary_anchor_top1_verified_noop_gain"": 3.252519573712472e-05, ""invalid_count"": 0, ""k"": 8, ""labeled_count"": 1168, ""local_not_global_oracle"": true, ""local_teacher_final_full_gap"": 3.4892824463910584e-06, ""object_id"": 2005, ""observed_best_positive_gain"": null, ""omitted_opportunity"": 9.216849311724588e-06, ""online_feedback"": false, ""phase"": ""middle"", ""positive_count"": 503, ""significant_positive_count"": 503, ""source_result_sha256"": ""5dc9e870c2f520980828e72a6cbd0322b9121b503aea885578b7ca1f08cda2d5"", ""state_status"": ""COMPLETED"", ""teacher_best_raw_positive_gain"": 3.252519573712472e-05, ""teacher_best_significant_gain"": 3.252519573712472e-05, ""teacher_path_length"": 3, ""teacher_path_status"": ""LOCAL_3ACTION_BUDGET_COMPLETE"", ""teacher_tangent_rhs"": 0, ""teacher_wall_s"": 0.03797669988125563}",COMPLETE,True
,,,,,,,,offline_coverage,,,,,,True,OFFLINE_INITIAL_1SWAP_AND_BOUNDED_PATH_DIAGNOSTIC,"{""actual_minus_local_teacher_risk"": 5.45262075053195e-07, ""actual_online_final_full_gap"": 1.6753292513109134e-06, ""local_teacher_final_full_gap"": 1.1300671762577184e-06}",,False,,,,True,"{""k"": 16, ""object_id"": 2005, ""phase"": ""middle""}",,,"{""input"": ""coverage/coverage_evidence.json"", ""json_pointer"": ""/cells/32"", ""row_index_zero_based"": null, ""sha256"": ""e4f7c13169e570d49d6b5e0e16e8111c9c94e891dd419cded826c2652c40d978""}","{""actual_minus_local_teacher_risk"": 5.45262075053195e-07, ""actual_online_final_full_gap"": 1.6753292513109134e-06, ""anchor_wall_s"": 0.1302863000310026, ""balanced12_best_raw_positive_gain"": 5.167322120032253e-06, ""balanced12_best_significant_gain"": 5.167322120032253e-06, ""balanced12_feasible_count"": 192, ""balanced12_ids"": [16, 32, 64, 96, 128, 144, 17, 33, 65, 97, 129, 145], ""balanced12_opportunity_capture"": 0.9641483532075167, ""balanced12_significant_opportunity_capture"": 0.9641483532075167, ""binding_status"": ""VERIFIED"", ""cell_status"": ""COMPLETE"", ""comparison_scope"": ""Trajectory gap includes candidate coverage/ranking/search; cannot be attributed solely to score"", ""declared_move_count"": 2208, ""directory"": ""results/offline_coverage_v2/object_2005/middle"", ""endpoint_wall_s"": 6.858870399999432, ""feasible_count"": 2208, ""full_dictionary_anchor_top1_noop_capture"": 0.9978484796112737, ""full_dictionary_anchor_top1_noop_regret"": 1.1531004393027563e-08, ""full_dictionary_anchor_top1_signed_capture"": 0.9978484796112737, ""full_dictionary_anchor_top1_signed_regret"": 1.1531004393027563e-08, ""full_dictionary_anchor_top1_signed_true_gain"": 5.347936864676779e-06, ""full_dictionary_anchor_top1_significance_regret"": 1.1531004393027563e-08, ""full_dictionary_anchor_top1_verified_noop_gain"": 5.347936864676779e-06, ""invalid_count"": 0, ""k"": 16, ""labeled_count"": 2208, ""local_not_global_oracle"": true, ""local_teacher_final_full_gap"": 1.1300671762577184e-06, ""object_id"": 2005, ""observed_best_positive_gain"": null, ""omitted_opportunity"": 1.9214574903755413e-07, ""online_feedback"": false, ""phase"": ""middle"", ""positive_count"": 894, ""significant_positive_count"": 894, ""source_result_sha256"": ""703e5fb0ad0b5b063c2878c595c6bcffd6fd52ca4a79c165cb67d33cd151c1f6"", ""state_status"": ""COMPLETED"", ""teacher_best_raw_positive_gain"": 5.359467869069807e-06, ""teacher_best_significant_gain"": 5.359467869069807e-06, ""teacher_path_length"": 3, ""teacher_path_status"": ""LOCAL_3ACTION_BUDGET_COMPLETE"", ""teacher_tangent_rhs"": 0, ""teacher_wall_s"": 0.07938760018441826}",COMPLETE,True
,,,,,,,,offline_coverage,,,,,,True,OFFLINE_INITIAL_1SWAP_AND_BOUNDED_PATH_DIAGNOSTIC,"{""actual_minus_local_teacher_risk"": 1.2783470684712387e-05, ""actual_online_final_full_gap"": 3.743575525597648e-05, ""local_teacher_final_full_gap"": 2.4652284571264096e-05}",,False,,,,True,"{""k"": 4, ""object_id"": 2005, ""phase"": ""late""}",,,"{""input"": ""coverage/coverage_evidence.json"", ""json_pointer"": ""/cells/33"", ""row_index_zero_based"": null, ""sha256"": ""e4f7c13169e570d49d6b5e0e16e8111c9c94e891dd419cded826c2652c40d978""}","{""actual_minus_local_teacher_risk"": 1.2783470684712387e-05, ""actual_online_final_full_gap"": 3.743575525597648e-05, ""anchor_wall_s"": 0.033166600042022765, ""balanced12_best_raw_positive_gain"": 0.00014621765816970835, ""balanced12_best_significant_gain"": 0.00014621765816970835, ""balanced12_feasible_count"": 48, ""balanced12_ids"": [4, 32, 64, 96, 128, 144, 5, 33, 65, 97, 129, 145], ""balanced12_opportunity_capture"": 0.8648097834261578, ""balanced12_significant_opportunity_capture"": 0.8648097834261578, ""binding_status"": ""VERIFIED"", ""cell_status"": ""COMPLETE"", ""comparison_scope"": ""Trajectory gap includes candidate coverage/ranking/search; cannot be attributed solely to score"", ""declared_move_count"": 600, ""directory"": ""results/offline_coverage_v2/object_2005/late"", ""endpoint_wall_s"": 1.0587871999596246, ""feasible_count"": 600, ""full_dictionary_anchor_top1_noop_capture"": 1.0, ""full_dictionary_anchor_top1_noop_regret"": 0.0, ""full_dictionary_anchor_top1_signed_capture"": 1.0, ""full_dictionary_anchor_top1_signed_regret"": 0.0, ""full_dictionary_anchor_top1_signed_true_gain"": 0.0001690749352885798, ""full_dictionary_anchor_top1_significance_regret"": 0.0, ""full_dictionary_anchor_top1_verified_noop_gain"": 0.0001690749352885798, ""invalid_count"": 0, ""k"": 4, ""labeled_count"": 600, ""local_not_global_oracle"": true, ""local_teacher_final_full_gap"": 2.4652284571264096e-05, ""object_id"": 2005, ""observed_best_positive_gain"": null, ""omitted_opportunity"": 2.2857277118871458e-05, ""online_feedback"": false, ""phase"": ""late"", ""positive_count"": 239, ""significant_positive_count"": 239, ""source_result_sha256"": ""3fd5b42273e8466532726f302fb015c577aeea6ab202f44815e6499d74ba2404"", ""state_status"": ""COMPLETED"", ""teacher_best_raw_positive_gain"": 0.0001690749352885798, ""teacher_best_significant_gain"": 0.0001690749352885798, ""teacher_path_length"": 3, ""teacher_path_status"": ""LOCAL_3ACTION_BUDGET_COMPLETE"", ""teacher_tangent_rhs"": 0, ""teacher_wall_s"": 0.02053870022064075}",COMPLETE,True
,,,,,,,,offline_coverage,,,,,,True,OFFLINE_INITIAL_1SWAP_AND_BOUNDED_PATH_DIAGNOSTIC,"{""actual_minus_local_teacher_risk"": 9.86139294781694e-06, ""actual_online_final_full_gap"": 1.6758051781629936e-05, ""local_teacher_final_full_gap"": 6.896658833812996e-06}",,False,,,,True,"{""k"": 8, ""object_id"": 2005, ""phase"": ""late""}",,,"{""input"": ""coverage/coverage_evidence.json"", ""json_pointer"": ""/cells/34"", ""row_index_zero_based"": null, ""sha256"": ""e4f7c13169e570d49d6b5e0e16e8111c9c94e891dd419cded826c2652c40d978""}","{""actual_minus_local_teacher_risk"": 9.86139294781694e-06, ""actual_online_final_full_gap"": 1.6758051781629936e-05, ""anchor_wall_s"": 0.06797719997121021, ""balanced12_best_raw_positive_gain"": 3.317251671625474e-05, ""balanced12_best_significant_gain"": 3.317251671625474e-05, ""balanced12_feasible_count"": 96, ""balanced12_ids"": [8, 32, 64, 96, 128, 144, 9, 33, 65, 97, 129, 145], ""balanced12_opportunity_capture"": 0.6667314916664501, ""balanced12_significant_opportunity_capture"": 0.6667314916664501, ""binding_status"": ""VERIFIED"", ""cell_status"": ""COMPLETE"", ""comparison_scope"": ""Trajectory gap includes candidate coverage/ranking/search; cannot be attributed solely to score"", ""declared_move_count"": 1168, ""directory"": ""results/offline_coverage_v2/object_2005/late"", ""endpoint_wall_s"": 2.466480800008867, ""feasible_count"": 1168, ""full_dictionary_anchor_top1_noop_capture"": 1.0, ""full_dictionary_anchor_top1_noop_regret"": 0.0, ""full_dictionary_anchor_top1_signed_capture"": 1.0, ""full_dictionary_anchor_top1_signed_regret"": 0.0, ""full_dictionary_anchor_top1_signed_true_gain"": 4.975393712593699e-05, ""full_dictionary_anchor_top1_significance_regret"": 0.0, ""full_dictionary_anchor_top1_verified_noop_gain"": 4.975393712593699e-05, ""invalid_count"": 0, ""k"": 8, ""labeled_count"": 1168, ""local_not_global_oracle"": true, ""local_teacher_final_full_gap"": 6.896658833812996e-06, ""object_id"": 2005, ""observed_best_positive_gain"": null, ""omitted_opportunity"": 1.658142040968225e-05, ""online_feedback"": false, ""phase"": ""late"", ""positive_count"": 509, ""significant_positive_count"": 509, ""source_result_sha256"": ""0a0679ad9064f8b7ffef205bf222b82532e12cdf9cc6a8b2c3b8422c899a8590"", ""state_status"": ""COMPLETED"", ""teacher_best_raw_positive_gain"": 4.975393712593699e-05, ""teacher_best_significant_gain"": 4.975393712593699e-05, ""teacher_path_length"": 3, ""teacher_path_status"": ""LOCAL_3ACTION_BUDGET_COMPLETE"", ""teacher_tangent_rhs"": 0, ""teacher_wall_s"": 0.040211199899204075}",COMPLETE,True
,,,,,,,,offline_coverage,,,,,,True,OFFLINE_INITIAL_1SWAP_AND_BOUNDED_PATH_DIAGNOSTIC,"{""actual_minus_local_teacher_risk"": 1.6537736965719703e-06, ""actual_online_final_full_gap"": 3.021876663256418e-06, ""local_teacher_final_full_gap"": 1.3681029666844478e-06}",,False,,,,True,"{""k"": 16, ""object_id"": 2005, ""phase"": ""late""}",,,"{""input"": ""coverage/coverage_evidence.json"", ""json_pointer"": ""/cells/35"", ""row_index_zero_based"": null, ""sha256"": ""e4f7c13169e570d49d6b5e0e16e8111c9c94e891dd419cded826c2652c40d978""}","{""actual_minus_local_teacher_risk"": 1.6537736965719703e-06, ""actual_online_final_full_gap"": 3.021876663256418e-06, ""anchor_wall_s"": 0.12934649997623637, ""balanced12_best_raw_positive_gain"": 7.35133672284784e-06, ""balanced12_best_significant_gain"": 7.35133672284784e-06, ""balanced12_feasible_count"": 192, ""balanced12_ids"": [16, 32, 64, 96, 128, 144, 17, 33, 65, 97, 129, 145], ""balanced12_opportunity_capture"": 0.9081307377636452, ""balanced12_significant_opportunity_capture"": 0.9081307377636452, ""binding_status"": ""VERIFIED"", ""cell_status"": ""COMPLETE"", ""comparison_scope"": ""Trajectory gap includes candidate coverage/ranking/search; cannot be attributed solely to score"", ""declared_move_count"": 2208, ""directory"": ""results/offline_coverage_v2/object_2005/late"", ""endpoint_wall_s"": 6.884522599983029, ""feasible_count"": 2208, ""full_dictionary_anchor_top1_noop_capture"": 0.9864733735788718, ""full_dictionary_anchor_top1_noop_regret"": 1.0949831495711842e-07, ""full_dictionary_anchor_top1_signed_capture"": 0.9864733735788718, ""full_dictionary_anchor_top1_signed_regret"": 1.0949831495711842e-07, ""full_dictionary_anchor_top1_signed_true_gain"": 7.98552194715974e-06, ""full_dictionary_anchor_top1_significance_regret"": 1.0949831495711842e-07, ""full_dictionary_anchor_top1_verified_noop_gain"": 7.98552194715974e-06, ""invalid_count"": 0, ""k"": 16, ""labeled_count"": 2208, ""local_not_global_oracle"": true, ""local_teacher_final_full_gap"": 1.3681029666844478e-06, ""object_id"": 2005, ""observed_best_positive_gain"": null, ""omitted_opportunity"": 7.436835392690192e-07, ""online_feedback"": false, ""phase"": ""late"", ""positive_count"": 932, ""significant_positive_count"": 932, ""source_result_sha256"": ""47e8e95360bafad9f8e69be32af1bd6957a305eea38205542011cb87971734cb"", ""state_status"": ""COMPLETED"", ""teacher_best_raw_positive_gain"": 8.095020262116859e-06, ""teacher_best_significant_gain"": 8.095020262116859e-06, ""teacher_path_length"": 3, ""teacher_path_status"": ""LOCAL_3ACTION_BUDGET_COMPLETE"", ""teacher_tangent_rhs"": 0, ""teacher_wall_s"": 0.0791608999716118}",COMPLETE,True
,,,,,,,,offline_coverage,,,,,,True,OFFLINE_INITIAL_1SWAP_AND_BOUNDED_PATH_DIAGNOSTIC,"{""actual_minus_local_teacher_risk"": 0.0002961602903964603, ""actual_online_final_full_gap"": 0.0008015239047453787, ""local_teacher_final_full_gap"": 0.0005053636143489184}",,False,,,,True,"{""k"": 4, ""object_id"": 2006, ""phase"": ""early""}",,,"{""input"": ""coverage/coverage_evidence.json"", ""json_pointer"": ""/cells/36"", ""row_index_zero_based"": null, ""sha256"": ""e4f7c13169e570d49d6b5e0e16e8111c9c94e891dd419cded826c2652c40d978""}","{""actual_minus_local_teacher_risk"": 0.0002961602903964603, ""actual_online_final_full_gap"": 0.0008015239047453787, ""anchor_wall_s"": 0.20103960001142696, ""balanced12_best_raw_positive_gain"": 0.0016255936579974155, ""balanced12_best_significant_gain"": 0.0016255936579974155, ""balanced12_feasible_count"": 48, ""balanced12_ids"": [4, 32, 64, 96, 128, 144, 5, 33, 65, 97, 129, 145], ""balanced12_opportunity_capture"": 0.9123842053094056, ""balanced12_significant_opportunity_capture"": 0.9123842053094056, ""binding_status"": ""VERIFIED"", ""cell_status"": ""COMPLETE"", ""comparison_scope"": ""Trajectory gap includes candidate coverage/ranking/search; cannot be attributed solely to score"", ""declared_move_count"": 600, ""directory"": ""results/offline_coverage_v2/object_2006/early"", ""endpoint_wall_s"": 2.994194399972912, ""feasible_count"": 600, ""full_dictionary_anchor_top1_noop_capture"": 1.0, ""full_dictionary_anchor_top1_noop_regret"": 0.0, ""full_dictionary_anchor_top1_signed_capture"": 1.0, ""full_dictionary_anchor_top1_signed_regret"": 0.0, ""full_dictionary_anchor_top1_signed_true_gain"": 0.0017816985964220502, ""full_dictionary_anchor_top1_significance_regret"": 0.0, ""full_dictionary_anchor_top1_verified_noop_gain"": 0.0017816985964220502, ""invalid_count"": 0, ""k"": 4, ""labeled_count"": 600, ""local_not_global_oracle"": true, ""local_teacher_final_full_gap"": 0.0005053636143489184, ""object_id"": 2006, ""observed_best_positive_gain"": null, ""omitted_opportunity"": 0.00015610493842463467, ""online_feedback"": false, ""phase"": ""early"", ""positive_count"": 23, ""significant_positive_count"": 23, ""source_result_sha256"": ""a7338bc91150b023e68af9a8f495c22a6f1ae5ffd106ac940710d2abeb0c8466"", ""state_status"": ""COMPLETED"", ""teacher_best_raw_positive_gain"": 0.0017816985964220502, ""teacher_best_significant_gain"": 0.0017816985964220502, ""teacher_path_length"": 2, ""teacher_path_status"": ""NUMERICAL_LOCAL_1SWAP_STOP_NO_DETERMINISTIC_BOUND"", ""teacher_tangent_rhs"": 3600, ""teacher_wall_s"": 21.543736099964008}",COMPLETE,True
,,,,,,,,offline_coverage,,,,,,True,OFFLINE_INITIAL_1SWAP_AND_BOUNDED_PATH_DIAGNOSTIC,"{""actual_minus_local_teacher_risk"": 0.0005272741286996296, ""actual_online_final_full_gap"": 0.0006770892181272258, ""local_teacher_final_full_gap"": 0.00014981508942759622}",,False,,,,True,"{""k"": 8, ""object_id"": 2006, ""phase"": ""early""}",,,"{""input"": ""coverage/coverage_evidence.json"", ""json_pointer"": ""/cells/37"", ""row_index_zero_based"": null, ""sha256"": ""e4f7c13169e570d49d6b5e0e16e8111c9c94e891dd419cded826c2652c40d978""}","{""actual_minus_local_teacher_risk"": 0.0005272741286996296, ""actual_online_final_full_gap"": 0.0006770892181272258, ""anchor_wall_s"": 0.3804229999659583, ""balanced12_best_raw_positive_gain"": 0.00027910158340433105, ""balanced12_best_significant_gain"": 0.00027910158340433105, ""balanced12_feasible_count"": 96, ""balanced12_ids"": [8, 32, 64, 96, 128, 144, 9, 33, 65, 97, 129, 145], ""balanced12_opportunity_capture"": 0.4546640829071148, ""balanced12_significant_opportunity_capture"": 0.4546640829071148, ""binding_status"": ""VERIFIED"", ""cell_status"": ""COMPLETE"", ""comparison_scope"": ""Trajectory gap includes candidate coverage/ranking/search; cannot be attributed solely to score"", ""declared_move_count"": 1168, ""directory"": ""results/offline_coverage_v2/object_2006/early"", ""endpoint_wall_s"": 3.927263799996581, ""feasible_count"": 1168, ""full_dictionary_anchor_top1_noop_capture"": 1.0, ""full_dictionary_anchor_top1_noop_regret"": 0.0, ""full_dictionary_anchor_top1_signed_capture"": 1.0, ""full_dictionary_anchor_top1_signed_regret"": 0.0, ""full_dictionary_anchor_top1_signed_true_gain"": 0.0006138632759811597, ""full_dictionary_anchor_top1_significance_regret"": 0.0, ""full_dictionary_anchor_top1_verified_noop_gain"": 0.0006138632759811597, ""invalid_count"": 0, ""k"": 8, ""labeled_count"": 1168, ""local_not_global_oracle"": true, ""local_teacher_final_full_gap"": 0.00014981508942759622, ""object_id"": 2006, ""observed_best_positive_gain"": null, ""omitted_opportunity"": 0.0003347616925768286, ""online_feedback"": false, ""phase"": ""early"", ""positive_count"": 440, ""significant_positive_count"": 440, ""source_result_sha256"": ""fe857e6768e78bbffecdb507aa6864f5f0375218a33003ccc777b74804cefae0"", ""state_status"": ""COMPLETED"", ""teacher_best_raw_positive_gain"": 0.0006138632759811597, ""teacher_best_significant_gain"": 0.0006138632759811597, ""teacher_path_length"": 3, ""teacher_path_status"": ""LOCAL_3ACTION_BUDGET_COMPLETE"", ""teacher_tangent_rhs"": 7008, ""teacher_wall_s"": 41.45045669993851}",COMPLETE,True
,,,,,,,,offline_coverage,,,,,,True,OFFLINE_INITIAL_1SWAP_AND_BOUNDED_PATH_DIAGNOSTIC,"{""actual_minus_local_teacher_risk"": 5.261324447395716e-05, ""actual_online_final_full_gap"": 7.857059930365609e-05, ""local_teacher_final_full_gap"": 2.595735482969893e-05}",,False,,,,True,"{""k"": 16, ""object_id"": 2006, ""phase"": ""early""}",,,"{""input"": ""coverage/coverage_evidence.json"", ""json_pointer"": ""/cells/38"", ""row_index_zero_based"": null, ""sha256"": ""e4f7c13169e570d49d6b5e0e16e8111c9c94e891dd419cded826c2652c40d978""}","{""actual_minus_local_teacher_risk"": 5.261324447395716e-05, ""actual_online_final_full_gap"": 7.857059930365609e-05, ""anchor_wall_s"": 0.8075553000089712, ""balanced12_best_raw_positive_gain"": 3.927271416523716e-05, ""balanced12_best_significant_gain"": 3.927271416523716e-05, ""balanced12_feasible_count"": 192, ""balanced12_ids"": [16, 32, 64, 96, 128, 144, 17, 33, 65, 97, 129, 145], ""balanced12_opportunity_capture"": 0.6856469251495882, ""balanced12_significant_opportunity_capture"": 0.6856469251495882, ""binding_status"": ""VERIFIED"", ""cell_status"": ""COMPLETE"", ""comparison_scope"": ""Trajectory gap includes candidate coverage/ranking/search; cannot be attributed solely to score"", ""declared_move_count"": 2208, ""directory"": ""results/offline_coverage_v2/object_2006/early"", ""endpoint_wall_s"": 9.48579000000609, ""feasible_count"": 2208, ""full_dictionary_anchor_top1_noop_capture"": 1.0, ""full_dictionary_anchor_top1_noop_regret"": 0.0, ""full_dictionary_anchor_top1_signed_capture"": 1.0, ""full_dictionary_anchor_top1_signed_regret"": 0.0, ""full_dictionary_anchor_top1_signed_true_gain"": 5.7278334846566974e-05, ""full_dictionary_anchor_top1_significance_regret"": 0.0, ""full_dictionary_anchor_top1_verified_noop_gain"": 5.7278334846566974e-05, ""invalid_count"": 0, ""k"": 16, ""labeled_count"": 2208, ""local_not_global_oracle"": true, ""local_teacher_final_full_gap"": 2.595735482969893e-05, ""object_id"": 2006, ""observed_best_positive_gain"": null, ""omitted_opportunity"": 1.8005620681329813e-05, ""online_feedback"": false, ""phase"": ""early"", ""positive_count"": 205, ""significant_positive_count"": 205, ""source_result_sha256"": ""cde62dc48312c22b5f3e16c1e79a34821b56cdb8f69cecdf6ca501ff77f6606d"", ""state_status"": ""COMPLETED"", ""teacher_best_raw_positive_gain"": 5.7278334846566974e-05, ""teacher_best_significant_gain"": 5.7278334846566974e-05, ""teacher_path_length"": 3, ""teacher_path_status"": ""LOCAL_3ACTION_BUDGET_COMPLETE"", ""teacher_tangent_rhs"": 13248, ""teacher_wall_s"": 78.79672729963204}",COMPLETE,True
,,,,,,,,offline_coverage,,,,,,True,OFFLINE_INITIAL_1SWAP_AND_BOUNDED_PATH_DIAGNOSTIC,"{""actual_minus_local_teacher_risk"": -3.4818630787362953e-05, ""actual_online_final_full_gap"": 0.00022648881037370003, ""local_teacher_final_full_gap"": 0.000261307441161063}",,False,,,,True,"{""k"": 4, ""object_id"": 2006, ""phase"": ""middle""}",,,"{""input"": ""coverage/coverage_evidence.json"", ""json_pointer"": ""/cells/39"", ""row_index_zero_based"": null, ""sha256"": ""e4f7c13169e570d49d6b5e0e16e8111c9c94e891dd419cded826c2652c40d978""}","{""actual_minus_local_teacher_risk"": -3.4818630787362953e-05, ""actual_online_final_full_gap"": 0.00022648881037370003, ""anchor_wall_s"": 0.20145730004878715, ""balanced12_best_raw_positive_gain"": 0.0021397591262558606, ""balanced12_best_significant_gain"": 0.0021397591262558606, ""balanced12_feasible_count"": 48, ""balanced12_ids"": [4, 32, 64, 96, 128, 144, 5, 33, 65, 97, 129, 145], ""balanced12_opportunity_capture"": 1.0, ""balanced12_significant_opportunity_capture"": 1.0, ""binding_status"": ""VERIFIED"", ""cell_status"": ""COMPLETE"", ""comparison_scope"": ""Trajectory gap includes candidate coverage/ranking/search; cannot be attributed solely to score"", ""declared_move_count"": 600, ""directory"": ""results/offline_coverage_v2/object_2006/middle"", ""endpoint_wall_s"": 2.9041159999906085, ""feasible_count"": 600, ""full_dictionary_anchor_top1_noop_capture"": 1.0, ""full_dictionary_anchor_top1_noop_regret"": 0.0, ""full_dictionary_anchor_top1_signed_capture"": 1.0, ""full_dictionary_anchor_top1_signed_regret"": 0.0, ""full_dictionary_anchor_top1_signed_true_gain"": 0.0021397591262558606, ""full_dictionary_anchor_top1_significance_regret"": 0.0, ""full_dictionary_anchor_top1_verified_noop_gain"": 0.0021397591262558606, ""invalid_count"": 0, ""k"": 4, ""labeled_count"": 600, ""local_not_global_oracle"": true, ""local_teacher_final_full_gap"": 0.000261307441161063, ""object_id"": 2006, ""observed_best_positive_gain"": null, ""omitted_opportunity"": 0.0, ""online_feedback"": false, ""phase"": ""middle"", ""positive_count"": 225, ""significant_positive_count"": 225, ""source_result_sha256"": ""be0b805aa7511590d7fd10a2cb03717ed414902c5a5873783f6aee12fa2bab15"", ""state_status"": ""COMPLETED"", ""teacher_best_raw_positive_gain"": 0.0021397591262558606, ""teacher_best_significant_gain"": 0.0021397591262558606, ""teacher_path_length"": 3, ""teacher_path_status"": ""LOCAL_3ACTION_BUDGET_COMPLETE"", ""teacher_tangent_rhs"": 3600, ""teacher_wall_s"": 21.247814099828247}",COMPLETE,True
,,,,,,,,offline_coverage,,,,,,True,OFFLINE_INITIAL_1SWAP_AND_BOUNDED_PATH_DIAGNOSTIC,"{""actual_minus_local_teacher_risk"": 1.5616791779692003e-05, ""actual_online_final_full_gap"": 0.00016676828930475127, ""local_teacher_final_full_gap"": 0.00015115149752505927}",,False,,,,True,"{""k"": 8, ""object_id"": 2006, ""phase"": ""middle""}",,,"{""input"": ""coverage/coverage_evidence.json"", ""json_pointer"": ""/cells/40"", ""row_index_zero_based"": null, ""sha256"": ""e4f7c13169e570d49d6b5e0e16e8111c9c94e891dd419cded826c2652c40d978""}","{""actual_minus_local_teacher_risk"": 1.5616791779692003e-05, ""actual_online_final_full_gap"": 0.00016676828930475127, ""anchor_wall_s"": 0.3794099999940954, ""balanced12_best_raw_positive_gain"": 0.0007232294791372244, ""balanced12_best_significant_gain"": 0.0007232294791372244, ""balanced12_feasible_count"": 96, ""balanced12_ids"": [8, 32, 64, 96, 128, 144, 9, 33, 65, 97, 129, 145], ""balanced12_opportunity_capture"": 0.9138029062821549, ""balanced12_significant_opportunity_capture"": 0.9138029062821549, ""binding_status"": ""VERIFIED"", ""cell_status"": ""COMPLETE"", ""comparison_scope"": ""Trajectory gap includes candidate coverage/ranking/search; cannot be attributed solely to score"", ""declared_move_count"": 1168, ""directory"": ""results/offline_coverage_v2/object_2006/middle"", ""endpoint_wall_s"": 4.056632300023921, ""feasible_count"": 1168, ""full_dictionary_anchor_top1_noop_capture"": 1.0, ""full_dictionary_anchor_top1_noop_regret"": 0.0, ""full_dictionary_anchor_top1_signed_capture"": 1.0, ""full_dictionary_anchor_top1_signed_regret"": 0.0, ""full_dictionary_anchor_top1_signed_true_gain"": 0.0007914501848978722, ""full_dictionary_anchor_top1_significance_regret"": 0.0, ""full_dictionary_anchor_top1_verified_noop_gain"": 0.0007914501848978722, ""invalid_count"": 0, ""k"": 8, ""labeled_count"": 1168, ""local_not_global_oracle"": true, ""local_teacher_final_full_gap"": 0.00015115149752505927, ""object_id"": 2006, ""observed_best_positive_gain"": null, ""omitted_opportunity"": 6.822070576064775e-05, ""online_feedback"": false, ""phase"": ""middle"", ""positive_count"": 775, ""significant_positive_count"": 775, ""source_result_sha256"": ""8ffb195b3cc91ce6886607d897cae198ef8719a393e99e859af126d374aa5730"", ""state_status"": ""COMPLETED"", ""teacher_best_raw_positive_gain"": 0.0007914501848978722, ""teacher_best_significant_gain"": 0.0007914501848978722, ""teacher_path_length"": 3, ""teacher_path_status"": ""LOCAL_3ACTION_BUDGET_COMPLETE"", ""teacher_tangent_rhs"": 7008, ""teacher_wall_s"": 41.453890799894}",COMPLETE,True
,,,,,,,,offline_coverage,,,,,,True,OFFLINE_INITIAL_1SWAP_AND_BOUNDED_PATH_DIAGNOSTIC,"{""actual_minus_local_teacher_risk"": 2.170309171336203e-05, ""actual_online_final_full_gap"": 7.837874558296161e-05, ""local_teacher_final_full_gap"": 5.667565386959958e-05}",,False,,,,True,"{""k"": 16, ""object_id"": 2006, ""phase"": ""middle""}",,,"{""input"": ""coverage/coverage_evidence.json"", ""json_pointer"": ""/cells/41"", ""row_index_zero_based"": null, ""sha256"": ""e4f7c13169e570d49d6b5e0e16e8111c9c94e891dd419cded826c2652c40d978""}","{""actual_minus_local_teacher_risk"": 2.170309171336203e-05, ""actual_online_final_full_gap"": 7.837874558296161e-05, ""anchor_wall_s"": 0.7936458999756724, ""balanced12_best_raw_positive_gain"": 7.091977629509102e-05, ""balanced12_best_significant_gain"": 7.091977629509102e-05, ""balanced12_feasible_count"": 192, ""balanced12_ids"": [16, 32, 64, 96, 128, 144, 17, 33, 65, 97, 129, 145], ""balanced12_opportunity_capture"": 1.0, ""balanced12_significant_opportunity_capture"": 1.0, ""binding_status"": ""VERIFIED"", ""cell_status"": ""COMPLETE"", ""comparison_scope"": ""Trajectory gap includes candidate coverage/ranking/search; cannot be attributed solely to score"", ""declared_move_count"": 2208, ""directory"": ""results/offline_coverage_v2/object_2006/middle"", ""endpoint_wall_s"": 9.472760399978142, ""feasible_count"": 2208, ""full_dictionary_anchor_top1_noop_capture"": 1.0, ""full_dictionary_anchor_top1_noop_regret"": 0.0, ""full_dictionary_anchor_top1_signed_capture"": 1.0, ""full_dictionary_anchor_top1_signed_regret"": 0.0, ""full_dictionary_anchor_top1_signed_true_gain"": 7.091977629509102e-05, ""full_dictionary_anchor_top1_significance_regret"": 0.0, ""full_dictionary_anchor_top1_verified_noop_gain"": 7.091977629509102e-05, ""invalid_count"": 0, ""k"": 16, ""labeled_count"": 2208, ""local_not_global_oracle"": true, ""local_teacher_final_full_gap"": 5.667565386959958e-05, ""object_id"": 2006, ""observed_best_positive_gain"": null, ""omitted_opportunity"": 0.0, ""online_feedback"": false, ""phase"": ""middle"", ""positive_count"": 459, ""significant_positive_count"": 459, ""source_result_sha256"": ""34b44a6c32d12753b88884545ae800cd658eddae2e5139325bda60d502a85793"", ""state_status"": ""COMPLETED"", ""teacher_best_raw_positive_gain"": 7.091977629509102e-05, ""teacher_best_significant_gain"": 7.091977629509102e-05, ""teacher_path_length"": 3, ""teacher_path_status"": ""LOCAL_3ACTION_BUDGET_COMPLETE"", ""teacher_tangent_rhs"": 13248, ""teacher_wall_s"": 78.01343319989974}",COMPLETE,True
,,,,,,,,offline_coverage,,,,,,True,OFFLINE_INITIAL_1SWAP_AND_BOUNDED_PATH_DIAGNOSTIC,"{""actual_minus_local_teacher_risk"": 2.975158989439484e-05, ""actual_online_final_full_gap"": 0.00039206568421616916, ""local_teacher_final_full_gap"": 0.0003623140943217743}",,False,,,,True,"{""k"": 4, ""object_id"": 2006, ""phase"": ""late""}",,,"{""input"": ""coverage/coverage_evidence.json"", ""json_pointer"": ""/cells/42"", ""row_index_zero_based"": null, ""sha256"": ""e4f7c13169e570d49d6b5e0e16e8111c9c94e891dd419cded826c2652c40d978""}","{""actual_minus_local_teacher_risk"": 2.975158989439484e-05, ""actual_online_final_full_gap"": 0.00039206568421616916, ""anchor_wall_s"": 0.070361599966418, ""balanced12_best_raw_positive_gain"": 0.0020127983357622597, ""balanced12_best_significant_gain"": 0.0020127983357622597, ""balanced12_feasible_count"": 10, ""balanced12_ids"": [4, 32, 64, 96, 128, 144, 5, 33, 65, 97, 129, 145], ""balanced12_opportunity_capture"": 0.8990250157416053, ""balanced12_significant_opportunity_capture"": 0.8990250157416053, ""binding_status"": ""VERIFIED"", ""cell_status"": ""COMPLETE"", ""comparison_scope"": ""Trajectory gap includes candidate coverage/ranking/search; cannot be attributed solely to score"", ""declared_move_count"": 600, ""directory"": ""results/offline_coverage_v2/object_2006/late"", ""endpoint_wall_s"": 2.856172300002072, ""feasible_count"": 194, ""full_dictionary_anchor_top1_noop_capture"": 1.0, ""full_dictionary_anchor_top1_noop_regret"": 0.0, ""full_dictionary_anchor_top1_signed_capture"": 1.0, ""full_dictionary_anchor_top1_signed_regret"": 0.0, ""full_dictionary_anchor_top1_signed_true_gain"": 0.0022388679964615928, ""full_dictionary_anchor_top1_significance_regret"": 0.0, ""full_dictionary_anchor_top1_verified_noop_gain"": 0.0022388679964615928, ""invalid_count"": 406, ""k"": 4, ""labeled_count"": 194, ""local_not_global_oracle"": true, ""local_teacher_final_full_gap"": 0.0003623140943217743, ""object_id"": 2006, ""observed_best_positive_gain"": null, ""omitted_opportunity"": 0.0002260696606993331, ""online_feedback"": false, ""phase"": ""late"", ""positive_count"": 139, ""significant_positive_count"": 139, ""source_result_sha256"": ""8100900b4a5607903a03943a97a81f5aeec53bf1d7f75df65cfc70c22214c610"", ""state_status"": ""COMPLETED"", ""teacher_best_raw_positive_gain"": 0.0022388679964615928, ""teacher_best_significant_gain"": 0.0022388679964615928, ""teacher_path_length"": 3, ""teacher_path_status"": ""LOCAL_3ACTION_BUDGET_COMPLETE"", ""teacher_tangent_rhs"": 1164, ""teacher_wall_s"": 7.066174999927171}",COMPLETE,True
,,,,,,,,offline_coverage,,,,,,True,OFFLINE_INITIAL_1SWAP_AND_BOUNDED_PATH_DIAGNOSTIC,"{""actual_minus_local_teacher_risk"": 8.653654929092472e-05, ""actual_online_final_full_gap"": 0.00035888352690207514, ""local_teacher_final_full_gap"": 0.0002723469776111504}",,False,,,,True,"{""k"": 8, ""object_id"": 2006, ""phase"": ""late""}",,,"{""input"": ""coverage/coverage_evidence.json"", ""json_pointer"": ""/cells/43"", ""row_index_zero_based"": null, ""sha256"": ""e4f7c13169e570d49d6b5e0e16e8111c9c94e891dd419cded826c2652c40d978""}","{""actual_minus_local_teacher_risk"": 8.653654929092472e-05, ""actual_online_final_full_gap"": 0.00035888352690207514, ""anchor_wall_s"": 0.08616539998911321, ""balanced12_best_raw_positive_gain"": 0.0012958349235272003, ""balanced12_best_significant_gain"": 0.0012958349235272003, ""balanced12_feasible_count"": 17, ""balanced12_ids"": [8, 32, 64, 96, 128, 144, 9, 33, 65, 97, 129, 145], ""balanced12_opportunity_capture"": 0.8673777281462377, ""balanced12_significant_opportunity_capture"": 0.8673777281462377, ""binding_status"": ""VERIFIED"", ""cell_status"": ""COMPLETE"", ""comparison_scope"": ""Trajectory gap includes candidate coverage/ranking/search; cannot be attributed solely to score"", ""declared_move_count"": 1168, ""directory"": ""results/offline_coverage_v2/object_2006/late"", ""endpoint_wall_s"": 3.7972075999714434, ""feasible_count"": 243, ""full_dictionary_anchor_top1_noop_capture"": 1.0, ""full_dictionary_anchor_top1_noop_regret"": 0.0, ""full_dictionary_anchor_top1_signed_capture"": 1.0, ""full_dictionary_anchor_top1_signed_regret"": 0.0, ""full_dictionary_anchor_top1_signed_true_gain"": 0.0014939684078546294, ""full_dictionary_anchor_top1_significance_regret"": 0.0, ""full_dictionary_anchor_top1_verified_noop_gain"": 0.0014939684078546294, ""invalid_count"": 925, ""k"": 8, ""labeled_count"": 243, ""local_not_global_oracle"": true, ""local_teacher_final_full_gap"": 0.0002723469776111504, ""object_id"": 2006, ""observed_best_positive_gain"": null, ""omitted_opportunity"": 0.00019813348432742915, ""online_feedback"": false, ""phase"": ""late"", ""positive_count"": 236, ""significant_positive_count"": 236, ""source_result_sha256"": ""cc29b87fc892f64a2ad9bb8552fb30d11f6da6f1db20a2257ebf0d18d5121b93"", ""state_status"": ""COMPLETED"", ""teacher_best_raw_positive_gain"": 0.0014939684078546294, ""teacher_best_significant_gain"": 0.0014939684078546294, ""teacher_path_length"": 3, ""teacher_path_status"": ""LOCAL_3ACTION_BUDGET_COMPLETE"", ""teacher_tangent_rhs"": 1458, ""teacher_wall_s"": 8.659103199956007}",COMPLETE,True
,,,,,,,,offline_coverage,,,,,,True,OFFLINE_INITIAL_1SWAP_AND_BOUNDED_PATH_DIAGNOSTIC,"{""actual_minus_local_teacher_risk"": 1.501481883013628e-05, ""actual_online_final_full_gap"": 0.00013168506912137717, ""local_teacher_final_full_gap"": 0.00011667025029124089}",,False,,,,True,"{""k"": 16, ""object_id"": 2006, ""phase"": ""late""}",,,"{""input"": ""coverage/coverage_evidence.json"", ""json_pointer"": ""/cells/44"", ""row_index_zero_based"": null, ""sha256"": ""e4f7c13169e570d49d6b5e0e16e8111c9c94e891dd419cded826c2652c40d978""}","{""actual_minus_local_teacher_risk"": 1.501481883013628e-05, ""actual_online_final_full_gap"": 0.00013168506912137717, ""anchor_wall_s"": 0.12212959997123107, ""balanced12_best_raw_positive_gain"": 0.00019484065519736668, ""balanced12_best_significant_gain"": 0.00019484065519736668, ""balanced12_feasible_count"": 29, ""balanced12_ids"": [16, 32, 64, 96, 128, 144, 17, 33, 65, 97, 129, 145], ""balanced12_opportunity_capture"": 0.8875773058046563, ""balanced12_significant_opportunity_capture"": 0.8875773058046563, ""binding_status"": ""VERIFIED"", ""cell_status"": ""COMPLETE"", ""comparison_scope"": ""Trajectory gap includes candidate coverage/ranking/search; cannot be attributed solely to score"", ""declared_move_count"": 2208, ""directory"": ""results/offline_coverage_v2/object_2006/late"", ""endpoint_wall_s"": 9.226856099965516, ""feasible_count"": 369, ""full_dictionary_anchor_top1_noop_capture"": 0.8397236936757618, ""full_dictionary_anchor_top1_noop_regret"": 3.518379788734858e-05, ""full_dictionary_anchor_top1_signed_capture"": 0.8397236936757618, ""full_dictionary_anchor_top1_signed_regret"": 3.518379788734858e-05, ""full_dictionary_anchor_top1_signed_true_gain"": 0.00018433584724455215, ""full_dictionary_anchor_top1_significance_regret"": 3.518379788734858e-05, ""full_dictionary_anchor_top1_verified_noop_gain"": 0.00018433584724455215, ""invalid_count"": 1839, ""k"": 16, ""labeled_count"": 369, ""local_not_global_oracle"": true, ""local_teacher_final_full_gap"": 0.00011667025029124089, ""object_id"": 2006, ""observed_best_positive_gain"": null, ""omitted_opportunity"": 2.467898993453404e-05, ""online_feedback"": false, ""phase"": ""late"", ""positive_count"": 175, ""significant_positive_count"": 175, ""source_result_sha256"": ""929db4b436a9e3f503f22a8fab24e423cafd9407da2bf3f54a84b06e4c5265c9"", ""state_status"": ""COMPLETED"", ""teacher_best_raw_positive_gain"": 0.00021951964513190072, ""teacher_best_significant_gain"": 0.00021951964513190072, ""teacher_path_length"": 3, ""teacher_path_status"": ""LOCAL_3ACTION_BUDGET_COMPLETE"", ""teacher_tangent_rhs"": 2214, ""teacher_wall_s"": 13.267497799824923}",COMPLETE,True
,,,,,,,,offline_coverage,,,,,,True,OFFLINE_INITIAL_1SWAP_AND_BOUNDED_PATH_DIAGNOSTIC,"{""actual_minus_local_teacher_risk"": 4.984581401185881e-05, ""actual_online_final_full_gap"": 0.00015154494626904965, ""local_teacher_final_full_gap"": 0.00010169913225719084}",,False,,,,True,"{""k"": 4, ""object_id"": 2008, ""phase"": ""early""}",,,"{""input"": ""coverage/coverage_evidence.json"", ""json_pointer"": ""/cells/45"", ""row_index_zero_based"": null, ""sha256"": ""e4f7c13169e570d49d6b5e0e16e8111c9c94e891dd419cded826c2652c40d978""}","{""actual_minus_local_teacher_risk"": 4.984581401185881e-05, ""actual_online_final_full_gap"": 0.00015154494626904965, ""anchor_wall_s"": 0.2012624000199139, ""balanced12_best_raw_positive_gain"": 0.00015697615245220987, ""balanced12_best_significant_gain"": 0.00015697615245220987, ""balanced12_feasible_count"": 48, ""balanced12_ids"": [4, 32, 64, 96, 128, 144, 5, 33, 65, 97, 129, 145], ""balanced12_opportunity_capture"": 1.0, ""balanced12_significant_opportunity_capture"": 1.0, ""binding_status"": ""VERIFIED"", ""cell_status"": ""COMPLETE"", ""comparison_scope"": ""Trajectory gap includes candidate coverage/ranking/search; cannot be attributed solely to score"", ""declared_move_count"": 600, ""directory"": ""results/offline_coverage_v2/object_2008/early"", ""endpoint_wall_s"": 2.883270399994217, ""feasible_count"": 600, ""full_dictionary_anchor_top1_noop_capture"": 1.0, ""full_dictionary_anchor_top1_noop_regret"": 0.0, ""full_dictionary_anchor_top1_signed_capture"": 1.0, ""full_dictionary_anchor_top1_signed_regret"": 0.0, ""full_dictionary_anchor_top1_signed_true_gain"": 0.00015697615245220987, ""full_dictionary_anchor_top1_significance_regret"": 0.0, ""full_dictionary_anchor_top1_verified_noop_gain"": 0.00015697615245220987, ""invalid_count"": 0, ""k"": 4, ""labeled_count"": 600, ""local_not_global_oracle"": true, ""local_teacher_final_full_gap"": 0.00010169913225719084, ""object_id"": 2008, ""observed_best_positive_gain"": null, ""omitted_opportunity"": 0.0, ""online_feedback"": false, ""phase"": ""early"", ""positive_count"": 17, ""significant_positive_count"": 17, ""source_result_sha256"": ""09fd49b48883a4c3b455e288debc68fee41a55491275a7c7aa09f77e288060db"", ""state_status"": ""COMPLETED"", ""teacher_best_raw_positive_gain"": 0.00015697615245220987, ""teacher_best_significant_gain"": 0.00015697615245220987, ""teacher_path_length"": 2, ""teacher_path_status"": ""NUMERICAL_LOCAL_1SWAP_STOP_NO_DETERMINISTIC_BOUND"", ""teacher_tangent_rhs"": 3600, ""teacher_wall_s"": 21.457973100245}",COMPLETE,True
,,,,,,,,offline_coverage,,,,,,True,OFFLINE_INITIAL_1SWAP_AND_BOUNDED_PATH_DIAGNOSTIC,"{""actual_minus_local_teacher_risk"": 7.80519640244469e-05, ""actual_online_final_full_gap"": 0.0001117892193807789, ""local_teacher_final_full_gap"": 3.373725535633199e-05}",,False,,,,True,"{""k"": 8, ""object_id"": 2008, ""phase"": ""early""}",,,"{""input"": ""coverage/coverage_evidence.json"", ""json_pointer"": ""/cells/46"", ""row_index_zero_based"": null, ""sha256"": ""e4f7c13169e570d49d6b5e0e16e8111c9c94e891dd419cded826c2652c40d978""}","{""actual_minus_local_teacher_risk"": 7.80519640244469e-05, ""actual_online_final_full_gap"": 0.0001117892193807789, ""anchor_wall_s"": 0.3888664999976754, ""balanced12_best_raw_positive_gain"": 4.4341077898775844e-05, ""balanced12_best_significant_gain"": 4.4341077898775844e-05, ""balanced12_feasible_count"": 96, ""balanced12_ids"": [8, 32, 64, 96, 128, 144, 9, 33, 65, 97, 129, 145], ""balanced12_opportunity_capture"": 0.5403854018202799, ""balanced12_significant_opportunity_capture"": 0.5403854018202799, ""binding_status"": ""VERIFIED"", ""cell_status"": ""COMPLETE"", ""comparison_scope"": ""Trajectory gap includes candidate coverage/ranking/search; cannot be attributed solely to score"", ""declared_move_count"": 1168, ""directory"": ""results/offline_coverage_v2/object_2008/early"", ""endpoint_wall_s"": 3.9822166999801993, ""feasible_count"": 1168, ""full_dictionary_anchor_top1_noop_capture"": 1.0, ""full_dictionary_anchor_top1_noop_regret"": 0.0, ""full_dictionary_anchor_top1_signed_capture"": 1.0, ""full_dictionary_anchor_top1_signed_regret"": 0.0, ""full_dictionary_anchor_top1_signed_true_gain"": 8.205454431117791e-05, ""full_dictionary_anchor_top1_significance_regret"": 0.0, ""full_dictionary_anchor_top1_verified_noop_gain"": 8.205454431117791e-05, ""invalid_count"": 0, ""k"": 8, ""labeled_count"": 1168, ""local_not_global_oracle"": true, ""local_teacher_final_full_gap"": 3.373725535633199e-05, ""object_id"": 2008, ""observed_best_positive_gain"": null, ""omitted_opportunity"": 3.771346641240207e-05, ""online_feedback"": false, ""phase"": ""early"", ""positive_count"": 212, ""significant_positive_count"": 212, ""source_result_sha256"": ""0f4f8ea5f49dd76b9a3034247fb2c6ec80296cb385c8381102bf5a1601d6c294"", ""state_status"": ""COMPLETED"", ""teacher_best_raw_positive_gain"": 8.205454431117791e-05, ""teacher_best_significant_gain"": 8.205454431117791e-05, ""teacher_path_length"": 2, ""teacher_path_status"": ""NUMERICAL_LOCAL_1SWAP_STOP_NO_DETERMINISTIC_BOUND"", ""teacher_tangent_rhs"": 7008, ""teacher_wall_s"": 41.46932929987088}",COMPLETE,True
,,,,,,,,offline_coverage,,,,,,True,OFFLINE_INITIAL_1SWAP_AND_BOUNDED_PATH_DIAGNOSTIC,"{""actual_minus_local_teacher_risk"": 5.156148178382585e-06, ""actual_online_final_full_gap"": 2.3060569558606908e-05, ""local_teacher_final_full_gap"": 1.7904421380224323e-05}",,False,,,,True,"{""k"": 16, ""object_id"": 2008, ""phase"": ""early""}",,,"{""input"": ""coverage/coverage_evidence.json"", ""json_pointer"": ""/cells/47"", ""row_index_zero_based"": null, ""sha256"": ""e4f7c13169e570d49d6b5e0e16e8111c9c94e891dd419cded826c2652c40d978""}","{""actual_minus_local_teacher_risk"": 5.156148178382585e-06, ""actual_online_final_full_gap"": 2.3060569558606908e-05, ""anchor_wall_s"": 0.8141396000282839, ""balanced12_best_raw_positive_gain"": 7.305082418533956e-06, ""balanced12_best_significant_gain"": 7.305082418533956e-06, ""balanced12_feasible_count"": 192, ""balanced12_ids"": [16, 32, 64, 96, 128, 144, 17, 33, 65, 97, 129, 145], ""balanced12_opportunity_capture"": 0.9281912937364953, ""balanced12_significant_opportunity_capture"": 0.9281912937364953, ""binding_status"": ""VERIFIED"", ""cell_status"": ""COMPLETE"", ""comparison_scope"": ""Trajectory gap includes candidate coverage/ranking/search; cannot be attributed solely to score"", ""declared_move_count"": 2208, ""directory"": ""results/offline_coverage_v2/object_2008/early"", ""endpoint_wall_s"": 9.49432609998621, ""feasible_count"": 2208, ""full_dictionary_anchor_top1_noop_capture"": 0.6414348183232387, ""full_dictionary_anchor_top1_noop_regret"": 2.8219917836343673e-06, ""full_dictionary_anchor_top1_signed_capture"": 0.6414348183232387, ""full_dictionary_anchor_top1_signed_regret"": 2.8219917836343673e-06, ""full_dictionary_anchor_top1_signed_true_gain"": 5.048241936320993e-06, ""full_dictionary_anchor_top1_significance_regret"": 2.8219917836343673e-06, ""full_dictionary_anchor_top1_verified_noop_gain"": 5.048241936320993e-06, ""invalid_count"": 0, ""k"": 16, ""labeled_count"": 2208, ""local_not_global_oracle"": true, ""local_teacher_final_full_gap"": 1.7904421380224323e-05, ""object_id"": 2008, ""observed_best_positive_gain"": null, ""omitted_opportunity"": 5.651513014214044e-07, ""online_feedback"": false, ""phase"": ""early"", ""positive_count"": 199, ""significant_positive_count"": 199, ""source_result_sha256"": ""185ce9a5529d63e41b792bc97e04b716df9b1848296e60084dcf8e81222c5662"", ""state_status"": ""COMPLETED"", ""teacher_best_raw_positive_gain"": 7.87023371995536e-06, ""teacher_best_significant_gain"": 7.87023371995536e-06, ""teacher_path_length"": 3, ""teacher_path_status"": ""LOCAL_3ACTION_BUDGET_COMPLETE"", ""teacher_tangent_rhs"": 13248, ""teacher_wall_s"": 78.47104759979993}",COMPLETE,True
,,,,,,,,offline_coverage,,,,,,True,OFFLINE_INITIAL_1SWAP_AND_BOUNDED_PATH_DIAGNOSTIC,"{""actual_minus_local_teacher_risk"": 1.346043345091873e-06, ""actual_online_final_full_gap"": 1.816963749778351e-05, ""local_teacher_final_full_gap"": 1.6823594152691637e-05}",,False,,,,True,"{""k"": 4, ""object_id"": 2008, ""phase"": ""middle""}",,,"{""input"": ""coverage/coverage_evidence.json"", ""json_pointer"": ""/cells/48"", ""row_index_zero_based"": null, ""sha256"": ""e4f7c13169e570d49d6b5e0e16e8111c9c94e891dd419cded826c2652c40d978""}","{""actual_minus_local_teacher_risk"": 1.346043345091873e-06, ""actual_online_final_full_gap"": 1.816963749778351e-05, ""anchor_wall_s"": 0.19435330003034323, ""balanced12_best_raw_positive_gain"": 0.00011192804330699494, ""balanced12_best_significant_gain"": 0.00011192804330699494, ""balanced12_feasible_count"": 48, ""balanced12_ids"": [4, 32, 64, 96, 128, 144, 5, 33, 65, 97, 129, 145], ""balanced12_opportunity_capture"": 1.0, ""balanced12_significant_opportunity_capture"": 1.0, ""binding_status"": ""VERIFIED"", ""cell_status"": ""COMPLETE"", ""comparison_scope"": ""Trajectory gap includes candidate coverage/ranking/search; cannot be attributed solely to score"", ""declared_move_count"": 600, ""directory"": ""results/offline_coverage_v2/object_2008/middle"", ""endpoint_wall_s"": 2.954953900014516, ""feasible_count"": 600, ""full_dictionary_anchor_top1_noop_capture"": 1.0, ""full_dictionary_anchor_top1_noop_regret"": 0.0, ""full_dictionary_anchor_top1_signed_capture"": 1.0, ""full_dictionary_anchor_top1_signed_regret"": 0.0, ""full_dictionary_anchor_top1_signed_true_gain"": 0.00011192804330699494, ""full_dictionary_anchor_top1_significance_regret"": 0.0, ""full_dictionary_anchor_top1_verified_noop_gain"": 0.00011192804330699494, ""invalid_count"": 0, ""k"": 4, ""labeled_count"": 600, ""local_not_global_oracle"": true, ""local_teacher_final_full_gap"": 1.6823594152691637e-05, ""object_id"": 2008, ""observed_best_positive_gain"": null, ""omitted_opportunity"": 0.0, ""online_feedback"": false, ""phase"": ""middle"", ""positive_count"": 311, ""significant_positive_count"": 311, ""source_result_sha256"": ""5902abc9d53108209770c209d20dac786d509241ced95a10c8d72c097e525a1d"", ""state_status"": ""COMPLETED"", ""teacher_best_raw_positive_gain"": 0.00011192804330699494, ""teacher_best_significant_gain"": 0.00011192804330699494, ""teacher_path_length"": 3, ""teacher_path_status"": ""LOCAL_3ACTION_BUDGET_COMPLETE"", ""teacher_tangent_rhs"": 3600, ""teacher_wall_s"": 21.22011389990803}",COMPLETE,True
,,,,,,,,offline_coverage,,,,,,True,OFFLINE_INITIAL_1SWAP_AND_BOUNDED_PATH_DIAGNOSTIC,"{""actual_minus_local_teacher_risk"": 8.214347122977799e-06, ""actual_online_final_full_gap"": 2.2428952031255953e-05, ""local_teacher_final_full_gap"": 1.4214604908278154e-05}",,False,,,,True,"{""k"": 8, ""object_id"": 2008, ""phase"": ""middle""}",,,"{""input"": ""coverage/coverage_evidence.json"", ""json_pointer"": ""/cells/49"", ""row_index_zero_based"": null, ""sha256"": ""e4f7c13169e570d49d6b5e0e16e8111c9c94e891dd419cded826c2652c40d978""}","{""actual_minus_local_teacher_risk"": 8.214347122977799e-06, ""actual_online_final_full_gap"": 2.2428952031255953e-05, ""anchor_wall_s"": 0.3693842999637127, ""balanced12_best_raw_positive_gain"": 2.9210373869577936e-05, ""balanced12_best_significant_gain"": 2.9210373869577936e-05, ""balanced12_feasible_count"": 96, ""balanced12_ids"": [8, 32, 64, 96, 128, 144, 9, 33, 65, 97, 129, 145], ""balanced12_opportunity_capture"": 0.8494635311167541, ""balanced12_significant_opportunity_capture"": 0.8494635311167541, ""binding_status"": ""VERIFIED"", ""cell_status"": ""COMPLETE"", ""comparison_scope"": ""Trajectory gap includes candidate coverage/ranking/search; cannot be attributed solely to score"", ""declared_move_count"": 1168, ""directory"": ""results/offline_coverage_v2/object_2008/middle"", ""endpoint_wall_s"": 3.9816366000450216, ""feasible_count"": 1168, ""full_dictionary_anchor_top1_noop_capture"": 0.9822914910064696, ""full_dictionary_anchor_top1_noop_regret"": 6.089398183978196e-07, ""full_dictionary_anchor_top1_signed_capture"": 0.9822914910064696, ""full_dictionary_anchor_top1_signed_regret"": 6.089398183978196e-07, ""full_dictionary_anchor_top1_signed_true_gain"": 3.377790882144465e-05, ""full_dictionary_anchor_top1_significance_regret"": 6.089398183978196e-07, ""full_dictionary_anchor_top1_verified_noop_gain"": 3.377790882144465e-05, ""invalid_count"": 0, ""k"": 8, ""labeled_count"": 1168, ""local_not_global_oracle"": true, ""local_teacher_final_full_gap"": 1.4214604908278154e-05, ""object_id"": 2008, ""observed_best_positive_gain"": null, ""omitted_opportunity"": 5.176474770264531e-06, ""online_feedback"": false, ""phase"": ""middle"", ""positive_count"": 554, ""significant_positive_count"": 554, ""source_result_sha256"": ""e86637be52e438e2edb5549e44ccc16a4b9e9640fe8fa577ae67a27d5b2810a0"", ""state_status"": ""COMPLETED"", ""teacher_best_raw_positive_gain"": 3.4386848639842467e-05, ""teacher_best_significant_gain"": 3.4386848639842467e-05, ""teacher_path_length"": 3, ""teacher_path_status"": ""LOCAL_3ACTION_BUDGET_COMPLETE"", ""teacher_tangent_rhs"": 7008, ""teacher_wall_s"": 41.030978300084826}",COMPLETE,True
,,,,,,,,offline_coverage,,,,,,True,OFFLINE_INITIAL_1SWAP_AND_BOUNDED_PATH_DIAGNOSTIC,"{""actual_minus_local_teacher_risk"": 2.1164046095808883e-06, ""actual_online_final_full_gap"": 5.077129078832827e-06, ""local_teacher_final_full_gap"": 2.960724469251939e-06}",,False,,,,True,"{""k"": 16, ""object_id"": 2008, ""phase"": ""middle""}",,,"{""input"": ""coverage/coverage_evidence.json"", ""json_pointer"": ""/cells/50"", ""row_index_zero_based"": null, ""sha256"": ""e4f7c13169e570d49d6b5e0e16e8111c9c94e891dd419cded826c2652c40d978""}","{""actual_minus_local_teacher_risk"": 2.1164046095808883e-06, ""actual_online_final_full_gap"": 5.077129078832827e-06, ""anchor_wall_s"": 0.7603488999884576, ""balanced12_best_raw_positive_gain"": 8.224160681812839e-06, ""balanced12_best_significant_gain"": 8.224160681812839e-06, ""balanced12_feasible_count"": 192, ""balanced12_ids"": [16, 32, 64, 96, 128, 144, 17, 33, 65, 97, 129, 145], ""balanced12_opportunity_capture"": 1.0, ""balanced12_significant_opportunity_capture"": 1.0, ""binding_status"": ""VERIFIED"", ""cell_status"": ""COMPLETE"", ""comparison_scope"": ""Trajectory gap includes candidate coverage/ranking/search; cannot be attributed solely to score"", ""declared_move_count"": 2208, ""directory"": ""results/offline_coverage_v2/object_2008/middle"", ""endpoint_wall_s"": 9.483176800014917, ""feasible_count"": 2208, ""full_dictionary_anchor_top1_noop_capture"": 0.965015584264352, ""full_dictionary_anchor_top1_noop_regret"": 2.8771745636931104e-07, ""full_dictionary_anchor_top1_signed_capture"": 0.965015584264352, ""full_dictionary_anchor_top1_signed_regret"": 2.8771745636931104e-07, ""full_dictionary_anchor_top1_signed_true_gain"": 7.936443225443528e-06, ""full_dictionary_anchor_top1_significance_regret"": 2.8771745636931104e-07, ""full_dictionary_anchor_top1_verified_noop_gain"": 7.936443225443528e-06, ""invalid_count"": 0, ""k"": 16, ""labeled_count"": 2208, ""local_not_global_oracle"": true, ""local_teacher_final_full_gap"": 2.960724469251939e-06, ""object_id"": 2008, ""observed_best_positive_gain"": null, ""omitted_opportunity"": 0.0, ""online_feedback"": false, ""phase"": ""middle"", ""positive_count"": 691, ""significant_positive_count"": 691, ""source_result_sha256"": ""9e23c55375b2f380a3e5245d1c8b1cd3656410eee2c4b49af1274f791bb4131d"", ""state_status"": ""COMPLETED"", ""teacher_best_raw_positive_gain"": 8.224160681812839e-06, ""teacher_best_significant_gain"": 8.224160681812839e-06, ""teacher_path_length"": 3, ""teacher_path_status"": ""LOCAL_3ACTION_BUDGET_COMPLETE"", ""teacher_tangent_rhs"": 13248, ""teacher_wall_s"": 78.55205169989495}",COMPLETE,True
,,,,,,,,offline_coverage,,,,,,True,OFFLINE_INITIAL_1SWAP_AND_BOUNDED_PATH_DIAGNOSTIC,"{""actual_minus_local_teacher_risk"": 1.198003178694554e-06, ""actual_online_final_full_gap"": 6.9315003283181676e-06, ""local_teacher_final_full_gap"": 5.7334971496236136e-06}",,False,,,,True,"{""k"": 4, ""object_id"": 2008, ""phase"": ""late""}",,,"{""input"": ""coverage/coverage_evidence.json"", ""json_pointer"": ""/cells/51"", ""row_index_zero_based"": null, ""sha256"": ""e4f7c13169e570d49d6b5e0e16e8111c9c94e891dd419cded826c2652c40d978""}","{""actual_minus_local_teacher_risk"": 1.198003178694554e-06, ""actual_online_final_full_gap"": 6.9315003283181676e-06, ""anchor_wall_s"": 0.12998639995930716, ""balanced12_best_raw_positive_gain"": 2.8814538458278756e-06, ""balanced12_best_significant_gain"": 2.8814538458278756e-06, ""balanced12_feasible_count"": 39, ""balanced12_ids"": [4, 32, 64, 96, 128, 144, 5, 33, 65, 97, 129, 145], ""balanced12_opportunity_capture"": 1.0, ""balanced12_significant_opportunity_capture"": 1.0, ""binding_status"": ""VERIFIED"", ""cell_status"": ""COMPLETE"", ""comparison_scope"": ""Trajectory gap includes candidate coverage/ranking/search; cannot be attributed solely to score"", ""declared_move_count"": 600, ""directory"": ""results/offline_coverage_v2/object_2008/late"", ""endpoint_wall_s"": 2.911080399993807, ""feasible_count"": 385, ""full_dictionary_anchor_top1_noop_capture"": 1.0, ""full_dictionary_anchor_top1_noop_regret"": 0.0, ""full_dictionary_anchor_top1_signed_capture"": 1.0, ""full_dictionary_anchor_top1_signed_regret"": 0.0, ""full_dictionary_anchor_top1_signed_true_gain"": 2.8814538458278756e-06, ""full_dictionary_anchor_top1_significance_regret"": 0.0, ""full_dictionary_anchor_top1_verified_noop_gain"": 2.8814538458278756e-06, ""invalid_count"": 215, ""k"": 4, ""labeled_count"": 385, ""local_not_global_oracle"": true, ""local_teacher_final_full_gap"": 5.7334971496236136e-06, ""object_id"": 2008, ""observed_best_positive_gain"": null, ""omitted_opportunity"": 0.0, ""online_feedback"": false, ""phase"": ""late"", ""positive_count"": 7, ""significant_positive_count"": 7, ""source_result_sha256"": ""60d20a299fc160792fef25b98c5539012401b280512b307e1e939778246def01"", ""state_status"": ""COMPLETED"", ""teacher_best_raw_positive_gain"": 2.8814538458278756e-06, ""teacher_best_significant_gain"": 2.8814538458278756e-06, ""teacher_path_length"": 2, ""teacher_path_status"": ""NUMERICAL_LOCAL_1SWAP_STOP_NO_DETERMINISTIC_BOUND"", ""teacher_tangent_rhs"": 2310, ""teacher_wall_s"": 13.851877299835905}",COMPLETE,True
,,,,,,,,offline_coverage,,,,,,True,OFFLINE_INITIAL_1SWAP_AND_BOUNDED_PATH_DIAGNOSTIC,"{""actual_minus_local_teacher_risk"": 5.220885517300572e-07, ""actual_online_final_full_gap"": 1.4903312246447417e-06, ""local_teacher_final_full_gap"": 9.682426729146845e-07}",,False,,,,True,"{""k"": 8, ""object_id"": 2008, ""phase"": ""late""}",,,"{""input"": ""coverage/coverage_evidence.json"", ""json_pointer"": ""/cells/52"", ""row_index_zero_based"": null, ""sha256"": ""e4f7c13169e570d49d6b5e0e16e8111c9c94e891dd419cded826c2652c40d978""}","{""actual_minus_local_teacher_risk"": 5.220885517300572e-07, ""actual_online_final_full_gap"": 1.4903312246447417e-06, ""anchor_wall_s"": 0.27521719998912886, ""balanced12_best_raw_positive_gain"": 1.574705584907758e-06, ""balanced12_best_significant_gain"": 1.574705584907758e-06, ""balanced12_feasible_count"": 59, ""balanced12_ids"": [8, 32, 64, 96, 128, 144, 9, 33, 65, 97, 129, 145], ""balanced12_opportunity_capture"": 0.7258818951986479, ""balanced12_significant_opportunity_capture"": 0.7258818951986479, ""binding_status"": ""VERIFIED"", ""cell_status"": ""COMPLETE"", ""comparison_scope"": ""Trajectory gap includes candidate coverage/ranking/search; cannot be attributed solely to score"", ""declared_move_count"": 1168, ""directory"": ""results/offline_coverage_v2/object_2008/late"", ""endpoint_wall_s"": 4.08160770003451, ""feasible_count"": 864, ""full_dictionary_anchor_top1_noop_capture"": 0.9435403982205827, ""full_dictionary_anchor_top1_noop_regret"": 1.2248170237030883e-07, ""full_dictionary_anchor_top1_signed_capture"": 0.9435403982205827, ""full_dictionary_anchor_top1_signed_regret"": 1.2248170237030883e-07, ""full_dictionary_anchor_top1_signed_true_gain"": 2.0468871651047748e-06, ""full_dictionary_anchor_top1_significance_regret"": 1.2248170237030883e-07, ""full_dictionary_anchor_top1_verified_noop_gain"": 2.0468871651047748e-06, ""invalid_count"": 304, ""k"": 8, ""labeled_count"": 864, ""local_not_global_oracle"": true, ""local_teacher_final_full_gap"": 9.682426729146845e-07, ""object_id"": 2008, ""observed_best_positive_gain"": null, ""omitted_opportunity"": 5.946632825673255e-07, ""online_feedback"": false, ""phase"": ""late"", ""positive_count"": 243, ""significant_positive_count"": 243, ""source_result_sha256"": ""06f3dde084fa6e7cf0ee1f691a4c3a8977fcdaab4aaf2e96847613eb2a6ae7e7"", ""state_status"": ""COMPLETED"", ""teacher_best_raw_positive_gain"": 2.1693688674750836e-06, ""teacher_best_significant_gain"": 2.1693688674750836e-06, ""teacher_path_length"": 3, ""teacher_path_status"": ""LOCAL_3ACTION_BUDGET_COMPLETE"", ""teacher_tangent_rhs"": 5184, ""teacher_wall_s"": 30.80412379989866}",COMPLETE,True
,,,,,,,,offline_coverage,,,,,,True,OFFLINE_INITIAL_1SWAP_AND_BOUNDED_PATH_DIAGNOSTIC,"{""actual_minus_local_teacher_risk"": 2.3362744823128856e-07, ""actual_online_final_full_gap"": 6.577366348503976e-07, ""local_teacher_final_full_gap"": 4.24109186619109e-07}",,False,,,,True,"{""k"": 16, ""object_id"": 2008, ""phase"": ""late""}",,,"{""input"": ""coverage/coverage_evidence.json"", ""json_pointer"": ""/cells/53"", ""row_index_zero_based"": null, ""sha256"": ""e4f7c13169e570d49d6b5e0e16e8111c9c94e891dd419cded826c2652c40d978""}","{""actual_minus_local_teacher_risk"": 2.3362744823128856e-07, ""actual_online_final_full_gap"": 6.577366348503976e-07, ""anchor_wall_s"": 0.5453049999778159, ""balanced12_best_raw_positive_gain"": 2.021920935407201e-07, ""balanced12_best_significant_gain"": 2.021920935407201e-07, ""balanced12_feasible_count"": 140, ""balanced12_ids"": [16, 32, 64, 96, 128, 144, 17, 33, 65, 97, 129, 145], ""balanced12_opportunity_capture"": 0.8079617094557147, ""balanced12_significant_opportunity_capture"": 0.8079617094557147, ""binding_status"": ""VERIFIED"", ""cell_status"": ""COMPLETE"", ""comparison_scope"": ""Trajectory gap includes candidate coverage/ranking/search; cannot be attributed solely to score"", ""declared_move_count"": 2208, ""directory"": ""results/offline_coverage_v2/object_2008/late"", ""endpoint_wall_s"": 9.473503399989568, ""feasible_count"": 1678, ""full_dictionary_anchor_top1_noop_capture"": 0.5337975203819088, ""full_dictionary_anchor_top1_noop_regret"": 1.1666698342840641e-07, ""full_dictionary_anchor_top1_signed_capture"": 0.5337975203819088, ""full_dictionary_anchor_top1_signed_regret"": 1.1666698342840641e-07, ""full_dictionary_anchor_top1_signed_true_gain"": 1.335826152523619e-07, ""full_dictionary_anchor_top1_significance_regret"": 1.1666698342840641e-07, ""full_dictionary_anchor_top1_verified_noop_gain"": 1.335826152523619e-07, ""invalid_count"": 530, ""k"": 16, ""labeled_count"": 1678, ""local_not_global_oracle"": true, ""local_teacher_final_full_gap"": 4.24109186619109e-07, ""object_id"": 2008, ""observed_best_positive_gain"": null, ""omitted_opportunity"": 4.8057505140048186e-08, ""online_feedback"": false, ""phase"": ""late"", ""positive_count"": 545, ""significant_positive_count"": 545, ""source_result_sha256"": ""780b954547cfcb22e972b5380229224657db6073bc51982173316edb064497bc"", ""state_status"": ""COMPLETED"", ""teacher_best_raw_positive_gain"": 2.502495986807683e-07, ""teacher_best_significant_gain"": 2.502495986807683e-07, ""teacher_path_length"": 3, ""teacher_path_status"": ""LOCAL_3ACTION_BUDGET_COMPLETE"", ""teacher_tangent_rhs"": 10068, ""teacher_wall_s"": 59.84028459986439}",COMPLETE,True
,,,,,,,,offline_coverage,,,,,,True,OFFLINE_INITIAL_1SWAP_AND_BOUNDED_PATH_DIAGNOSTIC,"{""actual_minus_local_teacher_risk"": 0.00044279311610825596, ""actual_online_final_full_gap"": 0.0006596904975225382, ""local_teacher_final_full_gap"": 0.00021689738141428229}",,False,,,,True,"{""k"": 4, ""object_id"": 2009, ""phase"": ""early""}",,,"{""input"": ""coverage/coverage_evidence.json"", ""json_pointer"": ""/cells/54"", ""row_index_zero_based"": null, ""sha256"": ""e4f7c13169e570d49d6b5e0e16e8111c9c94e891dd419cded826c2652c40d978""}","{""actual_minus_local_teacher_risk"": 0.00044279311610825596, ""actual_online_final_full_gap"": 0.0006596904975225382, ""anchor_wall_s"": 0.03477279999060556, ""balanced12_best_raw_positive_gain"": 0.0003645220887094996, ""balanced12_best_significant_gain"": 0.0003645220887094996, ""balanced12_feasible_count"": 48, ""balanced12_ids"": [4, 32, 64, 96, 128, 144, 5, 33, 65, 97, 129, 145], ""balanced12_opportunity_capture"": 0.8038723683223336, ""balanced12_significant_opportunity_capture"": 0.8038723683223336, ""binding_status"": ""VERIFIED"", ""cell_status"": ""COMPLETE"", ""comparison_scope"": ""Trajectory gap includes candidate coverage/ranking/search; cannot be attributed solely to score"", ""declared_move_count"": 600, ""directory"": ""results/offline_coverage_v2/object_2009/early"", ""endpoint_wall_s"": 1.0696380999870598, ""feasible_count"": 600, ""full_dictionary_anchor_top1_noop_capture"": 1.0, ""full_dictionary_anchor_top1_noop_regret"": 0.0, ""full_dictionary_anchor_top1_signed_capture"": 1.0, ""full_dictionary_anchor_top1_signed_regret"": 0.0, ""full_dictionary_anchor_top1_signed_true_gain"": 0.00045345766700533605, ""full_dictionary_anchor_top1_significance_regret"": 0.0, ""full_dictionary_anchor_top1_verified_noop_gain"": 0.00045345766700533605, ""invalid_count"": 0, ""k"": 4, ""labeled_count"": 600, ""local_not_global_oracle"": true, ""local_teacher_final_full_gap"": 0.00021689738141428229, ""object_id"": 2009, ""observed_best_positive_gain"": null, ""omitted_opportunity"": 8.893557829583646e-05, ""online_feedback"": false, ""phase"": ""early"", ""positive_count"": 90, ""significant_positive_count"": 90, ""source_result_sha256"": ""1e49066d8023f7fc163b501396ad9fb4506fd984b5f987d203b2c8adbd152cd1"", ""state_status"": ""COMPLETED"", ""teacher_best_raw_positive_gain"": 0.00045345766700533605, ""teacher_best_significant_gain"": 0.00045345766700533605, ""teacher_path_length"": 3, ""teacher_path_status"": ""LOCAL_3ACTION_BUDGET_COMPLETE"", ""teacher_tangent_rhs"": 0, ""teacher_wall_s"": 0.01888200012035668}",COMPLETE,True
,,,,,,,,offline_coverage,,,,,,True,OFFLINE_INITIAL_1SWAP_AND_BOUNDED_PATH_DIAGNOSTIC,"{""actual_minus_local_teacher_risk"": 0.00025453448204343544, ""actual_online_final_full_gap"": 0.00031414980864326856, ""local_teacher_final_full_gap"": 5.9615326599833134e-05}",,False,,,,True,"{""k"": 8, ""object_id"": 2009, ""phase"": ""early""}",,,"{""input"": ""coverage/coverage_evidence.json"", ""json_pointer"": ""/cells/55"", ""row_index_zero_based"": null, ""sha256"": ""e4f7c13169e570d49d6b5e0e16e8111c9c94e891dd419cded826c2652c40d978""}","{""actual_minus_local_teacher_risk"": 0.00025453448204343544, ""actual_online_final_full_gap"": 0.00031414980864326856, ""anchor_wall_s"": 0.06589620001614094, ""balanced12_best_raw_positive_gain"": 0.00011706800495881345, ""balanced12_best_significant_gain"": 0.00011706800495881345, ""balanced12_feasible_count"": 96, ""balanced12_ids"": [8, 32, 64, 96, 128, 144, 9, 33, 65, 97, 129, 145], ""balanced12_opportunity_capture"": 0.24501404497342164, ""balanced12_significant_opportunity_capture"": 0.24501404497342164, ""binding_status"": ""VERIFIED"", ""cell_status"": ""COMPLETE"", ""comparison_scope"": ""Trajectory gap includes candidate coverage/ranking/search; cannot be attributed solely to score"", ""declared_move_count"": 1168, ""directory"": ""results/offline_coverage_v2/object_2009/early"", ""endpoint_wall_s"": 2.4545417000190355, ""feasible_count"": 1168, ""full_dictionary_anchor_top1_noop_capture"": 1.0, ""full_dictionary_anchor_top1_noop_regret"": 0.0, ""full_dictionary_anchor_top1_signed_capture"": 1.0, ""full_dictionary_anchor_top1_signed_regret"": 0.0, ""full_dictionary_anchor_top1_signed_true_gain"": 0.000477801201035282, ""full_dictionary_anchor_top1_significance_regret"": 0.0, ""full_dictionary_anchor_top1_verified_noop_gain"": 0.000477801201035282, ""invalid_count"": 0, ""k"": 8, ""labeled_count"": 1168, ""local_not_global_oracle"": true, ""local_teacher_final_full_gap"": 5.9615326599833134e-05, ""object_id"": 2009, ""observed_best_positive_gain"": null, ""omitted_opportunity"": 0.00036073319607646856, ""online_feedback"": false, ""phase"": ""early"", ""positive_count"": 286, ""significant_positive_count"": 286, ""source_result_sha256"": ""2b8a708e202f448ba6101e4a05d7dd591180d1ba74c7f46138434f0bb4ee14f6"", ""state_status"": ""COMPLETED"", ""teacher_best_raw_positive_gain"": 0.000477801201035282, ""teacher_best_significant_gain"": 0.000477801201035282, ""teacher_path_length"": 3, ""teacher_path_status"": ""LOCAL_3ACTION_BUDGET_COMPLETE"", ""teacher_tangent_rhs"": 0, ""teacher_wall_s"": 0.04269320040475577}",COMPLETE,True
,,,,,,,,offline_coverage,,,,,,True,OFFLINE_INITIAL_1SWAP_AND_BOUNDED_PATH_DIAGNOSTIC,"{""actual_minus_local_teacher_risk"": 1.707512268866996e-05, ""actual_online_final_full_gap"": 3.719825007097843e-05, ""local_teacher_final_full_gap"": 2.012312738230847e-05}",,False,,,,True,"{""k"": 16, ""object_id"": 2009, ""phase"": ""early""}",,,"{""input"": ""coverage/coverage_evidence.json"", ""json_pointer"": ""/cells/56"", ""row_index_zero_based"": null, ""sha256"": ""e4f7c13169e570d49d6b5e0e16e8111c9c94e891dd419cded826c2652c40d978""}","{""actual_minus_local_teacher_risk"": 1.707512268866996e-05, ""actual_online_final_full_gap"": 3.719825007097843e-05, ""anchor_wall_s"": 0.13087260001339018, ""balanced12_best_raw_positive_gain"": 3.4972958959184e-05, ""balanced12_best_significant_gain"": 3.4972958959184e-05, ""balanced12_feasible_count"": 192, ""balanced12_ids"": [16, 32, 64, 96, 128, 144, 17, 33, 65, 97, 129, 145], ""balanced12_opportunity_capture"": 0.7083856979399239, ""balanced12_significant_opportunity_capture"": 0.7083856979399239, ""binding_status"": ""VERIFIED"", ""cell_status"": ""COMPLETE"", ""comparison_scope"": ""Trajectory gap includes candidate coverage/ranking/search; cannot be attributed solely to score"", ""declared_move_count"": 2208, ""directory"": ""results/offline_coverage_v2/object_2009/early"", ""endpoint_wall_s"": 6.846379800001159, ""feasible_count"": 2208, ""full_dictionary_anchor_top1_noop_capture"": 0.9735131102001359, ""full_dictionary_anchor_top1_noop_regret"": 1.3076561435683244e-06, ""full_dictionary_anchor_top1_signed_capture"": 0.9735131102001359, ""full_dictionary_anchor_top1_signed_regret"": 1.3076561435683244e-06, ""full_dictionary_anchor_top1_signed_true_gain"": 4.806228322828776e-05, ""full_dictionary_anchor_top1_significance_regret"": 1.3076561435683244e-06, ""full_dictionary_anchor_top1_verified_noop_gain"": 4.806228322828776e-05, ""invalid_count"": 0, ""k"": 16, ""labeled_count"": 2208, ""local_not_global_oracle"": true, ""local_teacher_final_full_gap"": 2.012312738230847e-05, ""object_id"": 2009, ""observed_best_positive_gain"": null, ""omitted_opportunity"": 1.4396980412672083e-05, ""online_feedback"": false, ""phase"": ""early"", ""positive_count"": 392, ""significant_positive_count"": 392, ""source_result_sha256"": ""e09f96597916e486e7230b056899cc35f69ddcad8e3f49255d0d7d7aea700699"", ""state_status"": ""COMPLETED"", ""teacher_best_raw_positive_gain"": 4.9369939371856086e-05, ""teacher_best_significant_gain"": 4.9369939371856086e-05, ""teacher_path_length"": 3, ""teacher_path_status"": ""LOCAL_3ACTION_BUDGET_COMPLETE"", ""teacher_tangent_rhs"": 0, ""teacher_wall_s"": 0.07231450005201623}",COMPLETE,True
,,,,,,,,offline_coverage,,,,,,True,OFFLINE_INITIAL_1SWAP_AND_BOUNDED_PATH_DIAGNOSTIC,"{""actual_minus_local_teacher_risk"": 1.3307332074717245e-05, ""actual_online_final_full_gap"": 4.1752424259065734e-05, ""local_teacher_final_full_gap"": 2.844509218434849e-05}",,False,,,,True,"{""k"": 4, ""object_id"": 2009, ""phase"": ""middle""}",,,"{""input"": ""coverage/coverage_evidence.json"", ""json_pointer"": ""/cells/57"", ""row_index_zero_based"": null, ""sha256"": ""e4f7c13169e570d49d6b5e0e16e8111c9c94e891dd419cded826c2652c40d978""}","{""actual_minus_local_teacher_risk"": 1.3307332074717245e-05, ""actual_online_final_full_gap"": 4.1752424259065734e-05, ""anchor_wall_s"": 0.029826000041794032, ""balanced12_best_raw_positive_gain"": 0.0001179591883684577, ""balanced12_best_significant_gain"": 0.0001179591883684577, ""balanced12_feasible_count"": 48, ""balanced12_ids"": [4, 32, 64, 96, 128, 144, 5, 33, 65, 97, 129, 145], ""balanced12_opportunity_capture"": 1.0, ""balanced12_significant_opportunity_capture"": 1.0, ""binding_status"": ""VERIFIED"", ""cell_status"": ""COMPLETE"", ""comparison_scope"": ""Trajectory gap includes candidate coverage/ranking/search; cannot be attributed solely to score"", ""declared_move_count"": 600, ""directory"": ""results/offline_coverage_v2/object_2009/middle"", ""endpoint_wall_s"": 1.0684995999909006, ""feasible_count"": 600, ""full_dictionary_anchor_top1_noop_capture"": 1.0, ""full_dictionary_anchor_top1_noop_regret"": 0.0, ""full_dictionary_anchor_top1_signed_capture"": 1.0, ""full_dictionary_anchor_top1_signed_regret"": 0.0, ""full_dictionary_anchor_top1_signed_true_gain"": 0.0001179591883684577, ""full_dictionary_anchor_top1_significance_regret"": 0.0, ""full_dictionary_anchor_top1_verified_noop_gain"": 0.0001179591883684577, ""invalid_count"": 0, ""k"": 4, ""labeled_count"": 600, ""local_not_global_oracle"": true, ""local_teacher_final_full_gap"": 2.844509218434849e-05, ""object_id"": 2009, ""observed_best_positive_gain"": null, ""omitted_opportunity"": 0.0, ""online_feedback"": false, ""phase"": ""middle"", ""positive_count"": 434, ""significant_positive_count"": 434, ""source_result_sha256"": ""1d6afe6df110c6a87e4aa8cf5a3a5b3b591d0dbf6ab980e21a9e661a98c045b3"", ""state_status"": ""COMPLETED"", ""teacher_best_raw_positive_gain"": 0.0001179591883684577, ""teacher_best_significant_gain"": 0.0001179591883684577, ""teacher_path_length"": 3, ""teacher_path_status"": ""LOCAL_3ACTION_BUDGET_COMPLETE"", ""teacher_tangent_rhs"": 0, ""teacher_wall_s"": 0.021908100170549005}",COMPLETE,True
,,,,,,,,offline_coverage,,,,,,True,OFFLINE_INITIAL_1SWAP_AND_BOUNDED_PATH_DIAGNOSTIC,"{""actual_minus_local_teacher_risk"": 1.3948706720975724e-05, ""actual_online_final_full_gap"": 2.4626216980815976e-05, ""local_teacher_final_full_gap"": 1.0677510259840251e-05}",,False,,,,True,"{""k"": 8, ""object_id"": 2009, ""phase"": ""middle""}",,,"{""input"": ""coverage/coverage_evidence.json"", ""json_pointer"": ""/cells/58"", ""row_index_zero_based"": null, ""sha256"": ""e4f7c13169e570d49d6b5e0e16e8111c9c94e891dd419cded826c2652c40d978""}","{""actual_minus_local_teacher_risk"": 1.3948706720975724e-05, ""actual_online_final_full_gap"": 2.4626216980815976e-05, ""anchor_wall_s"": 0.06524080003146082, ""balanced12_best_raw_positive_gain"": 1.6199838278972267e-05, ""balanced12_best_significant_gain"": 1.6199838278972267e-05, ""balanced12_feasible_count"": 96, ""balanced12_ids"": [8, 32, 64, 96, 128, 144, 9, 33, 65, 97, 129, 145], ""balanced12_opportunity_capture"": 0.7615238383037717, ""balanced12_significant_opportunity_capture"": 0.7615238383037717, ""binding_status"": ""VERIFIED"", ""cell_status"": ""COMPLETE"", ""comparison_scope"": ""Trajectory gap includes candidate coverage/ranking/search; cannot be attributed solely to score"", ""declared_move_count"": 1168, ""directory"": ""results/offline_coverage_v2/object_2009/middle"", ""endpoint_wall_s"": 2.4825800999533385, ""feasible_count"": 1168, ""full_dictionary_anchor_top1_noop_capture"": 1.0, ""full_dictionary_anchor_top1_noop_regret"": 0.0, ""full_dictionary_anchor_top1_signed_capture"": 1.0, ""full_dictionary_anchor_top1_signed_regret"": 0.0, ""full_dictionary_anchor_top1_signed_true_gain"": 2.1272923399293714e-05, ""full_dictionary_anchor_top1_significance_regret"": 0.0, ""full_dictionary_anchor_top1_verified_noop_gain"": 2.1272923399293714e-05, ""invalid_count"": 0, ""k"": 8, ""labeled_count"": 1168, ""local_not_global_oracle"": true, ""local_teacher_final_full_gap"": 1.0677510259840251e-05, ""object_id"": 2009, ""observed_best_positive_gain"": null, ""omitted_opportunity"": 5.0730851203214465e-06, ""online_feedback"": false, ""phase"": ""middle"", ""positive_count"": 435, ""significant_positive_count"": 435, ""source_result_sha256"": ""e6d779df5ea7896b3407b35d74ddff131421cfd557a3433e0427e2280462ed06"", ""state_status"": ""COMPLETED"", ""teacher_best_raw_positive_gain"": 2.1272923399293714e-05, ""teacher_best_significant_gain"": 2.1272923399293714e-05, ""teacher_path_length"": 3, ""teacher_path_status"": ""LOCAL_3ACTION_BUDGET_COMPLETE"", ""teacher_tangent_rhs"": 0, ""teacher_wall_s"": 0.04270099988207221}",COMPLETE,True
,,,,,,,,offline_coverage,,,,,,True,OFFLINE_INITIAL_1SWAP_AND_BOUNDED_PATH_DIAGNOSTIC,"{""actual_minus_local_teacher_risk"": 3.4210178953204797e-06, ""actual_online_final_full_gap"": 5.895901606719232e-06, ""local_teacher_final_full_gap"": 2.474883711398752e-06}",,False,,,,True,"{""k"": 16, ""object_id"": 2009, ""phase"": ""middle""}",,,"{""input"": ""coverage/coverage_evidence.json"", ""json_pointer"": ""/cells/59"", ""row_index_zero_based"": null, ""sha256"": ""e4f7c13169e570d49d6b5e0e16e8111c9c94e891dd419cded826c2652c40d978""}","{""actual_minus_local_teacher_risk"": 3.4210178953204797e-06, ""actual_online_final_full_gap"": 5.895901606719232e-06, ""anchor_wall_s"": 0.12853980000363663, ""balanced12_best_raw_positive_gain"": 2.010635651797995e-06, ""balanced12_best_significant_gain"": 2.010635651797995e-06, ""balanced12_feasible_count"": 192, ""balanced12_ids"": [16, 32, 64, 96, 128, 144, 17, 33, 65, 97, 129, 145], ""balanced12_opportunity_capture"": 0.9041508086317516, ""balanced12_significant_opportunity_capture"": 0.9041508086317516, ""binding_status"": ""VERIFIED"", ""cell_status"": ""COMPLETE"", ""comparison_scope"": ""Trajectory gap includes candidate coverage/ranking/search; cannot be attributed solely to score"", ""declared_move_count"": 2208, ""directory"": ""results/offline_coverage_v2/object_2009/middle"", ""endpoint_wall_s"": 6.835195899999235, ""feasible_count"": 2208, ""full_dictionary_anchor_top1_noop_capture"": 0.6554710153164569, ""full_dictionary_anchor_top1_noop_regret"": 7.66157872192573e-07, ""full_dictionary_anchor_top1_signed_capture"": 0.6554710153164569, ""full_dictionary_anchor_top1_signed_regret"": 7.66157872192573e-07, ""full_dictionary_anchor_top1_signed_true_gain"": 1.4576256300759071e-06, ""full_dictionary_anchor_top1_significance_regret"": 7.66157872192573e-07, ""full_dictionary_anchor_top1_verified_noop_gain"": 1.4576256300759071e-06, ""invalid_count"": 0, ""k"": 16, ""labeled_count"": 2208, ""local_not_global_oracle"": true, ""local_teacher_final_full_gap"": 2.474883711398752e-06, ""object_id"": 2009, ""observed_best_positive_gain"": null, ""omitted_opportunity"": 2.1314785047048515e-07, ""online_feedback"": false, ""phase"": ""middle"", ""positive_count"": 489, ""significant_positive_count"": 489, ""source_result_sha256"": ""8ebf2e9160417bbc9ce50b131e9f2e33bee4feabee0f121438727c10003ebe8e"", ""state_status"": ""COMPLETED"", ""teacher_best_raw_positive_gain"": 2.22378350226848e-06, ""teacher_best_significant_gain"": 2.22378350226848e-06, ""teacher_path_length"": 3, ""teacher_path_status"": ""LOCAL_3ACTION_BUDGET_COMPLETE"", ""teacher_tangent_rhs"": 0, ""teacher_wall_s"": 0.07786409993423149}",COMPLETE,True
,,,,,,,,offline_coverage,,,,,,True,OFFLINE_INITIAL_1SWAP_AND_BOUNDED_PATH_DIAGNOSTIC,"{""actual_minus_local_teacher_risk"": 0.00010177420168392846, ""actual_online_final_full_gap"": 0.00016888086056069583, ""local_teacher_final_full_gap"": 6.710665887676737e-05}",,False,,,,True,"{""k"": 4, ""object_id"": 2009, ""phase"": ""late""}",,,"{""input"": ""coverage/coverage_evidence.json"", ""json_pointer"": ""/cells/60"", ""row_index_zero_based"": null, ""sha256"": ""e4f7c13169e570d49d6b5e0e16e8111c9c94e891dd419cded826c2652c40d978""}","{""actual_minus_local_teacher_risk"": 0.00010177420168392846, ""actual_online_final_full_gap"": 0.00016888086056069583, ""anchor_wall_s"": 0.03351660002954304, ""balanced12_best_raw_positive_gain"": 0.00018982353356269683, ""balanced12_best_significant_gain"": 0.00018982353356269683, ""balanced12_feasible_count"": 48, ""balanced12_ids"": [4, 32, 64, 96, 128, 144, 5, 33, 65, 97, 129, 145], ""balanced12_opportunity_capture"": 0.8408621795447366, ""balanced12_significant_opportunity_capture"": 0.8408621795447366, ""binding_status"": ""VERIFIED"", ""cell_status"": ""COMPLETE"", ""comparison_scope"": ""Trajectory gap includes candidate coverage/ranking/search; cannot be attributed solely to score"", ""declared_move_count"": 600, ""directory"": ""results/offline_coverage_v2/object_2009/late"", ""endpoint_wall_s"": 1.0404645000235178, ""feasible_count"": 600, ""full_dictionary_anchor_top1_noop_capture"": 1.0, ""full_dictionary_anchor_top1_noop_regret"": 0.0, ""full_dictionary_anchor_top1_signed_capture"": 1.0, ""full_dictionary_anchor_top1_signed_regret"": 0.0, ""full_dictionary_anchor_top1_signed_true_gain"": 0.00022574868769275832, ""full_dictionary_anchor_top1_significance_regret"": 0.0, ""full_dictionary_anchor_top1_verified_noop_gain"": 0.00022574868769275832, ""invalid_count"": 0, ""k"": 4, ""labeled_count"": 600, ""local_not_global_oracle"": true, ""local_teacher_final_full_gap"": 6.710665887676737e-05, ""object_id"": 2009, ""observed_best_positive_gain"": null, ""omitted_opportunity"": 3.592515413006149e-05, ""online_feedback"": false, ""phase"": ""late"", ""positive_count"": 160, ""significant_positive_count"": 160, ""source_result_sha256"": ""1d09c72e1447ae7472519a4804bef3c73198499c78727188a876048e1b9af06b"", ""state_status"": ""COMPLETED"", ""teacher_best_raw_positive_gain"": 0.00022574868769275832, ""teacher_best_significant_gain"": 0.00022574868769275832, ""teacher_path_length"": 3, ""teacher_path_status"": ""LOCAL_3ACTION_BUDGET_COMPLETE"", ""teacher_tangent_rhs"": 0, ""teacher_wall_s"": 0.018865499936509877}",COMPLETE,True
,,,,,,,,offline_coverage,,,,,,True,OFFLINE_INITIAL_1SWAP_AND_BOUNDED_PATH_DIAGNOSTIC,"{""actual_minus_local_teacher_risk"": 1.4286140961403345e-05, ""actual_online_final_full_gap"": 4.1387413980273146e-05, ""local_teacher_final_full_gap"": 2.71012730188698e-05}",,False,,,,True,"{""k"": 8, ""object_id"": 2009, ""phase"": ""late""}",,,"{""input"": ""coverage/coverage_evidence.json"", ""json_pointer"": ""/cells/61"", ""row_index_zero_based"": null, ""sha256"": ""e4f7c13169e570d49d6b5e0e16e8111c9c94e891dd419cded826c2652c40d978""}","{""actual_minus_local_teacher_risk"": 1.4286140961403345e-05, ""actual_online_final_full_gap"": 4.1387413980273146e-05, ""anchor_wall_s"": 0.07314669998595491, ""balanced12_best_raw_positive_gain"": 0.00010421661041091808, ""balanced12_best_significant_gain"": 0.00010421661041091808, ""balanced12_feasible_count"": 96, ""balanced12_ids"": [8, 32, 64, 96, 128, 144, 9, 33, 65, 97, 129, 145], ""balanced12_opportunity_capture"": 0.8774908996837469, ""balanced12_significant_opportunity_capture"": 0.8774908996837469, ""binding_status"": ""VERIFIED"", ""cell_status"": ""COMPLETE"", ""comparison_scope"": ""Trajectory gap includes candidate coverage/ranking/search; cannot be attributed solely to score"", ""declared_move_count"": 1168, ""directory"": ""results/offline_coverage_v2/object_2009/late"", ""endpoint_wall_s"": 2.4554246999905445, ""feasible_count"": 1168, ""full_dictionary_anchor_top1_noop_capture"": 0.9762788633713909, ""full_dictionary_anchor_top1_noop_regret"": 2.8172787380688374e-06, ""full_dictionary_anchor_top1_signed_capture"": 0.9762788633713909, ""full_dictionary_anchor_top1_signed_regret"": 2.8172787380688374e-06, ""full_dictionary_anchor_top1_signed_true_gain"": 0.00011594932094801153, ""full_dictionary_anchor_top1_significance_regret"": 2.8172787380688374e-06, ""full_dictionary_anchor_top1_verified_noop_gain"": 0.00011594932094801153, ""invalid_count"": 0, ""k"": 8, ""labeled_count"": 1168, ""local_not_global_oracle"": true, ""local_teacher_final_full_gap"": 2.71012730188698e-05, ""object_id"": 2009, ""observed_best_positive_gain"": null, ""omitted_opportunity"": 1.454998927516229e-05, ""online_feedback"": false, ""phase"": ""late"", ""positive_count"": 535, ""significant_positive_count"": 535, ""source_result_sha256"": ""5fba5c400cf281bc755053729004aa4c89faaa98ef88dd62765a088fdb0b86e8"", ""state_status"": ""COMPLETED"", ""teacher_best_raw_positive_gain"": 0.00011876659968608037, ""teacher_best_significant_gain"": 0.00011876659968608037, ""teacher_path_length"": 3, ""teacher_path_status"": ""LOCAL_3ACTION_BUDGET_COMPLETE"", ""teacher_tangent_rhs"": 0, ""teacher_wall_s"": 0.04040459991665557}",COMPLETE,True
,,,,,,,,offline_coverage,,,,,,True,OFFLINE_INITIAL_1SWAP_AND_BOUNDED_PATH_DIAGNOSTIC,"{""actual_minus_local_teacher_risk"": 4.6368006283192895e-06, ""actual_online_final_full_gap"": 8.38505971920059e-06, ""local_teacher_final_full_gap"": 3.7482590908813003e-06}",,False,,,,True,"{""k"": 16, ""object_id"": 2009, ""phase"": ""late""}",,,"{""input"": ""coverage/coverage_evidence.json"", ""json_pointer"": ""/cells/62"", ""row_index_zero_based"": null, ""sha256"": ""e4f7c13169e570d49d6b5e0e16e8111c9c94e891dd419cded826c2652c40d978""}","{""actual_minus_local_teacher_risk"": 4.6368006283192895e-06, ""actual_online_final_full_gap"": 8.38505971920059e-06, ""anchor_wall_s"": 0.12371820001862943, ""balanced12_best_raw_positive_gain"": 3.7776557836421726e-06, ""balanced12_best_significant_gain"": 3.7776557836421726e-06, ""balanced12_feasible_count"": 192, ""balanced12_ids"": [16, 32, 64, 96, 128, 144, 17, 33, 65, 97, 129, 145], ""balanced12_opportunity_capture"": 1.0, ""balanced12_significant_opportunity_capture"": 1.0, ""binding_status"": ""VERIFIED"", ""cell_status"": ""COMPLETE"", ""comparison_scope"": ""Trajectory gap includes candidate coverage/ranking/search; cannot be attributed solely to score"", ""declared_move_count"": 2208, ""directory"": ""results/offline_coverage_v2/object_2009/late"", ""endpoint_wall_s"": 6.9086424999986775, ""feasible_count"": 2208, ""full_dictionary_anchor_top1_noop_capture"": 0.6647055495573966, ""full_dictionary_anchor_top1_noop_regret"": 1.2666270199376245e-06, ""full_dictionary_anchor_top1_signed_capture"": 0.6647055495573966, ""full_dictionary_anchor_top1_signed_regret"": 1.2666270199376245e-06, ""full_dictionary_anchor_top1_signed_true_gain"": 2.511028763704548e-06, ""full_dictionary_anchor_top1_significance_regret"": 1.2666270199376245e-06, ""full_dictionary_anchor_top1_verified_noop_gain"": 2.511028763704548e-06, ""invalid_count"": 0, ""k"": 16, ""labeled_count"": 2208, ""local_not_global_oracle"": true, ""local_teacher_final_full_gap"": 3.7482590908813003e-06, ""object_id"": 2009, ""observed_best_positive_gain"": null, ""omitted_opportunity"": 0.0, ""online_feedback"": false, ""phase"": ""late"", ""positive_count"": 414, ""significant_positive_count"": 414, ""source_result_sha256"": ""5af641b055ef001c3dfa82afce2c7bc4eb8794552e6aa7a1cf99c89d788525ff"", ""state_status"": ""COMPLETED"", ""teacher_best_raw_positive_gain"": 3.7776557836421726e-06, ""teacher_best_significant_gain"": 3.7776557836421726e-06, ""teacher_path_length"": 3, ""teacher_path_status"": ""LOCAL_3ACTION_BUDGET_COMPLETE"", ""teacher_tangent_rhs"": 0, ""teacher_wall_s"": 0.07778760010842234}",COMPLETE,True
,,,,,,,,offline_coverage,,,,,,True,OFFLINE_INITIAL_1SWAP_AND_BOUNDED_PATH_DIAGNOSTIC,"{""actual_minus_local_teacher_risk"": 0.0005021995440888937, ""actual_online_final_full_gap"": 0.0006556559736406981, ""local_teacher_final_full_gap"": 0.00015345642955180445}",,False,,,,True,"{""k"": 4, ""object_id"": 2010, ""phase"": ""early""}",,,"{""input"": ""coverage/coverage_evidence.json"", ""json_pointer"": ""/cells/63"", ""row_index_zero_based"": null, ""sha256"": ""e4f7c13169e570d49d6b5e0e16e8111c9c94e891dd419cded826c2652c40d978""}","{""actual_minus_local_teacher_risk"": 0.0005021995440888937, ""actual_online_final_full_gap"": 0.0006556559736406981, ""anchor_wall_s"": 0.2231305000022985, ""balanced12_best_raw_positive_gain"": 0.0005154403200056471, ""balanced12_best_significant_gain"": 0.0005154403200056471, ""balanced12_feasible_count"": 48, ""balanced12_ids"": [4, 32, 64, 96, 128, 144, 5, 33, 65, 97, 129, 145], ""balanced12_opportunity_capture"": 0.634221895800159, ""balanced12_significant_opportunity_capture"": 0.634221895800159, ""binding_status"": ""VERIFIED"", ""cell_status"": ""COMPLETE"", ""comparison_scope"": ""Trajectory gap includes candidate coverage/ranking/search; cannot be attributed solely to score"", ""declared_move_count"": 600, ""directory"": ""results/offline_coverage_v2/object_2010/early"", ""endpoint_wall_s"": 2.9159720999887213, ""feasible_count"": 600, ""full_dictionary_anchor_top1_noop_capture"": 1.0, ""full_dictionary_anchor_top1_noop_regret"": 0.0, ""full_dictionary_anchor_top1_signed_capture"": 1.0, ""full_dictionary_anchor_top1_signed_regret"": 0.0, ""full_dictionary_anchor_top1_signed_true_gain"": 0.000812712906033223, ""full_dictionary_anchor_top1_significance_regret"": 0.0, ""full_dictionary_anchor_top1_verified_noop_gain"": 0.000812712906033223, ""invalid_count"": 0, ""k"": 4, ""labeled_count"": 600, ""local_not_global_oracle"": true, ""local_teacher_final_full_gap"": 0.00015345642955180445, ""object_id"": 2010, ""observed_best_positive_gain"": null, ""omitted_opportunity"": 0.00029727258602757587, ""online_feedback"": false, ""phase"": ""early"", ""positive_count"": 48, ""significant_positive_count"": 48, ""source_result_sha256"": ""08bf54d149c38db20b9be92e74589b6d3e4ccb191701ecdcd59724dd3440c3f2"", ""state_status"": ""COMPLETED"", ""teacher_best_raw_positive_gain"": 0.000812712906033223, ""teacher_best_significant_gain"": 0.000812712906033223, ""teacher_path_length"": 2, ""teacher_path_status"": ""NUMERICAL_LOCAL_1SWAP_STOP_NO_DETERMINISTIC_BOUND"", ""teacher_tangent_rhs"": 3600, ""teacher_wall_s"": 21.24888929980807}",COMPLETE,True
,,,,,,,,offline_coverage,,,,,,True,OFFLINE_INITIAL_1SWAP_AND_BOUNDED_PATH_DIAGNOSTIC,"{""actual_minus_local_teacher_risk"": 0.0005477324402184156, ""actual_online_final_full_gap"": 0.0006172700389225665, ""local_teacher_final_full_gap"": 6.95375987041509e-05}",,False,,,,True,"{""k"": 8, ""object_id"": 2010, ""phase"": ""early""}",,,"{""input"": ""coverage/coverage_evidence.json"", ""json_pointer"": ""/cells/64"", ""row_index_zero_based"": null, ""sha256"": ""e4f7c13169e570d49d6b5e0e16e8111c9c94e891dd419cded826c2652c40d978""}","{""actual_minus_local_teacher_risk"": 0.0005477324402184156, ""actual_online_final_full_gap"": 0.0006172700389225665, ""anchor_wall_s"": 0.3789369000005536, ""balanced12_best_raw_positive_gain"": 0.00011565653650740707, ""balanced12_best_significant_gain"": 0.00011565653650740707, ""balanced12_feasible_count"": 96, ""balanced12_ids"": [8, 32, 64, 96, 128, 144, 9, 33, 65, 97, 129, 145], ""balanced12_opportunity_capture"": 0.19475008353802248, ""balanced12_significant_opportunity_capture"": 0.19475008353802248, ""binding_status"": ""VERIFIED"", ""cell_status"": ""COMPLETE"", ""comparison_scope"": ""Trajectory gap includes candidate coverage/ranking/search; cannot be attributed solely to score"", ""declared_move_count"": 1168, ""directory"": ""results/offline_coverage_v2/object_2010/early"", ""endpoint_wall_s"": 4.012286600016523, ""feasible_count"": 1168, ""full_dictionary_anchor_top1_noop_capture"": 1.0, ""full_dictionary_anchor_top1_noop_regret"": 0.0, ""full_dictionary_anchor_top1_signed_capture"": 1.0, ""full_dictionary_anchor_top1_signed_regret"": 0.0, ""full_dictionary_anchor_top1_signed_true_gain"": 0.0005938715630118156, ""full_dictionary_anchor_top1_significance_regret"": 0.0, ""full_dictionary_anchor_top1_verified_noop_gain"": 0.0005938715630118156, ""invalid_count"": 0, ""k"": 8, ""labeled_count"": 1168, ""local_not_global_oracle"": true, ""local_teacher_final_full_gap"": 6.95375987041509e-05, ""object_id"": 2010, ""observed_best_positive_gain"": null, ""omitted_opportunity"": 0.0004782150265044085, ""online_feedback"": false, ""phase"": ""early"", ""positive_count"": 259, ""significant_positive_count"": 259, ""source_result_sha256"": ""36a2c4f3532e5e48c2c1d63d68b97d73ca541407fe662637e7f619b98ca3f920"", ""state_status"": ""COMPLETED"", ""teacher_best_raw_positive_gain"": 0.0005938715630118156, ""teacher_best_significant_gain"": 0.0005938715630118156, ""teacher_path_length"": 3, ""teacher_path_status"": ""LOCAL_3ACTION_BUDGET_COMPLETE"", ""teacher_tangent_rhs"": 7008, ""teacher_wall_s"": 41.45867910014931}",COMPLETE,True
,,,,,,,,offline_coverage,,,,,,True,OFFLINE_INITIAL_1SWAP_AND_BOUNDED_PATH_DIAGNOSTIC,"{""actual_minus_local_teacher_risk"": 1.2235901742635342e-05, ""actual_online_final_full_gap"": 4.5377495432612256e-05, ""local_teacher_final_full_gap"": 3.3141593689976914e-05}",,False,,,,True,"{""k"": 16, ""object_id"": 2010, ""phase"": ""early""}",,,"{""input"": ""coverage/coverage_evidence.json"", ""json_pointer"": ""/cells/65"", ""row_index_zero_based"": null, ""sha256"": ""e4f7c13169e570d49d6b5e0e16e8111c9c94e891dd419cded826c2652c40d978""}","{""actual_minus_local_teacher_risk"": 1.2235901742635342e-05, ""actual_online_final_full_gap"": 4.5377495432612256e-05, ""anchor_wall_s"": 0.8155604999628849, ""balanced12_best_raw_positive_gain"": 3.943256502346554e-05, ""balanced12_best_significant_gain"": 3.943256502346554e-05, ""balanced12_feasible_count"": 192, ""balanced12_ids"": [16, 32, 64, 96, 128, 144, 17, 33, 65, 97, 129, 145], ""balanced12_opportunity_capture"": 0.9395043315202598, ""balanced12_significant_opportunity_capture"": 0.9395043315202598, ""binding_status"": ""VERIFIED"", ""cell_status"": ""COMPLETE"", ""comparison_scope"": ""Trajectory gap includes candidate coverage/ranking/search; cannot be attributed solely to score"", ""declared_move_count"": 2208, ""directory"": ""results/offline_coverage_v2/object_2010/early"", ""endpoint_wall_s"": 9.43768709996948, ""feasible_count"": 2208, ""full_dictionary_anchor_top1_noop_capture"": 0.8902004318315273, ""full_dictionary_anchor_top1_noop_regret"": 4.6084711545136384e-06, ""full_dictionary_anchor_top1_signed_capture"": 0.8902004318315273, ""full_dictionary_anchor_top1_signed_regret"": 4.6084711545136384e-06, ""full_dictionary_anchor_top1_signed_true_gain"": 3.736319805499144e-05, ""full_dictionary_anchor_top1_significance_regret"": 4.6084711545136384e-06, ""full_dictionary_anchor_top1_verified_noop_gain"": 3.736319805499144e-05, ""invalid_count"": 0, ""k"": 16, ""labeled_count"": 2208, ""local_not_global_oracle"": true, ""local_teacher_final_full_gap"": 3.3141593689976914e-05, ""object_id"": 2010, ""observed_best_positive_gain"": null, ""omitted_opportunity"": 2.53910418603954e-06, ""online_feedback"": false, ""phase"": ""early"", ""positive_count"": 218, ""significant_positive_count"": 218, ""source_result_sha256"": ""21c553e171f15c3a71c95de8ceaf14b44cb727c91494a2380d478cf43426ab28"", ""state_status"": ""COMPLETED"", ""teacher_best_raw_positive_gain"": 4.197166920950508e-05, ""teacher_best_significant_gain"": 4.197166920950508e-05, ""teacher_path_length"": 3, ""teacher_path_status"": ""LOCAL_3ACTION_BUDGET_COMPLETE"", ""teacher_tangent_rhs"": 13248, ""teacher_wall_s"": 78.35723199998029}",COMPLETE,True
,,,,,,,,offline_coverage,,,,,,True,OFFLINE_INITIAL_1SWAP_AND_BOUNDED_PATH_DIAGNOSTIC,"{""actual_minus_local_teacher_risk"": -2.3423863097970334e-06, ""actual_online_final_full_gap"": 2.9225197182226197e-05, ""local_teacher_final_full_gap"": 3.156758349202323e-05}",,False,,,,True,"{""k"": 4, ""object_id"": 2010, ""phase"": ""middle""}",,,"{""input"": ""coverage/coverage_evidence.json"", ""json_pointer"": ""/cells/66"", ""row_index_zero_based"": null, ""sha256"": ""e4f7c13169e570d49d6b5e0e16e8111c9c94e891dd419cded826c2652c40d978""}","{""actual_minus_local_teacher_risk"": -2.3423863097970334e-06, ""actual_online_final_full_gap"": 2.9225197182226197e-05, ""anchor_wall_s"": 0.20763279998209327, ""balanced12_best_raw_positive_gain"": 0.00010835801954282802, ""balanced12_best_significant_gain"": 0.00010835801954282802, ""balanced12_feasible_count"": 48, ""balanced12_ids"": [4, 32, 64, 96, 128, 144, 5, 33, 65, 97, 129, 145], ""balanced12_opportunity_capture"": 0.9554936902200011, ""balanced12_significant_opportunity_capture"": 0.9554936902200011, ""binding_status"": ""VERIFIED"", ""cell_status"": ""COMPLETE"", ""comparison_scope"": ""Trajectory gap includes candidate coverage/ranking/search; cannot be attributed solely to score"", ""declared_move_count"": 600, ""directory"": ""results/offline_coverage_v2/object_2010/middle"", ""endpoint_wall_s"": 2.8491659000283107, ""feasible_count"": 600, ""full_dictionary_anchor_top1_noop_capture"": 1.0, ""full_dictionary_anchor_top1_noop_regret"": 0.0, ""full_dictionary_anchor_top1_signed_capture"": 1.0, ""full_dictionary_anchor_top1_signed_regret"": 0.0, ""full_dictionary_anchor_top1_signed_true_gain"": 0.00011340526960243844, ""full_dictionary_anchor_top1_significance_regret"": 0.0, ""full_dictionary_anchor_top1_verified_noop_gain"": 0.00011340526960243844, ""invalid_count"": 0, ""k"": 4, ""labeled_count"": 600, ""local_not_global_oracle"": true, ""local_teacher_final_full_gap"": 3.156758349202323e-05, ""object_id"": 2010, ""observed_best_positive_gain"": null, ""omitted_opportunity"": 5.047250059610423e-06, ""online_feedback"": false, ""phase"": ""middle"", ""positive_count"": 322, ""significant_positive_count"": 322, ""source_result_sha256"": ""5c4c84cf02671202a5d6b287bb214f63351d95b6242e7a3ef17c4c48dc007f5c"", ""state_status"": ""COMPLETED"", ""teacher_best_raw_positive_gain"": 0.00011340526960243844, ""teacher_best_significant_gain"": 0.00011340526960243844, ""teacher_path_length"": 3, ""teacher_path_status"": ""LOCAL_3ACTION_BUDGET_COMPLETE"", ""teacher_tangent_rhs"": 3600, ""teacher_wall_s"": 21.449642499967013}",COMPLETE,True
,,,,,,,,offline_coverage,,,,,,True,OFFLINE_INITIAL_1SWAP_AND_BOUNDED_PATH_DIAGNOSTIC,"{""actual_minus_local_teacher_risk"": 6.162623438887832e-06, ""actual_online_final_full_gap"": 2.7636828597065585e-05, ""local_teacher_final_full_gap"": 2.1474205158177754e-05}",,False,,,,True,"{""k"": 8, ""object_id"": 2010, ""phase"": ""middle""}",,,"{""input"": ""coverage/coverage_evidence.json"", ""json_pointer"": ""/cells/67"", ""row_index_zero_based"": null, ""sha256"": ""e4f7c13169e570d49d6b5e0e16e8111c9c94e891dd419cded826c2652c40d978""}","{""actual_minus_local_teacher_risk"": 6.162623438887832e-06, ""actual_online_final_full_gap"": 2.7636828597065585e-05, ""anchor_wall_s"": 0.37751229997957125, ""balanced12_best_raw_positive_gain"": 1.5266001686630405e-05, ""balanced12_best_significant_gain"": 1.5266001686630405e-05, ""balanced12_feasible_count"": 96, ""balanced12_ids"": [8, 32, 64, 96, 128, 144, 9, 33, 65, 97, 129, 145], ""balanced12_opportunity_capture"": 0.721435007382636, ""balanced12_significant_opportunity_capture"": 0.721435007382636, ""binding_status"": ""VERIFIED"", ""cell_status"": ""COMPLETE"", ""comparison_scope"": ""Trajectory gap includes candidate coverage/ranking/search; cannot be attributed solely to score"", ""declared_move_count"": 1168, ""directory"": ""results/offline_coverage_v2/object_2010/middle"", ""endpoint_wall_s"": 3.981524700007867, ""feasible_count"": 1168, ""full_dictionary_anchor_top1_noop_capture"": 0.8317166377220014, ""full_dictionary_anchor_top1_noop_regret"": 3.5609778650583326e-06, ""full_dictionary_anchor_top1_signed_capture"": 0.8317166377220014, ""full_dictionary_anchor_top1_signed_regret"": 3.5609778650583326e-06, ""full_dictionary_anchor_top1_signed_true_gain"": 1.7599627775656846e-05, ""full_dictionary_anchor_top1_significance_regret"": 3.5609778650583326e-06, ""full_dictionary_anchor_top1_verified_noop_gain"": 1.7599627775656846e-05, ""invalid_count"": 0, ""k"": 8, ""labeled_count"": 1168, ""local_not_global_oracle"": true, ""local_teacher_final_full_gap"": 2.1474205158177754e-05, ""object_id"": 2010, ""observed_best_positive_gain"": null, ""omitted_opportunity"": 5.894603954084774e-06, ""online_feedback"": false, ""phase"": ""middle"", ""positive_count"": 178, ""significant_positive_count"": 178, ""source_result_sha256"": ""f3698fc08da547e61715b47b644698acd8a93322ed3def5682972bd1898cdceb"", ""state_status"": ""COMPLETED"", ""teacher_best_raw_positive_gain"": 2.116060564071518e-05, ""teacher_best_significant_gain"": 2.116060564071518e-05, ""teacher_path_length"": 3, ""teacher_path_status"": ""LOCAL_3ACTION_BUDGET_COMPLETE"", ""teacher_tangent_rhs"": 7008, ""teacher_wall_s"": 41.554802299826406}",COMPLETE,True
,,,,,,,,offline_coverage,,,,,,True,OFFLINE_INITIAL_1SWAP_AND_BOUNDED_PATH_DIAGNOSTIC,"{""actual_minus_local_teacher_risk"": 1.43268218825489e-06, ""actual_online_final_full_gap"": 6.6766954834676424e-06, ""local_teacher_final_full_gap"": 5.244013295212752e-06}",,False,,,,True,"{""k"": 16, ""object_id"": 2010, ""phase"": ""middle""}",,,"{""input"": ""coverage/coverage_evidence.json"", ""json_pointer"": ""/cells/68"", ""row_index_zero_based"": null, ""sha256"": ""e4f7c13169e570d49d6b5e0e16e8111c9c94e891dd419cded826c2652c40d978""}","{""actual_minus_local_teacher_risk"": 1.43268218825489e-06, ""actual_online_final_full_gap"": 6.6766954834676424e-06, ""anchor_wall_s"": 0.7876808999571949, ""balanced12_best_raw_positive_gain"": 4.308267835439741e-06, ""balanced12_best_significant_gain"": 4.308267835439741e-06, ""balanced12_feasible_count"": 192, ""balanced12_ids"": [16, 32, 64, 96, 128, 144, 17, 33, 65, 97, 129, 145], ""balanced12_opportunity_capture"": 1.0, ""balanced12_significant_opportunity_capture"": 1.0, ""binding_status"": ""VERIFIED"", ""cell_status"": ""COMPLETE"", ""comparison_scope"": ""Trajectory gap includes candidate coverage/ranking/search; cannot be attributed solely to score"", ""declared_move_count"": 2208, ""directory"": ""results/offline_coverage_v2/object_2010/middle"", ""endpoint_wall_s"": 9.511831799987704, ""feasible_count"": 2208, ""full_dictionary_anchor_top1_noop_capture"": 0.9689520724520316, ""full_dictionary_anchor_top1_noop_regret"": 1.3376278761197548e-07, ""full_dictionary_anchor_top1_signed_capture"": 0.9689520724520316, ""full_dictionary_anchor_top1_signed_regret"": 1.3376278761197548e-07, ""full_dictionary_anchor_top1_signed_true_gain"": 4.174505047827765e-06, ""full_dictionary_anchor_top1_significance_regret"": 1.3376278761197548e-07, ""full_dictionary_anchor_top1_verified_noop_gain"": 4.174505047827765e-06, ""invalid_count"": 0, ""k"": 16, ""labeled_count"": 2208, ""local_not_global_oracle"": true, ""local_teacher_final_full_gap"": 5.244013295212752e-06, ""object_id"": 2010, ""observed_best_positive_gain"": null, ""omitted_opportunity"": 0.0, ""online_feedback"": false, ""phase"": ""middle"", ""positive_count"": 176, ""significant_positive_count"": 176, ""source_result_sha256"": ""932292298bd933231b08651492dbb75b6fff7050f93bb4fb79221d75bca02c04"", ""state_status"": ""COMPLETED"", ""teacher_best_raw_positive_gain"": 4.308267835439741e-06, ""teacher_best_significant_gain"": 4.308267835439741e-06, ""teacher_path_length"": 2, ""teacher_path_status"": ""NUMERICAL_LOCAL_1SWAP_STOP_NO_DETERMINISTIC_BOUND"", ""teacher_tangent_rhs"": 13248, ""teacher_wall_s"": 78.45661340007791}",COMPLETE,True
,,,,,,,,offline_coverage,,,,,,True,OFFLINE_INITIAL_1SWAP_AND_BOUNDED_PATH_DIAGNOSTIC,"{""actual_minus_local_teacher_risk"": 1.2275550924552113e-05, ""actual_online_final_full_gap"": 0.00012016966532273448, ""local_teacher_final_full_gap"": 0.00010789411439818237}",,False,,,,True,"{""k"": 4, ""object_id"": 2010, ""phase"": ""late""}",,,"{""input"": ""coverage/coverage_evidence.json"", ""json_pointer"": ""/cells/69"", ""row_index_zero_based"": null, ""sha256"": ""e4f7c13169e570d49d6b5e0e16e8111c9c94e891dd419cded826c2652c40d978""}","{""actual_minus_local_teacher_risk"": 1.2275550924552113e-05, ""actual_online_final_full_gap"": 0.00012016966532273448, ""anchor_wall_s"": 0.17589610000140965, ""balanced12_best_raw_positive_gain"": 0.00014343948870469716, ""balanced12_best_significant_gain"": 0.00014343948870469716, ""balanced12_feasible_count"": 41, ""balanced12_ids"": [4, 32, 64, 96, 128, 144, 5, 33, 65, 97, 129, 145], ""balanced12_opportunity_capture"": 1.0, ""balanced12_significant_opportunity_capture"": 1.0, ""binding_status"": ""VERIFIED"", ""cell_status"": ""COMPLETE"", ""comparison_scope"": ""Trajectory gap includes candidate coverage/ranking/search; cannot be attributed solely to score"", ""declared_move_count"": 600, ""directory"": ""results/offline_coverage_v2/object_2010/late"", ""endpoint_wall_s"": 2.904586200020276, ""feasible_count"": 511, ""full_dictionary_anchor_top1_noop_capture"": 0.7993425058486062, ""full_dictionary_anchor_top1_noop_regret"": 2.878220836584168e-05, ""full_dictionary_anchor_top1_signed_capture"": 0.7993425058486062, ""full_dictionary_anchor_top1_signed_regret"": 2.878220836584168e-05, ""full_dictionary_anchor_top1_signed_true_gain"": 0.00011465728033885548, ""full_dictionary_anchor_top1_significance_regret"": 2.878220836584168e-05, ""full_dictionary_anchor_top1_verified_noop_gain"": 0.00011465728033885548, ""invalid_count"": 89, ""k"": 4, ""labeled_count"": 511, ""local_not_global_oracle"": true, ""local_teacher_final_full_gap"": 0.00010789411439818237, ""object_id"": 2010, ""observed_best_positive_gain"": null, ""omitted_opportunity"": 0.0, ""online_feedback"": false, ""phase"": ""late"", ""positive_count"": 213, ""significant_positive_count"": 213, ""source_result_sha256"": ""ccf3a193719c5251bcf7773e117b8dca46793b64046a212ebd4f33adf78b6a2f"", ""state_status"": ""COMPLETED"", ""teacher_best_raw_positive_gain"": 0.00014343948870469716, ""teacher_best_significant_gain"": 0.00014343948870469716, ""teacher_path_length"": 3, ""teacher_path_status"": ""LOCAL_3ACTION_BUDGET_COMPLETE"", ""teacher_tangent_rhs"": 3066, ""teacher_wall_s"": 18.224045699927956}",COMPLETE,True
,,,,,,,,offline_coverage,,,,,,True,OFFLINE_INITIAL_1SWAP_AND_BOUNDED_PATH_DIAGNOSTIC,"{""actual_minus_local_teacher_risk"": 2.6880828256856018e-05, ""actual_online_final_full_gap"": 8.843176716083672e-05, ""local_teacher_final_full_gap"": 6.15509389039807e-05}",,False,,,,True,"{""k"": 8, ""object_id"": 2010, ""phase"": ""late""}",,,"{""input"": ""coverage/coverage_evidence.json"", ""json_pointer"": ""/cells/70"", ""row_index_zero_based"": null, ""sha256"": ""e4f7c13169e570d49d6b5e0e16e8111c9c94e891dd419cded826c2652c40d978""}","{""actual_minus_local_teacher_risk"": 2.6880828256856018e-05, ""actual_online_final_full_gap"": 8.843176716083672e-05, ""anchor_wall_s"": 0.38115029997425154, ""balanced12_best_raw_positive_gain"": 5.264006005947727e-05, ""balanced12_best_significant_gain"": 5.264006005947727e-05, ""balanced12_feasible_count"": 95, ""balanced12_ids"": [8, 32, 64, 96, 128, 144, 9, 33, 65, 97, 129, 145], ""balanced12_opportunity_capture"": 0.9309265953995478, ""balanced12_significant_opportunity_capture"": 0.9309265953995478, ""binding_status"": ""VERIFIED"", ""cell_status"": ""COMPLETE"", ""comparison_scope"": ""Trajectory gap includes candidate coverage/ranking/search; cannot be attributed solely to score"", ""declared_move_count"": 1168, ""directory"": ""results/offline_coverage_v2/object_2010/late"", ""endpoint_wall_s"": 4.01126270001987, ""feasible_count"": 1152, ""full_dictionary_anchor_top1_noop_capture"": 0.9172864921111872, ""full_dictionary_anchor_top1_noop_regret"": 4.677107781122558e-06, ""full_dictionary_anchor_top1_signed_capture"": 0.9172864921111872, ""full_dictionary_anchor_top1_signed_regret"": 4.677107781122558e-06, ""full_dictionary_anchor_top1_signed_true_gain"": 5.186876846692307e-05, ""full_dictionary_anchor_top1_significance_regret"": 4.677107781122558e-06, ""full_dictionary_anchor_top1_verified_noop_gain"": 5.186876846692307e-05, ""invalid_count"": 16, ""k"": 8, ""labeled_count"": 1152, ""local_not_global_oracle"": true, ""local_teacher_final_full_gap"": 6.15509389039807e-05, ""object_id"": 2010, ""observed_best_positive_gain"": null, ""omitted_opportunity"": 3.905816188568355e-06, ""online_feedback"": false, ""phase"": ""late"", ""positive_count"": 228, ""significant_positive_count"": 228, ""source_result_sha256"": ""52275ae5d131ef70febf3e2251b23d9c4df483fd8cc1f51034842189c8828d59"", ""state_status"": ""COMPLETED"", ""teacher_best_raw_positive_gain"": 5.654587624804563e-05, ""teacher_best_significant_gain"": 5.654587624804563e-05, ""teacher_path_length"": 3, ""teacher_path_status"": ""LOCAL_3ACTION_BUDGET_COMPLETE"", ""teacher_tangent_rhs"": 6912, ""teacher_wall_s"": 40.84191419999115}",COMPLETE,True
,,,,,,,,offline_coverage,,,,,,True,OFFLINE_INITIAL_1SWAP_AND_BOUNDED_PATH_DIAGNOSTIC,"{""actual_minus_local_teacher_risk"": 9.792585688299817e-06, ""actual_online_final_full_gap"": 3.778921915912733e-05, ""local_teacher_final_full_gap"": 2.799663347082751e-05}",,False,,,,True,"{""k"": 16, ""object_id"": 2010, ""phase"": ""late""}",,,"{""input"": ""coverage/coverage_evidence.json"", ""json_pointer"": ""/cells/71"", ""row_index_zero_based"": null, ""sha256"": ""e4f7c13169e570d49d6b5e0e16e8111c9c94e891dd419cded826c2652c40d978""}","{""actual_minus_local_teacher_risk"": 9.792585688299817e-06, ""actual_online_final_full_gap"": 3.778921915912733e-05, ""anchor_wall_s"": 0.7412034000153653, ""balanced12_best_raw_positive_gain"": 4.899314196278701e-05, ""balanced12_best_significant_gain"": 4.899314196278701e-05, ""balanced12_feasible_count"": 190, ""balanced12_ids"": [16, 32, 64, 96, 128, 144, 17, 33, 65, 97, 129, 145], ""balanced12_opportunity_capture"": 0.9347518913036027, ""balanced12_significant_opportunity_capture"": 0.9347518913036027, ""binding_status"": ""VERIFIED"", ""cell_status"": ""COMPLETE"", ""comparison_scope"": ""Trajectory gap includes candidate coverage/ranking/search; cannot be attributed solely to score"", ""declared_move_count"": 2208, ""directory"": ""results/offline_coverage_v2/object_2010/late"", ""endpoint_wall_s"": 9.476073900004849, ""feasible_count"": 2170, ""full_dictionary_anchor_top1_noop_capture"": 0.8497266801894902, ""full_dictionary_anchor_top1_noop_regret"": 7.876274077849761e-06, ""full_dictionary_anchor_top1_signed_capture"": 0.8497266801894902, ""full_dictionary_anchor_top1_signed_regret"": 7.876274077849761e-06, ""full_dictionary_anchor_top1_signed_true_gain"": 4.453671638367398e-05, ""full_dictionary_anchor_top1_significance_regret"": 7.876274077849761e-06, ""full_dictionary_anchor_top1_verified_noop_gain"": 4.453671638367398e-05, ""invalid_count"": 38, ""k"": 16, ""labeled_count"": 2170, ""local_not_global_oracle"": true, ""local_teacher_final_full_gap"": 2.799663347082751e-05, ""object_id"": 2010, ""observed_best_positive_gain"": null, ""omitted_opportunity"": 3.419848498736735e-06, ""online_feedback"": false, ""phase"": ""late"", ""positive_count"": 1534, ""significant_positive_count"": 1534, ""source_result_sha256"": ""04e472cb9baeb0578797f05da5d0f8c2d87424244c492a03622040a6783bb1dc"", ""state_status"": ""COMPLETED"", ""teacher_best_raw_positive_gain"": 5.2412990461523744e-05, ""teacher_best_significant_gain"": 5.2412990461523744e-05, ""teacher_path_length"": 3, ""teacher_path_status"": ""LOCAL_3ACTION_BUDGET_COMPLETE"", ""teacher_tangent_rhs"": 13020, ""teacher_wall_s"": 77.3458962997538}",COMPLETE,True
,,,,,,,,offline_coverage,,,,,,True,OFFLINE_INITIAL_1SWAP_AND_BOUNDED_PATH_DIAGNOSTIC,"{""actual_minus_local_teacher_risk"": 0.0007312637090327157, ""actual_online_final_full_gap"": 0.0008355316767389723, ""local_teacher_final_full_gap"": 0.00010426796770625664}",,False,,,,True,"{""k"": 4, ""object_id"": 2011, ""phase"": ""early""}",,,"{""input"": ""coverage/coverage_evidence.json"", ""json_pointer"": ""/cells/72"", ""row_index_zero_based"": null, ""sha256"": ""e4f7c13169e570d49d6b5e0e16e8111c9c94e891dd419cded826c2652c40d978""}","{""actual_minus_local_teacher_risk"": 0.0007312637090327157, ""actual_online_final_full_gap"": 0.0008355316767389723, ""anchor_wall_s"": 0.03849390003597364, ""balanced12_best_raw_positive_gain"": 0.0005968835878842203, ""balanced12_best_significant_gain"": 0.0005968835878842203, ""balanced12_feasible_count"": 48, ""balanced12_ids"": [4, 32, 64, 96, 128, 144, 5, 33, 65, 97, 129, 145], ""balanced12_opportunity_capture"": 0.6330331112760855, ""balanced12_significant_opportunity_capture"": 0.6330331112760855, ""binding_status"": ""VERIFIED"", ""cell_status"": ""COMPLETE"", ""comparison_scope"": ""Trajectory gap includes candidate coverage/ranking/search; cannot be attributed solely to score"", ""declared_move_count"": 600, ""directory"": ""results/offline_coverage_v2/object_2011/early"", ""endpoint_wall_s"": 1.0725320000201464, ""feasible_count"": 600, ""full_dictionary_anchor_top1_noop_capture"": 1.0, ""full_dictionary_anchor_top1_noop_regret"": 0.0, ""full_dictionary_anchor_top1_signed_capture"": 1.0, ""full_dictionary_anchor_top1_signed_regret"": 0.0, ""full_dictionary_anchor_top1_signed_true_gain"": 0.0009428947352864465, ""full_dictionary_anchor_top1_significance_regret"": 0.0, ""full_dictionary_anchor_top1_verified_noop_gain"": 0.0009428947352864465, ""invalid_count"": 0, ""k"": 4, ""labeled_count"": 600, ""local_not_global_oracle"": true, ""local_teacher_final_full_gap"": 0.00010426796770625664, ""object_id"": 2011, ""observed_best_positive_gain"": null, ""omitted_opportunity"": 0.0003460111474022262, ""online_feedback"": false, ""phase"": ""early"", ""positive_count"": 48, ""significant_positive_count"": 48, ""source_result_sha256"": ""9204258671fe97c1ab68a4de613115871cbae20c96c3e57b953dd14007d0f9b6"", ""state_status"": ""COMPLETED"", ""teacher_best_raw_positive_gain"": 0.0009428947352864465, ""teacher_best_significant_gain"": 0.0009428947352864465, ""teacher_path_length"": 3, ""teacher_path_status"": ""LOCAL_3ACTION_BUDGET_COMPLETE"", ""teacher_tangent_rhs"": 0, ""teacher_wall_s"": 0.021453100023791194}",COMPLETE,True
,,,,,,,,offline_coverage,,,,,,True,OFFLINE_INITIAL_1SWAP_AND_BOUNDED_PATH_DIAGNOSTIC,"{""actual_minus_local_teacher_risk"": 0.00036845102355152965, ""actual_online_final_full_gap"": 0.00041425206713854607, ""local_teacher_final_full_gap"": 4.580104358701639e-05}",,False,,,,True,"{""k"": 8, ""object_id"": 2011, ""phase"": ""early""}",,,"{""input"": ""coverage/coverage_evidence.json"", ""json_pointer"": ""/cells/73"", ""row_index_zero_based"": null, ""sha256"": ""e4f7c13169e570d49d6b5e0e16e8111c9c94e891dd419cded826c2652c40d978""}","{""actual_minus_local_teacher_risk"": 0.00036845102355152965, ""actual_online_final_full_gap"": 0.00041425206713854607, ""anchor_wall_s"": 0.06532590003916994, ""balanced12_best_raw_positive_gain"": 0.00013413785569964894, ""balanced12_best_significant_gain"": 0.00013413785569964894, ""balanced12_feasible_count"": 96, ""balanced12_ids"": [8, 32, 64, 96, 128, 144, 9, 33, 65, 97, 129, 145], ""balanced12_opportunity_capture"": 0.19159521267257384, ""balanced12_significant_opportunity_capture"": 0.19159521267257384, ""binding_status"": ""VERIFIED"", ""cell_status"": ""COMPLETE"", ""comparison_scope"": ""Trajectory gap includes candidate coverage/ranking/search; cannot be attributed solely to score"", ""declared_move_count"": 1168, ""directory"": ""results/offline_coverage_v2/object_2011/early"", ""endpoint_wall_s"": 2.4460700000054203, ""feasible_count"": 1168, ""full_dictionary_anchor_top1_noop_capture"": 1.0, ""full_dictionary_anchor_top1_noop_regret"": 0.0, ""full_dictionary_anchor_top1_signed_capture"": 1.0, ""full_dictionary_anchor_top1_signed_regret"": 0.0, ""full_dictionary_anchor_top1_signed_true_gain"": 0.0007001106855883893, ""full_dictionary_anchor_top1_significance_regret"": 0.0, ""full_dictionary_anchor_top1_verified_noop_gain"": 0.0007001106855883893, ""invalid_count"": 0, ""k"": 8, ""labeled_count"": 1168, ""local_not_global_oracle"": true, ""local_teacher_final_full_gap"": 4.580104358701639e-05, ""object_id"": 2011, ""observed_best_positive_gain"": null, ""omitted_opportunity"": 0.0005659728298887404, ""online_feedback"": false, ""phase"": ""early"", ""positive_count"": 275, ""significant_positive_count"": 275, ""source_result_sha256"": ""754f09c5606167c780d8ff00c9c06de68061016c8d08110f8057efa6491dcf7b"", ""state_status"": ""COMPLETED"", ""teacher_best_raw_positive_gain"": 0.0007001106855883893, ""teacher_best_significant_gain"": 0.0007001106855883893, ""teacher_path_length"": 3, ""teacher_path_status"": ""LOCAL_3ACTION_BUDGET_COMPLETE"", ""teacher_tangent_rhs"": 0, ""teacher_wall_s"": 0.045034100010525435}",COMPLETE,True
,,,,,,,,offline_coverage,,,,,,True,OFFLINE_INITIAL_1SWAP_AND_BOUNDED_PATH_DIAGNOSTIC,"{""actual_minus_local_teacher_risk"": 9.399720303119504e-06, ""actual_online_final_full_gap"": 3.5242032267218485e-05, ""local_teacher_final_full_gap"": 2.584231196409898e-05}",,False,,,,True,"{""k"": 16, ""object_id"": 2011, ""phase"": ""early""}",,,"{""input"": ""coverage/coverage_evidence.json"", ""json_pointer"": ""/cells/74"", ""row_index_zero_based"": null, ""sha256"": ""e4f7c13169e570d49d6b5e0e16e8111c9c94e891dd419cded826c2652c40d978""}","{""actual_minus_local_teacher_risk"": 9.399720303119504e-06, ""actual_online_final_full_gap"": 3.5242032267218485e-05, ""anchor_wall_s"": 0.1282569000031799, ""balanced12_best_raw_positive_gain"": 4.763463590721322e-05, ""balanced12_best_significant_gain"": 4.763463590721322e-05, ""balanced12_feasible_count"": 192, ""balanced12_ids"": [16, 32, 64, 96, 128, 144, 17, 33, 65, 97, 129, 145], ""balanced12_opportunity_capture"": 0.8949933535067348, ""balanced12_significant_opportunity_capture"": 0.8949933535067348, ""binding_status"": ""VERIFIED"", ""cell_status"": ""COMPLETE"", ""comparison_scope"": ""Trajectory gap includes candidate coverage/ranking/search; cannot be attributed solely to score"", ""declared_move_count"": 2208, ""directory"": ""results/offline_coverage_v2/object_2011/early"", ""endpoint_wall_s"": 6.8335450000013225, ""feasible_count"": 2208, ""full_dictionary_anchor_top1_noop_capture"": 1.0, ""full_dictionary_anchor_top1_noop_regret"": 0.0, ""full_dictionary_anchor_top1_signed_capture"": 1.0, ""full_dictionary_anchor_top1_signed_regret"": 0.0, ""full_dictionary_anchor_top1_signed_true_gain"": 5.3223452130200394e-05, ""full_dictionary_anchor_top1_significance_regret"": 0.0, ""full_dictionary_anchor_top1_verified_noop_gain"": 5.3223452130200394e-05, ""invalid_count"": 0, ""k"": 16, ""labeled_count"": 2208, ""local_not_global_oracle"": true, ""local_teacher_final_full_gap"": 2.584231196409898e-05, ""object_id"": 2011, ""observed_best_positive_gain"": null, ""omitted_opportunity"": 5.588816222987177e-06, ""online_feedback"": false, ""phase"": ""early"", ""positive_count"": 345, ""significant_positive_count"": 345, ""source_result_sha256"": ""7731e8b5f9916242f554c47d2e7a742ba95b42dc983862e5f7e71791277b7f81"", ""state_status"": ""COMPLETED"", ""teacher_best_raw_positive_gain"": 5.3223452130200394e-05, ""teacher_best_significant_gain"": 5.3223452130200394e-05, ""teacher_path_length"": 3, ""teacher_path_status"": ""LOCAL_3ACTION_BUDGET_COMPLETE"", ""teacher_tangent_rhs"": 0, ""teacher_wall_s"": 0.07609349978156388}",COMPLETE,True
,,,,,,,,offline_coverage,,,,,,True,OFFLINE_INITIAL_1SWAP_AND_BOUNDED_PATH_DIAGNOSTIC,"{""actual_minus_local_teacher_risk"": 6.935227936535397e-06, ""actual_online_final_full_gap"": 4.44052381365748e-05, ""local_teacher_final_full_gap"": 3.747001020003941e-05}",,False,,,,True,"{""k"": 4, ""object_id"": 2011, ""phase"": ""middle""}",,,"{""input"": ""coverage/coverage_evidence.json"", ""json_pointer"": ""/cells/75"", ""row_index_zero_based"": null, ""sha256"": ""e4f7c13169e570d49d6b5e0e16e8111c9c94e891dd419cded826c2652c40d978""}","{""actual_minus_local_teacher_risk"": 6.935227936535397e-06, ""actual_online_final_full_gap"": 4.44052381365748e-05, ""anchor_wall_s"": 0.036719400028232485, ""balanced12_best_raw_positive_gain"": 5.2962820098509405e-05, ""balanced12_best_significant_gain"": 5.2962820098509405e-05, ""balanced12_feasible_count"": 48, ""balanced12_ids"": [4, 32, 64, 96, 128, 144, 5, 33, 65, 97, 129, 145], ""balanced12_opportunity_capture"": 0.8137315172184045, ""balanced12_significant_opportunity_capture"": 0.8137315172184045, ""binding_status"": ""VERIFIED"", ""cell_status"": ""COMPLETE"", ""comparison_scope"": ""Trajectory gap includes candidate coverage/ranking/search; cannot be attributed solely to score"", ""declared_move_count"": 600, ""directory"": ""results/offline_coverage_v2/object_2011/middle"", ""endpoint_wall_s"": 1.0748376999981701, ""feasible_count"": 600, ""full_dictionary_anchor_top1_noop_capture"": 1.0, ""full_dictionary_anchor_top1_noop_regret"": 0.0, ""full_dictionary_anchor_top1_signed_capture"": 1.0, ""full_dictionary_anchor_top1_signed_regret"": 0.0, ""full_dictionary_anchor_top1_signed_true_gain"": 6.508635708194433e-05, ""full_dictionary_anchor_top1_significance_regret"": 0.0, ""full_dictionary_anchor_top1_verified_noop_gain"": 6.508635708194433e-05, ""invalid_count"": 0, ""k"": 4, ""labeled_count"": 600, ""local_not_global_oracle"": true, ""local_teacher_final_full_gap"": 3.747001020003941e-05, ""object_id"": 2011, ""observed_best_positive_gain"": null, ""omitted_opportunity"": 1.2123536983434924e-05, ""online_feedback"": false, ""phase"": ""middle"", ""positive_count"": 278, ""significant_positive_count"": 278, ""source_result_sha256"": ""79ea546732b3606ad8cbf43f6743a74ba97ea8f27cb98a78501e1333c910e721"", ""state_status"": ""COMPLETED"", ""teacher_best_raw_positive_gain"": 6.508635708194433e-05, ""teacher_best_significant_gain"": 6.508635708194433e-05, ""teacher_path_length"": 3, ""teacher_path_status"": ""LOCAL_3ACTION_BUDGET_COMPLETE"", ""teacher_tangent_rhs"": 0, ""teacher_wall_s"": 0.020682599861174822}",COMPLETE,True
,,,,,,,,offline_coverage,,,,,,True,OFFLINE_INITIAL_1SWAP_AND_BOUNDED_PATH_DIAGNOSTIC,"{""actual_minus_local_teacher_risk"": 1.1913732174955043e-05, ""actual_online_final_full_gap"": 2.325170884574238e-05, ""local_teacher_final_full_gap"": 1.1337976670787336e-05}",,False,,,,True,"{""k"": 8, ""object_id"": 2011, ""phase"": ""middle""}",,,"{""input"": ""coverage/coverage_evidence.json"", ""json_pointer"": ""/cells/76"", ""row_index_zero_based"": null, ""sha256"": ""e4f7c13169e570d49d6b5e0e16e8111c9c94e891dd419cded826c2652c40d978""}","{""actual_minus_local_teacher_risk"": 1.1913732174955043e-05, ""actual_online_final_full_gap"": 2.325170884574238e-05, ""anchor_wall_s"": 0.07329690002370626, ""balanced12_best_raw_positive_gain"": 1.5049049304183211e-05, ""balanced12_best_significant_gain"": 1.5049049304183211e-05, ""balanced12_feasible_count"": 96, ""balanced12_ids"": [8, 32, 64, 96, 128, 144, 9, 33, 65, 97, 129, 145], ""balanced12_opportunity_capture"": 0.6245975915155206, ""balanced12_significant_opportunity_capture"": 0.6245975915155206, ""binding_status"": ""VERIFIED"", ""cell_status"": ""COMPLETE"", ""comparison_scope"": ""Trajectory gap includes candidate coverage/ranking/search; cannot be attributed solely to score"", ""declared_move_count"": 1168, ""directory"": ""results/offline_coverage_v2/object_2011/middle"", ""endpoint_wall_s"": 2.4714839000371285, ""feasible_count"": 1168, ""full_dictionary_anchor_top1_noop_capture"": 1.0, ""full_dictionary_anchor_top1_noop_regret"": 0.0, ""full_dictionary_anchor_top1_signed_capture"": 1.0, ""full_dictionary_anchor_top1_signed_regret"": 0.0, ""full_dictionary_anchor_top1_signed_true_gain"": 2.4093991889511245e-05, ""full_dictionary_anchor_top1_significance_regret"": 0.0, ""full_dictionary_anchor_top1_verified_noop_gain"": 2.4093991889511245e-05, ""invalid_count"": 0, ""k"": 8, ""labeled_count"": 1168, ""local_not_global_oracle"": true, ""local_teacher_final_full_gap"": 1.1337976670787336e-05, ""object_id"": 2011, ""observed_best_positive_gain"": null, ""omitted_opportunity"": 9.044942585328034e-06, ""online_feedback"": false, ""phase"": ""middle"", ""positive_count"": 425, ""significant_positive_count"": 425, ""source_result_sha256"": ""427e55f9f35f58dc40514dfe61f5be9dadaac6d272ac49833d92a804d036145b"", ""state_status"": ""COMPLETED"", ""teacher_best_raw_positive_gain"": 2.4093991889511245e-05, ""teacher_best_significant_gain"": 2.4093991889511245e-05, ""teacher_path_length"": 3, ""teacher_path_status"": ""LOCAL_3ACTION_BUDGET_COMPLETE"", ""teacher_tangent_rhs"": 0, ""teacher_wall_s"": 0.04077010025503114}",COMPLETE,True
,,,,,,,,offline_coverage,,,,,,True,OFFLINE_INITIAL_1SWAP_AND_BOUNDED_PATH_DIAGNOSTIC,"{""actual_minus_local_teacher_risk"": 1.1282398291091038e-06, ""actual_online_final_full_gap"": 5.837199479236314e-06, ""local_teacher_final_full_gap"": 4.70895965012721e-06}",,False,,,,True,"{""k"": 16, ""object_id"": 2011, ""phase"": ""middle""}",,,"{""input"": ""coverage/coverage_evidence.json"", ""json_pointer"": ""/cells/77"", ""row_index_zero_based"": null, ""sha256"": ""e4f7c13169e570d49d6b5e0e16e8111c9c94e891dd419cded826c2652c40d978""}","{""actual_minus_local_teacher_risk"": 1.1282398291091038e-06, ""actual_online_final_full_gap"": 5.837199479236314e-06, ""anchor_wall_s"": 0.12521440000273287, ""balanced12_best_raw_positive_gain"": 4.143382151493339e-06, ""balanced12_best_significant_gain"": 4.143382151493339e-06, ""balanced12_feasible_count"": 192, ""balanced12_ids"": [16, 32, 64, 96, 128, 144, 17, 33, 65, 97, 129, 145], ""balanced12_opportunity_capture"": 1.0, ""balanced12_significant_opportunity_capture"": 1.0, ""binding_status"": ""VERIFIED"", ""cell_status"": ""COMPLETE"", ""comparison_scope"": ""Trajectory gap includes candidate coverage/ranking/search; cannot be attributed solely to score"", ""declared_move_count"": 2208, ""directory"": ""results/offline_coverage_v2/object_2011/middle"", ""endpoint_wall_s"": 6.827448799973354, ""feasible_count"": 2208, ""full_dictionary_anchor_top1_noop_capture"": 0.5643740517432648, ""full_dictionary_anchor_top1_noop_regret"": 1.8049647787343174e-06, ""full_dictionary_anchor_top1_signed_capture"": 0.5643740517432648, ""full_dictionary_anchor_top1_signed_regret"": 1.8049647787343174e-06, ""full_dictionary_anchor_top1_signed_true_gain"": 2.338417372759022e-06, ""full_dictionary_anchor_top1_significance_regret"": 1.8049647787343174e-06, ""full_dictionary_anchor_top1_verified_noop_gain"": 2.338417372759022e-06, ""invalid_count"": 0, ""k"": 16, ""labeled_count"": 2208, ""local_not_global_oracle"": true, ""local_teacher_final_full_gap"": 4.70895965012721e-06, ""object_id"": 2011, ""observed_best_positive_gain"": null, ""omitted_opportunity"": 0.0, ""online_feedback"": false, ""phase"": ""middle"", ""positive_count"": 587, ""significant_positive_count"": 587, ""source_result_sha256"": ""a724c3a85b2b43ec2ca426cc0c3dbffafd214ab3bb42b658cbbc929ec0d5df78"", ""state_status"": ""COMPLETED"", ""teacher_best_raw_positive_gain"": 4.143382151493339e-06, ""teacher_best_significant_gain"": 4.143382151493339e-06, ""teacher_path_length"": 3, ""teacher_path_status"": ""LOCAL_3ACTION_BUDGET_COMPLETE"", ""teacher_tangent_rhs"": 0, ""teacher_wall_s"": 0.07651450019329786}",COMPLETE,True
,,,,,,,,offline_coverage,,,,,,True,OFFLINE_INITIAL_1SWAP_AND_BOUNDED_PATH_DIAGNOSTIC,"{""actual_minus_local_teacher_risk"": 8.899379520138227e-06, ""actual_online_final_full_gap"": 8.556457245483908e-05, ""local_teacher_final_full_gap"": 7.666519293470085e-05}",,False,,,,True,"{""k"": 4, ""object_id"": 2011, ""phase"": ""late""}",,,"{""input"": ""coverage/coverage_evidence.json"", ""json_pointer"": ""/cells/78"", ""row_index_zero_based"": null, ""sha256"": ""e4f7c13169e570d49d6b5e0e16e8111c9c94e891dd419cded826c2652c40d978""}","{""actual_minus_local_teacher_risk"": 8.899379520138227e-06, ""actual_online_final_full_gap"": 8.556457245483908e-05, ""anchor_wall_s"": 0.036468899983447045, ""balanced12_best_raw_positive_gain"": 3.6540985856554845e-05, ""balanced12_best_significant_gain"": 3.6540985856554845e-05, ""balanced12_feasible_count"": 48, ""balanced12_ids"": [4, 32, 64, 96, 128, 144, 5, 33, 65, 97, 129, 145], ""balanced12_opportunity_capture"": 0.792501928813426, ""balanced12_significant_opportunity_capture"": 0.792501928813426, ""binding_status"": ""VERIFIED"", ""cell_status"": ""COMPLETE"", ""comparison_scope"": ""Trajectory gap includes candidate coverage/ranking/search; cannot be attributed solely to score"", ""declared_move_count"": 600, ""directory"": ""results/offline_coverage_v2/object_2011/late"", ""endpoint_wall_s"": 1.104352900001686, ""feasible_count"": 600, ""full_dictionary_anchor_top1_noop_capture"": 1.0, ""full_dictionary_anchor_top1_noop_regret"": 0.0, ""full_dictionary_anchor_top1_signed_capture"": 1.0, ""full_dictionary_anchor_top1_signed_regret"": 0.0, ""full_dictionary_anchor_top1_signed_true_gain"": 4.610838728337969e-05, ""full_dictionary_anchor_top1_significance_regret"": 0.0, ""full_dictionary_anchor_top1_verified_noop_gain"": 4.610838728337969e-05, ""invalid_count"": 0, ""k"": 4, ""labeled_count"": 600, ""local_not_global_oracle"": true, ""local_teacher_final_full_gap"": 7.666519293470085e-05, ""object_id"": 2011, ""observed_best_positive_gain"": null, ""omitted_opportunity"": 9.567401426824844e-06, ""online_feedback"": false, ""phase"": ""late"", ""positive_count"": 42, ""significant_positive_count"": 42, ""source_result_sha256"": ""dbe9f0d227307c2449c846cd3d8160d308521d3d04c181661b34556d0d5e31a3"", ""state_status"": ""COMPLETED"", ""teacher_best_raw_positive_gain"": 4.610838728337969e-05, ""teacher_best_significant_gain"": 4.610838728337969e-05, ""teacher_path_length"": 3, ""teacher_path_status"": ""LOCAL_3ACTION_BUDGET_COMPLETE"", ""teacher_tangent_rhs"": 0, ""teacher_wall_s"": 0.01992080017225817}",COMPLETE,True
,,,,,,,,offline_coverage,,,,,,True,OFFLINE_INITIAL_1SWAP_AND_BOUNDED_PATH_DIAGNOSTIC,"{""actual_minus_local_teacher_risk"": 2.6238198241845294e-05, ""actual_online_final_full_gap"": 5.2979420737363706e-05, ""local_teacher_final_full_gap"": 2.6741222495518412e-05}",,False,,,,True,"{""k"": 8, ""object_id"": 2011, ""phase"": ""late""}",,,"{""input"": ""coverage/coverage_evidence.json"", ""json_pointer"": ""/cells/79"", ""row_index_zero_based"": null, ""sha256"": ""e4f7c13169e570d49d6b5e0e16e8111c9c94e891dd419cded826c2652c40d978""}","{""actual_minus_local_teacher_risk"": 2.6238198241845294e-05, ""actual_online_final_full_gap"": 5.2979420737363706e-05, ""anchor_wall_s"": 0.06826210004510358, ""balanced12_best_raw_positive_gain"": 4.197001308894398e-05, ""balanced12_best_significant_gain"": 4.197001308894398e-05, ""balanced12_feasible_count"": 96, ""balanced12_ids"": [8, 32, 64, 96, 128, 144, 9, 33, 65, 97, 129, 145], ""balanced12_opportunity_capture"": 0.7158899014928557, ""balanced12_significant_opportunity_capture"": 0.7158899014928557, ""binding_status"": ""VERIFIED"", ""cell_status"": ""COMPLETE"", ""comparison_scope"": ""Trajectory gap includes candidate coverage/ranking/search; cannot be attributed solely to score"", ""declared_move_count"": 1168, ""directory"": ""results/offline_coverage_v2/object_2011/late"", ""endpoint_wall_s"": 2.494171899976209, ""feasible_count"": 1168, ""full_dictionary_anchor_top1_noop_capture"": 0.9138621006071358, ""full_dictionary_anchor_top1_noop_regret"": 5.049950777953152e-06, ""full_dictionary_anchor_top1_signed_capture"": 0.9138621006071358, ""full_dictionary_anchor_top1_signed_regret"": 5.049950777953152e-06, ""full_dictionary_anchor_top1_signed_true_gain"": 5.357640084598133e-05, ""full_dictionary_anchor_top1_significance_regret"": 5.049950777953152e-06, ""full_dictionary_anchor_top1_verified_noop_gain"": 5.357640084598133e-05, ""invalid_count"": 0, ""k"": 8, ""labeled_count"": 1168, ""local_not_global_oracle"": true, ""local_teacher_final_full_gap"": 2.6741222495518412e-05, ""object_id"": 2011, ""observed_best_positive_gain"": null, ""omitted_opportunity"": 1.6656338534990505e-05, ""online_feedback"": false, ""phase"": ""late"", ""positive_count"": 552, ""significant_positive_count"": 552, ""source_result_sha256"": ""e7da35158825f0e0e3b711588ad96fe1739d78002c681feac4b4db1deab56ec3"", ""state_status"": ""COMPLETED"", ""teacher_best_raw_positive_gain"": 5.862635162393448e-05, ""teacher_best_significant_gain"": 5.862635162393448e-05, ""teacher_path_length"": 3, ""teacher_path_status"": ""LOCAL_3ACTION_BUDGET_COMPLETE"", ""teacher_tangent_rhs"": 0, ""teacher_wall_s"": 0.04330160026438534}",COMPLETE,True
,,,,,,,,offline_coverage,,,,,,True,OFFLINE_INITIAL_1SWAP_AND_BOUNDED_PATH_DIAGNOSTIC,"{""actual_minus_local_teacher_risk"": 8.322902831154337e-06, ""actual_online_final_full_gap"": 1.1371647399174078e-05, ""local_teacher_final_full_gap"": 3.0487445680197405e-06}",,False,,,,True,"{""k"": 16, ""object_id"": 2011, ""phase"": ""late""}",,,"{""input"": ""coverage/coverage_evidence.json"", ""json_pointer"": ""/cells/80"", ""row_index_zero_based"": null, ""sha256"": ""e4f7c13169e570d49d6b5e0e16e8111c9c94e891dd419cded826c2652c40d978""}","{""actual_minus_local_teacher_risk"": 8.322902831154337e-06, ""actual_online_final_full_gap"": 1.1371647399174078e-05, ""anchor_wall_s"": 0.1256392999785021, ""balanced12_best_raw_positive_gain"": 4.065309925956103e-06, ""balanced12_best_significant_gain"": 4.065309925956103e-06, ""balanced12_feasible_count"": 192, ""balanced12_ids"": [16, 32, 64, 96, 128, 144, 17, 33, 65, 97, 129, 145], ""balanced12_opportunity_capture"": 0.6824710973654706, ""balanced12_significant_opportunity_capture"": 0.6824710973654706, ""binding_status"": ""VERIFIED"", ""cell_status"": ""COMPLETE"", ""comparison_scope"": ""Trajectory gap includes candidate coverage/ranking/search; cannot be attributed solely to score"", ""declared_move_count"": 2208, ""directory"": ""results/offline_coverage_v2/object_2011/late"", ""endpoint_wall_s"": 6.895412200014107, ""feasible_count"": 2208, ""full_dictionary_anchor_top1_noop_capture"": 0.5360940975445042, ""full_dictionary_anchor_top1_noop_regret"": 2.763371631768927e-06, ""full_dictionary_anchor_top1_signed_capture"": 0.5360940975445042, ""full_dictionary_anchor_top1_signed_regret"": 2.763371631768927e-06, ""full_dictionary_anchor_top1_signed_true_gain"": 3.193378685789336e-06, ""full_dictionary_anchor_top1_significance_regret"": 2.763371631768927e-06, ""full_dictionary_anchor_top1_verified_noop_gain"": 3.193378685789336e-06, ""invalid_count"": 0, ""k"": 16, ""labeled_count"": 2208, ""local_not_global_oracle"": true, ""local_teacher_final_full_gap"": 3.0487445680197405e-06, ""object_id"": 2011, ""observed_best_positive_gain"": null, ""omitted_opportunity"": 1.8914403916021598e-06, ""online_feedback"": false, ""phase"": ""late"", ""positive_count"": 457, ""significant_positive_count"": 457, ""source_result_sha256"": ""bd1e68be12be1a66b329f250339e73d1b78d9bea3ecc28061836cbd88d535078"", ""state_status"": ""COMPLETED"", ""teacher_best_raw_positive_gain"": 5.956750317558263e-06, ""teacher_best_significant_gain"": 5.956750317558263e-06, ""teacher_path_length"": 3, ""teacher_path_status"": ""LOCAL_3ACTION_BUDGET_COMPLETE"", ""teacher_tangent_rhs"": 0, ""teacher_wall_s"": 0.07823920017108321}",COMPLETE,True
,,,,,,,,offline_coverage,,,,,,True,OFFLINE_INITIAL_1SWAP_AND_BOUNDED_PATH_DIAGNOSTIC,"{""actual_minus_local_teacher_risk"": 1.985354652988272e-05, ""actual_online_final_full_gap"": 4.0438326738748675e-05, ""local_teacher_final_full_gap"": 2.0584780208865957e-05}",,False,,,,True,"{""k"": 4, ""object_id"": 2013, ""phase"": ""early""}",,,"{""input"": ""coverage/coverage_evidence.json"", ""json_pointer"": ""/cells/81"", ""row_index_zero_based"": null, ""sha256"": ""e4f7c13169e570d49d6b5e0e16e8111c9c94e891dd419cded826c2652c40d978""}","{""actual_minus_local_teacher_risk"": 1.985354652988272e-05, ""actual_online_final_full_gap"": 4.0438326738748675e-05, ""anchor_wall_s"": 0.04101839999202639, ""balanced12_best_raw_positive_gain"": 0.0001460845338617073, ""balanced12_best_significant_gain"": 0.0001460845338617073, ""balanced12_feasible_count"": 48, ""balanced12_ids"": [4, 32, 64, 96, 128, 144, 5, 33, 65, 97, 129, 145], ""balanced12_opportunity_capture"": 1.0, ""balanced12_significant_opportunity_capture"": 1.0, ""binding_status"": ""VERIFIED"", ""cell_status"": ""COMPLETE"", ""comparison_scope"": ""Trajectory gap includes candidate coverage/ranking/search; cannot be attributed solely to score"", ""declared_move_count"": 600, ""directory"": ""results/offline_coverage_v2/object_2013/early"", ""endpoint_wall_s"": 1.084243199962657, ""feasible_count"": 600, ""full_dictionary_anchor_top1_noop_capture"": 1.0, ""full_dictionary_anchor_top1_noop_regret"": 0.0, ""full_dictionary_anchor_top1_signed_capture"": 1.0, ""full_dictionary_anchor_top1_signed_regret"": 0.0, ""full_dictionary_anchor_top1_signed_true_gain"": 0.0001460845338617073, ""full_dictionary_anchor_top1_significance_regret"": 0.0, ""full_dictionary_anchor_top1_verified_noop_gain"": 0.0001460845338617073, ""invalid_count"": 0, ""k"": 4, ""labeled_count"": 600, ""local_not_global_oracle"": true, ""local_teacher_final_full_gap"": 2.0584780208865957e-05, ""object_id"": 2013, ""observed_best_positive_gain"": null, ""omitted_opportunity"": 0.0, ""online_feedback"": false, ""phase"": ""early"", ""positive_count"": 72, ""significant_positive_count"": 72, ""source_result_sha256"": ""9df9d54a2f04de3d4fd5355919b05773bf41156ea04a8e0c79b2ab6ca4963ccd"", ""state_status"": ""COMPLETED"", ""teacher_best_raw_positive_gain"": 0.0001460845338617073, ""teacher_best_significant_gain"": 0.0001460845338617073, ""teacher_path_length"": 3, ""teacher_path_status"": ""LOCAL_3ACTION_BUDGET_COMPLETE"", ""teacher_tangent_rhs"": 0, ""teacher_wall_s"": 0.02039389975834638}",COMPLETE,True
,,,,,,,,offline_coverage,,,,,,True,OFFLINE_INITIAL_1SWAP_AND_BOUNDED_PATH_DIAGNOSTIC,"{""actual_minus_local_teacher_risk"": 1.6094506036060984e-05, ""actual_online_final_full_gap"": 2.3972603658170912e-05, ""local_teacher_final_full_gap"": 7.878097622109928e-06}",,False,,,,True,"{""k"": 8, ""object_id"": 2013, ""phase"": ""early""}",,,"{""input"": ""coverage/coverage_evidence.json"", ""json_pointer"": ""/cells/82"", ""row_index_zero_based"": null, ""sha256"": ""e4f7c13169e570d49d6b5e0e16e8111c9c94e891dd419cded826c2652c40d978""}","{""actual_minus_local_teacher_risk"": 1.6094506036060984e-05, ""actual_online_final_full_gap"": 2.3972603658170912e-05, ""anchor_wall_s"": 0.07037939998554066, ""balanced12_best_raw_positive_gain"": 4.748547857223768e-06, ""balanced12_best_significant_gain"": 4.748547857223768e-06, ""balanced12_feasible_count"": 96, ""balanced12_ids"": [8, 32, 64, 96, 128, 144, 9, 33, 65, 97, 129, 145], ""balanced12_opportunity_capture"": 0.3281043219927177, ""balanced12_significant_opportunity_capture"": 0.3281043219927177, ""binding_status"": ""VERIFIED"", ""cell_status"": ""COMPLETE"", ""comparison_scope"": ""Trajectory gap includes candidate coverage/ranking/search; cannot be attributed solely to score"", ""declared_move_count"": 1168, ""directory"": ""results/offline_coverage_v2/object_2013/early"", ""endpoint_wall_s"": 2.427872899977956, ""feasible_count"": 1168, ""full_dictionary_anchor_top1_noop_capture"": 1.0, ""full_dictionary_anchor_top1_noop_regret"": 0.0, ""full_dictionary_anchor_top1_signed_capture"": 1.0, ""full_dictionary_anchor_top1_signed_regret"": 0.0, ""full_dictionary_anchor_top1_signed_true_gain"": 1.447267694733129e-05, ""full_dictionary_anchor_top1_significance_regret"": 0.0, ""full_dictionary_anchor_top1_verified_noop_gain"": 1.447267694733129e-05, ""invalid_count"": 0, ""k"": 8, ""labeled_count"": 1168, ""local_not_global_oracle"": true, ""local_teacher_final_full_gap"": 7.878097622109928e-06, ""object_id"": 2013, ""observed_best_positive_gain"": null, ""omitted_opportunity"": 9.72412909010752e-06, ""online_feedback"": false, ""phase"": ""early"", ""positive_count"": 129, ""significant_positive_count"": 129, ""source_result_sha256"": ""1d324f4b7c63f99030a69e60bcb371ed4066912d989512025851c6a532f837b4"", ""state_status"": ""COMPLETED"", ""teacher_best_raw_positive_gain"": 1.447267694733129e-05, ""teacher_best_significant_gain"": 1.447267694733129e-05, ""teacher_path_length"": 3, ""teacher_path_status"": ""LOCAL_3ACTION_BUDGET_COMPLETE"", ""teacher_tangent_rhs"": 0, ""teacher_wall_s"": 0.04175770009169355}",COMPLETE,True
,,,,,,,,offline_coverage,,,,,,True,OFFLINE_INITIAL_1SWAP_AND_BOUNDED_PATH_DIAGNOSTIC,"{""actual_minus_local_teacher_risk"": 5.434626834973661e-07, ""actual_online_final_full_gap"": 4.22473492942125e-06, ""local_teacher_final_full_gap"": 3.681272245923884e-06}",,False,,,,True,"{""k"": 16, ""object_id"": 2013, ""phase"": ""early""}",,,"{""input"": ""coverage/coverage_evidence.json"", ""json_pointer"": ""/cells/83"", ""row_index_zero_based"": null, ""sha256"": ""e4f7c13169e570d49d6b5e0e16e8111c9c94e891dd419cded826c2652c40d978""}","{""actual_minus_local_teacher_risk"": 5.434626834973661e-07, ""actual_online_final_full_gap"": 4.22473492942125e-06, ""anchor_wall_s"": 0.12790670001413673, ""balanced12_best_raw_positive_gain"": 4.6793152830939104e-06, ""balanced12_best_significant_gain"": 4.6793152830939104e-06, ""balanced12_feasible_count"": 192, ""balanced12_ids"": [16, 32, 64, 96, 128, 144, 17, 33, 65, 97, 129, 145], ""balanced12_opportunity_capture"": 0.9570311464566617, ""balanced12_significant_opportunity_capture"": 0.9570311464566617, ""binding_status"": ""VERIFIED"", ""cell_status"": ""COMPLETE"", ""comparison_scope"": ""Trajectory gap includes candidate coverage/ranking/search; cannot be attributed solely to score"", ""declared_move_count"": 2208, ""directory"": ""results/offline_coverage_v2/object_2013/early"", ""endpoint_wall_s"": 6.909030699986033, ""feasible_count"": 2208, ""full_dictionary_anchor_top1_noop_capture"": 0.9672731846174796, ""full_dictionary_anchor_top1_noop_regret"": 1.6001473719367127e-07, ""full_dictionary_anchor_top1_signed_capture"": 0.9672731846174796, ""full_dictionary_anchor_top1_signed_regret"": 1.6001473719367127e-07, ""full_dictionary_anchor_top1_signed_true_gain"": 4.729392781483997e-06, ""full_dictionary_anchor_top1_significance_regret"": 1.6001473719367127e-07, ""full_dictionary_anchor_top1_verified_noop_gain"": 4.729392781483997e-06, ""invalid_count"": 0, ""k"": 16, ""labeled_count"": 2208, ""local_not_global_oracle"": true, ""local_teacher_final_full_gap"": 3.681272245923884e-06, ""object_id"": 2013, ""observed_best_positive_gain"": null, ""omitted_opportunity"": 2.1009223558375796e-07, ""online_feedback"": false, ""phase"": ""early"", ""positive_count"": 232, ""significant_positive_count"": 232, ""source_result_sha256"": ""a99a78b126cd9ffe2fc1afc4aedff85029aa3fd5de8a196ba5db7e42d982c08d"", ""state_status"": ""COMPLETED"", ""teacher_best_raw_positive_gain"": 4.889407518677668e-06, ""teacher_best_significant_gain"": 4.889407518677668e-06, ""teacher_path_length"": 3, ""teacher_path_status"": ""LOCAL_3ACTION_BUDGET_COMPLETE"", ""teacher_tangent_rhs"": 0, ""teacher_wall_s"": 0.07194889977108687}",COMPLETE,True
,,,,,,,,offline_coverage,,,,,,True,OFFLINE_INITIAL_1SWAP_AND_BOUNDED_PATH_DIAGNOSTIC,"{""actual_minus_local_teacher_risk"": 1.5434572050512474e-05, ""actual_online_final_full_gap"": 2.2430817550856343e-05, ""local_teacher_final_full_gap"": 6.996245500343869e-06}",,False,,,,True,"{""k"": 4, ""object_id"": 2013, ""phase"": ""middle""}",,,"{""input"": ""coverage/coverage_evidence.json"", ""json_pointer"": ""/cells/84"", ""row_index_zero_based"": null, ""sha256"": ""e4f7c13169e570d49d6b5e0e16e8111c9c94e891dd419cded826c2652c40d978""}","{""actual_minus_local_teacher_risk"": 1.5434572050512474e-05, ""actual_online_final_full_gap"": 2.2430817550856343e-05, ""anchor_wall_s"": 0.036106100014876574, ""balanced12_best_raw_positive_gain"": 0.00011580348692751826, ""balanced12_best_significant_gain"": 0.00011580348692751826, ""balanced12_feasible_count"": 48, ""balanced12_ids"": [4, 32, 64, 96, 128, 144, 5, 33, 65, 97, 129, 145], ""balanced12_opportunity_capture"": 0.9939077526978853, ""balanced12_significant_opportunity_capture"": 0.9939077526978853, ""binding_status"": ""VERIFIED"", ""cell_status"": ""COMPLETE"", ""comparison_scope"": ""Trajectory gap includes candidate coverage/ranking/search; cannot be attributed solely to score"", ""declared_move_count"": 600, ""directory"": ""results/offline_coverage_v2/object_2013/middle"", ""endpoint_wall_s"": 1.062556900025811, ""feasible_count"": 600, ""full_dictionary_anchor_top1_noop_capture"": 1.0, ""full_dictionary_anchor_top1_noop_regret"": 0.0, ""full_dictionary_anchor_top1_signed_capture"": 1.0, ""full_dictionary_anchor_top1_signed_regret"": 0.0, ""full_dictionary_anchor_top1_signed_true_gain"": 0.00011651331485560777, ""full_dictionary_anchor_top1_significance_regret"": 0.0, ""full_dictionary_anchor_top1_verified_noop_gain"": 0.00011651331485560777, ""invalid_count"": 0, ""k"": 4, ""labeled_count"": 600, ""local_not_global_oracle"": true, ""local_teacher_final_full_gap"": 6.996245500343869e-06, ""object_id"": 2013, ""observed_best_positive_gain"": null, ""omitted_opportunity"": 7.098279280895128e-07, ""online_feedback"": false, ""phase"": ""middle"", ""positive_count"": 360, ""significant_positive_count"": 360, ""source_result_sha256"": ""aa0b61c6a562c81c05925e3ba4b3c6149539d415d0bc9cd7d94a5277aadf8d69"", ""state_status"": ""COMPLETED"", ""teacher_best_raw_positive_gain"": 0.00011651331485560777, ""teacher_best_significant_gain"": 0.00011651331485560777, ""teacher_path_length"": 3, ""teacher_path_status"": ""LOCAL_3ACTION_BUDGET_COMPLETE"", ""teacher_tangent_rhs"": 0, ""teacher_wall_s"": 0.019852999947033823}",COMPLETE,True
,,,,,,,,offline_coverage,,,,,,True,OFFLINE_INITIAL_1SWAP_AND_BOUNDED_PATH_DIAGNOSTIC,"{""actual_minus_local_teacher_risk"": 9.061229901327293e-06, ""actual_online_final_full_gap"": 1.218589849214885e-05, ""local_teacher_final_full_gap"": 3.1246685908215573e-06}",,False,,,,True,"{""k"": 8, ""object_id"": 2013, ""phase"": ""middle""}",,,"{""input"": ""coverage/coverage_evidence.json"", ""json_pointer"": ""/cells/85"", ""row_index_zero_based"": null, ""sha256"": ""e4f7c13169e570d49d6b5e0e16e8111c9c94e891dd419cded826c2652c40d978""}","{""actual_minus_local_teacher_risk"": 9.061229901327293e-06, ""actual_online_final_full_gap"": 1.218589849214885e-05, ""anchor_wall_s"": 0.06911159999435768, ""balanced12_best_raw_positive_gain"": 7.439833556038586e-06, ""balanced12_best_significant_gain"": 7.439833556038586e-06, ""balanced12_feasible_count"": 96, ""balanced12_ids"": [8, 32, 64, 96, 128, 144, 9, 33, 65, 97, 129, 145], ""balanced12_opportunity_capture"": 0.4965670442674193, ""balanced12_significant_opportunity_capture"": 0.4965670442674193, ""binding_status"": ""VERIFIED"", ""cell_status"": ""COMPLETE"", ""comparison_scope"": ""Trajectory gap includes candidate coverage/ranking/search; cannot be attributed solely to score"", ""declared_move_count"": 1168, ""directory"": ""results/offline_coverage_v2/object_2013/middle"", ""endpoint_wall_s"": 2.3720445000217296, ""feasible_count"": 1168, ""full_dictionary_anchor_top1_noop_capture"": 1.0, ""full_dictionary_anchor_top1_noop_regret"": 0.0, ""full_dictionary_anchor_top1_signed_capture"": 1.0, ""full_dictionary_anchor_top1_signed_regret"": 0.0, ""full_dictionary_anchor_top1_signed_true_gain"": 1.4982535876931789e-05, ""full_dictionary_anchor_top1_significance_regret"": 0.0, ""full_dictionary_anchor_top1_verified_noop_gain"": 1.4982535876931789e-05, ""invalid_count"": 0, ""k"": 8, ""labeled_count"": 1168, ""local_not_global_oracle"": true, ""local_teacher_final_full_gap"": 3.1246685908215573e-06, ""object_id"": 2013, ""observed_best_positive_gain"": null, ""omitted_opportunity"": 7.542702320893203e-06, ""online_feedback"": false, ""phase"": ""middle"", ""positive_count"": 473, ""significant_positive_count"": 473, ""source_result_sha256"": ""bc803bdc13ddba532181741168a320fbad00e636b8c3e3391054fd0977068c46"", ""state_status"": ""COMPLETED"", ""teacher_best_raw_positive_gain"": 1.4982535876931789e-05, ""teacher_best_significant_gain"": 1.4982535876931789e-05, ""teacher_path_length"": 3, ""teacher_path_status"": ""LOCAL_3ACTION_BUDGET_COMPLETE"", ""teacher_tangent_rhs"": 0, ""teacher_wall_s"": 0.04067339963512495}",COMPLETE,True
,,,,,,,,offline_coverage,,,,,,True,OFFLINE_INITIAL_1SWAP_AND_BOUNDED_PATH_DIAGNOSTIC,"{""actual_minus_local_teacher_risk"": 3.509868164465666e-07, ""actual_online_final_full_gap"": 1.0170168976440607e-06, ""local_teacher_final_full_gap"": 6.660300811974941e-07}",,False,,,,True,"{""k"": 16, ""object_id"": 2013, ""phase"": ""middle""}",,,"{""input"": ""coverage/coverage_evidence.json"", ""json_pointer"": ""/cells/86"", ""row_index_zero_based"": null, ""sha256"": ""e4f7c13169e570d49d6b5e0e16e8111c9c94e891dd419cded826c2652c40d978""}","{""actual_minus_local_teacher_risk"": 3.509868164465666e-07, ""actual_online_final_full_gap"": 1.0170168976440607e-06, ""anchor_wall_s"": 0.12792300002183765, ""balanced12_best_raw_positive_gain"": 9.346238122793986e-07, ""balanced12_best_significant_gain"": 9.346238122793986e-07, ""balanced12_feasible_count"": 192, ""balanced12_ids"": [16, 32, 64, 96, 128, 144, 17, 33, 65, 97, 129, 145], ""balanced12_opportunity_capture"": 0.981036925542506, ""balanced12_significant_opportunity_capture"": 0.981036925542506, ""binding_status"": ""VERIFIED"", ""cell_status"": ""COMPLETE"", ""comparison_scope"": ""Trajectory gap includes candidate coverage/ranking/search; cannot be attributed solely to score"", ""declared_move_count"": 2208, ""directory"": ""results/offline_coverage_v2/object_2013/middle"", ""endpoint_wall_s"": 6.869738599983975, ""feasible_count"": 2208, ""full_dictionary_anchor_top1_noop_capture"": 0.8077678160745425, ""full_dictionary_anchor_top1_noop_regret"": 1.8313762907940734e-07, ""full_dictionary_anchor_top1_signed_capture"": 0.8077678160745425, ""full_dictionary_anchor_top1_signed_regret"": 1.8313762907940734e-07, ""full_dictionary_anchor_top1_signed_true_gain"": 7.695521096504154e-07, ""full_dictionary_anchor_top1_significance_regret"": 1.8313762907940734e-07, ""full_dictionary_anchor_top1_verified_noop_gain"": 7.695521096504154e-07, ""invalid_count"": 0, ""k"": 16, ""labeled_count"": 2208, ""local_not_global_oracle"": true, ""local_teacher_final_full_gap"": 6.660300811974941e-07, ""object_id"": 2013, ""observed_best_positive_gain"": null, ""omitted_opportunity"": 1.806592645042411e-08, ""online_feedback"": false, ""phase"": ""middle"", ""positive_count"": 425, ""significant_positive_count"": 425, ""source_result_sha256"": ""b0f6fd8131f44f555f4c46009797f289b29a9d34a6a3b56f4f3765aa2a267740"", ""state_status"": ""COMPLETED"", ""teacher_best_raw_positive_gain"": 9.526897387298227e-07, ""teacher_best_significant_gain"": 9.526897387298227e-07, ""teacher_path_length"": 3, ""teacher_path_status"": ""LOCAL_3ACTION_BUDGET_COMPLETE"", ""teacher_tangent_rhs"": 0, ""teacher_wall_s"": 0.07838039973285049}",COMPLETE,True
,,,,,,,,offline_coverage,,,,,,True,OFFLINE_INITIAL_1SWAP_AND_BOUNDED_PATH_DIAGNOSTIC,"{""actual_minus_local_teacher_risk"": 7.706437651488849e-05, ""actual_online_final_full_gap"": 0.0001135079642423149, ""local_teacher_final_full_gap"": 3.644358772742641e-05}",,False,,,,True,"{""k"": 4, ""object_id"": 2013, ""phase"": ""late""}",,,"{""input"": ""coverage/coverage_evidence.json"", ""json_pointer"": ""/cells/87"", ""row_index_zero_based"": null, ""sha256"": ""e4f7c13169e570d49d6b5e0e16e8111c9c94e891dd419cded826c2652c40d978""}","{""actual_minus_local_teacher_risk"": 7.706437651488849e-05, ""actual_online_final_full_gap"": 0.0001135079642423149, ""anchor_wall_s"": 0.03715079999528825, ""balanced12_best_raw_positive_gain"": 0.00017952393329791628, ""balanced12_best_significant_gain"": 0.00017952393329791628, ""balanced12_feasible_count"": 48, ""balanced12_ids"": [4, 32, 64, 96, 128, 144, 5, 33, 65, 97, 129, 145], ""balanced12_opportunity_capture"": 0.741873922307693, ""balanced12_significant_opportunity_capture"": 0.741873922307693, ""binding_status"": ""VERIFIED"", ""cell_status"": ""COMPLETE"", ""comparison_scope"": ""Trajectory gap includes candidate coverage/ranking/search; cannot be attributed solely to score"", ""declared_move_count"": 600, ""directory"": ""results/offline_coverage_v2/object_2013/late"", ""endpoint_wall_s"": 1.0596074999775738, ""feasible_count"": 600, ""full_dictionary_anchor_top1_noop_capture"": 1.0, ""full_dictionary_anchor_top1_noop_regret"": 0.0, ""full_dictionary_anchor_top1_signed_capture"": 1.0, ""full_dictionary_anchor_top1_signed_regret"": 0.0, ""full_dictionary_anchor_top1_signed_true_gain"": 0.00024198711923918863, ""full_dictionary_anchor_top1_significance_regret"": 0.0, ""full_dictionary_anchor_top1_verified_noop_gain"": 0.00024198711923918863, ""invalid_count"": 0, ""k"": 4, ""labeled_count"": 600, ""local_not_global_oracle"": true, ""local_teacher_final_full_gap"": 3.644358772742641e-05, ""object_id"": 2013, ""observed_best_positive_gain"": null, ""omitted_opportunity"": 6.246318594127235e-05, ""online_feedback"": false, ""phase"": ""late"", ""positive_count"": 114, ""significant_positive_count"": 114, ""source_result_sha256"": ""6a5d90b82814836445f0f13e5209c6a92adffea57e9cc006257b8d31d018b6b1"", ""state_status"": ""COMPLETED"", ""teacher_best_raw_positive_gain"": 0.00024198711923918863, ""teacher_best_significant_gain"": 0.00024198711923918863, ""teacher_path_length"": 3, ""teacher_path_status"": ""LOCAL_3ACTION_BUDGET_COMPLETE"", ""teacher_tangent_rhs"": 0, ""teacher_wall_s"": 0.019583799992688}",COMPLETE,True
,,,,,,,,offline_coverage,,,,,,True,OFFLINE_INITIAL_1SWAP_AND_BOUNDED_PATH_DIAGNOSTIC,"{""actual_minus_local_teacher_risk"": 1.4470102500740272e-05, ""actual_online_final_full_gap"": 2.444678527015713e-05, ""local_teacher_final_full_gap"": 9.976682769416858e-06}",,False,,,,True,"{""k"": 8, ""object_id"": 2013, ""phase"": ""late""}",,,"{""input"": ""coverage/coverage_evidence.json"", ""json_pointer"": ""/cells/88"", ""row_index_zero_based"": null, ""sha256"": ""e4f7c13169e570d49d6b5e0e16e8111c9c94e891dd419cded826c2652c40d978""}","{""actual_minus_local_teacher_risk"": 1.4470102500740272e-05, ""actual_online_final_full_gap"": 2.444678527015713e-05, ""anchor_wall_s"": 0.07234989997232333, ""balanced12_best_raw_positive_gain"": 1.7765650637337735e-05, ""balanced12_best_significant_gain"": 1.7765650637337735e-05, ""balanced12_feasible_count"": 96, ""balanced12_ids"": [8, 32, 64, 96, 128, 144, 9, 33, 65, 97, 129, 145], ""balanced12_opportunity_capture"": 0.5904008157186464, ""balanced12_significant_opportunity_capture"": 0.5904008157186464, ""binding_status"": ""VERIFIED"", ""cell_status"": ""COMPLETE"", ""comparison_scope"": ""Trajectory gap includes candidate coverage/ranking/search; cannot be attributed solely to score"", ""declared_move_count"": 1168, ""directory"": ""results/offline_coverage_v2/object_2013/late"", ""endpoint_wall_s"": 2.4525161999627016, ""feasible_count"": 1168, ""full_dictionary_anchor_top1_noop_capture"": 0.8639142995386181, ""full_dictionary_anchor_top1_noop_regret"": 4.094931691771959e-06, ""full_dictionary_anchor_top1_signed_capture"": 0.8639142995386181, ""full_dictionary_anchor_top1_signed_regret"": 4.094931691771959e-06, ""full_dictionary_anchor_top1_signed_true_gain"": 2.5995898409323123e-05, ""full_dictionary_anchor_top1_significance_regret"": 4.094931691771959e-06, ""full_dictionary_anchor_top1_verified_noop_gain"": 2.5995898409323123e-05, ""invalid_count"": 0, ""k"": 8, ""labeled_count"": 1168, ""local_not_global_oracle"": true, ""local_teacher_final_full_gap"": 9.976682769416858e-06, ""object_id"": 2013, ""observed_best_positive_gain"": null, ""omitted_opportunity"": 1.2325179463757346e-05, ""online_feedback"": false, ""phase"": ""late"", ""positive_count"": 299, ""significant_positive_count"": 299, ""source_result_sha256"": ""cabe1b4241143fbddad241cc99d7dc5f983e9050c35e3dd46122d49b75245818"", ""state_status"": ""COMPLETED"", ""teacher_best_raw_positive_gain"": 3.0090830101095082e-05, ""teacher_best_significant_gain"": 3.0090830101095082e-05, ""teacher_path_length"": 3, ""teacher_path_status"": ""LOCAL_3ACTION_BUDGET_COMPLETE"", ""teacher_tangent_rhs"": 0, ""teacher_wall_s"": 0.03874349995749071}",COMPLETE,True
,,,,,,,,offline_coverage,,,,,,True,OFFLINE_INITIAL_1SWAP_AND_BOUNDED_PATH_DIAGNOSTIC,"{""actual_minus_local_teacher_risk"": 4.029497435744075e-06, ""actual_online_final_full_gap"": 5.91002081574566e-06, ""local_teacher_final_full_gap"": 1.8805233800015854e-06}",,False,,,,True,"{""k"": 16, ""object_id"": 2013, ""phase"": ""late""}",,,"{""input"": ""coverage/coverage_evidence.json"", ""json_pointer"": ""/cells/89"", ""row_index_zero_based"": null, ""sha256"": ""e4f7c13169e570d49d6b5e0e16e8111c9c94e891dd419cded826c2652c40d978""}","{""actual_minus_local_teacher_risk"": 4.029497435744075e-06, ""actual_online_final_full_gap"": 5.91002081574566e-06, ""anchor_wall_s"": 0.12397269997745752, ""balanced12_best_raw_positive_gain"": 5.78741399683001e-06, ""balanced12_best_significant_gain"": 5.78741399683001e-06, ""balanced12_feasible_count"": 192, ""balanced12_ids"": [16, 32, 64, 96, 128, 144, 17, 33, 65, 97, 129, 145], ""balanced12_opportunity_capture"": 0.8603636694051705, ""balanced12_significant_opportunity_capture"": 0.8603636694051705, ""binding_status"": ""VERIFIED"", ""cell_status"": ""COMPLETE"", ""comparison_scope"": ""Trajectory gap includes candidate coverage/ranking/search; cannot be attributed solely to score"", ""declared_move_count"": 2208, ""directory"": ""results/offline_coverage_v2/object_2013/late"", ""endpoint_wall_s"": 6.846553000039421, ""feasible_count"": 2208, ""full_dictionary_anchor_top1_noop_capture"": 1.0, ""full_dictionary_anchor_top1_noop_regret"": 0.0, ""full_dictionary_anchor_top1_signed_capture"": 1.0, ""full_dictionary_anchor_top1_signed_regret"": 0.0, ""full_dictionary_anchor_top1_signed_true_gain"": 6.726706627246655e-06, ""full_dictionary_anchor_top1_significance_regret"": 0.0, ""full_dictionary_anchor_top1_verified_noop_gain"": 6.726706627246655e-06, ""invalid_count"": 0, ""k"": 16, ""labeled_count"": 2208, ""local_not_global_oracle"": true, ""local_teacher_final_full_gap"": 1.8805233800015854e-06, ""object_id"": 2013, ""observed_best_positive_gain"": null, ""omitted_opportunity"": 9.392926304166447e-07, ""online_feedback"": false, ""phase"": ""late"", ""positive_count"": 1335, ""significant_positive_count"": 1335, ""source_result_sha256"": ""cff4c6180893b6459586fdedc301def4fb6d17ca08991f84cead47888954c750"", ""state_status"": ""COMPLETED"", ""teacher_best_raw_positive_gain"": 6.726706627246655e-06, ""teacher_best_significant_gain"": 6.726706627246655e-06, ""teacher_path_length"": 3, ""teacher_path_status"": ""LOCAL_3ACTION_BUDGET_COMPLETE"", ""teacher_tangent_rhs"": 0, ""teacher_wall_s"": 0.07797519990708679}",COMPLETE,True
,,,,,,,,offline_coverage,,,,,,True,OFFLINE_INITIAL_1SWAP_AND_BOUNDED_PATH_DIAGNOSTIC,"{""actual_minus_local_teacher_risk"": 4.0875236012613706e-05, ""actual_online_final_full_gap"": 6.707854592974826e-05, ""local_teacher_final_full_gap"": 2.6203309917134558e-05}",,False,,,,True,"{""k"": 4, ""object_id"": 2016, ""phase"": ""early""}",,,"{""input"": ""coverage/coverage_evidence.json"", ""json_pointer"": ""/cells/90"", ""row_index_zero_based"": null, ""sha256"": ""e4f7c13169e570d49d6b5e0e16e8111c9c94e891dd419cded826c2652c40d978""}","{""actual_minus_local_teacher_risk"": 4.0875236012613706e-05, ""actual_online_final_full_gap"": 6.707854592974826e-05, ""anchor_wall_s"": 0.2029126000124961, ""balanced12_best_raw_positive_gain"": 9.157220760320425e-05, ""balanced12_best_significant_gain"": 9.157220760320425e-05, ""balanced12_feasible_count"": 48, ""balanced12_ids"": [4, 32, 64, 96, 128, 144, 5, 33, 65, 97, 129, 145], ""balanced12_opportunity_capture"": 1.0, ""balanced12_significant_opportunity_capture"": 1.0, ""binding_status"": ""VERIFIED"", ""cell_status"": ""COMPLETE"", ""comparison_scope"": ""Trajectory gap includes candidate coverage/ranking/search; cannot be attributed solely to score"", ""declared_move_count"": 600, ""directory"": ""results/offline_coverage_v2/object_2016/early"", ""endpoint_wall_s"": 2.986065700009931, ""feasible_count"": 600, ""full_dictionary_anchor_top1_noop_capture"": 1.0, ""full_dictionary_anchor_top1_noop_regret"": 0.0, ""full_dictionary_anchor_top1_signed_capture"": 1.0, ""full_dictionary_anchor_top1_signed_regret"": 0.0, ""full_dictionary_anchor_top1_signed_true_gain"": 9.157220760320425e-05, ""full_dictionary_anchor_top1_significance_regret"": 0.0, ""full_dictionary_anchor_top1_verified_noop_gain"": 9.157220760320425e-05, ""invalid_count"": 0, ""k"": 4, ""labeled_count"": 600, ""local_not_global_oracle"": true, ""local_teacher_final_full_gap"": 2.6203309917134558e-05, ""object_id"": 2016, ""observed_best_positive_gain"": null, ""omitted_opportunity"": 0.0, ""online_feedback"": false, ""phase"": ""early"", ""positive_count"": 121, ""significant_positive_count"": 121, ""source_result_sha256"": ""fe9395c72e70816a4ed69173048d3917d65b07da68fb5555fb501cfee43a4bbe"", ""state_status"": ""COMPLETED"", ""teacher_best_raw_positive_gain"": 9.157220760320425e-05, ""teacher_best_significant_gain"": 9.157220760320425e-05, ""teacher_path_length"": 3, ""teacher_path_status"": ""LOCAL_3ACTION_BUDGET_COMPLETE"", ""teacher_tangent_rhs"": 3600, ""teacher_wall_s"": 21.31127370003378}",COMPLETE,True
,,,,,,,,offline_coverage,,,,,,True,OFFLINE_INITIAL_1SWAP_AND_BOUNDED_PATH_DIAGNOSTIC,"{""actual_minus_local_teacher_risk"": 4.159432280615961e-05, ""actual_online_final_full_gap"": 5.761848752430062e-05, ""local_teacher_final_full_gap"": 1.602416471814101e-05}",,False,,,,True,"{""k"": 8, ""object_id"": 2016, ""phase"": ""early""}",,,"{""input"": ""coverage/coverage_evidence.json"", ""json_pointer"": ""/cells/91"", ""row_index_zero_based"": null, ""sha256"": ""e4f7c13169e570d49d6b5e0e16e8111c9c94e891dd419cded826c2652c40d978""}","{""actual_minus_local_teacher_risk"": 4.159432280615961e-05, ""actual_online_final_full_gap"": 5.761848752430062e-05, ""anchor_wall_s"": 0.3958900000434369, ""balanced12_best_raw_positive_gain"": 3.7123879084597555e-06, ""balanced12_best_significant_gain"": 3.7123879084597555e-06, ""balanced12_feasible_count"": 96, ""balanced12_ids"": [8, 32, 64, 96, 128, 144, 9, 33, 65, 97, 129, 145], ""balanced12_opportunity_capture"": 0.11890004211499632, ""balanced12_significant_opportunity_capture"": 0.11890004211499632, ""binding_status"": ""VERIFIED"", ""cell_status"": ""COMPLETE"", ""comparison_scope"": ""Trajectory gap includes candidate coverage/ranking/search; cannot be attributed solely to score"", ""declared_move_count"": 1168, ""directory"": ""results/offline_coverage_v2/object_2016/early"", ""endpoint_wall_s"": 4.046218300005421, ""feasible_count"": 1168, ""full_dictionary_anchor_top1_noop_capture"": 1.0, ""full_dictionary_anchor_top1_noop_regret"": 0.0, ""full_dictionary_anchor_top1_signed_capture"": 1.0, ""full_dictionary_anchor_top1_signed_regret"": 0.0, ""full_dictionary_anchor_top1_signed_true_gain"": 3.122276361239008e-05, ""full_dictionary_anchor_top1_significance_regret"": 0.0, ""full_dictionary_anchor_top1_verified_noop_gain"": 3.122276361239008e-05, ""invalid_count"": 0, ""k"": 8, ""labeled_count"": 1168, ""local_not_global_oracle"": true, ""local_teacher_final_full_gap"": 1.602416471814101e-05, ""object_id"": 2016, ""observed_best_positive_gain"": null, ""omitted_opportunity"": 2.7510375703930327e-05, ""online_feedback"": false, ""phase"": ""early"", ""positive_count"": 192, ""significant_positive_count"": 192, ""source_result_sha256"": ""511b5b8d84dd1083b21fd1c9992f6665b70ee3cd8d25fa5c8df566c60141c93a"", ""state_status"": ""COMPLETED"", ""teacher_best_raw_positive_gain"": 3.122276361239008e-05, ""teacher_best_significant_gain"": 3.122276361239008e-05, ""teacher_path_length"": 3, ""teacher_path_status"": ""LOCAL_3ACTION_BUDGET_COMPLETE"", ""teacher_tangent_rhs"": 7008, ""teacher_wall_s"": 41.47649640007876}",COMPLETE,True
,,,,,,,,offline_coverage,,,,,,True,OFFLINE_INITIAL_1SWAP_AND_BOUNDED_PATH_DIAGNOSTIC,"{""actual_minus_local_teacher_risk"": 6.550940595364492e-06, ""actual_online_final_full_gap"": 1.33278085703005e-05, ""local_teacher_final_full_gap"": 6.776867974936008e-06}",,False,,,,True,"{""k"": 16, ""object_id"": 2016, ""phase"": ""early""}",,,"{""input"": ""coverage/coverage_evidence.json"", ""json_pointer"": ""/cells/92"", ""row_index_zero_based"": null, ""sha256"": ""e4f7c13169e570d49d6b5e0e16e8111c9c94e891dd419cded826c2652c40d978""}","{""actual_minus_local_teacher_risk"": 6.550940595364492e-06, ""actual_online_final_full_gap"": 1.33278085703005e-05, ""anchor_wall_s"": 0.8529581999755464, ""balanced12_best_raw_positive_gain"": 3.808705563924321e-06, ""balanced12_best_significant_gain"": 3.808705563924321e-06, ""balanced12_feasible_count"": 192, ""balanced12_ids"": [16, 32, 64, 96, 128, 144, 17, 33, 65, 97, 129, 145], ""balanced12_opportunity_capture"": 0.8285019423571978, ""balanced12_significant_opportunity_capture"": 0.8285019423571978, ""binding_status"": ""VERIFIED"", ""cell_status"": ""COMPLETE"", ""comparison_scope"": ""Trajectory gap includes candidate coverage/ranking/search; cannot be attributed solely to score"", ""declared_move_count"": 2208, ""directory"": ""results/offline_coverage_v2/object_2016/early"", ""endpoint_wall_s"": 9.472867100033909, ""feasible_count"": 2208, ""full_dictionary_anchor_top1_noop_capture"": 0.608094321441151, ""full_dictionary_anchor_top1_noop_regret"": 1.801629256551684e-06, ""full_dictionary_anchor_top1_signed_capture"": 0.608094321441151, ""full_dictionary_anchor_top1_signed_regret"": 1.801629256551684e-06, ""full_dictionary_anchor_top1_signed_true_gain"": 2.795469880099763e-06, ""full_dictionary_anchor_top1_significance_regret"": 1.801629256551684e-06, ""full_dictionary_anchor_top1_verified_noop_gain"": 2.795469880099763e-06, ""invalid_count"": 0, ""k"": 16, ""labeled_count"": 2208, ""local_not_global_oracle"": true, ""local_teacher_final_full_gap"": 6.776867974936008e-06, ""object_id"": 2016, ""observed_best_positive_gain"": null, ""omitted_opportunity"": 7.88393572727126e-07, ""online_feedback"": false, ""phase"": ""early"", ""positive_count"": 267, ""significant_positive_count"": 267, ""source_result_sha256"": ""1e07556ec6b1ce2624f3d7178831ede6fa0fa19bc0519cfe704b72409de1001a"", ""state_status"": ""COMPLETED"", ""teacher_best_raw_positive_gain"": 4.597099136651447e-06, ""teacher_best_significant_gain"": 4.597099136651447e-06, ""teacher_path_length"": 3, ""teacher_path_status"": ""LOCAL_3ACTION_BUDGET_COMPLETE"", ""teacher_tangent_rhs"": 13248, ""teacher_wall_s"": 78.82017540000379}",COMPLETE,True
,,,,,,,,offline_coverage,,,,,,True,OFFLINE_INITIAL_1SWAP_AND_BOUNDED_PATH_DIAGNOSTIC,"{""actual_minus_local_teacher_risk"": 1.007618405020828e-05, ""actual_online_final_full_gap"": 1.8264982824510703e-05, ""local_teacher_final_full_gap"": 8.188798774302424e-06}",,False,,,,True,"{""k"": 4, ""object_id"": 2016, ""phase"": ""middle""}",,,"{""input"": ""coverage/coverage_evidence.json"", ""json_pointer"": ""/cells/93"", ""row_index_zero_based"": null, ""sha256"": ""e4f7c13169e570d49d6b5e0e16e8111c9c94e891dd419cded826c2652c40d978""}","{""actual_minus_local_teacher_risk"": 1.007618405020828e-05, ""actual_online_final_full_gap"": 1.8264982824510703e-05, ""anchor_wall_s"": 0.20006979996105656, ""balanced12_best_raw_positive_gain"": 4.0838314304999966e-05, ""balanced12_best_significant_gain"": 4.0838314304999966e-05, ""balanced12_feasible_count"": 48, ""balanced12_ids"": [4, 32, 64, 96, 128, 144, 5, 33, 65, 97, 129, 145], ""balanced12_opportunity_capture"": 0.9316869492993108, ""balanced12_significant_opportunity_capture"": 0.9316869492993108, ""binding_status"": ""VERIFIED"", ""cell_status"": ""COMPLETE"", ""comparison_scope"": ""Trajectory gap includes candidate coverage/ranking/search; cannot be attributed solely to score"", ""declared_move_count"": 600, ""directory"": ""results/offline_coverage_v2/object_2016/middle"", ""endpoint_wall_s"": 2.854041100014001, ""feasible_count"": 600, ""full_dictionary_anchor_top1_noop_capture"": 1.0, ""full_dictionary_anchor_top1_noop_regret"": 0.0, ""full_dictionary_anchor_top1_signed_capture"": 1.0, ""full_dictionary_anchor_top1_signed_regret"": 0.0, ""full_dictionary_anchor_top1_signed_true_gain"": 4.383265681215459e-05, ""full_dictionary_anchor_top1_significance_regret"": 0.0, ""full_dictionary_anchor_top1_verified_noop_gain"": 4.383265681215459e-05, ""invalid_count"": 0, ""k"": 4, ""labeled_count"": 600, ""local_not_global_oracle"": true, ""local_teacher_final_full_gap"": 8.188798774302424e-06, ""object_id"": 2016, ""observed_best_positive_gain"": null, ""omitted_opportunity"": 2.994342507154622e-06, ""online_feedback"": false, ""phase"": ""middle"", ""positive_count"": 159, ""significant_positive_count"": 159, ""source_result_sha256"": ""df2ccb0a7f245ecd52d4c9c70d1760aa015955a232feb2d38231e7bf8c79d78c"", ""state_status"": ""COMPLETED"", ""teacher_best_raw_positive_gain"": 4.383265681215459e-05, ""teacher_best_significant_gain"": 4.383265681215459e-05, ""teacher_path_length"": 3, ""teacher_path_status"": ""LOCAL_3ACTION_BUDGET_COMPLETE"", ""teacher_tangent_rhs"": 3600, ""teacher_wall_s"": 21.46677300025476}",COMPLETE,True
,,,,,,,,offline_coverage,,,,,,True,OFFLINE_INITIAL_1SWAP_AND_BOUNDED_PATH_DIAGNOSTIC,"{""actual_minus_local_teacher_risk"": 7.5255987494128456e-06, ""actual_online_final_full_gap"": 1.1856259173930665e-05, ""local_teacher_final_full_gap"": 4.3306604245178195e-06}",,False,,,,True,"{""k"": 8, ""object_id"": 2016, ""phase"": ""middle""}",,,"{""input"": ""coverage/coverage_evidence.json"", ""json_pointer"": ""/cells/94"", ""row_index_zero_based"": null, ""sha256"": ""e4f7c13169e570d49d6b5e0e16e8111c9c94e891dd419cded826c2652c40d978""}","{""actual_minus_local_teacher_risk"": 7.5255987494128456e-06, ""actual_online_final_full_gap"": 1.1856259173930665e-05, ""anchor_wall_s"": 0.3762795999646187, ""balanced12_best_raw_positive_gain"": 7.797720326867442e-06, ""balanced12_best_significant_gain"": 7.797720326867442e-06, ""balanced12_feasible_count"": 96, ""balanced12_ids"": [8, 32, 64, 96, 128, 144, 9, 33, 65, 97, 129, 145], ""balanced12_opportunity_capture"": 0.4720445184392903, ""balanced12_significant_opportunity_capture"": 0.4720445184392903, ""binding_status"": ""VERIFIED"", ""cell_status"": ""COMPLETE"", ""comparison_scope"": ""Trajectory gap includes candidate coverage/ranking/search; cannot be attributed solely to score"", ""declared_move_count"": 1168, ""directory"": ""results/offline_coverage_v2/object_2016/middle"", ""endpoint_wall_s"": 4.056229199981317, ""feasible_count"": 1168, ""full_dictionary_anchor_top1_noop_capture"": 1.0, ""full_dictionary_anchor_top1_noop_regret"": 0.0, ""full_dictionary_anchor_top1_signed_capture"": 1.0, ""full_dictionary_anchor_top1_signed_regret"": 0.0, ""full_dictionary_anchor_top1_signed_true_gain"": 1.6519035858416197e-05, ""full_dictionary_anchor_top1_significance_regret"": 0.0, ""full_dictionary_anchor_top1_verified_noop_gain"": 1.6519035858416197e-05, ""invalid_count"": 0, ""k"": 8, ""labeled_count"": 1168, ""local_not_global_oracle"": true, ""local_teacher_final_full_gap"": 4.3306604245178195e-06, ""object_id"": 2016, ""observed_best_positive_gain"": null, ""omitted_opportunity"": 8.721315531548755e-06, ""online_feedback"": false, ""phase"": ""middle"", ""positive_count"": 579, ""significant_positive_count"": 579, ""source_result_sha256"": ""b1c2158c4296a53bed1cb26cb459738d1cd4451ab15c0fc8645f1fd95e7409a0"", ""state_status"": ""COMPLETED"", ""teacher_best_raw_positive_gain"": 1.6519035858416197e-05, ""teacher_best_significant_gain"": 1.6519035858416197e-05, ""teacher_path_length"": 3, ""teacher_path_status"": ""LOCAL_3ACTION_BUDGET_COMPLETE"", ""teacher_tangent_rhs"": 7008, ""teacher_wall_s"": 41.6019020001404}",COMPLETE,True
,,,,,,,,offline_coverage,,,,,,True,OFFLINE_INITIAL_1SWAP_AND_BOUNDED_PATH_DIAGNOSTIC,"{""actual_minus_local_teacher_risk"": 2.580914249105707e-07, ""actual_online_final_full_gap"": 1.7451757665233558e-06, ""local_teacher_final_full_gap"": 1.4870843416127851e-06}",,False,,,,True,"{""k"": 16, ""object_id"": 2016, ""phase"": ""middle""}",,,"{""input"": ""coverage/coverage_evidence.json"", ""json_pointer"": ""/cells/95"", ""row_index_zero_based"": null, ""sha256"": ""e4f7c13169e570d49d6b5e0e16e8111c9c94e891dd419cded826c2652c40d978""}","{""actual_minus_local_teacher_risk"": 2.580914249105707e-07, ""actual_online_final_full_gap"": 1.7451757665233558e-06, ""anchor_wall_s"": 0.8276349999941885, ""balanced12_best_raw_positive_gain"": 3.3973803822223238e-06, ""balanced12_best_significant_gain"": 3.3973803822223238e-06, ""balanced12_feasible_count"": 192, ""balanced12_ids"": [16, 32, 64, 96, 128, 144, 17, 33, 65, 97, 129, 145], ""balanced12_opportunity_capture"": 0.965144636326885, ""balanced12_significant_opportunity_capture"": 0.965144636326885, ""binding_status"": ""VERIFIED"", ""cell_status"": ""COMPLETE"", ""comparison_scope"": ""Trajectory gap includes candidate coverage/ranking/search; cannot be attributed solely to score"", ""declared_move_count"": 2208, ""directory"": ""results/offline_coverage_v2/object_2016/middle"", ""endpoint_wall_s"": 9.407096200040542, ""feasible_count"": 2208, ""full_dictionary_anchor_top1_noop_capture"": 0.965144636326885, ""full_dictionary_anchor_top1_noop_regret"": 1.2269345370755285e-07, ""full_dictionary_anchor_top1_signed_capture"": 0.965144636326885, ""full_dictionary_anchor_top1_signed_regret"": 1.2269345370755285e-07, ""full_dictionary_anchor_top1_signed_true_gain"": 3.3973803822223238e-06, ""full_dictionary_anchor_top1_significance_regret"": 1.2269345370755285e-07, ""full_dictionary_anchor_top1_verified_noop_gain"": 3.3973803822223238e-06, ""invalid_count"": 0, ""k"": 16, ""labeled_count"": 2208, ""local_not_global_oracle"": true, ""local_teacher_final_full_gap"": 1.4870843416127851e-06, ""object_id"": 2016, ""observed_best_positive_gain"": null, ""omitted_opportunity"": 1.2269345370755285e-07, ""online_feedback"": false, ""phase"": ""middle"", ""positive_count"": 836, ""significant_positive_count"": 836, ""source_result_sha256"": ""9ce21e97a0a8a0dc90eef2cf4ac7a81e1a916f5da1b3d3e1932d6b047e73a824"", ""state_status"": ""COMPLETED"", ""teacher_best_raw_positive_gain"": 3.5200738359298766e-06, ""teacher_best_significant_gain"": 3.5200738359298766e-06, ""teacher_path_length"": 3, ""teacher_path_status"": ""LOCAL_3ACTION_BUDGET_COMPLETE"", ""teacher_tangent_rhs"": 13248, ""teacher_wall_s"": 79.59912490000715}",COMPLETE,True
,,,,,,,,offline_coverage,,,,,,True,OFFLINE_INITIAL_1SWAP_AND_BOUNDED_PATH_DIAGNOSTIC,"{""actual_minus_local_teacher_risk"": null, ""actual_online_final_full_gap"": null, ""local_teacher_final_full_gap"": null}",,False,,,,True,"{""k"": 4, ""object_id"": 2016, ""phase"": ""late""}",,,"{""input"": ""coverage/coverage_evidence.json"", ""json_pointer"": ""/cells/96"", ""row_index_zero_based"": null, ""sha256"": ""e4f7c13169e570d49d6b5e0e16e8111c9c94e891dd419cded826c2652c40d978""}","{""actual_minus_local_teacher_risk"": null, ""actual_online_final_full_gap"": null, ""anchor_wall_s"": null, ""balanced12_best_raw_positive_gain"": null, ""balanced12_best_significant_gain"": null, ""balanced12_feasible_count"": null, ""balanced12_opportunity_capture"": null, ""balanced12_significant_opportunity_capture"": null, ""binding_status"": ""FIXED_PREREQUISITE_EXCLUSION_VERIFIED"", ""cell_status"": ""NOT_RUN_PRIMARY_INCOMPLETE"", ""declared_move_count"": null, ""directory"": ""results/offline_coverage_v2/object_2016/late"", ""endpoint_wall_s"": null, ""errors"": [], ""feasible_count"": null, ""full_dictionary_anchor_top1_noop_capture"": null, ""full_dictionary_anchor_top1_noop_regret"": null, ""full_dictionary_anchor_top1_signed_capture"": null, ""full_dictionary_anchor_top1_signed_regret"": null, ""full_dictionary_anchor_top1_signed_true_gain"": null, ""full_dictionary_anchor_top1_significance_regret"": null, ""full_dictionary_anchor_top1_verified_noop_gain"": null, ""invalid_count"": null, ""k"": 4, ""labeled_count"": null, ""local_not_global_oracle"": true, ""local_teacher_final_full_gap"": null, ""object_id"": 2016, ""observed_best_positive_gain"": null, ""omitted_opportunity"": null, ""online_feedback"": false, ""phase"": ""late"", ""positive_count"": null, ""significant_positive_count"": null, ""state_status"": ""NOT_RUN_PRIMARY_INCOMPLETE"", ""teacher_best_raw_positive_gain"": null, ""teacher_best_significant_gain"": null, ""teacher_tangent_rhs"": null, ""teacher_wall_s"": null}",NOT_RUN_PRIMARY_INCOMPLETE,False
,,,,,,,,offline_coverage,,,,,,True,OFFLINE_INITIAL_1SWAP_AND_BOUNDED_PATH_DIAGNOSTIC,"{""actual_minus_local_teacher_risk"": null, ""actual_online_final_full_gap"": null, ""local_teacher_final_full_gap"": null}",,False,,,,True,"{""k"": 8, ""object_id"": 2016, ""phase"": ""late""}",,,"{""input"": ""coverage/coverage_evidence.json"", ""json_pointer"": ""/cells/97"", ""row_index_zero_based"": null, ""sha256"": ""e4f7c13169e570d49d6b5e0e16e8111c9c94e891dd419cded826c2652c40d978""}","{""actual_minus_local_teacher_risk"": null, ""actual_online_final_full_gap"": null, ""anchor_wall_s"": null, ""balanced12_best_raw_positive_gain"": null, ""balanced12_best_significant_gain"": null, ""balanced12_feasible_count"": null, ""balanced12_opportunity_capture"": null, ""balanced12_significant_opportunity_capture"": null, ""binding_status"": ""FIXED_PREREQUISITE_EXCLUSION_VERIFIED"", ""cell_status"": ""NOT_RUN_PRIMARY_INCOMPLETE"", ""declared_move_count"": null, ""directory"": ""results/offline_coverage_v2/object_2016/late"", ""endpoint_wall_s"": null, ""errors"": [], ""feasible_count"": null, ""full_dictionary_anchor_top1_noop_capture"": null, ""full_dictionary_anchor_top1_noop_regret"": null, ""full_dictionary_anchor_top1_signed_capture"": null, ""full_dictionary_anchor_top1_signed_regret"": null, ""full_dictionary_anchor_top1_signed_true_gain"": null, ""full_dictionary_anchor_top1_significance_regret"": null, ""full_dictionary_anchor_top1_verified_noop_gain"": null, ""invalid_count"": null, ""k"": 8, ""labeled_count"": null, ""local_not_global_oracle"": true, ""local_teacher_final_full_gap"": null, ""object_id"": 2016, ""observed_best_positive_gain"": null, ""omitted_opportunity"": null, ""online_feedback"": false, ""phase"": ""late"", ""positive_count"": null, ""significant_positive_count"": null, ""state_status"": ""NOT_RUN_PRIMARY_INCOMPLETE"", ""teacher_best_raw_positive_gain"": null, ""teacher_best_significant_gain"": null, ""teacher_tangent_rhs"": null, ""teacher_wall_s"": null}",NOT_RUN_PRIMARY_INCOMPLETE,False
,,,,,,,,offline_coverage,,,,,,True,OFFLINE_INITIAL_1SWAP_AND_BOUNDED_PATH_DIAGNOSTIC,"{""actual_minus_local_teacher_risk"": null, ""actual_online_final_full_gap"": null, ""local_teacher_final_full_gap"": null}",,False,,,,True,"{""k"": 16, ""object_id"": 2016, ""phase"": ""late""}",,,"{""input"": ""coverage/coverage_evidence.json"", ""json_pointer"": ""/cells/98"", ""row_index_zero_based"": null, ""sha256"": ""e4f7c13169e570d49d6b5e0e16e8111c9c94e891dd419cded826c2652c40d978""}","{""actual_minus_local_teacher_risk"": null, ""actual_online_final_full_gap"": null, ""anchor_wall_s"": null, ""balanced12_best_raw_positive_gain"": null, ""balanced12_best_significant_gain"": null, ""balanced12_feasible_count"": null, ""balanced12_opportunity_capture"": null, ""balanced12_significant_opportunity_capture"": null, ""binding_status"": ""FIXED_PREREQUISITE_EXCLUSION_VERIFIED"", ""cell_status"": ""NOT_RUN_PRIMARY_INCOMPLETE"", ""declared_move_count"": null, ""directory"": ""results/offline_coverage_v2/object_2016/late"", ""endpoint_wall_s"": null, ""errors"": [], ""feasible_count"": null, ""full_dictionary_anchor_top1_noop_capture"": null, ""full_dictionary_anchor_top1_noop_regret"": null, ""full_dictionary_anchor_top1_signed_capture"": null, ""full_dictionary_anchor_top1_signed_regret"": null, ""full_dictionary_anchor_top1_signed_true_gain"": null, ""full_dictionary_anchor_top1_significance_regret"": null, ""full_dictionary_anchor_top1_verified_noop_gain"": null, ""invalid_count"": null, ""k"": 16, ""labeled_count"": null, ""local_not_global_oracle"": true, ""local_teacher_final_full_gap"": null, ""object_id"": 2016, ""observed_best_positive_gain"": null, ""omitted_opportunity"": null, ""online_feedback"": false, ""phase"": ""late"", ""positive_count"": null, ""significant_positive_count"": null, ""state_status"": ""NOT_RUN_PRIMARY_INCOMPLETE"", ""teacher_best_raw_positive_gain"": null, ""teacher_best_significant_gain"": null, ""teacher_tangent_rhs"": null, ""teacher_wall_s"": null}",NOT_RUN_PRIMARY_INCOMPLETE,False
