object_id,phase,k,source_directory,state_hash,pool_hash,score_direction_curvature,selected_index,executed_actual_d_gain,scope
2001,early,4,<WORKSPACE>/Gaussian/A17/EXCHANGE_R1/results/object_2001_early,25387349f2beb0f96d242ca9b954a62e6bfcc22e30747f954ca70f472e65a2bd,279031dac62ec328458cf4139632c998e1ddd65e7bfd05ce3dddf87adfe4fd5d,v_full_linear,20,0.00020473072061460399,Same checkpoint and candidate endpoints. v only a score direction; all choices execute actual d. No path-level causal claim.
2001,early,4,<WORKSPACE>/Gaussian/A17/EXCHANGE_R1/results/object_2001_early,25387349f2beb0f96d242ca9b954a62e6bfcc22e30747f954ca70f472e65a2bd,279031dac62ec328458cf4139632c998e1ddd65e7bfd05ce3dddf87adfe4fd5d,v_full_quadratic,16,-0.0038815109704056156,Same checkpoint and candidate endpoints. v only a score direction; all choices execute actual d. No path-level causal claim.
2001,early,4,<WORKSPACE>/Gaussian/A17/EXCHANGE_R1/results/object_2001_early,25387349f2beb0f96d242ca9b954a62e6bfcc22e30747f954ca70f472e65a2bd,279031dac62ec328458cf4139632c998e1ddd65e7bfd05ce3dddf87adfe4fd5d,v_anchor_linear,20,0.00020473072061460399,Same checkpoint and candidate endpoints. v only a score direction; all choices execute actual d. No path-level causal claim.
2001,early,4,<WORKSPACE>/Gaussian/A17/EXCHANGE_R1/results/object_2001_early,25387349f2beb0f96d242ca9b954a62e6bfcc22e30747f954ca70f472e65a2bd,279031dac62ec328458cf4139632c998e1ddd65e7bfd05ce3dddf87adfe4fd5d,v_anchor_quadratic,16,-0.0038815109704056156,Same checkpoint and candidate endpoints. v only a score direction; all choices execute actual d. No path-level causal claim.
2001,early,4,<WORKSPACE>/Gaussian/A17/EXCHANGE_R1/results/object_2001_early,25387349f2beb0f96d242ca9b954a62e6bfcc22e30747f954ca70f472e65a2bd,279031dac62ec328458cf4139632c998e1ddd65e7bfd05ce3dddf87adfe4fd5d,d_full_linear,26,-0.015973077963462652,Same checkpoint and candidate endpoints. v only a score direction; all choices execute actual d. No path-level causal claim.
2001,early,4,<WORKSPACE>/Gaussian/A17/EXCHANGE_R1/results/object_2001_early,25387349f2beb0f96d242ca9b954a62e6bfcc22e30747f954ca70f472e65a2bd,279031dac62ec328458cf4139632c998e1ddd65e7bfd05ce3dddf87adfe4fd5d,d_full_quadratic,13,0.0011416925426274067,Same checkpoint and candidate endpoints. v only a score direction; all choices execute actual d. No path-level causal claim.
2001,early,4,<WORKSPACE>/Gaussian/A17/EXCHANGE_R1/results/object_2001_early,25387349f2beb0f96d242ca9b954a62e6bfcc22e30747f954ca70f472e65a2bd,279031dac62ec328458cf4139632c998e1ddd65e7bfd05ce3dddf87adfe4fd5d,d_anchor_linear,26,-0.015973077963462652,Same checkpoint and candidate endpoints. v only a score direction; all choices execute actual d. No path-level causal claim.
2001,early,4,<WORKSPACE>/Gaussian/A17/EXCHANGE_R1/results/object_2001_early,25387349f2beb0f96d242ca9b954a62e6bfcc22e30747f954ca70f472e65a2bd,279031dac62ec328458cf4139632c998e1ddd65e7bfd05ce3dddf87adfe4fd5d,d_anchor_quadratic,13,0.0011416925426274067,Same checkpoint and candidate endpoints. v only a score direction; all choices execute actual d. No path-level causal claim.
2001,early,8,<WORKSPACE>/Gaussian/A17/EXCHANGE_R1/results/object_2001_early,25387349f2beb0f96d242ca9b954a62e6bfcc22e30747f954ca70f472e65a2bd,279031dac62ec328458cf4139632c998e1ddd65e7bfd05ce3dddf87adfe4fd5d,v_full_linear,13,-6.097164852094745e-05,Same checkpoint and candidate endpoints. v only a score direction; all choices execute actual d. No path-level causal claim.
2001,early,8,<WORKSPACE>/Gaussian/A17/EXCHANGE_R1/results/object_2001_early,25387349f2beb0f96d242ca9b954a62e6bfcc22e30747f954ca70f472e65a2bd,279031dac62ec328458cf4139632c998e1ddd65e7bfd05ce3dddf87adfe4fd5d,v_full_quadratic,89,-2.378355123130924e-06,Same checkpoint and candidate endpoints. v only a score direction; all choices execute actual d. No path-level causal claim.
2001,early,8,<WORKSPACE>/Gaussian/A17/EXCHANGE_R1/results/object_2001_early,25387349f2beb0f96d242ca9b954a62e6bfcc22e30747f954ca70f472e65a2bd,279031dac62ec328458cf4139632c998e1ddd65e7bfd05ce3dddf87adfe4fd5d,v_anchor_linear,13,-6.097164852094745e-05,Same checkpoint and candidate endpoints. v only a score direction; all choices execute actual d. No path-level causal claim.
2001,early,8,<WORKSPACE>/Gaussian/A17/EXCHANGE_R1/results/object_2001_early,25387349f2beb0f96d242ca9b954a62e6bfcc22e30747f954ca70f472e65a2bd,279031dac62ec328458cf4139632c998e1ddd65e7bfd05ce3dddf87adfe4fd5d,v_anchor_quadratic,89,-2.378355123130924e-06,Same checkpoint and candidate endpoints. v only a score direction; all choices execute actual d. No path-level causal claim.
2001,early,8,<WORKSPACE>/Gaussian/A17/EXCHANGE_R1/results/object_2001_early,25387349f2beb0f96d242ca9b954a62e6bfcc22e30747f954ca70f472e65a2bd,279031dac62ec328458cf4139632c998e1ddd65e7bfd05ce3dddf87adfe4fd5d,d_full_linear,51,-0.0006225244961043608,Same checkpoint and candidate endpoints. v only a score direction; all choices execute actual d. No path-level causal claim.
2001,early,8,<WORKSPACE>/Gaussian/A17/EXCHANGE_R1/results/object_2001_early,25387349f2beb0f96d242ca9b954a62e6bfcc22e30747f954ca70f472e65a2bd,279031dac62ec328458cf4139632c998e1ddd65e7bfd05ce3dddf87adfe4fd5d,d_full_quadratic,61,5.891774355323607e-06,Same checkpoint and candidate endpoints. v only a score direction; all choices execute actual d. No path-level causal claim.
2001,early,8,<WORKSPACE>/Gaussian/A17/EXCHANGE_R1/results/object_2001_early,25387349f2beb0f96d242ca9b954a62e6bfcc22e30747f954ca70f472e65a2bd,279031dac62ec328458cf4139632c998e1ddd65e7bfd05ce3dddf87adfe4fd5d,d_anchor_linear,14,-0.012738596314802047,Same checkpoint and candidate endpoints. v only a score direction; all choices execute actual d. No path-level causal claim.
2001,early,8,<WORKSPACE>/Gaussian/A17/EXCHANGE_R1/results/object_2001_early,25387349f2beb0f96d242ca9b954a62e6bfcc22e30747f954ca70f472e65a2bd,279031dac62ec328458cf4139632c998e1ddd65e7bfd05ce3dddf87adfe4fd5d,d_anchor_quadratic,61,5.891774355323607e-06,Same checkpoint and candidate endpoints. v only a score direction; all choices execute actual d. No path-level causal claim.
2001,early,16,<WORKSPACE>/Gaussian/A17/EXCHANGE_R1/results/object_2001_early,25387349f2beb0f96d242ca9b954a62e6bfcc22e30747f954ca70f472e65a2bd,279031dac62ec328458cf4139632c998e1ddd65e7bfd05ce3dddf87adfe4fd5d,v_full_linear,6,-0.0002389774263499544,Same checkpoint and candidate endpoints. v only a score direction; all choices execute actual d. No path-level causal claim.
2001,early,16,<WORKSPACE>/Gaussian/A17/EXCHANGE_R1/results/object_2001_early,25387349f2beb0f96d242ca9b954a62e6bfcc22e30747f954ca70f472e65a2bd,279031dac62ec328458cf4139632c998e1ddd65e7bfd05ce3dddf87adfe4fd5d,v_full_quadratic,184,3.5355342771010417e-06,Same checkpoint and candidate endpoints. v only a score direction; all choices execute actual d. No path-level causal claim.
2001,early,16,<WORKSPACE>/Gaussian/A17/EXCHANGE_R1/results/object_2001_early,25387349f2beb0f96d242ca9b954a62e6bfcc22e30747f954ca70f472e65a2bd,279031dac62ec328458cf4139632c998e1ddd65e7bfd05ce3dddf87adfe4fd5d,v_anchor_linear,6,-0.0002389774263499544,Same checkpoint and candidate endpoints. v only a score direction; all choices execute actual d. No path-level causal claim.
2001,early,16,<WORKSPACE>/Gaussian/A17/EXCHANGE_R1/results/object_2001_early,25387349f2beb0f96d242ca9b954a62e6bfcc22e30747f954ca70f472e65a2bd,279031dac62ec328458cf4139632c998e1ddd65e7bfd05ce3dddf87adfe4fd5d,v_anchor_quadratic,184,3.5355342771010417e-06,Same checkpoint and candidate endpoints. v only a score direction; all choices execute actual d. No path-level causal claim.
2001,early,16,<WORKSPACE>/Gaussian/A17/EXCHANGE_R1/results/object_2001_early,25387349f2beb0f96d242ca9b954a62e6bfcc22e30747f954ca70f472e65a2bd,279031dac62ec328458cf4139632c998e1ddd65e7bfd05ce3dddf87adfe4fd5d,d_full_linear,3,-0.005836866228083334,Same checkpoint and candidate endpoints. v only a score direction; all choices execute actual d. No path-level causal claim.
2001,early,16,<WORKSPACE>/Gaussian/A17/EXCHANGE_R1/results/object_2001_early,25387349f2beb0f96d242ca9b954a62e6bfcc22e30747f954ca70f472e65a2bd,279031dac62ec328458cf4139632c998e1ddd65e7bfd05ce3dddf87adfe4fd5d,d_full_quadratic,52,9.112878599298897e-06,Same checkpoint and candidate endpoints. v only a score direction; all choices execute actual d. No path-level causal claim.
2001,early,16,<WORKSPACE>/Gaussian/A17/EXCHANGE_R1/results/object_2001_early,25387349f2beb0f96d242ca9b954a62e6bfcc22e30747f954ca70f472e65a2bd,279031dac62ec328458cf4139632c998e1ddd65e7bfd05ce3dddf87adfe4fd5d,d_anchor_linear,10,-2.294422432995155e-06,Same checkpoint and candidate endpoints. v only a score direction; all choices execute actual d. No path-level causal claim.
2001,early,16,<WORKSPACE>/Gaussian/A17/EXCHANGE_R1/results/object_2001_early,25387349f2beb0f96d242ca9b954a62e6bfcc22e30747f954ca70f472e65a2bd,279031dac62ec328458cf4139632c998e1ddd65e7bfd05ce3dddf87adfe4fd5d,d_anchor_quadratic,124,7.251296453171421e-06,Same checkpoint and candidate endpoints. v only a score direction; all choices execute actual d. No path-level causal claim.
2001,late,4,<WORKSPACE>/Gaussian/A17/EXCHANGE_R1/results/object_2001_late,d5fc5494354cea7464d2f8ddbc5f32111d2b6748329d0269bb5b6c73feaf452c,50212acd39c0673d92c7e84e553969c2fa211b850768668e9fbe47ad2294bfa9,v_full_linear,36,-5.567656836707991e-05,Same checkpoint and candidate endpoints. v only a score direction; all choices execute actual d. No path-level causal claim.
2001,late,4,<WORKSPACE>/Gaussian/A17/EXCHANGE_R1/results/object_2001_late,d5fc5494354cea7464d2f8ddbc5f32111d2b6748329d0269bb5b6c73feaf452c,50212acd39c0673d92c7e84e553969c2fa211b850768668e9fbe47ad2294bfa9,v_full_quadratic,40,-0.00011522976587170373,Same checkpoint and candidate endpoints. v only a score direction; all choices execute actual d. No path-level causal claim.
2001,late,4,<WORKSPACE>/Gaussian/A17/EXCHANGE_R1/results/object_2001_late,d5fc5494354cea7464d2f8ddbc5f32111d2b6748329d0269bb5b6c73feaf452c,50212acd39c0673d92c7e84e553969c2fa211b850768668e9fbe47ad2294bfa9,v_anchor_linear,36,-5.567656836707991e-05,Same checkpoint and candidate endpoints. v only a score direction; all choices execute actual d. No path-level causal claim.
2001,late,4,<WORKSPACE>/Gaussian/A17/EXCHANGE_R1/results/object_2001_late,d5fc5494354cea7464d2f8ddbc5f32111d2b6748329d0269bb5b6c73feaf452c,50212acd39c0673d92c7e84e553969c2fa211b850768668e9fbe47ad2294bfa9,v_anchor_quadratic,40,-0.00011522976587170373,Same checkpoint and candidate endpoints. v only a score direction; all choices execute actual d. No path-level causal claim.
2001,late,4,<WORKSPACE>/Gaussian/A17/EXCHANGE_R1/results/object_2001_late,d5fc5494354cea7464d2f8ddbc5f32111d2b6748329d0269bb5b6c73feaf452c,50212acd39c0673d92c7e84e553969c2fa211b850768668e9fbe47ad2294bfa9,d_full_linear,39,-0.0005096519888742867,Same checkpoint and candidate endpoints. v only a score direction; all choices execute actual d. No path-level causal claim.
2001,late,4,<WORKSPACE>/Gaussian/A17/EXCHANGE_R1/results/object_2001_late,d5fc5494354cea7464d2f8ddbc5f32111d2b6748329d0269bb5b6c73feaf452c,50212acd39c0673d92c7e84e553969c2fa211b850768668e9fbe47ad2294bfa9,d_full_quadratic,12,0.00023291694130544294,Same checkpoint and candidate endpoints. v only a score direction; all choices execute actual d. No path-level causal claim.
2001,late,4,<WORKSPACE>/Gaussian/A17/EXCHANGE_R1/results/object_2001_late,d5fc5494354cea7464d2f8ddbc5f32111d2b6748329d0269bb5b6c73feaf452c,50212acd39c0673d92c7e84e553969c2fa211b850768668e9fbe47ad2294bfa9,d_anchor_linear,39,-0.0005096519888742867,Same checkpoint and candidate endpoints. v only a score direction; all choices execute actual d. No path-level causal claim.
2001,late,4,<WORKSPACE>/Gaussian/A17/EXCHANGE_R1/results/object_2001_late,d5fc5494354cea7464d2f8ddbc5f32111d2b6748329d0269bb5b6c73feaf452c,50212acd39c0673d92c7e84e553969c2fa211b850768668e9fbe47ad2294bfa9,d_anchor_quadratic,12,0.00023291694130544294,Same checkpoint and candidate endpoints. v only a score direction; all choices execute actual d. No path-level causal claim.
2001,late,8,<WORKSPACE>/Gaussian/A17/EXCHANGE_R1/results/object_2001_late,d5fc5494354cea7464d2f8ddbc5f32111d2b6748329d0269bb5b6c73feaf452c,50212acd39c0673d92c7e84e553969c2fa211b850768668e9fbe47ad2294bfa9,v_full_linear,66,3.489596591822252e-05,Same checkpoint and candidate endpoints. v only a score direction; all choices execute actual d. No path-level causal claim.
2001,late,8,<WORKSPACE>/Gaussian/A17/EXCHANGE_R1/results/object_2001_late,d5fc5494354cea7464d2f8ddbc5f32111d2b6748329d0269bb5b6c73feaf452c,50212acd39c0673d92c7e84e553969c2fa211b850768668e9fbe47ad2294bfa9,v_full_quadratic,53,1.8708273111489944e-05,Same checkpoint and candidate endpoints. v only a score direction; all choices execute actual d. No path-level causal claim.
2001,late,8,<WORKSPACE>/Gaussian/A17/EXCHANGE_R1/results/object_2001_late,d5fc5494354cea7464d2f8ddbc5f32111d2b6748329d0269bb5b6c73feaf452c,50212acd39c0673d92c7e84e553969c2fa211b850768668e9fbe47ad2294bfa9,v_anchor_linear,31,-7.526000515577696e-05,Same checkpoint and candidate endpoints. v only a score direction; all choices execute actual d. No path-level causal claim.
2001,late,8,<WORKSPACE>/Gaussian/A17/EXCHANGE_R1/results/object_2001_late,d5fc5494354cea7464d2f8ddbc5f32111d2b6748329d0269bb5b6c73feaf452c,50212acd39c0673d92c7e84e553969c2fa211b850768668e9fbe47ad2294bfa9,v_anchor_quadratic,53,1.8708273111489944e-05,Same checkpoint and candidate endpoints. v only a score direction; all choices execute actual d. No path-level causal claim.
2001,late,8,<WORKSPACE>/Gaussian/A17/EXCHANGE_R1/results/object_2001_late,d5fc5494354cea7464d2f8ddbc5f32111d2b6748329d0269bb5b6c73feaf452c,50212acd39c0673d92c7e84e553969c2fa211b850768668e9fbe47ad2294bfa9,d_full_linear,15,3.8249662329477314e-05,Same checkpoint and candidate endpoints. v only a score direction; all choices execute actual d. No path-level causal claim.
2001,late,8,<WORKSPACE>/Gaussian/A17/EXCHANGE_R1/results/object_2001_late,d5fc5494354cea7464d2f8ddbc5f32111d2b6748329d0269bb5b6c73feaf452c,50212acd39c0673d92c7e84e553969c2fa211b850768668e9fbe47ad2294bfa9,d_full_quadratic,18,4.1769547913235635e-05,Same checkpoint and candidate endpoints. v only a score direction; all choices execute actual d. No path-level causal claim.
2001,late,8,<WORKSPACE>/Gaussian/A17/EXCHANGE_R1/results/object_2001_late,d5fc5494354cea7464d2f8ddbc5f32111d2b6748329d0269bb5b6c73feaf452c,50212acd39c0673d92c7e84e553969c2fa211b850768668e9fbe47ad2294bfa9,d_anchor_linear,15,3.8249662329477314e-05,Same checkpoint and candidate endpoints. v only a score direction; all choices execute actual d. No path-level causal claim.
2001,late,8,<WORKSPACE>/Gaussian/A17/EXCHANGE_R1/results/object_2001_late,d5fc5494354cea7464d2f8ddbc5f32111d2b6748329d0269bb5b6c73feaf452c,50212acd39c0673d92c7e84e553969c2fa211b850768668e9fbe47ad2294bfa9,d_anchor_quadratic,42,4.0034345170996525e-05,Same checkpoint and candidate endpoints. v only a score direction; all choices execute actual d. No path-level causal claim.
2001,late,16,<WORKSPACE>/Gaussian/A17/EXCHANGE_R1/results/object_2001_late,d5fc5494354cea7464d2f8ddbc5f32111d2b6748329d0269bb5b6c73feaf452c,50212acd39c0673d92c7e84e553969c2fa211b850768668e9fbe47ad2294bfa9,v_full_linear,31,-1.7695655597110656e-09,Same checkpoint and candidate endpoints. v only a score direction; all choices execute actual d. No path-level causal claim.
2001,late,16,<WORKSPACE>/Gaussian/A17/EXCHANGE_R1/results/object_2001_late,d5fc5494354cea7464d2f8ddbc5f32111d2b6748329d0269bb5b6c73feaf452c,50212acd39c0673d92c7e84e553969c2fa211b850768668e9fbe47ad2294bfa9,v_full_quadratic,9,-1.766947514700322e-06,Same checkpoint and candidate endpoints. v only a score direction; all choices execute actual d. No path-level causal claim.
2001,late,16,<WORKSPACE>/Gaussian/A17/EXCHANGE_R1/results/object_2001_late,d5fc5494354cea7464d2f8ddbc5f32111d2b6748329d0269bb5b6c73feaf452c,50212acd39c0673d92c7e84e553969c2fa211b850768668e9fbe47ad2294bfa9,v_anchor_linear,31,-1.7695655597110656e-09,Same checkpoint and candidate endpoints. v only a score direction; all choices execute actual d. No path-level causal claim.
2001,late,16,<WORKSPACE>/Gaussian/A17/EXCHANGE_R1/results/object_2001_late,d5fc5494354cea7464d2f8ddbc5f32111d2b6748329d0269bb5b6c73feaf452c,50212acd39c0673d92c7e84e553969c2fa211b850768668e9fbe47ad2294bfa9,v_anchor_quadratic,10,-1.8374797430771517e-06,Same checkpoint and candidate endpoints. v only a score direction; all choices execute actual d. No path-level causal claim.
2001,late,16,<WORKSPACE>/Gaussian/A17/EXCHANGE_R1/results/object_2001_late,d5fc5494354cea7464d2f8ddbc5f32111d2b6748329d0269bb5b6c73feaf452c,50212acd39c0673d92c7e84e553969c2fa211b850768668e9fbe47ad2294bfa9,d_full_linear,7,-4.169926946791037e-06,Same checkpoint and candidate endpoints. v only a score direction; all choices execute actual d. No path-level causal claim.
2001,late,16,<WORKSPACE>/Gaussian/A17/EXCHANGE_R1/results/object_2001_late,d5fc5494354cea7464d2f8ddbc5f32111d2b6748329d0269bb5b6c73feaf452c,50212acd39c0673d92c7e84e553969c2fa211b850768668e9fbe47ad2294bfa9,d_full_quadratic,54,1.53993505525623e-06,Same checkpoint and candidate endpoints. v only a score direction; all choices execute actual d. No path-level causal claim.
2001,late,16,<WORKSPACE>/Gaussian/A17/EXCHANGE_R1/results/object_2001_late,d5fc5494354cea7464d2f8ddbc5f32111d2b6748329d0269bb5b6c73feaf452c,50212acd39c0673d92c7e84e553969c2fa211b850768668e9fbe47ad2294bfa9,d_anchor_linear,7,-4.169926946791037e-06,Same checkpoint and candidate endpoints. v only a score direction; all choices execute actual d. No path-level causal claim.
2001,late,16,<WORKSPACE>/Gaussian/A17/EXCHANGE_R1/results/object_2001_late,d5fc5494354cea7464d2f8ddbc5f32111d2b6748329d0269bb5b6c73feaf452c,50212acd39c0673d92c7e84e553969c2fa211b850768668e9fbe47ad2294bfa9,d_anchor_quadratic,78,4.4383465902850217e-07,Same checkpoint and candidate endpoints. v only a score direction; all choices execute actual d. No path-level causal claim.
2001,middle,4,<WORKSPACE>/Gaussian/A17/EXCHANGE_R1/results/object_2001_middle,e076178633bf9785d5aa8753ba8ccee97b67a6fc13c2032433576194de3221a3,e0bf563b31bd47b8229475c739278acbcfa609d023117c83b70f211d928128b3,v_full_linear,24,4.673210274239402e-05,Same checkpoint and candidate endpoints. v only a score direction; all choices execute actual d. No path-level causal claim.
2001,middle,4,<WORKSPACE>/Gaussian/A17/EXCHANGE_R1/results/object_2001_middle,e076178633bf9785d5aa8753ba8ccee97b67a6fc13c2032433576194de3221a3,e0bf563b31bd47b8229475c739278acbcfa609d023117c83b70f211d928128b3,v_full_quadratic,31,3.270546603935758e-05,Same checkpoint and candidate endpoints. v only a score direction; all choices execute actual d. No path-level causal claim.
2001,middle,4,<WORKSPACE>/Gaussian/A17/EXCHANGE_R1/results/object_2001_middle,e076178633bf9785d5aa8753ba8ccee97b67a6fc13c2032433576194de3221a3,e0bf563b31bd47b8229475c739278acbcfa609d023117c83b70f211d928128b3,v_anchor_linear,36,3.0930101883913324e-05,Same checkpoint and candidate endpoints. v only a score direction; all choices execute actual d. No path-level causal claim.
2001,middle,4,<WORKSPACE>/Gaussian/A17/EXCHANGE_R1/results/object_2001_middle,e076178633bf9785d5aa8753ba8ccee97b67a6fc13c2032433576194de3221a3,e0bf563b31bd47b8229475c739278acbcfa609d023117c83b70f211d928128b3,v_anchor_quadratic,13,5.710745298287077e-05,Same checkpoint and candidate endpoints. v only a score direction; all choices execute actual d. No path-level causal claim.
2001,middle,4,<WORKSPACE>/Gaussian/A17/EXCHANGE_R1/results/object_2001_middle,e076178633bf9785d5aa8753ba8ccee97b67a6fc13c2032433576194de3221a3,e0bf563b31bd47b8229475c739278acbcfa609d023117c83b70f211d928128b3,d_full_linear,7,3.0762571339142515e-05,Same checkpoint and candidate endpoints. v only a score direction; all choices execute actual d. No path-level causal claim.
2001,middle,4,<WORKSPACE>/Gaussian/A17/EXCHANGE_R1/results/object_2001_middle,e076178633bf9785d5aa8753ba8ccee97b67a6fc13c2032433576194de3221a3,e0bf563b31bd47b8229475c739278acbcfa609d023117c83b70f211d928128b3,d_full_quadratic,13,5.710745298287077e-05,Same checkpoint and candidate endpoints. v only a score direction; all choices execute actual d. No path-level causal claim.
2001,middle,4,<WORKSPACE>/Gaussian/A17/EXCHANGE_R1/results/object_2001_middle,e076178633bf9785d5aa8753ba8ccee97b67a6fc13c2032433576194de3221a3,e0bf563b31bd47b8229475c739278acbcfa609d023117c83b70f211d928128b3,d_anchor_linear,7,3.0762571339142515e-05,Same checkpoint and candidate endpoints. v only a score direction; all choices execute actual d. No path-level causal claim.
2001,middle,4,<WORKSPACE>/Gaussian/A17/EXCHANGE_R1/results/object_2001_middle,e076178633bf9785d5aa8753ba8ccee97b67a6fc13c2032433576194de3221a3,e0bf563b31bd47b8229475c739278acbcfa609d023117c83b70f211d928128b3,d_anchor_quadratic,0,5.500683592098279e-05,Same checkpoint and candidate endpoints. v only a score direction; all choices execute actual d. No path-level causal claim.
2001,middle,8,<WORKSPACE>/Gaussian/A17/EXCHANGE_R1/results/object_2001_middle,e076178633bf9785d5aa8753ba8ccee97b67a6fc13c2032433576194de3221a3,e0bf563b31bd47b8229475c739278acbcfa609d023117c83b70f211d928128b3,v_full_linear,66,-4.0589769081438204e-07,Same checkpoint and candidate endpoints. v only a score direction; all choices execute actual d. No path-level causal claim.
2001,middle,8,<WORKSPACE>/Gaussian/A17/EXCHANGE_R1/results/object_2001_middle,e076178633bf9785d5aa8753ba8ccee97b67a6fc13c2032433576194de3221a3,e0bf563b31bd47b8229475c739278acbcfa609d023117c83b70f211d928128b3,v_full_quadratic,49,1.7552030207878932e-06,Same checkpoint and candidate endpoints. v only a score direction; all choices execute actual d. No path-level causal claim.
2001,middle,8,<WORKSPACE>/Gaussian/A17/EXCHANGE_R1/results/object_2001_middle,e076178633bf9785d5aa8753ba8ccee97b67a6fc13c2032433576194de3221a3,e0bf563b31bd47b8229475c739278acbcfa609d023117c83b70f211d928128b3,v_anchor_linear,66,-4.0589769081438204e-07,Same checkpoint and candidate endpoints. v only a score direction; all choices execute actual d. No path-level causal claim.
2001,middle,8,<WORKSPACE>/Gaussian/A17/EXCHANGE_R1/results/object_2001_middle,e076178633bf9785d5aa8753ba8ccee97b67a6fc13c2032433576194de3221a3,e0bf563b31bd47b8229475c739278acbcfa609d023117c83b70f211d928128b3,v_anchor_quadratic,73,1.453562775022286e-06,Same checkpoint and candidate endpoints. v only a score direction; all choices execute actual d. No path-level causal claim.
2001,middle,8,<WORKSPACE>/Gaussian/A17/EXCHANGE_R1/results/object_2001_middle,e076178633bf9785d5aa8753ba8ccee97b67a6fc13c2032433576194de3221a3,e0bf563b31bd47b8229475c739278acbcfa609d023117c83b70f211d928128b3,d_full_linear,1,-4.3006584960041415e-06,Same checkpoint and candidate endpoints. v only a score direction; all choices execute actual d. No path-level causal claim.
2001,middle,8,<WORKSPACE>/Gaussian/A17/EXCHANGE_R1/results/object_2001_middle,e076178633bf9785d5aa8753ba8ccee97b67a6fc13c2032433576194de3221a3,e0bf563b31bd47b8229475c739278acbcfa609d023117c83b70f211d928128b3,d_full_quadratic,72,1.8568722526379934e-06,Same checkpoint and candidate endpoints. v only a score direction; all choices execute actual d. No path-level causal claim.
2001,middle,8,<WORKSPACE>/Gaussian/A17/EXCHANGE_R1/results/object_2001_middle,e076178633bf9785d5aa8753ba8ccee97b67a6fc13c2032433576194de3221a3,e0bf563b31bd47b8229475c739278acbcfa609d023117c83b70f211d928128b3,d_anchor_linear,1,-4.3006584960041415e-06,Same checkpoint and candidate endpoints. v only a score direction; all choices execute actual d. No path-level causal claim.
2001,middle,8,<WORKSPACE>/Gaussian/A17/EXCHANGE_R1/results/object_2001_middle,e076178633bf9785d5aa8753ba8ccee97b67a6fc13c2032433576194de3221a3,e0bf563b31bd47b8229475c739278acbcfa609d023117c83b70f211d928128b3,d_anchor_quadratic,73,1.453562775022286e-06,Same checkpoint and candidate endpoints. v only a score direction; all choices execute actual d. No path-level causal claim.
2001,middle,16,<WORKSPACE>/Gaussian/A17/EXCHANGE_R1/results/object_2001_middle,e076178633bf9785d5aa8753ba8ccee97b67a6fc13c2032433576194de3221a3,e0bf563b31bd47b8229475c739278acbcfa609d023117c83b70f211d928128b3,v_full_linear,66,-5.415796355777976e-07,Same checkpoint and candidate endpoints. v only a score direction; all choices execute actual d. No path-level causal claim.
2001,middle,16,<WORKSPACE>/Gaussian/A17/EXCHANGE_R1/results/object_2001_middle,e076178633bf9785d5aa8753ba8ccee97b67a6fc13c2032433576194de3221a3,e0bf563b31bd47b8229475c739278acbcfa609d023117c83b70f211d928128b3,v_full_quadratic,9,-2.2251785240927805e-06,Same checkpoint and candidate endpoints. v only a score direction; all choices execute actual d. No path-level causal claim.
2001,middle,16,<WORKSPACE>/Gaussian/A17/EXCHANGE_R1/results/object_2001_middle,e076178633bf9785d5aa8753ba8ccee97b67a6fc13c2032433576194de3221a3,e0bf563b31bd47b8229475c739278acbcfa609d023117c83b70f211d928128b3,v_anchor_linear,2,-1.7325542220141043e-06,Same checkpoint and candidate endpoints. v only a score direction; all choices execute actual d. No path-level causal claim.
2001,middle,16,<WORKSPACE>/Gaussian/A17/EXCHANGE_R1/results/object_2001_middle,e076178633bf9785d5aa8753ba8ccee97b67a6fc13c2032433576194de3221a3,e0bf563b31bd47b8229475c739278acbcfa609d023117c83b70f211d928128b3,v_anchor_quadratic,160,-9.305017660943801e-08,Same checkpoint and candidate endpoints. v only a score direction; all choices execute actual d. No path-level causal claim.
2001,middle,16,<WORKSPACE>/Gaussian/A17/EXCHANGE_R1/results/object_2001_middle,e076178633bf9785d5aa8753ba8ccee97b67a6fc13c2032433576194de3221a3,e0bf563b31bd47b8229475c739278acbcfa609d023117c83b70f211d928128b3,d_full_linear,0,-2.1991232770717605e-06,Same checkpoint and candidate endpoints. v only a score direction; all choices execute actual d. No path-level causal claim.
2001,middle,16,<WORKSPACE>/Gaussian/A17/EXCHANGE_R1/results/object_2001_middle,e076178633bf9785d5aa8753ba8ccee97b67a6fc13c2032433576194de3221a3,e0bf563b31bd47b8229475c739278acbcfa609d023117c83b70f211d928128b3,d_full_quadratic,162,1.5926417007388133e-07,Same checkpoint and candidate endpoints. v only a score direction; all choices execute actual d. No path-level causal claim.
2001,middle,16,<WORKSPACE>/Gaussian/A17/EXCHANGE_R1/results/object_2001_middle,e076178633bf9785d5aa8753ba8ccee97b67a6fc13c2032433576194de3221a3,e0bf563b31bd47b8229475c739278acbcfa609d023117c83b70f211d928128b3,d_anchor_linear,0,-2.1991232770717605e-06,Same checkpoint and candidate endpoints. v only a score direction; all choices execute actual d. No path-level causal claim.
2001,middle,16,<WORKSPACE>/Gaussian/A17/EXCHANGE_R1/results/object_2001_middle,e076178633bf9785d5aa8753ba8ccee97b67a6fc13c2032433576194de3221a3,e0bf563b31bd47b8229475c739278acbcfa609d023117c83b70f211d928128b3,d_anchor_quadratic,160,-9.305017660943801e-08,Same checkpoint and candidate endpoints. v only a score direction; all choices execute actual d. No path-level causal claim.
2007,early,4,<WORKSPACE>/Gaussian/A17/EXCHANGE_R1/results/object_2007_early_portable,25387349f2beb0f96d242ca9b954a62e6bfcc22e30747f954ca70f472e65a2bd,26106a1c238544d78f76de616ce9d2614f2f15120f481ce864ad6bd62b0113ef,v_full_linear,19,-0.00989577532960284,Same checkpoint and candidate endpoints. v only a score direction; all choices execute actual d. No path-level causal claim.
2007,early,4,<WORKSPACE>/Gaussian/A17/EXCHANGE_R1/results/object_2007_early_portable,25387349f2beb0f96d242ca9b954a62e6bfcc22e30747f954ca70f472e65a2bd,26106a1c238544d78f76de616ce9d2614f2f15120f481ce864ad6bd62b0113ef,v_full_quadratic,38,-0.004343579335734303,Same checkpoint and candidate endpoints. v only a score direction; all choices execute actual d. No path-level causal claim.
2007,early,4,<WORKSPACE>/Gaussian/A17/EXCHANGE_R1/results/object_2007_early_portable,25387349f2beb0f96d242ca9b954a62e6bfcc22e30747f954ca70f472e65a2bd,26106a1c238544d78f76de616ce9d2614f2f15120f481ce864ad6bd62b0113ef,v_anchor_linear,19,-0.00989577532960284,Same checkpoint and candidate endpoints. v only a score direction; all choices execute actual d. No path-level causal claim.
2007,early,4,<WORKSPACE>/Gaussian/A17/EXCHANGE_R1/results/object_2007_early_portable,25387349f2beb0f96d242ca9b954a62e6bfcc22e30747f954ca70f472e65a2bd,26106a1c238544d78f76de616ce9d2614f2f15120f481ce864ad6bd62b0113ef,v_anchor_quadratic,38,-0.004343579335734303,Same checkpoint and candidate endpoints. v only a score direction; all choices execute actual d. No path-level causal claim.
2007,early,4,<WORKSPACE>/Gaussian/A17/EXCHANGE_R1/results/object_2007_early_portable,25387349f2beb0f96d242ca9b954a62e6bfcc22e30747f954ca70f472e65a2bd,26106a1c238544d78f76de616ce9d2614f2f15120f481ce864ad6bd62b0113ef,d_full_linear,26,-0.011329330299066617,Same checkpoint and candidate endpoints. v only a score direction; all choices execute actual d. No path-level causal claim.
2007,early,4,<WORKSPACE>/Gaussian/A17/EXCHANGE_R1/results/object_2007_early_portable,25387349f2beb0f96d242ca9b954a62e6bfcc22e30747f954ca70f472e65a2bd,26106a1c238544d78f76de616ce9d2614f2f15120f481ce864ad6bd62b0113ef,d_full_quadratic,13,4.4504738239144165e-06,Same checkpoint and candidate endpoints. v only a score direction; all choices execute actual d. No path-level causal claim.
2007,early,4,<WORKSPACE>/Gaussian/A17/EXCHANGE_R1/results/object_2007_early_portable,25387349f2beb0f96d242ca9b954a62e6bfcc22e30747f954ca70f472e65a2bd,26106a1c238544d78f76de616ce9d2614f2f15120f481ce864ad6bd62b0113ef,d_anchor_linear,26,-0.011329330299066617,Same checkpoint and candidate endpoints. v only a score direction; all choices execute actual d. No path-level causal claim.
2007,early,4,<WORKSPACE>/Gaussian/A17/EXCHANGE_R1/results/object_2007_early_portable,25387349f2beb0f96d242ca9b954a62e6bfcc22e30747f954ca70f472e65a2bd,26106a1c238544d78f76de616ce9d2614f2f15120f481ce864ad6bd62b0113ef,d_anchor_quadratic,13,4.4504738239144165e-06,Same checkpoint and candidate endpoints. v only a score direction; all choices execute actual d. No path-level causal claim.
2007,early,8,<WORKSPACE>/Gaussian/A17/EXCHANGE_R1/results/object_2007_early_portable,25387349f2beb0f96d242ca9b954a62e6bfcc22e30747f954ca70f472e65a2bd,26106a1c238544d78f76de616ce9d2614f2f15120f481ce864ad6bd62b0113ef,v_full_linear,25,-6.778635306550934e-05,Same checkpoint and candidate endpoints. v only a score direction; all choices execute actual d. No path-level causal claim.
2007,early,8,<WORKSPACE>/Gaussian/A17/EXCHANGE_R1/results/object_2007_early_portable,25387349f2beb0f96d242ca9b954a62e6bfcc22e30747f954ca70f472e65a2bd,26106a1c238544d78f76de616ce9d2614f2f15120f481ce864ad6bd62b0113ef,v_full_quadratic,91,-0.0006838240666560598,Same checkpoint and candidate endpoints. v only a score direction; all choices execute actual d. No path-level causal claim.
2007,early,8,<WORKSPACE>/Gaussian/A17/EXCHANGE_R1/results/object_2007_early_portable,25387349f2beb0f96d242ca9b954a62e6bfcc22e30747f954ca70f472e65a2bd,26106a1c238544d78f76de616ce9d2614f2f15120f481ce864ad6bd62b0113ef,v_anchor_linear,25,-6.778635306550934e-05,Same checkpoint and candidate endpoints. v only a score direction; all choices execute actual d. No path-level causal claim.
2007,early,8,<WORKSPACE>/Gaussian/A17/EXCHANGE_R1/results/object_2007_early_portable,25387349f2beb0f96d242ca9b954a62e6bfcc22e30747f954ca70f472e65a2bd,26106a1c238544d78f76de616ce9d2614f2f15120f481ce864ad6bd62b0113ef,v_anchor_quadratic,79,-0.0007803276360132043,Same checkpoint and candidate endpoints. v only a score direction; all choices execute actual d. No path-level causal claim.
2007,early,8,<WORKSPACE>/Gaussian/A17/EXCHANGE_R1/results/object_2007_early_portable,25387349f2beb0f96d242ca9b954a62e6bfcc22e30747f954ca70f472e65a2bd,26106a1c238544d78f76de616ce9d2614f2f15120f481ce864ad6bd62b0113ef,d_full_linear,26,-0.00438305580354553,Same checkpoint and candidate endpoints. v only a score direction; all choices execute actual d. No path-level causal claim.
2007,early,8,<WORKSPACE>/Gaussian/A17/EXCHANGE_R1/results/object_2007_early_portable,25387349f2beb0f96d242ca9b954a62e6bfcc22e30747f954ca70f472e65a2bd,26106a1c238544d78f76de616ce9d2614f2f15120f481ce864ad6bd62b0113ef,d_full_quadratic,88,1.5241863002730068e-05,Same checkpoint and candidate endpoints. v only a score direction; all choices execute actual d. No path-level causal claim.
2007,early,8,<WORKSPACE>/Gaussian/A17/EXCHANGE_R1/results/object_2007_early_portable,25387349f2beb0f96d242ca9b954a62e6bfcc22e30747f954ca70f472e65a2bd,26106a1c238544d78f76de616ce9d2614f2f15120f481ce864ad6bd62b0113ef,d_anchor_linear,26,-0.00438305580354553,Same checkpoint and candidate endpoints. v only a score direction; all choices execute actual d. No path-level causal claim.
2007,early,8,<WORKSPACE>/Gaussian/A17/EXCHANGE_R1/results/object_2007_early_portable,25387349f2beb0f96d242ca9b954a62e6bfcc22e30747f954ca70f472e65a2bd,26106a1c238544d78f76de616ce9d2614f2f15120f481ce864ad6bd62b0113ef,d_anchor_quadratic,40,1.4603634063699115e-05,Same checkpoint and candidate endpoints. v only a score direction; all choices execute actual d. No path-level causal claim.
2007,early,16,<WORKSPACE>/Gaussian/A17/EXCHANGE_R1/results/object_2007_early_portable,25387349f2beb0f96d242ca9b954a62e6bfcc22e30747f954ca70f472e65a2bd,26106a1c238544d78f76de616ce9d2614f2f15120f481ce864ad6bd62b0113ef,v_full_linear,18,-0.0002662688698014415,Same checkpoint and candidate endpoints. v only a score direction; all choices execute actual d. No path-level causal claim.
2007,early,16,<WORKSPACE>/Gaussian/A17/EXCHANGE_R1/results/object_2007_early_portable,25387349f2beb0f96d242ca9b954a62e6bfcc22e30747f954ca70f472e65a2bd,26106a1c238544d78f76de616ce9d2614f2f15120f481ce864ad6bd62b0113ef,v_full_quadratic,148,7.090590556602532e-06,Same checkpoint and candidate endpoints. v only a score direction; all choices execute actual d. No path-level causal claim.
2007,early,16,<WORKSPACE>/Gaussian/A17/EXCHANGE_R1/results/object_2007_early_portable,25387349f2beb0f96d242ca9b954a62e6bfcc22e30747f954ca70f472e65a2bd,26106a1c238544d78f76de616ce9d2614f2f15120f481ce864ad6bd62b0113ef,v_anchor_linear,18,-0.0002662688698014415,Same checkpoint and candidate endpoints. v only a score direction; all choices execute actual d. No path-level causal claim.
2007,early,16,<WORKSPACE>/Gaussian/A17/EXCHANGE_R1/results/object_2007_early_portable,25387349f2beb0f96d242ca9b954a62e6bfcc22e30747f954ca70f472e65a2bd,26106a1c238544d78f76de616ce9d2614f2f15120f481ce864ad6bd62b0113ef,v_anchor_quadratic,148,7.090590556602532e-06,Same checkpoint and candidate endpoints. v only a score direction; all choices execute actual d. No path-level causal claim.
2007,early,16,<WORKSPACE>/Gaussian/A17/EXCHANGE_R1/results/object_2007_early_portable,25387349f2beb0f96d242ca9b954a62e6bfcc22e30747f954ca70f472e65a2bd,26106a1c238544d78f76de616ce9d2614f2f15120f481ce864ad6bd62b0113ef,d_full_linear,26,-0.0006668800632441377,Same checkpoint and candidate endpoints. v only a score direction; all choices execute actual d. No path-level causal claim.
2007,early,16,<WORKSPACE>/Gaussian/A17/EXCHANGE_R1/results/object_2007_early_portable,25387349f2beb0f96d242ca9b954a62e6bfcc22e30747f954ca70f472e65a2bd,26106a1c238544d78f76de616ce9d2614f2f15120f481ce864ad6bd62b0113ef,d_full_quadratic,25,7.973100990753737e-06,Same checkpoint and candidate endpoints. v only a score direction; all choices execute actual d. No path-level causal claim.
2007,early,16,<WORKSPACE>/Gaussian/A17/EXCHANGE_R1/results/object_2007_early_portable,25387349f2beb0f96d242ca9b954a62e6bfcc22e30747f954ca70f472e65a2bd,26106a1c238544d78f76de616ce9d2614f2f15120f481ce864ad6bd62b0113ef,d_anchor_linear,26,-0.0006668800632441377,Same checkpoint and candidate endpoints. v only a score direction; all choices execute actual d. No path-level causal claim.
2007,early,16,<WORKSPACE>/Gaussian/A17/EXCHANGE_R1/results/object_2007_early_portable,25387349f2beb0f96d242ca9b954a62e6bfcc22e30747f954ca70f472e65a2bd,26106a1c238544d78f76de616ce9d2614f2f15120f481ce864ad6bd62b0113ef,d_anchor_quadratic,88,7.365316744586514e-06,Same checkpoint and candidate endpoints. v only a score direction; all choices execute actual d. No path-level causal claim.
2007,late,4,<WORKSPACE>/Gaussian/A17/EXCHANGE_R1/results/object_2007_late,8b6ae019adc6227a1c90d1bb327c514b1a79631e0803834efb187b2f9b415f24,87b802fa63668f337f8ab5563faed5907a2fbbc8afe91916d542368a05106d7c,v_full_linear,37,-2.9505645041591487e-05,Same checkpoint and candidate endpoints. v only a score direction; all choices execute actual d. No path-level causal claim.
2007,late,4,<WORKSPACE>/Gaussian/A17/EXCHANGE_R1/results/object_2007_late,8b6ae019adc6227a1c90d1bb327c514b1a79631e0803834efb187b2f9b415f24,87b802fa63668f337f8ab5563faed5907a2fbbc8afe91916d542368a05106d7c,v_full_quadratic,45,-0.00025442474222042656,Same checkpoint and candidate endpoints. v only a score direction; all choices execute actual d. No path-level causal claim.
2007,late,4,<WORKSPACE>/Gaussian/A17/EXCHANGE_R1/results/object_2007_late,8b6ae019adc6227a1c90d1bb327c514b1a79631e0803834efb187b2f9b415f24,87b802fa63668f337f8ab5563faed5907a2fbbc8afe91916d542368a05106d7c,v_anchor_linear,37,-2.9505645041591487e-05,Same checkpoint and candidate endpoints. v only a score direction; all choices execute actual d. No path-level causal claim.
2007,late,4,<WORKSPACE>/Gaussian/A17/EXCHANGE_R1/results/object_2007_late,8b6ae019adc6227a1c90d1bb327c514b1a79631e0803834efb187b2f9b415f24,87b802fa63668f337f8ab5563faed5907a2fbbc8afe91916d542368a05106d7c,v_anchor_quadratic,45,-0.00025442474222042656,Same checkpoint and candidate endpoints. v only a score direction; all choices execute actual d. No path-level causal claim.
2007,late,4,<WORKSPACE>/Gaussian/A17/EXCHANGE_R1/results/object_2007_late,8b6ae019adc6227a1c90d1bb327c514b1a79631e0803834efb187b2f9b415f24,87b802fa63668f337f8ab5563faed5907a2fbbc8afe91916d542368a05106d7c,d_full_linear,41,-0.0002813664908059002,Same checkpoint and candidate endpoints. v only a score direction; all choices execute actual d. No path-level causal claim.
2007,late,4,<WORKSPACE>/Gaussian/A17/EXCHANGE_R1/results/object_2007_late,8b6ae019adc6227a1c90d1bb327c514b1a79631e0803834efb187b2f9b415f24,87b802fa63668f337f8ab5563faed5907a2fbbc8afe91916d542368a05106d7c,d_full_quadratic,21,1.7459370044029595e-05,Same checkpoint and candidate endpoints. v only a score direction; all choices execute actual d. No path-level causal claim.
2007,late,4,<WORKSPACE>/Gaussian/A17/EXCHANGE_R1/results/object_2007_late,8b6ae019adc6227a1c90d1bb327c514b1a79631e0803834efb187b2f9b415f24,87b802fa63668f337f8ab5563faed5907a2fbbc8afe91916d542368a05106d7c,d_anchor_linear,41,-0.0002813664908059002,Same checkpoint and candidate endpoints. v only a score direction; all choices execute actual d. No path-level causal claim.
2007,late,4,<WORKSPACE>/Gaussian/A17/EXCHANGE_R1/results/object_2007_late,8b6ae019adc6227a1c90d1bb327c514b1a79631e0803834efb187b2f9b415f24,87b802fa63668f337f8ab5563faed5907a2fbbc8afe91916d542368a05106d7c,d_anchor_quadratic,19,1.6895980489116168e-05,Same checkpoint and candidate endpoints. v only a score direction; all choices execute actual d. No path-level causal claim.
2007,late,8,<WORKSPACE>/Gaussian/A17/EXCHANGE_R1/results/object_2007_late,8b6ae019adc6227a1c90d1bb327c514b1a79631e0803834efb187b2f9b415f24,87b802fa63668f337f8ab5563faed5907a2fbbc8afe91916d542368a05106d7c,v_full_linear,78,-3.151177446018087e-06,Same checkpoint and candidate endpoints. v only a score direction; all choices execute actual d. No path-level causal claim.
2007,late,8,<WORKSPACE>/Gaussian/A17/EXCHANGE_R1/results/object_2007_late,8b6ae019adc6227a1c90d1bb327c514b1a79631e0803834efb187b2f9b415f24,87b802fa63668f337f8ab5563faed5907a2fbbc8afe91916d542368a05106d7c,v_full_quadratic,45,-3.5561872566562043e-06,Same checkpoint and candidate endpoints. v only a score direction; all choices execute actual d. No path-level causal claim.
2007,late,8,<WORKSPACE>/Gaussian/A17/EXCHANGE_R1/results/object_2007_late,8b6ae019adc6227a1c90d1bb327c514b1a79631e0803834efb187b2f9b415f24,87b802fa63668f337f8ab5563faed5907a2fbbc8afe91916d542368a05106d7c,v_anchor_linear,78,-3.151177446018087e-06,Same checkpoint and candidate endpoints. v only a score direction; all choices execute actual d. No path-level causal claim.
2007,late,8,<WORKSPACE>/Gaussian/A17/EXCHANGE_R1/results/object_2007_late,8b6ae019adc6227a1c90d1bb327c514b1a79631e0803834efb187b2f9b415f24,87b802fa63668f337f8ab5563faed5907a2fbbc8afe91916d542368a05106d7c,v_anchor_quadratic,45,-3.5561872566562043e-06,Same checkpoint and candidate endpoints. v only a score direction; all choices execute actual d. No path-level causal claim.
2007,late,8,<WORKSPACE>/Gaussian/A17/EXCHANGE_R1/results/object_2007_late,8b6ae019adc6227a1c90d1bb327c514b1a79631e0803834efb187b2f9b415f24,87b802fa63668f337f8ab5563faed5907a2fbbc8afe91916d542368a05106d7c,d_full_linear,13,-2.4647811098796542e-05,Same checkpoint and candidate endpoints. v only a score direction; all choices execute actual d. No path-level causal claim.
2007,late,8,<WORKSPACE>/Gaussian/A17/EXCHANGE_R1/results/object_2007_late,8b6ae019adc6227a1c90d1bb327c514b1a79631e0803834efb187b2f9b415f24,87b802fa63668f337f8ab5563faed5907a2fbbc8afe91916d542368a05106d7c,d_full_quadratic,3,1.4981559213748373e-05,Same checkpoint and candidate endpoints. v only a score direction; all choices execute actual d. No path-level causal claim.
2007,late,8,<WORKSPACE>/Gaussian/A17/EXCHANGE_R1/results/object_2007_late,8b6ae019adc6227a1c90d1bb327c514b1a79631e0803834efb187b2f9b415f24,87b802fa63668f337f8ab5563faed5907a2fbbc8afe91916d542368a05106d7c,d_anchor_linear,13,-2.4647811098796542e-05,Same checkpoint and candidate endpoints. v only a score direction; all choices execute actual d. No path-level causal claim.
2007,late,8,<WORKSPACE>/Gaussian/A17/EXCHANGE_R1/results/object_2007_late,8b6ae019adc6227a1c90d1bb327c514b1a79631e0803834efb187b2f9b415f24,87b802fa63668f337f8ab5563faed5907a2fbbc8afe91916d542368a05106d7c,d_anchor_quadratic,3,1.4981559213748373e-05,Same checkpoint and candidate endpoints. v only a score direction; all choices execute actual d. No path-level causal claim.
2007,late,16,<WORKSPACE>/Gaussian/A17/EXCHANGE_R1/results/object_2007_late,8b6ae019adc6227a1c90d1bb327c514b1a79631e0803834efb187b2f9b415f24,87b802fa63668f337f8ab5563faed5907a2fbbc8afe91916d542368a05106d7c,v_full_linear,19,-3.408980946062389e-07,Same checkpoint and candidate endpoints. v only a score direction; all choices execute actual d. No path-level causal claim.
2007,late,16,<WORKSPACE>/Gaussian/A17/EXCHANGE_R1/results/object_2007_late,8b6ae019adc6227a1c90d1bb327c514b1a79631e0803834efb187b2f9b415f24,87b802fa63668f337f8ab5563faed5907a2fbbc8afe91916d542368a05106d7c,v_full_quadratic,25,1.3735271309564675e-06,Same checkpoint and candidate endpoints. v only a score direction; all choices execute actual d. No path-level causal claim.
2007,late,16,<WORKSPACE>/Gaussian/A17/EXCHANGE_R1/results/object_2007_late,8b6ae019adc6227a1c90d1bb327c514b1a79631e0803834efb187b2f9b415f24,87b802fa63668f337f8ab5563faed5907a2fbbc8afe91916d542368a05106d7c,v_anchor_linear,19,-3.408980946062389e-07,Same checkpoint and candidate endpoints. v only a score direction; all choices execute actual d. No path-level causal claim.
2007,late,16,<WORKSPACE>/Gaussian/A17/EXCHANGE_R1/results/object_2007_late,8b6ae019adc6227a1c90d1bb327c514b1a79631e0803834efb187b2f9b415f24,87b802fa63668f337f8ab5563faed5907a2fbbc8afe91916d542368a05106d7c,v_anchor_quadratic,169,-9.443632806248288e-07,Same checkpoint and candidate endpoints. v only a score direction; all choices execute actual d. No path-level causal claim.
2007,late,16,<WORKSPACE>/Gaussian/A17/EXCHANGE_R1/results/object_2007_late,8b6ae019adc6227a1c90d1bb327c514b1a79631e0803834efb187b2f9b415f24,87b802fa63668f337f8ab5563faed5907a2fbbc8afe91916d542368a05106d7c,d_full_linear,32,-1.414190948456453e-06,Same checkpoint and candidate endpoints. v only a score direction; all choices execute actual d. No path-level causal claim.
2007,late,16,<WORKSPACE>/Gaussian/A17/EXCHANGE_R1/results/object_2007_late,8b6ae019adc6227a1c90d1bb327c514b1a79631e0803834efb187b2f9b415f24,87b802fa63668f337f8ab5563faed5907a2fbbc8afe91916d542368a05106d7c,d_full_quadratic,24,1.7701302017123487e-06,Same checkpoint and candidate endpoints. v only a score direction; all choices execute actual d. No path-level causal claim.
2007,late,16,<WORKSPACE>/Gaussian/A17/EXCHANGE_R1/results/object_2007_late,8b6ae019adc6227a1c90d1bb327c514b1a79631e0803834efb187b2f9b415f24,87b802fa63668f337f8ab5563faed5907a2fbbc8afe91916d542368a05106d7c,d_anchor_linear,32,-1.414190948456453e-06,Same checkpoint and candidate endpoints. v only a score direction; all choices execute actual d. No path-level causal claim.
2007,late,16,<WORKSPACE>/Gaussian/A17/EXCHANGE_R1/results/object_2007_late,8b6ae019adc6227a1c90d1bb327c514b1a79631e0803834efb187b2f9b415f24,87b802fa63668f337f8ab5563faed5907a2fbbc8afe91916d542368a05106d7c,d_anchor_quadratic,30,1.4234606190122053e-06,Same checkpoint and candidate endpoints. v only a score direction; all choices execute actual d. No path-level causal claim.
2007,middle,4,<WORKSPACE>/Gaussian/A17/EXCHANGE_R1/results/object_2007_middle,b21bb4739b29eb7a9609a3988b53c0feb3fd02e4cc8439d65a6ab1dcdbb7ea25,7c708621363a1f54816c3f30f0a5b9490c9fcb305df7cf817f3398432fe3c9bc,v_full_linear,37,4.047058917734376e-06,Same checkpoint and candidate endpoints. v only a score direction; all choices execute actual d. No path-level causal claim.
2007,middle,4,<WORKSPACE>/Gaussian/A17/EXCHANGE_R1/results/object_2007_middle,b21bb4739b29eb7a9609a3988b53c0feb3fd02e4cc8439d65a6ab1dcdbb7ea25,7c708621363a1f54816c3f30f0a5b9490c9fcb305df7cf817f3398432fe3c9bc,v_full_quadratic,25,3.2296362888338144e-05,Same checkpoint and candidate endpoints. v only a score direction; all choices execute actual d. No path-level causal claim.
2007,middle,4,<WORKSPACE>/Gaussian/A17/EXCHANGE_R1/results/object_2007_middle,b21bb4739b29eb7a9609a3988b53c0feb3fd02e4cc8439d65a6ab1dcdbb7ea25,7c708621363a1f54816c3f30f0a5b9490c9fcb305df7cf817f3398432fe3c9bc,v_anchor_linear,37,4.047058917734376e-06,Same checkpoint and candidate endpoints. v only a score direction; all choices execute actual d. No path-level causal claim.
2007,middle,4,<WORKSPACE>/Gaussian/A17/EXCHANGE_R1/results/object_2007_middle,b21bb4739b29eb7a9609a3988b53c0feb3fd02e4cc8439d65a6ab1dcdbb7ea25,7c708621363a1f54816c3f30f0a5b9490c9fcb305df7cf817f3398432fe3c9bc,v_anchor_quadratic,25,3.2296362888338144e-05,Same checkpoint and candidate endpoints. v only a score direction; all choices execute actual d. No path-level causal claim.
2007,middle,4,<WORKSPACE>/Gaussian/A17/EXCHANGE_R1/results/object_2007_middle,b21bb4739b29eb7a9609a3988b53c0feb3fd02e4cc8439d65a6ab1dcdbb7ea25,7c708621363a1f54816c3f30f0a5b9490c9fcb305df7cf817f3398432fe3c9bc,d_full_linear,13,3.2669328787867546e-05,Same checkpoint and candidate endpoints. v only a score direction; all choices execute actual d. No path-level causal claim.
2007,middle,4,<WORKSPACE>/Gaussian/A17/EXCHANGE_R1/results/object_2007_middle,b21bb4739b29eb7a9609a3988b53c0feb3fd02e4cc8439d65a6ab1dcdbb7ea25,7c708621363a1f54816c3f30f0a5b9490c9fcb305df7cf817f3398432fe3c9bc,d_full_quadratic,0,3.748131981946228e-05,Same checkpoint and candidate endpoints. v only a score direction; all choices execute actual d. No path-level causal claim.
2007,middle,4,<WORKSPACE>/Gaussian/A17/EXCHANGE_R1/results/object_2007_middle,b21bb4739b29eb7a9609a3988b53c0feb3fd02e4cc8439d65a6ab1dcdbb7ea25,7c708621363a1f54816c3f30f0a5b9490c9fcb305df7cf817f3398432fe3c9bc,d_anchor_linear,13,3.2669328787867546e-05,Same checkpoint and candidate endpoints. v only a score direction; all choices execute actual d. No path-level causal claim.
2007,middle,4,<WORKSPACE>/Gaussian/A17/EXCHANGE_R1/results/object_2007_middle,b21bb4739b29eb7a9609a3988b53c0feb3fd02e4cc8439d65a6ab1dcdbb7ea25,7c708621363a1f54816c3f30f0a5b9490c9fcb305df7cf817f3398432fe3c9bc,d_anchor_quadratic,0,3.748131981946228e-05,Same checkpoint and candidate endpoints. v only a score direction; all choices execute actual d. No path-level causal claim.
2007,middle,8,<WORKSPACE>/Gaussian/A17/EXCHANGE_R1/results/object_2007_middle,b21bb4739b29eb7a9609a3988b53c0feb3fd02e4cc8439d65a6ab1dcdbb7ea25,7c708621363a1f54816c3f30f0a5b9490c9fcb305df7cf817f3398432fe3c9bc,v_full_linear,6,5.657865643792113e-06,Same checkpoint and candidate endpoints. v only a score direction; all choices execute actual d. No path-level causal claim.
2007,middle,8,<WORKSPACE>/Gaussian/A17/EXCHANGE_R1/results/object_2007_middle,b21bb4739b29eb7a9609a3988b53c0feb3fd02e4cc8439d65a6ab1dcdbb7ea25,7c708621363a1f54816c3f30f0a5b9490c9fcb305df7cf817f3398432fe3c9bc,v_full_quadratic,91,2.184263363891641e-06,Same checkpoint and candidate endpoints. v only a score direction; all choices execute actual d. No path-level causal claim.
2007,middle,8,<WORKSPACE>/Gaussian/A17/EXCHANGE_R1/results/object_2007_middle,b21bb4739b29eb7a9609a3988b53c0feb3fd02e4cc8439d65a6ab1dcdbb7ea25,7c708621363a1f54816c3f30f0a5b9490c9fcb305df7cf817f3398432fe3c9bc,v_anchor_linear,6,5.657865643792113e-06,Same checkpoint and candidate endpoints. v only a score direction; all choices execute actual d. No path-level causal claim.
2007,middle,8,<WORKSPACE>/Gaussian/A17/EXCHANGE_R1/results/object_2007_middle,b21bb4739b29eb7a9609a3988b53c0feb3fd02e4cc8439d65a6ab1dcdbb7ea25,7c708621363a1f54816c3f30f0a5b9490c9fcb305df7cf817f3398432fe3c9bc,v_anchor_quadratic,91,2.184263363891641e-06,Same checkpoint and candidate endpoints. v only a score direction; all choices execute actual d. No path-level causal claim.
2007,middle,8,<WORKSPACE>/Gaussian/A17/EXCHANGE_R1/results/object_2007_middle,b21bb4739b29eb7a9609a3988b53c0feb3fd02e4cc8439d65a6ab1dcdbb7ea25,7c708621363a1f54816c3f30f0a5b9490c9fcb305df7cf817f3398432fe3c9bc,d_full_linear,17,-5.651465374368277e-06,Same checkpoint and candidate endpoints. v only a score direction; all choices execute actual d. No path-level causal claim.
2007,middle,8,<WORKSPACE>/Gaussian/A17/EXCHANGE_R1/results/object_2007_middle,b21bb4739b29eb7a9609a3988b53c0feb3fd02e4cc8439d65a6ab1dcdbb7ea25,7c708621363a1f54816c3f30f0a5b9490c9fcb305df7cf817f3398432fe3c9bc,d_full_quadratic,6,5.657865643792113e-06,Same checkpoint and candidate endpoints. v only a score direction; all choices execute actual d. No path-level causal claim.
2007,middle,8,<WORKSPACE>/Gaussian/A17/EXCHANGE_R1/results/object_2007_middle,b21bb4739b29eb7a9609a3988b53c0feb3fd02e4cc8439d65a6ab1dcdbb7ea25,7c708621363a1f54816c3f30f0a5b9490c9fcb305df7cf817f3398432fe3c9bc,d_anchor_linear,17,-5.651465374368277e-06,Same checkpoint and candidate endpoints. v only a score direction; all choices execute actual d. No path-level causal claim.
2007,middle,8,<WORKSPACE>/Gaussian/A17/EXCHANGE_R1/results/object_2007_middle,b21bb4739b29eb7a9609a3988b53c0feb3fd02e4cc8439d65a6ab1dcdbb7ea25,7c708621363a1f54816c3f30f0a5b9490c9fcb305df7cf817f3398432fe3c9bc,d_anchor_quadratic,6,5.657865643792113e-06,Same checkpoint and candidate endpoints. v only a score direction; all choices execute actual d. No path-level causal claim.
2007,middle,16,<WORKSPACE>/Gaussian/A17/EXCHANGE_R1/results/object_2007_middle,b21bb4739b29eb7a9609a3988b53c0feb3fd02e4cc8439d65a6ab1dcdbb7ea25,7c708621363a1f54816c3f30f0a5b9490c9fcb305df7cf817f3398432fe3c9bc,v_full_linear,31,-2.5903242238657633e-06,Same checkpoint and candidate endpoints. v only a score direction; all choices execute actual d. No path-level causal claim.
2007,middle,16,<WORKSPACE>/Gaussian/A17/EXCHANGE_R1/results/object_2007_middle,b21bb4739b29eb7a9609a3988b53c0feb3fd02e4cc8439d65a6ab1dcdbb7ea25,7c708621363a1f54816c3f30f0a5b9490c9fcb305df7cf817f3398432fe3c9bc,v_full_quadratic,25,2.9322476601206583e-07,Same checkpoint and candidate endpoints. v only a score direction; all choices execute actual d. No path-level causal claim.
2007,middle,16,<WORKSPACE>/Gaussian/A17/EXCHANGE_R1/results/object_2007_middle,b21bb4739b29eb7a9609a3988b53c0feb3fd02e4cc8439d65a6ab1dcdbb7ea25,7c708621363a1f54816c3f30f0a5b9490c9fcb305df7cf817f3398432fe3c9bc,v_anchor_linear,31,-2.5903242238657633e-06,Same checkpoint and candidate endpoints. v only a score direction; all choices execute actual d. No path-level causal claim.
2007,middle,16,<WORKSPACE>/Gaussian/A17/EXCHANGE_R1/results/object_2007_middle,b21bb4739b29eb7a9609a3988b53c0feb3fd02e4cc8439d65a6ab1dcdbb7ea25,7c708621363a1f54816c3f30f0a5b9490c9fcb305df7cf817f3398432fe3c9bc,v_anchor_quadratic,25,2.9322476601206583e-07,Same checkpoint and candidate endpoints. v only a score direction; all choices execute actual d. No path-level causal claim.
2007,middle,16,<WORKSPACE>/Gaussian/A17/EXCHANGE_R1/results/object_2007_middle,b21bb4739b29eb7a9609a3988b53c0feb3fd02e4cc8439d65a6ab1dcdbb7ea25,7c708621363a1f54816c3f30f0a5b9490c9fcb305df7cf817f3398432fe3c9bc,d_full_linear,31,-2.5903242238657633e-06,Same checkpoint and candidate endpoints. v only a score direction; all choices execute actual d. No path-level causal claim.
2007,middle,16,<WORKSPACE>/Gaussian/A17/EXCHANGE_R1/results/object_2007_middle,b21bb4739b29eb7a9609a3988b53c0feb3fd02e4cc8439d65a6ab1dcdbb7ea25,7c708621363a1f54816c3f30f0a5b9490c9fcb305df7cf817f3398432fe3c9bc,d_full_quadratic,1,8.659950704754681e-07,Same checkpoint and candidate endpoints. v only a score direction; all choices execute actual d. No path-level causal claim.
2007,middle,16,<WORKSPACE>/Gaussian/A17/EXCHANGE_R1/results/object_2007_middle,b21bb4739b29eb7a9609a3988b53c0feb3fd02e4cc8439d65a6ab1dcdbb7ea25,7c708621363a1f54816c3f30f0a5b9490c9fcb305df7cf817f3398432fe3c9bc,d_anchor_linear,31,-2.5903242238657633e-06,Same checkpoint and candidate endpoints. v only a score direction; all choices execute actual d. No path-level causal claim.
2007,middle,16,<WORKSPACE>/Gaussian/A17/EXCHANGE_R1/results/object_2007_middle,b21bb4739b29eb7a9609a3988b53c0feb3fd02e4cc8439d65a6ab1dcdbb7ea25,7c708621363a1f54816c3f30f0a5b9490c9fcb305df7cf817f3398432fe3c9bc,d_anchor_quadratic,1,8.659950704754681e-07,Same checkpoint and candidate endpoints. v only a score direction; all choices execute actual d. No path-level causal claim.
2012,early,4,<WORKSPACE>/Gaussian/A17/EXCHANGE_R1/results/object_2012_early,25387349f2beb0f96d242ca9b954a62e6bfcc22e30747f954ca70f472e65a2bd,1b8d28c9a325e4528b333f93c4eb260b516b3016d9e8c823bf68a33812c2279c,v_full_linear,21,-0.002852352944178365,Same checkpoint and candidate endpoints. v only a score direction; all choices execute actual d. No path-level causal claim.
2012,early,4,<WORKSPACE>/Gaussian/A17/EXCHANGE_R1/results/object_2012_early,25387349f2beb0f96d242ca9b954a62e6bfcc22e30747f954ca70f472e65a2bd,1b8d28c9a325e4528b333f93c4eb260b516b3016d9e8c823bf68a33812c2279c,v_full_quadratic,19,0.00034251880394915073,Same checkpoint and candidate endpoints. v only a score direction; all choices execute actual d. No path-level causal claim.
2012,early,4,<WORKSPACE>/Gaussian/A17/EXCHANGE_R1/results/object_2012_early,25387349f2beb0f96d242ca9b954a62e6bfcc22e30747f954ca70f472e65a2bd,1b8d28c9a325e4528b333f93c4eb260b516b3016d9e8c823bf68a33812c2279c,v_anchor_linear,21,-0.002852352944178365,Same checkpoint and candidate endpoints. v only a score direction; all choices execute actual d. No path-level causal claim.
2012,early,4,<WORKSPACE>/Gaussian/A17/EXCHANGE_R1/results/object_2012_early,25387349f2beb0f96d242ca9b954a62e6bfcc22e30747f954ca70f472e65a2bd,1b8d28c9a325e4528b333f93c4eb260b516b3016d9e8c823bf68a33812c2279c,v_anchor_quadratic,19,0.00034251880394915073,Same checkpoint and candidate endpoints. v only a score direction; all choices execute actual d. No path-level causal claim.
2012,early,4,<WORKSPACE>/Gaussian/A17/EXCHANGE_R1/results/object_2012_early,25387349f2beb0f96d242ca9b954a62e6bfcc22e30747f954ca70f472e65a2bd,1b8d28c9a325e4528b333f93c4eb260b516b3016d9e8c823bf68a33812c2279c,d_full_linear,30,-0.019914015300900055,Same checkpoint and candidate endpoints. v only a score direction; all choices execute actual d. No path-level causal claim.
2012,early,4,<WORKSPACE>/Gaussian/A17/EXCHANGE_R1/results/object_2012_early,25387349f2beb0f96d242ca9b954a62e6bfcc22e30747f954ca70f472e65a2bd,1b8d28c9a325e4528b333f93c4eb260b516b3016d9e8c823bf68a33812c2279c,d_full_quadratic,0,0.002044583855756647,Same checkpoint and candidate endpoints. v only a score direction; all choices execute actual d. No path-level causal claim.
2012,early,4,<WORKSPACE>/Gaussian/A17/EXCHANGE_R1/results/object_2012_early,25387349f2beb0f96d242ca9b954a62e6bfcc22e30747f954ca70f472e65a2bd,1b8d28c9a325e4528b333f93c4eb260b516b3016d9e8c823bf68a33812c2279c,d_anchor_linear,30,-0.019914015300900055,Same checkpoint and candidate endpoints. v only a score direction; all choices execute actual d. No path-level causal claim.
2012,early,4,<WORKSPACE>/Gaussian/A17/EXCHANGE_R1/results/object_2012_early,25387349f2beb0f96d242ca9b954a62e6bfcc22e30747f954ca70f472e65a2bd,1b8d28c9a325e4528b333f93c4eb260b516b3016d9e8c823bf68a33812c2279c,d_anchor_quadratic,0,0.002044583855756647,Same checkpoint and candidate endpoints. v only a score direction; all choices execute actual d. No path-level causal claim.
2012,early,8,<WORKSPACE>/Gaussian/A17/EXCHANGE_R1/results/object_2012_early,25387349f2beb0f96d242ca9b954a62e6bfcc22e30747f954ca70f472e65a2bd,1b8d28c9a325e4528b333f93c4eb260b516b3016d9e8c823bf68a33812c2279c,v_full_linear,3,-0.011280643408617577,Same checkpoint and candidate endpoints. v only a score direction; all choices execute actual d. No path-level causal claim.
2012,early,8,<WORKSPACE>/Gaussian/A17/EXCHANGE_R1/results/object_2012_early,25387349f2beb0f96d242ca9b954a62e6bfcc22e30747f954ca70f472e65a2bd,1b8d28c9a325e4528b333f93c4eb260b516b3016d9e8c823bf68a33812c2279c,v_full_quadratic,88,-2.832089809839835e-05,Same checkpoint and candidate endpoints. v only a score direction; all choices execute actual d. No path-level causal claim.
2012,early,8,<WORKSPACE>/Gaussian/A17/EXCHANGE_R1/results/object_2012_early,25387349f2beb0f96d242ca9b954a62e6bfcc22e30747f954ca70f472e65a2bd,1b8d28c9a325e4528b333f93c4eb260b516b3016d9e8c823bf68a33812c2279c,v_anchor_linear,3,-0.011280643408617577,Same checkpoint and candidate endpoints. v only a score direction; all choices execute actual d. No path-level causal claim.
2012,early,8,<WORKSPACE>/Gaussian/A17/EXCHANGE_R1/results/object_2012_early,25387349f2beb0f96d242ca9b954a62e6bfcc22e30747f954ca70f472e65a2bd,1b8d28c9a325e4528b333f93c4eb260b516b3016d9e8c823bf68a33812c2279c,v_anchor_quadratic,88,-2.832089809839835e-05,Same checkpoint and candidate endpoints. v only a score direction; all choices execute actual d. No path-level causal claim.
2012,early,8,<WORKSPACE>/Gaussian/A17/EXCHANGE_R1/results/object_2012_early,25387349f2beb0f96d242ca9b954a62e6bfcc22e30747f954ca70f472e65a2bd,1b8d28c9a325e4528b333f93c4eb260b516b3016d9e8c823bf68a33812c2279c,d_full_linear,28,-0.029278715198099093,Same checkpoint and candidate endpoints. v only a score direction; all choices execute actual d. No path-level causal claim.
2012,early,8,<WORKSPACE>/Gaussian/A17/EXCHANGE_R1/results/object_2012_early,25387349f2beb0f96d242ca9b954a62e6bfcc22e30747f954ca70f472e65a2bd,1b8d28c9a325e4528b333f93c4eb260b516b3016d9e8c823bf68a33812c2279c,d_full_quadratic,49,4.044166117320138e-06,Same checkpoint and candidate endpoints. v only a score direction; all choices execute actual d. No path-level causal claim.
2012,early,8,<WORKSPACE>/Gaussian/A17/EXCHANGE_R1/results/object_2012_early,25387349f2beb0f96d242ca9b954a62e6bfcc22e30747f954ca70f472e65a2bd,1b8d28c9a325e4528b333f93c4eb260b516b3016d9e8c823bf68a33812c2279c,d_anchor_linear,28,-0.029278715198099093,Same checkpoint and candidate endpoints. v only a score direction; all choices execute actual d. No path-level causal claim.
2012,early,8,<WORKSPACE>/Gaussian/A17/EXCHANGE_R1/results/object_2012_early,25387349f2beb0f96d242ca9b954a62e6bfcc22e30747f954ca70f472e65a2bd,1b8d28c9a325e4528b333f93c4eb260b516b3016d9e8c823bf68a33812c2279c,d_anchor_quadratic,48,3.2823942674931855e-06,Same checkpoint and candidate endpoints. v only a score direction; all choices execute actual d. No path-level causal claim.
2012,early,16,<WORKSPACE>/Gaussian/A17/EXCHANGE_R1/results/object_2012_early,25387349f2beb0f96d242ca9b954a62e6bfcc22e30747f954ca70f472e65a2bd,1b8d28c9a325e4528b333f93c4eb260b516b3016d9e8c823bf68a33812c2279c,v_full_linear,18,-0.0008831982711562962,Same checkpoint and candidate endpoints. v only a score direction; all choices execute actual d. No path-level causal claim.
2012,early,16,<WORKSPACE>/Gaussian/A17/EXCHANGE_R1/results/object_2012_early,25387349f2beb0f96d242ca9b954a62e6bfcc22e30747f954ca70f472e65a2bd,1b8d28c9a325e4528b333f93c4eb260b516b3016d9e8c823bf68a33812c2279c,v_full_quadratic,136,2.7828334219177055e-05,Same checkpoint and candidate endpoints. v only a score direction; all choices execute actual d. No path-level causal claim.
2012,early,16,<WORKSPACE>/Gaussian/A17/EXCHANGE_R1/results/object_2012_early,25387349f2beb0f96d242ca9b954a62e6bfcc22e30747f954ca70f472e65a2bd,1b8d28c9a325e4528b333f93c4eb260b516b3016d9e8c823bf68a33812c2279c,v_anchor_linear,6,-0.0004499407852565205,Same checkpoint and candidate endpoints. v only a score direction; all choices execute actual d. No path-level causal claim.
2012,early,16,<WORKSPACE>/Gaussian/A17/EXCHANGE_R1/results/object_2012_early,25387349f2beb0f96d242ca9b954a62e6bfcc22e30747f954ca70f472e65a2bd,1b8d28c9a325e4528b333f93c4eb260b516b3016d9e8c823bf68a33812c2279c,v_anchor_quadratic,136,2.7828334219177055e-05,Same checkpoint and candidate endpoints. v only a score direction; all choices execute actual d. No path-level causal claim.
2012,early,16,<WORKSPACE>/Gaussian/A17/EXCHANGE_R1/results/object_2012_early,25387349f2beb0f96d242ca9b954a62e6bfcc22e30747f954ca70f472e65a2bd,1b8d28c9a325e4528b333f93c4eb260b516b3016d9e8c823bf68a33812c2279c,d_full_linear,23,-0.0012687746857231196,Same checkpoint and candidate endpoints. v only a score direction; all choices execute actual d. No path-level causal claim.
2012,early,16,<WORKSPACE>/Gaussian/A17/EXCHANGE_R1/results/object_2012_early,25387349f2beb0f96d242ca9b954a62e6bfcc22e30747f954ca70f472e65a2bd,1b8d28c9a325e4528b333f93c4eb260b516b3016d9e8c823bf68a33812c2279c,d_full_quadratic,13,5.008171191917656e-05,Same checkpoint and candidate endpoints. v only a score direction; all choices execute actual d. No path-level causal claim.
2012,early,16,<WORKSPACE>/Gaussian/A17/EXCHANGE_R1/results/object_2012_early,25387349f2beb0f96d242ca9b954a62e6bfcc22e30747f954ca70f472e65a2bd,1b8d28c9a325e4528b333f93c4eb260b516b3016d9e8c823bf68a33812c2279c,d_anchor_linear,23,-0.0012687746857231196,Same checkpoint and candidate endpoints. v only a score direction; all choices execute actual d. No path-level causal claim.
2012,early,16,<WORKSPACE>/Gaussian/A17/EXCHANGE_R1/results/object_2012_early,25387349f2beb0f96d242ca9b954a62e6bfcc22e30747f954ca70f472e65a2bd,1b8d28c9a325e4528b333f93c4eb260b516b3016d9e8c823bf68a33812c2279c,d_anchor_quadratic,13,5.008171191917656e-05,Same checkpoint and candidate endpoints. v only a score direction; all choices execute actual d. No path-level causal claim.
2012,late,4,<WORKSPACE>/Gaussian/A17/EXCHANGE_R1/results/object_2012_late,8d23d77df9571531f26acc45ca51dc73068ce28f1180c843477c23bfd995499f,45c6c90baceeac68f1272dbe8de7256e3e0f9523cc12d68b0407332c6d5d0241,v_full_linear,22,3.507088939968479e-05,Same checkpoint and candidate endpoints. v only a score direction; all choices execute actual d. No path-level causal claim.
2012,late,4,<WORKSPACE>/Gaussian/A17/EXCHANGE_R1/results/object_2012_late,8d23d77df9571531f26acc45ca51dc73068ce28f1180c843477c23bfd995499f,45c6c90baceeac68f1272dbe8de7256e3e0f9523cc12d68b0407332c6d5d0241,v_full_quadratic,31,-0.001112191653618004,Same checkpoint and candidate endpoints. v only a score direction; all choices execute actual d. No path-level causal claim.
2012,late,4,<WORKSPACE>/Gaussian/A17/EXCHANGE_R1/results/object_2012_late,8d23d77df9571531f26acc45ca51dc73068ce28f1180c843477c23bfd995499f,45c6c90baceeac68f1272dbe8de7256e3e0f9523cc12d68b0407332c6d5d0241,v_anchor_linear,29,-0.0008164550957162939,Same checkpoint and candidate endpoints. v only a score direction; all choices execute actual d. No path-level causal claim.
2012,late,4,<WORKSPACE>/Gaussian/A17/EXCHANGE_R1/results/object_2012_late,8d23d77df9571531f26acc45ca51dc73068ce28f1180c843477c23bfd995499f,45c6c90baceeac68f1272dbe8de7256e3e0f9523cc12d68b0407332c6d5d0241,v_anchor_quadratic,31,-0.001112191653618004,Same checkpoint and candidate endpoints. v only a score direction; all choices execute actual d. No path-level causal claim.
2012,late,4,<WORKSPACE>/Gaussian/A17/EXCHANGE_R1/results/object_2012_late,8d23d77df9571531f26acc45ca51dc73068ce28f1180c843477c23bfd995499f,45c6c90baceeac68f1272dbe8de7256e3e0f9523cc12d68b0407332c6d5d0241,d_full_linear,30,-0.001239874950374499,Same checkpoint and candidate endpoints. v only a score direction; all choices execute actual d. No path-level causal claim.
2012,late,4,<WORKSPACE>/Gaussian/A17/EXCHANGE_R1/results/object_2012_late,8d23d77df9571531f26acc45ca51dc73068ce28f1180c843477c23bfd995499f,45c6c90baceeac68f1272dbe8de7256e3e0f9523cc12d68b0407332c6d5d0241,d_full_quadratic,6,9.31285435119704e-05,Same checkpoint and candidate endpoints. v only a score direction; all choices execute actual d. No path-level causal claim.
2012,late,4,<WORKSPACE>/Gaussian/A17/EXCHANGE_R1/results/object_2012_late,8d23d77df9571531f26acc45ca51dc73068ce28f1180c843477c23bfd995499f,45c6c90baceeac68f1272dbe8de7256e3e0f9523cc12d68b0407332c6d5d0241,d_anchor_linear,30,-0.001239874950374499,Same checkpoint and candidate endpoints. v only a score direction; all choices execute actual d. No path-level causal claim.
2012,late,4,<WORKSPACE>/Gaussian/A17/EXCHANGE_R1/results/object_2012_late,8d23d77df9571531f26acc45ca51dc73068ce28f1180c843477c23bfd995499f,45c6c90baceeac68f1272dbe8de7256e3e0f9523cc12d68b0407332c6d5d0241,d_anchor_quadratic,6,9.31285435119704e-05,Same checkpoint and candidate endpoints. v only a score direction; all choices execute actual d. No path-level causal claim.
2012,late,8,<WORKSPACE>/Gaussian/A17/EXCHANGE_R1/results/object_2012_late,8d23d77df9571531f26acc45ca51dc73068ce28f1180c843477c23bfd995499f,45c6c90baceeac68f1272dbe8de7256e3e0f9523cc12d68b0407332c6d5d0241,v_full_linear,10,5.818889835984248e-05,Same checkpoint and candidate endpoints. v only a score direction; all choices execute actual d. No path-level causal claim.
2012,late,8,<WORKSPACE>/Gaussian/A17/EXCHANGE_R1/results/object_2012_late,8d23d77df9571531f26acc45ca51dc73068ce28f1180c843477c23bfd995499f,45c6c90baceeac68f1272dbe8de7256e3e0f9523cc12d68b0407332c6d5d0241,v_full_quadratic,58,-6.0655979851689974e-05,Same checkpoint and candidate endpoints. v only a score direction; all choices execute actual d. No path-level causal claim.
2012,late,8,<WORKSPACE>/Gaussian/A17/EXCHANGE_R1/results/object_2012_late,8d23d77df9571531f26acc45ca51dc73068ce28f1180c843477c23bfd995499f,45c6c90baceeac68f1272dbe8de7256e3e0f9523cc12d68b0407332c6d5d0241,v_anchor_linear,10,5.818889835984248e-05,Same checkpoint and candidate endpoints. v only a score direction; all choices execute actual d. No path-level causal claim.
2012,late,8,<WORKSPACE>/Gaussian/A17/EXCHANGE_R1/results/object_2012_late,8d23d77df9571531f26acc45ca51dc73068ce28f1180c843477c23bfd995499f,45c6c90baceeac68f1272dbe8de7256e3e0f9523cc12d68b0407332c6d5d0241,v_anchor_quadratic,36,-8.603037492156358e-06,Same checkpoint and candidate endpoints. v only a score direction; all choices execute actual d. No path-level causal claim.
2012,late,8,<WORKSPACE>/Gaussian/A17/EXCHANGE_R1/results/object_2012_late,8d23d77df9571531f26acc45ca51dc73068ce28f1180c843477c23bfd995499f,45c6c90baceeac68f1272dbe8de7256e3e0f9523cc12d68b0407332c6d5d0241,d_full_linear,6,6.770784345668798e-05,Same checkpoint and candidate endpoints. v only a score direction; all choices execute actual d. No path-level causal claim.
2012,late,8,<WORKSPACE>/Gaussian/A17/EXCHANGE_R1/results/object_2012_late,8d23d77df9571531f26acc45ca51dc73068ce28f1180c843477c23bfd995499f,45c6c90baceeac68f1272dbe8de7256e3e0f9523cc12d68b0407332c6d5d0241,d_full_quadratic,6,6.770784345668798e-05,Same checkpoint and candidate endpoints. v only a score direction; all choices execute actual d. No path-level causal claim.
2012,late,8,<WORKSPACE>/Gaussian/A17/EXCHANGE_R1/results/object_2012_late,8d23d77df9571531f26acc45ca51dc73068ce28f1180c843477c23bfd995499f,45c6c90baceeac68f1272dbe8de7256e3e0f9523cc12d68b0407332c6d5d0241,d_anchor_linear,20,-5.2910728531984096e-05,Same checkpoint and candidate endpoints. v only a score direction; all choices execute actual d. No path-level causal claim.
2012,late,8,<WORKSPACE>/Gaussian/A17/EXCHANGE_R1/results/object_2012_late,8d23d77df9571531f26acc45ca51dc73068ce28f1180c843477c23bfd995499f,45c6c90baceeac68f1272dbe8de7256e3e0f9523cc12d68b0407332c6d5d0241,d_anchor_quadratic,6,6.770784345668798e-05,Same checkpoint and candidate endpoints. v only a score direction; all choices execute actual d. No path-level causal claim.
2012,late,16,<WORKSPACE>/Gaussian/A17/EXCHANGE_R1/results/object_2012_late,8d23d77df9571531f26acc45ca51dc73068ce28f1180c843477c23bfd995499f,45c6c90baceeac68f1272dbe8de7256e3e0f9523cc12d68b0407332c6d5d0241,v_full_linear,9,-1.3403486550343872e-05,Same checkpoint and candidate endpoints. v only a score direction; all choices execute actual d. No path-level causal claim.
2012,late,16,<WORKSPACE>/Gaussian/A17/EXCHANGE_R1/results/object_2012_late,8d23d77df9571531f26acc45ca51dc73068ce28f1180c843477c23bfd995499f,45c6c90baceeac68f1272dbe8de7256e3e0f9523cc12d68b0407332c6d5d0241,v_full_quadratic,115,6.269842396477691e-07,Same checkpoint and candidate endpoints. v only a score direction; all choices execute actual d. No path-level causal claim.
2012,late,16,<WORKSPACE>/Gaussian/A17/EXCHANGE_R1/results/object_2012_late,8d23d77df9571531f26acc45ca51dc73068ce28f1180c843477c23bfd995499f,45c6c90baceeac68f1272dbe8de7256e3e0f9523cc12d68b0407332c6d5d0241,v_anchor_linear,9,-1.3403486550343872e-05,Same checkpoint and candidate endpoints. v only a score direction; all choices execute actual d. No path-level causal claim.
2012,late,16,<WORKSPACE>/Gaussian/A17/EXCHANGE_R1/results/object_2012_late,8d23d77df9571531f26acc45ca51dc73068ce28f1180c843477c23bfd995499f,45c6c90baceeac68f1272dbe8de7256e3e0f9523cc12d68b0407332c6d5d0241,v_anchor_quadratic,57,-2.3998563331038246e-06,Same checkpoint and candidate endpoints. v only a score direction; all choices execute actual d. No path-level causal claim.
2012,late,16,<WORKSPACE>/Gaussian/A17/EXCHANGE_R1/results/object_2012_late,8d23d77df9571531f26acc45ca51dc73068ce28f1180c843477c23bfd995499f,45c6c90baceeac68f1272dbe8de7256e3e0f9523cc12d68b0407332c6d5d0241,d_full_linear,10,-5.636254072286496e-05,Same checkpoint and candidate endpoints. v only a score direction; all choices execute actual d. No path-level causal claim.
2012,late,16,<WORKSPACE>/Gaussian/A17/EXCHANGE_R1/results/object_2012_late,8d23d77df9571531f26acc45ca51dc73068ce28f1180c843477c23bfd995499f,45c6c90baceeac68f1272dbe8de7256e3e0f9523cc12d68b0407332c6d5d0241,d_full_quadratic,114,1.7465164670603108e-05,Same checkpoint and candidate endpoints. v only a score direction; all choices execute actual d. No path-level causal claim.
2012,late,16,<WORKSPACE>/Gaussian/A17/EXCHANGE_R1/results/object_2012_late,8d23d77df9571531f26acc45ca51dc73068ce28f1180c843477c23bfd995499f,45c6c90baceeac68f1272dbe8de7256e3e0f9523cc12d68b0407332c6d5d0241,d_anchor_linear,10,-5.636254072286496e-05,Same checkpoint and candidate endpoints. v only a score direction; all choices execute actual d. No path-level causal claim.
2012,late,16,<WORKSPACE>/Gaussian/A17/EXCHANGE_R1/results/object_2012_late,8d23d77df9571531f26acc45ca51dc73068ce28f1180c843477c23bfd995499f,45c6c90baceeac68f1272dbe8de7256e3e0f9523cc12d68b0407332c6d5d0241,d_anchor_quadratic,134,5.913352332169288e-06,Same checkpoint and candidate endpoints. v only a score direction; all choices execute actual d. No path-level causal claim.
2012,middle,4,<WORKSPACE>/Gaussian/A17/EXCHANGE_R1/results/object_2012_middle,6bb612278b131a2b4bd62344122f5a462651f080d63727a172cd273e16664884,92a2012fcd2c647e2ec3c2ce4ebd22933b2156099a2e0020204ff3316c7ed88c,v_full_linear,15,5.453991470542012e-05,Same checkpoint and candidate endpoints. v only a score direction; all choices execute actual d. No path-level causal claim.
2012,middle,4,<WORKSPACE>/Gaussian/A17/EXCHANGE_R1/results/object_2012_middle,6bb612278b131a2b4bd62344122f5a462651f080d63727a172cd273e16664884,92a2012fcd2c647e2ec3c2ce4ebd22933b2156099a2e0020204ff3316c7ed88c,v_full_quadratic,44,-7.344696210499988e-05,Same checkpoint and candidate endpoints. v only a score direction; all choices execute actual d. No path-level causal claim.
2012,middle,4,<WORKSPACE>/Gaussian/A17/EXCHANGE_R1/results/object_2012_middle,6bb612278b131a2b4bd62344122f5a462651f080d63727a172cd273e16664884,92a2012fcd2c647e2ec3c2ce4ebd22933b2156099a2e0020204ff3316c7ed88c,v_anchor_linear,15,5.453991470542012e-05,Same checkpoint and candidate endpoints. v only a score direction; all choices execute actual d. No path-level causal claim.
2012,middle,4,<WORKSPACE>/Gaussian/A17/EXCHANGE_R1/results/object_2012_middle,6bb612278b131a2b4bd62344122f5a462651f080d63727a172cd273e16664884,92a2012fcd2c647e2ec3c2ce4ebd22933b2156099a2e0020204ff3316c7ed88c,v_anchor_quadratic,41,-0.0001608189552619425,Same checkpoint and candidate endpoints. v only a score direction; all choices execute actual d. No path-level causal claim.
2012,middle,4,<WORKSPACE>/Gaussian/A17/EXCHANGE_R1/results/object_2012_middle,6bb612278b131a2b4bd62344122f5a462651f080d63727a172cd273e16664884,92a2012fcd2c647e2ec3c2ce4ebd22933b2156099a2e0020204ff3316c7ed88c,d_full_linear,16,-6.250776675243089e-05,Same checkpoint and candidate endpoints. v only a score direction; all choices execute actual d. No path-level causal claim.
2012,middle,4,<WORKSPACE>/Gaussian/A17/EXCHANGE_R1/results/object_2012_middle,6bb612278b131a2b4bd62344122f5a462651f080d63727a172cd273e16664884,92a2012fcd2c647e2ec3c2ce4ebd22933b2156099a2e0020204ff3316c7ed88c,d_full_quadratic,25,6.152924054397837e-05,Same checkpoint and candidate endpoints. v only a score direction; all choices execute actual d. No path-level causal claim.
2012,middle,4,<WORKSPACE>/Gaussian/A17/EXCHANGE_R1/results/object_2012_middle,6bb612278b131a2b4bd62344122f5a462651f080d63727a172cd273e16664884,92a2012fcd2c647e2ec3c2ce4ebd22933b2156099a2e0020204ff3316c7ed88c,d_anchor_linear,16,-6.250776675243089e-05,Same checkpoint and candidate endpoints. v only a score direction; all choices execute actual d. No path-level causal claim.
2012,middle,4,<WORKSPACE>/Gaussian/A17/EXCHANGE_R1/results/object_2012_middle,6bb612278b131a2b4bd62344122f5a462651f080d63727a172cd273e16664884,92a2012fcd2c647e2ec3c2ce4ebd22933b2156099a2e0020204ff3316c7ed88c,d_anchor_quadratic,25,6.152924054397837e-05,Same checkpoint and candidate endpoints. v only a score direction; all choices execute actual d. No path-level causal claim.
2012,middle,8,<WORKSPACE>/Gaussian/A17/EXCHANGE_R1/results/object_2012_middle,6bb612278b131a2b4bd62344122f5a462651f080d63727a172cd273e16664884,92a2012fcd2c647e2ec3c2ce4ebd22933b2156099a2e0020204ff3316c7ed88c,v_full_linear,6,1.56382628423298e-06,Same checkpoint and candidate endpoints. v only a score direction; all choices execute actual d. No path-level causal claim.
2012,middle,8,<WORKSPACE>/Gaussian/A17/EXCHANGE_R1/results/object_2012_middle,6bb612278b131a2b4bd62344122f5a462651f080d63727a172cd273e16664884,92a2012fcd2c647e2ec3c2ce4ebd22933b2156099a2e0020204ff3316c7ed88c,v_full_quadratic,55,8.115525558569823e-06,Same checkpoint and candidate endpoints. v only a score direction; all choices execute actual d. No path-level causal claim.
2012,middle,8,<WORKSPACE>/Gaussian/A17/EXCHANGE_R1/results/object_2012_middle,6bb612278b131a2b4bd62344122f5a462651f080d63727a172cd273e16664884,92a2012fcd2c647e2ec3c2ce4ebd22933b2156099a2e0020204ff3316c7ed88c,v_anchor_linear,6,1.56382628423298e-06,Same checkpoint and candidate endpoints. v only a score direction; all choices execute actual d. No path-level causal claim.
2012,middle,8,<WORKSPACE>/Gaussian/A17/EXCHANGE_R1/results/object_2012_middle,6bb612278b131a2b4bd62344122f5a462651f080d63727a172cd273e16664884,92a2012fcd2c647e2ec3c2ce4ebd22933b2156099a2e0020204ff3316c7ed88c,v_anchor_quadratic,55,8.115525558569823e-06,Same checkpoint and candidate endpoints. v only a score direction; all choices execute actual d. No path-level causal claim.
2012,middle,8,<WORKSPACE>/Gaussian/A17/EXCHANGE_R1/results/object_2012_middle,6bb612278b131a2b4bd62344122f5a462651f080d63727a172cd273e16664884,92a2012fcd2c647e2ec3c2ce4ebd22933b2156099a2e0020204ff3316c7ed88c,d_full_linear,28,-6.288289365193717e-06,Same checkpoint and candidate endpoints. v only a score direction; all choices execute actual d. No path-level causal claim.
2012,middle,8,<WORKSPACE>/Gaussian/A17/EXCHANGE_R1/results/object_2012_middle,6bb612278b131a2b4bd62344122f5a462651f080d63727a172cd273e16664884,92a2012fcd2c647e2ec3c2ce4ebd22933b2156099a2e0020204ff3316c7ed88c,d_full_quadratic,25,4.135990945025185e-05,Same checkpoint and candidate endpoints. v only a score direction; all choices execute actual d. No path-level causal claim.
2012,middle,8,<WORKSPACE>/Gaussian/A17/EXCHANGE_R1/results/object_2012_middle,6bb612278b131a2b4bd62344122f5a462651f080d63727a172cd273e16664884,92a2012fcd2c647e2ec3c2ce4ebd22933b2156099a2e0020204ff3316c7ed88c,d_anchor_linear,28,-6.288289365193717e-06,Same checkpoint and candidate endpoints. v only a score direction; all choices execute actual d. No path-level causal claim.
2012,middle,8,<WORKSPACE>/Gaussian/A17/EXCHANGE_R1/results/object_2012_middle,6bb612278b131a2b4bd62344122f5a462651f080d63727a172cd273e16664884,92a2012fcd2c647e2ec3c2ce4ebd22933b2156099a2e0020204ff3316c7ed88c,d_anchor_quadratic,25,4.135990945025185e-05,Same checkpoint and candidate endpoints. v only a score direction; all choices execute actual d. No path-level causal claim.
2012,middle,16,<WORKSPACE>/Gaussian/A17/EXCHANGE_R1/results/object_2012_middle,6bb612278b131a2b4bd62344122f5a462651f080d63727a172cd273e16664884,92a2012fcd2c647e2ec3c2ce4ebd22933b2156099a2e0020204ff3316c7ed88c,v_full_linear,18,-1.48321350789198e-05,Same checkpoint and candidate endpoints. v only a score direction; all choices execute actual d. No path-level causal claim.
2012,middle,16,<WORKSPACE>/Gaussian/A17/EXCHANGE_R1/results/object_2012_middle,6bb612278b131a2b4bd62344122f5a462651f080d63727a172cd273e16664884,92a2012fcd2c647e2ec3c2ce4ebd22933b2156099a2e0020204ff3316c7ed88c,v_full_quadratic,145,4.4285194455414e-06,Same checkpoint and candidate endpoints. v only a score direction; all choices execute actual d. No path-level causal claim.
2012,middle,16,<WORKSPACE>/Gaussian/A17/EXCHANGE_R1/results/object_2012_middle,6bb612278b131a2b4bd62344122f5a462651f080d63727a172cd273e16664884,92a2012fcd2c647e2ec3c2ce4ebd22933b2156099a2e0020204ff3316c7ed88c,v_anchor_linear,18,-1.48321350789198e-05,Same checkpoint and candidate endpoints. v only a score direction; all choices execute actual d. No path-level causal claim.
2012,middle,16,<WORKSPACE>/Gaussian/A17/EXCHANGE_R1/results/object_2012_middle,6bb612278b131a2b4bd62344122f5a462651f080d63727a172cd273e16664884,92a2012fcd2c647e2ec3c2ce4ebd22933b2156099a2e0020204ff3316c7ed88c,v_anchor_quadratic,145,4.4285194455414e-06,Same checkpoint and candidate endpoints. v only a score direction; all choices execute actual d. No path-level causal claim.
2012,middle,16,<WORKSPACE>/Gaussian/A17/EXCHANGE_R1/results/object_2012_middle,6bb612278b131a2b4bd62344122f5a462651f080d63727a172cd273e16664884,92a2012fcd2c647e2ec3c2ce4ebd22933b2156099a2e0020204ff3316c7ed88c,d_full_linear,13,-1.1085448749839127e-05,Same checkpoint and candidate endpoints. v only a score direction; all choices execute actual d. No path-level causal claim.
2012,middle,16,<WORKSPACE>/Gaussian/A17/EXCHANGE_R1/results/object_2012_middle,6bb612278b131a2b4bd62344122f5a462651f080d63727a172cd273e16664884,92a2012fcd2c647e2ec3c2ce4ebd22933b2156099a2e0020204ff3316c7ed88c,d_full_quadratic,151,6.142005654417626e-06,Same checkpoint and candidate endpoints. v only a score direction; all choices execute actual d. No path-level causal claim.
2012,middle,16,<WORKSPACE>/Gaussian/A17/EXCHANGE_R1/results/object_2012_middle,6bb612278b131a2b4bd62344122f5a462651f080d63727a172cd273e16664884,92a2012fcd2c647e2ec3c2ce4ebd22933b2156099a2e0020204ff3316c7ed88c,d_anchor_linear,13,-1.1085448749839127e-05,Same checkpoint and candidate endpoints. v only a score direction; all choices execute actual d. No path-level causal claim.
2012,middle,16,<WORKSPACE>/Gaussian/A17/EXCHANGE_R1/results/object_2012_middle,6bb612278b131a2b4bd62344122f5a462651f080d63727a172cd273e16664884,92a2012fcd2c647e2ec3c2ce4ebd22933b2156099a2e0020204ff3316c7ed88c,d_anchor_quadratic,151,6.142005654417626e-06,Same checkpoint and candidate endpoints. v only a score direction; all choices execute actual d. No path-level causal claim.
2014,early,4,<WORKSPACE>/Gaussian/A17/EXCHANGE_R1/results/object_2014_early,25387349f2beb0f96d242ca9b954a62e6bfcc22e30747f954ca70f472e65a2bd,15474a2e7dfb31aa73576c60d06182b0d2ccfdb87e63d2d45e59b2a6b1f4cca0,v_full_linear,25,-1.0058699716849218e-05,Same checkpoint and candidate endpoints. v only a score direction; all choices execute actual d. No path-level causal claim.
2014,early,4,<WORKSPACE>/Gaussian/A17/EXCHANGE_R1/results/object_2014_early,25387349f2beb0f96d242ca9b954a62e6bfcc22e30747f954ca70f472e65a2bd,15474a2e7dfb31aa73576c60d06182b0d2ccfdb87e63d2d45e59b2a6b1f4cca0,v_full_quadratic,17,-0.0009921832546374565,Same checkpoint and candidate endpoints. v only a score direction; all choices execute actual d. No path-level causal claim.
2014,early,4,<WORKSPACE>/Gaussian/A17/EXCHANGE_R1/results/object_2014_early,25387349f2beb0f96d242ca9b954a62e6bfcc22e30747f954ca70f472e65a2bd,15474a2e7dfb31aa73576c60d06182b0d2ccfdb87e63d2d45e59b2a6b1f4cca0,v_anchor_linear,25,-1.0058699716849218e-05,Same checkpoint and candidate endpoints. v only a score direction; all choices execute actual d. No path-level causal claim.
2014,early,4,<WORKSPACE>/Gaussian/A17/EXCHANGE_R1/results/object_2014_early,25387349f2beb0f96d242ca9b954a62e6bfcc22e30747f954ca70f472e65a2bd,15474a2e7dfb31aa73576c60d06182b0d2ccfdb87e63d2d45e59b2a6b1f4cca0,v_anchor_quadratic,17,-0.0009921832546374565,Same checkpoint and candidate endpoints. v only a score direction; all choices execute actual d. No path-level causal claim.
2014,early,4,<WORKSPACE>/Gaussian/A17/EXCHANGE_R1/results/object_2014_early,25387349f2beb0f96d242ca9b954a62e6bfcc22e30747f954ca70f472e65a2bd,15474a2e7dfb31aa73576c60d06182b0d2ccfdb87e63d2d45e59b2a6b1f4cca0,d_full_linear,31,-0.00033275816167711327,Same checkpoint and candidate endpoints. v only a score direction; all choices execute actual d. No path-level causal claim.
2014,early,4,<WORKSPACE>/Gaussian/A17/EXCHANGE_R1/results/object_2014_early,25387349f2beb0f96d242ca9b954a62e6bfcc22e30747f954ca70f472e65a2bd,15474a2e7dfb31aa73576c60d06182b0d2ccfdb87e63d2d45e59b2a6b1f4cca0,d_full_quadratic,13,6.720071691877713e-05,Same checkpoint and candidate endpoints. v only a score direction; all choices execute actual d. No path-level causal claim.
2014,early,4,<WORKSPACE>/Gaussian/A17/EXCHANGE_R1/results/object_2014_early,25387349f2beb0f96d242ca9b954a62e6bfcc22e30747f954ca70f472e65a2bd,15474a2e7dfb31aa73576c60d06182b0d2ccfdb87e63d2d45e59b2a6b1f4cca0,d_anchor_linear,31,-0.00033275816167711327,Same checkpoint and candidate endpoints. v only a score direction; all choices execute actual d. No path-level causal claim.
2014,early,4,<WORKSPACE>/Gaussian/A17/EXCHANGE_R1/results/object_2014_early,25387349f2beb0f96d242ca9b954a62e6bfcc22e30747f954ca70f472e65a2bd,15474a2e7dfb31aa73576c60d06182b0d2ccfdb87e63d2d45e59b2a6b1f4cca0,d_anchor_quadratic,13,6.720071691877713e-05,Same checkpoint and candidate endpoints. v only a score direction; all choices execute actual d. No path-level causal claim.
2014,early,8,<WORKSPACE>/Gaussian/A17/EXCHANGE_R1/results/object_2014_early,25387349f2beb0f96d242ca9b954a62e6bfcc22e30747f954ca70f472e65a2bd,15474a2e7dfb31aa73576c60d06182b0d2ccfdb87e63d2d45e59b2a6b1f4cca0,v_full_linear,24,-4.799305675168958e-05,Same checkpoint and candidate endpoints. v only a score direction; all choices execute actual d. No path-level causal claim.
2014,early,8,<WORKSPACE>/Gaussian/A17/EXCHANGE_R1/results/object_2014_early,25387349f2beb0f96d242ca9b954a62e6bfcc22e30747f954ca70f472e65a2bd,15474a2e7dfb31aa73576c60d06182b0d2ccfdb87e63d2d45e59b2a6b1f4cca0,v_full_quadratic,76,-3.837952399506516e-06,Same checkpoint and candidate endpoints. v only a score direction; all choices execute actual d. No path-level causal claim.
2014,early,8,<WORKSPACE>/Gaussian/A17/EXCHANGE_R1/results/object_2014_early,25387349f2beb0f96d242ca9b954a62e6bfcc22e30747f954ca70f472e65a2bd,15474a2e7dfb31aa73576c60d06182b0d2ccfdb87e63d2d45e59b2a6b1f4cca0,v_anchor_linear,24,-4.799305675168958e-05,Same checkpoint and candidate endpoints. v only a score direction; all choices execute actual d. No path-level causal claim.
2014,early,8,<WORKSPACE>/Gaussian/A17/EXCHANGE_R1/results/object_2014_early,25387349f2beb0f96d242ca9b954a62e6bfcc22e30747f954ca70f472e65a2bd,15474a2e7dfb31aa73576c60d06182b0d2ccfdb87e63d2d45e59b2a6b1f4cca0,v_anchor_quadratic,76,-3.837952399506516e-06,Same checkpoint and candidate endpoints. v only a score direction; all choices execute actual d. No path-level causal claim.
2014,early,8,<WORKSPACE>/Gaussian/A17/EXCHANGE_R1/results/object_2014_early,25387349f2beb0f96d242ca9b954a62e6bfcc22e30747f954ca70f472e65a2bd,15474a2e7dfb31aa73576c60d06182b0d2ccfdb87e63d2d45e59b2a6b1f4cca0,d_full_linear,30,-0.0008680987445284353,Same checkpoint and candidate endpoints. v only a score direction; all choices execute actual d. No path-level causal claim.
2014,early,8,<WORKSPACE>/Gaussian/A17/EXCHANGE_R1/results/object_2014_early,25387349f2beb0f96d242ca9b954a62e6bfcc22e30747f954ca70f472e65a2bd,15474a2e7dfb31aa73576c60d06182b0d2ccfdb87e63d2d45e59b2a6b1f4cca0,d_full_quadratic,21,2.1751537180554496e-05,Same checkpoint and candidate endpoints. v only a score direction; all choices execute actual d. No path-level causal claim.
2014,early,8,<WORKSPACE>/Gaussian/A17/EXCHANGE_R1/results/object_2014_early,25387349f2beb0f96d242ca9b954a62e6bfcc22e30747f954ca70f472e65a2bd,15474a2e7dfb31aa73576c60d06182b0d2ccfdb87e63d2d45e59b2a6b1f4cca0,d_anchor_linear,30,-0.0008680987445284353,Same checkpoint and candidate endpoints. v only a score direction; all choices execute actual d. No path-level causal claim.
2014,early,8,<WORKSPACE>/Gaussian/A17/EXCHANGE_R1/results/object_2014_early,25387349f2beb0f96d242ca9b954a62e6bfcc22e30747f954ca70f472e65a2bd,15474a2e7dfb31aa73576c60d06182b0d2ccfdb87e63d2d45e59b2a6b1f4cca0,d_anchor_quadratic,21,2.1751537180554496e-05,Same checkpoint and candidate endpoints. v only a score direction; all choices execute actual d. No path-level causal claim.
2014,early,16,<WORKSPACE>/Gaussian/A17/EXCHANGE_R1/results/object_2014_early,25387349f2beb0f96d242ca9b954a62e6bfcc22e30747f954ca70f472e65a2bd,15474a2e7dfb31aa73576c60d06182b0d2ccfdb87e63d2d45e59b2a6b1f4cca0,v_full_linear,31,-5.971868124240517e-05,Same checkpoint and candidate endpoints. v only a score direction; all choices execute actual d. No path-level causal claim.
2014,early,16,<WORKSPACE>/Gaussian/A17/EXCHANGE_R1/results/object_2014_early,25387349f2beb0f96d242ca9b954a62e6bfcc22e30747f954ca70f472e65a2bd,15474a2e7dfb31aa73576c60d06182b0d2ccfdb87e63d2d45e59b2a6b1f4cca0,v_full_quadratic,148,1.8088001890563947e-06,Same checkpoint and candidate endpoints. v only a score direction; all choices execute actual d. No path-level causal claim.
2014,early,16,<WORKSPACE>/Gaussian/A17/EXCHANGE_R1/results/object_2014_early,25387349f2beb0f96d242ca9b954a62e6bfcc22e30747f954ca70f472e65a2bd,15474a2e7dfb31aa73576c60d06182b0d2ccfdb87e63d2d45e59b2a6b1f4cca0,v_anchor_linear,19,-0.00011018242807048285,Same checkpoint and candidate endpoints. v only a score direction; all choices execute actual d. No path-level causal claim.
2014,early,16,<WORKSPACE>/Gaussian/A17/EXCHANGE_R1/results/object_2014_early,25387349f2beb0f96d242ca9b954a62e6bfcc22e30747f954ca70f472e65a2bd,15474a2e7dfb31aa73576c60d06182b0d2ccfdb87e63d2d45e59b2a6b1f4cca0,v_anchor_quadratic,148,1.8088001890563947e-06,Same checkpoint and candidate endpoints. v only a score direction; all choices execute actual d. No path-level causal claim.
2014,early,16,<WORKSPACE>/Gaussian/A17/EXCHANGE_R1/results/object_2014_early,25387349f2beb0f96d242ca9b954a62e6bfcc22e30747f954ca70f472e65a2bd,15474a2e7dfb31aa73576c60d06182b0d2ccfdb87e63d2d45e59b2a6b1f4cca0,d_full_linear,26,-0.0014285336464931059,Same checkpoint and candidate endpoints. v only a score direction; all choices execute actual d. No path-level causal claim.
2014,early,16,<WORKSPACE>/Gaussian/A17/EXCHANGE_R1/results/object_2014_early,25387349f2beb0f96d242ca9b954a62e6bfcc22e30747f954ca70f472e65a2bd,15474a2e7dfb31aa73576c60d06182b0d2ccfdb87e63d2d45e59b2a6b1f4cca0,d_full_quadratic,1,1.0507537570937547e-05,Same checkpoint and candidate endpoints. v only a score direction; all choices execute actual d. No path-level causal claim.
2014,early,16,<WORKSPACE>/Gaussian/A17/EXCHANGE_R1/results/object_2014_early,25387349f2beb0f96d242ca9b954a62e6bfcc22e30747f954ca70f472e65a2bd,15474a2e7dfb31aa73576c60d06182b0d2ccfdb87e63d2d45e59b2a6b1f4cca0,d_anchor_linear,26,-0.0014285336464931059,Same checkpoint and candidate endpoints. v only a score direction; all choices execute actual d. No path-level causal claim.
2014,early,16,<WORKSPACE>/Gaussian/A17/EXCHANGE_R1/results/object_2014_early,25387349f2beb0f96d242ca9b954a62e6bfcc22e30747f954ca70f472e65a2bd,15474a2e7dfb31aa73576c60d06182b0d2ccfdb87e63d2d45e59b2a6b1f4cca0,d_anchor_quadratic,1,1.0507537570937547e-05,Same checkpoint and candidate endpoints. v only a score direction; all choices execute actual d. No path-level causal claim.
2014,late,4,<WORKSPACE>/Gaussian/A17/EXCHANGE_R1/results/object_2014_late,b6f31291e28a44f1d1dd91471e5aaa02f3016e0dcf28b70e027f1ca996b71776,724f34a334747b84b3771eceb80690f702f3a5090219818629f7153498118ec5,v_full_linear,1,0.00012235303145296964,Same checkpoint and candidate endpoints. v only a score direction; all choices execute actual d. No path-level causal claim.
2014,late,4,<WORKSPACE>/Gaussian/A17/EXCHANGE_R1/results/object_2014_late,b6f31291e28a44f1d1dd91471e5aaa02f3016e0dcf28b70e027f1ca996b71776,724f34a334747b84b3771eceb80690f702f3a5090219818629f7153498118ec5,v_full_quadratic,2,0.00010835665445663606,Same checkpoint and candidate endpoints. v only a score direction; all choices execute actual d. No path-level causal claim.
2014,late,4,<WORKSPACE>/Gaussian/A17/EXCHANGE_R1/results/object_2014_late,b6f31291e28a44f1d1dd91471e5aaa02f3016e0dcf28b70e027f1ca996b71776,724f34a334747b84b3771eceb80690f702f3a5090219818629f7153498118ec5,v_anchor_linear,1,0.00012235303145296964,Same checkpoint and candidate endpoints. v only a score direction; all choices execute actual d. No path-level causal claim.
2014,late,4,<WORKSPACE>/Gaussian/A17/EXCHANGE_R1/results/object_2014_late,b6f31291e28a44f1d1dd91471e5aaa02f3016e0dcf28b70e027f1ca996b71776,724f34a334747b84b3771eceb80690f702f3a5090219818629f7153498118ec5,v_anchor_quadratic,2,0.00010835665445663606,Same checkpoint and candidate endpoints. v only a score direction; all choices execute actual d. No path-level causal claim.
2014,late,4,<WORKSPACE>/Gaussian/A17/EXCHANGE_R1/results/object_2014_late,b6f31291e28a44f1d1dd91471e5aaa02f3016e0dcf28b70e027f1ca996b71776,724f34a334747b84b3771eceb80690f702f3a5090219818629f7153498118ec5,d_full_linear,2,0.00010835665445663606,Same checkpoint and candidate endpoints. v only a score direction; all choices execute actual d. No path-level causal claim.
2014,late,4,<WORKSPACE>/Gaussian/A17/EXCHANGE_R1/results/object_2014_late,b6f31291e28a44f1d1dd91471e5aaa02f3016e0dcf28b70e027f1ca996b71776,724f34a334747b84b3771eceb80690f702f3a5090219818629f7153498118ec5,d_full_quadratic,0,0.00013906845221559473,Same checkpoint and candidate endpoints. v only a score direction; all choices execute actual d. No path-level causal claim.
2014,late,4,<WORKSPACE>/Gaussian/A17/EXCHANGE_R1/results/object_2014_late,b6f31291e28a44f1d1dd91471e5aaa02f3016e0dcf28b70e027f1ca996b71776,724f34a334747b84b3771eceb80690f702f3a5090219818629f7153498118ec5,d_anchor_linear,2,0.00010835665445663606,Same checkpoint and candidate endpoints. v only a score direction; all choices execute actual d. No path-level causal claim.
2014,late,4,<WORKSPACE>/Gaussian/A17/EXCHANGE_R1/results/object_2014_late,b6f31291e28a44f1d1dd91471e5aaa02f3016e0dcf28b70e027f1ca996b71776,724f34a334747b84b3771eceb80690f702f3a5090219818629f7153498118ec5,d_anchor_quadratic,0,0.00013906845221559473,Same checkpoint and candidate endpoints. v only a score direction; all choices execute actual d. No path-level causal claim.
2014,late,8,<WORKSPACE>/Gaussian/A17/EXCHANGE_R1/results/object_2014_late,b6f31291e28a44f1d1dd91471e5aaa02f3016e0dcf28b70e027f1ca996b71776,724f34a334747b84b3771eceb80690f702f3a5090219818629f7153498118ec5,v_full_linear,4,-1.0491071234654197e-05,Same checkpoint and candidate endpoints. v only a score direction; all choices execute actual d. No path-level causal claim.
2014,late,8,<WORKSPACE>/Gaussian/A17/EXCHANGE_R1/results/object_2014_late,b6f31291e28a44f1d1dd91471e5aaa02f3016e0dcf28b70e027f1ca996b71776,724f34a334747b84b3771eceb80690f702f3a5090219818629f7153498118ec5,v_full_quadratic,1,-1.7159718293666845e-05,Same checkpoint and candidate endpoints. v only a score direction; all choices execute actual d. No path-level causal claim.
2014,late,8,<WORKSPACE>/Gaussian/A17/EXCHANGE_R1/results/object_2014_late,b6f31291e28a44f1d1dd91471e5aaa02f3016e0dcf28b70e027f1ca996b71776,724f34a334747b84b3771eceb80690f702f3a5090219818629f7153498118ec5,v_anchor_linear,4,-1.0491071234654197e-05,Same checkpoint and candidate endpoints. v only a score direction; all choices execute actual d. No path-level causal claim.
2014,late,8,<WORKSPACE>/Gaussian/A17/EXCHANGE_R1/results/object_2014_late,b6f31291e28a44f1d1dd91471e5aaa02f3016e0dcf28b70e027f1ca996b71776,724f34a334747b84b3771eceb80690f702f3a5090219818629f7153498118ec5,v_anchor_quadratic,1,-1.7159718293666845e-05,Same checkpoint and candidate endpoints. v only a score direction; all choices execute actual d. No path-level causal claim.
2014,late,8,<WORKSPACE>/Gaussian/A17/EXCHANGE_R1/results/object_2014_late,b6f31291e28a44f1d1dd91471e5aaa02f3016e0dcf28b70e027f1ca996b71776,724f34a334747b84b3771eceb80690f702f3a5090219818629f7153498118ec5,d_full_linear,0,-9.594126346399085e-06,Same checkpoint and candidate endpoints. v only a score direction; all choices execute actual d. No path-level causal claim.
2014,late,8,<WORKSPACE>/Gaussian/A17/EXCHANGE_R1/results/object_2014_late,b6f31291e28a44f1d1dd91471e5aaa02f3016e0dcf28b70e027f1ca996b71776,724f34a334747b84b3771eceb80690f702f3a5090219818629f7153498118ec5,d_full_quadratic,3,-4.529310696106296e-06,Same checkpoint and candidate endpoints. v only a score direction; all choices execute actual d. No path-level causal claim.
2014,late,8,<WORKSPACE>/Gaussian/A17/EXCHANGE_R1/results/object_2014_late,b6f31291e28a44f1d1dd91471e5aaa02f3016e0dcf28b70e027f1ca996b71776,724f34a334747b84b3771eceb80690f702f3a5090219818629f7153498118ec5,d_anchor_linear,0,-9.594126346399085e-06,Same checkpoint and candidate endpoints. v only a score direction; all choices execute actual d. No path-level causal claim.
2014,late,8,<WORKSPACE>/Gaussian/A17/EXCHANGE_R1/results/object_2014_late,b6f31291e28a44f1d1dd91471e5aaa02f3016e0dcf28b70e027f1ca996b71776,724f34a334747b84b3771eceb80690f702f3a5090219818629f7153498118ec5,d_anchor_quadratic,4,-1.0491071234654197e-05,Same checkpoint and candidate endpoints. v only a score direction; all choices execute actual d. No path-level causal claim.
2014,late,16,<WORKSPACE>/Gaussian/A17/EXCHANGE_R1/results/object_2014_late,b6f31291e28a44f1d1dd91471e5aaa02f3016e0dcf28b70e027f1ca996b71776,724f34a334747b84b3771eceb80690f702f3a5090219818629f7153498118ec5,v_full_linear,3,2.4966802568640317e-06,Same checkpoint and candidate endpoints. v only a score direction; all choices execute actual d. No path-level causal claim.
2014,late,16,<WORKSPACE>/Gaussian/A17/EXCHANGE_R1/results/object_2014_late,b6f31291e28a44f1d1dd91471e5aaa02f3016e0dcf28b70e027f1ca996b71776,724f34a334747b84b3771eceb80690f702f3a5090219818629f7153498118ec5,v_full_quadratic,10,7.33957388299797e-07,Same checkpoint and candidate endpoints. v only a score direction; all choices execute actual d. No path-level causal claim.
2014,late,16,<WORKSPACE>/Gaussian/A17/EXCHANGE_R1/results/object_2014_late,b6f31291e28a44f1d1dd91471e5aaa02f3016e0dcf28b70e027f1ca996b71776,724f34a334747b84b3771eceb80690f702f3a5090219818629f7153498118ec5,v_anchor_linear,3,2.4966802568640317e-06,Same checkpoint and candidate endpoints. v only a score direction; all choices execute actual d. No path-level causal claim.
2014,late,16,<WORKSPACE>/Gaussian/A17/EXCHANGE_R1/results/object_2014_late,b6f31291e28a44f1d1dd91471e5aaa02f3016e0dcf28b70e027f1ca996b71776,724f34a334747b84b3771eceb80690f702f3a5090219818629f7153498118ec5,v_anchor_quadratic,3,2.4966802568640317e-06,Same checkpoint and candidate endpoints. v only a score direction; all choices execute actual d. No path-level causal claim.
2014,late,16,<WORKSPACE>/Gaussian/A17/EXCHANGE_R1/results/object_2014_late,b6f31291e28a44f1d1dd91471e5aaa02f3016e0dcf28b70e027f1ca996b71776,724f34a334747b84b3771eceb80690f702f3a5090219818629f7153498118ec5,d_full_linear,3,2.4966802568640317e-06,Same checkpoint and candidate endpoints. v only a score direction; all choices execute actual d. No path-level causal claim.
2014,late,16,<WORKSPACE>/Gaussian/A17/EXCHANGE_R1/results/object_2014_late,b6f31291e28a44f1d1dd91471e5aaa02f3016e0dcf28b70e027f1ca996b71776,724f34a334747b84b3771eceb80690f702f3a5090219818629f7153498118ec5,d_full_quadratic,3,2.4966802568640317e-06,Same checkpoint and candidate endpoints. v only a score direction; all choices execute actual d. No path-level causal claim.
2014,late,16,<WORKSPACE>/Gaussian/A17/EXCHANGE_R1/results/object_2014_late,b6f31291e28a44f1d1dd91471e5aaa02f3016e0dcf28b70e027f1ca996b71776,724f34a334747b84b3771eceb80690f702f3a5090219818629f7153498118ec5,d_anchor_linear,3,2.4966802568640317e-06,Same checkpoint and candidate endpoints. v only a score direction; all choices execute actual d. No path-level causal claim.
2014,late,16,<WORKSPACE>/Gaussian/A17/EXCHANGE_R1/results/object_2014_late,b6f31291e28a44f1d1dd91471e5aaa02f3016e0dcf28b70e027f1ca996b71776,724f34a334747b84b3771eceb80690f702f3a5090219818629f7153498118ec5,d_anchor_quadratic,3,2.4966802568640317e-06,Same checkpoint and candidate endpoints. v only a score direction; all choices execute actual d. No path-level causal claim.
2014,middle,4,<WORKSPACE>/Gaussian/A17/EXCHANGE_R1/results/object_2014_middle,aa19917b3f8553f3b14fade897f0ee673eb6b42e1939ee1a084a9f381f3a6cde,7d83c21331b4d5e2cec872c4e5a1e5262c86356fdcf1cd1ce9a4e12be7ffa741,v_full_linear,42,-0.00017760712063100948,Same checkpoint and candidate endpoints. v only a score direction; all choices execute actual d. No path-level causal claim.
2014,middle,4,<WORKSPACE>/Gaussian/A17/EXCHANGE_R1/results/object_2014_middle,aa19917b3f8553f3b14fade897f0ee673eb6b42e1939ee1a084a9f381f3a6cde,7d83c21331b4d5e2cec872c4e5a1e5262c86356fdcf1cd1ce9a4e12be7ffa741,v_full_quadratic,41,-0.00013246871972031623,Same checkpoint and candidate endpoints. v only a score direction; all choices execute actual d. No path-level causal claim.
2014,middle,4,<WORKSPACE>/Gaussian/A17/EXCHANGE_R1/results/object_2014_middle,aa19917b3f8553f3b14fade897f0ee673eb6b42e1939ee1a084a9f381f3a6cde,7d83c21331b4d5e2cec872c4e5a1e5262c86356fdcf1cd1ce9a4e12be7ffa741,v_anchor_linear,42,-0.00017760712063100948,Same checkpoint and candidate endpoints. v only a score direction; all choices execute actual d. No path-level causal claim.
2014,middle,4,<WORKSPACE>/Gaussian/A17/EXCHANGE_R1/results/object_2014_middle,aa19917b3f8553f3b14fade897f0ee673eb6b42e1939ee1a084a9f381f3a6cde,7d83c21331b4d5e2cec872c4e5a1e5262c86356fdcf1cd1ce9a4e12be7ffa741,v_anchor_quadratic,41,-0.00013246871972031623,Same checkpoint and candidate endpoints. v only a score direction; all choices execute actual d. No path-level causal claim.
2014,middle,4,<WORKSPACE>/Gaussian/A17/EXCHANGE_R1/results/object_2014_middle,aa19917b3f8553f3b14fade897f0ee673eb6b42e1939ee1a084a9f381f3a6cde,7d83c21331b4d5e2cec872c4e5a1e5262c86356fdcf1cd1ce9a4e12be7ffa741,d_full_linear,22,6.217315163234167e-05,Same checkpoint and candidate endpoints. v only a score direction; all choices execute actual d. No path-level causal claim.
2014,middle,4,<WORKSPACE>/Gaussian/A17/EXCHANGE_R1/results/object_2014_middle,aa19917b3f8553f3b14fade897f0ee673eb6b42e1939ee1a084a9f381f3a6cde,7d83c21331b4d5e2cec872c4e5a1e5262c86356fdcf1cd1ce9a4e12be7ffa741,d_full_quadratic,12,8.079095540884057e-05,Same checkpoint and candidate endpoints. v only a score direction; all choices execute actual d. No path-level causal claim.
2014,middle,4,<WORKSPACE>/Gaussian/A17/EXCHANGE_R1/results/object_2014_middle,aa19917b3f8553f3b14fade897f0ee673eb6b42e1939ee1a084a9f381f3a6cde,7d83c21331b4d5e2cec872c4e5a1e5262c86356fdcf1cd1ce9a4e12be7ffa741,d_anchor_linear,13,7.605724689199779e-05,Same checkpoint and candidate endpoints. v only a score direction; all choices execute actual d. No path-level causal claim.
2014,middle,4,<WORKSPACE>/Gaussian/A17/EXCHANGE_R1/results/object_2014_middle,aa19917b3f8553f3b14fade897f0ee673eb6b42e1939ee1a084a9f381f3a6cde,7d83c21331b4d5e2cec872c4e5a1e5262c86356fdcf1cd1ce9a4e12be7ffa741,d_anchor_quadratic,12,8.079095540884057e-05,Same checkpoint and candidate endpoints. v only a score direction; all choices execute actual d. No path-level causal claim.
2014,middle,8,<WORKSPACE>/Gaussian/A17/EXCHANGE_R1/results/object_2014_middle,aa19917b3f8553f3b14fade897f0ee673eb6b42e1939ee1a084a9f381f3a6cde,7d83c21331b4d5e2cec872c4e5a1e5262c86356fdcf1cd1ce9a4e12be7ffa741,v_full_linear,78,1.1917157518993103e-05,Same checkpoint and candidate endpoints. v only a score direction; all choices execute actual d. No path-level causal claim.
2014,middle,8,<WORKSPACE>/Gaussian/A17/EXCHANGE_R1/results/object_2014_middle,aa19917b3f8553f3b14fade897f0ee673eb6b42e1939ee1a084a9f381f3a6cde,7d83c21331b4d5e2cec872c4e5a1e5262c86356fdcf1cd1ce9a4e12be7ffa741,v_full_quadratic,18,1.6186198497746306e-05,Same checkpoint and candidate endpoints. v only a score direction; all choices execute actual d. No path-level causal claim.
2014,middle,8,<WORKSPACE>/Gaussian/A17/EXCHANGE_R1/results/object_2014_middle,aa19917b3f8553f3b14fade897f0ee673eb6b42e1939ee1a084a9f381f3a6cde,7d83c21331b4d5e2cec872c4e5a1e5262c86356fdcf1cd1ce9a4e12be7ffa741,v_anchor_linear,78,1.1917157518993103e-05,Same checkpoint and candidate endpoints. v only a score direction; all choices execute actual d. No path-level causal claim.
2014,middle,8,<WORKSPACE>/Gaussian/A17/EXCHANGE_R1/results/object_2014_middle,aa19917b3f8553f3b14fade897f0ee673eb6b42e1939ee1a084a9f381f3a6cde,7d83c21331b4d5e2cec872c4e5a1e5262c86356fdcf1cd1ce9a4e12be7ffa741,v_anchor_quadratic,18,1.6186198497746306e-05,Same checkpoint and candidate endpoints. v only a score direction; all choices execute actual d. No path-level causal claim.
2014,middle,8,<WORKSPACE>/Gaussian/A17/EXCHANGE_R1/results/object_2014_middle,aa19917b3f8553f3b14fade897f0ee673eb6b42e1939ee1a084a9f381f3a6cde,7d83c21331b4d5e2cec872c4e5a1e5262c86356fdcf1cd1ce9a4e12be7ffa741,d_full_linear,17,-5.798509110693464e-06,Same checkpoint and candidate endpoints. v only a score direction; all choices execute actual d. No path-level causal claim.
2014,middle,8,<WORKSPACE>/Gaussian/A17/EXCHANGE_R1/results/object_2014_middle,aa19917b3f8553f3b14fade897f0ee673eb6b42e1939ee1a084a9f381f3a6cde,7d83c21331b4d5e2cec872c4e5a1e5262c86356fdcf1cd1ce9a4e12be7ffa741,d_full_quadratic,5,1.663445260635899e-05,Same checkpoint and candidate endpoints. v only a score direction; all choices execute actual d. No path-level causal claim.
2014,middle,8,<WORKSPACE>/Gaussian/A17/EXCHANGE_R1/results/object_2014_middle,aa19917b3f8553f3b14fade897f0ee673eb6b42e1939ee1a084a9f381f3a6cde,7d83c21331b4d5e2cec872c4e5a1e5262c86356fdcf1cd1ce9a4e12be7ffa741,d_anchor_linear,17,-5.798509110693464e-06,Same checkpoint and candidate endpoints. v only a score direction; all choices execute actual d. No path-level causal claim.
2014,middle,8,<WORKSPACE>/Gaussian/A17/EXCHANGE_R1/results/object_2014_middle,aa19917b3f8553f3b14fade897f0ee673eb6b42e1939ee1a084a9f381f3a6cde,7d83c21331b4d5e2cec872c4e5a1e5262c86356fdcf1cd1ce9a4e12be7ffa741,d_anchor_quadratic,5,1.663445260635899e-05,Same checkpoint and candidate endpoints. v only a score direction; all choices execute actual d. No path-level causal claim.
2014,middle,16,<WORKSPACE>/Gaussian/A17/EXCHANGE_R1/results/object_2014_middle,aa19917b3f8553f3b14fade897f0ee673eb6b42e1939ee1a084a9f381f3a6cde,7d83c21331b4d5e2cec872c4e5a1e5262c86356fdcf1cd1ce9a4e12be7ffa741,v_full_linear,16,-1.4064723257030537e-06,Same checkpoint and candidate endpoints. v only a score direction; all choices execute actual d. No path-level causal claim.
2014,middle,16,<WORKSPACE>/Gaussian/A17/EXCHANGE_R1/results/object_2014_middle,aa19917b3f8553f3b14fade897f0ee673eb6b42e1939ee1a084a9f381f3a6cde,7d83c21331b4d5e2cec872c4e5a1e5262c86356fdcf1cd1ce9a4e12be7ffa741,v_full_quadratic,13,-9.444345223381325e-07,Same checkpoint and candidate endpoints. v only a score direction; all choices execute actual d. No path-level causal claim.
2014,middle,16,<WORKSPACE>/Gaussian/A17/EXCHANGE_R1/results/object_2014_middle,aa19917b3f8553f3b14fade897f0ee673eb6b42e1939ee1a084a9f381f3a6cde,7d83c21331b4d5e2cec872c4e5a1e5262c86356fdcf1cd1ce9a4e12be7ffa741,v_anchor_linear,16,-1.4064723257030537e-06,Same checkpoint and candidate endpoints. v only a score direction; all choices execute actual d. No path-level causal claim.
2014,middle,16,<WORKSPACE>/Gaussian/A17/EXCHANGE_R1/results/object_2014_middle,aa19917b3f8553f3b14fade897f0ee673eb6b42e1939ee1a084a9f381f3a6cde,7d83c21331b4d5e2cec872c4e5a1e5262c86356fdcf1cd1ce9a4e12be7ffa741,v_anchor_quadratic,13,-9.444345223381325e-07,Same checkpoint and candidate endpoints. v only a score direction; all choices execute actual d. No path-level causal claim.
2014,middle,16,<WORKSPACE>/Gaussian/A17/EXCHANGE_R1/results/object_2014_middle,aa19917b3f8553f3b14fade897f0ee673eb6b42e1939ee1a084a9f381f3a6cde,7d83c21331b4d5e2cec872c4e5a1e5262c86356fdcf1cd1ce9a4e12be7ffa741,d_full_linear,13,-9.444345223381325e-07,Same checkpoint and candidate endpoints. v only a score direction; all choices execute actual d. No path-level causal claim.
2014,middle,16,<WORKSPACE>/Gaussian/A17/EXCHANGE_R1/results/object_2014_middle,aa19917b3f8553f3b14fade897f0ee673eb6b42e1939ee1a084a9f381f3a6cde,7d83c21331b4d5e2cec872c4e5a1e5262c86356fdcf1cd1ce9a4e12be7ffa741,d_full_quadratic,25,3.573565199702265e-06,Same checkpoint and candidate endpoints. v only a score direction; all choices execute actual d. No path-level causal claim.
2014,middle,16,<WORKSPACE>/Gaussian/A17/EXCHANGE_R1/results/object_2014_middle,aa19917b3f8553f3b14fade897f0ee673eb6b42e1939ee1a084a9f381f3a6cde,7d83c21331b4d5e2cec872c4e5a1e5262c86356fdcf1cd1ce9a4e12be7ffa741,d_anchor_linear,13,-9.444345223381325e-07,Same checkpoint and candidate endpoints. v only a score direction; all choices execute actual d. No path-level causal claim.
2014,middle,16,<WORKSPACE>/Gaussian/A17/EXCHANGE_R1/results/object_2014_middle,aa19917b3f8553f3b14fade897f0ee673eb6b42e1939ee1a084a9f381f3a6cde,7d83c21331b4d5e2cec872c4e5a1e5262c86356fdcf1cd1ce9a4e12be7ffa741,d_anchor_quadratic,25,3.573565199702265e-06,Same checkpoint and candidate endpoints. v only a score direction; all choices execute actual d. No path-level causal claim.
