object_id,phase,k,source_directory,state_hash,pool_hash,add_ids,Q_a,Q_b,Q_pair,interaction,base_rank,pair_rank,tau,strict_nonpositive_singletons_positive_pair,declared_Maxwell_witness,scope
2001,early,4,<WORKSPACE>/Gaussian/A17/EXCHANGE_R1/results/object_2001_early,25387349f2beb0f96d242ca9b954a62e6bfcc22e30747f954ca70f472e65a2bd,279031dac62ec328458cf4139632c998e1ddd65e7bfd05ce3dddf87adfe4fd5d,"[4, 32]",0.004084513247115892,-0.026713303259762743,-0.016761453290061217,0.0058673367225856345,2,4,2.8915684191413185e-14,False,False,"Fixed physical Maxwell core, <=k additions; a positive pair is not automatically a 1-swap trap."
2001,early,4,<WORKSPACE>/Gaussian/A17/EXCHANGE_R1/results/object_2001_early,25387349f2beb0f96d242ca9b954a62e6bfcc22e30747f954ca70f472e65a2bd,279031dac62ec328458cf4139632c998e1ddd65e7bfd05ce3dddf87adfe4fd5d,"[4, 64]",0.004084513247115892,-0.019433056040411567,-0.004232360484918848,0.011116182308376826,2,4,2.8915684191413185e-14,False,False,"Fixed physical Maxwell core, <=k additions; a positive pair is not automatically a 1-swap trap."
2001,early,4,<WORKSPACE>/Gaussian/A17/EXCHANGE_R1/results/object_2001_early,25387349f2beb0f96d242ca9b954a62e6bfcc22e30747f954ca70f472e65a2bd,279031dac62ec328458cf4139632c998e1ddd65e7bfd05ce3dddf87adfe4fd5d,"[4, 96]",0.004084513247115892,-0.02552495323993595,-0.012787967876408223,0.008652472116411833,2,4,2.8915684191413185e-14,False,False,"Fixed physical Maxwell core, <=k additions; a positive pair is not automatically a 1-swap trap."
2001,early,4,<WORKSPACE>/Gaussian/A17/EXCHANGE_R1/results/object_2001_early,25387349f2beb0f96d242ca9b954a62e6bfcc22e30747f954ca70f472e65a2bd,279031dac62ec328458cf4139632c998e1ddd65e7bfd05ce3dddf87adfe4fd5d,"[4, 128]",0.004084513247115892,2.0594634377061498e-05,0.0040877751864609015,-1.7332695032051673e-05,2,4,2.8915684191413185e-14,False,False,"Fixed physical Maxwell core, <=k additions; a positive pair is not automatically a 1-swap trap."
2001,early,4,<WORKSPACE>/Gaussian/A17/EXCHANGE_R1/results/object_2001_early,25387349f2beb0f96d242ca9b954a62e6bfcc22e30747f954ca70f472e65a2bd,279031dac62ec328458cf4139632c998e1ddd65e7bfd05ce3dddf87adfe4fd5d,"[4, 144]",0.004084513247115892,-7.760626109597469e-05,0.004050653287114984,4.374630109506713e-05,2,4,2.8915684191413185e-14,False,False,"Fixed physical Maxwell core, <=k additions; a positive pair is not automatically a 1-swap trap."
2001,early,4,<WORKSPACE>/Gaussian/A17/EXCHANGE_R1/results/object_2001_early,25387349f2beb0f96d242ca9b954a62e6bfcc22e30747f954ca70f472e65a2bd,279031dac62ec328458cf4139632c998e1ddd65e7bfd05ce3dddf87adfe4fd5d,"[32, 64]",-0.026713303259762743,-0.019433056040411567,-0.0036496789644908465,0.04249668033568346,2,4,2.8915684191413185e-14,False,False,"Fixed physical Maxwell core, <=k additions; a positive pair is not automatically a 1-swap trap."
2001,early,4,<WORKSPACE>/Gaussian/A17/EXCHANGE_R1/results/object_2001_early,25387349f2beb0f96d242ca9b954a62e6bfcc22e30747f954ca70f472e65a2bd,279031dac62ec328458cf4139632c998e1ddd65e7bfd05ce3dddf87adfe4fd5d,"[32, 96]",-0.026713303259762743,-0.02552495323993595,-0.01906105666673748,0.03317719983296121,2,4,2.8915684191413185e-14,False,False,"Fixed physical Maxwell core, <=k additions; a positive pair is not automatically a 1-swap trap."
2001,early,4,<WORKSPACE>/Gaussian/A17/EXCHANGE_R1/results/object_2001_early,25387349f2beb0f96d242ca9b954a62e6bfcc22e30747f954ca70f472e65a2bd,279031dac62ec328458cf4139632c998e1ddd65e7bfd05ce3dddf87adfe4fd5d,"[32, 128]",-0.026713303259762743,2.0594634377061498e-05,-0.026746905737364168,-5.419711197848582e-05,2,4,2.8915684191413185e-14,False,False,"Fixed physical Maxwell core, <=k additions; a positive pair is not automatically a 1-swap trap."
2001,early,4,<WORKSPACE>/Gaussian/A17/EXCHANGE_R1/results/object_2001_early,25387349f2beb0f96d242ca9b954a62e6bfcc22e30747f954ca70f472e65a2bd,279031dac62ec328458cf4139632c998e1ddd65e7bfd05ce3dddf87adfe4fd5d,"[32, 144]",-0.026713303259762743,-7.760626109597469e-05,-0.026395097979025017,0.00039581154183370137,2,4,2.8915684191413185e-14,False,False,"Fixed physical Maxwell core, <=k additions; a positive pair is not automatically a 1-swap trap."
2001,early,4,<WORKSPACE>/Gaussian/A17/EXCHANGE_R1/results/object_2001_early,25387349f2beb0f96d242ca9b954a62e6bfcc22e30747f954ca70f472e65a2bd,279031dac62ec328458cf4139632c998e1ddd65e7bfd05ce3dddf87adfe4fd5d,"[64, 96]",-0.019433056040411567,-0.02552495323993595,-0.012241306536331705,0.03271670274401581,2,4,2.8915684191413185e-14,False,False,"Fixed physical Maxwell core, <=k additions; a positive pair is not automatically a 1-swap trap."
2001,early,4,<WORKSPACE>/Gaussian/A17/EXCHANGE_R1/results/object_2001_early,25387349f2beb0f96d242ca9b954a62e6bfcc22e30747f954ca70f472e65a2bd,279031dac62ec328458cf4139632c998e1ddd65e7bfd05ce3dddf87adfe4fd5d,"[64, 128]",-0.019433056040411567,2.0594634377061498e-05,-0.01943100757552402,-1.854616948951535e-05,2,4,2.8915684191413185e-14,False,False,"Fixed physical Maxwell core, <=k additions; a positive pair is not automatically a 1-swap trap."
2001,early,4,<WORKSPACE>/Gaussian/A17/EXCHANGE_R1/results/object_2001_early,25387349f2beb0f96d242ca9b954a62e6bfcc22e30747f954ca70f472e65a2bd,279031dac62ec328458cf4139632c998e1ddd65e7bfd05ce3dddf87adfe4fd5d,"[64, 144]",-0.019433056040411567,-7.760626109597469e-05,-0.01930849802008643,0.0002021642814211124,2,4,2.8915684191413185e-14,False,False,"Fixed physical Maxwell core, <=k additions; a positive pair is not automatically a 1-swap trap."
2001,early,4,<WORKSPACE>/Gaussian/A17/EXCHANGE_R1/results/object_2001_early,25387349f2beb0f96d242ca9b954a62e6bfcc22e30747f954ca70f472e65a2bd,279031dac62ec328458cf4139632c998e1ddd65e7bfd05ce3dddf87adfe4fd5d,"[96, 128]",-0.02552495323993595,2.0594634377061498e-05,-0.025481260453373258,2.3098152185629907e-05,2,4,2.8915684191413185e-14,False,False,"Fixed physical Maxwell core, <=k additions; a positive pair is not automatically a 1-swap trap."
2001,early,4,<WORKSPACE>/Gaussian/A17/EXCHANGE_R1/results/object_2001_early,25387349f2beb0f96d242ca9b954a62e6bfcc22e30747f954ca70f472e65a2bd,279031dac62ec328458cf4139632c998e1ddd65e7bfd05ce3dddf87adfe4fd5d,"[96, 144]",-0.02552495323993595,-7.760626109597469e-05,-0.02502483208476112,0.0005777274162708053,2,4,2.8915684191413185e-14,False,False,"Fixed physical Maxwell core, <=k additions; a positive pair is not automatically a 1-swap trap."
2001,early,4,<WORKSPACE>/Gaussian/A17/EXCHANGE_R1/results/object_2001_early,25387349f2beb0f96d242ca9b954a62e6bfcc22e30747f954ca70f472e65a2bd,279031dac62ec328458cf4139632c998e1ddd65e7bfd05ce3dddf87adfe4fd5d,"[128, 144]",2.0594634377061498e-05,-7.760626109597469e-05,-6.17335245098756e-05,-4.721897790962407e-06,2,4,2.8915684191413185e-14,False,False,"Fixed physical Maxwell core, <=k additions; a positive pair is not automatically a 1-swap trap."
2001,early,8,<WORKSPACE>/Gaussian/A17/EXCHANGE_R1/results/object_2001_early,25387349f2beb0f96d242ca9b954a62e6bfcc22e30747f954ca70f472e65a2bd,279031dac62ec328458cf4139632c998e1ddd65e7bfd05ce3dddf87adfe4fd5d,"[8, 32]",5.013467419776654e-06,5.114284673931796e-06,1.2814629202388647e-05,2.686877108680197e-06,6,8,2.8915684191413185e-14,False,False,"Fixed physical Maxwell core, <=k additions; a positive pair is not automatically a 1-swap trap."
2001,early,8,<WORKSPACE>/Gaussian/A17/EXCHANGE_R1/results/object_2001_early,25387349f2beb0f96d242ca9b954a62e6bfcc22e30747f954ca70f472e65a2bd,279031dac62ec328458cf4139632c998e1ddd65e7bfd05ce3dddf87adfe4fd5d,"[8, 64]",5.013467419776654e-06,-3.197577661325644e-05,-3.154095551680222e-05,-4.578646323322433e-06,6,8,2.8915684191413185e-14,False,False,"Fixed physical Maxwell core, <=k additions; a positive pair is not automatically a 1-swap trap."
2001,early,8,<WORKSPACE>/Gaussian/A17/EXCHANGE_R1/results/object_2001_early,25387349f2beb0f96d242ca9b954a62e6bfcc22e30747f954ca70f472e65a2bd,279031dac62ec328458cf4139632c998e1ddd65e7bfd05ce3dddf87adfe4fd5d,"[8, 96]",5.013467419776654e-06,-0.0007033604509457643,-0.0007008095906246253,-2.462607098637588e-06,6,8,2.8915684191413185e-14,False,False,"Fixed physical Maxwell core, <=k additions; a positive pair is not automatically a 1-swap trap."
2001,early,8,<WORKSPACE>/Gaussian/A17/EXCHANGE_R1/results/object_2001_early,25387349f2beb0f96d242ca9b954a62e6bfcc22e30747f954ca70f472e65a2bd,279031dac62ec328458cf4139632c998e1ddd65e7bfd05ce3dddf87adfe4fd5d,"[8, 128]",5.013467419776654e-06,7.391949572999719e-07,5.377823346496841e-06,-3.7483903057978486e-07,6,8,2.8915684191413185e-14,False,False,"Fixed physical Maxwell core, <=k additions; a positive pair is not automatically a 1-swap trap."
2001,early,8,<WORKSPACE>/Gaussian/A17/EXCHANGE_R1/results/object_2001_early,25387349f2beb0f96d242ca9b954a62e6bfcc22e30747f954ca70f472e65a2bd,279031dac62ec328458cf4139632c998e1ddd65e7bfd05ce3dddf87adfe4fd5d,"[8, 144]",5.013467419776654e-06,9.983427203132677e-07,5.92988178048654e-06,-8.192835960338145e-08,6,8,2.8915684191413185e-14,False,False,"Fixed physical Maxwell core, <=k additions; a positive pair is not automatically a 1-swap trap."
2001,early,8,<WORKSPACE>/Gaussian/A17/EXCHANGE_R1/results/object_2001_early,25387349f2beb0f96d242ca9b954a62e6bfcc22e30747f954ca70f472e65a2bd,279031dac62ec328458cf4139632c998e1ddd65e7bfd05ce3dddf87adfe4fd5d,"[32, 64]",5.114284673931796e-06,-3.197577661325644e-05,-3.1552583839020646e-05,-4.691091899695996e-06,6,8,2.8915684191413185e-14,False,False,"Fixed physical Maxwell core, <=k additions; a positive pair is not automatically a 1-swap trap."
2001,early,8,<WORKSPACE>/Gaussian/A17/EXCHANGE_R1/results/object_2001_early,25387349f2beb0f96d242ca9b954a62e6bfcc22e30747f954ca70f472e65a2bd,279031dac62ec328458cf4139632c998e1ddd65e7bfd05ce3dddf87adfe4fd5d,"[32, 96]",5.114284673931796e-06,-0.0007033604509457643,-0.0006464221223741148,5.182404389771783e-05,6,8,2.8915684191413185e-14,False,False,"Fixed physical Maxwell core, <=k additions; a positive pair is not automatically a 1-swap trap."
2001,early,8,<WORKSPACE>/Gaussian/A17/EXCHANGE_R1/results/object_2001_early,25387349f2beb0f96d242ca9b954a62e6bfcc22e30747f954ca70f472e65a2bd,279031dac62ec328458cf4139632c998e1ddd65e7bfd05ce3dddf87adfe4fd5d,"[32, 128]",5.114284673931796e-06,7.391949572999719e-07,5.777083138410395e-06,-7.639649282137272e-08,6,8,2.8915684191413185e-14,False,False,"Fixed physical Maxwell core, <=k additions; a positive pair is not automatically a 1-swap trap."
2001,early,8,<WORKSPACE>/Gaussian/A17/EXCHANGE_R1/results/object_2001_early,25387349f2beb0f96d242ca9b954a62e6bfcc22e30747f954ca70f472e65a2bd,279031dac62ec328458cf4139632c998e1ddd65e7bfd05ce3dddf87adfe4fd5d,"[32, 144]",5.114284673931796e-06,9.983427203132677e-07,5.93719684880281e-06,-1.7543054544225305e-07,6,8,2.8915684191413185e-14,False,False,"Fixed physical Maxwell core, <=k additions; a positive pair is not automatically a 1-swap trap."
2001,early,8,<WORKSPACE>/Gaussian/A17/EXCHANGE_R1/results/object_2001_early,25387349f2beb0f96d242ca9b954a62e6bfcc22e30747f954ca70f472e65a2bd,279031dac62ec328458cf4139632c998e1ddd65e7bfd05ce3dddf87adfe4fd5d,"[64, 96]",-3.197577661325644e-05,-0.0007033604509457643,-0.0006236774961968272,0.00011165873136219351,6,8,2.8915684191413185e-14,False,False,"Fixed physical Maxwell core, <=k additions; a positive pair is not automatically a 1-swap trap."
2001,early,8,<WORKSPACE>/Gaussian/A17/EXCHANGE_R1/results/object_2001_early,25387349f2beb0f96d242ca9b954a62e6bfcc22e30747f954ca70f472e65a2bd,279031dac62ec328458cf4139632c998e1ddd65e7bfd05ce3dddf87adfe4fd5d,"[64, 128]",-3.197577661325644e-05,7.391949572999719e-07,-3.141418360140383e-05,-1.7760194544735957e-07,6,8,2.8915684191413185e-14,False,False,"Fixed physical Maxwell core, <=k additions; a positive pair is not automatically a 1-swap trap."
2001,early,8,<WORKSPACE>/Gaussian/A17/EXCHANGE_R1/results/object_2001_early,25387349f2beb0f96d242ca9b954a62e6bfcc22e30747f954ca70f472e65a2bd,279031dac62ec328458cf4139632c998e1ddd65e7bfd05ce3dddf87adfe4fd5d,"[64, 144]",-3.197577661325644e-05,9.983427203132677e-07,-3.070432761408259e-05,2.7310627886058726e-07,6,8,2.8915684191413185e-14,False,False,"Fixed physical Maxwell core, <=k additions; a positive pair is not automatically a 1-swap trap."
2001,early,8,<WORKSPACE>/Gaussian/A17/EXCHANGE_R1/results/object_2001_early,25387349f2beb0f96d242ca9b954a62e6bfcc22e30747f954ca70f472e65a2bd,279031dac62ec328458cf4139632c998e1ddd65e7bfd05ce3dddf87adfe4fd5d,"[96, 128]",-0.0007033604509457643,7.391949572999719e-07,-0.0007045929900060227,-1.971734017558308e-06,6,8,2.8915684191413185e-14,False,False,"Fixed physical Maxwell core, <=k additions; a positive pair is not automatically a 1-swap trap."
2001,early,8,<WORKSPACE>/Gaussian/A17/EXCHANGE_R1/results/object_2001_early,25387349f2beb0f96d242ca9b954a62e6bfcc22e30747f954ca70f472e65a2bd,279031dac62ec328458cf4139632c998e1ddd65e7bfd05ce3dddf87adfe4fd5d,"[96, 144]",-0.0007033604509457643,9.983427203132677e-07,-0.0007048571674421499,-2.4950592166988466e-06,6,8,2.8915684191413185e-14,False,False,"Fixed physical Maxwell core, <=k additions; a positive pair is not automatically a 1-swap trap."
2001,early,8,<WORKSPACE>/Gaussian/A17/EXCHANGE_R1/results/object_2001_early,25387349f2beb0f96d242ca9b954a62e6bfcc22e30747f954ca70f472e65a2bd,279031dac62ec328458cf4139632c998e1ddd65e7bfd05ce3dddf87adfe4fd5d,"[128, 144]",7.391949572999719e-07,9.983427203132677e-07,1.8156434137471443e-06,7.810573613390468e-08,6,8,2.8915684191413185e-14,False,False,"Fixed physical Maxwell core, <=k additions; a positive pair is not automatically a 1-swap trap."
2001,early,16,<WORKSPACE>/Gaussian/A17/EXCHANGE_R1/results/object_2001_early,25387349f2beb0f96d242ca9b954a62e6bfcc22e30747f954ca70f472e65a2bd,279031dac62ec328458cf4139632c998e1ddd65e7bfd05ce3dddf87adfe4fd5d,"[16, 32]",6.602221069695395e-07,5.861383454409707e-06,6.694482374151855e-06,1.728768127726082e-07,14,16,2.8915684191413185e-14,False,False,"Fixed physical Maxwell core, <=k additions; a positive pair is not automatically a 1-swap trap."
2001,early,16,<WORKSPACE>/Gaussian/A17/EXCHANGE_R1/results/object_2001_early,25387349f2beb0f96d242ca9b954a62e6bfcc22e30747f954ca70f472e65a2bd,279031dac62ec328458cf4139632c998e1ddd65e7bfd05ce3dddf87adfe4fd5d,"[16, 64]",6.602221069695395e-07,5.752321552579825e-06,7.287385875540279e-06,8.748422159909142e-07,14,16,2.8915684191413185e-14,False,False,"Fixed physical Maxwell core, <=k additions; a positive pair is not automatically a 1-swap trap."
2001,early,16,<WORKSPACE>/Gaussian/A17/EXCHANGE_R1/results/object_2001_early,25387349f2beb0f96d242ca9b954a62e6bfcc22e30747f954ca70f472e65a2bd,279031dac62ec328458cf4139632c998e1ddd65e7bfd05ce3dddf87adfe4fd5d,"[16, 96]",6.602221069695395e-07,-2.5853110864882526e-05,-1.9229121491321833e-05,5.963767266591154e-06,14,16,2.8915684191413185e-14,False,False,"Fixed physical Maxwell core, <=k additions; a positive pair is not automatically a 1-swap trap."
2001,early,16,<WORKSPACE>/Gaussian/A17/EXCHANGE_R1/results/object_2001_early,25387349f2beb0f96d242ca9b954a62e6bfcc22e30747f954ca70f472e65a2bd,279031dac62ec328458cf4139632c998e1ddd65e7bfd05ce3dddf87adfe4fd5d,"[16, 128]",6.602221069695395e-07,3.218306708249157e-07,9.817847784587195e-07,-2.67999335735732e-10,14,16,2.8915684191413185e-14,False,False,"Fixed physical Maxwell core, <=k additions; a positive pair is not automatically a 1-swap trap."
2001,early,16,<WORKSPACE>/Gaussian/A17/EXCHANGE_R1/results/object_2001_early,25387349f2beb0f96d242ca9b954a62e6bfcc22e30747f954ca70f472e65a2bd,279031dac62ec328458cf4139632c998e1ddd65e7bfd05ce3dddf87adfe4fd5d,"[16, 144]",6.602221069695395e-07,7.566109875478565e-09,6.612468077428393e-07,-6.541409102178782e-09,14,16,2.8915684191413185e-14,False,False,"Fixed physical Maxwell core, <=k additions; a positive pair is not automatically a 1-swap trap."
2001,early,16,<WORKSPACE>/Gaussian/A17/EXCHANGE_R1/results/object_2001_early,25387349f2beb0f96d242ca9b954a62e6bfcc22e30747f954ca70f472e65a2bd,279031dac62ec328458cf4139632c998e1ddd65e7bfd05ce3dddf87adfe4fd5d,"[32, 64]",5.861383454409707e-06,5.752321552579825e-06,8.692562744956016e-06,-2.9211422620335163e-06,14,16,2.8915684191413185e-14,False,False,"Fixed physical Maxwell core, <=k additions; a positive pair is not automatically a 1-swap trap."
2001,early,16,<WORKSPACE>/Gaussian/A17/EXCHANGE_R1/results/object_2001_early,25387349f2beb0f96d242ca9b954a62e6bfcc22e30747f954ca70f472e65a2bd,279031dac62ec328458cf4139632c998e1ddd65e7bfd05ce3dddf87adfe4fd5d,"[32, 96]",5.861383454409707e-06,-2.5853110864882526e-05,-2.328274537998073e-05,-3.2910179695079138e-06,14,16,2.8915684191413185e-14,False,False,"Fixed physical Maxwell core, <=k additions; a positive pair is not automatically a 1-swap trap."
2001,early,16,<WORKSPACE>/Gaussian/A17/EXCHANGE_R1/results/object_2001_early,25387349f2beb0f96d242ca9b954a62e6bfcc22e30747f954ca70f472e65a2bd,279031dac62ec328458cf4139632c998e1ddd65e7bfd05ce3dddf87adfe4fd5d,"[32, 128]",5.861383454409707e-06,3.218306708249157e-07,6.198853200107869e-06,1.5639074873246528e-08,14,16,2.8915684191413185e-14,False,False,"Fixed physical Maxwell core, <=k additions; a positive pair is not automatically a 1-swap trap."
2001,early,16,<WORKSPACE>/Gaussian/A17/EXCHANGE_R1/results/object_2001_early,25387349f2beb0f96d242ca9b954a62e6bfcc22e30747f954ca70f472e65a2bd,279031dac62ec328458cf4139632c998e1ddd65e7bfd05ce3dddf87adfe4fd5d,"[32, 144]",5.861383454409707e-06,7.566109875478565e-09,5.867321313430281e-06,-1.6282508549045304e-09,14,16,2.8915684191413185e-14,False,False,"Fixed physical Maxwell core, <=k additions; a positive pair is not automatically a 1-swap trap."
2001,early,16,<WORKSPACE>/Gaussian/A17/EXCHANGE_R1/results/object_2001_early,25387349f2beb0f96d242ca9b954a62e6bfcc22e30747f954ca70f472e65a2bd,279031dac62ec328458cf4139632c998e1ddd65e7bfd05ce3dddf87adfe4fd5d,"[64, 96]",5.752321552579825e-06,-2.5853110864882526e-05,-3.4107151564487595e-05,-1.4006362252184895e-05,14,16,2.8915684191413185e-14,False,False,"Fixed physical Maxwell core, <=k additions; a positive pair is not automatically a 1-swap trap."
2001,early,16,<WORKSPACE>/Gaussian/A17/EXCHANGE_R1/results/object_2001_early,25387349f2beb0f96d242ca9b954a62e6bfcc22e30747f954ca70f472e65a2bd,279031dac62ec328458cf4139632c998e1ddd65e7bfd05ce3dddf87adfe4fd5d,"[64, 128]",5.752321552579825e-06,3.218306708249157e-07,5.9787667638442785e-06,-9.538545956046201e-08,14,16,2.8915684191413185e-14,False,False,"Fixed physical Maxwell core, <=k additions; a positive pair is not automatically a 1-swap trap."
2001,early,16,<WORKSPACE>/Gaussian/A17/EXCHANGE_R1/results/object_2001_early,25387349f2beb0f96d242ca9b954a62e6bfcc22e30747f954ca70f472e65a2bd,279031dac62ec328458cf4139632c998e1ddd65e7bfd05ce3dddf87adfe4fd5d,"[64, 144]",5.752321552579825e-06,7.566109875478565e-09,5.728535414309029e-06,-3.135224814627415e-08,14,16,2.8915684191413185e-14,False,False,"Fixed physical Maxwell core, <=k additions; a positive pair is not automatically a 1-swap trap."
2001,early,16,<WORKSPACE>/Gaussian/A17/EXCHANGE_R1/results/object_2001_early,25387349f2beb0f96d242ca9b954a62e6bfcc22e30747f954ca70f472e65a2bd,279031dac62ec328458cf4139632c998e1ddd65e7bfd05ce3dddf87adfe4fd5d,"[96, 128]",-2.5853110864882526e-05,3.218306708249157e-07,-2.5575522996055614e-05,-4.424280199800389e-08,14,16,2.8915684191413185e-14,False,False,"Fixed physical Maxwell core, <=k additions; a positive pair is not automatically a 1-swap trap."
2001,early,16,<WORKSPACE>/Gaussian/A17/EXCHANGE_R1/results/object_2001_early,25387349f2beb0f96d242ca9b954a62e6bfcc22e30747f954ca70f472e65a2bd,279031dac62ec328458cf4139632c998e1ddd65e7bfd05ce3dddf87adfe4fd5d,"[96, 144]",-2.5853110864882526e-05,7.566109875478565e-09,-2.5825658966194844e-05,1.988578881220287e-08,14,16,2.8915684191413185e-14,False,False,"Fixed physical Maxwell core, <=k additions; a positive pair is not automatically a 1-swap trap."
2001,early,16,<WORKSPACE>/Gaussian/A17/EXCHANGE_R1/results/object_2001_early,25387349f2beb0f96d242ca9b954a62e6bfcc22e30747f954ca70f472e65a2bd,279031dac62ec328458cf4139632c998e1ddd65e7bfd05ce3dddf87adfe4fd5d,"[128, 144]",3.218306708249157e-07,7.566109875478565e-09,3.2744216186359327e-07,-1.9546188368010116e-09,14,16,2.8915684191413185e-14,False,False,"Fixed physical Maxwell core, <=k additions; a positive pair is not automatically a 1-swap trap."
2001,late,4,<WORKSPACE>/Gaussian/A17/EXCHANGE_R1/results/object_2001_late,d5fc5494354cea7464d2f8ddbc5f32111d2b6748329d0269bb5b6c73feaf452c,50212acd39c0673d92c7e84e553969c2fa211b850768668e9fbe47ad2294bfa9,"[4, 32]",0.0002704810026957835,0.000352809597198429,0.00036743985151164256,-0.00025585074838256996,2,4,1.820467525657628e-18,False,False,"Fixed physical Maxwell core, <=k additions; a positive pair is not automatically a 1-swap trap."
2001,late,4,<WORKSPACE>/Gaussian/A17/EXCHANGE_R1/results/object_2001_late,d5fc5494354cea7464d2f8ddbc5f32111d2b6748329d0269bb5b6c73feaf452c,50212acd39c0673d92c7e84e553969c2fa211b850768668e9fbe47ad2294bfa9,"[4, 64]",0.0002704810026957835,-0.00045262296957405187,0.00040157482334272606,0.0005837167902209944,2,4,1.820467525657628e-18,False,False,"Fixed physical Maxwell core, <=k additions; a positive pair is not automatically a 1-swap trap."
2001,late,4,<WORKSPACE>/Gaussian/A17/EXCHANGE_R1/results/object_2001_late,d5fc5494354cea7464d2f8ddbc5f32111d2b6748329d0269bb5b6c73feaf452c,50212acd39c0673d92c7e84e553969c2fa211b850768668e9fbe47ad2294bfa9,"[4, 96]",0.0002704810026957835,0.0004708960516688533,0.00043922780485981393,-0.00030214924950482287,2,4,1.820467525657628e-18,False,False,"Fixed physical Maxwell core, <=k additions; a positive pair is not automatically a 1-swap trap."
2001,late,4,<WORKSPACE>/Gaussian/A17/EXCHANGE_R1/results/object_2001_late,d5fc5494354cea7464d2f8ddbc5f32111d2b6748329d0269bb5b6c73feaf452c,50212acd39c0673d92c7e84e553969c2fa211b850768668e9fbe47ad2294bfa9,"[4, 128]",0.0002704810026957835,2.7722560908927025e-05,0.00027187644605568284,-2.6327117549027712e-05,2,4,1.820467525657628e-18,False,False,"Fixed physical Maxwell core, <=k additions; a positive pair is not automatically a 1-swap trap."
2001,late,4,<WORKSPACE>/Gaussian/A17/EXCHANGE_R1/results/object_2001_late,d5fc5494354cea7464d2f8ddbc5f32111d2b6748329d0269bb5b6c73feaf452c,50212acd39c0673d92c7e84e553969c2fa211b850768668e9fbe47ad2294bfa9,"[4, 144]",0.0002704810026957835,-0.000131902221786908,0.0003097989928438952,0.0001712202119350197,2,4,1.820467525657628e-18,False,False,"Fixed physical Maxwell core, <=k additions; a positive pair is not automatically a 1-swap trap."
2001,late,4,<WORKSPACE>/Gaussian/A17/EXCHANGE_R1/results/object_2001_late,d5fc5494354cea7464d2f8ddbc5f32111d2b6748329d0269bb5b6c73feaf452c,50212acd39c0673d92c7e84e553969c2fa211b850768668e9fbe47ad2294bfa9,"[32, 64]",0.000352809597198429,-0.00045262296957405187,0.00014745328339391226,0.00024726665576953514,2,4,1.820467525657628e-18,False,False,"Fixed physical Maxwell core, <=k additions; a positive pair is not automatically a 1-swap trap."
2001,late,4,<WORKSPACE>/Gaussian/A17/EXCHANGE_R1/results/object_2001_late,d5fc5494354cea7464d2f8ddbc5f32111d2b6748329d0269bb5b6c73feaf452c,50212acd39c0673d92c7e84e553969c2fa211b850768668e9fbe47ad2294bfa9,"[32, 96]",0.000352809597198429,0.0004708960516688533,0.0004975507412311187,-0.00032615490763616354,2,4,1.820467525657628e-18,False,False,"Fixed physical Maxwell core, <=k additions; a positive pair is not automatically a 1-swap trap."
2001,late,4,<WORKSPACE>/Gaussian/A17/EXCHANGE_R1/results/object_2001_late,d5fc5494354cea7464d2f8ddbc5f32111d2b6748329d0269bb5b6c73feaf452c,50212acd39c0673d92c7e84e553969c2fa211b850768668e9fbe47ad2294bfa9,"[32, 128]",0.000352809597198429,2.7722560908927025e-05,0.0002418471797790868,-0.0001386849783282692,2,4,1.820467525657628e-18,False,False,"Fixed physical Maxwell core, <=k additions; a positive pair is not automatically a 1-swap trap."
2001,late,4,<WORKSPACE>/Gaussian/A17/EXCHANGE_R1/results/object_2001_late,d5fc5494354cea7464d2f8ddbc5f32111d2b6748329d0269bb5b6c73feaf452c,50212acd39c0673d92c7e84e553969c2fa211b850768668e9fbe47ad2294bfa9,"[32, 144]",0.000352809597198429,-0.000131902221786908,0.00022277699375898097,1.8696183474599783e-06,2,4,1.820467525657628e-18,False,False,"Fixed physical Maxwell core, <=k additions; a positive pair is not automatically a 1-swap trap."
2001,late,4,<WORKSPACE>/Gaussian/A17/EXCHANGE_R1/results/object_2001_late,d5fc5494354cea7464d2f8ddbc5f32111d2b6748329d0269bb5b6c73feaf452c,50212acd39c0673d92c7e84e553969c2fa211b850768668e9fbe47ad2294bfa9,"[64, 96]",-0.00045262296957405187,0.0004708960516688533,0.00040931647855444635,0.00039104339645964494,2,4,1.820467525657628e-18,False,False,"Fixed physical Maxwell core, <=k additions; a positive pair is not automatically a 1-swap trap."
2001,late,4,<WORKSPACE>/Gaussian/A17/EXCHANGE_R1/results/object_2001_late,d5fc5494354cea7464d2f8ddbc5f32111d2b6748329d0269bb5b6c73feaf452c,50212acd39c0673d92c7e84e553969c2fa211b850768668e9fbe47ad2294bfa9,"[64, 128]",-0.00045262296957405187,2.7722560908927025e-05,-0.0005272251259084513,-0.00010232471724332645,2,4,1.820467525657628e-18,False,False,"Fixed physical Maxwell core, <=k additions; a positive pair is not automatically a 1-swap trap."
2001,late,4,<WORKSPACE>/Gaussian/A17/EXCHANGE_R1/results/object_2001_late,d5fc5494354cea7464d2f8ddbc5f32111d2b6748329d0269bb5b6c73feaf452c,50212acd39c0673d92c7e84e553969c2fa211b850768668e9fbe47ad2294bfa9,"[64, 144]",-0.00045262296957405187,-0.000131902221786908,-0.00043452523041102604,0.00014999996094993383,2,4,1.820467525657628e-18,False,False,"Fixed physical Maxwell core, <=k additions; a positive pair is not automatically a 1-swap trap."
2001,late,4,<WORKSPACE>/Gaussian/A17/EXCHANGE_R1/results/object_2001_late,d5fc5494354cea7464d2f8ddbc5f32111d2b6748329d0269bb5b6c73feaf452c,50212acd39c0673d92c7e84e553969c2fa211b850768668e9fbe47ad2294bfa9,"[96, 128]",0.0004708960516688533,2.7722560908927025e-05,0.00043951901484257186,-5.909959773520844e-05,2,4,1.820467525657628e-18,False,False,"Fixed physical Maxwell core, <=k additions; a positive pair is not automatically a 1-swap trap."
2001,late,4,<WORKSPACE>/Gaussian/A17/EXCHANGE_R1/results/object_2001_late,d5fc5494354cea7464d2f8ddbc5f32111d2b6748329d0269bb5b6c73feaf452c,50212acd39c0673d92c7e84e553969c2fa211b850768668e9fbe47ad2294bfa9,"[96, 144]",0.0004708960516688533,-0.000131902221786908,0.00042633123505376287,8.733740517181759e-05,2,4,1.820467525657628e-18,False,False,"Fixed physical Maxwell core, <=k additions; a positive pair is not automatically a 1-swap trap."
2001,late,4,<WORKSPACE>/Gaussian/A17/EXCHANGE_R1/results/object_2001_late,d5fc5494354cea7464d2f8ddbc5f32111d2b6748329d0269bb5b6c73feaf452c,50212acd39c0673d92c7e84e553969c2fa211b850768668e9fbe47ad2294bfa9,"[128, 144]",2.7722560908927025e-05,-0.000131902221786908,-0.0001760555915561079,-7.187593067812693e-05,2,4,1.820467525657628e-18,False,False,"Fixed physical Maxwell core, <=k additions; a positive pair is not automatically a 1-swap trap."
2001,late,8,<WORKSPACE>/Gaussian/A17/EXCHANGE_R1/results/object_2001_late,d5fc5494354cea7464d2f8ddbc5f32111d2b6748329d0269bb5b6c73feaf452c,50212acd39c0673d92c7e84e553969c2fa211b850768668e9fbe47ad2294bfa9,"[8, 32]",2.9846616710449335e-05,1.1426018806691668e-05,4.226171771856079e-05,9.890822014197892e-07,6,8,1.820467525657628e-18,False,False,"Fixed physical Maxwell core, <=k additions; a positive pair is not automatically a 1-swap trap."
2001,late,8,<WORKSPACE>/Gaussian/A17/EXCHANGE_R1/results/object_2001_late,d5fc5494354cea7464d2f8ddbc5f32111d2b6748329d0269bb5b6c73feaf452c,50212acd39c0673d92c7e84e553969c2fa211b850768668e9fbe47ad2294bfa9,"[8, 64]",2.9846616710449335e-05,3.806118869885231e-05,4.71505728270728e-05,-2.0757232582228844e-05,6,8,1.820467525657628e-18,False,False,"Fixed physical Maxwell core, <=k additions; a positive pair is not automatically a 1-swap trap."
2001,late,8,<WORKSPACE>/Gaussian/A17/EXCHANGE_R1/results/object_2001_late,d5fc5494354cea7464d2f8ddbc5f32111d2b6748329d0269bb5b6c73feaf452c,50212acd39c0673d92c7e84e553969c2fa211b850768668e9fbe47ad2294bfa9,"[8, 96]",2.9846616710449335e-05,3.7184714141761936e-05,6.386448647767764e-05,-3.1668443745336343e-06,6,8,1.820467525657628e-18,False,False,"Fixed physical Maxwell core, <=k additions; a positive pair is not automatically a 1-swap trap."
2001,late,8,<WORKSPACE>/Gaussian/A17/EXCHANGE_R1/results/object_2001_late,d5fc5494354cea7464d2f8ddbc5f32111d2b6748329d0269bb5b6c73feaf452c,50212acd39c0673d92c7e84e553969c2fa211b850768668e9fbe47ad2294bfa9,"[8, 128]",2.9846616710449335e-05,-1.2635603075873091e-05,2.0035353710215333e-05,2.824340075639089e-06,6,8,1.820467525657628e-18,False,False,"Fixed physical Maxwell core, <=k additions; a positive pair is not automatically a 1-swap trap."
2001,late,8,<WORKSPACE>/Gaussian/A17/EXCHANGE_R1/results/object_2001_late,d5fc5494354cea7464d2f8ddbc5f32111d2b6748329d0269bb5b6c73feaf452c,50212acd39c0673d92c7e84e553969c2fa211b850768668e9fbe47ad2294bfa9,"[8, 144]",2.9846616710449335e-05,-1.9907529377438714e-06,2.9974358837150594e-05,2.1184950644451302e-06,6,8,1.820467525657628e-18,False,False,"Fixed physical Maxwell core, <=k additions; a positive pair is not automatically a 1-swap trap."
2001,late,8,<WORKSPACE>/Gaussian/A17/EXCHANGE_R1/results/object_2001_late,d5fc5494354cea7464d2f8ddbc5f32111d2b6748329d0269bb5b6c73feaf452c,50212acd39c0673d92c7e84e553969c2fa211b850768668e9fbe47ad2294bfa9,"[32, 64]",1.1426018806691668e-05,3.806118869885231e-05,4.5236461751791885e-05,-4.250745753752088e-06,6,8,1.820467525657628e-18,False,False,"Fixed physical Maxwell core, <=k additions; a positive pair is not automatically a 1-swap trap."
2001,late,8,<WORKSPACE>/Gaussian/A17/EXCHANGE_R1/results/object_2001_late,d5fc5494354cea7464d2f8ddbc5f32111d2b6748329d0269bb5b6c73feaf452c,50212acd39c0673d92c7e84e553969c2fa211b850768668e9fbe47ad2294bfa9,"[32, 96]",1.1426018806691668e-05,3.7184714141761936e-05,4.3920085438149997e-05,-4.690647510303606e-06,6,8,1.820467525657628e-18,False,False,"Fixed physical Maxwell core, <=k additions; a positive pair is not automatically a 1-swap trap."
2001,late,8,<WORKSPACE>/Gaussian/A17/EXCHANGE_R1/results/object_2001_late,d5fc5494354cea7464d2f8ddbc5f32111d2b6748329d0269bb5b6c73feaf452c,50212acd39c0673d92c7e84e553969c2fa211b850768668e9fbe47ad2294bfa9,"[32, 128]",1.1426018806691668e-05,-1.2635603075873091e-05,-2.450009077677002e-06,-1.2404248084955789e-06,6,8,1.820467525657628e-18,False,False,"Fixed physical Maxwell core, <=k additions; a positive pair is not automatically a 1-swap trap."
2001,late,8,<WORKSPACE>/Gaussian/A17/EXCHANGE_R1/results/object_2001_late,d5fc5494354cea7464d2f8ddbc5f32111d2b6748329d0269bb5b6c73feaf452c,50212acd39c0673d92c7e84e553969c2fa211b850768668e9fbe47ad2294bfa9,"[32, 144]",1.1426018806691668e-05,-1.9907529377438714e-06,1.2589893070944229e-05,3.1546272019964328e-06,6,8,1.820467525657628e-18,False,False,"Fixed physical Maxwell core, <=k additions; a positive pair is not automatically a 1-swap trap."
2001,late,8,<WORKSPACE>/Gaussian/A17/EXCHANGE_R1/results/object_2001_late,d5fc5494354cea7464d2f8ddbc5f32111d2b6748329d0269bb5b6c73feaf452c,50212acd39c0673d92c7e84e553969c2fa211b850768668e9fbe47ad2294bfa9,"[64, 96]",3.806118869885231e-05,3.7184714141761936e-05,4.861340632408156e-05,-2.663249651653268e-05,6,8,1.820467525657628e-18,False,False,"Fixed physical Maxwell core, <=k additions; a positive pair is not automatically a 1-swap trap."
2001,late,8,<WORKSPACE>/Gaussian/A17/EXCHANGE_R1/results/object_2001_late,d5fc5494354cea7464d2f8ddbc5f32111d2b6748329d0269bb5b6c73feaf452c,50212acd39c0673d92c7e84e553969c2fa211b850768668e9fbe47ad2294bfa9,"[64, 128]",3.806118869885231e-05,-1.2635603075873091e-05,2.391296415996076e-05,-1.5126214630184553e-06,6,8,1.820467525657628e-18,False,False,"Fixed physical Maxwell core, <=k additions; a positive pair is not automatically a 1-swap trap."
2001,late,8,<WORKSPACE>/Gaussian/A17/EXCHANGE_R1/results/object_2001_late,d5fc5494354cea7464d2f8ddbc5f32111d2b6748329d0269bb5b6c73feaf452c,50212acd39c0673d92c7e84e553969c2fa211b850768668e9fbe47ad2294bfa9,"[64, 144]",3.806118869885231e-05,-1.9907529377438714e-06,3.50331867982997e-05,-1.0372489628087322e-06,6,8,1.820467525657628e-18,False,False,"Fixed physical Maxwell core, <=k additions; a positive pair is not automatically a 1-swap trap."
2001,late,8,<WORKSPACE>/Gaussian/A17/EXCHANGE_R1/results/object_2001_late,d5fc5494354cea7464d2f8ddbc5f32111d2b6748329d0269bb5b6c73feaf452c,50212acd39c0673d92c7e84e553969c2fa211b850768668e9fbe47ad2294bfa9,"[96, 128]",3.7184714141761936e-05,-1.2635603075873091e-05,2.5734871379458818e-05,1.1857603135699728e-06,6,8,1.820467525657628e-18,False,False,"Fixed physical Maxwell core, <=k additions; a positive pair is not automatically a 1-swap trap."
2001,late,8,<WORKSPACE>/Gaussian/A17/EXCHANGE_R1/results/object_2001_late,d5fc5494354cea7464d2f8ddbc5f32111d2b6748329d0269bb5b6c73feaf452c,50212acd39c0673d92c7e84e553969c2fa211b850768668e9fbe47ad2294bfa9,"[96, 144]",3.7184714141761936e-05,-1.9907529377438714e-06,3.6804012614370305e-05,1.6100514103522401e-06,6,8,1.820467525657628e-18,False,False,"Fixed physical Maxwell core, <=k additions; a positive pair is not automatically a 1-swap trap."
2001,late,8,<WORKSPACE>/Gaussian/A17/EXCHANGE_R1/results/object_2001_late,d5fc5494354cea7464d2f8ddbc5f32111d2b6748329d0269bb5b6c73feaf452c,50212acd39c0673d92c7e84e553969c2fa211b850768668e9fbe47ad2294bfa9,"[128, 144]",-1.2635603075873091e-05,-1.9907529377438714e-06,-1.2416528112401196e-05,2.2098279012157663e-06,6,8,1.820467525657628e-18,False,False,"Fixed physical Maxwell core, <=k additions; a positive pair is not automatically a 1-swap trap."
2001,late,16,<WORKSPACE>/Gaussian/A17/EXCHANGE_R1/results/object_2001_late,d5fc5494354cea7464d2f8ddbc5f32111d2b6748329d0269bb5b6c73feaf452c,50212acd39c0673d92c7e84e553969c2fa211b850768668e9fbe47ad2294bfa9,"[16, 32]",6.437540161090475e-07,1.3554608900138894e-07,6.975011348294322e-07,-8.179897028100421e-08,14,16,1.820467525657628e-18,False,False,"Fixed physical Maxwell core, <=k additions; a positive pair is not automatically a 1-swap trap."
2001,late,16,<WORKSPACE>/Gaussian/A17/EXCHANGE_R1/results/object_2001_late,d5fc5494354cea7464d2f8ddbc5f32111d2b6748329d0269bb5b6c73feaf452c,50212acd39c0673d92c7e84e553969c2fa211b850768668e9fbe47ad2294bfa9,"[16, 64]",6.437540161090475e-07,-7.354567113226807e-07,-1.3856533417249134e-08,7.784616179638405e-08,14,16,1.820467525657628e-18,False,False,"Fixed physical Maxwell core, <=k additions; a positive pair is not automatically a 1-swap trap."
2001,late,16,<WORKSPACE>/Gaussian/A17/EXCHANGE_R1/results/object_2001_late,d5fc5494354cea7464d2f8ddbc5f32111d2b6748329d0269bb5b6c73feaf452c,50212acd39c0673d92c7e84e553969c2fa211b850768668e9fbe47ad2294bfa9,"[16, 96]",6.437540161090475e-07,6.029321565067794e-07,7.477596790214964e-07,-4.989264935943305e-07,14,16,1.820467525657628e-18,False,False,"Fixed physical Maxwell core, <=k additions; a positive pair is not automatically a 1-swap trap."
2001,late,16,<WORKSPACE>/Gaussian/A17/EXCHANGE_R1/results/object_2001_late,d5fc5494354cea7464d2f8ddbc5f32111d2b6748329d0269bb5b6c73feaf452c,50212acd39c0673d92c7e84e553969c2fa211b850768668e9fbe47ad2294bfa9,"[16, 128]",6.437540161090475e-07,-4.619304502915876e-07,5.355252306304759e-07,3.53701664813016e-07,14,16,1.820467525657628e-18,False,False,"Fixed physical Maxwell core, <=k additions; a positive pair is not automatically a 1-swap trap."
2001,late,16,<WORKSPACE>/Gaussian/A17/EXCHANGE_R1/results/object_2001_late,d5fc5494354cea7464d2f8ddbc5f32111d2b6748329d0269bb5b6c73feaf452c,50212acd39c0673d92c7e84e553969c2fa211b850768668e9fbe47ad2294bfa9,"[16, 144]",6.437540161090475e-07,2.4510814130913753e-08,6.693379202441947e-07,1.0730900042334984e-09,14,16,1.820467525657628e-18,False,False,"Fixed physical Maxwell core, <=k additions; a positive pair is not automatically a 1-swap trap."
2001,late,16,<WORKSPACE>/Gaussian/A17/EXCHANGE_R1/results/object_2001_late,d5fc5494354cea7464d2f8ddbc5f32111d2b6748329d0269bb5b6c73feaf452c,50212acd39c0673d92c7e84e553969c2fa211b850768668e9fbe47ad2294bfa9,"[32, 64]",1.3554608900138894e-07,-7.354567113226807e-07,-6.981958382532408e-07,-9.828521593194908e-08,14,16,1.820467525657628e-18,False,False,"Fixed physical Maxwell core, <=k additions; a positive pair is not automatically a 1-swap trap."
2001,late,16,<WORKSPACE>/Gaussian/A17/EXCHANGE_R1/results/object_2001_late,d5fc5494354cea7464d2f8ddbc5f32111d2b6748329d0269bb5b6c73feaf452c,50212acd39c0673d92c7e84e553969c2fa211b850768668e9fbe47ad2294bfa9,"[32, 96]",1.3554608900138894e-07,6.029321565067794e-07,4.4495180625995416e-07,-2.935264392482142e-07,14,16,1.820467525657628e-18,False,False,"Fixed physical Maxwell core, <=k additions; a positive pair is not automatically a 1-swap trap."
2001,late,16,<WORKSPACE>/Gaussian/A17/EXCHANGE_R1/results/object_2001_late,d5fc5494354cea7464d2f8ddbc5f32111d2b6748329d0269bb5b6c73feaf452c,50212acd39c0673d92c7e84e553969c2fa211b850768668e9fbe47ad2294bfa9,"[32, 128]",1.3554608900138894e-07,-4.619304502915876e-07,-2.6270442526589116e-07,6.36799360243075e-08,14,16,1.820467525657628e-18,False,False,"Fixed physical Maxwell core, <=k additions; a positive pair is not automatically a 1-swap trap."
2001,late,16,<WORKSPACE>/Gaussian/A17/EXCHANGE_R1/results/object_2001_late,d5fc5494354cea7464d2f8ddbc5f32111d2b6748329d0269bb5b6c73feaf452c,50212acd39c0673d92c7e84e553969c2fa211b850768668e9fbe47ad2294bfa9,"[32, 144]",1.3554608900138894e-07,2.4510814130913753e-08,1.5732482083785344e-07,-2.7320822944492598e-09,14,16,1.820467525657628e-18,False,False,"Fixed physical Maxwell core, <=k additions; a positive pair is not automatically a 1-swap trap."
2001,late,16,<WORKSPACE>/Gaussian/A17/EXCHANGE_R1/results/object_2001_late,d5fc5494354cea7464d2f8ddbc5f32111d2b6748329d0269bb5b6c73feaf452c,50212acd39c0673d92c7e84e553969c2fa211b850768668e9fbe47ad2294bfa9,"[64, 96]",-7.354567113226807e-07,6.029321565067794e-07,4.346220583227115e-07,5.671466131386126e-07,14,16,1.820467525657628e-18,False,False,"Fixed physical Maxwell core, <=k additions; a positive pair is not automatically a 1-swap trap."
2001,late,16,<WORKSPACE>/Gaussian/A17/EXCHANGE_R1/results/object_2001_late,d5fc5494354cea7464d2f8ddbc5f32111d2b6748329d0269bb5b6c73feaf452c,50212acd39c0673d92c7e84e553969c2fa211b850768668e9fbe47ad2294bfa9,"[64, 128]",-7.354567113226807e-07,-4.619304502915876e-07,-7.267771089018248e-07,4.7061005271244347e-07,14,16,1.820467525657628e-18,False,False,"Fixed physical Maxwell core, <=k additions; a positive pair is not automatically a 1-swap trap."
2001,late,16,<WORKSPACE>/Gaussian/A17/EXCHANGE_R1/results/object_2001_late,d5fc5494354cea7464d2f8ddbc5f32111d2b6748329d0269bb5b6c73feaf452c,50212acd39c0673d92c7e84e553969c2fa211b850768668e9fbe47ad2294bfa9,"[64, 144]",-7.354567113226807e-07,2.4510814130913753e-08,-7.002479015444869e-07,1.0697995647280062e-08,14,16,1.820467525657628e-18,False,False,"Fixed physical Maxwell core, <=k additions; a positive pair is not automatically a 1-swap trap."
2001,late,16,<WORKSPACE>/Gaussian/A17/EXCHANGE_R1/results/object_2001_late,d5fc5494354cea7464d2f8ddbc5f32111d2b6748329d0269bb5b6c73feaf452c,50212acd39c0673d92c7e84e553969c2fa211b850768668e9fbe47ad2294bfa9,"[96, 128]",6.029321565067794e-07,-4.619304502915876e-07,-1.9614549621392197e-08,-1.6061625583658404e-07,14,16,1.820467525657628e-18,False,False,"Fixed physical Maxwell core, <=k additions; a positive pair is not automatically a 1-swap trap."
2001,late,16,<WORKSPACE>/Gaussian/A17/EXCHANGE_R1/results/object_2001_late,d5fc5494354cea7464d2f8ddbc5f32111d2b6748329d0269bb5b6c73feaf452c,50212acd39c0673d92c7e84e553969c2fa211b850768668e9fbe47ad2294bfa9,"[96, 144]",6.029321565067794e-07,2.4510814130913753e-08,6.124593359797728e-07,-1.49836346579204e-08,14,16,1.820467525657628e-18,False,False,"Fixed physical Maxwell core, <=k additions; a positive pair is not automatically a 1-swap trap."
2001,late,16,<WORKSPACE>/Gaussian/A17/EXCHANGE_R1/results/object_2001_late,d5fc5494354cea7464d2f8ddbc5f32111d2b6748329d0269bb5b6c73feaf452c,50212acd39c0673d92c7e84e553969c2fa211b850768668e9fbe47ad2294bfa9,"[128, 144]",-4.619304502915876e-07,2.4510814130913753e-08,-4.3924065647657277e-07,-1.821020315898926e-09,14,16,1.820467525657628e-18,False,False,"Fixed physical Maxwell core, <=k additions; a positive pair is not automatically a 1-swap trap."
2001,middle,4,<WORKSPACE>/Gaussian/A17/EXCHANGE_R1/results/object_2001_middle,e076178633bf9785d5aa8753ba8ccee97b67a6fc13c2032433576194de3221a3,e0bf563b31bd47b8229475c739278acbcfa609d023117c83b70f211d928128b3,"[4, 32]",2.0996618413790378e-05,-1.511271897055492e-05,8.06710088663311e-05,7.478710942309565e-05,2,4,2.1871235165076276e-18,False,False,"Fixed physical Maxwell core, <=k additions; a positive pair is not automatically a 1-swap trap."
2001,middle,4,<WORKSPACE>/Gaussian/A17/EXCHANGE_R1/results/object_2001_middle,e076178633bf9785d5aa8753ba8ccee97b67a6fc13c2032433576194de3221a3,e0bf563b31bd47b8229475c739278acbcfa609d023117c83b70f211d928128b3,"[4, 64]",2.0996618413790378e-05,-3.353526866527679e-05,6.938310677896793e-05,8.192175703045435e-05,2,4,2.1871235165076276e-18,False,False,"Fixed physical Maxwell core, <=k additions; a positive pair is not automatically a 1-swap trap."
2001,middle,4,<WORKSPACE>/Gaussian/A17/EXCHANGE_R1/results/object_2001_middle,e076178633bf9785d5aa8753ba8ccee97b67a6fc13c2032433576194de3221a3,e0bf563b31bd47b8229475c739278acbcfa609d023117c83b70f211d928128b3,"[4, 96]",2.0996618413790378e-05,1.7603609039865036e-05,7.511617923634268e-05,3.651595178268726e-05,2,4,2.1871235165076276e-18,False,False,"Fixed physical Maxwell core, <=k additions; a positive pair is not automatically a 1-swap trap."
2001,middle,4,<WORKSPACE>/Gaussian/A17/EXCHANGE_R1/results/object_2001_middle,e076178633bf9785d5aa8753ba8ccee97b67a6fc13c2032433576194de3221a3,e0bf563b31bd47b8229475c739278acbcfa609d023117c83b70f211d928128b3,"[4, 128]",2.0996618413790378e-05,2.822154281378882e-07,2.1399698124107734e-05,1.208642821794678e-07,2,4,2.1871235165076276e-18,False,False,"Fixed physical Maxwell core, <=k additions; a positive pair is not automatically a 1-swap trap."
2001,middle,4,<WORKSPACE>/Gaussian/A17/EXCHANGE_R1/results/object_2001_middle,e076178633bf9785d5aa8753ba8ccee97b67a6fc13c2032433576194de3221a3,e0bf563b31bd47b8229475c739278acbcfa609d023117c83b70f211d928128b3,"[4, 144]",2.0996618413790378e-05,1.1752668726832192e-06,2.1210371487542478e-05,-9.615137989311193e-07,2,4,2.1871235165076276e-18,False,False,"Fixed physical Maxwell core, <=k additions; a positive pair is not automatically a 1-swap trap."
2001,middle,4,<WORKSPACE>/Gaussian/A17/EXCHANGE_R1/results/object_2001_middle,e076178633bf9785d5aa8753ba8ccee97b67a6fc13c2032433576194de3221a3,e0bf563b31bd47b8229475c739278acbcfa609d023117c83b70f211d928128b3,"[32, 64]",-1.511271897055492e-05,-3.353526866527679e-05,1.1998165741394963e-07,4.876796929324566e-05,2,4,2.1871235165076276e-18,True,True,"Fixed physical Maxwell core, <=k additions; a positive pair is not automatically a 1-swap trap."
2001,middle,4,<WORKSPACE>/Gaussian/A17/EXCHANGE_R1/results/object_2001_middle,e076178633bf9785d5aa8753ba8ccee97b67a6fc13c2032433576194de3221a3,e0bf563b31bd47b8229475c739278acbcfa609d023117c83b70f211d928128b3,"[32, 96]",-1.511271897055492e-05,1.7603609039865036e-05,7.662138737693578e-05,7.413049730762567e-05,2,4,2.1871235165076276e-18,False,False,"Fixed physical Maxwell core, <=k additions; a positive pair is not automatically a 1-swap trap."
2001,middle,4,<WORKSPACE>/Gaussian/A17/EXCHANGE_R1/results/object_2001_middle,e076178633bf9785d5aa8753ba8ccee97b67a6fc13c2032433576194de3221a3,e0bf563b31bd47b8229475c739278acbcfa609d023117c83b70f211d928128b3,"[32, 128]",-1.511271897055492e-05,2.822154281378882e-07,-2.3140924047702998e-05,-8.310420505285967e-06,2,4,2.1871235165076276e-18,False,False,"Fixed physical Maxwell core, <=k additions; a positive pair is not automatically a 1-swap trap."
2001,middle,4,<WORKSPACE>/Gaussian/A17/EXCHANGE_R1/results/object_2001_middle,e076178633bf9785d5aa8753ba8ccee97b67a6fc13c2032433576194de3221a3,e0bf563b31bd47b8229475c739278acbcfa609d023117c83b70f211d928128b3,"[32, 144]",-1.511271897055492e-05,1.1752668726832192e-06,-1.4839592751236649e-05,-9.021406533649488e-07,2,4,2.1871235165076276e-18,False,False,"Fixed physical Maxwell core, <=k additions; a positive pair is not automatically a 1-swap trap."
2001,middle,4,<WORKSPACE>/Gaussian/A17/EXCHANGE_R1/results/object_2001_middle,e076178633bf9785d5aa8753ba8ccee97b67a6fc13c2032433576194de3221a3,e0bf563b31bd47b8229475c739278acbcfa609d023117c83b70f211d928128b3,"[64, 96]",-3.353526866527679e-05,1.7603609039865036e-05,3.7082612520026285e-05,5.301427214543804e-05,2,4,2.1871235165076276e-18,False,False,"Fixed physical Maxwell core, <=k additions; a positive pair is not automatically a 1-swap trap."
2001,middle,4,<WORKSPACE>/Gaussian/A17/EXCHANGE_R1/results/object_2001_middle,e076178633bf9785d5aa8753ba8ccee97b67a6fc13c2032433576194de3221a3,e0bf563b31bd47b8229475c739278acbcfa609d023117c83b70f211d928128b3,"[64, 128]",-3.353526866527679e-05,2.822154281378882e-07,-3.4357263073003184e-05,-1.104209835864282e-06,2,4,2.1871235165076276e-18,False,False,"Fixed physical Maxwell core, <=k additions; a positive pair is not automatically a 1-swap trap."
2001,middle,4,<WORKSPACE>/Gaussian/A17/EXCHANGE_R1/results/object_2001_middle,e076178633bf9785d5aa8753ba8ccee97b67a6fc13c2032433576194de3221a3,e0bf563b31bd47b8229475c739278acbcfa609d023117c83b70f211d928128b3,"[64, 144]",-3.353526866527679e-05,1.1752668726832192e-06,-3.366593258958441e-05,-1.3059307969908407e-06,2,4,2.1871235165076276e-18,False,False,"Fixed physical Maxwell core, <=k additions; a positive pair is not automatically a 1-swap trap."
2001,middle,4,<WORKSPACE>/Gaussian/A17/EXCHANGE_R1/results/object_2001_middle,e076178633bf9785d5aa8753ba8ccee97b67a6fc13c2032433576194de3221a3,e0bf563b31bd47b8229475c739278acbcfa609d023117c83b70f211d928128b3,"[96, 128]",1.7603609039865036e-05,2.822154281378882e-07,1.4073451798171966e-05,-3.8123726698309584e-06,2,4,2.1871235165076276e-18,False,False,"Fixed physical Maxwell core, <=k additions; a positive pair is not automatically a 1-swap trap."
2001,middle,4,<WORKSPACE>/Gaussian/A17/EXCHANGE_R1/results/object_2001_middle,e076178633bf9785d5aa8753ba8ccee97b67a6fc13c2032433576194de3221a3,e0bf563b31bd47b8229475c739278acbcfa609d023117c83b70f211d928128b3,"[96, 144]",1.7603609039865036e-05,1.1752668726832192e-06,1.7616551184482552e-05,-1.1623247280657035e-06,2,4,2.1871235165076276e-18,False,False,"Fixed physical Maxwell core, <=k additions; a positive pair is not automatically a 1-swap trap."
2001,middle,4,<WORKSPACE>/Gaussian/A17/EXCHANGE_R1/results/object_2001_middle,e076178633bf9785d5aa8753ba8ccee97b67a6fc13c2032433576194de3221a3,e0bf563b31bd47b8229475c739278acbcfa609d023117c83b70f211d928128b3,"[128, 144]",2.822154281378882e-07,1.1752668726832192e-06,1.4369528134559066e-06,-2.0529487365200774e-08,2,4,2.1871235165076276e-18,False,False,"Fixed physical Maxwell core, <=k additions; a positive pair is not automatically a 1-swap trap."
2001,middle,8,<WORKSPACE>/Gaussian/A17/EXCHANGE_R1/results/object_2001_middle,e076178633bf9785d5aa8753ba8ccee97b67a6fc13c2032433576194de3221a3,e0bf563b31bd47b8229475c739278acbcfa609d023117c83b70f211d928128b3,"[8, 32]",2.370453228163086e-06,2.8282571816524107e-07,3.016431833803673e-06,3.6315288747534585e-07,6,8,2.1871235165076276e-18,False,False,"Fixed physical Maxwell core, <=k additions; a positive pair is not automatically a 1-swap trap."
2001,middle,8,<WORKSPACE>/Gaussian/A17/EXCHANGE_R1/results/object_2001_middle,e076178633bf9785d5aa8753ba8ccee97b67a6fc13c2032433576194de3221a3,e0bf563b31bd47b8229475c739278acbcfa609d023117c83b70f211d928128b3,"[8, 64]",2.370453228163086e-06,3.292357589110664e-07,2.40621961031674e-06,-2.9346937675741253e-07,6,8,2.1871235165076276e-18,False,False,"Fixed physical Maxwell core, <=k additions; a positive pair is not automatically a 1-swap trap."
2001,middle,8,<WORKSPACE>/Gaussian/A17/EXCHANGE_R1/results/object_2001_middle,e076178633bf9785d5aa8753ba8ccee97b67a6fc13c2032433576194de3221a3,e0bf563b31bd47b8229475c739278acbcfa609d023117c83b70f211d928128b3,"[8, 96]",2.370453228163086e-06,2.4231708223286447e-06,5.3113483158259015e-06,5.177242653341706e-07,6,8,2.1871235165076276e-18,False,False,"Fixed physical Maxwell core, <=k additions; a positive pair is not automatically a 1-swap trap."
2001,middle,8,<WORKSPACE>/Gaussian/A17/EXCHANGE_R1/results/object_2001_middle,e076178633bf9785d5aa8753ba8ccee97b67a6fc13c2032433576194de3221a3,e0bf563b31bd47b8229475c739278acbcfa609d023117c83b70f211d928128b3,"[8, 128]",2.370453228163086e-06,6.762761874312773e-08,2.032218705420673e-06,-4.0586214148554077e-07,6,8,2.1871235165076276e-18,False,False,"Fixed physical Maxwell core, <=k additions; a positive pair is not automatically a 1-swap trap."
2001,middle,8,<WORKSPACE>/Gaussian/A17/EXCHANGE_R1/results/object_2001_middle,e076178633bf9785d5aa8753ba8ccee97b67a6fc13c2032433576194de3221a3,e0bf563b31bd47b8229475c739278acbcfa609d023117c83b70f211d928128b3,"[8, 144]",2.370453228163086e-06,-5.365977907924498e-08,2.326929405250281e-06,1.0135956166439603e-08,6,8,2.1871235165076276e-18,False,False,"Fixed physical Maxwell core, <=k additions; a positive pair is not automatically a 1-swap trap."
2001,middle,8,<WORKSPACE>/Gaussian/A17/EXCHANGE_R1/results/object_2001_middle,e076178633bf9785d5aa8753ba8ccee97b67a6fc13c2032433576194de3221a3,e0bf563b31bd47b8229475c739278acbcfa609d023117c83b70f211d928128b3,"[32, 64]",2.8282571816524107e-07,3.292357589110664e-07,8.947337216423557e-07,2.8267224456604826e-07,6,8,2.1871235165076276e-18,False,False,"Fixed physical Maxwell core, <=k additions; a positive pair is not automatically a 1-swap trap."
2001,middle,8,<WORKSPACE>/Gaussian/A17/EXCHANGE_R1/results/object_2001_middle,e076178633bf9785d5aa8753ba8ccee97b67a6fc13c2032433576194de3221a3,e0bf563b31bd47b8229475c739278acbcfa609d023117c83b70f211d928128b3,"[32, 96]",2.8282571816524107e-07,2.4231708223286447e-06,2.478291785885433e-06,-2.2770475460845304e-07,6,8,2.1871235165076276e-18,False,False,"Fixed physical Maxwell core, <=k additions; a positive pair is not automatically a 1-swap trap."
2001,middle,8,<WORKSPACE>/Gaussian/A17/EXCHANGE_R1/results/object_2001_middle,e076178633bf9785d5aa8753ba8ccee97b67a6fc13c2032433576194de3221a3,e0bf563b31bd47b8229475c739278acbcfa609d023117c83b70f211d928128b3,"[32, 128]",2.8282571816524107e-07,6.762761874312773e-08,5.03499385371386e-07,1.5304604846301716e-07,6,8,2.1871235165076276e-18,False,False,"Fixed physical Maxwell core, <=k additions; a positive pair is not automatically a 1-swap trap."
2001,middle,8,<WORKSPACE>/Gaussian/A17/EXCHANGE_R1/results/object_2001_middle,e076178633bf9785d5aa8753ba8ccee97b67a6fc13c2032433576194de3221a3,e0bf563b31bd47b8229475c739278acbcfa609d023117c83b70f211d928128b3,"[32, 144]",2.8282571816524107e-07,-5.365977907924498e-08,2.493962388162202e-07,2.0230299730224135e-08,6,8,2.1871235165076276e-18,False,False,"Fixed physical Maxwell core, <=k additions; a positive pair is not automatically a 1-swap trap."
2001,middle,8,<WORKSPACE>/Gaussian/A17/EXCHANGE_R1/results/object_2001_middle,e076178633bf9785d5aa8753ba8ccee97b67a6fc13c2032433576194de3221a3,e0bf563b31bd47b8229475c739278acbcfa609d023117c83b70f211d928128b3,"[64, 96]",3.292357589110664e-07,2.4231708223286447e-06,2.8804546348491693e-06,1.28048053609458e-07,6,8,2.1871235165076276e-18,False,False,"Fixed physical Maxwell core, <=k additions; a positive pair is not automatically a 1-swap trap."
2001,middle,8,<WORKSPACE>/Gaussian/A17/EXCHANGE_R1/results/object_2001_middle,e076178633bf9785d5aa8753ba8ccee97b67a6fc13c2032433576194de3221a3,e0bf563b31bd47b8229475c739278acbcfa609d023117c83b70f211d928128b3,"[64, 128]",3.292357589110664e-07,6.762761874312773e-08,1.6360318669526362e-07,-2.3326019095893049e-07,6,8,2.1871235165076276e-18,False,False,"Fixed physical Maxwell core, <=k additions; a positive pair is not automatically a 1-swap trap."
2001,middle,8,<WORKSPACE>/Gaussian/A17/EXCHANGE_R1/results/object_2001_middle,e076178633bf9785d5aa8753ba8ccee97b67a6fc13c2032433576194de3221a3,e0bf563b31bd47b8229475c739278acbcfa609d023117c83b70f211d928128b3,"[64, 144]",3.292357589110664e-07,-5.365977907924498e-08,2.8142470150670495e-07,5.848721674883548e-09,6,8,2.1871235165076276e-18,False,False,"Fixed physical Maxwell core, <=k additions; a positive pair is not automatically a 1-swap trap."
2001,middle,8,<WORKSPACE>/Gaussian/A17/EXCHANGE_R1/results/object_2001_middle,e076178633bf9785d5aa8753ba8ccee97b67a6fc13c2032433576194de3221a3,e0bf563b31bd47b8229475c739278acbcfa609d023117c83b70f211d928128b3,"[96, 128]",2.4231708223286447e-06,6.762761874312773e-08,2.6157483671461293e-06,1.2494992607435683e-07,6,8,2.1871235165076276e-18,False,False,"Fixed physical Maxwell core, <=k additions; a positive pair is not automatically a 1-swap trap."
2001,middle,8,<WORKSPACE>/Gaussian/A17/EXCHANGE_R1/results/object_2001_middle,e076178633bf9785d5aa8753ba8ccee97b67a6fc13c2032433576194de3221a3,e0bf563b31bd47b8229475c739278acbcfa609d023117c83b70f211d928128b3,"[96, 144]",2.4231708223286447e-06,-5.365977907924498e-08,2.372883032487222e-06,3.3719892378221075e-09,6,8,2.1871235165076276e-18,False,False,"Fixed physical Maxwell core, <=k additions; a positive pair is not automatically a 1-swap trap."
2001,middle,8,<WORKSPACE>/Gaussian/A17/EXCHANGE_R1/results/object_2001_middle,e076178633bf9785d5aa8753ba8ccee97b67a6fc13c2032433576194de3221a3,e0bf563b31bd47b8229475c739278acbcfa609d023117c83b70f211d928128b3,"[128, 144]",6.762761874312773e-08,-5.365977907924498e-08,1.9112960442481258e-08,5.145120778598511e-09,6,8,2.1871235165076276e-18,False,False,"Fixed physical Maxwell core, <=k additions; a positive pair is not automatically a 1-swap trap."
2001,middle,16,<WORKSPACE>/Gaussian/A17/EXCHANGE_R1/results/object_2001_middle,e076178633bf9785d5aa8753ba8ccee97b67a6fc13c2032433576194de3221a3,e0bf563b31bd47b8229475c739278acbcfa609d023117c83b70f211d928128b3,"[16, 32]",2.6461788931167966e-07,1.4406703613963357e-08,2.986620256613665e-07,1.9637432735723475e-08,14,16,2.1871235165076276e-18,False,False,"Fixed physical Maxwell core, <=k additions; a positive pair is not automatically a 1-swap trap."
2001,middle,16,<WORKSPACE>/Gaussian/A17/EXCHANGE_R1/results/object_2001_middle,e076178633bf9785d5aa8753ba8ccee97b67a6fc13c2032433576194de3221a3,e0bf563b31bd47b8229475c739278acbcfa609d023117c83b70f211d928128b3,"[16, 64]",2.6461788931167966e-07,1.8528761729083715e-08,2.504174648831063e-07,-3.272918615765709e-08,14,16,2.1871235165076276e-18,False,False,"Fixed physical Maxwell core, <=k additions; a positive pair is not automatically a 1-swap trap."
2001,middle,16,<WORKSPACE>/Gaussian/A17/EXCHANGE_R1/results/object_2001_middle,e076178633bf9785d5aa8753ba8ccee97b67a6fc13c2032433576194de3221a3,e0bf563b31bd47b8229475c739278acbcfa609d023117c83b70f211d928128b3,"[16, 96]",2.6461788931167966e-07,2.590265168812616e-07,4.4222824535630123e-07,-8.141616083664e-08,14,16,2.1871235165076276e-18,False,False,"Fixed physical Maxwell core, <=k additions; a positive pair is not automatically a 1-swap trap."
2001,middle,16,<WORKSPACE>/Gaussian/A17/EXCHANGE_R1/results/object_2001_middle,e076178633bf9785d5aa8753ba8ccee97b67a6fc13c2032433576194de3221a3,e0bf563b31bd47b8229475c739278acbcfa609d023117c83b70f211d928128b3,"[16, 128]",2.6461788931167966e-07,-2.2108288468729407e-07,9.806654133014097e-08,5.453153670575538e-08,14,16,2.1871235165076276e-18,False,False,"Fixed physical Maxwell core, <=k additions; a positive pair is not automatically a 1-swap trap."
2001,middle,16,<WORKSPACE>/Gaussian/A17/EXCHANGE_R1/results/object_2001_middle,e076178633bf9785d5aa8753ba8ccee97b67a6fc13c2032433576194de3221a3,e0bf563b31bd47b8229475c739278acbcfa609d023117c83b70f211d928128b3,"[16, 144]",2.6461788931167966e-07,-2.898651252036296e-10,2.6527513494309107e-07,9.471107566150418e-10,14,16,2.1871235165076276e-18,False,False,"Fixed physical Maxwell core, <=k additions; a positive pair is not automatically a 1-swap trap."
2001,middle,16,<WORKSPACE>/Gaussian/A17/EXCHANGE_R1/results/object_2001_middle,e076178633bf9785d5aa8753ba8ccee97b67a6fc13c2032433576194de3221a3,e0bf563b31bd47b8229475c739278acbcfa609d023117c83b70f211d928128b3,"[32, 64]",1.4406703613963357e-08,1.8528761729083715e-08,8.243301676209678e-08,4.949755141904971e-08,14,16,2.1871235165076276e-18,False,False,"Fixed physical Maxwell core, <=k additions; a positive pair is not automatically a 1-swap trap."
2001,middle,16,<WORKSPACE>/Gaussian/A17/EXCHANGE_R1/results/object_2001_middle,e076178633bf9785d5aa8753ba8ccee97b67a6fc13c2032433576194de3221a3,e0bf563b31bd47b8229475c739278acbcfa609d023117c83b70f211d928128b3,"[32, 96]",1.4406703613963357e-08,2.590265168812616e-07,2.4285056353679073e-07,-3.058265695843419e-08,14,16,2.1871235165076276e-18,False,False,"Fixed physical Maxwell core, <=k additions; a positive pair is not automatically a 1-swap trap."
2001,middle,16,<WORKSPACE>/Gaussian/A17/EXCHANGE_R1/results/object_2001_middle,e076178633bf9785d5aa8753ba8ccee97b67a6fc13c2032433576194de3221a3,e0bf563b31bd47b8229475c739278acbcfa609d023117c83b70f211d928128b3,"[32, 128]",1.4406703613963357e-08,-2.2108288468729407e-07,-1.987448421097676e-07,7.931338963563136e-09,14,16,2.1871235165076276e-18,False,False,"Fixed physical Maxwell core, <=k additions; a positive pair is not automatically a 1-swap trap."
2001,middle,16,<WORKSPACE>/Gaussian/A17/EXCHANGE_R1/results/object_2001_middle,e076178633bf9785d5aa8753ba8ccee97b67a6fc13c2032433576194de3221a3,e0bf563b31bd47b8229475c739278acbcfa609d023117c83b70f211d928128b3,"[32, 144]",1.4406703613963357e-08,-2.898651252036296e-10,1.393609293993242e-08,-1.8074554882730775e-10,14,16,2.1871235165076276e-18,False,False,"Fixed physical Maxwell core, <=k additions; a positive pair is not automatically a 1-swap trap."
2001,middle,16,<WORKSPACE>/Gaussian/A17/EXCHANGE_R1/results/object_2001_middle,e076178633bf9785d5aa8753ba8ccee97b67a6fc13c2032433576194de3221a3,e0bf563b31bd47b8229475c739278acbcfa609d023117c83b70f211d928128b3,"[64, 96]",1.8528761729083715e-08,2.590265168812616e-07,2.158053239128858e-07,-6.17499546974595e-08,14,16,2.1871235165076276e-18,False,False,"Fixed physical Maxwell core, <=k additions; a positive pair is not automatically a 1-swap trap."
2001,middle,16,<WORKSPACE>/Gaussian/A17/EXCHANGE_R1/results/object_2001_middle,e076178633bf9785d5aa8753ba8ccee97b67a6fc13c2032433576194de3221a3,e0bf563b31bd47b8229475c739278acbcfa609d023117c83b70f211d928128b3,"[64, 128]",1.8528761729083715e-08,-2.2108288468729407e-07,-1.644414691095313e-07,3.8112653848679054e-08,14,16,2.1871235165076276e-18,False,False,"Fixed physical Maxwell core, <=k additions; a positive pair is not automatically a 1-swap trap."
2001,middle,16,<WORKSPACE>/Gaussian/A17/EXCHANGE_R1/results/object_2001_middle,e076178633bf9785d5aa8753ba8ccee97b67a6fc13c2032433576194de3221a3,e0bf563b31bd47b8229475c739278acbcfa609d023117c83b70f211d928128b3,"[64, 144]",1.8528761729083715e-08,-2.898651252036296e-10,1.8487041565683346e-08,2.4814496180326005e-10,14,16,2.1871235165076276e-18,False,False,"Fixed physical Maxwell core, <=k additions; a positive pair is not automatically a 1-swap trap."
2001,middle,16,<WORKSPACE>/Gaussian/A17/EXCHANGE_R1/results/object_2001_middle,e076178633bf9785d5aa8753ba8ccee97b67a6fc13c2032433576194de3221a3,e0bf563b31bd47b8229475c739278acbcfa609d023117c83b70f211d928128b3,"[96, 128]",2.590265168812616e-07,-2.2108288468729407e-07,6.226722053067897e-08,2.4323588336711466e-08,14,16,2.1871235165076276e-18,False,False,"Fixed physical Maxwell core, <=k additions; a positive pair is not automatically a 1-swap trap."
2001,middle,16,<WORKSPACE>/Gaussian/A17/EXCHANGE_R1/results/object_2001_middle,e076178633bf9785d5aa8753ba8ccee97b67a6fc13c2032433576194de3221a3,e0bf563b31bd47b8229475c739278acbcfa609d023117c83b70f211d928128b3,"[96, 144]",2.590265168812616e-07,-2.898651252036296e-10,2.586747188621548e-07,-6.193289390314133e-11,14,16,2.1871235165076276e-18,False,False,"Fixed physical Maxwell core, <=k additions; a positive pair is not automatically a 1-swap trap."
2001,middle,16,<WORKSPACE>/Gaussian/A17/EXCHANGE_R1/results/object_2001_middle,e076178633bf9785d5aa8753ba8ccee97b67a6fc13c2032433576194de3221a3,e0bf563b31bd47b8229475c739278acbcfa609d023117c83b70f211d928128b3,"[128, 144]",-2.2108288468729407e-07,-2.898651252036296e-10,-2.2273910472046688e-07,-1.366354907969174e-09,14,16,2.1871235165076276e-18,False,False,"Fixed physical Maxwell core, <=k additions; a positive pair is not automatically a 1-swap trap."
2007,early,4,<WORKSPACE>/Gaussian/A17/EXCHANGE_R1/results/object_2007_early_portable,25387349f2beb0f96d242ca9b954a62e6bfcc22e30747f954ca70f472e65a2bd,26106a1c238544d78f76de616ce9d2614f2f15120f481ce864ad6bd62b0113ef,"[4, 32]",0.0012829208206309314,-0.20325524011027568,-0.021204883929066762,0.180767435360578,2,4,7.923586935705524e-15,False,False,"Fixed physical Maxwell core, <=k additions; a positive pair is not automatically a 1-swap trap."
2007,early,4,<WORKSPACE>/Gaussian/A17/EXCHANGE_R1/results/object_2007_early_portable,25387349f2beb0f96d242ca9b954a62e6bfcc22e30747f954ca70f472e65a2bd,26106a1c238544d78f76de616ce9d2614f2f15120f481ce864ad6bd62b0113ef,"[4, 64]",0.0012829208206309314,-0.0060590459169231215,-0.0047170344178369605,5.9090678455229854e-05,2,4,7.923586935705524e-15,False,False,"Fixed physical Maxwell core, <=k additions; a positive pair is not automatically a 1-swap trap."
2007,early,4,<WORKSPACE>/Gaussian/A17/EXCHANGE_R1/results/object_2007_early_portable,25387349f2beb0f96d242ca9b954a62e6bfcc22e30747f954ca70f472e65a2bd,26106a1c238544d78f76de616ce9d2614f2f15120f481ce864ad6bd62b0113ef,"[4, 96]",0.0012829208206309314,-0.02072941332248496,-0.006507258966433522,0.012939233535420508,2,4,7.923586935705524e-15,False,False,"Fixed physical Maxwell core, <=k additions; a positive pair is not automatically a 1-swap trap."
2007,early,4,<WORKSPACE>/Gaussian/A17/EXCHANGE_R1/results/object_2007_early_portable,25387349f2beb0f96d242ca9b954a62e6bfcc22e30747f954ca70f472e65a2bd,26106a1c238544d78f76de616ce9d2614f2f15120f481ce864ad6bd62b0113ef,"[4, 128]",0.0012829208206309314,2.37841809343396e-06,0.0012890592495406383,3.7600108162729867e-06,2,4,7.923586935705524e-15,False,False,"Fixed physical Maxwell core, <=k additions; a positive pair is not automatically a 1-swap trap."
2007,early,4,<WORKSPACE>/Gaussian/A17/EXCHANGE_R1/results/object_2007_early_portable,25387349f2beb0f96d242ca9b954a62e6bfcc22e30747f954ca70f472e65a2bd,26106a1c238544d78f76de616ce9d2614f2f15120f481ce864ad6bd62b0113ef,"[4, 144]",0.0012829208206309314,-0.0006720825483387764,0.00127127705754937,0.0006604387852572149,2,4,7.923586935705524e-15,False,False,"Fixed physical Maxwell core, <=k additions; a positive pair is not automatically a 1-swap trap."
2007,early,4,<WORKSPACE>/Gaussian/A17/EXCHANGE_R1/results/object_2007_early_portable,25387349f2beb0f96d242ca9b954a62e6bfcc22e30747f954ca70f472e65a2bd,26106a1c238544d78f76de616ce9d2614f2f15120f481ce864ad6bd62b0113ef,"[32, 64]",-0.20325524011027568,-0.0060590459169231215,-0.009924580225593792,0.19938970580160503,2,4,7.923586935705524e-15,False,False,"Fixed physical Maxwell core, <=k additions; a positive pair is not automatically a 1-swap trap."
2007,early,4,<WORKSPACE>/Gaussian/A17/EXCHANGE_R1/results/object_2007_early_portable,25387349f2beb0f96d242ca9b954a62e6bfcc22e30747f954ca70f472e65a2bd,26106a1c238544d78f76de616ce9d2614f2f15120f481ce864ad6bd62b0113ef,"[32, 96]",-0.20325524011027568,-0.02072941332248496,-0.014343380585523124,0.20964127284723752,2,4,7.923586935705524e-15,False,False,"Fixed physical Maxwell core, <=k additions; a positive pair is not automatically a 1-swap trap."
2007,early,4,<WORKSPACE>/Gaussian/A17/EXCHANGE_R1/results/object_2007_early_portable,25387349f2beb0f96d242ca9b954a62e6bfcc22e30747f954ca70f472e65a2bd,26106a1c238544d78f76de616ce9d2614f2f15120f481ce864ad6bd62b0113ef,"[32, 128]",-0.20325524011027568,2.37841809343396e-06,-0.20321640414922099,3.645754296126115e-05,2,4,7.923586935705524e-15,False,False,"Fixed physical Maxwell core, <=k additions; a positive pair is not automatically a 1-swap trap."
2007,early,4,<WORKSPACE>/Gaussian/A17/EXCHANGE_R1/results/object_2007_early_portable,25387349f2beb0f96d242ca9b954a62e6bfcc22e30747f954ca70f472e65a2bd,26106a1c238544d78f76de616ce9d2614f2f15120f481ce864ad6bd62b0113ef,"[32, 144]",-0.20325524011027568,-0.0006720825483387764,-0.19963235346966146,0.0042949691889529965,2,4,7.923586935705524e-15,False,False,"Fixed physical Maxwell core, <=k additions; a positive pair is not automatically a 1-swap trap."
2007,early,4,<WORKSPACE>/Gaussian/A17/EXCHANGE_R1/results/object_2007_early_portable,25387349f2beb0f96d242ca9b954a62e6bfcc22e30747f954ca70f472e65a2bd,26106a1c238544d78f76de616ce9d2614f2f15120f481ce864ad6bd62b0113ef,"[64, 96]",-0.0060590459169231215,-0.02072941332248496,-0.00276509085281839,0.024023368386589694,2,4,7.923586935705524e-15,False,False,"Fixed physical Maxwell core, <=k additions; a positive pair is not automatically a 1-swap trap."
2007,early,4,<WORKSPACE>/Gaussian/A17/EXCHANGE_R1/results/object_2007_early_portable,25387349f2beb0f96d242ca9b954a62e6bfcc22e30747f954ca70f472e65a2bd,26106a1c238544d78f76de616ce9d2614f2f15120f481ce864ad6bd62b0113ef,"[64, 128]",-0.0060590459169231215,2.37841809343396e-06,-0.006077776909361716,-2.1109410532028596e-05,2,4,7.923586935705524e-15,False,False,"Fixed physical Maxwell core, <=k additions; a positive pair is not automatically a 1-swap trap."
2007,early,4,<WORKSPACE>/Gaussian/A17/EXCHANGE_R1/results/object_2007_early_portable,25387349f2beb0f96d242ca9b954a62e6bfcc22e30747f954ca70f472e65a2bd,26106a1c238544d78f76de616ce9d2614f2f15120f481ce864ad6bd62b0113ef,"[64, 144]",-0.0060590459169231215,-0.0006720825483387764,-0.006100592753065398,0.0006305357121964995,2,4,7.923586935705524e-15,False,False,"Fixed physical Maxwell core, <=k additions; a positive pair is not automatically a 1-swap trap."
2007,early,4,<WORKSPACE>/Gaussian/A17/EXCHANGE_R1/results/object_2007_early_portable,25387349f2beb0f96d242ca9b954a62e6bfcc22e30747f954ca70f472e65a2bd,26106a1c238544d78f76de616ce9d2614f2f15120f481ce864ad6bd62b0113ef,"[96, 128]",-0.02072941332248496,2.37841809343396e-06,-0.020737102386046445,-1.006748165491812e-05,2,4,7.923586935705524e-15,False,False,"Fixed physical Maxwell core, <=k additions; a positive pair is not automatically a 1-swap trap."
2007,early,4,<WORKSPACE>/Gaussian/A17/EXCHANGE_R1/results/object_2007_early_portable,25387349f2beb0f96d242ca9b954a62e6bfcc22e30747f954ca70f472e65a2bd,26106a1c238544d78f76de616ce9d2614f2f15120f481ce864ad6bd62b0113ef,"[96, 144]",-0.02072941332248496,-0.0006720825483387764,-0.020511099903203055,0.0008903959676206819,2,4,7.923586935705524e-15,False,False,"Fixed physical Maxwell core, <=k additions; a positive pair is not automatically a 1-swap trap."
2007,early,4,<WORKSPACE>/Gaussian/A17/EXCHANGE_R1/results/object_2007_early_portable,25387349f2beb0f96d242ca9b954a62e6bfcc22e30747f954ca70f472e65a2bd,26106a1c238544d78f76de616ce9d2614f2f15120f481ce864ad6bd62b0113ef,"[128, 144]",2.37841809343396e-06,-0.0006720825483387764,-0.0006718803246837826,-2.176194438440176e-06,2,4,7.923586935705524e-15,False,False,"Fixed physical Maxwell core, <=k additions; a positive pair is not automatically a 1-swap trap."
2007,early,8,<WORKSPACE>/Gaussian/A17/EXCHANGE_R1/results/object_2007_early_portable,25387349f2beb0f96d242ca9b954a62e6bfcc22e30747f954ca70f472e65a2bd,26106a1c238544d78f76de616ce9d2614f2f15120f481ce864ad6bd62b0113ef,"[8, 32]",7.876850328163439e-07,-1.9012772825906694e-05,-1.7831582909673607e-05,3.935048834167425e-07,6,8,7.923586935705524e-15,False,False,"Fixed physical Maxwell core, <=k additions; a positive pair is not automatically a 1-swap trap."
2007,early,8,<WORKSPACE>/Gaussian/A17/EXCHANGE_R1/results/object_2007_early_portable,25387349f2beb0f96d242ca9b954a62e6bfcc22e30747f954ca70f472e65a2bd,26106a1c238544d78f76de616ce9d2614f2f15120f481ce864ad6bd62b0113ef,"[8, 64]",7.876850328163439e-07,1.5969652909732433e-05,1.7437385668309005e-05,6.80047725760227e-07,6,8,7.923586935705524e-15,False,False,"Fixed physical Maxwell core, <=k additions; a positive pair is not automatically a 1-swap trap."
2007,early,8,<WORKSPACE>/Gaussian/A17/EXCHANGE_R1/results/object_2007_early_portable,25387349f2beb0f96d242ca9b954a62e6bfcc22e30747f954ca70f472e65a2bd,26106a1c238544d78f76de616ce9d2614f2f15120f481ce864ad6bd62b0113ef,"[8, 96]",7.876850328163439e-07,-0.0009388213571948658,-0.0009273766992313471,1.0656972930702313e-05,6,8,7.923586935705524e-15,False,False,"Fixed physical Maxwell core, <=k additions; a positive pair is not automatically a 1-swap trap."
2007,early,8,<WORKSPACE>/Gaussian/A17/EXCHANGE_R1/results/object_2007_early_portable,25387349f2beb0f96d242ca9b954a62e6bfcc22e30747f954ca70f472e65a2bd,26106a1c238544d78f76de616ce9d2614f2f15120f481ce864ad6bd62b0113ef,"[8, 128]",7.876850328163439e-07,1.3823283871979651e-07,1.0449124669080801e-06,1.1899459537193974e-07,6,8,7.923586935705524e-15,False,False,"Fixed physical Maxwell core, <=k additions; a positive pair is not automatically a 1-swap trap."
2007,early,8,<WORKSPACE>/Gaussian/A17/EXCHANGE_R1/results/object_2007_early_portable,25387349f2beb0f96d242ca9b954a62e6bfcc22e30747f954ca70f472e65a2bd,26106a1c238544d78f76de616ce9d2614f2f15120f481ce864ad6bd62b0113ef,"[8, 144]",7.876850328163439e-07,5.483963469807679e-08,1.2696938996198417e-06,4.27169232105421e-07,6,8,7.923586935705524e-15,False,False,"Fixed physical Maxwell core, <=k additions; a positive pair is not automatically a 1-swap trap."
2007,early,8,<WORKSPACE>/Gaussian/A17/EXCHANGE_R1/results/object_2007_early_portable,25387349f2beb0f96d242ca9b954a62e6bfcc22e30747f954ca70f472e65a2bd,26106a1c238544d78f76de616ce9d2614f2f15120f481ce864ad6bd62b0113ef,"[32, 64]",-1.9012772825906694e-05,1.5969652909732433e-05,6.594480891347683e-07,3.7025680053090296e-06,6,8,7.923586935705524e-15,False,False,"Fixed physical Maxwell core, <=k additions; a positive pair is not automatically a 1-swap trap."
2007,early,8,<WORKSPACE>/Gaussian/A17/EXCHANGE_R1/results/object_2007_early_portable,25387349f2beb0f96d242ca9b954a62e6bfcc22e30747f954ca70f472e65a2bd,26106a1c238544d78f76de616ce9d2614f2f15120f481ce864ad6bd62b0113ef,"[32, 96]",-1.9012772825906694e-05,-0.0009388213571948658,-0.0008716988131625776,8.613531685819483e-05,6,8,7.923586935705524e-15,False,False,"Fixed physical Maxwell core, <=k additions; a positive pair is not automatically a 1-swap trap."
2007,early,8,<WORKSPACE>/Gaussian/A17/EXCHANGE_R1/results/object_2007_early_portable,25387349f2beb0f96d242ca9b954a62e6bfcc22e30747f954ca70f472e65a2bd,26106a1c238544d78f76de616ce9d2614f2f15120f481ce864ad6bd62b0113ef,"[32, 128]",-1.9012772825906694e-05,1.3823283871979651e-07,-1.8865741928788666e-05,8.798058398231795e-09,6,8,7.923586935705524e-15,False,False,"Fixed physical Maxwell core, <=k additions; a positive pair is not automatically a 1-swap trap."
2007,early,8,<WORKSPACE>/Gaussian/A17/EXCHANGE_R1/results/object_2007_early_portable,25387349f2beb0f96d242ca9b954a62e6bfcc22e30747f954ca70f472e65a2bd,26106a1c238544d78f76de616ce9d2614f2f15120f481ce864ad6bd62b0113ef,"[32, 144]",-1.9012772825906694e-05,5.483963469807679e-08,-1.879661061721263e-05,1.6132257399598695e-07,6,8,7.923586935705524e-15,False,False,"Fixed physical Maxwell core, <=k additions; a positive pair is not automatically a 1-swap trap."
2007,early,8,<WORKSPACE>/Gaussian/A17/EXCHANGE_R1/results/object_2007_early_portable,25387349f2beb0f96d242ca9b954a62e6bfcc22e30747f954ca70f472e65a2bd,26106a1c238544d78f76de616ce9d2614f2f15120f481ce864ad6bd62b0113ef,"[64, 96]",1.5969652909732433e-05,-0.0009388213571948658,-0.0008920452763726842,3.080642791244905e-05,6,8,7.923586935705524e-15,False,False,"Fixed physical Maxwell core, <=k additions; a positive pair is not automatically a 1-swap trap."
2007,early,8,<WORKSPACE>/Gaussian/A17/EXCHANGE_R1/results/object_2007_early_portable,25387349f2beb0f96d242ca9b954a62e6bfcc22e30747f954ca70f472e65a2bd,26106a1c238544d78f76de616ce9d2614f2f15120f481ce864ad6bd62b0113ef,"[64, 128]",1.5969652909732433e-05,1.3823283871979651e-07,1.6167135522701347e-05,5.9249774249117954e-08,6,8,7.923586935705524e-15,False,False,"Fixed physical Maxwell core, <=k additions; a positive pair is not automatically a 1-swap trap."
2007,early,8,<WORKSPACE>/Gaussian/A17/EXCHANGE_R1/results/object_2007_early_portable,25387349f2beb0f96d242ca9b954a62e6bfcc22e30747f954ca70f472e65a2bd,26106a1c238544d78f76de616ce9d2614f2f15120f481ce864ad6bd62b0113ef,"[64, 144]",1.5969652909732433e-05,5.483963469807679e-08,1.6563458045315412e-05,5.389655008849028e-07,6,8,7.923586935705524e-15,False,False,"Fixed physical Maxwell core, <=k additions; a positive pair is not automatically a 1-swap trap."
2007,early,8,<WORKSPACE>/Gaussian/A17/EXCHANGE_R1/results/object_2007_early_portable,25387349f2beb0f96d242ca9b954a62e6bfcc22e30747f954ca70f472e65a2bd,26106a1c238544d78f76de616ce9d2614f2f15120f481ce864ad6bd62b0113ef,"[96, 128]",-0.0009388213571948658,1.3823283871979651e-07,-0.0009386778153900453,5.308966100696356e-09,6,8,7.923586935705524e-15,False,False,"Fixed physical Maxwell core, <=k additions; a positive pair is not automatically a 1-swap trap."
2007,early,8,<WORKSPACE>/Gaussian/A17/EXCHANGE_R1/results/object_2007_early_portable,25387349f2beb0f96d242ca9b954a62e6bfcc22e30747f954ca70f472e65a2bd,26106a1c238544d78f76de616ce9d2614f2f15120f481ce864ad6bd62b0113ef,"[96, 144]",-0.0009388213571948658,5.483963469807679e-08,-0.0009373130874562876,1.4534301038800763e-06,6,8,7.923586935705524e-15,False,False,"Fixed physical Maxwell core, <=k additions; a positive pair is not automatically a 1-swap trap."
2007,early,8,<WORKSPACE>/Gaussian/A17/EXCHANGE_R1/results/object_2007_early_portable,25387349f2beb0f96d242ca9b954a62e6bfcc22e30747f954ca70f472e65a2bd,26106a1c238544d78f76de616ce9d2614f2f15120f481ce864ad6bd62b0113ef,"[128, 144]",1.3823283871979651e-07,5.483963469807679e-08,2.330773864276244e-07,4.0004913009751105e-08,6,8,7.923586935705524e-15,False,False,"Fixed physical Maxwell core, <=k additions; a positive pair is not automatically a 1-swap trap."
2007,early,16,<WORKSPACE>/Gaussian/A17/EXCHANGE_R1/results/object_2007_early_portable,25387349f2beb0f96d242ca9b954a62e6bfcc22e30747f954ca70f472e65a2bd,26106a1c238544d78f76de616ce9d2614f2f15120f481ce864ad6bd62b0113ef,"[16, 32]",1.2261516171785634e-06,2.2606663930846256e-07,1.6771012192899219e-06,2.2488296280289595e-07,14,16,7.923586935705524e-15,False,False,"Fixed physical Maxwell core, <=k additions; a positive pair is not automatically a 1-swap trap."
2007,early,16,<WORKSPACE>/Gaussian/A17/EXCHANGE_R1/results/object_2007_early_portable,25387349f2beb0f96d242ca9b954a62e6bfcc22e30747f954ca70f472e65a2bd,26106a1c238544d78f76de616ce9d2614f2f15120f481ce864ad6bd62b0113ef,"[16, 64]",1.2261516171785634e-06,7.2994802659148185e-06,7.876968352870977e-06,-6.486635302224053e-07,14,16,7.923586935705524e-15,False,False,"Fixed physical Maxwell core, <=k additions; a positive pair is not automatically a 1-swap trap."
2007,early,16,<WORKSPACE>/Gaussian/A17/EXCHANGE_R1/results/object_2007_early_portable,25387349f2beb0f96d242ca9b954a62e6bfcc22e30747f954ca70f472e65a2bd,26106a1c238544d78f76de616ce9d2614f2f15120f481ce864ad6bd62b0113ef,"[16, 96]",1.2261516171785634e-06,-4.762938898677507e-06,-1.5274863724892177e-06,2.009300909009726e-06,14,16,7.923586935705524e-15,False,False,"Fixed physical Maxwell core, <=k additions; a positive pair is not automatically a 1-swap trap."
2007,early,16,<WORKSPACE>/Gaussian/A17/EXCHANGE_R1/results/object_2007_early_portable,25387349f2beb0f96d242ca9b954a62e6bfcc22e30747f954ca70f472e65a2bd,26106a1c238544d78f76de616ce9d2614f2f15120f481ce864ad6bd62b0113ef,"[16, 128]",1.2261516171785634e-06,2.643602819324052e-07,1.4917070416144452e-06,1.1951425034765864e-09,14,16,7.923586935705524e-15,False,False,"Fixed physical Maxwell core, <=k additions; a positive pair is not automatically a 1-swap trap."
2007,early,16,<WORKSPACE>/Gaussian/A17/EXCHANGE_R1/results/object_2007_early_portable,25387349f2beb0f96d242ca9b954a62e6bfcc22e30747f954ca70f472e65a2bd,26106a1c238544d78f76de616ce9d2614f2f15120f481ce864ad6bd62b0113ef,"[16, 144]",1.2261516171785634e-06,6.587081726575497e-09,1.2340462028905461e-06,1.3075039854072675e-09,14,16,7.923586935705524e-15,False,False,"Fixed physical Maxwell core, <=k additions; a positive pair is not automatically a 1-swap trap."
2007,early,16,<WORKSPACE>/Gaussian/A17/EXCHANGE_R1/results/object_2007_early_portable,25387349f2beb0f96d242ca9b954a62e6bfcc22e30747f954ca70f472e65a2bd,26106a1c238544d78f76de616ce9d2614f2f15120f481ce864ad6bd62b0113ef,"[32, 64]",2.2606663930846256e-07,7.2994802659148185e-06,6.162604271957426e-06,-1.362942633265855e-06,14,16,7.923586935705524e-15,False,False,"Fixed physical Maxwell core, <=k additions; a positive pair is not automatically a 1-swap trap."
2007,early,16,<WORKSPACE>/Gaussian/A17/EXCHANGE_R1/results/object_2007_early_portable,25387349f2beb0f96d242ca9b954a62e6bfcc22e30747f954ca70f472e65a2bd,26106a1c238544d78f76de616ce9d2614f2f15120f481ce864ad6bd62b0113ef,"[32, 96]",2.2606663930846256e-07,-4.762938898677507e-06,-3.255878663375154e-06,1.2809935959938905e-06,14,16,7.923586935705524e-15,False,False,"Fixed physical Maxwell core, <=k additions; a positive pair is not automatically a 1-swap trap."
2007,early,16,<WORKSPACE>/Gaussian/A17/EXCHANGE_R1/results/object_2007_early_portable,25387349f2beb0f96d242ca9b954a62e6bfcc22e30747f954ca70f472e65a2bd,26106a1c238544d78f76de616ce9d2614f2f15120f481ce864ad6bd62b0113ef,"[32, 128]",2.2606663930846256e-07,2.643602819324052e-07,5.686824592944525e-07,7.825553805358476e-08,14,16,7.923586935705524e-15,False,False,"Fixed physical Maxwell core, <=k additions; a positive pair is not automatically a 1-swap trap."
2007,early,16,<WORKSPACE>/Gaussian/A17/EXCHANGE_R1/results/object_2007_early_portable,25387349f2beb0f96d242ca9b954a62e6bfcc22e30747f954ca70f472e65a2bd,26106a1c238544d78f76de616ce9d2614f2f15120f481ce864ad6bd62b0113ef,"[32, 144]",2.2606663930846256e-07,6.587081726575497e-09,2.4559067279876887e-07,1.293695176373082e-08,14,16,7.923586935705524e-15,False,False,"Fixed physical Maxwell core, <=k additions; a positive pair is not automatically a 1-swap trap."
2007,early,16,<WORKSPACE>/Gaussian/A17/EXCHANGE_R1/results/object_2007_early_portable,25387349f2beb0f96d242ca9b954a62e6bfcc22e30747f954ca70f472e65a2bd,26106a1c238544d78f76de616ce9d2614f2f15120f481ce864ad6bd62b0113ef,"[64, 96]",7.2994802659148185e-06,-4.762938898677507e-06,-1.6766343218204578e-06,-4.213175689057769e-06,14,16,7.923586935705524e-15,False,False,"Fixed physical Maxwell core, <=k additions; a positive pair is not automatically a 1-swap trap."
2007,early,16,<WORKSPACE>/Gaussian/A17/EXCHANGE_R1/results/object_2007_early_portable,25387349f2beb0f96d242ca9b954a62e6bfcc22e30747f954ca70f472e65a2bd,26106a1c238544d78f76de616ce9d2614f2f15120f481ce864ad6bd62b0113ef,"[64, 128]",7.2994802659148185e-06,2.643602819324052e-07,7.63462670274136e-06,7.078615489413617e-08,14,16,7.923586935705524e-15,False,False,"Fixed physical Maxwell core, <=k additions; a positive pair is not automatically a 1-swap trap."
2007,early,16,<WORKSPACE>/Gaussian/A17/EXCHANGE_R1/results/object_2007_early_portable,25387349f2beb0f96d242ca9b954a62e6bfcc22e30747f954ca70f472e65a2bd,26106a1c238544d78f76de616ce9d2614f2f15120f481ce864ad6bd62b0113ef,"[64, 144]",7.2994802659148185e-06,6.587081726575497e-09,7.348325217882635e-06,4.225787024124135e-08,14,16,7.923586935705524e-15,False,False,"Fixed physical Maxwell core, <=k additions; a positive pair is not automatically a 1-swap trap."
2007,early,16,<WORKSPACE>/Gaussian/A17/EXCHANGE_R1/results/object_2007_early_portable,25387349f2beb0f96d242ca9b954a62e6bfcc22e30747f954ca70f472e65a2bd,26106a1c238544d78f76de616ce9d2614f2f15120f481ce864ad6bd62b0113ef,"[96, 128]",-4.762938898677507e-06,2.643602819324052e-07,-4.575292924302253e-06,-7.671430755715118e-08,14,16,7.923586935705524e-15,False,False,"Fixed physical Maxwell core, <=k additions; a positive pair is not automatically a 1-swap trap."
2007,early,16,<WORKSPACE>/Gaussian/A17/EXCHANGE_R1/results/object_2007_early_portable,25387349f2beb0f96d242ca9b954a62e6bfcc22e30747f954ca70f472e65a2bd,26106a1c238544d78f76de616ce9d2614f2f15120f481ce864ad6bd62b0113ef,"[96, 144]",-4.762938898677507e-06,6.587081726575497e-09,-4.711880492362337e-06,4.447132458859479e-08,14,16,7.923586935705524e-15,False,False,"Fixed physical Maxwell core, <=k additions; a positive pair is not automatically a 1-swap trap."
2007,early,16,<WORKSPACE>/Gaussian/A17/EXCHANGE_R1/results/object_2007_early_portable,25387349f2beb0f96d242ca9b954a62e6bfcc22e30747f954ca70f472e65a2bd,26106a1c238544d78f76de616ce9d2614f2f15120f481ce864ad6bd62b0113ef,"[128, 144]",2.643602819324052e-07,6.587081726575497e-09,2.6887714460011525e-07,-2.0702190588654704e-09,14,16,7.923586935705524e-15,False,False,"Fixed physical Maxwell core, <=k additions; a positive pair is not automatically a 1-swap trap."
2007,late,4,<WORKSPACE>/Gaussian/A17/EXCHANGE_R1/results/object_2007_late,8b6ae019adc6227a1c90d1bb327c514b1a79631e0803834efb187b2f9b415f24,87b802fa63668f337f8ab5563faed5907a2fbbc8afe91916d542368a05106d7c,"[4, 32]",2.6251176955725494e-05,-0.0009157025339303719,8.38467792839742e-05,0.0009732981362586206,2,4,8.874192326995243e-19,False,False,"Fixed physical Maxwell core, <=k additions; a positive pair is not automatically a 1-swap trap."
2007,late,4,<WORKSPACE>/Gaussian/A17/EXCHANGE_R1/results/object_2007_late,8b6ae019adc6227a1c90d1bb327c514b1a79631e0803834efb187b2f9b415f24,87b802fa63668f337f8ab5563faed5907a2fbbc8afe91916d542368a05106d7c,"[4, 64]",2.6251176955725494e-05,-0.0001709229112625418,0.0001555065555826601,0.00030017828988947637,2,4,8.874192326995243e-19,False,False,"Fixed physical Maxwell core, <=k additions; a positive pair is not automatically a 1-swap trap."
2007,late,4,<WORKSPACE>/Gaussian/A17/EXCHANGE_R1/results/object_2007_late,8b6ae019adc6227a1c90d1bb327c514b1a79631e0803834efb187b2f9b415f24,87b802fa63668f337f8ab5563faed5907a2fbbc8afe91916d542368a05106d7c,"[4, 96]",2.6251176955725494e-05,4.1119840904609234e-06,0.00014873103083595134,0.00011836786978976493,2,4,8.874192326995243e-19,False,False,"Fixed physical Maxwell core, <=k additions; a positive pair is not automatically a 1-swap trap."
2007,late,4,<WORKSPACE>/Gaussian/A17/EXCHANGE_R1/results/object_2007_late,8b6ae019adc6227a1c90d1bb327c514b1a79631e0803834efb187b2f9b415f24,87b802fa63668f337f8ab5563faed5907a2fbbc8afe91916d542368a05106d7c,"[4, 128]",2.6251176955725494e-05,-2.6714450498275594e-05,4.727582792019843e-05,4.7739101462748534e-05,2,4,8.874192326995243e-19,False,False,"Fixed physical Maxwell core, <=k additions; a positive pair is not automatically a 1-swap trap."
2007,late,4,<WORKSPACE>/Gaussian/A17/EXCHANGE_R1/results/object_2007_late,8b6ae019adc6227a1c90d1bb327c514b1a79631e0803834efb187b2f9b415f24,87b802fa63668f337f8ab5563faed5907a2fbbc8afe91916d542368a05106d7c,"[4, 144]",2.6251176955725494e-05,-0.0006684688944692139,6.323734701771074e-05,0.0007054550645311992,2,4,8.874192326995243e-19,False,False,"Fixed physical Maxwell core, <=k additions; a positive pair is not automatically a 1-swap trap."
2007,late,4,<WORKSPACE>/Gaussian/A17/EXCHANGE_R1/results/object_2007_late,8b6ae019adc6227a1c90d1bb327c514b1a79631e0803834efb187b2f9b415f24,87b802fa63668f337f8ab5563faed5907a2fbbc8afe91916d542368a05106d7c,"[32, 64]",-0.0009157025339303719,-0.0001709229112625418,-0.00012996234540072805,0.0009566630997921856,2,4,8.874192326995243e-19,False,False,"Fixed physical Maxwell core, <=k additions; a positive pair is not automatically a 1-swap trap."
2007,late,4,<WORKSPACE>/Gaussian/A17/EXCHANGE_R1/results/object_2007_late,8b6ae019adc6227a1c90d1bb327c514b1a79631e0803834efb187b2f9b415f24,87b802fa63668f337f8ab5563faed5907a2fbbc8afe91916d542368a05106d7c,"[32, 96]",-0.0009157025339303719,4.1119840904609234e-06,6.693005583606601e-07,0.0009122598503982717,2,4,8.874192326995243e-19,False,False,"Fixed physical Maxwell core, <=k additions; a positive pair is not automatically a 1-swap trap."
2007,late,4,<WORKSPACE>/Gaussian/A17/EXCHANGE_R1/results/object_2007_late,8b6ae019adc6227a1c90d1bb327c514b1a79631e0803834efb187b2f9b415f24,87b802fa63668f337f8ab5563faed5907a2fbbc8afe91916d542368a05106d7c,"[32, 128]",-0.0009157025339303719,-2.6714450498275594e-05,-0.0007924534440204228,0.00014996354040822473,2,4,8.874192326995243e-19,False,False,"Fixed physical Maxwell core, <=k additions; a positive pair is not automatically a 1-swap trap."
2007,late,4,<WORKSPACE>/Gaussian/A17/EXCHANGE_R1/results/object_2007_late,8b6ae019adc6227a1c90d1bb327c514b1a79631e0803834efb187b2f9b415f24,87b802fa63668f337f8ab5563faed5907a2fbbc8afe91916d542368a05106d7c,"[32, 144]",-0.0009157025339303719,-0.0006684688944692139,-0.0015687934894781205,1.537793892146533e-05,2,4,8.874192326995243e-19,False,False,"Fixed physical Maxwell core, <=k additions; a positive pair is not automatically a 1-swap trap."
2007,late,4,<WORKSPACE>/Gaussian/A17/EXCHANGE_R1/results/object_2007_late,8b6ae019adc6227a1c90d1bb327c514b1a79631e0803834efb187b2f9b415f24,87b802fa63668f337f8ab5563faed5907a2fbbc8afe91916d542368a05106d7c,"[64, 96]",-0.0001709229112625418,4.1119840904609234e-06,0.00014743153656199953,0.0003142424637340804,2,4,8.874192326995243e-19,False,False,"Fixed physical Maxwell core, <=k additions; a positive pair is not automatically a 1-swap trap."
2007,late,4,<WORKSPACE>/Gaussian/A17/EXCHANGE_R1/results/object_2007_late,8b6ae019adc6227a1c90d1bb327c514b1a79631e0803834efb187b2f9b415f24,87b802fa63668f337f8ab5563faed5907a2fbbc8afe91916d542368a05106d7c,"[64, 128]",-0.0001709229112625418,-2.6714450498275594e-05,-0.0001302050605159442,6.74323012448732e-05,2,4,8.874192326995243e-19,False,False,"Fixed physical Maxwell core, <=k additions; a positive pair is not automatically a 1-swap trap."
2007,late,4,<WORKSPACE>/Gaussian/A17/EXCHANGE_R1/results/object_2007_late,8b6ae019adc6227a1c90d1bb327c514b1a79631e0803834efb187b2f9b415f24,87b802fa63668f337f8ab5563faed5907a2fbbc8afe91916d542368a05106d7c,"[64, 144]",-0.0001709229112625418,-0.0006684688944692139,-0.000135353612634816,0.0007040381930969397,2,4,8.874192326995243e-19,False,False,"Fixed physical Maxwell core, <=k additions; a positive pair is not automatically a 1-swap trap."
2007,late,4,<WORKSPACE>/Gaussian/A17/EXCHANGE_R1/results/object_2007_late,8b6ae019adc6227a1c90d1bb327c514b1a79631e0803834efb187b2f9b415f24,87b802fa63668f337f8ab5563faed5907a2fbbc8afe91916d542368a05106d7c,"[96, 128]",4.1119840904609234e-06,-2.6714450498275594e-05,1.6201304999491567e-05,3.880377140730624e-05,2,4,8.874192326995243e-19,False,False,"Fixed physical Maxwell core, <=k additions; a positive pair is not automatically a 1-swap trap."
2007,late,4,<WORKSPACE>/Gaussian/A17/EXCHANGE_R1/results/object_2007_late,8b6ae019adc6227a1c90d1bb327c514b1a79631e0803834efb187b2f9b415f24,87b802fa63668f337f8ab5563faed5907a2fbbc8afe91916d542368a05106d7c,"[96, 144]",4.1119840904609234e-06,-0.0006684688944692139,9.245590109472143e-05,0.0007568128114734745,2,4,8.874192326995243e-19,False,False,"Fixed physical Maxwell core, <=k additions; a positive pair is not automatically a 1-swap trap."
2007,late,4,<WORKSPACE>/Gaussian/A17/EXCHANGE_R1/results/object_2007_late,8b6ae019adc6227a1c90d1bb327c514b1a79631e0803834efb187b2f9b415f24,87b802fa63668f337f8ab5563faed5907a2fbbc8afe91916d542368a05106d7c,"[128, 144]",-2.6714450498275594e-05,-0.0006684688944692139,-0.0007635275189324111,-6.834417396492159e-05,2,4,8.874192326995243e-19,False,False,"Fixed physical Maxwell core, <=k additions; a positive pair is not automatically a 1-swap trap."
2007,late,8,<WORKSPACE>/Gaussian/A17/EXCHANGE_R1/results/object_2007_late,8b6ae019adc6227a1c90d1bb327c514b1a79631e0803834efb187b2f9b415f24,87b802fa63668f337f8ab5563faed5907a2fbbc8afe91916d542368a05106d7c,"[8, 32]",5.7116866241781945e-05,3.601145726224732e-05,6.606708310899927e-05,-2.706124039502999e-05,6,8,8.874192326995243e-19,False,False,"Fixed physical Maxwell core, <=k additions; a positive pair is not automatically a 1-swap trap."
2007,late,8,<WORKSPACE>/Gaussian/A17/EXCHANGE_R1/results/object_2007_late,8b6ae019adc6227a1c90d1bb327c514b1a79631e0803834efb187b2f9b415f24,87b802fa63668f337f8ab5563faed5907a2fbbc8afe91916d542368a05106d7c,"[8, 64]",5.7116866241781945e-05,7.4329123623928295e-06,6.229322030011723e-05,-2.2565583040575475e-06,6,8,8.874192326995243e-19,False,False,"Fixed physical Maxwell core, <=k additions; a positive pair is not automatically a 1-swap trap."
2007,late,8,<WORKSPACE>/Gaussian/A17/EXCHANGE_R1/results/object_2007_late,8b6ae019adc6227a1c90d1bb327c514b1a79631e0803834efb187b2f9b415f24,87b802fa63668f337f8ab5563faed5907a2fbbc8afe91916d542368a05106d7c,"[8, 96]",5.7116866241781945e-05,2.9479546326534237e-05,6.681925649716319e-05,-1.9777156071152994e-05,6,8,8.874192326995243e-19,False,False,"Fixed physical Maxwell core, <=k additions; a positive pair is not automatically a 1-swap trap."
2007,late,8,<WORKSPACE>/Gaussian/A17/EXCHANGE_R1/results/object_2007_late,8b6ae019adc6227a1c90d1bb327c514b1a79631e0803834efb187b2f9b415f24,87b802fa63668f337f8ab5563faed5907a2fbbc8afe91916d542368a05106d7c,"[8, 128]",5.7116866241781945e-05,8.979140955133745e-06,5.790540377116753e-05,-8.190603425748159e-06,6,8,8.874192326995243e-19,False,False,"Fixed physical Maxwell core, <=k additions; a positive pair is not automatically a 1-swap trap."
2007,late,8,<WORKSPACE>/Gaussian/A17/EXCHANGE_R1/results/object_2007_late,8b6ae019adc6227a1c90d1bb327c514b1a79631e0803834efb187b2f9b415f24,87b802fa63668f337f8ab5563faed5907a2fbbc8afe91916d542368a05106d7c,"[8, 144]",5.7116866241781945e-05,7.773667862371159e-07,5.725859483961181e-05,-6.356381884072497e-07,6,8,8.874192326995243e-19,False,False,"Fixed physical Maxwell core, <=k additions; a positive pair is not automatically a 1-swap trap."
2007,late,8,<WORKSPACE>/Gaussian/A17/EXCHANGE_R1/results/object_2007_late,8b6ae019adc6227a1c90d1bb327c514b1a79631e0803834efb187b2f9b415f24,87b802fa63668f337f8ab5563faed5907a2fbbc8afe91916d542368a05106d7c,"[32, 64]",3.601145726224732e-05,7.4329123623928295e-06,4.58060656849018e-05,2.361696060261654e-06,6,8,8.874192326995243e-19,False,False,"Fixed physical Maxwell core, <=k additions; a positive pair is not automatically a 1-swap trap."
2007,late,8,<WORKSPACE>/Gaussian/A17/EXCHANGE_R1/results/object_2007_late,8b6ae019adc6227a1c90d1bb327c514b1a79631e0803834efb187b2f9b415f24,87b802fa63668f337f8ab5563faed5907a2fbbc8afe91916d542368a05106d7c,"[32, 96]",3.601145726224732e-05,2.9479546326534237e-05,3.898420334730554e-05,-2.6506800241476017e-05,6,8,8.874192326995243e-19,False,False,"Fixed physical Maxwell core, <=k additions; a positive pair is not automatically a 1-swap trap."
2007,late,8,<WORKSPACE>/Gaussian/A17/EXCHANGE_R1/results/object_2007_late,8b6ae019adc6227a1c90d1bb327c514b1a79631e0803834efb187b2f9b415f24,87b802fa63668f337f8ab5563faed5907a2fbbc8afe91916d542368a05106d7c,"[32, 128]",3.601145726224732e-05,8.979140955133745e-06,3.933660987114161e-05,-5.653988346239453e-06,6,8,8.874192326995243e-19,False,False,"Fixed physical Maxwell core, <=k additions; a positive pair is not automatically a 1-swap trap."
2007,late,8,<WORKSPACE>/Gaussian/A17/EXCHANGE_R1/results/object_2007_late,8b6ae019adc6227a1c90d1bb327c514b1a79631e0803834efb187b2f9b415f24,87b802fa63668f337f8ab5563faed5907a2fbbc8afe91916d542368a05106d7c,"[32, 144]",3.601145726224732e-05,7.773667862371159e-07,3.6461637238129847e-05,-3.2718681035458697e-07,6,8,8.874192326995243e-19,False,False,"Fixed physical Maxwell core, <=k additions; a positive pair is not automatically a 1-swap trap."
2007,late,8,<WORKSPACE>/Gaussian/A17/EXCHANGE_R1/results/object_2007_late,8b6ae019adc6227a1c90d1bb327c514b1a79631e0803834efb187b2f9b415f24,87b802fa63668f337f8ab5563faed5907a2fbbc8afe91916d542368a05106d7c,"[64, 96]",7.4329123623928295e-06,2.9479546326534237e-05,2.323585211117077e-05,-1.3676606577756295e-05,6,8,8.874192326995243e-19,False,False,"Fixed physical Maxwell core, <=k additions; a positive pair is not automatically a 1-swap trap."
2007,late,8,<WORKSPACE>/Gaussian/A17/EXCHANGE_R1/results/object_2007_late,8b6ae019adc6227a1c90d1bb327c514b1a79631e0803834efb187b2f9b415f24,87b802fa63668f337f8ab5563faed5907a2fbbc8afe91916d542368a05106d7c,"[64, 128]",7.4329123623928295e-06,8.979140955133745e-06,1.1383425748684167e-05,-5.028627568842407e-06,6,8,8.874192326995243e-19,False,False,"Fixed physical Maxwell core, <=k additions; a positive pair is not automatically a 1-swap trap."
2007,late,8,<WORKSPACE>/Gaussian/A17/EXCHANGE_R1/results/object_2007_late,8b6ae019adc6227a1c90d1bb327c514b1a79631e0803834efb187b2f9b415f24,87b802fa63668f337f8ab5563faed5907a2fbbc8afe91916d542368a05106d7c,"[64, 144]",7.4329123623928295e-06,7.773667862371159e-07,5.886129966468904e-06,-2.3241491821610415e-06,6,8,8.874192326995243e-19,False,False,"Fixed physical Maxwell core, <=k additions; a positive pair is not automatically a 1-swap trap."
2007,late,8,<WORKSPACE>/Gaussian/A17/EXCHANGE_R1/results/object_2007_late,8b6ae019adc6227a1c90d1bb327c514b1a79631e0803834efb187b2f9b415f24,87b802fa63668f337f8ab5563faed5907a2fbbc8afe91916d542368a05106d7c,"[96, 128]",2.9479546326534237e-05,8.979140955133745e-06,4.0535880312626035e-05,2.0771930309580533e-06,6,8,8.874192326995243e-19,False,False,"Fixed physical Maxwell core, <=k additions; a positive pair is not automatically a 1-swap trap."
2007,late,8,<WORKSPACE>/Gaussian/A17/EXCHANGE_R1/results/object_2007_late,8b6ae019adc6227a1c90d1bb327c514b1a79631e0803834efb187b2f9b415f24,87b802fa63668f337f8ab5563faed5907a2fbbc8afe91916d542368a05106d7c,"[96, 144]",2.9479546326534237e-05,7.773667862371159e-07,3.00204789273954e-05,-2.3643418537595377e-07,6,8,8.874192326995243e-19,False,False,"Fixed physical Maxwell core, <=k additions; a positive pair is not automatically a 1-swap trap."
2007,late,8,<WORKSPACE>/Gaussian/A17/EXCHANGE_R1/results/object_2007_late,8b6ae019adc6227a1c90d1bb327c514b1a79631e0803834efb187b2f9b415f24,87b802fa63668f337f8ab5563faed5907a2fbbc8afe91916d542368a05106d7c,"[128, 144]",8.979140955133745e-06,7.773667862371159e-07,8.334941408324703e-06,-1.4215663330461572e-06,6,8,8.874192326995243e-19,False,False,"Fixed physical Maxwell core, <=k additions; a positive pair is not automatically a 1-swap trap."
2007,late,16,<WORKSPACE>/Gaussian/A17/EXCHANGE_R1/results/object_2007_late,8b6ae019adc6227a1c90d1bb327c514b1a79631e0803834efb187b2f9b415f24,87b802fa63668f337f8ab5563faed5907a2fbbc8afe91916d542368a05106d7c,"[16, 32]",7.77566973095253e-07,-4.3665336319055494e-07,6.905161887138594e-07,3.4960257880916135e-07,14,16,8.874192326995243e-19,False,False,"Fixed physical Maxwell core, <=k additions; a positive pair is not automatically a 1-swap trap."
2007,late,16,<WORKSPACE>/Gaussian/A17/EXCHANGE_R1/results/object_2007_late,8b6ae019adc6227a1c90d1bb327c514b1a79631e0803834efb187b2f9b415f24,87b802fa63668f337f8ab5563faed5907a2fbbc8afe91916d542368a05106d7c,"[16, 64]",7.77566973095253e-07,-3.239105029922168e-08,7.467833916074884e-07,1.6074688114570864e-09,14,16,8.874192326995243e-19,False,False,"Fixed physical Maxwell core, <=k additions; a positive pair is not automatically a 1-swap trap."
2007,late,16,<WORKSPACE>/Gaussian/A17/EXCHANGE_R1/results/object_2007_late,8b6ae019adc6227a1c90d1bb327c514b1a79631e0803834efb187b2f9b415f24,87b802fa63668f337f8ab5563faed5907a2fbbc8afe91916d542368a05106d7c,"[16, 96]",7.77566973095253e-07,4.1926937998898375e-07,1.4018053647135383e-06,2.0496901162930151e-07,14,16,8.874192326995243e-19,False,False,"Fixed physical Maxwell core, <=k additions; a positive pair is not automatically a 1-swap trap."
2007,late,16,<WORKSPACE>/Gaussian/A17/EXCHANGE_R1/results/object_2007_late,8b6ae019adc6227a1c90d1bb327c514b1a79631e0803834efb187b2f9b415f24,87b802fa63668f337f8ab5563faed5907a2fbbc8afe91916d542368a05106d7c,"[16, 128]",7.77566973095253e-07,-5.8389114908801817e-08,9.831791210422167e-07,2.640012628557655e-07,14,16,8.874192326995243e-19,False,False,"Fixed physical Maxwell core, <=k additions; a positive pair is not automatically a 1-swap trap."
2007,late,16,<WORKSPACE>/Gaussian/A17/EXCHANGE_R1/results/object_2007_late,8b6ae019adc6227a1c90d1bb327c514b1a79631e0803834efb187b2f9b415f24,87b802fa63668f337f8ab5563faed5907a2fbbc8afe91916d542368a05106d7c,"[16, 144]",7.77566973095253e-07,-1.5797123270681702e-08,7.578655685972063e-07,-3.9042812273649975e-09,14,16,8.874192326995243e-19,False,False,"Fixed physical Maxwell core, <=k additions; a positive pair is not automatically a 1-swap trap."
2007,late,16,<WORKSPACE>/Gaussian/A17/EXCHANGE_R1/results/object_2007_late,8b6ae019adc6227a1c90d1bb327c514b1a79631e0803834efb187b2f9b415f24,87b802fa63668f337f8ab5563faed5907a2fbbc8afe91916d542368a05106d7c,"[32, 64]",-4.3665336319055494e-07,-3.239105029922168e-08,-9.702606499149554e-07,-5.012162364251788e-07,14,16,8.874192326995243e-19,False,False,"Fixed physical Maxwell core, <=k additions; a positive pair is not automatically a 1-swap trap."
2007,late,16,<WORKSPACE>/Gaussian/A17/EXCHANGE_R1/results/object_2007_late,8b6ae019adc6227a1c90d1bb327c514b1a79631e0803834efb187b2f9b415f24,87b802fa63668f337f8ab5563faed5907a2fbbc8afe91916d542368a05106d7c,"[32, 96]",-4.3665336319055494e-07,4.1926937998898375e-07,3.2694514283511737e-07,3.443291260366886e-07,14,16,8.874192326995243e-19,False,False,"Fixed physical Maxwell core, <=k additions; a positive pair is not automatically a 1-swap trap."
2007,late,16,<WORKSPACE>/Gaussian/A17/EXCHANGE_R1/results/object_2007_late,8b6ae019adc6227a1c90d1bb327c514b1a79631e0803834efb187b2f9b415f24,87b802fa63668f337f8ab5563faed5907a2fbbc8afe91916d542368a05106d7c,"[32, 128]",-4.3665336319055494e-07,-5.8389114908801817e-08,-6.31343293759318e-07,-1.363008156599613e-07,14,16,8.874192326995243e-19,False,False,"Fixed physical Maxwell core, <=k additions; a positive pair is not automatically a 1-swap trap."
2007,late,16,<WORKSPACE>/Gaussian/A17/EXCHANGE_R1/results/object_2007_late,8b6ae019adc6227a1c90d1bb327c514b1a79631e0803834efb187b2f9b415f24,87b802fa63668f337f8ab5563faed5907a2fbbc8afe91916d542368a05106d7c,"[32, 144]",-4.3665336319055494e-07,-1.5797123270681702e-08,-4.3265415232511716e-07,1.9796334136119486e-08,14,16,8.874192326995243e-19,False,False,"Fixed physical Maxwell core, <=k additions; a positive pair is not automatically a 1-swap trap."
2007,late,16,<WORKSPACE>/Gaussian/A17/EXCHANGE_R1/results/object_2007_late,8b6ae019adc6227a1c90d1bb327c514b1a79631e0803834efb187b2f9b415f24,87b802fa63668f337f8ab5563faed5907a2fbbc8afe91916d542368a05106d7c,"[64, 96]",-3.239105029922168e-08,4.1926937998898375e-07,-2.025459632610468e-07,-5.894242929508089e-07,14,16,8.874192326995243e-19,False,False,"Fixed physical Maxwell core, <=k additions; a positive pair is not automatically a 1-swap trap."
2007,late,16,<WORKSPACE>/Gaussian/A17/EXCHANGE_R1/results/object_2007_late,8b6ae019adc6227a1c90d1bb327c514b1a79631e0803834efb187b2f9b415f24,87b802fa63668f337f8ab5563faed5907a2fbbc8afe91916d542368a05106d7c,"[64, 128]",-3.239105029922168e-08,-5.8389114908801817e-08,3.478737678174405e-07,4.38653933025464e-07,14,16,8.874192326995243e-19,True,True,"Fixed physical Maxwell core, <=k additions; a positive pair is not automatically a 1-swap trap."
2007,late,16,<WORKSPACE>/Gaussian/A17/EXCHANGE_R1/results/object_2007_late,8b6ae019adc6227a1c90d1bb327c514b1a79631e0803834efb187b2f9b415f24,87b802fa63668f337f8ab5563faed5907a2fbbc8afe91916d542368a05106d7c,"[64, 144]",-3.239105029922168e-08,-1.5797123270681702e-08,-4.8176983410649844e-08,1.1190159253536632e-11,14,16,8.874192326995243e-19,False,False,"Fixed physical Maxwell core, <=k additions; a positive pair is not automatically a 1-swap trap."
2007,late,16,<WORKSPACE>/Gaussian/A17/EXCHANGE_R1/results/object_2007_late,8b6ae019adc6227a1c90d1bb327c514b1a79631e0803834efb187b2f9b415f24,87b802fa63668f337f8ab5563faed5907a2fbbc8afe91916d542368a05106d7c,"[96, 128]",4.1926937998898375e-07,-5.8389114908801817e-08,2.358691133824951e-07,-1.2501115169768682e-07,14,16,8.874192326995243e-19,False,False,"Fixed physical Maxwell core, <=k additions; a positive pair is not automatically a 1-swap trap."
2007,late,16,<WORKSPACE>/Gaussian/A17/EXCHANGE_R1/results/object_2007_late,8b6ae019adc6227a1c90d1bb327c514b1a79631e0803834efb187b2f9b415f24,87b802fa63668f337f8ab5563faed5907a2fbbc8afe91916d542368a05106d7c,"[96, 144]",4.1926937998898375e-07,-1.5797123270681702e-08,4.1279963355690175e-07,9.327376838599704e-09,14,16,8.874192326995243e-19,False,False,"Fixed physical Maxwell core, <=k additions; a positive pair is not automatically a 1-swap trap."
2007,late,16,<WORKSPACE>/Gaussian/A17/EXCHANGE_R1/results/object_2007_late,8b6ae019adc6227a1c90d1bb327c514b1a79631e0803834efb187b2f9b415f24,87b802fa63668f337f8ab5563faed5907a2fbbc8afe91916d542368a05106d7c,"[128, 144]",-5.8389114908801817e-08,-1.5797123270681702e-08,-3.4472452247133156e-08,3.971378593235036e-08,14,16,8.874192326995243e-19,False,False,"Fixed physical Maxwell core, <=k additions; a positive pair is not automatically a 1-swap trap."
2007,middle,4,<WORKSPACE>/Gaussian/A17/EXCHANGE_R1/results/object_2007_middle,b21bb4739b29eb7a9609a3988b53c0feb3fd02e4cc8439d65a6ab1dcdbb7ea25,7c708621363a1f54816c3f30f0a5b9490c9fcb305df7cf817f3398432fe3c9bc,"[4, 32]",3.740598646024976e-05,-0.00012453013848263357,4.790450611184645e-05,0.00013502865813423026,2,4,1.213399455334563e-18,False,False,"Fixed physical Maxwell core, <=k additions; a positive pair is not automatically a 1-swap trap."
2007,middle,4,<WORKSPACE>/Gaussian/A17/EXCHANGE_R1/results/object_2007_middle,b21bb4739b29eb7a9609a3988b53c0feb3fd02e4cc8439d65a6ab1dcdbb7ea25,7c708621363a1f54816c3f30f0a5b9490c9fcb305df7cf817f3398432fe3c9bc,"[4, 64]",3.740598646024976e-05,-6.544118969986732e-06,5.231376060155063e-05,2.1451893111287598e-05,2,4,1.213399455334563e-18,False,False,"Fixed physical Maxwell core, <=k additions; a positive pair is not automatically a 1-swap trap."
2007,middle,4,<WORKSPACE>/Gaussian/A17/EXCHANGE_R1/results/object_2007_middle,b21bb4739b29eb7a9609a3988b53c0feb3fd02e4cc8439d65a6ab1dcdbb7ea25,7c708621363a1f54816c3f30f0a5b9490c9fcb305df7cf817f3398432fe3c9bc,"[4, 96]",3.740598646024976e-05,-6.99570325128652e-06,8.429378891248933e-05,5.388350570352609e-05,2,4,1.213399455334563e-18,False,False,"Fixed physical Maxwell core, <=k additions; a positive pair is not automatically a 1-swap trap."
2007,middle,4,<WORKSPACE>/Gaussian/A17/EXCHANGE_R1/results/object_2007_middle,b21bb4739b29eb7a9609a3988b53c0feb3fd02e4cc8439d65a6ab1dcdbb7ea25,7c708621363a1f54816c3f30f0a5b9490c9fcb305df7cf817f3398432fe3c9bc,"[4, 128]",3.740598646024976e-05,-1.0766218173389964e-06,3.7197556631255536e-05,8.681919883447722e-07,2,4,1.213399455334563e-18,False,False,"Fixed physical Maxwell core, <=k additions; a positive pair is not automatically a 1-swap trap."
2007,middle,4,<WORKSPACE>/Gaussian/A17/EXCHANGE_R1/results/object_2007_middle,b21bb4739b29eb7a9609a3988b53c0feb3fd02e4cc8439d65a6ab1dcdbb7ea25,7c708621363a1f54816c3f30f0a5b9490c9fcb305df7cf817f3398432fe3c9bc,"[4, 144]",3.740598646024976e-05,-4.259773769537418e-06,3.66087962988284e-05,3.46258360811606e-06,2,4,1.213399455334563e-18,False,False,"Fixed physical Maxwell core, <=k additions; a positive pair is not automatically a 1-swap trap."
2007,middle,4,<WORKSPACE>/Gaussian/A17/EXCHANGE_R1/results/object_2007_middle,b21bb4739b29eb7a9609a3988b53c0feb3fd02e4cc8439d65a6ab1dcdbb7ea25,7c708621363a1f54816c3f30f0a5b9490c9fcb305df7cf817f3398432fe3c9bc,"[32, 64]",-0.00012453013848263357,-6.544118969986732e-06,5.736228898488028e-06,0.00013681048635110833,2,4,1.213399455334563e-18,True,True,"Fixed physical Maxwell core, <=k additions; a positive pair is not automatically a 1-swap trap."
2007,middle,4,<WORKSPACE>/Gaussian/A17/EXCHANGE_R1/results/object_2007_middle,b21bb4739b29eb7a9609a3988b53c0feb3fd02e4cc8439d65a6ab1dcdbb7ea25,7c708621363a1f54816c3f30f0a5b9490c9fcb305df7cf817f3398432fe3c9bc,"[32, 96]",-0.00012453013848263357,-6.99570325128652e-06,1.1928555213813833e-05,0.0001434543969477339,2,4,1.213399455334563e-18,True,False,"Fixed physical Maxwell core, <=k additions; a positive pair is not automatically a 1-swap trap."
2007,middle,4,<WORKSPACE>/Gaussian/A17/EXCHANGE_R1/results/object_2007_middle,b21bb4739b29eb7a9609a3988b53c0feb3fd02e4cc8439d65a6ab1dcdbb7ea25,7c708621363a1f54816c3f30f0a5b9490c9fcb305df7cf817f3398432fe3c9bc,"[32, 128]",-0.00012453013848263357,-1.0766218173389964e-06,-0.00012707447354686264,-1.4677132468900732e-06,2,4,1.213399455334563e-18,False,False,"Fixed physical Maxwell core, <=k additions; a positive pair is not automatically a 1-swap trap."
2007,middle,4,<WORKSPACE>/Gaussian/A17/EXCHANGE_R1/results/object_2007_middle,b21bb4739b29eb7a9609a3988b53c0feb3fd02e4cc8439d65a6ab1dcdbb7ea25,7c708621363a1f54816c3f30f0a5b9490c9fcb305df7cf817f3398432fe3c9bc,"[32, 144]",-0.00012453013848263357,-4.259773769537418e-06,-0.0001256236854860674,3.1662267661035796e-06,2,4,1.213399455334563e-18,False,False,"Fixed physical Maxwell core, <=k additions; a positive pair is not automatically a 1-swap trap."
2007,middle,4,<WORKSPACE>/Gaussian/A17/EXCHANGE_R1/results/object_2007_middle,b21bb4739b29eb7a9609a3988b53c0feb3fd02e4cc8439d65a6ab1dcdbb7ea25,7c708621363a1f54816c3f30f0a5b9490c9fcb305df7cf817f3398432fe3c9bc,"[64, 96]",-6.544118969986732e-06,-6.99570325128652e-06,2.9553297222912216e-05,4.309311944418547e-05,2,4,1.213399455334563e-18,True,False,"Fixed physical Maxwell core, <=k additions; a positive pair is not automatically a 1-swap trap."
2007,middle,4,<WORKSPACE>/Gaussian/A17/EXCHANGE_R1/results/object_2007_middle,b21bb4739b29eb7a9609a3988b53c0feb3fd02e4cc8439d65a6ab1dcdbb7ea25,7c708621363a1f54816c3f30f0a5b9490c9fcb305df7cf817f3398432fe3c9bc,"[64, 128]",-6.544118969986732e-06,-1.0766218173389964e-06,-7.747890588447748e-06,-1.2714980112201948e-07,2,4,1.213399455334563e-18,False,False,"Fixed physical Maxwell core, <=k additions; a positive pair is not automatically a 1-swap trap."
2007,middle,4,<WORKSPACE>/Gaussian/A17/EXCHANGE_R1/results/object_2007_middle,b21bb4739b29eb7a9609a3988b53c0feb3fd02e4cc8439d65a6ab1dcdbb7ea25,7c708621363a1f54816c3f30f0a5b9490c9fcb305df7cf817f3398432fe3c9bc,"[64, 144]",-6.544118969986732e-06,-4.259773769537418e-06,-7.236177825221341e-06,3.5677149143028086e-06,2,4,1.213399455334563e-18,False,False,"Fixed physical Maxwell core, <=k additions; a positive pair is not automatically a 1-swap trap."
2007,middle,4,<WORKSPACE>/Gaussian/A17/EXCHANGE_R1/results/object_2007_middle,b21bb4739b29eb7a9609a3988b53c0feb3fd02e4cc8439d65a6ab1dcdbb7ea25,7c708621363a1f54816c3f30f0a5b9490c9fcb305df7cf817f3398432fe3c9bc,"[96, 128]",-6.99570325128652e-06,-1.0766218173389964e-06,-8.168944632219703e-06,-9.661956359418639e-08,2,4,1.213399455334563e-18,False,False,"Fixed physical Maxwell core, <=k additions; a positive pair is not automatically a 1-swap trap."
2007,middle,4,<WORKSPACE>/Gaussian/A17/EXCHANGE_R1/results/object_2007_middle,b21bb4739b29eb7a9609a3988b53c0feb3fd02e4cc8439d65a6ab1dcdbb7ea25,7c708621363a1f54816c3f30f0a5b9490c9fcb305df7cf817f3398432fe3c9bc,"[96, 144]",-6.99570325128652e-06,-4.259773769537418e-06,-5.877764173902418e-06,5.37771284692152e-06,2,4,1.213399455334563e-18,False,False,"Fixed physical Maxwell core, <=k additions; a positive pair is not automatically a 1-swap trap."
2007,middle,4,<WORKSPACE>/Gaussian/A17/EXCHANGE_R1/results/object_2007_middle,b21bb4739b29eb7a9609a3988b53c0feb3fd02e4cc8439d65a6ab1dcdbb7ea25,7c708621363a1f54816c3f30f0a5b9490c9fcb305df7cf817f3398432fe3c9bc,"[128, 144]",-1.0766218173389964e-06,-4.259773769537418e-06,-5.287443172055419e-06,4.895241482099626e-08,2,4,1.213399455334563e-18,False,False,"Fixed physical Maxwell core, <=k additions; a positive pair is not automatically a 1-swap trap."
2007,middle,8,<WORKSPACE>/Gaussian/A17/EXCHANGE_R1/results/object_2007_middle,b21bb4739b29eb7a9609a3988b53c0feb3fd02e4cc8439d65a6ab1dcdbb7ea25,7c708621363a1f54816c3f30f0a5b9490c9fcb305df7cf817f3398432fe3c9bc,"[8, 32]",4.06294311431195e-07,-9.603847913715956e-07,-3.3589239264284853e-07,2.1819808729755212e-07,6,8,1.213399455334563e-18,False,False,"Fixed physical Maxwell core, <=k additions; a positive pair is not automatically a 1-swap trap."
2007,middle,8,<WORKSPACE>/Gaussian/A17/EXCHANGE_R1/results/object_2007_middle,b21bb4739b29eb7a9609a3988b53c0feb3fd02e4cc8439d65a6ab1dcdbb7ea25,7c708621363a1f54816c3f30f0a5b9490c9fcb305df7cf817f3398432fe3c9bc,"[8, 64]",4.06294311431195e-07,1.1644245408328328e-06,1.3844728478645986e-06,-1.86246004399429e-07,6,8,1.213399455334563e-18,False,False,"Fixed physical Maxwell core, <=k additions; a positive pair is not automatically a 1-swap trap."
2007,middle,8,<WORKSPACE>/Gaussian/A17/EXCHANGE_R1/results/object_2007_middle,b21bb4739b29eb7a9609a3988b53c0feb3fd02e4cc8439d65a6ab1dcdbb7ea25,7c708621363a1f54816c3f30f0a5b9490c9fcb305df7cf817f3398432fe3c9bc,"[8, 96]",4.06294311431195e-07,-4.49487017333455e-08,5.798771080652439e-07,2.1853149836739442e-07,6,8,1.213399455334563e-18,False,False,"Fixed physical Maxwell core, <=k additions; a positive pair is not automatically a 1-swap trap."
2007,middle,8,<WORKSPACE>/Gaussian/A17/EXCHANGE_R1/results/object_2007_middle,b21bb4739b29eb7a9609a3988b53c0feb3fd02e4cc8439d65a6ab1dcdbb7ea25,7c708621363a1f54816c3f30f0a5b9490c9fcb305df7cf817f3398432fe3c9bc,"[8, 128]",4.06294311431195e-07,1.4022135901648045e-08,3.937237617431202e-07,-2.659268558972281e-08,6,8,1.213399455334563e-18,False,False,"Fixed physical Maxwell core, <=k additions; a positive pair is not automatically a 1-swap trap."
2007,middle,8,<WORKSPACE>/Gaussian/A17/EXCHANGE_R1/results/object_2007_middle,b21bb4739b29eb7a9609a3988b53c0feb3fd02e4cc8439d65a6ab1dcdbb7ea25,7c708621363a1f54816c3f30f0a5b9490c9fcb305df7cf817f3398432fe3c9bc,"[8, 144]",4.06294311431195e-07,-1.531152073986189e-08,3.9669760403300293e-07,5.714813341669849e-09,6,8,1.213399455334563e-18,False,False,"Fixed physical Maxwell core, <=k additions; a positive pair is not automatically a 1-swap trap."
2007,middle,8,<WORKSPACE>/Gaussian/A17/EXCHANGE_R1/results/object_2007_middle,b21bb4739b29eb7a9609a3988b53c0feb3fd02e4cc8439d65a6ab1dcdbb7ea25,7c708621363a1f54816c3f30f0a5b9490c9fcb305df7cf817f3398432fe3c9bc,"[32, 64]",-9.603847913715956e-07,1.1644245408328328e-06,1.0692572099770995e-06,8.652174605158621e-07,6,8,1.213399455334563e-18,False,False,"Fixed physical Maxwell core, <=k additions; a positive pair is not automatically a 1-swap trap."
2007,middle,8,<WORKSPACE>/Gaussian/A17/EXCHANGE_R1/results/object_2007_middle,b21bb4739b29eb7a9609a3988b53c0feb3fd02e4cc8439d65a6ab1dcdbb7ea25,7c708621363a1f54816c3f30f0a5b9490c9fcb305df7cf817f3398432fe3c9bc,"[32, 96]",-9.603847913715956e-07,-4.49487017333455e-08,-9.021690438671979e-08,9.151165887182213e-07,6,8,1.213399455334563e-18,False,False,"Fixed physical Maxwell core, <=k additions; a positive pair is not automatically a 1-swap trap."
2007,middle,8,<WORKSPACE>/Gaussian/A17/EXCHANGE_R1/results/object_2007_middle,b21bb4739b29eb7a9609a3988b53c0feb3fd02e4cc8439d65a6ab1dcdbb7ea25,7c708621363a1f54816c3f30f0a5b9490c9fcb305df7cf817f3398432fe3c9bc,"[32, 128]",-9.603847913715956e-07,1.4022135901648045e-08,-9.022433932514425e-07,4.4119262218505116e-08,6,8,1.213399455334563e-18,False,False,"Fixed physical Maxwell core, <=k additions; a positive pair is not automatically a 1-swap trap."
2007,middle,8,<WORKSPACE>/Gaussian/A17/EXCHANGE_R1/results/object_2007_middle,b21bb4739b29eb7a9609a3988b53c0feb3fd02e4cc8439d65a6ab1dcdbb7ea25,7c708621363a1f54816c3f30f0a5b9490c9fcb305df7cf817f3398432fe3c9bc,"[32, 144]",-9.603847913715956e-07,-1.531152073986189e-08,-9.634349757058341e-07,1.226133640562338e-08,6,8,1.213399455334563e-18,False,False,"Fixed physical Maxwell core, <=k additions; a positive pair is not automatically a 1-swap trap."
2007,middle,8,<WORKSPACE>/Gaussian/A17/EXCHANGE_R1/results/object_2007_middle,b21bb4739b29eb7a9609a3988b53c0feb3fd02e4cc8439d65a6ab1dcdbb7ea25,7c708621363a1f54816c3f30f0a5b9490c9fcb305df7cf817f3398432fe3c9bc,"[64, 96]",1.1644245408328328e-06,-4.49487017333455e-08,1.8977008394785302e-06,7.78225000379043e-07,6,8,1.213399455334563e-18,False,False,"Fixed physical Maxwell core, <=k additions; a positive pair is not automatically a 1-swap trap."
2007,middle,8,<WORKSPACE>/Gaussian/A17/EXCHANGE_R1/results/object_2007_middle,b21bb4739b29eb7a9609a3988b53c0feb3fd02e4cc8439d65a6ab1dcdbb7ea25,7c708621363a1f54816c3f30f0a5b9490c9fcb305df7cf817f3398432fe3c9bc,"[64, 128]",1.1644245408328328e-06,1.4022135901648045e-08,1.1009196975811913e-06,-7.752697915328946e-08,6,8,1.213399455334563e-18,False,False,"Fixed physical Maxwell core, <=k additions; a positive pair is not automatically a 1-swap trap."
2007,middle,8,<WORKSPACE>/Gaussian/A17/EXCHANGE_R1/results/object_2007_middle,b21bb4739b29eb7a9609a3988b53c0feb3fd02e4cc8439d65a6ab1dcdbb7ea25,7c708621363a1f54816c3f30f0a5b9490c9fcb305df7cf817f3398432fe3c9bc,"[64, 144]",1.1644245408328328e-06,-1.531152073986189e-08,1.1215256192186794e-06,-2.758740087429147e-08,6,8,1.213399455334563e-18,False,False,"Fixed physical Maxwell core, <=k additions; a positive pair is not automatically a 1-swap trap."
2007,middle,8,<WORKSPACE>/Gaussian/A17/EXCHANGE_R1/results/object_2007_middle,b21bb4739b29eb7a9609a3988b53c0feb3fd02e4cc8439d65a6ab1dcdbb7ea25,7c708621363a1f54816c3f30f0a5b9490c9fcb305df7cf817f3398432fe3c9bc,"[96, 128]",-4.49487017333455e-08,1.4022135901648045e-08,-7.992000094990191e-08,-4.8993435118204464e-08,6,8,1.213399455334563e-18,False,False,"Fixed physical Maxwell core, <=k additions; a positive pair is not automatically a 1-swap trap."
2007,middle,8,<WORKSPACE>/Gaussian/A17/EXCHANGE_R1/results/object_2007_middle,b21bb4739b29eb7a9609a3988b53c0feb3fd02e4cc8439d65a6ab1dcdbb7ea25,7c708621363a1f54816c3f30f0a5b9490c9fcb305df7cf817f3398432fe3c9bc,"[96, 144]",-4.49487017333455e-08,-1.531152073986189e-08,-6.587881809827023e-08,-5.61859562506284e-09,6,8,1.213399455334563e-18,False,False,"Fixed physical Maxwell core, <=k additions; a positive pair is not automatically a 1-swap trap."
2007,middle,8,<WORKSPACE>/Gaussian/A17/EXCHANGE_R1/results/object_2007_middle,b21bb4739b29eb7a9609a3988b53c0feb3fd02e4cc8439d65a6ab1dcdbb7ea25,7c708621363a1f54816c3f30f0a5b9490c9fcb305df7cf817f3398432fe3c9bc,"[128, 144]",1.4022135901648045e-08,-1.531152073986189e-08,2.091456069885666e-10,1.4985304452024111e-09,6,8,1.213399455334563e-18,False,False,"Fixed physical Maxwell core, <=k additions; a positive pair is not automatically a 1-swap trap."
2007,middle,16,<WORKSPACE>/Gaussian/A17/EXCHANGE_R1/results/object_2007_middle,b21bb4739b29eb7a9609a3988b53c0feb3fd02e4cc8439d65a6ab1dcdbb7ea25,7c708621363a1f54816c3f30f0a5b9490c9fcb305df7cf817f3398432fe3c9bc,"[16, 32]",8.708341154446465e-08,1.9994344853968682e-07,3.220149218118535e-07,3.498806172770205e-08,14,16,1.213399455334563e-18,False,False,"Fixed physical Maxwell core, <=k additions; a positive pair is not automatically a 1-swap trap."
2007,middle,16,<WORKSPACE>/Gaussian/A17/EXCHANGE_R1/results/object_2007_middle,b21bb4739b29eb7a9609a3988b53c0feb3fd02e4cc8439d65a6ab1dcdbb7ea25,7c708621363a1f54816c3f30f0a5b9490c9fcb305df7cf817f3398432fe3c9bc,"[16, 64]",8.708341154446465e-08,-5.267248820183527e-07,-4.940921581333712e-07,-5.445068765948314e-08,14,16,1.213399455334563e-18,False,False,"Fixed physical Maxwell core, <=k additions; a positive pair is not automatically a 1-swap trap."
2007,middle,16,<WORKSPACE>/Gaussian/A17/EXCHANGE_R1/results/object_2007_middle,b21bb4739b29eb7a9609a3988b53c0feb3fd02e4cc8439d65a6ab1dcdbb7ea25,7c708621363a1f54816c3f30f0a5b9490c9fcb305df7cf817f3398432fe3c9bc,"[16, 96]",8.708341154446465e-08,1.6639194798466462e-06,1.730047318088893e-06,-2.0955573302217735e-08,14,16,1.213399455334563e-18,False,False,"Fixed physical Maxwell core, <=k additions; a positive pair is not automatically a 1-swap trap."
2007,middle,16,<WORKSPACE>/Gaussian/A17/EXCHANGE_R1/results/object_2007_middle,b21bb4739b29eb7a9609a3988b53c0feb3fd02e4cc8439d65a6ab1dcdbb7ea25,7c708621363a1f54816c3f30f0a5b9490c9fcb305df7cf817f3398432fe3c9bc,"[16, 128]",8.708341154446465e-08,3.799514734594027e-08,1.1649567921019334e-07,-8.582879680211571e-09,14,16,1.213399455334563e-18,False,False,"Fixed physical Maxwell core, <=k additions; a positive pair is not automatically a 1-swap trap."
2007,middle,16,<WORKSPACE>/Gaussian/A17/EXCHANGE_R1/results/object_2007_middle,b21bb4739b29eb7a9609a3988b53c0feb3fd02e4cc8439d65a6ab1dcdbb7ea25,7c708621363a1f54816c3f30f0a5b9490c9fcb305df7cf817f3398432fe3c9bc,"[16, 144]",8.708341154446465e-08,-1.4755362568034597e-09,8.59465537032064e-08,3.386784155452096e-10,14,16,1.213399455334563e-18,False,False,"Fixed physical Maxwell core, <=k additions; a positive pair is not automatically a 1-swap trap."
2007,middle,16,<WORKSPACE>/Gaussian/A17/EXCHANGE_R1/results/object_2007_middle,b21bb4739b29eb7a9609a3988b53c0feb3fd02e4cc8439d65a6ab1dcdbb7ea25,7c708621363a1f54816c3f30f0a5b9490c9fcb305df7cf817f3398432fe3c9bc,"[32, 64]",1.9994344853968682e-07,-5.267248820183527e-07,-2.459025741113267e-07,8.087885936733914e-08,14,16,1.213399455334563e-18,False,False,"Fixed physical Maxwell core, <=k additions; a positive pair is not automatically a 1-swap trap."
2007,middle,16,<WORKSPACE>/Gaussian/A17/EXCHANGE_R1/results/object_2007_middle,b21bb4739b29eb7a9609a3988b53c0feb3fd02e4cc8439d65a6ab1dcdbb7ea25,7c708621363a1f54816c3f30f0a5b9490c9fcb305df7cf817f3398432fe3c9bc,"[32, 96]",1.9994344853968682e-07,1.6639194798466462e-06,1.49892029703856e-06,-3.6494263134777315e-07,14,16,1.213399455334563e-18,False,False,"Fixed physical Maxwell core, <=k additions; a positive pair is not automatically a 1-swap trap."
2007,middle,16,<WORKSPACE>/Gaussian/A17/EXCHANGE_R1/results/object_2007_middle,b21bb4739b29eb7a9609a3988b53c0feb3fd02e4cc8439d65a6ab1dcdbb7ea25,7c708621363a1f54816c3f30f0a5b9490c9fcb305df7cf817f3398432fe3c9bc,"[32, 128]",1.9994344853968682e-07,3.799514734594027e-08,2.413276411112905e-07,3.38904522566343e-09,14,16,1.213399455334563e-18,False,False,"Fixed physical Maxwell core, <=k additions; a positive pair is not automatically a 1-swap trap."
2007,middle,16,<WORKSPACE>/Gaussian/A17/EXCHANGE_R1/results/object_2007_middle,b21bb4739b29eb7a9609a3988b53c0feb3fd02e4cc8439d65a6ab1dcdbb7ea25,7c708621363a1f54816c3f30f0a5b9490c9fcb305df7cf817f3398432fe3c9bc,"[32, 144]",1.9994344853968682e-07,-1.4755362568034597e-09,1.9747824897709667e-07,-9.896633057866883e-10,14,16,1.213399455334563e-18,False,False,"Fixed physical Maxwell core, <=k additions; a positive pair is not automatically a 1-swap trap."
2007,middle,16,<WORKSPACE>/Gaussian/A17/EXCHANGE_R1/results/object_2007_middle,b21bb4739b29eb7a9609a3988b53c0feb3fd02e4cc8439d65a6ab1dcdbb7ea25,7c708621363a1f54816c3f30f0a5b9490c9fcb305df7cf817f3398432fe3c9bc,"[64, 96]",-5.267248820183527e-07,1.6639194798466462e-06,9.793009237173534e-07,-1.5789367411094007e-07,14,16,1.213399455334563e-18,False,False,"Fixed physical Maxwell core, <=k additions; a positive pair is not automatically a 1-swap trap."
2007,middle,16,<WORKSPACE>/Gaussian/A17/EXCHANGE_R1/results/object_2007_middle,b21bb4739b29eb7a9609a3988b53c0feb3fd02e4cc8439d65a6ab1dcdbb7ea25,7c708621363a1f54816c3f30f0a5b9490c9fcb305df7cf817f3398432fe3c9bc,"[64, 128]",-5.267248820183527e-07,3.799514734594027e-08,-4.95977517324755e-07,-7.247782652342626e-09,14,16,1.213399455334563e-18,False,False,"Fixed physical Maxwell core, <=k additions; a positive pair is not automatically a 1-swap trap."
2007,middle,16,<WORKSPACE>/Gaussian/A17/EXCHANGE_R1/results/object_2007_middle,b21bb4739b29eb7a9609a3988b53c0feb3fd02e4cc8439d65a6ab1dcdbb7ea25,7c708621363a1f54816c3f30f0a5b9490c9fcb305df7cf817f3398432fe3c9bc,"[64, 144]",-5.267248820183527e-07,-1.4755362568034597e-09,-5.299172593911133e-07,-1.7168411159571164e-09,14,16,1.213399455334563e-18,False,False,"Fixed physical Maxwell core, <=k additions; a positive pair is not automatically a 1-swap trap."
2007,middle,16,<WORKSPACE>/Gaussian/A17/EXCHANGE_R1/results/object_2007_middle,b21bb4739b29eb7a9609a3988b53c0feb3fd02e4cc8439d65a6ab1dcdbb7ea25,7c708621363a1f54816c3f30f0a5b9490c9fcb305df7cf817f3398432fe3c9bc,"[96, 128]",1.6639194798466462e-06,3.799514734594027e-08,1.6648971088138464e-06,-3.701751837874e-08,14,16,1.213399455334563e-18,False,False,"Fixed physical Maxwell core, <=k additions; a positive pair is not automatically a 1-swap trap."
2007,middle,16,<WORKSPACE>/Gaussian/A17/EXCHANGE_R1/results/object_2007_middle,b21bb4739b29eb7a9609a3988b53c0feb3fd02e4cc8439d65a6ab1dcdbb7ea25,7c708621363a1f54816c3f30f0a5b9490c9fcb305df7cf817f3398432fe3c9bc,"[96, 144]",1.6639194798466462e-06,-1.4755362568034597e-09,1.659275727310039e-06,-3.168216279803796e-09,14,16,1.213399455334563e-18,False,False,"Fixed physical Maxwell core, <=k additions; a positive pair is not automatically a 1-swap trap."
2007,middle,16,<WORKSPACE>/Gaussian/A17/EXCHANGE_R1/results/object_2007_middle,b21bb4739b29eb7a9609a3988b53c0feb3fd02e4cc8439d65a6ab1dcdbb7ea25,7c708621363a1f54816c3f30f0a5b9490c9fcb305df7cf817f3398432fe3c9bc,"[128, 144]",3.799514734594027e-08,-1.4755362568034597e-09,3.6331613256935146e-08,-1.8799783220166179e-10,14,16,1.213399455334563e-18,False,False,"Fixed physical Maxwell core, <=k additions; a positive pair is not automatically a 1-swap trap."
2012,early,4,<WORKSPACE>/Gaussian/A17/EXCHANGE_R1/results/object_2012_early,25387349f2beb0f96d242ca9b954a62e6bfcc22e30747f954ca70f472e65a2bd,1b8d28c9a325e4528b333f93c4eb260b516b3016d9e8c823bf68a33812c2279c,"[4, 32]",0.0055951034969965435,-0.0046775953091678125,0.0029450300923365615,0.0020275219045078306,2,4,3.8122333276399174e-14,False,False,"Fixed physical Maxwell core, <=k additions; a positive pair is not automatically a 1-swap trap."
2012,early,4,<WORKSPACE>/Gaussian/A17/EXCHANGE_R1/results/object_2012_early,25387349f2beb0f96d242ca9b954a62e6bfcc22e30747f954ca70f472e65a2bd,1b8d28c9a325e4528b333f93c4eb260b516b3016d9e8c823bf68a33812c2279c,"[4, 64]",0.0055951034969965435,-0.2338495995400666,-0.05286750340675983,0.17538699263631022,2,4,3.8122333276399174e-14,False,False,"Fixed physical Maxwell core, <=k additions; a positive pair is not automatically a 1-swap trap."
2012,early,4,<WORKSPACE>/Gaussian/A17/EXCHANGE_R1/results/object_2012_early,25387349f2beb0f96d242ca9b954a62e6bfcc22e30747f954ca70f472e65a2bd,1b8d28c9a325e4528b333f93c4eb260b516b3016d9e8c823bf68a33812c2279c,"[4, 96]",0.0055951034969965435,-0.028605493181046583,-0.010946551716115199,0.01206383796793484,2,4,3.8122333276399174e-14,False,False,"Fixed physical Maxwell core, <=k additions; a positive pair is not automatically a 1-swap trap."
2012,early,4,<WORKSPACE>/Gaussian/A17/EXCHANGE_R1/results/object_2012_early,25387349f2beb0f96d242ca9b954a62e6bfcc22e30747f954ca70f472e65a2bd,1b8d28c9a325e4528b333f93c4eb260b516b3016d9e8c823bf68a33812c2279c,"[4, 128]",0.0055951034969965435,-3.8825909330965667e-07,0.0055970555129976,2.3402750943664162e-06,2,4,3.8122333276399174e-14,False,False,"Fixed physical Maxwell core, <=k additions; a positive pair is not automatically a 1-swap trap."
2012,early,4,<WORKSPACE>/Gaussian/A17/EXCHANGE_R1/results/object_2012_early,25387349f2beb0f96d242ca9b954a62e6bfcc22e30747f954ca70f472e65a2bd,1b8d28c9a325e4528b333f93c4eb260b516b3016d9e8c823bf68a33812c2279c,"[4, 144]",0.0055951034969965435,0.0003026881890451311,0.005504275485976521,-0.00039351620006515396,2,4,3.8122333276399174e-14,False,False,"Fixed physical Maxwell core, <=k additions; a positive pair is not automatically a 1-swap trap."
2012,early,4,<WORKSPACE>/Gaussian/A17/EXCHANGE_R1/results/object_2012_early,25387349f2beb0f96d242ca9b954a62e6bfcc22e30747f954ca70f472e65a2bd,1b8d28c9a325e4528b333f93c4eb260b516b3016d9e8c823bf68a33812c2279c,"[32, 64]",-0.0046775953091678125,-0.2338495995400666,-0.007895972423824409,0.23063122242541,2,4,3.8122333276399174e-14,False,False,"Fixed physical Maxwell core, <=k additions; a positive pair is not automatically a 1-swap trap."
2012,early,4,<WORKSPACE>/Gaussian/A17/EXCHANGE_R1/results/object_2012_early,25387349f2beb0f96d242ca9b954a62e6bfcc22e30747f954ca70f472e65a2bd,1b8d28c9a325e4528b333f93c4eb260b516b3016d9e8c823bf68a33812c2279c,"[32, 96]",-0.0046775953091678125,-0.028605493181046583,-0.001596517945035225,0.03168657054517917,2,4,3.8122333276399174e-14,False,False,"Fixed physical Maxwell core, <=k additions; a positive pair is not automatically a 1-swap trap."
2012,early,4,<WORKSPACE>/Gaussian/A17/EXCHANGE_R1/results/object_2012_early,25387349f2beb0f96d242ca9b954a62e6bfcc22e30747f954ca70f472e65a2bd,1b8d28c9a325e4528b333f93c4eb260b516b3016d9e8c823bf68a33812c2279c,"[32, 128]",-0.0046775953091678125,-3.8825909330965667e-07,-0.0046691135503178095,8.870017943312744e-06,2,4,3.8122333276399174e-14,False,False,"Fixed physical Maxwell core, <=k additions; a positive pair is not automatically a 1-swap trap."
2012,early,4,<WORKSPACE>/Gaussian/A17/EXCHANGE_R1/results/object_2012_early,25387349f2beb0f96d242ca9b954a62e6bfcc22e30747f954ca70f472e65a2bd,1b8d28c9a325e4528b333f93c4eb260b516b3016d9e8c823bf68a33812c2279c,"[32, 144]",-0.0046775953091678125,0.0003026881890451311,-0.004675953508135038,-0.00030104638801235615,2,4,3.8122333276399174e-14,False,False,"Fixed physical Maxwell core, <=k additions; a positive pair is not automatically a 1-swap trap."
2012,early,4,<WORKSPACE>/Gaussian/A17/EXCHANGE_R1/results/object_2012_early,25387349f2beb0f96d242ca9b954a62e6bfcc22e30747f954ca70f472e65a2bd,1b8d28c9a325e4528b333f93c4eb260b516b3016d9e8c823bf68a33812c2279c,"[64, 96]",-0.2338495995400666,-0.028605493181046583,-0.05238205089838701,0.21007304182272615,2,4,3.8122333276399174e-14,False,False,"Fixed physical Maxwell core, <=k additions; a positive pair is not automatically a 1-swap trap."
2012,early,4,<WORKSPACE>/Gaussian/A17/EXCHANGE_R1/results/object_2012_early,25387349f2beb0f96d242ca9b954a62e6bfcc22e30747f954ca70f472e65a2bd,1b8d28c9a325e4528b333f93c4eb260b516b3016d9e8c823bf68a33812c2279c,"[64, 128]",-0.2338495995400666,-3.8825909330965667e-07,-0.23387354558985812,-2.3557790698219266e-05,2,4,3.8122333276399174e-14,False,False,"Fixed physical Maxwell core, <=k additions; a positive pair is not automatically a 1-swap trap."
2012,early,4,<WORKSPACE>/Gaussian/A17/EXCHANGE_R1/results/object_2012_early,25387349f2beb0f96d242ca9b954a62e6bfcc22e30747f954ca70f472e65a2bd,1b8d28c9a325e4528b333f93c4eb260b516b3016d9e8c823bf68a33812c2279c,"[64, 144]",-0.2338495995400666,0.0003026881890451311,-0.23027964373509952,0.0032672676159219475,2,4,3.8122333276399174e-14,False,False,"Fixed physical Maxwell core, <=k additions; a positive pair is not automatically a 1-swap trap."
2012,early,4,<WORKSPACE>/Gaussian/A17/EXCHANGE_R1/results/object_2012_early,25387349f2beb0f96d242ca9b954a62e6bfcc22e30747f954ca70f472e65a2bd,1b8d28c9a325e4528b333f93c4eb260b516b3016d9e8c823bf68a33812c2279c,"[96, 128]",-0.028605493181046583,-3.8825909330965667e-07,-0.028650853351601932,-4.49719114620392e-05,2,4,3.8122333276399174e-14,False,False,"Fixed physical Maxwell core, <=k additions; a positive pair is not automatically a 1-swap trap."
2012,early,4,<WORKSPACE>/Gaussian/A17/EXCHANGE_R1/results/object_2012_early,25387349f2beb0f96d242ca9b954a62e6bfcc22e30747f954ca70f472e65a2bd,1b8d28c9a325e4528b333f93c4eb260b516b3016d9e8c823bf68a33812c2279c,"[96, 144]",-0.028605493181046583,0.0003026881890451311,-0.028154377681547722,0.00014842731045372975,2,4,3.8122333276399174e-14,False,False,"Fixed physical Maxwell core, <=k additions; a positive pair is not automatically a 1-swap trap."
2012,early,4,<WORKSPACE>/Gaussian/A17/EXCHANGE_R1/results/object_2012_early,25387349f2beb0f96d242ca9b954a62e6bfcc22e30747f954ca70f472e65a2bd,1b8d28c9a325e4528b333f93c4eb260b516b3016d9e8c823bf68a33812c2279c,"[128, 144]",-3.8825909330965667e-07,0.0003026881890451311,0.00032584409401063266,2.3544164058811204e-05,2,4,3.8122333276399174e-14,False,False,"Fixed physical Maxwell core, <=k additions; a positive pair is not automatically a 1-swap trap."
2012,early,8,<WORKSPACE>/Gaussian/A17/EXCHANGE_R1/results/object_2012_early,25387349f2beb0f96d242ca9b954a62e6bfcc22e30747f954ca70f472e65a2bd,1b8d28c9a325e4528b333f93c4eb260b516b3016d9e8c823bf68a33812c2279c,"[8, 32]",1.506210534974969e-06,-2.5106570160333392e-05,-2.2114157516044288e-05,1.4862021093141368e-06,6,8,3.8122333276399174e-14,False,False,"Fixed physical Maxwell core, <=k additions; a positive pair is not automatically a 1-swap trap."
2012,early,8,<WORKSPACE>/Gaussian/A17/EXCHANGE_R1/results/object_2012_early,25387349f2beb0f96d242ca9b954a62e6bfcc22e30747f954ca70f472e65a2bd,1b8d28c9a325e4528b333f93c4eb260b516b3016d9e8c823bf68a33812c2279c,"[8, 64]",1.506210534974969e-06,-2.5738083450610297e-05,-2.322453563613248e-05,1.0073372795028486e-06,6,8,3.8122333276399174e-14,False,False,"Fixed physical Maxwell core, <=k additions; a positive pair is not automatically a 1-swap trap."
2012,early,8,<WORKSPACE>/Gaussian/A17/EXCHANGE_R1/results/object_2012_early,25387349f2beb0f96d242ca9b954a62e6bfcc22e30747f954ca70f472e65a2bd,1b8d28c9a325e4528b333f93c4eb260b516b3016d9e8c823bf68a33812c2279c,"[8, 96]",1.506210534974969e-06,-0.0022101676215256568,-0.0022153151394798338,-6.653728489151942e-06,6,8,3.8122333276399174e-14,False,False,"Fixed physical Maxwell core, <=k additions; a positive pair is not automatically a 1-swap trap."
2012,early,8,<WORKSPACE>/Gaussian/A17/EXCHANGE_R1/results/object_2012_early,25387349f2beb0f96d242ca9b954a62e6bfcc22e30747f954ca70f472e65a2bd,1b8d28c9a325e4528b333f93c4eb260b516b3016d9e8c823bf68a33812c2279c,"[8, 128]",1.506210534974969e-06,-3.256568910261938e-08,1.3421384885358937e-06,-1.315063573364559e-07,6,8,3.8122333276399174e-14,False,False,"Fixed physical Maxwell core, <=k additions; a positive pair is not automatically a 1-swap trap."
2012,early,8,<WORKSPACE>/Gaussian/A17/EXCHANGE_R1/results/object_2012_early,25387349f2beb0f96d242ca9b954a62e6bfcc22e30747f954ca70f472e65a2bd,1b8d28c9a325e4528b333f93c4eb260b516b3016d9e8c823bf68a33812c2279c,"[8, 144]",1.506210534974969e-06,2.542804401883823e-07,1.311811136880326e-06,-4.486798382830252e-07,6,8,3.8122333276399174e-14,False,False,"Fixed physical Maxwell core, <=k additions; a positive pair is not automatically a 1-swap trap."
2012,early,8,<WORKSPACE>/Gaussian/A17/EXCHANGE_R1/results/object_2012_early,25387349f2beb0f96d242ca9b954a62e6bfcc22e30747f954ca70f472e65a2bd,1b8d28c9a325e4528b333f93c4eb260b516b3016d9e8c823bf68a33812c2279c,"[32, 64]",-2.5106570160333392e-05,-2.5738083450610297e-05,-6.607489929468897e-05,-1.5230245683745288e-05,6,8,3.8122333276399174e-14,False,False,"Fixed physical Maxwell core, <=k additions; a positive pair is not automatically a 1-swap trap."
2012,early,8,<WORKSPACE>/Gaussian/A17/EXCHANGE_R1/results/object_2012_early,25387349f2beb0f96d242ca9b954a62e6bfcc22e30747f954ca70f472e65a2bd,1b8d28c9a325e4528b333f93c4eb260b516b3016d9e8c823bf68a33812c2279c,"[32, 96]",-2.5106570160333392e-05,-0.0022101676215256568,-0.0018478135201737272,0.00038746067151226296,6,8,3.8122333276399174e-14,False,False,"Fixed physical Maxwell core, <=k additions; a positive pair is not automatically a 1-swap trap."
2012,early,8,<WORKSPACE>/Gaussian/A17/EXCHANGE_R1/results/object_2012_early,25387349f2beb0f96d242ca9b954a62e6bfcc22e30747f954ca70f472e65a2bd,1b8d28c9a325e4528b333f93c4eb260b516b3016d9e8c823bf68a33812c2279c,"[32, 128]",-2.5106570160333392e-05,-3.256568910261938e-08,-2.5223377334403695e-05,-8.424148496768379e-08,6,8,3.8122333276399174e-14,False,False,"Fixed physical Maxwell core, <=k additions; a positive pair is not automatically a 1-swap trap."
2012,early,8,<WORKSPACE>/Gaussian/A17/EXCHANGE_R1/results/object_2012_early,25387349f2beb0f96d242ca9b954a62e6bfcc22e30747f954ca70f472e65a2bd,1b8d28c9a325e4528b333f93c4eb260b516b3016d9e8c823bf68a33812c2279c,"[32, 144]",-2.5106570160333392e-05,2.542804401883823e-07,-2.469108827252555e-05,1.6120144761945817e-07,6,8,3.8122333276399174e-14,False,False,"Fixed physical Maxwell core, <=k additions; a positive pair is not automatically a 1-swap trap."
2012,early,8,<WORKSPACE>/Gaussian/A17/EXCHANGE_R1/results/object_2012_early,25387349f2beb0f96d242ca9b954a62e6bfcc22e30747f954ca70f472e65a2bd,1b8d28c9a325e4528b333f93c4eb260b516b3016d9e8c823bf68a33812c2279c,"[64, 96]",-2.5738083450610297e-05,-0.0022101676215256568,-0.0018237121394689406,0.00041219356550732645,6,8,3.8122333276399174e-14,False,False,"Fixed physical Maxwell core, <=k additions; a positive pair is not automatically a 1-swap trap."
2012,early,8,<WORKSPACE>/Gaussian/A17/EXCHANGE_R1/results/object_2012_early,25387349f2beb0f96d242ca9b954a62e6bfcc22e30747f954ca70f472e65a2bd,1b8d28c9a325e4528b333f93c4eb260b516b3016d9e8c823bf68a33812c2279c,"[64, 128]",-2.5738083450610297e-05,-3.256568910261938e-08,-2.6127071062090696e-05,-3.564219223777805e-07,6,8,3.8122333276399174e-14,False,False,"Fixed physical Maxwell core, <=k additions; a positive pair is not automatically a 1-swap trap."
2012,early,8,<WORKSPACE>/Gaussian/A17/EXCHANGE_R1/results/object_2012_early,25387349f2beb0f96d242ca9b954a62e6bfcc22e30747f954ca70f472e65a2bd,1b8d28c9a325e4528b333f93c4eb260b516b3016d9e8c823bf68a33812c2279c,"[64, 144]",-2.5738083450610297e-05,2.542804401883823e-07,-2.501500542996815e-05,4.6879758045376293e-07,6,8,3.8122333276399174e-14,False,False,"Fixed physical Maxwell core, <=k additions; a positive pair is not automatically a 1-swap trap."
2012,early,8,<WORKSPACE>/Gaussian/A17/EXCHANGE_R1/results/object_2012_early,25387349f2beb0f96d242ca9b954a62e6bfcc22e30747f954ca70f472e65a2bd,1b8d28c9a325e4528b333f93c4eb260b516b3016d9e8c823bf68a33812c2279c,"[96, 128]",-0.0022101676215256568,-3.256568910261938e-08,-0.0022102719637620578,-7.17765472983943e-08,6,8,3.8122333276399174e-14,False,False,"Fixed physical Maxwell core, <=k additions; a positive pair is not automatically a 1-swap trap."
2012,early,8,<WORKSPACE>/Gaussian/A17/EXCHANGE_R1/results/object_2012_early,25387349f2beb0f96d242ca9b954a62e6bfcc22e30747f954ca70f472e65a2bd,1b8d28c9a325e4528b333f93c4eb260b516b3016d9e8c823bf68a33812c2279c,"[96, 144]",-0.0022101676215256568,2.542804401883823e-07,-0.002209392583945168,5.207571403004198e-07,6,8,3.8122333276399174e-14,False,False,"Fixed physical Maxwell core, <=k additions; a positive pair is not automatically a 1-swap trap."
2012,early,8,<WORKSPACE>/Gaussian/A17/EXCHANGE_R1/results/object_2012_early,25387349f2beb0f96d242ca9b954a62e6bfcc22e30747f954ca70f472e65a2bd,1b8d28c9a325e4528b333f93c4eb260b516b3016d9e8c823bf68a33812c2279c,"[128, 144]",-3.256568910261938e-08,2.542804401883823e-07,2.6849475148767506e-07,4.6780000401912156e-08,6,8,3.8122333276399174e-14,False,False,"Fixed physical Maxwell core, <=k additions; a positive pair is not automatically a 1-swap trap."
2012,early,16,<WORKSPACE>/Gaussian/A17/EXCHANGE_R1/results/object_2012_early,25387349f2beb0f96d242ca9b954a62e6bfcc22e30747f954ca70f472e65a2bd,1b8d28c9a325e4528b333f93c4eb260b516b3016d9e8c823bf68a33812c2279c,"[16, 32]",6.767971252793309e-07,4.332881020869724e-06,5.365073374181586e-06,3.553952280325312e-07,14,16,3.8122333276399174e-14,False,False,"Fixed physical Maxwell core, <=k additions; a positive pair is not automatically a 1-swap trap."
2012,early,16,<WORKSPACE>/Gaussian/A17/EXCHANGE_R1/results/object_2012_early,25387349f2beb0f96d242ca9b954a62e6bfcc22e30747f954ca70f472e65a2bd,1b8d28c9a325e4528b333f93c4eb260b516b3016d9e8c823bf68a33812c2279c,"[16, 64]",6.767971252793309e-07,3.9981284476840165e-05,4.1119581305662105e-05,4.6149970354261103e-07,14,16,3.8122333276399174e-14,False,False,"Fixed physical Maxwell core, <=k additions; a positive pair is not automatically a 1-swap trap."
2012,early,16,<WORKSPACE>/Gaussian/A17/EXCHANGE_R1/results/object_2012_early,25387349f2beb0f96d242ca9b954a62e6bfcc22e30747f954ca70f472e65a2bd,1b8d28c9a325e4528b333f93c4eb260b516b3016d9e8c823bf68a33812c2279c,"[16, 96]",6.767971252793309e-07,-0.00015416605554488262,-0.00012034846431668224,3.3140794102921045e-05,14,16,3.8122333276399174e-14,False,False,"Fixed physical Maxwell core, <=k additions; a positive pair is not automatically a 1-swap trap."
2012,early,16,<WORKSPACE>/Gaussian/A17/EXCHANGE_R1/results/object_2012_early,25387349f2beb0f96d242ca9b954a62e6bfcc22e30747f954ca70f472e65a2bd,1b8d28c9a325e4528b333f93c4eb260b516b3016d9e8c823bf68a33812c2279c,"[16, 128]",6.767971252793309e-07,4.388001770436942e-07,1.1270911979603434e-06,1.1493895637318336e-08,14,16,3.8122333276399174e-14,False,False,"Fixed physical Maxwell core, <=k additions; a positive pair is not automatically a 1-swap trap."
2012,early,16,<WORKSPACE>/Gaussian/A17/EXCHANGE_R1/results/object_2012_early,25387349f2beb0f96d242ca9b954a62e6bfcc22e30747f954ca70f472e65a2bd,1b8d28c9a325e4528b333f93c4eb260b516b3016d9e8c823bf68a33812c2279c,"[16, 144]",6.767971252793309e-07,-5.60698138447401e-08,6.19980035917023e-07,-7.472755175678473e-10,14,16,3.8122333276399174e-14,False,False,"Fixed physical Maxwell core, <=k additions; a positive pair is not automatically a 1-swap trap."
2012,early,16,<WORKSPACE>/Gaussian/A17/EXCHANGE_R1/results/object_2012_early,25387349f2beb0f96d242ca9b954a62e6bfcc22e30747f954ca70f472e65a2bd,1b8d28c9a325e4528b333f93c4eb260b516b3016d9e8c823bf68a33812c2279c,"[32, 64]",4.332881020869724e-06,3.9981284476840165e-05,3.097673327814615e-05,-1.3337432219563736e-05,14,16,3.8122333276399174e-14,False,False,"Fixed physical Maxwell core, <=k additions; a positive pair is not automatically a 1-swap trap."
2012,early,16,<WORKSPACE>/Gaussian/A17/EXCHANGE_R1/results/object_2012_early,25387349f2beb0f96d242ca9b954a62e6bfcc22e30747f954ca70f472e65a2bd,1b8d28c9a325e4528b333f93c4eb260b516b3016d9e8c823bf68a33812c2279c,"[32, 96]",4.332881020869724e-06,-0.00015416605554488262,-0.00012849804155441621,2.133513296959669e-05,14,16,3.8122333276399174e-14,False,False,"Fixed physical Maxwell core, <=k additions; a positive pair is not automatically a 1-swap trap."
2012,early,16,<WORKSPACE>/Gaussian/A17/EXCHANGE_R1/results/object_2012_early,25387349f2beb0f96d242ca9b954a62e6bfcc22e30747f954ca70f472e65a2bd,1b8d28c9a325e4528b333f93c4eb260b516b3016d9e8c823bf68a33812c2279c,"[32, 128]",4.332881020869724e-06,4.388001770436942e-07,4.87794524451683e-06,1.0626404660341231e-07,14,16,3.8122333276399174e-14,False,False,"Fixed physical Maxwell core, <=k additions; a positive pair is not automatically a 1-swap trap."
2012,early,16,<WORKSPACE>/Gaussian/A17/EXCHANGE_R1/results/object_2012_early,25387349f2beb0f96d242ca9b954a62e6bfcc22e30747f954ca70f472e65a2bd,1b8d28c9a325e4528b333f93c4eb260b516b3016d9e8c823bf68a33812c2279c,"[32, 144]",4.332881020869724e-06,-5.60698138447401e-08,4.31205216725161e-06,3.524096022662603e-08,14,16,3.8122333276399174e-14,False,False,"Fixed physical Maxwell core, <=k additions; a positive pair is not automatically a 1-swap trap."
2012,early,16,<WORKSPACE>/Gaussian/A17/EXCHANGE_R1/results/object_2012_early,25387349f2beb0f96d242ca9b954a62e6bfcc22e30747f954ca70f472e65a2bd,1b8d28c9a325e4528b333f93c4eb260b516b3016d9e8c823bf68a33812c2279c,"[64, 96]",3.9981284476840165e-05,-0.00015416605554488262,-0.0001371665815480763,-2.298181048003385e-05,14,16,3.8122333276399174e-14,False,False,"Fixed physical Maxwell core, <=k additions; a positive pair is not automatically a 1-swap trap."
2012,early,16,<WORKSPACE>/Gaussian/A17/EXCHANGE_R1/results/object_2012_early,25387349f2beb0f96d242ca9b954a62e6bfcc22e30747f954ca70f472e65a2bd,1b8d28c9a325e4528b333f93c4eb260b516b3016d9e8c823bf68a33812c2279c,"[64, 128]",3.9981284476840165e-05,4.388001770436942e-07,4.042025665855797e-05,1.720046741096336e-10,14,16,3.8122333276399174e-14,False,False,"Fixed physical Maxwell core, <=k additions; a positive pair is not automatically a 1-swap trap."
2012,early,16,<WORKSPACE>/Gaussian/A17/EXCHANGE_R1/results/object_2012_early,25387349f2beb0f96d242ca9b954a62e6bfcc22e30747f954ca70f472e65a2bd,1b8d28c9a325e4528b333f93c4eb260b516b3016d9e8c823bf68a33812c2279c,"[64, 144]",3.9981284476840165e-05,-5.60698138447401e-08,3.9944610720165854e-05,1.9396057170429778e-08,14,16,3.8122333276399174e-14,False,False,"Fixed physical Maxwell core, <=k additions; a positive pair is not automatically a 1-swap trap."
2012,early,16,<WORKSPACE>/Gaussian/A17/EXCHANGE_R1/results/object_2012_early,25387349f2beb0f96d242ca9b954a62e6bfcc22e30747f954ca70f472e65a2bd,1b8d28c9a325e4528b333f93c4eb260b516b3016d9e8c823bf68a33812c2279c,"[96, 128]",-0.00015416605554488262,4.388001770436942e-07,-0.00015281220941411756,9.15045953721367e-07,14,16,3.8122333276399174e-14,False,False,"Fixed physical Maxwell core, <=k additions; a positive pair is not automatically a 1-swap trap."
2012,early,16,<WORKSPACE>/Gaussian/A17/EXCHANGE_R1/results/object_2012_early,25387349f2beb0f96d242ca9b954a62e6bfcc22e30747f954ca70f472e65a2bd,1b8d28c9a325e4528b333f93c4eb260b516b3016d9e8c823bf68a33812c2279c,"[96, 144]",-0.00015416605554488262,-5.60698138447401e-08,-0.00015362749325691186,5.946321018154961e-07,14,16,3.8122333276399174e-14,False,False,"Fixed physical Maxwell core, <=k additions; a positive pair is not automatically a 1-swap trap."
2012,early,16,<WORKSPACE>/Gaussian/A17/EXCHANGE_R1/results/object_2012_early,25387349f2beb0f96d242ca9b954a62e6bfcc22e30747f954ca70f472e65a2bd,1b8d28c9a325e4528b333f93c4eb260b516b3016d9e8c823bf68a33812c2279c,"[128, 144]",4.388001770436942e-07,-5.60698138447401e-08,3.7997229518217846e-07,-2.7580680167756256e-09,14,16,3.8122333276399174e-14,False,False,"Fixed physical Maxwell core, <=k additions; a positive pair is not automatically a 1-swap trap."
2012,late,4,<WORKSPACE>/Gaussian/A17/EXCHANGE_R1/results/object_2012_late,8d23d77df9571531f26acc45ca51dc73068ce28f1180c843477c23bfd995499f,45c6c90baceeac68f1272dbe8de7256e3e0f9523cc12d68b0407332c6d5d0241,"[4, 32]",0.0005691312397698713,0.0005490758597003395,0.0007506830763897306,-0.00036752402308048017,2,4,1.092264853824229e-17,False,False,"Fixed physical Maxwell core, <=k additions; a positive pair is not automatically a 1-swap trap."
2012,late,4,<WORKSPACE>/Gaussian/A17/EXCHANGE_R1/results/object_2012_late,8d23d77df9571531f26acc45ca51dc73068ce28f1180c843477c23bfd995499f,45c6c90baceeac68f1272dbe8de7256e3e0f9523cc12d68b0407332c6d5d0241,"[4, 64]",0.0005691312397698713,-0.0005388342486689008,0.000555219402318265,0.0005249224112172944,2,4,1.092264853824229e-17,False,False,"Fixed physical Maxwell core, <=k additions; a positive pair is not automatically a 1-swap trap."
2012,late,4,<WORKSPACE>/Gaussian/A17/EXCHANGE_R1/results/object_2012_late,8d23d77df9571531f26acc45ca51dc73068ce28f1180c843477c23bfd995499f,45c6c90baceeac68f1272dbe8de7256e3e0f9523cc12d68b0407332c6d5d0241,"[4, 96]",0.0005691312397698713,0.000314184446843635,0.0006845551459100286,-0.00019876054070347773,2,4,1.092264853824229e-17,False,False,"Fixed physical Maxwell core, <=k additions; a positive pair is not automatically a 1-swap trap."
2012,late,4,<WORKSPACE>/Gaussian/A17/EXCHANGE_R1/results/object_2012_late,8d23d77df9571531f26acc45ca51dc73068ce28f1180c843477c23bfd995499f,45c6c90baceeac68f1272dbe8de7256e3e0f9523cc12d68b0407332c6d5d0241,"[4, 128]",0.0005691312397698713,4.971390279965928e-05,0.0005871572358786998,-3.1687906690830865e-05,2,4,1.092264853824229e-17,False,False,"Fixed physical Maxwell core, <=k additions; a positive pair is not automatically a 1-swap trap."
2012,late,4,<WORKSPACE>/Gaussian/A17/EXCHANGE_R1/results/object_2012_late,8d23d77df9571531f26acc45ca51dc73068ce28f1180c843477c23bfd995499f,45c6c90baceeac68f1272dbe8de7256e3e0f9523cc12d68b0407332c6d5d0241,"[4, 144]",0.0005691312397698713,5.0737855873965164e-05,0.0005678181856556784,-5.2050909988158074e-05,2,4,1.092264853824229e-17,False,False,"Fixed physical Maxwell core, <=k additions; a positive pair is not automatically a 1-swap trap."
2012,late,4,<WORKSPACE>/Gaussian/A17/EXCHANGE_R1/results/object_2012_late,8d23d77df9571531f26acc45ca51dc73068ce28f1180c843477c23bfd995499f,45c6c90baceeac68f1272dbe8de7256e3e0f9523cc12d68b0407332c6d5d0241,"[32, 64]",0.0005490758597003395,-0.0005388342486689008,,,2,4,1.092264853824229e-17,False,False,"Fixed physical Maxwell core, <=k additions; a positive pair is not automatically a 1-swap trap."
2012,late,4,<WORKSPACE>/Gaussian/A17/EXCHANGE_R1/results/object_2012_late,8d23d77df9571531f26acc45ca51dc73068ce28f1180c843477c23bfd995499f,45c6c90baceeac68f1272dbe8de7256e3e0f9523cc12d68b0407332c6d5d0241,"[32, 96]",0.0005490758597003395,0.000314184446843635,0.0006533630260693751,-0.0002098972804745994,2,4,1.092264853824229e-17,False,False,"Fixed physical Maxwell core, <=k additions; a positive pair is not automatically a 1-swap trap."
2012,late,4,<WORKSPACE>/Gaussian/A17/EXCHANGE_R1/results/object_2012_late,8d23d77df9571531f26acc45ca51dc73068ce28f1180c843477c23bfd995499f,45c6c90baceeac68f1272dbe8de7256e3e0f9523cc12d68b0407332c6d5d0241,"[32, 128]",0.0005490758597003395,4.971390279965928e-05,0.0005541642568512807,-4.462550564871803e-05,2,4,1.092264853824229e-17,False,False,"Fixed physical Maxwell core, <=k additions; a positive pair is not automatically a 1-swap trap."
2012,late,4,<WORKSPACE>/Gaussian/A17/EXCHANGE_R1/results/object_2012_late,8d23d77df9571531f26acc45ca51dc73068ce28f1180c843477c23bfd995499f,45c6c90baceeac68f1272dbe8de7256e3e0f9523cc12d68b0407332c6d5d0241,"[32, 144]",0.0005490758597003395,5.0737855873965164e-05,0.0005656346581926369,-3.417905738166775e-05,2,4,1.092264853824229e-17,False,False,"Fixed physical Maxwell core, <=k additions; a positive pair is not automatically a 1-swap trap."
2012,late,4,<WORKSPACE>/Gaussian/A17/EXCHANGE_R1/results/object_2012_late,8d23d77df9571531f26acc45ca51dc73068ce28f1180c843477c23bfd995499f,45c6c90baceeac68f1272dbe8de7256e3e0f9523cc12d68b0407332c6d5d0241,"[64, 96]",-0.0005388342486689008,0.000314184446843635,-0.007207589990067917,-0.0069829401882426515,2,4,1.092264853824229e-17,False,False,"Fixed physical Maxwell core, <=k additions; a positive pair is not automatically a 1-swap trap."
2012,late,4,<WORKSPACE>/Gaussian/A17/EXCHANGE_R1/results/object_2012_late,8d23d77df9571531f26acc45ca51dc73068ce28f1180c843477c23bfd995499f,45c6c90baceeac68f1272dbe8de7256e3e0f9523cc12d68b0407332c6d5d0241,"[64, 128]",-0.0005388342486689008,4.971390279965928e-05,-0.00042833212450187335,6.0788221367368136e-05,2,4,1.092264853824229e-17,False,False,"Fixed physical Maxwell core, <=k additions; a positive pair is not automatically a 1-swap trap."
2012,late,4,<WORKSPACE>/Gaussian/A17/EXCHANGE_R1/results/object_2012_late,8d23d77df9571531f26acc45ca51dc73068ce28f1180c843477c23bfd995499f,45c6c90baceeac68f1272dbe8de7256e3e0f9523cc12d68b0407332c6d5d0241,"[64, 144]",-0.0005388342486689008,5.0737855873965164e-05,-0.0004393489000290694,4.874749276586621e-05,2,4,1.092264853824229e-17,False,False,"Fixed physical Maxwell core, <=k additions; a positive pair is not automatically a 1-swap trap."
2012,late,4,<WORKSPACE>/Gaussian/A17/EXCHANGE_R1/results/object_2012_late,8d23d77df9571531f26acc45ca51dc73068ce28f1180c843477c23bfd995499f,45c6c90baceeac68f1272dbe8de7256e3e0f9523cc12d68b0407332c6d5d0241,"[96, 128]",0.000314184446843635,4.971390279965928e-05,0.00029343399365881144,-7.046435598448287e-05,2,4,1.092264853824229e-17,False,False,"Fixed physical Maxwell core, <=k additions; a positive pair is not automatically a 1-swap trap."
2012,late,4,<WORKSPACE>/Gaussian/A17/EXCHANGE_R1/results/object_2012_late,8d23d77df9571531f26acc45ca51dc73068ce28f1180c843477c23bfd995499f,45c6c90baceeac68f1272dbe8de7256e3e0f9523cc12d68b0407332c6d5d0241,"[96, 144]",0.000314184446843635,5.0737855873965164e-05,,,2,4,1.092264853824229e-17,False,False,"Fixed physical Maxwell core, <=k additions; a positive pair is not automatically a 1-swap trap."
2012,late,4,<WORKSPACE>/Gaussian/A17/EXCHANGE_R1/results/object_2012_late,8d23d77df9571531f26acc45ca51dc73068ce28f1180c843477c23bfd995499f,45c6c90baceeac68f1272dbe8de7256e3e0f9523cc12d68b0407332c6d5d0241,"[128, 144]",4.971390279965928e-05,5.0737855873965164e-05,9.566779373693937e-05,-4.783964936685078e-06,2,4,1.092264853824229e-17,False,False,"Fixed physical Maxwell core, <=k additions; a positive pair is not automatically a 1-swap trap."
2012,late,8,<WORKSPACE>/Gaussian/A17/EXCHANGE_R1/results/object_2012_late,8d23d77df9571531f26acc45ca51dc73068ce28f1180c843477c23bfd995499f,45c6c90baceeac68f1272dbe8de7256e3e0f9523cc12d68b0407332c6d5d0241,"[8, 32]",,,,,6,8,1.092264853824229e-17,False,False,"Fixed physical Maxwell core, <=k additions; a positive pair is not automatically a 1-swap trap."
2012,late,8,<WORKSPACE>/Gaussian/A17/EXCHANGE_R1/results/object_2012_late,8d23d77df9571531f26acc45ca51dc73068ce28f1180c843477c23bfd995499f,45c6c90baceeac68f1272dbe8de7256e3e0f9523cc12d68b0407332c6d5d0241,"[8, 64]",,,,,6,8,1.092264853824229e-17,False,False,"Fixed physical Maxwell core, <=k additions; a positive pair is not automatically a 1-swap trap."
2012,late,8,<WORKSPACE>/Gaussian/A17/EXCHANGE_R1/results/object_2012_late,8d23d77df9571531f26acc45ca51dc73068ce28f1180c843477c23bfd995499f,45c6c90baceeac68f1272dbe8de7256e3e0f9523cc12d68b0407332c6d5d0241,"[8, 96]",,,,,6,8,1.092264853824229e-17,False,False,"Fixed physical Maxwell core, <=k additions; a positive pair is not automatically a 1-swap trap."
2012,late,8,<WORKSPACE>/Gaussian/A17/EXCHANGE_R1/results/object_2012_late,8d23d77df9571531f26acc45ca51dc73068ce28f1180c843477c23bfd995499f,45c6c90baceeac68f1272dbe8de7256e3e0f9523cc12d68b0407332c6d5d0241,"[8, 128]",,-1.5252236038032985e-05,5.945844443490344e-06,,6,8,1.092264853824229e-17,False,False,"Fixed physical Maxwell core, <=k additions; a positive pair is not automatically a 1-swap trap."
2012,late,8,<WORKSPACE>/Gaussian/A17/EXCHANGE_R1/results/object_2012_late,8d23d77df9571531f26acc45ca51dc73068ce28f1180c843477c23bfd995499f,45c6c90baceeac68f1272dbe8de7256e3e0f9523cc12d68b0407332c6d5d0241,"[8, 144]",,4.274618439441692e-07,,,6,8,1.092264853824229e-17,False,False,"Fixed physical Maxwell core, <=k additions; a positive pair is not automatically a 1-swap trap."
2012,late,8,<WORKSPACE>/Gaussian/A17/EXCHANGE_R1/results/object_2012_late,8d23d77df9571531f26acc45ca51dc73068ce28f1180c843477c23bfd995499f,45c6c90baceeac68f1272dbe8de7256e3e0f9523cc12d68b0407332c6d5d0241,"[32, 64]",,,2.9557554171104176e-05,,6,8,1.092264853824229e-17,False,False,"Fixed physical Maxwell core, <=k additions; a positive pair is not automatically a 1-swap trap."
2012,late,8,<WORKSPACE>/Gaussian/A17/EXCHANGE_R1/results/object_2012_late,8d23d77df9571531f26acc45ca51dc73068ce28f1180c843477c23bfd995499f,45c6c90baceeac68f1272dbe8de7256e3e0f9523cc12d68b0407332c6d5d0241,"[32, 96]",,,4.962668848127568e-05,,6,8,1.092264853824229e-17,False,False,"Fixed physical Maxwell core, <=k additions; a positive pair is not automatically a 1-swap trap."
2012,late,8,<WORKSPACE>/Gaussian/A17/EXCHANGE_R1/results/object_2012_late,8d23d77df9571531f26acc45ca51dc73068ce28f1180c843477c23bfd995499f,45c6c90baceeac68f1272dbe8de7256e3e0f9523cc12d68b0407332c6d5d0241,"[32, 128]",,-1.5252236038032985e-05,,,6,8,1.092264853824229e-17,False,False,"Fixed physical Maxwell core, <=k additions; a positive pair is not automatically a 1-swap trap."
2012,late,8,<WORKSPACE>/Gaussian/A17/EXCHANGE_R1/results/object_2012_late,8d23d77df9571531f26acc45ca51dc73068ce28f1180c843477c23bfd995499f,45c6c90baceeac68f1272dbe8de7256e3e0f9523cc12d68b0407332c6d5d0241,"[32, 144]",,4.274618439441692e-07,1.8258771603125676e-05,,6,8,1.092264853824229e-17,False,False,"Fixed physical Maxwell core, <=k additions; a positive pair is not automatically a 1-swap trap."
2012,late,8,<WORKSPACE>/Gaussian/A17/EXCHANGE_R1/results/object_2012_late,8d23d77df9571531f26acc45ca51dc73068ce28f1180c843477c23bfd995499f,45c6c90baceeac68f1272dbe8de7256e3e0f9523cc12d68b0407332c6d5d0241,"[64, 96]",,,,,6,8,1.092264853824229e-17,False,False,"Fixed physical Maxwell core, <=k additions; a positive pair is not automatically a 1-swap trap."
2012,late,8,<WORKSPACE>/Gaussian/A17/EXCHANGE_R1/results/object_2012_late,8d23d77df9571531f26acc45ca51dc73068ce28f1180c843477c23bfd995499f,45c6c90baceeac68f1272dbe8de7256e3e0f9523cc12d68b0407332c6d5d0241,"[64, 128]",,-1.5252236038032985e-05,2.3321307702488505e-05,,6,8,1.092264853824229e-17,False,False,"Fixed physical Maxwell core, <=k additions; a positive pair is not automatically a 1-swap trap."
2012,late,8,<WORKSPACE>/Gaussian/A17/EXCHANGE_R1/results/object_2012_late,8d23d77df9571531f26acc45ca51dc73068ce28f1180c843477c23bfd995499f,45c6c90baceeac68f1272dbe8de7256e3e0f9523cc12d68b0407332c6d5d0241,"[64, 144]",,4.274618439441692e-07,3.757425113998068e-05,,6,8,1.092264853824229e-17,False,False,"Fixed physical Maxwell core, <=k additions; a positive pair is not automatically a 1-swap trap."
2012,late,8,<WORKSPACE>/Gaussian/A17/EXCHANGE_R1/results/object_2012_late,8d23d77df9571531f26acc45ca51dc73068ce28f1180c843477c23bfd995499f,45c6c90baceeac68f1272dbe8de7256e3e0f9523cc12d68b0407332c6d5d0241,"[96, 128]",,-1.5252236038032985e-05,,,6,8,1.092264853824229e-17,False,False,"Fixed physical Maxwell core, <=k additions; a positive pair is not automatically a 1-swap trap."
2012,late,8,<WORKSPACE>/Gaussian/A17/EXCHANGE_R1/results/object_2012_late,8d23d77df9571531f26acc45ca51dc73068ce28f1180c843477c23bfd995499f,45c6c90baceeac68f1272dbe8de7256e3e0f9523cc12d68b0407332c6d5d0241,"[96, 144]",,4.274618439441692e-07,,,6,8,1.092264853824229e-17,False,False,"Fixed physical Maxwell core, <=k additions; a positive pair is not automatically a 1-swap trap."
2012,late,8,<WORKSPACE>/Gaussian/A17/EXCHANGE_R1/results/object_2012_late,8d23d77df9571531f26acc45ca51dc73068ce28f1180c843477c23bfd995499f,45c6c90baceeac68f1272dbe8de7256e3e0f9523cc12d68b0407332c6d5d0241,"[128, 144]",-1.5252236038032985e-05,4.274618439441692e-07,,,6,8,1.092264853824229e-17,False,False,"Fixed physical Maxwell core, <=k additions; a positive pair is not automatically a 1-swap trap."
2012,late,16,<WORKSPACE>/Gaussian/A17/EXCHANGE_R1/results/object_2012_late,8d23d77df9571531f26acc45ca51dc73068ce28f1180c843477c23bfd995499f,45c6c90baceeac68f1272dbe8de7256e3e0f9523cc12d68b0407332c6d5d0241,"[16, 32]",1.0609405414179983e-06,1.031982072846156e-05,1.1197849486831543e-05,-1.8291178304801538e-07,14,16,1.092264853824229e-17,False,False,"Fixed physical Maxwell core, <=k additions; a positive pair is not automatically a 1-swap trap."
2012,late,16,<WORKSPACE>/Gaussian/A17/EXCHANGE_R1/results/object_2012_late,8d23d77df9571531f26acc45ca51dc73068ce28f1180c843477c23bfd995499f,45c6c90baceeac68f1272dbe8de7256e3e0f9523cc12d68b0407332c6d5d0241,"[16, 64]",1.0609405414179983e-06,6.873615268973621e-06,9.499713526479643e-06,1.5651577160880239e-06,14,16,1.092264853824229e-17,False,False,"Fixed physical Maxwell core, <=k additions; a positive pair is not automatically a 1-swap trap."
2012,late,16,<WORKSPACE>/Gaussian/A17/EXCHANGE_R1/results/object_2012_late,8d23d77df9571531f26acc45ca51dc73068ce28f1180c843477c23bfd995499f,45c6c90baceeac68f1272dbe8de7256e3e0f9523cc12d68b0407332c6d5d0241,"[16, 96]",1.0609405414179983e-06,9.673206653012048e-06,1.2208842399884033e-05,1.4746952054539867e-06,14,16,1.092264853824229e-17,False,False,"Fixed physical Maxwell core, <=k additions; a positive pair is not automatically a 1-swap trap."
2012,late,16,<WORKSPACE>/Gaussian/A17/EXCHANGE_R1/results/object_2012_late,8d23d77df9571531f26acc45ca51dc73068ce28f1180c843477c23bfd995499f,45c6c90baceeac68f1272dbe8de7256e3e0f9523cc12d68b0407332c6d5d0241,"[16, 128]",1.0609405414179983e-06,-1.863778626137137e-06,-7.917104039503025e-07,1.1127680768836159e-08,14,16,1.092264853824229e-17,False,False,"Fixed physical Maxwell core, <=k additions; a positive pair is not automatically a 1-swap trap."
2012,late,16,<WORKSPACE>/Gaussian/A17/EXCHANGE_R1/results/object_2012_late,8d23d77df9571531f26acc45ca51dc73068ce28f1180c843477c23bfd995499f,45c6c90baceeac68f1272dbe8de7256e3e0f9523cc12d68b0407332c6d5d0241,"[16, 144]",1.0609405414179983e-06,,3.1439345579835776e-06,,14,16,1.092264853824229e-17,False,False,"Fixed physical Maxwell core, <=k additions; a positive pair is not automatically a 1-swap trap."
2012,late,16,<WORKSPACE>/Gaussian/A17/EXCHANGE_R1/results/object_2012_late,8d23d77df9571531f26acc45ca51dc73068ce28f1180c843477c23bfd995499f,45c6c90baceeac68f1272dbe8de7256e3e0f9523cc12d68b0407332c6d5d0241,"[32, 64]",1.031982072846156e-05,6.873615268973621e-06,8.090463823638187e-06,-9.102972173796994e-06,14,16,1.092264853824229e-17,False,False,"Fixed physical Maxwell core, <=k additions; a positive pair is not automatically a 1-swap trap."
2012,late,16,<WORKSPACE>/Gaussian/A17/EXCHANGE_R1/results/object_2012_late,8d23d77df9571531f26acc45ca51dc73068ce28f1180c843477c23bfd995499f,45c6c90baceeac68f1272dbe8de7256e3e0f9523cc12d68b0407332c6d5d0241,"[32, 96]",1.031982072846156e-05,9.673206653012048e-06,,,14,16,1.092264853824229e-17,False,False,"Fixed physical Maxwell core, <=k additions; a positive pair is not automatically a 1-swap trap."
2012,late,16,<WORKSPACE>/Gaussian/A17/EXCHANGE_R1/results/object_2012_late,8d23d77df9571531f26acc45ca51dc73068ce28f1180c843477c23bfd995499f,45c6c90baceeac68f1272dbe8de7256e3e0f9523cc12d68b0407332c6d5d0241,"[32, 128]",1.031982072846156e-05,-1.863778626137137e-06,8.01569854298304e-06,-4.4034355934138327e-07,14,16,1.092264853824229e-17,False,False,"Fixed physical Maxwell core, <=k additions; a positive pair is not automatically a 1-swap trap."
2012,late,16,<WORKSPACE>/Gaussian/A17/EXCHANGE_R1/results/object_2012_late,8d23d77df9571531f26acc45ca51dc73068ce28f1180c843477c23bfd995499f,45c6c90baceeac68f1272dbe8de7256e3e0f9523cc12d68b0407332c6d5d0241,"[32, 144]",1.031982072846156e-05,,1.1372927338144053e-05,,14,16,1.092264853824229e-17,False,False,"Fixed physical Maxwell core, <=k additions; a positive pair is not automatically a 1-swap trap."
2012,late,16,<WORKSPACE>/Gaussian/A17/EXCHANGE_R1/results/object_2012_late,8d23d77df9571531f26acc45ca51dc73068ce28f1180c843477c23bfd995499f,45c6c90baceeac68f1272dbe8de7256e3e0f9523cc12d68b0407332c6d5d0241,"[64, 96]",6.873615268973621e-06,9.673206653012048e-06,1.0887517577074721e-05,-5.659304344910948e-06,14,16,1.092264853824229e-17,False,False,"Fixed physical Maxwell core, <=k additions; a positive pair is not automatically a 1-swap trap."
2012,late,16,<WORKSPACE>/Gaussian/A17/EXCHANGE_R1/results/object_2012_late,8d23d77df9571531f26acc45ca51dc73068ce28f1180c843477c23bfd995499f,45c6c90baceeac68f1272dbe8de7256e3e0f9523cc12d68b0407332c6d5d0241,"[64, 128]",6.873615268973621e-06,-1.863778626137137e-06,4.206664461620938e-06,-8.031721812155455e-07,14,16,1.092264853824229e-17,False,False,"Fixed physical Maxwell core, <=k additions; a positive pair is not automatically a 1-swap trap."
2012,late,16,<WORKSPACE>/Gaussian/A17/EXCHANGE_R1/results/object_2012_late,8d23d77df9571531f26acc45ca51dc73068ce28f1180c843477c23bfd995499f,45c6c90baceeac68f1272dbe8de7256e3e0f9523cc12d68b0407332c6d5d0241,"[64, 144]",6.873615268973621e-06,,8.354663408508299e-06,,14,16,1.092264853824229e-17,False,False,"Fixed physical Maxwell core, <=k additions; a positive pair is not automatically a 1-swap trap."
2012,late,16,<WORKSPACE>/Gaussian/A17/EXCHANGE_R1/results/object_2012_late,8d23d77df9571531f26acc45ca51dc73068ce28f1180c843477c23bfd995499f,45c6c90baceeac68f1272dbe8de7256e3e0f9523cc12d68b0407332c6d5d0241,"[96, 128]",9.673206653012048e-06,-1.863778626137137e-06,,,14,16,1.092264853824229e-17,False,False,"Fixed physical Maxwell core, <=k additions; a positive pair is not automatically a 1-swap trap."
2012,late,16,<WORKSPACE>/Gaussian/A17/EXCHANGE_R1/results/object_2012_late,8d23d77df9571531f26acc45ca51dc73068ce28f1180c843477c23bfd995499f,45c6c90baceeac68f1272dbe8de7256e3e0f9523cc12d68b0407332c6d5d0241,"[96, 144]",9.673206653012048e-06,,9.874201772738705e-06,,14,16,1.092264853824229e-17,False,False,"Fixed physical Maxwell core, <=k additions; a positive pair is not automatically a 1-swap trap."
2012,late,16,<WORKSPACE>/Gaussian/A17/EXCHANGE_R1/results/object_2012_late,8d23d77df9571531f26acc45ca51dc73068ce28f1180c843477c23bfd995499f,45c6c90baceeac68f1272dbe8de7256e3e0f9523cc12d68b0407332c6d5d0241,"[128, 144]",-1.863778626137137e-06,,4.6091145961807895e-07,,14,16,1.092264853824229e-17,False,False,"Fixed physical Maxwell core, <=k additions; a positive pair is not automatically a 1-swap trap."
2012,middle,4,<WORKSPACE>/Gaussian/A17/EXCHANGE_R1/results/object_2012_middle,6bb612278b131a2b4bd62344122f5a462651f080d63727a172cd273e16664884,92a2012fcd2c647e2ec3c2ce4ebd22933b2156099a2e0020204ff3316c7ed88c,"[4, 32]",4.1498116834195016e-05,-2.160630536692629e-05,3.819479976986895e-05,1.8302988302600225e-05,2,4,1.631439621053487e-17,False,False,"Fixed physical Maxwell core, <=k additions; a positive pair is not automatically a 1-swap trap."
2012,middle,4,<WORKSPACE>/Gaussian/A17/EXCHANGE_R1/results/object_2012_middle,6bb612278b131a2b4bd62344122f5a462651f080d63727a172cd273e16664884,92a2012fcd2c647e2ec3c2ce4ebd22933b2156099a2e0020204ff3316c7ed88c,"[4, 64]",4.1498116834195016e-05,-0.0003632295133783067,-9.775233966750255e-05,0.00022397905687660913,2,4,1.631439621053487e-17,False,False,"Fixed physical Maxwell core, <=k additions; a positive pair is not automatically a 1-swap trap."
2012,middle,4,<WORKSPACE>/Gaussian/A17/EXCHANGE_R1/results/object_2012_middle,6bb612278b131a2b4bd62344122f5a462651f080d63727a172cd273e16664884,92a2012fcd2c647e2ec3c2ce4ebd22933b2156099a2e0020204ff3316c7ed88c,"[4, 96]",4.1498116834195016e-05,-3.911680078046464e-05,1.3300615237981544e-05,1.0919299184251167e-05,2,4,1.631439621053487e-17,False,False,"Fixed physical Maxwell core, <=k additions; a positive pair is not automatically a 1-swap trap."
2012,middle,4,<WORKSPACE>/Gaussian/A17/EXCHANGE_R1/results/object_2012_middle,6bb612278b131a2b4bd62344122f5a462651f080d63727a172cd273e16664884,92a2012fcd2c647e2ec3c2ce4ebd22933b2156099a2e0020204ff3316c7ed88c,"[4, 128]",4.1498116834195016e-05,9.493503005100495e-07,4.1508487644403356e-05,-9.389794903017101e-07,2,4,1.631439621053487e-17,False,False,"Fixed physical Maxwell core, <=k additions; a positive pair is not automatically a 1-swap trap."
2012,middle,4,<WORKSPACE>/Gaussian/A17/EXCHANGE_R1/results/object_2012_middle,6bb612278b131a2b4bd62344122f5a462651f080d63727a172cd273e16664884,92a2012fcd2c647e2ec3c2ce4ebd22933b2156099a2e0020204ff3316c7ed88c,"[4, 144]",4.1498116834195016e-05,3.0219074710425074e-06,4.0741209845401874e-05,-3.7788144598356503e-06,2,4,1.631439621053487e-17,False,False,"Fixed physical Maxwell core, <=k additions; a positive pair is not automatically a 1-swap trap."
2012,middle,4,<WORKSPACE>/Gaussian/A17/EXCHANGE_R1/results/object_2012_middle,6bb612278b131a2b4bd62344122f5a462651f080d63727a172cd273e16664884,92a2012fcd2c647e2ec3c2ce4ebd22933b2156099a2e0020204ff3316c7ed88c,"[32, 64]",-2.160630536692629e-05,-0.0003632295133783067,-3.70230740323137e-05,0.0003478127447129193,2,4,1.631439621053487e-17,False,False,"Fixed physical Maxwell core, <=k additions; a positive pair is not automatically a 1-swap trap."
2012,middle,4,<WORKSPACE>/Gaussian/A17/EXCHANGE_R1/results/object_2012_middle,6bb612278b131a2b4bd62344122f5a462651f080d63727a172cd273e16664884,92a2012fcd2c647e2ec3c2ce4ebd22933b2156099a2e0020204ff3316c7ed88c,"[32, 96]",-2.160630536692629e-05,-3.911680078046464e-05,-3.75652419731296e-05,2.315786417426133e-05,2,4,1.631439621053487e-17,False,False,"Fixed physical Maxwell core, <=k additions; a positive pair is not automatically a 1-swap trap."
2012,middle,4,<WORKSPACE>/Gaussian/A17/EXCHANGE_R1/results/object_2012_middle,6bb612278b131a2b4bd62344122f5a462651f080d63727a172cd273e16664884,92a2012fcd2c647e2ec3c2ce4ebd22933b2156099a2e0020204ff3316c7ed88c,"[32, 128]",-2.160630536692629e-05,9.493503005100495e-07,-1.9711486122846182e-05,9.454689435700595e-07,2,4,1.631439621053487e-17,False,False,"Fixed physical Maxwell core, <=k additions; a positive pair is not automatically a 1-swap trap."
2012,middle,4,<WORKSPACE>/Gaussian/A17/EXCHANGE_R1/results/object_2012_middle,6bb612278b131a2b4bd62344122f5a462651f080d63727a172cd273e16664884,92a2012fcd2c647e2ec3c2ce4ebd22933b2156099a2e0020204ff3316c7ed88c,"[32, 144]",-2.160630536692629e-05,3.0219074710425074e-06,-1.9370271309998416e-05,-7.858734141146327e-07,2,4,1.631439621053487e-17,False,False,"Fixed physical Maxwell core, <=k additions; a positive pair is not automatically a 1-swap trap."
2012,middle,4,<WORKSPACE>/Gaussian/A17/EXCHANGE_R1/results/object_2012_middle,6bb612278b131a2b4bd62344122f5a462651f080d63727a172cd273e16664884,92a2012fcd2c647e2ec3c2ce4ebd22933b2156099a2e0020204ff3316c7ed88c,"[64, 96]",-0.0003632295133783067,-3.911680078046464e-05,-1.4806937397316935e-05,0.00038753937676145434,2,4,1.631439621053487e-17,False,False,"Fixed physical Maxwell core, <=k additions; a positive pair is not automatically a 1-swap trap."
2012,middle,4,<WORKSPACE>/Gaussian/A17/EXCHANGE_R1/results/object_2012_middle,6bb612278b131a2b4bd62344122f5a462651f080d63727a172cd273e16664884,92a2012fcd2c647e2ec3c2ce4ebd22933b2156099a2e0020204ff3316c7ed88c,"[64, 128]",-0.0003632295133783067,9.493503005100495e-07,-0.0003581149594199635,4.165203657833142e-06,2,4,1.631439621053487e-17,False,False,"Fixed physical Maxwell core, <=k additions; a positive pair is not automatically a 1-swap trap."
2012,middle,4,<WORKSPACE>/Gaussian/A17/EXCHANGE_R1/results/object_2012_middle,6bb612278b131a2b4bd62344122f5a462651f080d63727a172cd273e16664884,92a2012fcd2c647e2ec3c2ce4ebd22933b2156099a2e0020204ff3316c7ed88c,"[64, 144]",-0.0003632295133783067,3.0219074710425074e-06,-0.00035960020618649,6.073997207741836e-07,2,4,1.631439621053487e-17,False,False,"Fixed physical Maxwell core, <=k additions; a positive pair is not automatically a 1-swap trap."
2012,middle,4,<WORKSPACE>/Gaussian/A17/EXCHANGE_R1/results/object_2012_middle,6bb612278b131a2b4bd62344122f5a462651f080d63727a172cd273e16664884,92a2012fcd2c647e2ec3c2ce4ebd22933b2156099a2e0020204ff3316c7ed88c,"[96, 128]",-3.911680078046464e-05,9.493503005100495e-07,-3.929977413409244e-05,-1.132323654137849e-06,2,4,1.631439621053487e-17,False,False,"Fixed physical Maxwell core, <=k additions; a positive pair is not automatically a 1-swap trap."
2012,middle,4,<WORKSPACE>/Gaussian/A17/EXCHANGE_R1/results/object_2012_middle,6bb612278b131a2b4bd62344122f5a462651f080d63727a172cd273e16664884,92a2012fcd2c647e2ec3c2ce4ebd22933b2156099a2e0020204ff3316c7ed88c,"[96, 144]",-3.911680078046464e-05,3.0219074710425074e-06,-3.515832586870933e-05,9.36567440712805e-07,2,4,1.631439621053487e-17,False,False,"Fixed physical Maxwell core, <=k additions; a positive pair is not automatically a 1-swap trap."
2012,middle,4,<WORKSPACE>/Gaussian/A17/EXCHANGE_R1/results/object_2012_middle,6bb612278b131a2b4bd62344122f5a462651f080d63727a172cd273e16664884,92a2012fcd2c647e2ec3c2ce4ebd22933b2156099a2e0020204ff3316c7ed88c,"[128, 144]",9.493503005100495e-07,3.0219074710425074e-06,3.830588744329548e-06,-1.406690272230087e-07,2,4,1.631439621053487e-17,False,False,"Fixed physical Maxwell core, <=k additions; a positive pair is not automatically a 1-swap trap."
2012,middle,8,<WORKSPACE>/Gaussian/A17/EXCHANGE_R1/results/object_2012_middle,6bb612278b131a2b4bd62344122f5a462651f080d63727a172cd273e16664884,92a2012fcd2c647e2ec3c2ce4ebd22933b2156099a2e0020204ff3316c7ed88c,"[8, 32]",3.306927889665984e-06,8.278399439894341e-06,1.0757157941457986e-05,-8.281693881023388e-07,6,8,1.631439621053487e-17,False,False,"Fixed physical Maxwell core, <=k additions; a positive pair is not automatically a 1-swap trap."
2012,middle,8,<WORKSPACE>/Gaussian/A17/EXCHANGE_R1/results/object_2012_middle,6bb612278b131a2b4bd62344122f5a462651f080d63727a172cd273e16664884,92a2012fcd2c647e2ec3c2ce4ebd22933b2156099a2e0020204ff3316c7ed88c,"[8, 64]",3.306927889665984e-06,2.0789102183504165e-05,2.2062328234596885e-05,-2.0337018385732632e-06,6,8,1.631439621053487e-17,False,False,"Fixed physical Maxwell core, <=k additions; a positive pair is not automatically a 1-swap trap."
2012,middle,8,<WORKSPACE>/Gaussian/A17/EXCHANGE_R1/results/object_2012_middle,6bb612278b131a2b4bd62344122f5a462651f080d63727a172cd273e16664884,92a2012fcd2c647e2ec3c2ce4ebd22933b2156099a2e0020204ff3316c7ed88c,"[8, 96]",3.306927889665984e-06,8.689617295834937e-07,5.157964105422529e-06,9.82074486173051e-07,6,8,1.631439621053487e-17,False,False,"Fixed physical Maxwell core, <=k additions; a positive pair is not automatically a 1-swap trap."
2012,middle,8,<WORKSPACE>/Gaussian/A17/EXCHANGE_R1/results/object_2012_middle,6bb612278b131a2b4bd62344122f5a462651f080d63727a172cd273e16664884,92a2012fcd2c647e2ec3c2ce4ebd22933b2156099a2e0020204ff3316c7ed88c,"[8, 128]",3.306927889665984e-06,1.5632998855975053e-06,4.810578685743176e-06,-5.964908952031319e-08,6,8,1.631439621053487e-17,False,False,"Fixed physical Maxwell core, <=k additions; a positive pair is not automatically a 1-swap trap."
2012,middle,8,<WORKSPACE>/Gaussian/A17/EXCHANGE_R1/results/object_2012_middle,6bb612278b131a2b4bd62344122f5a462651f080d63727a172cd273e16664884,92a2012fcd2c647e2ec3c2ce4ebd22933b2156099a2e0020204ff3316c7ed88c,"[8, 144]",3.306927889665984e-06,3.623100258580172e-08,3.324783604095152e-06,-1.8375288156633905e-08,6,8,1.631439621053487e-17,False,False,"Fixed physical Maxwell core, <=k additions; a positive pair is not automatically a 1-swap trap."
2012,middle,8,<WORKSPACE>/Gaussian/A17/EXCHANGE_R1/results/object_2012_middle,6bb612278b131a2b4bd62344122f5a462651f080d63727a172cd273e16664884,92a2012fcd2c647e2ec3c2ce4ebd22933b2156099a2e0020204ff3316c7ed88c,"[32, 64]",8.278399439894341e-06,2.0789102183504165e-05,2.2863667015939346e-05,-6.203834607459159e-06,6,8,1.631439621053487e-17,False,False,"Fixed physical Maxwell core, <=k additions; a positive pair is not automatically a 1-swap trap."
2012,middle,8,<WORKSPACE>/Gaussian/A17/EXCHANGE_R1/results/object_2012_middle,6bb612278b131a2b4bd62344122f5a462651f080d63727a172cd273e16664884,92a2012fcd2c647e2ec3c2ce4ebd22933b2156099a2e0020204ff3316c7ed88c,"[32, 96]",8.278399439894341e-06,8.689617295834937e-07,5.596583214918044e-06,-3.5507779545597908e-06,6,8,1.631439621053487e-17,False,False,"Fixed physical Maxwell core, <=k additions; a positive pair is not automatically a 1-swap trap."
2012,middle,8,<WORKSPACE>/Gaussian/A17/EXCHANGE_R1/results/object_2012_middle,6bb612278b131a2b4bd62344122f5a462651f080d63727a172cd273e16664884,92a2012fcd2c647e2ec3c2ce4ebd22933b2156099a2e0020204ff3316c7ed88c,"[32, 128]",8.278399439894341e-06,1.5632998855975053e-06,9.803356750108839e-06,-3.8342575383007634e-08,6,8,1.631439621053487e-17,False,False,"Fixed physical Maxwell core, <=k additions; a positive pair is not automatically a 1-swap trap."
2012,middle,8,<WORKSPACE>/Gaussian/A17/EXCHANGE_R1/results/object_2012_middle,6bb612278b131a2b4bd62344122f5a462651f080d63727a172cd273e16664884,92a2012fcd2c647e2ec3c2ce4ebd22933b2156099a2e0020204ff3316c7ed88c,"[32, 144]",8.278399439894341e-06,3.623100258580172e-08,8.267362468998637e-06,-4.726797348150565e-08,6,8,1.631439621053487e-17,False,False,"Fixed physical Maxwell core, <=k additions; a positive pair is not automatically a 1-swap trap."
2012,middle,8,<WORKSPACE>/Gaussian/A17/EXCHANGE_R1/results/object_2012_middle,6bb612278b131a2b4bd62344122f5a462651f080d63727a172cd273e16664884,92a2012fcd2c647e2ec3c2ce4ebd22933b2156099a2e0020204ff3316c7ed88c,"[64, 96]",2.0789102183504165e-05,8.689617295834937e-07,1.9974665667208396e-05,-1.6833982458792625e-06,6,8,1.631439621053487e-17,False,False,"Fixed physical Maxwell core, <=k additions; a positive pair is not automatically a 1-swap trap."
2012,middle,8,<WORKSPACE>/Gaussian/A17/EXCHANGE_R1/results/object_2012_middle,6bb612278b131a2b4bd62344122f5a462651f080d63727a172cd273e16664884,92a2012fcd2c647e2ec3c2ce4ebd22933b2156099a2e0020204ff3316c7ed88c,"[64, 128]",2.0789102183504165e-05,1.5632998855975053e-06,2.1667545668968863e-05,-6.84856400132807e-07,6,8,1.631439621053487e-17,False,False,"Fixed physical Maxwell core, <=k additions; a positive pair is not automatically a 1-swap trap."
2012,middle,8,<WORKSPACE>/Gaussian/A17/EXCHANGE_R1/results/object_2012_middle,6bb612278b131a2b4bd62344122f5a462651f080d63727a172cd273e16664884,92a2012fcd2c647e2ec3c2ce4ebd22933b2156099a2e0020204ff3316c7ed88c,"[64, 144]",2.0789102183504165e-05,3.623100258580172e-08,2.0748419359655697e-05,-7.69138264342699e-08,6,8,1.631439621053487e-17,False,False,"Fixed physical Maxwell core, <=k additions; a positive pair is not automatically a 1-swap trap."
2012,middle,8,<WORKSPACE>/Gaussian/A17/EXCHANGE_R1/results/object_2012_middle,6bb612278b131a2b4bd62344122f5a462651f080d63727a172cd273e16664884,92a2012fcd2c647e2ec3c2ce4ebd22933b2156099a2e0020204ff3316c7ed88c,"[96, 128]",8.689617295834937e-07,1.5632998855975053e-06,1.7083498281242406e-06,-7.239117870567585e-07,6,8,1.631439621053487e-17,False,False,"Fixed physical Maxwell core, <=k additions; a positive pair is not automatically a 1-swap trap."
2012,middle,8,<WORKSPACE>/Gaussian/A17/EXCHANGE_R1/results/object_2012_middle,6bb612278b131a2b4bd62344122f5a462651f080d63727a172cd273e16664884,92a2012fcd2c647e2ec3c2ce4ebd22933b2156099a2e0020204ff3316c7ed88c,"[96, 144]",8.689617295834937e-07,3.623100258580172e-08,8.371750999185731e-07,-6.801763225072232e-08,6,8,1.631439621053487e-17,False,False,"Fixed physical Maxwell core, <=k additions; a positive pair is not automatically a 1-swap trap."
2012,middle,8,<WORKSPACE>/Gaussian/A17/EXCHANGE_R1/results/object_2012_middle,6bb612278b131a2b4bd62344122f5a462651f080d63727a172cd273e16664884,92a2012fcd2c647e2ec3c2ce4ebd22933b2156099a2e0020204ff3316c7ed88c,"[128, 144]",1.5632998855975053e-06,3.623100258580172e-08,1.6048209867268705e-06,5.290098543563437e-09,6,8,1.631439621053487e-17,False,False,"Fixed physical Maxwell core, <=k additions; a positive pair is not automatically a 1-swap trap."
2012,middle,16,<WORKSPACE>/Gaussian/A17/EXCHANGE_R1/results/object_2012_middle,6bb612278b131a2b4bd62344122f5a462651f080d63727a172cd273e16664884,92a2012fcd2c647e2ec3c2ce4ebd22933b2156099a2e0020204ff3316c7ed88c,"[16, 32]",1.3668257490399663e-06,2.3368830401512554e-06,3.5026149673290193e-06,-2.0109382186220246e-07,14,16,1.631439621053487e-17,False,False,"Fixed physical Maxwell core, <=k additions; a positive pair is not automatically a 1-swap trap."
2012,middle,16,<WORKSPACE>/Gaussian/A17/EXCHANGE_R1/results/object_2012_middle,6bb612278b131a2b4bd62344122f5a462651f080d63727a172cd273e16664884,92a2012fcd2c647e2ec3c2ce4ebd22933b2156099a2e0020204ff3316c7ed88c,"[16, 64]",1.3668257490399663e-06,4.6867001758299e-06,5.9446017946031325e-06,-1.0892413026673406e-07,14,16,1.631439621053487e-17,False,False,"Fixed physical Maxwell core, <=k additions; a positive pair is not automatically a 1-swap trap."
2012,middle,16,<WORKSPACE>/Gaussian/A17/EXCHANGE_R1/results/object_2012_middle,6bb612278b131a2b4bd62344122f5a462651f080d63727a172cd273e16664884,92a2012fcd2c647e2ec3c2ce4ebd22933b2156099a2e0020204ff3316c7ed88c,"[16, 96]",1.3668257490399663e-06,7.217312821232352e-06,8.348482552566699e-06,-2.356560177056201e-07,14,16,1.631439621053487e-17,False,False,"Fixed physical Maxwell core, <=k additions; a positive pair is not automatically a 1-swap trap."
2012,middle,16,<WORKSPACE>/Gaussian/A17/EXCHANGE_R1/results/object_2012_middle,6bb612278b131a2b4bd62344122f5a462651f080d63727a172cd273e16664884,92a2012fcd2c647e2ec3c2ce4ebd22933b2156099a2e0020204ff3316c7ed88c,"[16, 128]",1.3668257490399663e-06,7.870280730901024e-07,2.0676738159400474e-06,-8.618000619002127e-08,14,16,1.631439621053487e-17,False,False,"Fixed physical Maxwell core, <=k additions; a positive pair is not automatically a 1-swap trap."
2012,middle,16,<WORKSPACE>/Gaussian/A17/EXCHANGE_R1/results/object_2012_middle,6bb612278b131a2b4bd62344122f5a462651f080d63727a172cd273e16664884,92a2012fcd2c647e2ec3c2ce4ebd22933b2156099a2e0020204ff3316c7ed88c,"[16, 144]",1.3668257490399663e-06,6.37397896429908e-08,1.4260825678054283e-06,-4.482970877528752e-09,14,16,1.631439621053487e-17,False,False,"Fixed physical Maxwell core, <=k additions; a positive pair is not automatically a 1-swap trap."
2012,middle,16,<WORKSPACE>/Gaussian/A17/EXCHANGE_R1/results/object_2012_middle,6bb612278b131a2b4bd62344122f5a462651f080d63727a172cd273e16664884,92a2012fcd2c647e2ec3c2ce4ebd22933b2156099a2e0020204ff3316c7ed88c,"[32, 64]",2.3368830401512554e-06,4.6867001758299e-06,5.154183167954416e-06,-1.8694000480267396e-06,14,16,1.631439621053487e-17,False,False,"Fixed physical Maxwell core, <=k additions; a positive pair is not automatically a 1-swap trap."
2012,middle,16,<WORKSPACE>/Gaussian/A17/EXCHANGE_R1/results/object_2012_middle,6bb612278b131a2b4bd62344122f5a462651f080d63727a172cd273e16664884,92a2012fcd2c647e2ec3c2ce4ebd22933b2156099a2e0020204ff3316c7ed88c,"[32, 96]",2.3368830401512554e-06,7.217312821232352e-06,8.58065370030397e-06,-9.73542161079638e-07,14,16,1.631439621053487e-17,False,False,"Fixed physical Maxwell core, <=k additions; a positive pair is not automatically a 1-swap trap."
2012,middle,16,<WORKSPACE>/Gaussian/A17/EXCHANGE_R1/results/object_2012_middle,6bb612278b131a2b4bd62344122f5a462651f080d63727a172cd273e16664884,92a2012fcd2c647e2ec3c2ce4ebd22933b2156099a2e0020204ff3316c7ed88c,"[32, 128]",2.3368830401512554e-06,7.870280730901024e-07,3.0010264051889134e-06,-1.228847080524444e-07,14,16,1.631439621053487e-17,False,False,"Fixed physical Maxwell core, <=k additions; a positive pair is not automatically a 1-swap trap."
2012,middle,16,<WORKSPACE>/Gaussian/A17/EXCHANGE_R1/results/object_2012_middle,6bb612278b131a2b4bd62344122f5a462651f080d63727a172cd273e16664884,92a2012fcd2c647e2ec3c2ce4ebd22933b2156099a2e0020204ff3316c7ed88c,"[32, 144]",2.3368830401512554e-06,6.37397896429908e-08,2.3886525998445518e-06,-1.1970229949694456e-08,14,16,1.631439621053487e-17,False,False,"Fixed physical Maxwell core, <=k additions; a positive pair is not automatically a 1-swap trap."
2012,middle,16,<WORKSPACE>/Gaussian/A17/EXCHANGE_R1/results/object_2012_middle,6bb612278b131a2b4bd62344122f5a462651f080d63727a172cd273e16664884,92a2012fcd2c647e2ec3c2ce4ebd22933b2156099a2e0020204ff3316c7ed88c,"[64, 96]",4.6867001758299e-06,7.217312821232352e-06,8.626123973484966e-06,-3.277889023577286e-06,14,16,1.631439621053487e-17,False,False,"Fixed physical Maxwell core, <=k additions; a positive pair is not automatically a 1-swap trap."
2012,middle,16,<WORKSPACE>/Gaussian/A17/EXCHANGE_R1/results/object_2012_middle,6bb612278b131a2b4bd62344122f5a462651f080d63727a172cd273e16664884,92a2012fcd2c647e2ec3c2ce4ebd22933b2156099a2e0020204ff3316c7ed88c,"[64, 128]",4.6867001758299e-06,7.870280730901024e-07,5.268874677407939e-06,-2.0485357151206357e-07,14,16,1.631439621053487e-17,False,False,"Fixed physical Maxwell core, <=k additions; a positive pair is not automatically a 1-swap trap."
2012,middle,16,<WORKSPACE>/Gaussian/A17/EXCHANGE_R1/results/object_2012_middle,6bb612278b131a2b4bd62344122f5a462651f080d63727a172cd273e16664884,92a2012fcd2c647e2ec3c2ce4ebd22933b2156099a2e0020204ff3316c7ed88c,"[64, 144]",4.6867001758299e-06,6.37397896429908e-08,4.726258825991472e-06,-2.4181139481418267e-08,14,16,1.631439621053487e-17,False,False,"Fixed physical Maxwell core, <=k additions; a positive pair is not automatically a 1-swap trap."
2012,middle,16,<WORKSPACE>/Gaussian/A17/EXCHANGE_R1/results/object_2012_middle,6bb612278b131a2b4bd62344122f5a462651f080d63727a172cd273e16664884,92a2012fcd2c647e2ec3c2ce4ebd22933b2156099a2e0020204ff3316c7ed88c,"[96, 128]",7.217312821232352e-06,7.870280730901024e-07,7.919247941578405e-06,-8.509295274405014e-08,14,16,1.631439621053487e-17,False,False,"Fixed physical Maxwell core, <=k additions; a positive pair is not automatically a 1-swap trap."
2012,middle,16,<WORKSPACE>/Gaussian/A17/EXCHANGE_R1/results/object_2012_middle,6bb612278b131a2b4bd62344122f5a462651f080d63727a172cd273e16664884,92a2012fcd2c647e2ec3c2ce4ebd22933b2156099a2e0020204ff3316c7ed88c,"[96, 144]",7.217312821232352e-06,6.37397896429908e-08,7.241520302709241e-06,-3.953230816610188e-08,14,16,1.631439621053487e-17,False,False,"Fixed physical Maxwell core, <=k additions; a positive pair is not automatically a 1-swap trap."
2012,middle,16,<WORKSPACE>/Gaussian/A17/EXCHANGE_R1/results/object_2012_middle,6bb612278b131a2b4bd62344122f5a462651f080d63727a172cd273e16664884,92a2012fcd2c647e2ec3c2ce4ebd22933b2156099a2e0020204ff3316c7ed88c,"[128, 144]",7.870280730901024e-07,6.37397896429908e-08,8.500202073293472e-07,-7.476554037460037e-10,14,16,1.631439621053487e-17,False,False,"Fixed physical Maxwell core, <=k additions; a positive pair is not automatically a 1-swap trap."
2014,early,4,<WORKSPACE>/Gaussian/A17/EXCHANGE_R1/results/object_2014_early,25387349f2beb0f96d242ca9b954a62e6bfcc22e30747f954ca70f472e65a2bd,15474a2e7dfb31aa73576c60d06182b0d2ccfdb87e63d2d45e59b2a6b1f4cca0,"[4, 32]",0.001536464851163102,-0.005787899253943363,0.0002554108468482649,0.004506845249628526,2,4,6.847644058182508e-15,False,False,"Fixed physical Maxwell core, <=k additions; a positive pair is not automatically a 1-swap trap."
2014,early,4,<WORKSPACE>/Gaussian/A17/EXCHANGE_R1/results/object_2014_early,25387349f2beb0f96d242ca9b954a62e6bfcc22e30747f954ca70f472e65a2bd,15474a2e7dfb31aa73576c60d06182b0d2ccfdb87e63d2d45e59b2a6b1f4cca0,"[4, 64]",0.001536464851163102,-0.0029747620275692097,-0.0010064024024805597,0.00043189477392554815,2,4,6.847644058182508e-15,False,False,"Fixed physical Maxwell core, <=k additions; a positive pair is not automatically a 1-swap trap."
2014,early,4,<WORKSPACE>/Gaussian/A17/EXCHANGE_R1/results/object_2014_early,25387349f2beb0f96d242ca9b954a62e6bfcc22e30747f954ca70f472e65a2bd,15474a2e7dfb31aa73576c60d06182b0d2ccfdb87e63d2d45e59b2a6b1f4cca0,"[4, 96]",0.001536464851163102,-0.004189180127480848,-6.86215209604389e-05,0.002584093755357307,2,4,6.847644058182508e-15,False,False,"Fixed physical Maxwell core, <=k additions; a positive pair is not automatically a 1-swap trap."
2014,early,4,<WORKSPACE>/Gaussian/A17/EXCHANGE_R1/results/object_2014_early,25387349f2beb0f96d242ca9b954a62e6bfcc22e30747f954ca70f472e65a2bd,15474a2e7dfb31aa73576c60d06182b0d2ccfdb87e63d2d45e59b2a6b1f4cca0,"[4, 128]",0.001536464851163102,-1.654966736529034e-05,0.0015291975094647917,9.28232566698003e-06,2,4,6.847644058182508e-15,False,False,"Fixed physical Maxwell core, <=k additions; a positive pair is not automatically a 1-swap trap."
2014,early,4,<WORKSPACE>/Gaussian/A17/EXCHANGE_R1/results/object_2014_early,25387349f2beb0f96d242ca9b954a62e6bfcc22e30747f954ca70f472e65a2bd,15474a2e7dfb31aa73576c60d06182b0d2ccfdb87e63d2d45e59b2a6b1f4cca0,"[4, 144]",0.001536464851163102,-0.0006672172081421011,0.0014085734860161065,0.0005393258429951056,2,4,6.847644058182508e-15,False,False,"Fixed physical Maxwell core, <=k additions; a positive pair is not automatically a 1-swap trap."
2014,early,4,<WORKSPACE>/Gaussian/A17/EXCHANGE_R1/results/object_2014_early,25387349f2beb0f96d242ca9b954a62e6bfcc22e30747f954ca70f472e65a2bd,15474a2e7dfb31aa73576c60d06182b0d2ccfdb87e63d2d45e59b2a6b1f4cca0,"[32, 64]",-0.005787899253943363,-0.0029747620275692097,-0.003166419334947512,0.005596241946565061,2,4,6.847644058182508e-15,False,False,"Fixed physical Maxwell core, <=k additions; a positive pair is not automatically a 1-swap trap."
2014,early,4,<WORKSPACE>/Gaussian/A17/EXCHANGE_R1/results/object_2014_early,25387349f2beb0f96d242ca9b954a62e6bfcc22e30747f954ca70f472e65a2bd,15474a2e7dfb31aa73576c60d06182b0d2ccfdb87e63d2d45e59b2a6b1f4cca0,"[32, 96]",-0.005787899253943363,-0.004189180127480848,-0.002456858439246867,0.007520220942177344,2,4,6.847644058182508e-15,False,False,"Fixed physical Maxwell core, <=k additions; a positive pair is not automatically a 1-swap trap."
2014,early,4,<WORKSPACE>/Gaussian/A17/EXCHANGE_R1/results/object_2014_early,25387349f2beb0f96d242ca9b954a62e6bfcc22e30747f954ca70f472e65a2bd,15474a2e7dfb31aa73576c60d06182b0d2ccfdb87e63d2d45e59b2a6b1f4cca0,"[32, 128]",-0.005787899253943363,-1.654966736529034e-05,-0.005733282014320099,7.116690698855414e-05,2,4,6.847644058182508e-15,False,False,"Fixed physical Maxwell core, <=k additions; a positive pair is not automatically a 1-swap trap."
2014,early,4,<WORKSPACE>/Gaussian/A17/EXCHANGE_R1/results/object_2014_early,25387349f2beb0f96d242ca9b954a62e6bfcc22e30747f954ca70f472e65a2bd,15474a2e7dfb31aa73576c60d06182b0d2ccfdb87e63d2d45e59b2a6b1f4cca0,"[32, 144]",-0.005787899253943363,-0.0006672172081421011,-0.005095068070702797,0.0013600483913826667,2,4,6.847644058182508e-15,False,False,"Fixed physical Maxwell core, <=k additions; a positive pair is not automatically a 1-swap trap."
2014,early,4,<WORKSPACE>/Gaussian/A17/EXCHANGE_R1/results/object_2014_early,25387349f2beb0f96d242ca9b954a62e6bfcc22e30747f954ca70f472e65a2bd,15474a2e7dfb31aa73576c60d06182b0d2ccfdb87e63d2d45e59b2a6b1f4cca0,"[64, 96]",-0.0029747620275692097,-0.004189180127480848,-0.00037462050201149595,0.006789321653038562,2,4,6.847644058182508e-15,False,False,"Fixed physical Maxwell core, <=k additions; a positive pair is not automatically a 1-swap trap."
2014,early,4,<WORKSPACE>/Gaussian/A17/EXCHANGE_R1/results/object_2014_early,25387349f2beb0f96d242ca9b954a62e6bfcc22e30747f954ca70f472e65a2bd,15474a2e7dfb31aa73576c60d06182b0d2ccfdb87e63d2d45e59b2a6b1f4cca0,"[64, 128]",-0.0029747620275692097,-1.654966736529034e-05,-0.0029702166696758893,2.1095025258610684e-05,2,4,6.847644058182508e-15,False,False,"Fixed physical Maxwell core, <=k additions; a positive pair is not automatically a 1-swap trap."
2014,early,4,<WORKSPACE>/Gaussian/A17/EXCHANGE_R1/results/object_2014_early,25387349f2beb0f96d242ca9b954a62e6bfcc22e30747f954ca70f472e65a2bd,15474a2e7dfb31aa73576c60d06182b0d2ccfdb87e63d2d45e59b2a6b1f4cca0,"[64, 144]",-0.0029747620275692097,-0.0006672172081421011,-0.0029368245101145194,0.0007051547255967914,2,4,6.847644058182508e-15,False,False,"Fixed physical Maxwell core, <=k additions; a positive pair is not automatically a 1-swap trap."
2014,early,4,<WORKSPACE>/Gaussian/A17/EXCHANGE_R1/results/object_2014_early,25387349f2beb0f96d242ca9b954a62e6bfcc22e30747f954ca70f472e65a2bd,15474a2e7dfb31aa73576c60d06182b0d2ccfdb87e63d2d45e59b2a6b1f4cca0,"[96, 128]",-0.004189180127480848,-1.654966736529034e-05,-0.004208498841569336,-2.7690467231975936e-06,2,4,6.847644058182508e-15,False,False,"Fixed physical Maxwell core, <=k additions; a positive pair is not automatically a 1-swap trap."
2014,early,4,<WORKSPACE>/Gaussian/A17/EXCHANGE_R1/results/object_2014_early,25387349f2beb0f96d242ca9b954a62e6bfcc22e30747f954ca70f472e65a2bd,15474a2e7dfb31aa73576c60d06182b0d2ccfdb87e63d2d45e59b2a6b1f4cca0,"[96, 144]",-0.004189180127480848,-0.0006672172081421011,-0.004293473024749887,0.0005629243108730619,2,4,6.847644058182508e-15,False,False,"Fixed physical Maxwell core, <=k additions; a positive pair is not automatically a 1-swap trap."
2014,early,4,<WORKSPACE>/Gaussian/A17/EXCHANGE_R1/results/object_2014_early,25387349f2beb0f96d242ca9b954a62e6bfcc22e30747f954ca70f472e65a2bd,15474a2e7dfb31aa73576c60d06182b0d2ccfdb87e63d2d45e59b2a6b1f4cca0,"[128, 144]",-1.654966736529034e-05,-0.0006672172081421011,-0.000682522367175799,1.244508331592494e-06,2,4,6.847644058182508e-15,False,False,"Fixed physical Maxwell core, <=k additions; a positive pair is not automatically a 1-swap trap."
2014,early,8,<WORKSPACE>/Gaussian/A17/EXCHANGE_R1/results/object_2014_early,25387349f2beb0f96d242ca9b954a62e6bfcc22e30747f954ca70f472e65a2bd,15474a2e7dfb31aa73576c60d06182b0d2ccfdb87e63d2d45e59b2a6b1f4cca0,"[8, 32]",3.1783690004036586e-07,-8.20493154931733e-06,-8.247134045030486e-06,-3.60039395753522e-07,6,8,6.847644058182508e-15,False,False,"Fixed physical Maxwell core, <=k additions; a positive pair is not automatically a 1-swap trap."
2014,early,8,<WORKSPACE>/Gaussian/A17/EXCHANGE_R1/results/object_2014_early,25387349f2beb0f96d242ca9b954a62e6bfcc22e30747f954ca70f472e65a2bd,15474a2e7dfb31aa73576c60d06182b0d2ccfdb87e63d2d45e59b2a6b1f4cca0,"[8, 64]",3.1783690004036586e-07,-3.4259199176285055e-06,-1.800884763956932e-06,1.3071982536312075e-06,6,8,6.847644058182508e-15,False,False,"Fixed physical Maxwell core, <=k additions; a positive pair is not automatically a 1-swap trap."
2014,early,8,<WORKSPACE>/Gaussian/A17/EXCHANGE_R1/results/object_2014_early,25387349f2beb0f96d242ca9b954a62e6bfcc22e30747f954ca70f472e65a2bd,15474a2e7dfb31aa73576c60d06182b0d2ccfdb87e63d2d45e59b2a6b1f4cca0,"[8, 96]",3.1783690004036586e-07,-0.0002150699105873833,-0.0002146188939909821,1.3317969636082575e-07,6,8,6.847644058182508e-15,False,False,"Fixed physical Maxwell core, <=k additions; a positive pair is not automatically a 1-swap trap."
2014,early,8,<WORKSPACE>/Gaussian/A17/EXCHANGE_R1/results/object_2014_early,25387349f2beb0f96d242ca9b954a62e6bfcc22e30747f954ca70f472e65a2bd,15474a2e7dfb31aa73576c60d06182b0d2ccfdb87e63d2d45e59b2a6b1f4cca0,"[8, 128]",3.1783690004036586e-07,-1.8980015697192635e-06,-1.4306890413126567e-06,1.4947562836624107e-07,6,8,6.847644058182508e-15,False,False,"Fixed physical Maxwell core, <=k additions; a positive pair is not automatically a 1-swap trap."
2014,early,8,<WORKSPACE>/Gaussian/A17/EXCHANGE_R1/results/object_2014_early,25387349f2beb0f96d242ca9b954a62e6bfcc22e30747f954ca70f472e65a2bd,15474a2e7dfb31aa73576c60d06182b0d2ccfdb87e63d2d45e59b2a6b1f4cca0,"[8, 144]",3.1783690004036586e-07,-2.4167086620884094e-06,4.2233242151262385e-07,2.5212041835606673e-06,6,8,6.847644058182508e-15,False,False,"Fixed physical Maxwell core, <=k additions; a positive pair is not automatically a 1-swap trap."
2014,early,8,<WORKSPACE>/Gaussian/A17/EXCHANGE_R1/results/object_2014_early,25387349f2beb0f96d242ca9b954a62e6bfcc22e30747f954ca70f472e65a2bd,15474a2e7dfb31aa73576c60d06182b0d2ccfdb87e63d2d45e59b2a6b1f4cca0,"[32, 64]",-8.20493154931733e-06,-3.4259199176285055e-06,-1.9795603388781725e-05,-8.164751921835888e-06,6,8,6.847644058182508e-15,False,False,"Fixed physical Maxwell core, <=k additions; a positive pair is not automatically a 1-swap trap."
2014,early,8,<WORKSPACE>/Gaussian/A17/EXCHANGE_R1/results/object_2014_early,25387349f2beb0f96d242ca9b954a62e6bfcc22e30747f954ca70f472e65a2bd,15474a2e7dfb31aa73576c60d06182b0d2ccfdb87e63d2d45e59b2a6b1f4cca0,"[32, 96]",-8.20493154931733e-06,-0.0002150699105873833,-0.00013956948320573278,8.370535893096785e-05,6,8,6.847644058182508e-15,False,False,"Fixed physical Maxwell core, <=k additions; a positive pair is not automatically a 1-swap trap."
2014,early,8,<WORKSPACE>/Gaussian/A17/EXCHANGE_R1/results/object_2014_early,25387349f2beb0f96d242ca9b954a62e6bfcc22e30747f954ca70f472e65a2bd,15474a2e7dfb31aa73576c60d06182b0d2ccfdb87e63d2d45e59b2a6b1f4cca0,"[32, 128]",-8.20493154931733e-06,-1.8980015697192635e-06,-1.0150545378803773e-05,-4.761225976717879e-08,6,8,6.847644058182508e-15,False,False,"Fixed physical Maxwell core, <=k additions; a positive pair is not automatically a 1-swap trap."
2014,early,8,<WORKSPACE>/Gaussian/A17/EXCHANGE_R1/results/object_2014_early,25387349f2beb0f96d242ca9b954a62e6bfcc22e30747f954ca70f472e65a2bd,15474a2e7dfb31aa73576c60d06182b0d2ccfdb87e63d2d45e59b2a6b1f4cca0,"[32, 144]",-8.20493154931733e-06,-2.4167086620884094e-06,-1.0808150117464997e-05,-1.865099060592567e-07,6,8,6.847644058182508e-15,False,False,"Fixed physical Maxwell core, <=k additions; a positive pair is not automatically a 1-swap trap."
2014,early,8,<WORKSPACE>/Gaussian/A17/EXCHANGE_R1/results/object_2014_early,25387349f2beb0f96d242ca9b954a62e6bfcc22e30747f954ca70f472e65a2bd,15474a2e7dfb31aa73576c60d06182b0d2ccfdb87e63d2d45e59b2a6b1f4cca0,"[64, 96]",-3.4259199176285055e-06,-0.0002150699105873833,-0.00016700831275020205,5.1487517754809746e-05,6,8,6.847644058182508e-15,False,False,"Fixed physical Maxwell core, <=k additions; a positive pair is not automatically a 1-swap trap."
2014,early,8,<WORKSPACE>/Gaussian/A17/EXCHANGE_R1/results/object_2014_early,25387349f2beb0f96d242ca9b954a62e6bfcc22e30747f954ca70f472e65a2bd,15474a2e7dfb31aa73576c60d06182b0d2ccfdb87e63d2d45e59b2a6b1f4cca0,"[64, 128]",-3.4259199176285055e-06,-1.8980015697192635e-06,-5.4626508281035e-06,-1.3872934075573101e-07,6,8,6.847644058182508e-15,False,False,"Fixed physical Maxwell core, <=k additions; a positive pair is not automatically a 1-swap trap."
2014,early,8,<WORKSPACE>/Gaussian/A17/EXCHANGE_R1/results/object_2014_early,25387349f2beb0f96d242ca9b954a62e6bfcc22e30747f954ca70f472e65a2bd,15474a2e7dfb31aa73576c60d06182b0d2ccfdb87e63d2d45e59b2a6b1f4cca0,"[64, 144]",-3.4259199176285055e-06,-2.4167086620884094e-06,-5.408750552879431e-06,4.338780268374838e-07,6,8,6.847644058182508e-15,False,False,"Fixed physical Maxwell core, <=k additions; a positive pair is not automatically a 1-swap trap."
2014,early,8,<WORKSPACE>/Gaussian/A17/EXCHANGE_R1/results/object_2014_early,25387349f2beb0f96d242ca9b954a62e6bfcc22e30747f954ca70f472e65a2bd,15474a2e7dfb31aa73576c60d06182b0d2ccfdb87e63d2d45e59b2a6b1f4cca0,"[96, 128]",-0.0002150699105873833,-1.8980015697192635e-06,-0.000220870006273822,-3.902094116719441e-06,6,8,6.847644058182508e-15,False,False,"Fixed physical Maxwell core, <=k additions; a positive pair is not automatically a 1-swap trap."
2014,early,8,<WORKSPACE>/Gaussian/A17/EXCHANGE_R1/results/object_2014_early,25387349f2beb0f96d242ca9b954a62e6bfcc22e30747f954ca70f472e65a2bd,15474a2e7dfb31aa73576c60d06182b0d2ccfdb87e63d2d45e59b2a6b1f4cca0,"[96, 144]",-0.0002150699105873833,-2.4167086620884094e-06,-0.00021408757878573512,3.39904046373659e-06,6,8,6.847644058182508e-15,False,False,"Fixed physical Maxwell core, <=k additions; a positive pair is not automatically a 1-swap trap."
2014,early,8,<WORKSPACE>/Gaussian/A17/EXCHANGE_R1/results/object_2014_early,25387349f2beb0f96d242ca9b954a62e6bfcc22e30747f954ca70f472e65a2bd,15474a2e7dfb31aa73576c60d06182b0d2ccfdb87e63d2d45e59b2a6b1f4cca0,"[128, 144]",-1.8980015697192635e-06,-2.4167086620884094e-06,-4.159166839374332e-06,1.5554339243334068e-07,6,8,6.847644058182508e-15,False,False,"Fixed physical Maxwell core, <=k additions; a positive pair is not automatically a 1-swap trap."
2014,early,16,<WORKSPACE>/Gaussian/A17/EXCHANGE_R1/results/object_2014_early,25387349f2beb0f96d242ca9b954a62e6bfcc22e30747f954ca70f472e65a2bd,15474a2e7dfb31aa73576c60d06182b0d2ccfdb87e63d2d45e59b2a6b1f4cca0,"[16, 32]",1.3766428128407627e-06,-2.7539179643246435e-08,1.4906036075940266e-06,1.4149997439651026e-07,14,16,6.847644058182508e-15,False,False,"Fixed physical Maxwell core, <=k additions; a positive pair is not automatically a 1-swap trap."
2014,early,16,<WORKSPACE>/Gaussian/A17/EXCHANGE_R1/results/object_2014_early,25387349f2beb0f96d242ca9b954a62e6bfcc22e30747f954ca70f472e65a2bd,15474a2e7dfb31aa73576c60d06182b0d2ccfdb87e63d2d45e59b2a6b1f4cca0,"[16, 64]",1.3766428128407627e-06,3.839751584562789e-06,4.920285542247152e-06,-2.961088551563996e-07,14,16,6.847644058182508e-15,False,False,"Fixed physical Maxwell core, <=k additions; a positive pair is not automatically a 1-swap trap."
2014,early,16,<WORKSPACE>/Gaussian/A17/EXCHANGE_R1/results/object_2014_early,25387349f2beb0f96d242ca9b954a62e6bfcc22e30747f954ca70f472e65a2bd,15474a2e7dfb31aa73576c60d06182b0d2ccfdb87e63d2d45e59b2a6b1f4cca0,"[16, 96]",1.3766428128407627e-06,-4.720949877245767e-05,-4.494627068226249e-05,8.865852773544113e-07,14,16,6.847644058182508e-15,False,False,"Fixed physical Maxwell core, <=k additions; a positive pair is not automatically a 1-swap trap."
2014,early,16,<WORKSPACE>/Gaussian/A17/EXCHANGE_R1/results/object_2014_early,25387349f2beb0f96d242ca9b954a62e6bfcc22e30747f954ca70f472e65a2bd,15474a2e7dfb31aa73576c60d06182b0d2ccfdb87e63d2d45e59b2a6b1f4cca0,"[16, 128]",1.3766428128407627e-06,-7.989556802251732e-07,6.374646630865982e-07,5.977753047100862e-08,14,16,6.847644058182508e-15,False,False,"Fixed physical Maxwell core, <=k additions; a positive pair is not automatically a 1-swap trap."
2014,early,16,<WORKSPACE>/Gaussian/A17/EXCHANGE_R1/results/object_2014_early,25387349f2beb0f96d242ca9b954a62e6bfcc22e30747f954ca70f472e65a2bd,15474a2e7dfb31aa73576c60d06182b0d2ccfdb87e63d2d45e59b2a6b1f4cca0,"[16, 144]",1.3766428128407627e-06,-1.72945346242497e-07,1.202971300286876e-06,-7.261663113898215e-10,14,16,6.847644058182508e-15,False,False,"Fixed physical Maxwell core, <=k additions; a positive pair is not automatically a 1-swap trap."
2014,early,16,<WORKSPACE>/Gaussian/A17/EXCHANGE_R1/results/object_2014_early,25387349f2beb0f96d242ca9b954a62e6bfcc22e30747f954ca70f472e65a2bd,15474a2e7dfb31aa73576c60d06182b0d2ccfdb87e63d2d45e59b2a6b1f4cca0,"[32, 64]",-2.7539179643246435e-08,3.839751584562789e-06,5.167660948444206e-07,-3.295446310075122e-06,14,16,6.847644058182508e-15,False,False,"Fixed physical Maxwell core, <=k additions; a positive pair is not automatically a 1-swap trap."
2014,early,16,<WORKSPACE>/Gaussian/A17/EXCHANGE_R1/results/object_2014_early,25387349f2beb0f96d242ca9b954a62e6bfcc22e30747f954ca70f472e65a2bd,15474a2e7dfb31aa73576c60d06182b0d2ccfdb87e63d2d45e59b2a6b1f4cca0,"[32, 96]",-2.7539179643246435e-08,-4.720949877245767e-05,-3.291865492721555e-05,1.4318383024885369e-05,14,16,6.847644058182508e-15,False,False,"Fixed physical Maxwell core, <=k additions; a positive pair is not automatically a 1-swap trap."
2014,early,16,<WORKSPACE>/Gaussian/A17/EXCHANGE_R1/results/object_2014_early,25387349f2beb0f96d242ca9b954a62e6bfcc22e30747f954ca70f472e65a2bd,15474a2e7dfb31aa73576c60d06182b0d2ccfdb87e63d2d45e59b2a6b1f4cca0,"[32, 128]",-2.7539179643246435e-08,-7.989556802251732e-07,-9.452720135321045e-07,-1.1877715366368489e-07,14,16,6.847644058182508e-15,False,False,"Fixed physical Maxwell core, <=k additions; a positive pair is not automatically a 1-swap trap."
2014,early,16,<WORKSPACE>/Gaussian/A17/EXCHANGE_R1/results/object_2014_early,25387349f2beb0f96d242ca9b954a62e6bfcc22e30747f954ca70f472e65a2bd,15474a2e7dfb31aa73576c60d06182b0d2ccfdb87e63d2d45e59b2a6b1f4cca0,"[32, 144]",-2.7539179643246435e-08,-1.72945346242497e-07,-1.892403057826485e-07,1.1244220103094943e-08,14,16,6.847644058182508e-15,False,False,"Fixed physical Maxwell core, <=k additions; a positive pair is not automatically a 1-swap trap."
2014,early,16,<WORKSPACE>/Gaussian/A17/EXCHANGE_R1/results/object_2014_early,25387349f2beb0f96d242ca9b954a62e6bfcc22e30747f954ca70f472e65a2bd,15474a2e7dfb31aa73576c60d06182b0d2ccfdb87e63d2d45e59b2a6b1f4cca0,"[64, 96]",3.839751584562789e-06,-4.720949877245767e-05,-3.9677259117462573e-05,3.692488070432307e-06,14,16,6.847644058182508e-15,False,False,"Fixed physical Maxwell core, <=k additions; a positive pair is not automatically a 1-swap trap."
2014,early,16,<WORKSPACE>/Gaussian/A17/EXCHANGE_R1/results/object_2014_early,25387349f2beb0f96d242ca9b954a62e6bfcc22e30747f954ca70f472e65a2bd,15474a2e7dfb31aa73576c60d06182b0d2ccfdb87e63d2d45e59b2a6b1f4cca0,"[64, 128]",3.839751584562789e-06,-7.989556802251732e-07,2.7821419627659477e-06,-2.586539415716679e-07,14,16,6.847644058182508e-15,False,False,"Fixed physical Maxwell core, <=k additions; a positive pair is not automatically a 1-swap trap."
2014,early,16,<WORKSPACE>/Gaussian/A17/EXCHANGE_R1/results/object_2014_early,25387349f2beb0f96d242ca9b954a62e6bfcc22e30747f954ca70f472e65a2bd,15474a2e7dfb31aa73576c60d06182b0d2ccfdb87e63d2d45e59b2a6b1f4cca0,"[64, 144]",3.839751584562789e-06,-1.72945346242497e-07,3.6191141746726684e-06,-4.769206364762336e-08,14,16,6.847644058182508e-15,False,False,"Fixed physical Maxwell core, <=k additions; a positive pair is not automatically a 1-swap trap."
2014,early,16,<WORKSPACE>/Gaussian/A17/EXCHANGE_R1/results/object_2014_early,25387349f2beb0f96d242ca9b954a62e6bfcc22e30747f954ca70f472e65a2bd,15474a2e7dfb31aa73576c60d06182b0d2ccfdb87e63d2d45e59b2a6b1f4cca0,"[96, 128]",-4.720949877245767e-05,-7.989556802251732e-07,-4.852954878589111e-05,-5.210943332082656e-07,14,16,6.847644058182508e-15,False,False,"Fixed physical Maxwell core, <=k additions; a positive pair is not automatically a 1-swap trap."
2014,early,16,<WORKSPACE>/Gaussian/A17/EXCHANGE_R1/results/object_2014_early,25387349f2beb0f96d242ca9b954a62e6bfcc22e30747f954ca70f472e65a2bd,15474a2e7dfb31aa73576c60d06182b0d2ccfdb87e63d2d45e59b2a6b1f4cca0,"[96, 144]",-4.720949877245767e-05,-1.72945346242497e-07,-4.7282539343477376e-05,9.990477522279092e-08,14,16,6.847644058182508e-15,False,False,"Fixed physical Maxwell core, <=k additions; a positive pair is not automatically a 1-swap trap."
2014,early,16,<WORKSPACE>/Gaussian/A17/EXCHANGE_R1/results/object_2014_early,25387349f2beb0f96d242ca9b954a62e6bfcc22e30747f954ca70f472e65a2bd,15474a2e7dfb31aa73576c60d06182b0d2ccfdb87e63d2d45e59b2a6b1f4cca0,"[128, 144]",-7.989556802251732e-07,-1.72945346242497e-07,-9.598649173076492e-07,1.2036109160021029e-08,14,16,6.847644058182508e-15,False,False,"Fixed physical Maxwell core, <=k additions; a positive pair is not automatically a 1-swap trap."
2014,late,4,<WORKSPACE>/Gaussian/A17/EXCHANGE_R1/results/object_2014_late,b6f31291e28a44f1d1dd91471e5aaa02f3016e0dcf28b70e027f1ca996b71776,724f34a334747b84b3771eceb80690f702f3a5090219818629f7153498118ec5,"[4, 32]",,,,,2,4,3.6589387655649e-18,False,False,"Fixed physical Maxwell core, <=k additions; a positive pair is not automatically a 1-swap trap."
2014,late,4,<WORKSPACE>/Gaussian/A17/EXCHANGE_R1/results/object_2014_late,b6f31291e28a44f1d1dd91471e5aaa02f3016e0dcf28b70e027f1ca996b71776,724f34a334747b84b3771eceb80690f702f3a5090219818629f7153498118ec5,"[4, 64]",,,,,2,4,3.6589387655649e-18,False,False,"Fixed physical Maxwell core, <=k additions; a positive pair is not automatically a 1-swap trap."
2014,late,4,<WORKSPACE>/Gaussian/A17/EXCHANGE_R1/results/object_2014_late,b6f31291e28a44f1d1dd91471e5aaa02f3016e0dcf28b70e027f1ca996b71776,724f34a334747b84b3771eceb80690f702f3a5090219818629f7153498118ec5,"[4, 96]",,,,,2,4,3.6589387655649e-18,False,False,"Fixed physical Maxwell core, <=k additions; a positive pair is not automatically a 1-swap trap."
2014,late,4,<WORKSPACE>/Gaussian/A17/EXCHANGE_R1/results/object_2014_late,b6f31291e28a44f1d1dd91471e5aaa02f3016e0dcf28b70e027f1ca996b71776,724f34a334747b84b3771eceb80690f702f3a5090219818629f7153498118ec5,"[4, 128]",,,,,2,4,3.6589387655649e-18,False,False,"Fixed physical Maxwell core, <=k additions; a positive pair is not automatically a 1-swap trap."
2014,late,4,<WORKSPACE>/Gaussian/A17/EXCHANGE_R1/results/object_2014_late,b6f31291e28a44f1d1dd91471e5aaa02f3016e0dcf28b70e027f1ca996b71776,724f34a334747b84b3771eceb80690f702f3a5090219818629f7153498118ec5,"[4, 144]",,,,,2,4,3.6589387655649e-18,False,False,"Fixed physical Maxwell core, <=k additions; a positive pair is not automatically a 1-swap trap."
2014,late,4,<WORKSPACE>/Gaussian/A17/EXCHANGE_R1/results/object_2014_late,b6f31291e28a44f1d1dd91471e5aaa02f3016e0dcf28b70e027f1ca996b71776,724f34a334747b84b3771eceb80690f702f3a5090219818629f7153498118ec5,"[32, 64]",,,,,2,4,3.6589387655649e-18,False,False,"Fixed physical Maxwell core, <=k additions; a positive pair is not automatically a 1-swap trap."
2014,late,4,<WORKSPACE>/Gaussian/A17/EXCHANGE_R1/results/object_2014_late,b6f31291e28a44f1d1dd91471e5aaa02f3016e0dcf28b70e027f1ca996b71776,724f34a334747b84b3771eceb80690f702f3a5090219818629f7153498118ec5,"[32, 96]",,,,,2,4,3.6589387655649e-18,False,False,"Fixed physical Maxwell core, <=k additions; a positive pair is not automatically a 1-swap trap."
2014,late,4,<WORKSPACE>/Gaussian/A17/EXCHANGE_R1/results/object_2014_late,b6f31291e28a44f1d1dd91471e5aaa02f3016e0dcf28b70e027f1ca996b71776,724f34a334747b84b3771eceb80690f702f3a5090219818629f7153498118ec5,"[32, 128]",,,,,2,4,3.6589387655649e-18,False,False,"Fixed physical Maxwell core, <=k additions; a positive pair is not automatically a 1-swap trap."
2014,late,4,<WORKSPACE>/Gaussian/A17/EXCHANGE_R1/results/object_2014_late,b6f31291e28a44f1d1dd91471e5aaa02f3016e0dcf28b70e027f1ca996b71776,724f34a334747b84b3771eceb80690f702f3a5090219818629f7153498118ec5,"[32, 144]",,,,,2,4,3.6589387655649e-18,False,False,"Fixed physical Maxwell core, <=k additions; a positive pair is not automatically a 1-swap trap."
2014,late,4,<WORKSPACE>/Gaussian/A17/EXCHANGE_R1/results/object_2014_late,b6f31291e28a44f1d1dd91471e5aaa02f3016e0dcf28b70e027f1ca996b71776,724f34a334747b84b3771eceb80690f702f3a5090219818629f7153498118ec5,"[64, 96]",,,,,2,4,3.6589387655649e-18,False,False,"Fixed physical Maxwell core, <=k additions; a positive pair is not automatically a 1-swap trap."
2014,late,4,<WORKSPACE>/Gaussian/A17/EXCHANGE_R1/results/object_2014_late,b6f31291e28a44f1d1dd91471e5aaa02f3016e0dcf28b70e027f1ca996b71776,724f34a334747b84b3771eceb80690f702f3a5090219818629f7153498118ec5,"[64, 128]",,,,,2,4,3.6589387655649e-18,False,False,"Fixed physical Maxwell core, <=k additions; a positive pair is not automatically a 1-swap trap."
2014,late,4,<WORKSPACE>/Gaussian/A17/EXCHANGE_R1/results/object_2014_late,b6f31291e28a44f1d1dd91471e5aaa02f3016e0dcf28b70e027f1ca996b71776,724f34a334747b84b3771eceb80690f702f3a5090219818629f7153498118ec5,"[64, 144]",,,,,2,4,3.6589387655649e-18,False,False,"Fixed physical Maxwell core, <=k additions; a positive pair is not automatically a 1-swap trap."
2014,late,4,<WORKSPACE>/Gaussian/A17/EXCHANGE_R1/results/object_2014_late,b6f31291e28a44f1d1dd91471e5aaa02f3016e0dcf28b70e027f1ca996b71776,724f34a334747b84b3771eceb80690f702f3a5090219818629f7153498118ec5,"[96, 128]",,,,,2,4,3.6589387655649e-18,False,False,"Fixed physical Maxwell core, <=k additions; a positive pair is not automatically a 1-swap trap."
2014,late,4,<WORKSPACE>/Gaussian/A17/EXCHANGE_R1/results/object_2014_late,b6f31291e28a44f1d1dd91471e5aaa02f3016e0dcf28b70e027f1ca996b71776,724f34a334747b84b3771eceb80690f702f3a5090219818629f7153498118ec5,"[96, 144]",,,,,2,4,3.6589387655649e-18,False,False,"Fixed physical Maxwell core, <=k additions; a positive pair is not automatically a 1-swap trap."
2014,late,4,<WORKSPACE>/Gaussian/A17/EXCHANGE_R1/results/object_2014_late,b6f31291e28a44f1d1dd91471e5aaa02f3016e0dcf28b70e027f1ca996b71776,724f34a334747b84b3771eceb80690f702f3a5090219818629f7153498118ec5,"[128, 144]",,,,,2,4,3.6589387655649e-18,False,False,"Fixed physical Maxwell core, <=k additions; a positive pair is not automatically a 1-swap trap."
2014,late,8,<WORKSPACE>/Gaussian/A17/EXCHANGE_R1/results/object_2014_late,b6f31291e28a44f1d1dd91471e5aaa02f3016e0dcf28b70e027f1ca996b71776,724f34a334747b84b3771eceb80690f702f3a5090219818629f7153498118ec5,"[8, 32]",,,,,6,8,3.6589387655649e-18,False,False,"Fixed physical Maxwell core, <=k additions; a positive pair is not automatically a 1-swap trap."
2014,late,8,<WORKSPACE>/Gaussian/A17/EXCHANGE_R1/results/object_2014_late,b6f31291e28a44f1d1dd91471e5aaa02f3016e0dcf28b70e027f1ca996b71776,724f34a334747b84b3771eceb80690f702f3a5090219818629f7153498118ec5,"[8, 64]",,,,,6,8,3.6589387655649e-18,False,False,"Fixed physical Maxwell core, <=k additions; a positive pair is not automatically a 1-swap trap."
2014,late,8,<WORKSPACE>/Gaussian/A17/EXCHANGE_R1/results/object_2014_late,b6f31291e28a44f1d1dd91471e5aaa02f3016e0dcf28b70e027f1ca996b71776,724f34a334747b84b3771eceb80690f702f3a5090219818629f7153498118ec5,"[8, 96]",,,,,6,8,3.6589387655649e-18,False,False,"Fixed physical Maxwell core, <=k additions; a positive pair is not automatically a 1-swap trap."
2014,late,8,<WORKSPACE>/Gaussian/A17/EXCHANGE_R1/results/object_2014_late,b6f31291e28a44f1d1dd91471e5aaa02f3016e0dcf28b70e027f1ca996b71776,724f34a334747b84b3771eceb80690f702f3a5090219818629f7153498118ec5,"[8, 128]",,,,,6,8,3.6589387655649e-18,False,False,"Fixed physical Maxwell core, <=k additions; a positive pair is not automatically a 1-swap trap."
2014,late,8,<WORKSPACE>/Gaussian/A17/EXCHANGE_R1/results/object_2014_late,b6f31291e28a44f1d1dd91471e5aaa02f3016e0dcf28b70e027f1ca996b71776,724f34a334747b84b3771eceb80690f702f3a5090219818629f7153498118ec5,"[8, 144]",,,,,6,8,3.6589387655649e-18,False,False,"Fixed physical Maxwell core, <=k additions; a positive pair is not automatically a 1-swap trap."
2014,late,8,<WORKSPACE>/Gaussian/A17/EXCHANGE_R1/results/object_2014_late,b6f31291e28a44f1d1dd91471e5aaa02f3016e0dcf28b70e027f1ca996b71776,724f34a334747b84b3771eceb80690f702f3a5090219818629f7153498118ec5,"[32, 64]",,,,,6,8,3.6589387655649e-18,False,False,"Fixed physical Maxwell core, <=k additions; a positive pair is not automatically a 1-swap trap."
2014,late,8,<WORKSPACE>/Gaussian/A17/EXCHANGE_R1/results/object_2014_late,b6f31291e28a44f1d1dd91471e5aaa02f3016e0dcf28b70e027f1ca996b71776,724f34a334747b84b3771eceb80690f702f3a5090219818629f7153498118ec5,"[32, 96]",,,,,6,8,3.6589387655649e-18,False,False,"Fixed physical Maxwell core, <=k additions; a positive pair is not automatically a 1-swap trap."
2014,late,8,<WORKSPACE>/Gaussian/A17/EXCHANGE_R1/results/object_2014_late,b6f31291e28a44f1d1dd91471e5aaa02f3016e0dcf28b70e027f1ca996b71776,724f34a334747b84b3771eceb80690f702f3a5090219818629f7153498118ec5,"[32, 128]",,,,,6,8,3.6589387655649e-18,False,False,"Fixed physical Maxwell core, <=k additions; a positive pair is not automatically a 1-swap trap."
2014,late,8,<WORKSPACE>/Gaussian/A17/EXCHANGE_R1/results/object_2014_late,b6f31291e28a44f1d1dd91471e5aaa02f3016e0dcf28b70e027f1ca996b71776,724f34a334747b84b3771eceb80690f702f3a5090219818629f7153498118ec5,"[32, 144]",,,,,6,8,3.6589387655649e-18,False,False,"Fixed physical Maxwell core, <=k additions; a positive pair is not automatically a 1-swap trap."
2014,late,8,<WORKSPACE>/Gaussian/A17/EXCHANGE_R1/results/object_2014_late,b6f31291e28a44f1d1dd91471e5aaa02f3016e0dcf28b70e027f1ca996b71776,724f34a334747b84b3771eceb80690f702f3a5090219818629f7153498118ec5,"[64, 96]",,,,,6,8,3.6589387655649e-18,False,False,"Fixed physical Maxwell core, <=k additions; a positive pair is not automatically a 1-swap trap."
2014,late,8,<WORKSPACE>/Gaussian/A17/EXCHANGE_R1/results/object_2014_late,b6f31291e28a44f1d1dd91471e5aaa02f3016e0dcf28b70e027f1ca996b71776,724f34a334747b84b3771eceb80690f702f3a5090219818629f7153498118ec5,"[64, 128]",,,,,6,8,3.6589387655649e-18,False,False,"Fixed physical Maxwell core, <=k additions; a positive pair is not automatically a 1-swap trap."
2014,late,8,<WORKSPACE>/Gaussian/A17/EXCHANGE_R1/results/object_2014_late,b6f31291e28a44f1d1dd91471e5aaa02f3016e0dcf28b70e027f1ca996b71776,724f34a334747b84b3771eceb80690f702f3a5090219818629f7153498118ec5,"[64, 144]",,,,,6,8,3.6589387655649e-18,False,False,"Fixed physical Maxwell core, <=k additions; a positive pair is not automatically a 1-swap trap."
2014,late,8,<WORKSPACE>/Gaussian/A17/EXCHANGE_R1/results/object_2014_late,b6f31291e28a44f1d1dd91471e5aaa02f3016e0dcf28b70e027f1ca996b71776,724f34a334747b84b3771eceb80690f702f3a5090219818629f7153498118ec5,"[96, 128]",,,,,6,8,3.6589387655649e-18,False,False,"Fixed physical Maxwell core, <=k additions; a positive pair is not automatically a 1-swap trap."
2014,late,8,<WORKSPACE>/Gaussian/A17/EXCHANGE_R1/results/object_2014_late,b6f31291e28a44f1d1dd91471e5aaa02f3016e0dcf28b70e027f1ca996b71776,724f34a334747b84b3771eceb80690f702f3a5090219818629f7153498118ec5,"[96, 144]",,,,,6,8,3.6589387655649e-18,False,False,"Fixed physical Maxwell core, <=k additions; a positive pair is not automatically a 1-swap trap."
2014,late,8,<WORKSPACE>/Gaussian/A17/EXCHANGE_R1/results/object_2014_late,b6f31291e28a44f1d1dd91471e5aaa02f3016e0dcf28b70e027f1ca996b71776,724f34a334747b84b3771eceb80690f702f3a5090219818629f7153498118ec5,"[128, 144]",,,,,6,8,3.6589387655649e-18,False,False,"Fixed physical Maxwell core, <=k additions; a positive pair is not automatically a 1-swap trap."
2014,late,16,<WORKSPACE>/Gaussian/A17/EXCHANGE_R1/results/object_2014_late,b6f31291e28a44f1d1dd91471e5aaa02f3016e0dcf28b70e027f1ca996b71776,724f34a334747b84b3771eceb80690f702f3a5090219818629f7153498118ec5,"[16, 32]",-3.8394878523015e-07,,,,14,16,3.6589387655649e-18,False,False,"Fixed physical Maxwell core, <=k additions; a positive pair is not automatically a 1-swap trap."
2014,late,16,<WORKSPACE>/Gaussian/A17/EXCHANGE_R1/results/object_2014_late,b6f31291e28a44f1d1dd91471e5aaa02f3016e0dcf28b70e027f1ca996b71776,724f34a334747b84b3771eceb80690f702f3a5090219818629f7153498118ec5,"[16, 64]",-3.8394878523015e-07,,,,14,16,3.6589387655649e-18,False,False,"Fixed physical Maxwell core, <=k additions; a positive pair is not automatically a 1-swap trap."
2014,late,16,<WORKSPACE>/Gaussian/A17/EXCHANGE_R1/results/object_2014_late,b6f31291e28a44f1d1dd91471e5aaa02f3016e0dcf28b70e027f1ca996b71776,724f34a334747b84b3771eceb80690f702f3a5090219818629f7153498118ec5,"[16, 96]",-3.8394878523015e-07,,,,14,16,3.6589387655649e-18,False,False,"Fixed physical Maxwell core, <=k additions; a positive pair is not automatically a 1-swap trap."
2014,late,16,<WORKSPACE>/Gaussian/A17/EXCHANGE_R1/results/object_2014_late,b6f31291e28a44f1d1dd91471e5aaa02f3016e0dcf28b70e027f1ca996b71776,724f34a334747b84b3771eceb80690f702f3a5090219818629f7153498118ec5,"[16, 128]",-3.8394878523015e-07,,,,14,16,3.6589387655649e-18,False,False,"Fixed physical Maxwell core, <=k additions; a positive pair is not automatically a 1-swap trap."
2014,late,16,<WORKSPACE>/Gaussian/A17/EXCHANGE_R1/results/object_2014_late,b6f31291e28a44f1d1dd91471e5aaa02f3016e0dcf28b70e027f1ca996b71776,724f34a334747b84b3771eceb80690f702f3a5090219818629f7153498118ec5,"[16, 144]",-3.8394878523015e-07,,,,14,16,3.6589387655649e-18,False,False,"Fixed physical Maxwell core, <=k additions; a positive pair is not automatically a 1-swap trap."
2014,late,16,<WORKSPACE>/Gaussian/A17/EXCHANGE_R1/results/object_2014_late,b6f31291e28a44f1d1dd91471e5aaa02f3016e0dcf28b70e027f1ca996b71776,724f34a334747b84b3771eceb80690f702f3a5090219818629f7153498118ec5,"[32, 64]",,,,,14,16,3.6589387655649e-18,False,False,"Fixed physical Maxwell core, <=k additions; a positive pair is not automatically a 1-swap trap."
2014,late,16,<WORKSPACE>/Gaussian/A17/EXCHANGE_R1/results/object_2014_late,b6f31291e28a44f1d1dd91471e5aaa02f3016e0dcf28b70e027f1ca996b71776,724f34a334747b84b3771eceb80690f702f3a5090219818629f7153498118ec5,"[32, 96]",,,,,14,16,3.6589387655649e-18,False,False,"Fixed physical Maxwell core, <=k additions; a positive pair is not automatically a 1-swap trap."
2014,late,16,<WORKSPACE>/Gaussian/A17/EXCHANGE_R1/results/object_2014_late,b6f31291e28a44f1d1dd91471e5aaa02f3016e0dcf28b70e027f1ca996b71776,724f34a334747b84b3771eceb80690f702f3a5090219818629f7153498118ec5,"[32, 128]",,,,,14,16,3.6589387655649e-18,False,False,"Fixed physical Maxwell core, <=k additions; a positive pair is not automatically a 1-swap trap."
2014,late,16,<WORKSPACE>/Gaussian/A17/EXCHANGE_R1/results/object_2014_late,b6f31291e28a44f1d1dd91471e5aaa02f3016e0dcf28b70e027f1ca996b71776,724f34a334747b84b3771eceb80690f702f3a5090219818629f7153498118ec5,"[32, 144]",,,,,14,16,3.6589387655649e-18,False,False,"Fixed physical Maxwell core, <=k additions; a positive pair is not automatically a 1-swap trap."
2014,late,16,<WORKSPACE>/Gaussian/A17/EXCHANGE_R1/results/object_2014_late,b6f31291e28a44f1d1dd91471e5aaa02f3016e0dcf28b70e027f1ca996b71776,724f34a334747b84b3771eceb80690f702f3a5090219818629f7153498118ec5,"[64, 96]",,,,,14,16,3.6589387655649e-18,False,False,"Fixed physical Maxwell core, <=k additions; a positive pair is not automatically a 1-swap trap."
2014,late,16,<WORKSPACE>/Gaussian/A17/EXCHANGE_R1/results/object_2014_late,b6f31291e28a44f1d1dd91471e5aaa02f3016e0dcf28b70e027f1ca996b71776,724f34a334747b84b3771eceb80690f702f3a5090219818629f7153498118ec5,"[64, 128]",,,,,14,16,3.6589387655649e-18,False,False,"Fixed physical Maxwell core, <=k additions; a positive pair is not automatically a 1-swap trap."
2014,late,16,<WORKSPACE>/Gaussian/A17/EXCHANGE_R1/results/object_2014_late,b6f31291e28a44f1d1dd91471e5aaa02f3016e0dcf28b70e027f1ca996b71776,724f34a334747b84b3771eceb80690f702f3a5090219818629f7153498118ec5,"[64, 144]",,,,,14,16,3.6589387655649e-18,False,False,"Fixed physical Maxwell core, <=k additions; a positive pair is not automatically a 1-swap trap."
2014,late,16,<WORKSPACE>/Gaussian/A17/EXCHANGE_R1/results/object_2014_late,b6f31291e28a44f1d1dd91471e5aaa02f3016e0dcf28b70e027f1ca996b71776,724f34a334747b84b3771eceb80690f702f3a5090219818629f7153498118ec5,"[96, 128]",,,,,14,16,3.6589387655649e-18,False,False,"Fixed physical Maxwell core, <=k additions; a positive pair is not automatically a 1-swap trap."
2014,late,16,<WORKSPACE>/Gaussian/A17/EXCHANGE_R1/results/object_2014_late,b6f31291e28a44f1d1dd91471e5aaa02f3016e0dcf28b70e027f1ca996b71776,724f34a334747b84b3771eceb80690f702f3a5090219818629f7153498118ec5,"[96, 144]",,,,,14,16,3.6589387655649e-18,False,False,"Fixed physical Maxwell core, <=k additions; a positive pair is not automatically a 1-swap trap."
2014,late,16,<WORKSPACE>/Gaussian/A17/EXCHANGE_R1/results/object_2014_late,b6f31291e28a44f1d1dd91471e5aaa02f3016e0dcf28b70e027f1ca996b71776,724f34a334747b84b3771eceb80690f702f3a5090219818629f7153498118ec5,"[128, 144]",,,8.553955007353137e-08,,14,16,3.6589387655649e-18,False,False,"Fixed physical Maxwell core, <=k additions; a positive pair is not automatically a 1-swap trap."
2014,middle,4,<WORKSPACE>/Gaussian/A17/EXCHANGE_R1/results/object_2014_middle,aa19917b3f8553f3b14fade897f0ee673eb6b42e1939ee1a084a9f381f3a6cde,7d83c21331b4d5e2cec872c4e5a1e5262c86356fdcf1cd1ce9a4e12be7ffa741,"[4, 32]",9.134661927769594e-05,-7.15676155546404e-05,3.0561422608261504e-05,1.078241888520596e-05,2,4,2.6036195269324288e-18,False,False,"Fixed physical Maxwell core, <=k additions; a positive pair is not automatically a 1-swap trap."
2014,middle,4,<WORKSPACE>/Gaussian/A17/EXCHANGE_R1/results/object_2014_middle,aa19917b3f8553f3b14fade897f0ee673eb6b42e1939ee1a084a9f381f3a6cde,7d83c21331b4d5e2cec872c4e5a1e5262c86356fdcf1cd1ce9a4e12be7ffa741,"[4, 64]",9.134661927769594e-05,2.17001530886028e-06,0.0001024101391151926,8.893504528636376e-06,2,4,2.6036195269324288e-18,False,False,"Fixed physical Maxwell core, <=k additions; a positive pair is not automatically a 1-swap trap."
2014,middle,4,<WORKSPACE>/Gaussian/A17/EXCHANGE_R1/results/object_2014_middle,aa19917b3f8553f3b14fade897f0ee673eb6b42e1939ee1a084a9f381f3a6cde,7d83c21331b4d5e2cec872c4e5a1e5262c86356fdcf1cd1ce9a4e12be7ffa741,"[4, 96]",9.134661927769594e-05,2.070998319673767e-05,0.00011976628164746874,7.70967917303513e-06,2,4,2.6036195269324288e-18,False,False,"Fixed physical Maxwell core, <=k additions; a positive pair is not automatically a 1-swap trap."
2014,middle,4,<WORKSPACE>/Gaussian/A17/EXCHANGE_R1/results/object_2014_middle,aa19917b3f8553f3b14fade897f0ee673eb6b42e1939ee1a084a9f381f3a6cde,7d83c21331b4d5e2cec872c4e5a1e5262c86356fdcf1cd1ce9a4e12be7ffa741,"[4, 128]",9.134661927769594e-05,2.0051105739460805e-06,9.274048810781772e-05,-6.112417438242957e-07,2,4,2.6036195269324288e-18,False,False,"Fixed physical Maxwell core, <=k additions; a positive pair is not automatically a 1-swap trap."
2014,middle,4,<WORKSPACE>/Gaussian/A17/EXCHANGE_R1/results/object_2014_middle,aa19917b3f8553f3b14fade897f0ee673eb6b42e1939ee1a084a9f381f3a6cde,7d83c21331b4d5e2cec872c4e5a1e5262c86356fdcf1cd1ce9a4e12be7ffa741,"[4, 144]",9.134661927769594e-05,-7.012100124739137e-07,8.713166510720118e-05,-3.5137441580208423e-06,2,4,2.6036195269324288e-18,False,False,"Fixed physical Maxwell core, <=k additions; a positive pair is not automatically a 1-swap trap."
2014,middle,4,<WORKSPACE>/Gaussian/A17/EXCHANGE_R1/results/object_2014_middle,aa19917b3f8553f3b14fade897f0ee673eb6b42e1939ee1a084a9f381f3a6cde,7d83c21331b4d5e2cec872c4e5a1e5262c86356fdcf1cd1ce9a4e12be7ffa741,"[32, 64]",-7.15676155546404e-05,2.17001530886028e-06,1.695048007441679e-05,8.63480803201969e-05,2,4,2.6036195269324288e-18,False,False,"Fixed physical Maxwell core, <=k additions; a positive pair is not automatically a 1-swap trap."
2014,middle,4,<WORKSPACE>/Gaussian/A17/EXCHANGE_R1/results/object_2014_middle,aa19917b3f8553f3b14fade897f0ee673eb6b42e1939ee1a084a9f381f3a6cde,7d83c21331b4d5e2cec872c4e5a1e5262c86356fdcf1cd1ce9a4e12be7ffa741,"[32, 96]",-7.15676155546404e-05,2.070998319673767e-05,3.867784721748151e-05,8.953547957538424e-05,2,4,2.6036195269324288e-18,False,False,"Fixed physical Maxwell core, <=k additions; a positive pair is not automatically a 1-swap trap."
2014,middle,4,<WORKSPACE>/Gaussian/A17/EXCHANGE_R1/results/object_2014_middle,aa19917b3f8553f3b14fade897f0ee673eb6b42e1939ee1a084a9f381f3a6cde,7d83c21331b4d5e2cec872c4e5a1e5262c86356fdcf1cd1ce9a4e12be7ffa741,"[32, 128]",-7.15676155546404e-05,2.0051105739460805e-06,-6.84919293422701e-05,1.070575638424219e-06,2,4,2.6036195269324288e-18,False,False,"Fixed physical Maxwell core, <=k additions; a positive pair is not automatically a 1-swap trap."
2014,middle,4,<WORKSPACE>/Gaussian/A17/EXCHANGE_R1/results/object_2014_middle,aa19917b3f8553f3b14fade897f0ee673eb6b42e1939ee1a084a9f381f3a6cde,7d83c21331b4d5e2cec872c4e5a1e5262c86356fdcf1cd1ce9a4e12be7ffa741,"[32, 144]",-7.15676155546404e-05,-7.012100124739137e-07,-7.291686808564234e-05,-6.480425185280317e-07,2,4,2.6036195269324288e-18,False,False,"Fixed physical Maxwell core, <=k additions; a positive pair is not automatically a 1-swap trap."
2014,middle,4,<WORKSPACE>/Gaussian/A17/EXCHANGE_R1/results/object_2014_middle,aa19917b3f8553f3b14fade897f0ee673eb6b42e1939ee1a084a9f381f3a6cde,7d83c21331b4d5e2cec872c4e5a1e5262c86356fdcf1cd1ce9a4e12be7ffa741,"[64, 96]",2.17001530886028e-06,2.070998319673767e-05,1.1178576906616317e-05,-1.1701421598981633e-05,2,4,2.6036195269324288e-18,False,False,"Fixed physical Maxwell core, <=k additions; a positive pair is not automatically a 1-swap trap."
2014,middle,4,<WORKSPACE>/Gaussian/A17/EXCHANGE_R1/results/object_2014_middle,aa19917b3f8553f3b14fade897f0ee673eb6b42e1939ee1a084a9f381f3a6cde,7d83c21331b4d5e2cec872c4e5a1e5262c86356fdcf1cd1ce9a4e12be7ffa741,"[64, 128]",2.17001530886028e-06,2.0051105739460805e-06,3.3566924739983627e-06,-8.18433408807998e-07,2,4,2.6036195269324288e-18,False,False,"Fixed physical Maxwell core, <=k additions; a positive pair is not automatically a 1-swap trap."
2014,middle,4,<WORKSPACE>/Gaussian/A17/EXCHANGE_R1/results/object_2014_middle,aa19917b3f8553f3b14fade897f0ee673eb6b42e1939ee1a084a9f381f3a6cde,7d83c21331b4d5e2cec872c4e5a1e5262c86356fdcf1cd1ce9a4e12be7ffa741,"[64, 144]",2.17001530886028e-06,-7.012100124739137e-07,6.760174878839555e-07,-7.927878085024109e-07,2,4,2.6036195269324288e-18,False,False,"Fixed physical Maxwell core, <=k additions; a positive pair is not automatically a 1-swap trap."
2014,middle,4,<WORKSPACE>/Gaussian/A17/EXCHANGE_R1/results/object_2014_middle,aa19917b3f8553f3b14fade897f0ee673eb6b42e1939ee1a084a9f381f3a6cde,7d83c21331b4d5e2cec872c4e5a1e5262c86356fdcf1cd1ce9a4e12be7ffa741,"[96, 128]",2.070998319673767e-05,2.0051105739460805e-06,2.3150353631503007e-05,4.3525986081925743e-07,2,4,2.6036195269324288e-18,False,False,"Fixed physical Maxwell core, <=k additions; a positive pair is not automatically a 1-swap trap."
2014,middle,4,<WORKSPACE>/Gaussian/A17/EXCHANGE_R1/results/object_2014_middle,aa19917b3f8553f3b14fade897f0ee673eb6b42e1939ee1a084a9f381f3a6cde,7d83c21331b4d5e2cec872c4e5a1e5262c86356fdcf1cd1ce9a4e12be7ffa741,"[96, 144]",2.070998319673767e-05,-7.012100124739137e-07,1.868338156148862e-05,-1.3253916227751363e-06,2,4,2.6036195269324288e-18,False,False,"Fixed physical Maxwell core, <=k additions; a positive pair is not automatically a 1-swap trap."
2014,middle,4,<WORKSPACE>/Gaussian/A17/EXCHANGE_R1/results/object_2014_middle,aa19917b3f8553f3b14fade897f0ee673eb6b42e1939ee1a084a9f381f3a6cde,7d83c21331b4d5e2cec872c4e5a1e5262c86356fdcf1cd1ce9a4e12be7ffa741,"[128, 144]",2.0051105739460805e-06,-7.012100124739137e-07,1.5857986461996104e-06,2.818980847274436e-07,2,4,2.6036195269324288e-18,False,False,"Fixed physical Maxwell core, <=k additions; a positive pair is not automatically a 1-swap trap."
2014,middle,8,<WORKSPACE>/Gaussian/A17/EXCHANGE_R1/results/object_2014_middle,aa19917b3f8553f3b14fade897f0ee673eb6b42e1939ee1a084a9f381f3a6cde,7d83c21331b4d5e2cec872c4e5a1e5262c86356fdcf1cd1ce9a4e12be7ffa741,"[8, 32]",1.5872940701548553e-06,5.458569016021476e-06,6.858659592564211e-06,-1.8720349361211974e-07,6,8,2.6036195269324288e-18,False,False,"Fixed physical Maxwell core, <=k additions; a positive pair is not automatically a 1-swap trap."
2014,middle,8,<WORKSPACE>/Gaussian/A17/EXCHANGE_R1/results/object_2014_middle,aa19917b3f8553f3b14fade897f0ee673eb6b42e1939ee1a084a9f381f3a6cde,7d83c21331b4d5e2cec872c4e5a1e5262c86356fdcf1cd1ce9a4e12be7ffa741,"[8, 64]",1.5872940701548553e-06,5.919194207432945e-06,8.97758805572966e-06,1.4710997781418594e-06,6,8,2.6036195269324288e-18,False,False,"Fixed physical Maxwell core, <=k additions; a positive pair is not automatically a 1-swap trap."
2014,middle,8,<WORKSPACE>/Gaussian/A17/EXCHANGE_R1/results/object_2014_middle,aa19917b3f8553f3b14fade897f0ee673eb6b42e1939ee1a084a9f381f3a6cde,7d83c21331b4d5e2cec872c4e5a1e5262c86356fdcf1cd1ce9a4e12be7ffa741,"[8, 96]",1.5872940701548553e-06,1.3844861221805991e-05,1.6318910073387193e-05,8.86754781426348e-07,6,8,2.6036195269324288e-18,False,False,"Fixed physical Maxwell core, <=k additions; a positive pair is not automatically a 1-swap trap."
2014,middle,8,<WORKSPACE>/Gaussian/A17/EXCHANGE_R1/results/object_2014_middle,aa19917b3f8553f3b14fade897f0ee673eb6b42e1939ee1a084a9f381f3a6cde,7d83c21331b4d5e2cec872c4e5a1e5262c86356fdcf1cd1ce9a4e12be7ffa741,"[8, 128]",1.5872940701548553e-06,1.344339752998369e-06,3.021792340411656e-06,9.015851725843185e-08,6,8,2.6036195269324288e-18,False,False,"Fixed physical Maxwell core, <=k additions; a positive pair is not automatically a 1-swap trap."
2014,middle,8,<WORKSPACE>/Gaussian/A17/EXCHANGE_R1/results/object_2014_middle,aa19917b3f8553f3b14fade897f0ee673eb6b42e1939ee1a084a9f381f3a6cde,7d83c21331b4d5e2cec872c4e5a1e5262c86356fdcf1cd1ce9a4e12be7ffa741,"[8, 144]",1.5872940701548553e-06,-1.9426475775866437e-08,1.5954684104133724e-06,2.7600816034383507e-08,6,8,2.6036195269324288e-18,False,False,"Fixed physical Maxwell core, <=k additions; a positive pair is not automatically a 1-swap trap."
2014,middle,8,<WORKSPACE>/Gaussian/A17/EXCHANGE_R1/results/object_2014_middle,aa19917b3f8553f3b14fade897f0ee673eb6b42e1939ee1a084a9f381f3a6cde,7d83c21331b4d5e2cec872c4e5a1e5262c86356fdcf1cd1ce9a4e12be7ffa741,"[32, 64]",5.458569016021476e-06,5.919194207432945e-06,1.0291920354006058e-05,-1.0858428694483619e-06,6,8,2.6036195269324288e-18,False,False,"Fixed physical Maxwell core, <=k additions; a positive pair is not automatically a 1-swap trap."
2014,middle,8,<WORKSPACE>/Gaussian/A17/EXCHANGE_R1/results/object_2014_middle,aa19917b3f8553f3b14fade897f0ee673eb6b42e1939ee1a084a9f381f3a6cde,7d83c21331b4d5e2cec872c4e5a1e5262c86356fdcf1cd1ce9a4e12be7ffa741,"[32, 96]",5.458569016021476e-06,1.3844861221805991e-05,1.448767675345556e-05,-4.815753484371907e-06,6,8,2.6036195269324288e-18,False,False,"Fixed physical Maxwell core, <=k additions; a positive pair is not automatically a 1-swap trap."
2014,middle,8,<WORKSPACE>/Gaussian/A17/EXCHANGE_R1/results/object_2014_middle,aa19917b3f8553f3b14fade897f0ee673eb6b42e1939ee1a084a9f381f3a6cde,7d83c21331b4d5e2cec872c4e5a1e5262c86356fdcf1cd1ce9a4e12be7ffa741,"[32, 128]",5.458569016021476e-06,1.344339752998369e-06,6.57324358830412e-06,-2.2966518071572484e-07,6,8,2.6036195269324288e-18,False,False,"Fixed physical Maxwell core, <=k additions; a positive pair is not automatically a 1-swap trap."
2014,middle,8,<WORKSPACE>/Gaussian/A17/EXCHANGE_R1/results/object_2014_middle,aa19917b3f8553f3b14fade897f0ee673eb6b42e1939ee1a084a9f381f3a6cde,7d83c21331b4d5e2cec872c4e5a1e5262c86356fdcf1cd1ce9a4e12be7ffa741,"[32, 144]",5.458569016021476e-06,-1.9426475775866437e-08,5.4642693103109706e-06,2.5126770065361347e-08,6,8,2.6036195269324288e-18,False,False,"Fixed physical Maxwell core, <=k additions; a positive pair is not automatically a 1-swap trap."
2014,middle,8,<WORKSPACE>/Gaussian/A17/EXCHANGE_R1/results/object_2014_middle,aa19917b3f8553f3b14fade897f0ee673eb6b42e1939ee1a084a9f381f3a6cde,7d83c21331b4d5e2cec872c4e5a1e5262c86356fdcf1cd1ce9a4e12be7ffa741,"[64, 96]",5.919194207432945e-06,1.3844861221805991e-05,2.0881812226953947e-05,1.1177567977150123e-06,6,8,2.6036195269324288e-18,False,False,"Fixed physical Maxwell core, <=k additions; a positive pair is not automatically a 1-swap trap."
2014,middle,8,<WORKSPACE>/Gaussian/A17/EXCHANGE_R1/results/object_2014_middle,aa19917b3f8553f3b14fade897f0ee673eb6b42e1939ee1a084a9f381f3a6cde,7d83c21331b4d5e2cec872c4e5a1e5262c86356fdcf1cd1ce9a4e12be7ffa741,"[64, 128]",5.919194207432945e-06,1.344339752998369e-06,7.154905956392642e-06,-1.0862800403867155e-07,6,8,2.6036195269324288e-18,False,False,"Fixed physical Maxwell core, <=k additions; a positive pair is not automatically a 1-swap trap."
2014,middle,8,<WORKSPACE>/Gaussian/A17/EXCHANGE_R1/results/object_2014_middle,aa19917b3f8553f3b14fade897f0ee673eb6b42e1939ee1a084a9f381f3a6cde,7d83c21331b4d5e2cec872c4e5a1e5262c86356fdcf1cd1ce9a4e12be7ffa741,"[64, 144]",5.919194207432945e-06,-1.9426475775866437e-08,5.846849520603108e-06,-5.2918211053969864e-08,6,8,2.6036195269324288e-18,False,False,"Fixed physical Maxwell core, <=k additions; a positive pair is not automatically a 1-swap trap."
2014,middle,8,<WORKSPACE>/Gaussian/A17/EXCHANGE_R1/results/object_2014_middle,aa19917b3f8553f3b14fade897f0ee673eb6b42e1939ee1a084a9f381f3a6cde,7d83c21331b4d5e2cec872c4e5a1e5262c86356fdcf1cd1ce9a4e12be7ffa741,"[96, 128]",1.3844861221805991e-05,1.344339752998369e-06,1.4502722900398985e-05,-6.864780744053745e-07,6,8,2.6036195269324288e-18,False,False,"Fixed physical Maxwell core, <=k additions; a positive pair is not automatically a 1-swap trap."
2014,middle,8,<WORKSPACE>/Gaussian/A17/EXCHANGE_R1/results/object_2014_middle,aa19917b3f8553f3b14fade897f0ee673eb6b42e1939ee1a084a9f381f3a6cde,7d83c21331b4d5e2cec872c4e5a1e5262c86356fdcf1cd1ce9a4e12be7ffa741,"[96, 144]",1.3844861221805991e-05,-1.9426475775866437e-08,1.3927768524987048e-05,1.0233377895692354e-07,6,8,2.6036195269324288e-18,False,False,"Fixed physical Maxwell core, <=k additions; a positive pair is not automatically a 1-swap trap."
2014,middle,8,<WORKSPACE>/Gaussian/A17/EXCHANGE_R1/results/object_2014_middle,aa19917b3f8553f3b14fade897f0ee673eb6b42e1939ee1a084a9f381f3a6cde,7d83c21331b4d5e2cec872c4e5a1e5262c86356fdcf1cd1ce9a4e12be7ffa741,"[128, 144]",1.344339752998369e-06,-1.9426475775866437e-08,1.3547883261709293e-06,2.98750489484268e-08,6,8,2.6036195269324288e-18,False,False,"Fixed physical Maxwell core, <=k additions; a positive pair is not automatically a 1-swap trap."
2014,middle,16,<WORKSPACE>/Gaussian/A17/EXCHANGE_R1/results/object_2014_middle,aa19917b3f8553f3b14fade897f0ee673eb6b42e1939ee1a084a9f381f3a6cde,7d83c21331b4d5e2cec872c4e5a1e5262c86356fdcf1cd1ce9a4e12be7ffa741,"[16, 32]",3.343937171111234e-07,8.318190733964956e-07,1.1752982620526067e-06,9.085471544987741e-09,14,16,2.6036195269324288e-18,False,False,"Fixed physical Maxwell core, <=k additions; a positive pair is not automatically a 1-swap trap."
2014,middle,16,<WORKSPACE>/Gaussian/A17/EXCHANGE_R1/results/object_2014_middle,aa19917b3f8553f3b14fade897f0ee673eb6b42e1939ee1a084a9f381f3a6cde,7d83c21331b4d5e2cec872c4e5a1e5262c86356fdcf1cd1ce9a4e12be7ffa741,"[16, 64]",3.343937171111234e-07,1.036388905730584e-06,1.278695262554379e-06,-9.208736028732843e-08,14,16,2.6036195269324288e-18,False,False,"Fixed physical Maxwell core, <=k additions; a positive pair is not automatically a 1-swap trap."
2014,middle,16,<WORKSPACE>/Gaussian/A17/EXCHANGE_R1/results/object_2014_middle,aa19917b3f8553f3b14fade897f0ee673eb6b42e1939ee1a084a9f381f3a6cde,7d83c21331b4d5e2cec872c4e5a1e5262c86356fdcf1cd1ce9a4e12be7ffa741,"[16, 96]",3.343937171111234e-07,2.2767138866952975e-06,2.577279448704308e-06,-3.382815510211253e-08,14,16,2.6036195269324288e-18,False,False,"Fixed physical Maxwell core, <=k additions; a positive pair is not automatically a 1-swap trap."
2014,middle,16,<WORKSPACE>/Gaussian/A17/EXCHANGE_R1/results/object_2014_middle,aa19917b3f8553f3b14fade897f0ee673eb6b42e1939ee1a084a9f381f3a6cde,7d83c21331b4d5e2cec872c4e5a1e5262c86356fdcf1cd1ce9a4e12be7ffa741,"[16, 128]",3.343937171111234e-07,5.270439174707855e-07,8.495572376148508e-07,-1.188039696705813e-08,14,16,2.6036195269324288e-18,False,False,"Fixed physical Maxwell core, <=k additions; a positive pair is not automatically a 1-swap trap."
2014,middle,16,<WORKSPACE>/Gaussian/A17/EXCHANGE_R1/results/object_2014_middle,aa19917b3f8553f3b14fade897f0ee673eb6b42e1939ee1a084a9f381f3a6cde,7d83c21331b4d5e2cec872c4e5a1e5262c86356fdcf1cd1ce9a4e12be7ffa741,"[16, 144]",3.343937171111234e-07,4.4057934122297415e-09,3.3873752629500305e-07,-6.198422835011408e-11,14,16,2.6036195269324288e-18,False,False,"Fixed physical Maxwell core, <=k additions; a positive pair is not automatically a 1-swap trap."
2014,middle,16,<WORKSPACE>/Gaussian/A17/EXCHANGE_R1/results/object_2014_middle,aa19917b3f8553f3b14fade897f0ee673eb6b42e1939ee1a084a9f381f3a6cde,7d83c21331b4d5e2cec872c4e5a1e5262c86356fdcf1cd1ce9a4e12be7ffa741,"[32, 64]",8.318190733964956e-07,1.036388905730584e-06,1.6485871446649756e-06,-2.1962083446210387e-07,14,16,2.6036195269324288e-18,False,False,"Fixed physical Maxwell core, <=k additions; a positive pair is not automatically a 1-swap trap."
2014,middle,16,<WORKSPACE>/Gaussian/A17/EXCHANGE_R1/results/object_2014_middle,aa19917b3f8553f3b14fade897f0ee673eb6b42e1939ee1a084a9f381f3a6cde,7d83c21331b4d5e2cec872c4e5a1e5262c86356fdcf1cd1ce9a4e12be7ffa741,"[32, 96]",8.318190733964956e-07,2.2767138866952975e-06,2.2952841416254113e-06,-8.132488184663818e-07,14,16,2.6036195269324288e-18,False,False,"Fixed physical Maxwell core, <=k additions; a positive pair is not automatically a 1-swap trap."
2014,middle,16,<WORKSPACE>/Gaussian/A17/EXCHANGE_R1/results/object_2014_middle,aa19917b3f8553f3b14fade897f0ee673eb6b42e1939ee1a084a9f381f3a6cde,7d83c21331b4d5e2cec872c4e5a1e5262c86356fdcf1cd1ce9a4e12be7ffa741,"[32, 128]",8.318190733964956e-07,5.270439174707855e-07,1.281558829879603e-06,-7.730416098767804e-08,14,16,2.6036195269324288e-18,False,False,"Fixed physical Maxwell core, <=k additions; a positive pair is not automatically a 1-swap trap."
2014,middle,16,<WORKSPACE>/Gaussian/A17/EXCHANGE_R1/results/object_2014_middle,aa19917b3f8553f3b14fade897f0ee673eb6b42e1939ee1a084a9f381f3a6cde,7d83c21331b4d5e2cec872c4e5a1e5262c86356fdcf1cd1ce9a4e12be7ffa741,"[32, 144]",8.318190733964956e-07,4.4057934122297415e-09,8.39884481336324e-07,3.6596145275986898e-09,14,16,2.6036195269324288e-18,False,False,"Fixed physical Maxwell core, <=k additions; a positive pair is not automatically a 1-swap trap."
2014,middle,16,<WORKSPACE>/Gaussian/A17/EXCHANGE_R1/results/object_2014_middle,aa19917b3f8553f3b14fade897f0ee673eb6b42e1939ee1a084a9f381f3a6cde,7d83c21331b4d5e2cec872c4e5a1e5262c86356fdcf1cd1ce9a4e12be7ffa741,"[64, 96]",1.036388905730584e-06,2.2767138866952975e-06,2.800959496348408e-06,-5.121432960774735e-07,14,16,2.6036195269324288e-18,False,False,"Fixed physical Maxwell core, <=k additions; a positive pair is not automatically a 1-swap trap."
2014,middle,16,<WORKSPACE>/Gaussian/A17/EXCHANGE_R1/results/object_2014_middle,aa19917b3f8553f3b14fade897f0ee673eb6b42e1939ee1a084a9f381f3a6cde,7d83c21331b4d5e2cec872c4e5a1e5262c86356fdcf1cd1ce9a4e12be7ffa741,"[64, 128]",1.036388905730584e-06,5.270439174707855e-07,1.4634878099019804e-06,-9.99450132993891e-08,14,16,2.6036195269324288e-18,False,False,"Fixed physical Maxwell core, <=k additions; a positive pair is not automatically a 1-swap trap."
2014,middle,16,<WORKSPACE>/Gaussian/A17/EXCHANGE_R1/results/object_2014_middle,aa19917b3f8553f3b14fade897f0ee673eb6b42e1939ee1a084a9f381f3a6cde,7d83c21331b4d5e2cec872c4e5a1e5262c86356fdcf1cd1ce9a4e12be7ffa741,"[64, 144]",1.036388905730584e-06,4.4057934122297415e-09,1.0400727210216606e-06,-7.219781211531038e-10,14,16,2.6036195269324288e-18,False,False,"Fixed physical Maxwell core, <=k additions; a positive pair is not automatically a 1-swap trap."
2014,middle,16,<WORKSPACE>/Gaussian/A17/EXCHANGE_R1/results/object_2014_middle,aa19917b3f8553f3b14fade897f0ee673eb6b42e1939ee1a084a9f381f3a6cde,7d83c21331b4d5e2cec872c4e5a1e5262c86356fdcf1cd1ce9a4e12be7ffa741,"[96, 128]",2.2767138866952975e-06,5.270439174707855e-07,2.6486473960416854e-06,-1.5511040812439766e-07,14,16,2.6036195269324288e-18,False,False,"Fixed physical Maxwell core, <=k additions; a positive pair is not automatically a 1-swap trap."
2014,middle,16,<WORKSPACE>/Gaussian/A17/EXCHANGE_R1/results/object_2014_middle,aa19917b3f8553f3b14fade897f0ee673eb6b42e1939ee1a084a9f381f3a6cde,7d83c21331b4d5e2cec872c4e5a1e5262c86356fdcf1cd1ce9a4e12be7ffa741,"[96, 144]",2.2767138866952975e-06,4.4057934122297415e-09,2.2834277764432583e-06,2.3080963357310137e-09,14,16,2.6036195269324288e-18,False,False,"Fixed physical Maxwell core, <=k additions; a positive pair is not automatically a 1-swap trap."
2014,middle,16,<WORKSPACE>/Gaussian/A17/EXCHANGE_R1/results/object_2014_middle,aa19917b3f8553f3b14fade897f0ee673eb6b42e1939ee1a084a9f381f3a6cde,7d83c21331b4d5e2cec872c4e5a1e5262c86356fdcf1cd1ce9a4e12be7ffa741,"[128, 144]",5.270439174707855e-07,4.4057934122297415e-09,5.297260253673371e-07,-1.723685515678201e-09,14,16,2.6036195269324288e-18,False,False,"Fixed physical Maxwell core, <=k additions; a positive pair is not automatically a 1-swap trap."
