state_index,result_path,view_scope,iteration,policy_index,actual_full_tangent_rhs,actual_full_forward_rhs,actual_full_adjoint_rhs,dense_J_acquisition_rhs,teacher_logical_rhs,initial_Jx_physical_rhs,finalist_Jd_physical_rhs,nonadditive_nested_view,missing_actual_rhs_reason,source_json_sha256
0,results/replay/object_2007/early,STATE,,,,,,,,,,True,ACTUAL_COUNTER_VIEW_NOT_SAVED,6dd4a7d670b493cf508cb04df00dbdb4ee7c3bfd94bd8fb92148d7471d6ce27b
1,results/replay_v2/object_2007/early,STATE,,,,,,,,,,True,ACTUAL_COUNTER_VIEW_NOT_SAVED,6dd4a7d670b493cf508cb04df00dbdb4ee7c3bfd94bd8fb92148d7471d6ce27b
1,results/replay_v2/object_2007/early,STATE_LABEL_A,,,,6,,,,,,True,REQUESTED_COUNTER_KEY_NOT_SAVED,6dd4a7d670b493cf508cb04df00dbdb4ee7c3bfd94bd8fb92148d7471d6ce27b
1,results/replay_v2/object_2007/early,STATE_LABEL_H,,,6,0,12,,,,,True,,6dd4a7d670b493cf508cb04df00dbdb4ee7c3bfd94bd8fb92148d7471d6ce27b
1,results/replay_v2/object_2007/early,ONLINE_POLICY,,0,42,0,,,,6,36,True,REQUESTED_COUNTER_KEY_NOT_SAVED,6dd4a7d670b493cf508cb04df00dbdb4ee7c3bfd94bd8fb92148d7471d6ce27b
1,results/replay_v2/object_2007/early,ONLINE_POLICY_LABEL_F,,0,42,0,,,,6,36,True,REQUESTED_COUNTER_KEY_NOT_SAVED,6dd4a7d670b493cf508cb04df00dbdb4ee7c3bfd94bd8fb92148d7471d6ce27b
1,results/replay_v2/object_2007/early,ONLINE_POLICY,,1,30,0,,,,6,24,True,REQUESTED_COUNTER_KEY_NOT_SAVED,6dd4a7d670b493cf508cb04df00dbdb4ee7c3bfd94bd8fb92148d7471d6ce27b
1,results/replay_v2/object_2007/early,ONLINE_POLICY_LABEL_F,,1,30,0,,,,6,24,True,REQUESTED_COUNTER_KEY_NOT_SAVED,6dd4a7d670b493cf508cb04df00dbdb4ee7c3bfd94bd8fb92148d7471d6ce27b
1,results/replay_v2/object_2007/early,ONLINE_POLICY,,2,42,0,,,,6,36,True,REQUESTED_COUNTER_KEY_NOT_SAVED,6dd4a7d670b493cf508cb04df00dbdb4ee7c3bfd94bd8fb92148d7471d6ce27b
1,results/replay_v2/object_2007/early,ONLINE_POLICY_LABEL_F,,2,42,0,,,,6,36,True,REQUESTED_COUNTER_KEY_NOT_SAVED,6dd4a7d670b493cf508cb04df00dbdb4ee7c3bfd94bd8fb92148d7471d6ce27b
2,results/replay_v2/object_2007/middle,STATE,,,,,,,,,,True,ACTUAL_COUNTER_VIEW_NOT_SAVED,6dd4a7d670b493cf508cb04df00dbdb4ee7c3bfd94bd8fb92148d7471d6ce27b
2,results/replay_v2/object_2007/middle,STATE_LABEL_A,,,,6,,,,,,True,REQUESTED_COUNTER_KEY_NOT_SAVED,6dd4a7d670b493cf508cb04df00dbdb4ee7c3bfd94bd8fb92148d7471d6ce27b
2,results/replay_v2/object_2007/middle,STATE_LABEL_H,,,6,0,12,,,,,True,,6dd4a7d670b493cf508cb04df00dbdb4ee7c3bfd94bd8fb92148d7471d6ce27b
2,results/replay_v2/object_2007/middle,ONLINE_POLICY,,0,30,0,,,,6,24,True,REQUESTED_COUNTER_KEY_NOT_SAVED,6dd4a7d670b493cf508cb04df00dbdb4ee7c3bfd94bd8fb92148d7471d6ce27b
2,results/replay_v2/object_2007/middle,ONLINE_POLICY_LABEL_F,,0,30,0,,,,6,24,True,REQUESTED_COUNTER_KEY_NOT_SAVED,6dd4a7d670b493cf508cb04df00dbdb4ee7c3bfd94bd8fb92148d7471d6ce27b
2,results/replay_v2/object_2007/middle,ONLINE_POLICY,,1,42,0,,,,6,36,True,REQUESTED_COUNTER_KEY_NOT_SAVED,6dd4a7d670b493cf508cb04df00dbdb4ee7c3bfd94bd8fb92148d7471d6ce27b
2,results/replay_v2/object_2007/middle,ONLINE_POLICY_LABEL_F,,1,42,0,,,,6,36,True,REQUESTED_COUNTER_KEY_NOT_SAVED,6dd4a7d670b493cf508cb04df00dbdb4ee7c3bfd94bd8fb92148d7471d6ce27b
2,results/replay_v2/object_2007/middle,ONLINE_POLICY,,2,42,0,,,,6,36,True,REQUESTED_COUNTER_KEY_NOT_SAVED,6dd4a7d670b493cf508cb04df00dbdb4ee7c3bfd94bd8fb92148d7471d6ce27b
2,results/replay_v2/object_2007/middle,ONLINE_POLICY_LABEL_F,,2,42,0,,,,6,36,True,REQUESTED_COUNTER_KEY_NOT_SAVED,6dd4a7d670b493cf508cb04df00dbdb4ee7c3bfd94bd8fb92148d7471d6ce27b
3,results/replay_v2/object_2007/late,STATE,,,,,,,,,,True,ACTUAL_COUNTER_VIEW_NOT_SAVED,6dd4a7d670b493cf508cb04df00dbdb4ee7c3bfd94bd8fb92148d7471d6ce27b
3,results/replay_v2/object_2007/late,STATE_LABEL_A,,,,6,,,,,,True,REQUESTED_COUNTER_KEY_NOT_SAVED,6dd4a7d670b493cf508cb04df00dbdb4ee7c3bfd94bd8fb92148d7471d6ce27b
3,results/replay_v2/object_2007/late,STATE_LABEL_H,,,6,0,12,,,,,True,,6dd4a7d670b493cf508cb04df00dbdb4ee7c3bfd94bd8fb92148d7471d6ce27b
3,results/replay_v2/object_2007/late,ONLINE_POLICY,,0,42,0,,,,6,36,True,REQUESTED_COUNTER_KEY_NOT_SAVED,6dd4a7d670b493cf508cb04df00dbdb4ee7c3bfd94bd8fb92148d7471d6ce27b
3,results/replay_v2/object_2007/late,ONLINE_POLICY_LABEL_F,,0,42,0,,,,6,36,True,REQUESTED_COUNTER_KEY_NOT_SAVED,6dd4a7d670b493cf508cb04df00dbdb4ee7c3bfd94bd8fb92148d7471d6ce27b
3,results/replay_v2/object_2007/late,ONLINE_POLICY,,1,42,0,,,,6,36,True,REQUESTED_COUNTER_KEY_NOT_SAVED,6dd4a7d670b493cf508cb04df00dbdb4ee7c3bfd94bd8fb92148d7471d6ce27b
3,results/replay_v2/object_2007/late,ONLINE_POLICY_LABEL_F,,1,42,0,,,,6,36,True,REQUESTED_COUNTER_KEY_NOT_SAVED,6dd4a7d670b493cf508cb04df00dbdb4ee7c3bfd94bd8fb92148d7471d6ce27b
3,results/replay_v2/object_2007/late,ONLINE_POLICY,,2,42,0,,,,6,36,True,REQUESTED_COUNTER_KEY_NOT_SAVED,6dd4a7d670b493cf508cb04df00dbdb4ee7c3bfd94bd8fb92148d7471d6ce27b
3,results/replay_v2/object_2007/late,ONLINE_POLICY_LABEL_F,,2,42,0,,,,6,36,True,REQUESTED_COUNTER_KEY_NOT_SAVED,6dd4a7d670b493cf508cb04df00dbdb4ee7c3bfd94bd8fb92148d7471d6ce27b
4,results/replay_remaining_v2/object_2001/early,STATE,,,,,,,,,,True,ACTUAL_COUNTER_VIEW_NOT_SAVED,6dd4a7d670b493cf508cb04df00dbdb4ee7c3bfd94bd8fb92148d7471d6ce27b
4,results/replay_remaining_v2/object_2001/early,STATE_LABEL_A,,,,6,,,,,,True,REQUESTED_COUNTER_KEY_NOT_SAVED,6dd4a7d670b493cf508cb04df00dbdb4ee7c3bfd94bd8fb92148d7471d6ce27b
4,results/replay_remaining_v2/object_2001/early,STATE_LABEL_H,,,6,0,12,,,,,True,,6dd4a7d670b493cf508cb04df00dbdb4ee7c3bfd94bd8fb92148d7471d6ce27b
4,results/replay_remaining_v2/object_2001/early,ONLINE_POLICY,,0,42,0,,,,6,36,True,REQUESTED_COUNTER_KEY_NOT_SAVED,6dd4a7d670b493cf508cb04df00dbdb4ee7c3bfd94bd8fb92148d7471d6ce27b
4,results/replay_remaining_v2/object_2001/early,ONLINE_POLICY_LABEL_F,,0,42,0,,,,6,36,True,REQUESTED_COUNTER_KEY_NOT_SAVED,6dd4a7d670b493cf508cb04df00dbdb4ee7c3bfd94bd8fb92148d7471d6ce27b
4,results/replay_remaining_v2/object_2001/early,ONLINE_POLICY,,1,30,0,,,,6,24,True,REQUESTED_COUNTER_KEY_NOT_SAVED,6dd4a7d670b493cf508cb04df00dbdb4ee7c3bfd94bd8fb92148d7471d6ce27b
4,results/replay_remaining_v2/object_2001/early,ONLINE_POLICY_LABEL_F,,1,30,0,,,,6,24,True,REQUESTED_COUNTER_KEY_NOT_SAVED,6dd4a7d670b493cf508cb04df00dbdb4ee7c3bfd94bd8fb92148d7471d6ce27b
4,results/replay_remaining_v2/object_2001/early,ONLINE_POLICY,,2,42,0,,,,6,36,True,REQUESTED_COUNTER_KEY_NOT_SAVED,6dd4a7d670b493cf508cb04df00dbdb4ee7c3bfd94bd8fb92148d7471d6ce27b
4,results/replay_remaining_v2/object_2001/early,ONLINE_POLICY_LABEL_F,,2,42,0,,,,6,36,True,REQUESTED_COUNTER_KEY_NOT_SAVED,6dd4a7d670b493cf508cb04df00dbdb4ee7c3bfd94bd8fb92148d7471d6ce27b
5,results/replay_remaining_v2/object_2001/middle,STATE,,,,,,,,,,True,ACTUAL_COUNTER_VIEW_NOT_SAVED,6dd4a7d670b493cf508cb04df00dbdb4ee7c3bfd94bd8fb92148d7471d6ce27b
5,results/replay_remaining_v2/object_2001/middle,STATE_LABEL_A,,,,6,,,,,,True,REQUESTED_COUNTER_KEY_NOT_SAVED,6dd4a7d670b493cf508cb04df00dbdb4ee7c3bfd94bd8fb92148d7471d6ce27b
5,results/replay_remaining_v2/object_2001/middle,STATE_LABEL_H,,,6,0,12,,,,,True,,6dd4a7d670b493cf508cb04df00dbdb4ee7c3bfd94bd8fb92148d7471d6ce27b
5,results/replay_remaining_v2/object_2001/middle,ONLINE_POLICY,,0,42,0,,,,6,36,True,REQUESTED_COUNTER_KEY_NOT_SAVED,6dd4a7d670b493cf508cb04df00dbdb4ee7c3bfd94bd8fb92148d7471d6ce27b
5,results/replay_remaining_v2/object_2001/middle,ONLINE_POLICY_LABEL_F,,0,42,0,,,,6,36,True,REQUESTED_COUNTER_KEY_NOT_SAVED,6dd4a7d670b493cf508cb04df00dbdb4ee7c3bfd94bd8fb92148d7471d6ce27b
5,results/replay_remaining_v2/object_2001/middle,ONLINE_POLICY,,1,42,0,,,,6,36,True,REQUESTED_COUNTER_KEY_NOT_SAVED,6dd4a7d670b493cf508cb04df00dbdb4ee7c3bfd94bd8fb92148d7471d6ce27b
5,results/replay_remaining_v2/object_2001/middle,ONLINE_POLICY_LABEL_F,,1,42,0,,,,6,36,True,REQUESTED_COUNTER_KEY_NOT_SAVED,6dd4a7d670b493cf508cb04df00dbdb4ee7c3bfd94bd8fb92148d7471d6ce27b
5,results/replay_remaining_v2/object_2001/middle,ONLINE_POLICY,,2,42,0,,,,6,36,True,REQUESTED_COUNTER_KEY_NOT_SAVED,6dd4a7d670b493cf508cb04df00dbdb4ee7c3bfd94bd8fb92148d7471d6ce27b
5,results/replay_remaining_v2/object_2001/middle,ONLINE_POLICY_LABEL_F,,2,42,0,,,,6,36,True,REQUESTED_COUNTER_KEY_NOT_SAVED,6dd4a7d670b493cf508cb04df00dbdb4ee7c3bfd94bd8fb92148d7471d6ce27b
6,results/replay_remaining_v2/object_2001/late,STATE,,,,,,,,,,True,ACTUAL_COUNTER_VIEW_NOT_SAVED,6dd4a7d670b493cf508cb04df00dbdb4ee7c3bfd94bd8fb92148d7471d6ce27b
6,results/replay_remaining_v2/object_2001/late,STATE_LABEL_A,,,,6,,,,,,True,REQUESTED_COUNTER_KEY_NOT_SAVED,6dd4a7d670b493cf508cb04df00dbdb4ee7c3bfd94bd8fb92148d7471d6ce27b
6,results/replay_remaining_v2/object_2001/late,STATE_LABEL_H,,,6,0,12,,,,,True,,6dd4a7d670b493cf508cb04df00dbdb4ee7c3bfd94bd8fb92148d7471d6ce27b
6,results/replay_remaining_v2/object_2001/late,ONLINE_POLICY,,0,30,0,,,,6,24,True,REQUESTED_COUNTER_KEY_NOT_SAVED,6dd4a7d670b493cf508cb04df00dbdb4ee7c3bfd94bd8fb92148d7471d6ce27b
6,results/replay_remaining_v2/object_2001/late,ONLINE_POLICY_LABEL_F,,0,30,0,,,,6,24,True,REQUESTED_COUNTER_KEY_NOT_SAVED,6dd4a7d670b493cf508cb04df00dbdb4ee7c3bfd94bd8fb92148d7471d6ce27b
6,results/replay_remaining_v2/object_2001/late,ONLINE_POLICY,,1,42,0,,,,6,36,True,REQUESTED_COUNTER_KEY_NOT_SAVED,6dd4a7d670b493cf508cb04df00dbdb4ee7c3bfd94bd8fb92148d7471d6ce27b
6,results/replay_remaining_v2/object_2001/late,ONLINE_POLICY_LABEL_F,,1,42,0,,,,6,36,True,REQUESTED_COUNTER_KEY_NOT_SAVED,6dd4a7d670b493cf508cb04df00dbdb4ee7c3bfd94bd8fb92148d7471d6ce27b
6,results/replay_remaining_v2/object_2001/late,ONLINE_POLICY,,2,42,0,,,,6,36,True,REQUESTED_COUNTER_KEY_NOT_SAVED,6dd4a7d670b493cf508cb04df00dbdb4ee7c3bfd94bd8fb92148d7471d6ce27b
6,results/replay_remaining_v2/object_2001/late,ONLINE_POLICY_LABEL_F,,2,42,0,,,,6,36,True,REQUESTED_COUNTER_KEY_NOT_SAVED,6dd4a7d670b493cf508cb04df00dbdb4ee7c3bfd94bd8fb92148d7471d6ce27b
7,results/replay_remaining_v2/object_2012/early,STATE,,,,,,,,,,True,ACTUAL_COUNTER_VIEW_NOT_SAVED,6dd4a7d670b493cf508cb04df00dbdb4ee7c3bfd94bd8fb92148d7471d6ce27b
7,results/replay_remaining_v2/object_2012/early,STATE_LABEL_A,,,,6,,,,,,True,REQUESTED_COUNTER_KEY_NOT_SAVED,6dd4a7d670b493cf508cb04df00dbdb4ee7c3bfd94bd8fb92148d7471d6ce27b
7,results/replay_remaining_v2/object_2012/early,STATE_LABEL_H,,,6,0,12,,,,,True,,6dd4a7d670b493cf508cb04df00dbdb4ee7c3bfd94bd8fb92148d7471d6ce27b
7,results/replay_remaining_v2/object_2012/early,ONLINE_POLICY,,0,42,0,,,,6,36,True,REQUESTED_COUNTER_KEY_NOT_SAVED,6dd4a7d670b493cf508cb04df00dbdb4ee7c3bfd94bd8fb92148d7471d6ce27b
7,results/replay_remaining_v2/object_2012/early,ONLINE_POLICY_LABEL_F,,0,42,0,,,,6,36,True,REQUESTED_COUNTER_KEY_NOT_SAVED,6dd4a7d670b493cf508cb04df00dbdb4ee7c3bfd94bd8fb92148d7471d6ce27b
7,results/replay_remaining_v2/object_2012/early,ONLINE_POLICY,,1,42,0,,,,6,36,True,REQUESTED_COUNTER_KEY_NOT_SAVED,6dd4a7d670b493cf508cb04df00dbdb4ee7c3bfd94bd8fb92148d7471d6ce27b
7,results/replay_remaining_v2/object_2012/early,ONLINE_POLICY_LABEL_F,,1,42,0,,,,6,36,True,REQUESTED_COUNTER_KEY_NOT_SAVED,6dd4a7d670b493cf508cb04df00dbdb4ee7c3bfd94bd8fb92148d7471d6ce27b
7,results/replay_remaining_v2/object_2012/early,ONLINE_POLICY,,2,30,0,,,,6,24,True,REQUESTED_COUNTER_KEY_NOT_SAVED,6dd4a7d670b493cf508cb04df00dbdb4ee7c3bfd94bd8fb92148d7471d6ce27b
7,results/replay_remaining_v2/object_2012/early,ONLINE_POLICY_LABEL_F,,2,30,0,,,,6,24,True,REQUESTED_COUNTER_KEY_NOT_SAVED,6dd4a7d670b493cf508cb04df00dbdb4ee7c3bfd94bd8fb92148d7471d6ce27b
8,results/replay_remaining_v2/object_2012/middle,STATE,,,,,,,,,,True,ACTUAL_COUNTER_VIEW_NOT_SAVED,6dd4a7d670b493cf508cb04df00dbdb4ee7c3bfd94bd8fb92148d7471d6ce27b
8,results/replay_remaining_v2/object_2012/middle,STATE_LABEL_A,,,,6,,,,,,True,REQUESTED_COUNTER_KEY_NOT_SAVED,6dd4a7d670b493cf508cb04df00dbdb4ee7c3bfd94bd8fb92148d7471d6ce27b
8,results/replay_remaining_v2/object_2012/middle,STATE_LABEL_H,,,6,0,12,,,,,True,,6dd4a7d670b493cf508cb04df00dbdb4ee7c3bfd94bd8fb92148d7471d6ce27b
8,results/replay_remaining_v2/object_2012/middle,ONLINE_POLICY,,0,30,0,,,,6,24,True,REQUESTED_COUNTER_KEY_NOT_SAVED,6dd4a7d670b493cf508cb04df00dbdb4ee7c3bfd94bd8fb92148d7471d6ce27b
8,results/replay_remaining_v2/object_2012/middle,ONLINE_POLICY_LABEL_F,,0,30,0,,,,6,24,True,REQUESTED_COUNTER_KEY_NOT_SAVED,6dd4a7d670b493cf508cb04df00dbdb4ee7c3bfd94bd8fb92148d7471d6ce27b
8,results/replay_remaining_v2/object_2012/middle,ONLINE_POLICY,,1,42,0,,,,6,36,True,REQUESTED_COUNTER_KEY_NOT_SAVED,6dd4a7d670b493cf508cb04df00dbdb4ee7c3bfd94bd8fb92148d7471d6ce27b
8,results/replay_remaining_v2/object_2012/middle,ONLINE_POLICY_LABEL_F,,1,42,0,,,,6,36,True,REQUESTED_COUNTER_KEY_NOT_SAVED,6dd4a7d670b493cf508cb04df00dbdb4ee7c3bfd94bd8fb92148d7471d6ce27b
8,results/replay_remaining_v2/object_2012/middle,ONLINE_POLICY,,2,42,0,,,,6,36,True,REQUESTED_COUNTER_KEY_NOT_SAVED,6dd4a7d670b493cf508cb04df00dbdb4ee7c3bfd94bd8fb92148d7471d6ce27b
8,results/replay_remaining_v2/object_2012/middle,ONLINE_POLICY_LABEL_F,,2,42,0,,,,6,36,True,REQUESTED_COUNTER_KEY_NOT_SAVED,6dd4a7d670b493cf508cb04df00dbdb4ee7c3bfd94bd8fb92148d7471d6ce27b
9,results/replay_remaining_v2/object_2012/late,STATE,,,,,,,,,,True,ACTUAL_COUNTER_VIEW_NOT_SAVED,6dd4a7d670b493cf508cb04df00dbdb4ee7c3bfd94bd8fb92148d7471d6ce27b
9,results/replay_remaining_v2/object_2012/late,STATE_LABEL_A,,,,6,,,,,,True,REQUESTED_COUNTER_KEY_NOT_SAVED,6dd4a7d670b493cf508cb04df00dbdb4ee7c3bfd94bd8fb92148d7471d6ce27b
9,results/replay_remaining_v2/object_2012/late,STATE_LABEL_H,,,6,0,12,,,,,True,,6dd4a7d670b493cf508cb04df00dbdb4ee7c3bfd94bd8fb92148d7471d6ce27b
9,results/replay_remaining_v2/object_2012/late,ONLINE_POLICY,,0,30,0,,,,6,24,True,REQUESTED_COUNTER_KEY_NOT_SAVED,6dd4a7d670b493cf508cb04df00dbdb4ee7c3bfd94bd8fb92148d7471d6ce27b
9,results/replay_remaining_v2/object_2012/late,ONLINE_POLICY_LABEL_F,,0,30,0,,,,6,24,True,REQUESTED_COUNTER_KEY_NOT_SAVED,6dd4a7d670b493cf508cb04df00dbdb4ee7c3bfd94bd8fb92148d7471d6ce27b
9,results/replay_remaining_v2/object_2012/late,ONLINE_POLICY,,1,42,0,,,,6,36,True,REQUESTED_COUNTER_KEY_NOT_SAVED,6dd4a7d670b493cf508cb04df00dbdb4ee7c3bfd94bd8fb92148d7471d6ce27b
9,results/replay_remaining_v2/object_2012/late,ONLINE_POLICY_LABEL_F,,1,42,0,,,,6,36,True,REQUESTED_COUNTER_KEY_NOT_SAVED,6dd4a7d670b493cf508cb04df00dbdb4ee7c3bfd94bd8fb92148d7471d6ce27b
9,results/replay_remaining_v2/object_2012/late,ONLINE_POLICY,,2,42,0,,,,6,36,True,REQUESTED_COUNTER_KEY_NOT_SAVED,6dd4a7d670b493cf508cb04df00dbdb4ee7c3bfd94bd8fb92148d7471d6ce27b
9,results/replay_remaining_v2/object_2012/late,ONLINE_POLICY_LABEL_F,,2,42,0,,,,6,36,True,REQUESTED_COUNTER_KEY_NOT_SAVED,6dd4a7d670b493cf508cb04df00dbdb4ee7c3bfd94bd8fb92148d7471d6ce27b
10,results/replay_remaining_v2/object_2014/early,STATE,,,,,,,,,,True,ACTUAL_COUNTER_VIEW_NOT_SAVED,6dd4a7d670b493cf508cb04df00dbdb4ee7c3bfd94bd8fb92148d7471d6ce27b
10,results/replay_remaining_v2/object_2014/early,STATE_LABEL_A,,,,6,,,,,,True,REQUESTED_COUNTER_KEY_NOT_SAVED,6dd4a7d670b493cf508cb04df00dbdb4ee7c3bfd94bd8fb92148d7471d6ce27b
10,results/replay_remaining_v2/object_2014/early,STATE_LABEL_H,,,6,0,12,,,,,True,,6dd4a7d670b493cf508cb04df00dbdb4ee7c3bfd94bd8fb92148d7471d6ce27b
10,results/replay_remaining_v2/object_2014/early,ONLINE_POLICY,,0,30,0,,,,6,24,True,REQUESTED_COUNTER_KEY_NOT_SAVED,6dd4a7d670b493cf508cb04df00dbdb4ee7c3bfd94bd8fb92148d7471d6ce27b
10,results/replay_remaining_v2/object_2014/early,ONLINE_POLICY_LABEL_F,,0,30,0,,,,6,24,True,REQUESTED_COUNTER_KEY_NOT_SAVED,6dd4a7d670b493cf508cb04df00dbdb4ee7c3bfd94bd8fb92148d7471d6ce27b
10,results/replay_remaining_v2/object_2014/early,ONLINE_POLICY,,1,42,0,,,,6,36,True,REQUESTED_COUNTER_KEY_NOT_SAVED,6dd4a7d670b493cf508cb04df00dbdb4ee7c3bfd94bd8fb92148d7471d6ce27b
10,results/replay_remaining_v2/object_2014/early,ONLINE_POLICY_LABEL_F,,1,42,0,,,,6,36,True,REQUESTED_COUNTER_KEY_NOT_SAVED,6dd4a7d670b493cf508cb04df00dbdb4ee7c3bfd94bd8fb92148d7471d6ce27b
10,results/replay_remaining_v2/object_2014/early,ONLINE_POLICY,,2,42,0,,,,6,36,True,REQUESTED_COUNTER_KEY_NOT_SAVED,6dd4a7d670b493cf508cb04df00dbdb4ee7c3bfd94bd8fb92148d7471d6ce27b
10,results/replay_remaining_v2/object_2014/early,ONLINE_POLICY_LABEL_F,,2,42,0,,,,6,36,True,REQUESTED_COUNTER_KEY_NOT_SAVED,6dd4a7d670b493cf508cb04df00dbdb4ee7c3bfd94bd8fb92148d7471d6ce27b
11,results/replay_remaining_v2/object_2014/middle,STATE,,,,,,,,,,True,ACTUAL_COUNTER_VIEW_NOT_SAVED,6dd4a7d670b493cf508cb04df00dbdb4ee7c3bfd94bd8fb92148d7471d6ce27b
11,results/replay_remaining_v2/object_2014/middle,STATE_LABEL_A,,,,6,,,,,,True,REQUESTED_COUNTER_KEY_NOT_SAVED,6dd4a7d670b493cf508cb04df00dbdb4ee7c3bfd94bd8fb92148d7471d6ce27b
11,results/replay_remaining_v2/object_2014/middle,STATE_LABEL_H,,,6,0,12,,,,,True,,6dd4a7d670b493cf508cb04df00dbdb4ee7c3bfd94bd8fb92148d7471d6ce27b
11,results/replay_remaining_v2/object_2014/middle,ONLINE_POLICY,,0,30,0,,,,6,24,True,REQUESTED_COUNTER_KEY_NOT_SAVED,6dd4a7d670b493cf508cb04df00dbdb4ee7c3bfd94bd8fb92148d7471d6ce27b
11,results/replay_remaining_v2/object_2014/middle,ONLINE_POLICY_LABEL_F,,0,30,0,,,,6,24,True,REQUESTED_COUNTER_KEY_NOT_SAVED,6dd4a7d670b493cf508cb04df00dbdb4ee7c3bfd94bd8fb92148d7471d6ce27b
11,results/replay_remaining_v2/object_2014/middle,ONLINE_POLICY,,1,42,0,,,,6,36,True,REQUESTED_COUNTER_KEY_NOT_SAVED,6dd4a7d670b493cf508cb04df00dbdb4ee7c3bfd94bd8fb92148d7471d6ce27b
11,results/replay_remaining_v2/object_2014/middle,ONLINE_POLICY_LABEL_F,,1,42,0,,,,6,36,True,REQUESTED_COUNTER_KEY_NOT_SAVED,6dd4a7d670b493cf508cb04df00dbdb4ee7c3bfd94bd8fb92148d7471d6ce27b
11,results/replay_remaining_v2/object_2014/middle,ONLINE_POLICY,,2,42,0,,,,6,36,True,REQUESTED_COUNTER_KEY_NOT_SAVED,6dd4a7d670b493cf508cb04df00dbdb4ee7c3bfd94bd8fb92148d7471d6ce27b
11,results/replay_remaining_v2/object_2014/middle,ONLINE_POLICY_LABEL_F,,2,42,0,,,,6,36,True,REQUESTED_COUNTER_KEY_NOT_SAVED,6dd4a7d670b493cf508cb04df00dbdb4ee7c3bfd94bd8fb92148d7471d6ce27b
12,results/replay_remaining_v2/object_2014/late,STATE,,,,,,,,,,True,ACTUAL_COUNTER_VIEW_NOT_SAVED,6dd4a7d670b493cf508cb04df00dbdb4ee7c3bfd94bd8fb92148d7471d6ce27b
12,results/replay_remaining_v2/object_2014/late,STATE_LABEL_A,,,,6,,,,,,True,REQUESTED_COUNTER_KEY_NOT_SAVED,6dd4a7d670b493cf508cb04df00dbdb4ee7c3bfd94bd8fb92148d7471d6ce27b
12,results/replay_remaining_v2/object_2014/late,STATE_LABEL_H,,,6,0,12,,,,,True,,6dd4a7d670b493cf508cb04df00dbdb4ee7c3bfd94bd8fb92148d7471d6ce27b
12,results/replay_remaining_v2/object_2014/late,ONLINE_POLICY,,0,42,0,,,,6,36,True,REQUESTED_COUNTER_KEY_NOT_SAVED,6dd4a7d670b493cf508cb04df00dbdb4ee7c3bfd94bd8fb92148d7471d6ce27b
12,results/replay_remaining_v2/object_2014/late,ONLINE_POLICY_LABEL_F,,0,42,0,,,,6,36,True,REQUESTED_COUNTER_KEY_NOT_SAVED,6dd4a7d670b493cf508cb04df00dbdb4ee7c3bfd94bd8fb92148d7471d6ce27b
12,results/replay_remaining_v2/object_2014/late,ONLINE_POLICY,,1,42,0,,,,6,36,True,REQUESTED_COUNTER_KEY_NOT_SAVED,6dd4a7d670b493cf508cb04df00dbdb4ee7c3bfd94bd8fb92148d7471d6ce27b
12,results/replay_remaining_v2/object_2014/late,ONLINE_POLICY_LABEL_F,,1,42,0,,,,6,36,True,REQUESTED_COUNTER_KEY_NOT_SAVED,6dd4a7d670b493cf508cb04df00dbdb4ee7c3bfd94bd8fb92148d7471d6ce27b
12,results/replay_remaining_v2/object_2014/late,ONLINE_POLICY,,2,18,0,,,,6,12,True,REQUESTED_COUNTER_KEY_NOT_SAVED,6dd4a7d670b493cf508cb04df00dbdb4ee7c3bfd94bd8fb92148d7471d6ce27b
12,results/replay_remaining_v2/object_2014/late,ONLINE_POLICY_LABEL_F,,2,18,0,,,,6,12,True,REQUESTED_COUNTER_KEY_NOT_SAVED,6dd4a7d670b493cf508cb04df00dbdb4ee7c3bfd94bd8fb92148d7471d6ce27b
13,results/locked_validation_v1/object_2002/early,STATE,,,,,,,,,,True,ACTUAL_COUNTER_VIEW_NOT_SAVED,6dd4a7d670b493cf508cb04df00dbdb4ee7c3bfd94bd8fb92148d7471d6ce27b
13,results/locked_validation_v1/object_2002/early,STATE_LABEL_A,,,,6,,,,,,True,REQUESTED_COUNTER_KEY_NOT_SAVED,6dd4a7d670b493cf508cb04df00dbdb4ee7c3bfd94bd8fb92148d7471d6ce27b
13,results/locked_validation_v1/object_2002/early,STATE_LABEL_H,,,6,0,12,,,,,True,,6dd4a7d670b493cf508cb04df00dbdb4ee7c3bfd94bd8fb92148d7471d6ce27b
13,results/locked_validation_v1/object_2002/early,ONLINE_POLICY,,0,30,0,,,,6,24,True,REQUESTED_COUNTER_KEY_NOT_SAVED,6dd4a7d670b493cf508cb04df00dbdb4ee7c3bfd94bd8fb92148d7471d6ce27b
13,results/locked_validation_v1/object_2002/early,ONLINE_POLICY_LABEL_F,,0,30,0,,,,6,24,True,REQUESTED_COUNTER_KEY_NOT_SAVED,6dd4a7d670b493cf508cb04df00dbdb4ee7c3bfd94bd8fb92148d7471d6ce27b
13,results/locked_validation_v1/object_2002/early,ONLINE_POLICY,,1,30,0,,,,6,24,True,REQUESTED_COUNTER_KEY_NOT_SAVED,6dd4a7d670b493cf508cb04df00dbdb4ee7c3bfd94bd8fb92148d7471d6ce27b
13,results/locked_validation_v1/object_2002/early,ONLINE_POLICY_LABEL_F,,1,30,0,,,,6,24,True,REQUESTED_COUNTER_KEY_NOT_SAVED,6dd4a7d670b493cf508cb04df00dbdb4ee7c3bfd94bd8fb92148d7471d6ce27b
13,results/locked_validation_v1/object_2002/early,ONLINE_POLICY,,2,30,0,,,,6,24,True,REQUESTED_COUNTER_KEY_NOT_SAVED,6dd4a7d670b493cf508cb04df00dbdb4ee7c3bfd94bd8fb92148d7471d6ce27b
13,results/locked_validation_v1/object_2002/early,ONLINE_POLICY_LABEL_F,,2,30,0,,,,6,24,True,REQUESTED_COUNTER_KEY_NOT_SAVED,6dd4a7d670b493cf508cb04df00dbdb4ee7c3bfd94bd8fb92148d7471d6ce27b
14,results/locked_validation_v1/object_2002/middle,STATE,,,,,,,,,,True,ACTUAL_COUNTER_VIEW_NOT_SAVED,6dd4a7d670b493cf508cb04df00dbdb4ee7c3bfd94bd8fb92148d7471d6ce27b
14,results/locked_validation_v1/object_2002/middle,STATE_LABEL_A,,,,6,,,,,,True,REQUESTED_COUNTER_KEY_NOT_SAVED,6dd4a7d670b493cf508cb04df00dbdb4ee7c3bfd94bd8fb92148d7471d6ce27b
14,results/locked_validation_v1/object_2002/middle,STATE_LABEL_H,,,6,0,12,,,,,True,,6dd4a7d670b493cf508cb04df00dbdb4ee7c3bfd94bd8fb92148d7471d6ce27b
14,results/locked_validation_v1/object_2002/middle,ONLINE_POLICY,,0,42,0,,,,6,36,True,REQUESTED_COUNTER_KEY_NOT_SAVED,6dd4a7d670b493cf508cb04df00dbdb4ee7c3bfd94bd8fb92148d7471d6ce27b
14,results/locked_validation_v1/object_2002/middle,ONLINE_POLICY_LABEL_F,,0,42,0,,,,6,36,True,REQUESTED_COUNTER_KEY_NOT_SAVED,6dd4a7d670b493cf508cb04df00dbdb4ee7c3bfd94bd8fb92148d7471d6ce27b
14,results/locked_validation_v1/object_2002/middle,ONLINE_POLICY,,1,42,0,,,,6,36,True,REQUESTED_COUNTER_KEY_NOT_SAVED,6dd4a7d670b493cf508cb04df00dbdb4ee7c3bfd94bd8fb92148d7471d6ce27b
14,results/locked_validation_v1/object_2002/middle,ONLINE_POLICY_LABEL_F,,1,42,0,,,,6,36,True,REQUESTED_COUNTER_KEY_NOT_SAVED,6dd4a7d670b493cf508cb04df00dbdb4ee7c3bfd94bd8fb92148d7471d6ce27b
14,results/locked_validation_v1/object_2002/middle,ONLINE_POLICY,,2,42,0,,,,6,36,True,REQUESTED_COUNTER_KEY_NOT_SAVED,6dd4a7d670b493cf508cb04df00dbdb4ee7c3bfd94bd8fb92148d7471d6ce27b
14,results/locked_validation_v1/object_2002/middle,ONLINE_POLICY_LABEL_F,,2,42,0,,,,6,36,True,REQUESTED_COUNTER_KEY_NOT_SAVED,6dd4a7d670b493cf508cb04df00dbdb4ee7c3bfd94bd8fb92148d7471d6ce27b
15,results/locked_validation_v1/object_2002/late,STATE,,,,,,,,,,True,ACTUAL_COUNTER_VIEW_NOT_SAVED,6dd4a7d670b493cf508cb04df00dbdb4ee7c3bfd94bd8fb92148d7471d6ce27b
15,results/locked_validation_v1/object_2002/late,STATE_LABEL_A,,,,6,,,,,,True,REQUESTED_COUNTER_KEY_NOT_SAVED,6dd4a7d670b493cf508cb04df00dbdb4ee7c3bfd94bd8fb92148d7471d6ce27b
15,results/locked_validation_v1/object_2002/late,STATE_LABEL_H,,,6,0,12,,,,,True,,6dd4a7d670b493cf508cb04df00dbdb4ee7c3bfd94bd8fb92148d7471d6ce27b
15,results/locked_validation_v1/object_2002/late,ONLINE_POLICY,,0,42,0,,,,6,36,True,REQUESTED_COUNTER_KEY_NOT_SAVED,6dd4a7d670b493cf508cb04df00dbdb4ee7c3bfd94bd8fb92148d7471d6ce27b
15,results/locked_validation_v1/object_2002/late,ONLINE_POLICY_LABEL_F,,0,42,0,,,,6,36,True,REQUESTED_COUNTER_KEY_NOT_SAVED,6dd4a7d670b493cf508cb04df00dbdb4ee7c3bfd94bd8fb92148d7471d6ce27b
15,results/locked_validation_v1/object_2002/late,ONLINE_POLICY,,1,42,0,,,,6,36,True,REQUESTED_COUNTER_KEY_NOT_SAVED,6dd4a7d670b493cf508cb04df00dbdb4ee7c3bfd94bd8fb92148d7471d6ce27b
15,results/locked_validation_v1/object_2002/late,ONLINE_POLICY_LABEL_F,,1,42,0,,,,6,36,True,REQUESTED_COUNTER_KEY_NOT_SAVED,6dd4a7d670b493cf508cb04df00dbdb4ee7c3bfd94bd8fb92148d7471d6ce27b
15,results/locked_validation_v1/object_2002/late,ONLINE_POLICY,,2,42,0,,,,6,36,True,REQUESTED_COUNTER_KEY_NOT_SAVED,6dd4a7d670b493cf508cb04df00dbdb4ee7c3bfd94bd8fb92148d7471d6ce27b
15,results/locked_validation_v1/object_2002/late,ONLINE_POLICY_LABEL_F,,2,42,0,,,,6,36,True,REQUESTED_COUNTER_KEY_NOT_SAVED,6dd4a7d670b493cf508cb04df00dbdb4ee7c3bfd94bd8fb92148d7471d6ce27b
16,results/locked_validation_continuation_v1/object_2003/early,STATE,,,,,,,,,,True,ACTUAL_COUNTER_VIEW_NOT_SAVED,6dd4a7d670b493cf508cb04df00dbdb4ee7c3bfd94bd8fb92148d7471d6ce27b
16,results/locked_validation_continuation_v1/object_2003/early,STATE_LABEL_A,,,,6,,,,,,True,REQUESTED_COUNTER_KEY_NOT_SAVED,6dd4a7d670b493cf508cb04df00dbdb4ee7c3bfd94bd8fb92148d7471d6ce27b
16,results/locked_validation_continuation_v1/object_2003/early,STATE_LABEL_H,,,6,0,12,,,,,True,,6dd4a7d670b493cf508cb04df00dbdb4ee7c3bfd94bd8fb92148d7471d6ce27b
16,results/locked_validation_continuation_v1/object_2003/early,ONLINE_POLICY,,0,30,0,,,,6,24,True,REQUESTED_COUNTER_KEY_NOT_SAVED,6dd4a7d670b493cf508cb04df00dbdb4ee7c3bfd94bd8fb92148d7471d6ce27b
16,results/locked_validation_continuation_v1/object_2003/early,ONLINE_POLICY_LABEL_F,,0,30,0,,,,6,24,True,REQUESTED_COUNTER_KEY_NOT_SAVED,6dd4a7d670b493cf508cb04df00dbdb4ee7c3bfd94bd8fb92148d7471d6ce27b
16,results/locked_validation_continuation_v1/object_2003/early,ONLINE_POLICY,,1,42,0,,,,6,36,True,REQUESTED_COUNTER_KEY_NOT_SAVED,6dd4a7d670b493cf508cb04df00dbdb4ee7c3bfd94bd8fb92148d7471d6ce27b
16,results/locked_validation_continuation_v1/object_2003/early,ONLINE_POLICY_LABEL_F,,1,42,0,,,,6,36,True,REQUESTED_COUNTER_KEY_NOT_SAVED,6dd4a7d670b493cf508cb04df00dbdb4ee7c3bfd94bd8fb92148d7471d6ce27b
16,results/locked_validation_continuation_v1/object_2003/early,ONLINE_POLICY,,2,30,0,,,,6,24,True,REQUESTED_COUNTER_KEY_NOT_SAVED,6dd4a7d670b493cf508cb04df00dbdb4ee7c3bfd94bd8fb92148d7471d6ce27b
16,results/locked_validation_continuation_v1/object_2003/early,ONLINE_POLICY_LABEL_F,,2,30,0,,,,6,24,True,REQUESTED_COUNTER_KEY_NOT_SAVED,6dd4a7d670b493cf508cb04df00dbdb4ee7c3bfd94bd8fb92148d7471d6ce27b
17,results/locked_validation_continuation_v1/object_2003/middle,STATE,,,,,,,,,,True,ACTUAL_COUNTER_VIEW_NOT_SAVED,6dd4a7d670b493cf508cb04df00dbdb4ee7c3bfd94bd8fb92148d7471d6ce27b
17,results/locked_validation_continuation_v1/object_2003/middle,STATE_LABEL_A,,,,6,,,,,,True,REQUESTED_COUNTER_KEY_NOT_SAVED,6dd4a7d670b493cf508cb04df00dbdb4ee7c3bfd94bd8fb92148d7471d6ce27b
17,results/locked_validation_continuation_v1/object_2003/middle,STATE_LABEL_H,,,6,0,12,,,,,True,,6dd4a7d670b493cf508cb04df00dbdb4ee7c3bfd94bd8fb92148d7471d6ce27b
17,results/locked_validation_continuation_v1/object_2003/middle,ONLINE_POLICY,,0,42,0,,,,6,36,True,REQUESTED_COUNTER_KEY_NOT_SAVED,6dd4a7d670b493cf508cb04df00dbdb4ee7c3bfd94bd8fb92148d7471d6ce27b
17,results/locked_validation_continuation_v1/object_2003/middle,ONLINE_POLICY_LABEL_F,,0,42,0,,,,6,36,True,REQUESTED_COUNTER_KEY_NOT_SAVED,6dd4a7d670b493cf508cb04df00dbdb4ee7c3bfd94bd8fb92148d7471d6ce27b
17,results/locked_validation_continuation_v1/object_2003/middle,ONLINE_POLICY,,1,42,0,,,,6,36,True,REQUESTED_COUNTER_KEY_NOT_SAVED,6dd4a7d670b493cf508cb04df00dbdb4ee7c3bfd94bd8fb92148d7471d6ce27b
17,results/locked_validation_continuation_v1/object_2003/middle,ONLINE_POLICY_LABEL_F,,1,42,0,,,,6,36,True,REQUESTED_COUNTER_KEY_NOT_SAVED,6dd4a7d670b493cf508cb04df00dbdb4ee7c3bfd94bd8fb92148d7471d6ce27b
17,results/locked_validation_continuation_v1/object_2003/middle,ONLINE_POLICY,,2,42,0,,,,6,36,True,REQUESTED_COUNTER_KEY_NOT_SAVED,6dd4a7d670b493cf508cb04df00dbdb4ee7c3bfd94bd8fb92148d7471d6ce27b
17,results/locked_validation_continuation_v1/object_2003/middle,ONLINE_POLICY_LABEL_F,,2,42,0,,,,6,36,True,REQUESTED_COUNTER_KEY_NOT_SAVED,6dd4a7d670b493cf508cb04df00dbdb4ee7c3bfd94bd8fb92148d7471d6ce27b
18,results/locked_validation_continuation_v1/object_2003/late,STATE,,,,,,,,,,True,ACTUAL_COUNTER_VIEW_NOT_SAVED,6dd4a7d670b493cf508cb04df00dbdb4ee7c3bfd94bd8fb92148d7471d6ce27b
18,results/locked_validation_continuation_v1/object_2003/late,STATE_LABEL_A,,,,6,,,,,,True,REQUESTED_COUNTER_KEY_NOT_SAVED,6dd4a7d670b493cf508cb04df00dbdb4ee7c3bfd94bd8fb92148d7471d6ce27b
18,results/locked_validation_continuation_v1/object_2003/late,STATE_LABEL_H,,,6,0,12,,,,,True,,6dd4a7d670b493cf508cb04df00dbdb4ee7c3bfd94bd8fb92148d7471d6ce27b
18,results/locked_validation_continuation_v1/object_2003/late,ONLINE_POLICY,,0,42,0,,,,6,36,True,REQUESTED_COUNTER_KEY_NOT_SAVED,6dd4a7d670b493cf508cb04df00dbdb4ee7c3bfd94bd8fb92148d7471d6ce27b
18,results/locked_validation_continuation_v1/object_2003/late,ONLINE_POLICY_LABEL_F,,0,42,0,,,,6,36,True,REQUESTED_COUNTER_KEY_NOT_SAVED,6dd4a7d670b493cf508cb04df00dbdb4ee7c3bfd94bd8fb92148d7471d6ce27b
18,results/locked_validation_continuation_v1/object_2003/late,ONLINE_POLICY,,1,42,0,,,,6,36,True,REQUESTED_COUNTER_KEY_NOT_SAVED,6dd4a7d670b493cf508cb04df00dbdb4ee7c3bfd94bd8fb92148d7471d6ce27b
18,results/locked_validation_continuation_v1/object_2003/late,ONLINE_POLICY_LABEL_F,,1,42,0,,,,6,36,True,REQUESTED_COUNTER_KEY_NOT_SAVED,6dd4a7d670b493cf508cb04df00dbdb4ee7c3bfd94bd8fb92148d7471d6ce27b
18,results/locked_validation_continuation_v1/object_2003/late,ONLINE_POLICY,,2,42,0,,,,6,36,True,REQUESTED_COUNTER_KEY_NOT_SAVED,6dd4a7d670b493cf508cb04df00dbdb4ee7c3bfd94bd8fb92148d7471d6ce27b
18,results/locked_validation_continuation_v1/object_2003/late,ONLINE_POLICY_LABEL_F,,2,42,0,,,,6,36,True,REQUESTED_COUNTER_KEY_NOT_SAVED,6dd4a7d670b493cf508cb04df00dbdb4ee7c3bfd94bd8fb92148d7471d6ce27b
19,results/locked_validation_continuation_v1/object_2004/early,STATE,,,,,,,,,,True,ACTUAL_COUNTER_VIEW_NOT_SAVED,6dd4a7d670b493cf508cb04df00dbdb4ee7c3bfd94bd8fb92148d7471d6ce27b
19,results/locked_validation_continuation_v1/object_2004/early,STATE_LABEL_A,,,,6,,,,,,True,REQUESTED_COUNTER_KEY_NOT_SAVED,6dd4a7d670b493cf508cb04df00dbdb4ee7c3bfd94bd8fb92148d7471d6ce27b
19,results/locked_validation_continuation_v1/object_2004/early,STATE_LABEL_H,,,6,0,12,,,,,True,,6dd4a7d670b493cf508cb04df00dbdb4ee7c3bfd94bd8fb92148d7471d6ce27b
19,results/locked_validation_continuation_v1/object_2004/early,ONLINE_POLICY,,0,42,0,,,,6,36,True,REQUESTED_COUNTER_KEY_NOT_SAVED,6dd4a7d670b493cf508cb04df00dbdb4ee7c3bfd94bd8fb92148d7471d6ce27b
19,results/locked_validation_continuation_v1/object_2004/early,ONLINE_POLICY_LABEL_F,,0,42,0,,,,6,36,True,REQUESTED_COUNTER_KEY_NOT_SAVED,6dd4a7d670b493cf508cb04df00dbdb4ee7c3bfd94bd8fb92148d7471d6ce27b
19,results/locked_validation_continuation_v1/object_2004/early,ONLINE_POLICY,,1,30,0,,,,6,24,True,REQUESTED_COUNTER_KEY_NOT_SAVED,6dd4a7d670b493cf508cb04df00dbdb4ee7c3bfd94bd8fb92148d7471d6ce27b
19,results/locked_validation_continuation_v1/object_2004/early,ONLINE_POLICY_LABEL_F,,1,30,0,,,,6,24,True,REQUESTED_COUNTER_KEY_NOT_SAVED,6dd4a7d670b493cf508cb04df00dbdb4ee7c3bfd94bd8fb92148d7471d6ce27b
19,results/locked_validation_continuation_v1/object_2004/early,ONLINE_POLICY,,2,42,0,,,,6,36,True,REQUESTED_COUNTER_KEY_NOT_SAVED,6dd4a7d670b493cf508cb04df00dbdb4ee7c3bfd94bd8fb92148d7471d6ce27b
19,results/locked_validation_continuation_v1/object_2004/early,ONLINE_POLICY_LABEL_F,,2,42,0,,,,6,36,True,REQUESTED_COUNTER_KEY_NOT_SAVED,6dd4a7d670b493cf508cb04df00dbdb4ee7c3bfd94bd8fb92148d7471d6ce27b
20,results/locked_validation_continuation_v1/object_2004/middle,STATE,,,,,,,,,,True,ACTUAL_COUNTER_VIEW_NOT_SAVED,6dd4a7d670b493cf508cb04df00dbdb4ee7c3bfd94bd8fb92148d7471d6ce27b
20,results/locked_validation_continuation_v1/object_2004/middle,STATE_LABEL_A,,,,6,,,,,,True,REQUESTED_COUNTER_KEY_NOT_SAVED,6dd4a7d670b493cf508cb04df00dbdb4ee7c3bfd94bd8fb92148d7471d6ce27b
20,results/locked_validation_continuation_v1/object_2004/middle,STATE_LABEL_H,,,6,0,12,,,,,True,,6dd4a7d670b493cf508cb04df00dbdb4ee7c3bfd94bd8fb92148d7471d6ce27b
20,results/locked_validation_continuation_v1/object_2004/middle,ONLINE_POLICY,,0,42,0,,,,6,36,True,REQUESTED_COUNTER_KEY_NOT_SAVED,6dd4a7d670b493cf508cb04df00dbdb4ee7c3bfd94bd8fb92148d7471d6ce27b
20,results/locked_validation_continuation_v1/object_2004/middle,ONLINE_POLICY_LABEL_F,,0,42,0,,,,6,36,True,REQUESTED_COUNTER_KEY_NOT_SAVED,6dd4a7d670b493cf508cb04df00dbdb4ee7c3bfd94bd8fb92148d7471d6ce27b
20,results/locked_validation_continuation_v1/object_2004/middle,ONLINE_POLICY,,1,42,0,,,,6,36,True,REQUESTED_COUNTER_KEY_NOT_SAVED,6dd4a7d670b493cf508cb04df00dbdb4ee7c3bfd94bd8fb92148d7471d6ce27b
20,results/locked_validation_continuation_v1/object_2004/middle,ONLINE_POLICY_LABEL_F,,1,42,0,,,,6,36,True,REQUESTED_COUNTER_KEY_NOT_SAVED,6dd4a7d670b493cf508cb04df00dbdb4ee7c3bfd94bd8fb92148d7471d6ce27b
20,results/locked_validation_continuation_v1/object_2004/middle,ONLINE_POLICY,,2,42,0,,,,6,36,True,REQUESTED_COUNTER_KEY_NOT_SAVED,6dd4a7d670b493cf508cb04df00dbdb4ee7c3bfd94bd8fb92148d7471d6ce27b
20,results/locked_validation_continuation_v1/object_2004/middle,ONLINE_POLICY_LABEL_F,,2,42,0,,,,6,36,True,REQUESTED_COUNTER_KEY_NOT_SAVED,6dd4a7d670b493cf508cb04df00dbdb4ee7c3bfd94bd8fb92148d7471d6ce27b
21,results/locked_validation_continuation_v1/object_2004/late,STATE,,,,,,,,,,True,ACTUAL_COUNTER_VIEW_NOT_SAVED,6dd4a7d670b493cf508cb04df00dbdb4ee7c3bfd94bd8fb92148d7471d6ce27b
21,results/locked_validation_continuation_v1/object_2004/late,STATE_LABEL_A,,,,6,,,,,,True,REQUESTED_COUNTER_KEY_NOT_SAVED,6dd4a7d670b493cf508cb04df00dbdb4ee7c3bfd94bd8fb92148d7471d6ce27b
21,results/locked_validation_continuation_v1/object_2004/late,STATE_LABEL_H,,,6,0,12,,,,,True,,6dd4a7d670b493cf508cb04df00dbdb4ee7c3bfd94bd8fb92148d7471d6ce27b
21,results/locked_validation_continuation_v1/object_2004/late,ONLINE_POLICY,,0,42,0,,,,6,36,True,REQUESTED_COUNTER_KEY_NOT_SAVED,6dd4a7d670b493cf508cb04df00dbdb4ee7c3bfd94bd8fb92148d7471d6ce27b
21,results/locked_validation_continuation_v1/object_2004/late,ONLINE_POLICY_LABEL_F,,0,42,0,,,,6,36,True,REQUESTED_COUNTER_KEY_NOT_SAVED,6dd4a7d670b493cf508cb04df00dbdb4ee7c3bfd94bd8fb92148d7471d6ce27b
21,results/locked_validation_continuation_v1/object_2004/late,ONLINE_POLICY,,1,42,0,,,,6,36,True,REQUESTED_COUNTER_KEY_NOT_SAVED,6dd4a7d670b493cf508cb04df00dbdb4ee7c3bfd94bd8fb92148d7471d6ce27b
21,results/locked_validation_continuation_v1/object_2004/late,ONLINE_POLICY_LABEL_F,,1,42,0,,,,6,36,True,REQUESTED_COUNTER_KEY_NOT_SAVED,6dd4a7d670b493cf508cb04df00dbdb4ee7c3bfd94bd8fb92148d7471d6ce27b
21,results/locked_validation_continuation_v1/object_2004/late,ONLINE_POLICY,,2,42,0,,,,6,36,True,REQUESTED_COUNTER_KEY_NOT_SAVED,6dd4a7d670b493cf508cb04df00dbdb4ee7c3bfd94bd8fb92148d7471d6ce27b
21,results/locked_validation_continuation_v1/object_2004/late,ONLINE_POLICY_LABEL_F,,2,42,0,,,,6,36,True,REQUESTED_COUNTER_KEY_NOT_SAVED,6dd4a7d670b493cf508cb04df00dbdb4ee7c3bfd94bd8fb92148d7471d6ce27b
22,results/locked_validation_continuation_v1/object_2005/early,STATE,,,,,,,,,,True,ACTUAL_COUNTER_VIEW_NOT_SAVED,6dd4a7d670b493cf508cb04df00dbdb4ee7c3bfd94bd8fb92148d7471d6ce27b
22,results/locked_validation_continuation_v1/object_2005/early,STATE_LABEL_A,,,,6,,,,,,True,REQUESTED_COUNTER_KEY_NOT_SAVED,6dd4a7d670b493cf508cb04df00dbdb4ee7c3bfd94bd8fb92148d7471d6ce27b
22,results/locked_validation_continuation_v1/object_2005/early,STATE_LABEL_H,,,6,0,12,,,,,True,,6dd4a7d670b493cf508cb04df00dbdb4ee7c3bfd94bd8fb92148d7471d6ce27b
22,results/locked_validation_continuation_v1/object_2005/early,ONLINE_POLICY,,0,30,0,,,,6,24,True,REQUESTED_COUNTER_KEY_NOT_SAVED,6dd4a7d670b493cf508cb04df00dbdb4ee7c3bfd94bd8fb92148d7471d6ce27b
22,results/locked_validation_continuation_v1/object_2005/early,ONLINE_POLICY_LABEL_F,,0,30,0,,,,6,24,True,REQUESTED_COUNTER_KEY_NOT_SAVED,6dd4a7d670b493cf508cb04df00dbdb4ee7c3bfd94bd8fb92148d7471d6ce27b
22,results/locked_validation_continuation_v1/object_2005/early,ONLINE_POLICY,,1,42,0,,,,6,36,True,REQUESTED_COUNTER_KEY_NOT_SAVED,6dd4a7d670b493cf508cb04df00dbdb4ee7c3bfd94bd8fb92148d7471d6ce27b
22,results/locked_validation_continuation_v1/object_2005/early,ONLINE_POLICY_LABEL_F,,1,42,0,,,,6,36,True,REQUESTED_COUNTER_KEY_NOT_SAVED,6dd4a7d670b493cf508cb04df00dbdb4ee7c3bfd94bd8fb92148d7471d6ce27b
22,results/locked_validation_continuation_v1/object_2005/early,ONLINE_POLICY,,2,30,0,,,,6,24,True,REQUESTED_COUNTER_KEY_NOT_SAVED,6dd4a7d670b493cf508cb04df00dbdb4ee7c3bfd94bd8fb92148d7471d6ce27b
22,results/locked_validation_continuation_v1/object_2005/early,ONLINE_POLICY_LABEL_F,,2,30,0,,,,6,24,True,REQUESTED_COUNTER_KEY_NOT_SAVED,6dd4a7d670b493cf508cb04df00dbdb4ee7c3bfd94bd8fb92148d7471d6ce27b
23,results/locked_validation_continuation_v1/object_2005/middle,STATE,,,,,,,,,,True,ACTUAL_COUNTER_VIEW_NOT_SAVED,6dd4a7d670b493cf508cb04df00dbdb4ee7c3bfd94bd8fb92148d7471d6ce27b
23,results/locked_validation_continuation_v1/object_2005/middle,STATE_LABEL_A,,,,6,,,,,,True,REQUESTED_COUNTER_KEY_NOT_SAVED,6dd4a7d670b493cf508cb04df00dbdb4ee7c3bfd94bd8fb92148d7471d6ce27b
23,results/locked_validation_continuation_v1/object_2005/middle,STATE_LABEL_H,,,6,0,12,,,,,True,,6dd4a7d670b493cf508cb04df00dbdb4ee7c3bfd94bd8fb92148d7471d6ce27b
23,results/locked_validation_continuation_v1/object_2005/middle,ONLINE_POLICY,,0,42,0,,,,6,36,True,REQUESTED_COUNTER_KEY_NOT_SAVED,6dd4a7d670b493cf508cb04df00dbdb4ee7c3bfd94bd8fb92148d7471d6ce27b
23,results/locked_validation_continuation_v1/object_2005/middle,ONLINE_POLICY_LABEL_F,,0,42,0,,,,6,36,True,REQUESTED_COUNTER_KEY_NOT_SAVED,6dd4a7d670b493cf508cb04df00dbdb4ee7c3bfd94bd8fb92148d7471d6ce27b
23,results/locked_validation_continuation_v1/object_2005/middle,ONLINE_POLICY,,1,42,0,,,,6,36,True,REQUESTED_COUNTER_KEY_NOT_SAVED,6dd4a7d670b493cf508cb04df00dbdb4ee7c3bfd94bd8fb92148d7471d6ce27b
23,results/locked_validation_continuation_v1/object_2005/middle,ONLINE_POLICY_LABEL_F,,1,42,0,,,,6,36,True,REQUESTED_COUNTER_KEY_NOT_SAVED,6dd4a7d670b493cf508cb04df00dbdb4ee7c3bfd94bd8fb92148d7471d6ce27b
23,results/locked_validation_continuation_v1/object_2005/middle,ONLINE_POLICY,,2,42,0,,,,6,36,True,REQUESTED_COUNTER_KEY_NOT_SAVED,6dd4a7d670b493cf508cb04df00dbdb4ee7c3bfd94bd8fb92148d7471d6ce27b
23,results/locked_validation_continuation_v1/object_2005/middle,ONLINE_POLICY_LABEL_F,,2,42,0,,,,6,36,True,REQUESTED_COUNTER_KEY_NOT_SAVED,6dd4a7d670b493cf508cb04df00dbdb4ee7c3bfd94bd8fb92148d7471d6ce27b
24,results/locked_validation_continuation_v1/object_2005/late,STATE,,,,,,,,,,True,ACTUAL_COUNTER_VIEW_NOT_SAVED,6dd4a7d670b493cf508cb04df00dbdb4ee7c3bfd94bd8fb92148d7471d6ce27b
24,results/locked_validation_continuation_v1/object_2005/late,STATE_LABEL_A,,,,6,,,,,,True,REQUESTED_COUNTER_KEY_NOT_SAVED,6dd4a7d670b493cf508cb04df00dbdb4ee7c3bfd94bd8fb92148d7471d6ce27b
24,results/locked_validation_continuation_v1/object_2005/late,STATE_LABEL_H,,,6,0,12,,,,,True,,6dd4a7d670b493cf508cb04df00dbdb4ee7c3bfd94bd8fb92148d7471d6ce27b
24,results/locked_validation_continuation_v1/object_2005/late,ONLINE_POLICY,,0,42,0,,,,6,36,True,REQUESTED_COUNTER_KEY_NOT_SAVED,6dd4a7d670b493cf508cb04df00dbdb4ee7c3bfd94bd8fb92148d7471d6ce27b
24,results/locked_validation_continuation_v1/object_2005/late,ONLINE_POLICY_LABEL_F,,0,42,0,,,,6,36,True,REQUESTED_COUNTER_KEY_NOT_SAVED,6dd4a7d670b493cf508cb04df00dbdb4ee7c3bfd94bd8fb92148d7471d6ce27b
24,results/locked_validation_continuation_v1/object_2005/late,ONLINE_POLICY,,1,42,0,,,,6,36,True,REQUESTED_COUNTER_KEY_NOT_SAVED,6dd4a7d670b493cf508cb04df00dbdb4ee7c3bfd94bd8fb92148d7471d6ce27b
24,results/locked_validation_continuation_v1/object_2005/late,ONLINE_POLICY_LABEL_F,,1,42,0,,,,6,36,True,REQUESTED_COUNTER_KEY_NOT_SAVED,6dd4a7d670b493cf508cb04df00dbdb4ee7c3bfd94bd8fb92148d7471d6ce27b
24,results/locked_validation_continuation_v1/object_2005/late,ONLINE_POLICY,,2,42,0,,,,6,36,True,REQUESTED_COUNTER_KEY_NOT_SAVED,6dd4a7d670b493cf508cb04df00dbdb4ee7c3bfd94bd8fb92148d7471d6ce27b
24,results/locked_validation_continuation_v1/object_2005/late,ONLINE_POLICY_LABEL_F,,2,42,0,,,,6,36,True,REQUESTED_COUNTER_KEY_NOT_SAVED,6dd4a7d670b493cf508cb04df00dbdb4ee7c3bfd94bd8fb92148d7471d6ce27b
25,results/locked_validation_continuation_v1/object_2006/early,STATE,,,,,,,,,,True,ACTUAL_COUNTER_VIEW_NOT_SAVED,6dd4a7d670b493cf508cb04df00dbdb4ee7c3bfd94bd8fb92148d7471d6ce27b
25,results/locked_validation_continuation_v1/object_2006/early,STATE_LABEL_A,,,,6,,,,,,True,REQUESTED_COUNTER_KEY_NOT_SAVED,6dd4a7d670b493cf508cb04df00dbdb4ee7c3bfd94bd8fb92148d7471d6ce27b
25,results/locked_validation_continuation_v1/object_2006/early,STATE_LABEL_H,,,6,0,12,,,,,True,,6dd4a7d670b493cf508cb04df00dbdb4ee7c3bfd94bd8fb92148d7471d6ce27b
25,results/locked_validation_continuation_v1/object_2006/early,ONLINE_POLICY,,0,42,0,,,,6,36,True,REQUESTED_COUNTER_KEY_NOT_SAVED,6dd4a7d670b493cf508cb04df00dbdb4ee7c3bfd94bd8fb92148d7471d6ce27b
25,results/locked_validation_continuation_v1/object_2006/early,ONLINE_POLICY_LABEL_F,,0,42,0,,,,6,36,True,REQUESTED_COUNTER_KEY_NOT_SAVED,6dd4a7d670b493cf508cb04df00dbdb4ee7c3bfd94bd8fb92148d7471d6ce27b
25,results/locked_validation_continuation_v1/object_2006/early,ONLINE_POLICY,,1,42,0,,,,6,36,True,REQUESTED_COUNTER_KEY_NOT_SAVED,6dd4a7d670b493cf508cb04df00dbdb4ee7c3bfd94bd8fb92148d7471d6ce27b
25,results/locked_validation_continuation_v1/object_2006/early,ONLINE_POLICY_LABEL_F,,1,42,0,,,,6,36,True,REQUESTED_COUNTER_KEY_NOT_SAVED,6dd4a7d670b493cf508cb04df00dbdb4ee7c3bfd94bd8fb92148d7471d6ce27b
25,results/locked_validation_continuation_v1/object_2006/early,ONLINE_POLICY,,2,42,0,,,,6,36,True,REQUESTED_COUNTER_KEY_NOT_SAVED,6dd4a7d670b493cf508cb04df00dbdb4ee7c3bfd94bd8fb92148d7471d6ce27b
25,results/locked_validation_continuation_v1/object_2006/early,ONLINE_POLICY_LABEL_F,,2,42,0,,,,6,36,True,REQUESTED_COUNTER_KEY_NOT_SAVED,6dd4a7d670b493cf508cb04df00dbdb4ee7c3bfd94bd8fb92148d7471d6ce27b
26,results/locked_validation_continuation_v1/object_2006/middle,STATE,,,,,,,,,,True,ACTUAL_COUNTER_VIEW_NOT_SAVED,6dd4a7d670b493cf508cb04df00dbdb4ee7c3bfd94bd8fb92148d7471d6ce27b
26,results/locked_validation_continuation_v1/object_2006/middle,STATE_LABEL_A,,,,6,,,,,,True,REQUESTED_COUNTER_KEY_NOT_SAVED,6dd4a7d670b493cf508cb04df00dbdb4ee7c3bfd94bd8fb92148d7471d6ce27b
26,results/locked_validation_continuation_v1/object_2006/middle,STATE_LABEL_H,,,6,0,12,,,,,True,,6dd4a7d670b493cf508cb04df00dbdb4ee7c3bfd94bd8fb92148d7471d6ce27b
26,results/locked_validation_continuation_v1/object_2006/middle,ONLINE_POLICY,,0,42,0,,,,6,36,True,REQUESTED_COUNTER_KEY_NOT_SAVED,6dd4a7d670b493cf508cb04df00dbdb4ee7c3bfd94bd8fb92148d7471d6ce27b
26,results/locked_validation_continuation_v1/object_2006/middle,ONLINE_POLICY_LABEL_F,,0,42,0,,,,6,36,True,REQUESTED_COUNTER_KEY_NOT_SAVED,6dd4a7d670b493cf508cb04df00dbdb4ee7c3bfd94bd8fb92148d7471d6ce27b
26,results/locked_validation_continuation_v1/object_2006/middle,ONLINE_POLICY,,1,42,0,,,,6,36,True,REQUESTED_COUNTER_KEY_NOT_SAVED,6dd4a7d670b493cf508cb04df00dbdb4ee7c3bfd94bd8fb92148d7471d6ce27b
26,results/locked_validation_continuation_v1/object_2006/middle,ONLINE_POLICY_LABEL_F,,1,42,0,,,,6,36,True,REQUESTED_COUNTER_KEY_NOT_SAVED,6dd4a7d670b493cf508cb04df00dbdb4ee7c3bfd94bd8fb92148d7471d6ce27b
26,results/locked_validation_continuation_v1/object_2006/middle,ONLINE_POLICY,,2,42,0,,,,6,36,True,REQUESTED_COUNTER_KEY_NOT_SAVED,6dd4a7d670b493cf508cb04df00dbdb4ee7c3bfd94bd8fb92148d7471d6ce27b
26,results/locked_validation_continuation_v1/object_2006/middle,ONLINE_POLICY_LABEL_F,,2,42,0,,,,6,36,True,REQUESTED_COUNTER_KEY_NOT_SAVED,6dd4a7d670b493cf508cb04df00dbdb4ee7c3bfd94bd8fb92148d7471d6ce27b
27,results/locked_validation_continuation_v1/object_2006/late,STATE,,,,,,,,,,True,ACTUAL_COUNTER_VIEW_NOT_SAVED,6dd4a7d670b493cf508cb04df00dbdb4ee7c3bfd94bd8fb92148d7471d6ce27b
27,results/locked_validation_continuation_v1/object_2006/late,STATE_LABEL_A,,,,6,,,,,,True,REQUESTED_COUNTER_KEY_NOT_SAVED,6dd4a7d670b493cf508cb04df00dbdb4ee7c3bfd94bd8fb92148d7471d6ce27b
27,results/locked_validation_continuation_v1/object_2006/late,STATE_LABEL_H,,,6,0,12,,,,,True,,6dd4a7d670b493cf508cb04df00dbdb4ee7c3bfd94bd8fb92148d7471d6ce27b
27,results/locked_validation_continuation_v1/object_2006/late,ONLINE_POLICY,,0,42,0,,,,6,36,True,REQUESTED_COUNTER_KEY_NOT_SAVED,6dd4a7d670b493cf508cb04df00dbdb4ee7c3bfd94bd8fb92148d7471d6ce27b
27,results/locked_validation_continuation_v1/object_2006/late,ONLINE_POLICY_LABEL_F,,0,42,0,,,,6,36,True,REQUESTED_COUNTER_KEY_NOT_SAVED,6dd4a7d670b493cf508cb04df00dbdb4ee7c3bfd94bd8fb92148d7471d6ce27b
27,results/locked_validation_continuation_v1/object_2006/late,ONLINE_POLICY,,1,42,0,,,,6,36,True,REQUESTED_COUNTER_KEY_NOT_SAVED,6dd4a7d670b493cf508cb04df00dbdb4ee7c3bfd94bd8fb92148d7471d6ce27b
27,results/locked_validation_continuation_v1/object_2006/late,ONLINE_POLICY_LABEL_F,,1,42,0,,,,6,36,True,REQUESTED_COUNTER_KEY_NOT_SAVED,6dd4a7d670b493cf508cb04df00dbdb4ee7c3bfd94bd8fb92148d7471d6ce27b
27,results/locked_validation_continuation_v1/object_2006/late,ONLINE_POLICY,,2,42,0,,,,6,36,True,REQUESTED_COUNTER_KEY_NOT_SAVED,6dd4a7d670b493cf508cb04df00dbdb4ee7c3bfd94bd8fb92148d7471d6ce27b
27,results/locked_validation_continuation_v1/object_2006/late,ONLINE_POLICY_LABEL_F,,2,42,0,,,,6,36,True,REQUESTED_COUNTER_KEY_NOT_SAVED,6dd4a7d670b493cf508cb04df00dbdb4ee7c3bfd94bd8fb92148d7471d6ce27b
28,results/locked_validation_continuation_v1/object_2008/early,STATE,,,,,,,,,,True,ACTUAL_COUNTER_VIEW_NOT_SAVED,6dd4a7d670b493cf508cb04df00dbdb4ee7c3bfd94bd8fb92148d7471d6ce27b
28,results/locked_validation_continuation_v1/object_2008/early,STATE_LABEL_A,,,,6,,,,,,True,REQUESTED_COUNTER_KEY_NOT_SAVED,6dd4a7d670b493cf508cb04df00dbdb4ee7c3bfd94bd8fb92148d7471d6ce27b
28,results/locked_validation_continuation_v1/object_2008/early,STATE_LABEL_H,,,6,0,12,,,,,True,,6dd4a7d670b493cf508cb04df00dbdb4ee7c3bfd94bd8fb92148d7471d6ce27b
28,results/locked_validation_continuation_v1/object_2008/early,ONLINE_POLICY,,0,42,0,,,,6,36,True,REQUESTED_COUNTER_KEY_NOT_SAVED,6dd4a7d670b493cf508cb04df00dbdb4ee7c3bfd94bd8fb92148d7471d6ce27b
28,results/locked_validation_continuation_v1/object_2008/early,ONLINE_POLICY_LABEL_F,,0,42,0,,,,6,36,True,REQUESTED_COUNTER_KEY_NOT_SAVED,6dd4a7d670b493cf508cb04df00dbdb4ee7c3bfd94bd8fb92148d7471d6ce27b
28,results/locked_validation_continuation_v1/object_2008/early,ONLINE_POLICY,,1,42,0,,,,6,36,True,REQUESTED_COUNTER_KEY_NOT_SAVED,6dd4a7d670b493cf508cb04df00dbdb4ee7c3bfd94bd8fb92148d7471d6ce27b
28,results/locked_validation_continuation_v1/object_2008/early,ONLINE_POLICY_LABEL_F,,1,42,0,,,,6,36,True,REQUESTED_COUNTER_KEY_NOT_SAVED,6dd4a7d670b493cf508cb04df00dbdb4ee7c3bfd94bd8fb92148d7471d6ce27b
28,results/locked_validation_continuation_v1/object_2008/early,ONLINE_POLICY,,2,30,0,,,,6,24,True,REQUESTED_COUNTER_KEY_NOT_SAVED,6dd4a7d670b493cf508cb04df00dbdb4ee7c3bfd94bd8fb92148d7471d6ce27b
28,results/locked_validation_continuation_v1/object_2008/early,ONLINE_POLICY_LABEL_F,,2,30,0,,,,6,24,True,REQUESTED_COUNTER_KEY_NOT_SAVED,6dd4a7d670b493cf508cb04df00dbdb4ee7c3bfd94bd8fb92148d7471d6ce27b
29,results/locked_validation_continuation_v1/object_2008/middle,STATE,,,,,,,,,,True,ACTUAL_COUNTER_VIEW_NOT_SAVED,6dd4a7d670b493cf508cb04df00dbdb4ee7c3bfd94bd8fb92148d7471d6ce27b
29,results/locked_validation_continuation_v1/object_2008/middle,STATE_LABEL_A,,,,6,,,,,,True,REQUESTED_COUNTER_KEY_NOT_SAVED,6dd4a7d670b493cf508cb04df00dbdb4ee7c3bfd94bd8fb92148d7471d6ce27b
29,results/locked_validation_continuation_v1/object_2008/middle,STATE_LABEL_H,,,6,0,12,,,,,True,,6dd4a7d670b493cf508cb04df00dbdb4ee7c3bfd94bd8fb92148d7471d6ce27b
29,results/locked_validation_continuation_v1/object_2008/middle,ONLINE_POLICY,,0,42,0,,,,6,36,True,REQUESTED_COUNTER_KEY_NOT_SAVED,6dd4a7d670b493cf508cb04df00dbdb4ee7c3bfd94bd8fb92148d7471d6ce27b
29,results/locked_validation_continuation_v1/object_2008/middle,ONLINE_POLICY_LABEL_F,,0,42,0,,,,6,36,True,REQUESTED_COUNTER_KEY_NOT_SAVED,6dd4a7d670b493cf508cb04df00dbdb4ee7c3bfd94bd8fb92148d7471d6ce27b
29,results/locked_validation_continuation_v1/object_2008/middle,ONLINE_POLICY,,1,42,0,,,,6,36,True,REQUESTED_COUNTER_KEY_NOT_SAVED,6dd4a7d670b493cf508cb04df00dbdb4ee7c3bfd94bd8fb92148d7471d6ce27b
29,results/locked_validation_continuation_v1/object_2008/middle,ONLINE_POLICY_LABEL_F,,1,42,0,,,,6,36,True,REQUESTED_COUNTER_KEY_NOT_SAVED,6dd4a7d670b493cf508cb04df00dbdb4ee7c3bfd94bd8fb92148d7471d6ce27b
29,results/locked_validation_continuation_v1/object_2008/middle,ONLINE_POLICY,,2,42,0,,,,6,36,True,REQUESTED_COUNTER_KEY_NOT_SAVED,6dd4a7d670b493cf508cb04df00dbdb4ee7c3bfd94bd8fb92148d7471d6ce27b
29,results/locked_validation_continuation_v1/object_2008/middle,ONLINE_POLICY_LABEL_F,,2,42,0,,,,6,36,True,REQUESTED_COUNTER_KEY_NOT_SAVED,6dd4a7d670b493cf508cb04df00dbdb4ee7c3bfd94bd8fb92148d7471d6ce27b
30,results/locked_validation_continuation_v1/object_2008/late,STATE,,,,,,,,,,True,ACTUAL_COUNTER_VIEW_NOT_SAVED,6dd4a7d670b493cf508cb04df00dbdb4ee7c3bfd94bd8fb92148d7471d6ce27b
30,results/locked_validation_continuation_v1/object_2008/late,STATE_LABEL_A,,,,6,,,,,,True,REQUESTED_COUNTER_KEY_NOT_SAVED,6dd4a7d670b493cf508cb04df00dbdb4ee7c3bfd94bd8fb92148d7471d6ce27b
30,results/locked_validation_continuation_v1/object_2008/late,STATE_LABEL_H,,,6,0,12,,,,,True,,6dd4a7d670b493cf508cb04df00dbdb4ee7c3bfd94bd8fb92148d7471d6ce27b
30,results/locked_validation_continuation_v1/object_2008/late,ONLINE_POLICY,,0,42,0,,,,6,36,True,REQUESTED_COUNTER_KEY_NOT_SAVED,6dd4a7d670b493cf508cb04df00dbdb4ee7c3bfd94bd8fb92148d7471d6ce27b
30,results/locked_validation_continuation_v1/object_2008/late,ONLINE_POLICY_LABEL_F,,0,42,0,,,,6,36,True,REQUESTED_COUNTER_KEY_NOT_SAVED,6dd4a7d670b493cf508cb04df00dbdb4ee7c3bfd94bd8fb92148d7471d6ce27b
30,results/locked_validation_continuation_v1/object_2008/late,ONLINE_POLICY,,1,42,0,,,,6,36,True,REQUESTED_COUNTER_KEY_NOT_SAVED,6dd4a7d670b493cf508cb04df00dbdb4ee7c3bfd94bd8fb92148d7471d6ce27b
30,results/locked_validation_continuation_v1/object_2008/late,ONLINE_POLICY_LABEL_F,,1,42,0,,,,6,36,True,REQUESTED_COUNTER_KEY_NOT_SAVED,6dd4a7d670b493cf508cb04df00dbdb4ee7c3bfd94bd8fb92148d7471d6ce27b
30,results/locked_validation_continuation_v1/object_2008/late,ONLINE_POLICY,,2,42,0,,,,6,36,True,REQUESTED_COUNTER_KEY_NOT_SAVED,6dd4a7d670b493cf508cb04df00dbdb4ee7c3bfd94bd8fb92148d7471d6ce27b
30,results/locked_validation_continuation_v1/object_2008/late,ONLINE_POLICY_LABEL_F,,2,42,0,,,,6,36,True,REQUESTED_COUNTER_KEY_NOT_SAVED,6dd4a7d670b493cf508cb04df00dbdb4ee7c3bfd94bd8fb92148d7471d6ce27b
31,results/locked_validation_continuation_v1/object_2009/early,STATE,,,,,,,,,,True,ACTUAL_COUNTER_VIEW_NOT_SAVED,6dd4a7d670b493cf508cb04df00dbdb4ee7c3bfd94bd8fb92148d7471d6ce27b
31,results/locked_validation_continuation_v1/object_2009/early,STATE_LABEL_A,,,,6,,,,,,True,REQUESTED_COUNTER_KEY_NOT_SAVED,6dd4a7d670b493cf508cb04df00dbdb4ee7c3bfd94bd8fb92148d7471d6ce27b
31,results/locked_validation_continuation_v1/object_2009/early,STATE_LABEL_H,,,6,0,12,,,,,True,,6dd4a7d670b493cf508cb04df00dbdb4ee7c3bfd94bd8fb92148d7471d6ce27b
31,results/locked_validation_continuation_v1/object_2009/early,ONLINE_POLICY,,0,42,0,,,,6,36,True,REQUESTED_COUNTER_KEY_NOT_SAVED,6dd4a7d670b493cf508cb04df00dbdb4ee7c3bfd94bd8fb92148d7471d6ce27b
31,results/locked_validation_continuation_v1/object_2009/early,ONLINE_POLICY_LABEL_F,,0,42,0,,,,6,36,True,REQUESTED_COUNTER_KEY_NOT_SAVED,6dd4a7d670b493cf508cb04df00dbdb4ee7c3bfd94bd8fb92148d7471d6ce27b
31,results/locked_validation_continuation_v1/object_2009/early,ONLINE_POLICY,,1,30,0,,,,6,24,True,REQUESTED_COUNTER_KEY_NOT_SAVED,6dd4a7d670b493cf508cb04df00dbdb4ee7c3bfd94bd8fb92148d7471d6ce27b
31,results/locked_validation_continuation_v1/object_2009/early,ONLINE_POLICY_LABEL_F,,1,30,0,,,,6,24,True,REQUESTED_COUNTER_KEY_NOT_SAVED,6dd4a7d670b493cf508cb04df00dbdb4ee7c3bfd94bd8fb92148d7471d6ce27b
31,results/locked_validation_continuation_v1/object_2009/early,ONLINE_POLICY,,2,42,0,,,,6,36,True,REQUESTED_COUNTER_KEY_NOT_SAVED,6dd4a7d670b493cf508cb04df00dbdb4ee7c3bfd94bd8fb92148d7471d6ce27b
31,results/locked_validation_continuation_v1/object_2009/early,ONLINE_POLICY_LABEL_F,,2,42,0,,,,6,36,True,REQUESTED_COUNTER_KEY_NOT_SAVED,6dd4a7d670b493cf508cb04df00dbdb4ee7c3bfd94bd8fb92148d7471d6ce27b
32,results/locked_validation_continuation_v1/object_2009/middle,STATE,,,,,,,,,,True,ACTUAL_COUNTER_VIEW_NOT_SAVED,6dd4a7d670b493cf508cb04df00dbdb4ee7c3bfd94bd8fb92148d7471d6ce27b
32,results/locked_validation_continuation_v1/object_2009/middle,STATE_LABEL_A,,,,6,,,,,,True,REQUESTED_COUNTER_KEY_NOT_SAVED,6dd4a7d670b493cf508cb04df00dbdb4ee7c3bfd94bd8fb92148d7471d6ce27b
32,results/locked_validation_continuation_v1/object_2009/middle,STATE_LABEL_H,,,6,0,12,,,,,True,,6dd4a7d670b493cf508cb04df00dbdb4ee7c3bfd94bd8fb92148d7471d6ce27b
32,results/locked_validation_continuation_v1/object_2009/middle,ONLINE_POLICY,,0,42,0,,,,6,36,True,REQUESTED_COUNTER_KEY_NOT_SAVED,6dd4a7d670b493cf508cb04df00dbdb4ee7c3bfd94bd8fb92148d7471d6ce27b
32,results/locked_validation_continuation_v1/object_2009/middle,ONLINE_POLICY_LABEL_F,,0,42,0,,,,6,36,True,REQUESTED_COUNTER_KEY_NOT_SAVED,6dd4a7d670b493cf508cb04df00dbdb4ee7c3bfd94bd8fb92148d7471d6ce27b
32,results/locked_validation_continuation_v1/object_2009/middle,ONLINE_POLICY,,1,42,0,,,,6,36,True,REQUESTED_COUNTER_KEY_NOT_SAVED,6dd4a7d670b493cf508cb04df00dbdb4ee7c3bfd94bd8fb92148d7471d6ce27b
32,results/locked_validation_continuation_v1/object_2009/middle,ONLINE_POLICY_LABEL_F,,1,42,0,,,,6,36,True,REQUESTED_COUNTER_KEY_NOT_SAVED,6dd4a7d670b493cf508cb04df00dbdb4ee7c3bfd94bd8fb92148d7471d6ce27b
32,results/locked_validation_continuation_v1/object_2009/middle,ONLINE_POLICY,,2,42,0,,,,6,36,True,REQUESTED_COUNTER_KEY_NOT_SAVED,6dd4a7d670b493cf508cb04df00dbdb4ee7c3bfd94bd8fb92148d7471d6ce27b
32,results/locked_validation_continuation_v1/object_2009/middle,ONLINE_POLICY_LABEL_F,,2,42,0,,,,6,36,True,REQUESTED_COUNTER_KEY_NOT_SAVED,6dd4a7d670b493cf508cb04df00dbdb4ee7c3bfd94bd8fb92148d7471d6ce27b
33,results/locked_validation_continuation_v1/object_2009/late,STATE,,,,,,,,,,True,ACTUAL_COUNTER_VIEW_NOT_SAVED,6dd4a7d670b493cf508cb04df00dbdb4ee7c3bfd94bd8fb92148d7471d6ce27b
33,results/locked_validation_continuation_v1/object_2009/late,STATE_LABEL_A,,,,6,,,,,,True,REQUESTED_COUNTER_KEY_NOT_SAVED,6dd4a7d670b493cf508cb04df00dbdb4ee7c3bfd94bd8fb92148d7471d6ce27b
33,results/locked_validation_continuation_v1/object_2009/late,STATE_LABEL_H,,,6,0,12,,,,,True,,6dd4a7d670b493cf508cb04df00dbdb4ee7c3bfd94bd8fb92148d7471d6ce27b
33,results/locked_validation_continuation_v1/object_2009/late,ONLINE_POLICY,,0,42,0,,,,6,36,True,REQUESTED_COUNTER_KEY_NOT_SAVED,6dd4a7d670b493cf508cb04df00dbdb4ee7c3bfd94bd8fb92148d7471d6ce27b
33,results/locked_validation_continuation_v1/object_2009/late,ONLINE_POLICY_LABEL_F,,0,42,0,,,,6,36,True,REQUESTED_COUNTER_KEY_NOT_SAVED,6dd4a7d670b493cf508cb04df00dbdb4ee7c3bfd94bd8fb92148d7471d6ce27b
33,results/locked_validation_continuation_v1/object_2009/late,ONLINE_POLICY,,1,42,0,,,,6,36,True,REQUESTED_COUNTER_KEY_NOT_SAVED,6dd4a7d670b493cf508cb04df00dbdb4ee7c3bfd94bd8fb92148d7471d6ce27b
33,results/locked_validation_continuation_v1/object_2009/late,ONLINE_POLICY_LABEL_F,,1,42,0,,,,6,36,True,REQUESTED_COUNTER_KEY_NOT_SAVED,6dd4a7d670b493cf508cb04df00dbdb4ee7c3bfd94bd8fb92148d7471d6ce27b
33,results/locked_validation_continuation_v1/object_2009/late,ONLINE_POLICY,,2,42,0,,,,6,36,True,REQUESTED_COUNTER_KEY_NOT_SAVED,6dd4a7d670b493cf508cb04df00dbdb4ee7c3bfd94bd8fb92148d7471d6ce27b
33,results/locked_validation_continuation_v1/object_2009/late,ONLINE_POLICY_LABEL_F,,2,42,0,,,,6,36,True,REQUESTED_COUNTER_KEY_NOT_SAVED,6dd4a7d670b493cf508cb04df00dbdb4ee7c3bfd94bd8fb92148d7471d6ce27b
34,results/locked_validation_continuation_v1/object_2010/early,STATE,,,,,,,,,,True,ACTUAL_COUNTER_VIEW_NOT_SAVED,6dd4a7d670b493cf508cb04df00dbdb4ee7c3bfd94bd8fb92148d7471d6ce27b
34,results/locked_validation_continuation_v1/object_2010/early,STATE_LABEL_A,,,,6,,,,,,True,REQUESTED_COUNTER_KEY_NOT_SAVED,6dd4a7d670b493cf508cb04df00dbdb4ee7c3bfd94bd8fb92148d7471d6ce27b
34,results/locked_validation_continuation_v1/object_2010/early,STATE_LABEL_H,,,6,0,12,,,,,True,,6dd4a7d670b493cf508cb04df00dbdb4ee7c3bfd94bd8fb92148d7471d6ce27b
34,results/locked_validation_continuation_v1/object_2010/early,ONLINE_POLICY,,0,42,0,,,,6,36,True,REQUESTED_COUNTER_KEY_NOT_SAVED,6dd4a7d670b493cf508cb04df00dbdb4ee7c3bfd94bd8fb92148d7471d6ce27b
34,results/locked_validation_continuation_v1/object_2010/early,ONLINE_POLICY_LABEL_F,,0,42,0,,,,6,36,True,REQUESTED_COUNTER_KEY_NOT_SAVED,6dd4a7d670b493cf508cb04df00dbdb4ee7c3bfd94bd8fb92148d7471d6ce27b
34,results/locked_validation_continuation_v1/object_2010/early,ONLINE_POLICY,,1,30,0,,,,6,24,True,REQUESTED_COUNTER_KEY_NOT_SAVED,6dd4a7d670b493cf508cb04df00dbdb4ee7c3bfd94bd8fb92148d7471d6ce27b
34,results/locked_validation_continuation_v1/object_2010/early,ONLINE_POLICY_LABEL_F,,1,30,0,,,,6,24,True,REQUESTED_COUNTER_KEY_NOT_SAVED,6dd4a7d670b493cf508cb04df00dbdb4ee7c3bfd94bd8fb92148d7471d6ce27b
34,results/locked_validation_continuation_v1/object_2010/early,ONLINE_POLICY,,2,42,0,,,,6,36,True,REQUESTED_COUNTER_KEY_NOT_SAVED,6dd4a7d670b493cf508cb04df00dbdb4ee7c3bfd94bd8fb92148d7471d6ce27b
34,results/locked_validation_continuation_v1/object_2010/early,ONLINE_POLICY_LABEL_F,,2,42,0,,,,6,36,True,REQUESTED_COUNTER_KEY_NOT_SAVED,6dd4a7d670b493cf508cb04df00dbdb4ee7c3bfd94bd8fb92148d7471d6ce27b
35,results/locked_validation_continuation_v1/object_2010/middle,STATE,,,,,,,,,,True,ACTUAL_COUNTER_VIEW_NOT_SAVED,6dd4a7d670b493cf508cb04df00dbdb4ee7c3bfd94bd8fb92148d7471d6ce27b
35,results/locked_validation_continuation_v1/object_2010/middle,STATE_LABEL_A,,,,6,,,,,,True,REQUESTED_COUNTER_KEY_NOT_SAVED,6dd4a7d670b493cf508cb04df00dbdb4ee7c3bfd94bd8fb92148d7471d6ce27b
35,results/locked_validation_continuation_v1/object_2010/middle,STATE_LABEL_H,,,6,0,12,,,,,True,,6dd4a7d670b493cf508cb04df00dbdb4ee7c3bfd94bd8fb92148d7471d6ce27b
35,results/locked_validation_continuation_v1/object_2010/middle,ONLINE_POLICY,,0,42,0,,,,6,36,True,REQUESTED_COUNTER_KEY_NOT_SAVED,6dd4a7d670b493cf508cb04df00dbdb4ee7c3bfd94bd8fb92148d7471d6ce27b
35,results/locked_validation_continuation_v1/object_2010/middle,ONLINE_POLICY_LABEL_F,,0,42,0,,,,6,36,True,REQUESTED_COUNTER_KEY_NOT_SAVED,6dd4a7d670b493cf508cb04df00dbdb4ee7c3bfd94bd8fb92148d7471d6ce27b
35,results/locked_validation_continuation_v1/object_2010/middle,ONLINE_POLICY,,1,42,0,,,,6,36,True,REQUESTED_COUNTER_KEY_NOT_SAVED,6dd4a7d670b493cf508cb04df00dbdb4ee7c3bfd94bd8fb92148d7471d6ce27b
35,results/locked_validation_continuation_v1/object_2010/middle,ONLINE_POLICY_LABEL_F,,1,42,0,,,,6,36,True,REQUESTED_COUNTER_KEY_NOT_SAVED,6dd4a7d670b493cf508cb04df00dbdb4ee7c3bfd94bd8fb92148d7471d6ce27b
35,results/locked_validation_continuation_v1/object_2010/middle,ONLINE_POLICY,,2,42,0,,,,6,36,True,REQUESTED_COUNTER_KEY_NOT_SAVED,6dd4a7d670b493cf508cb04df00dbdb4ee7c3bfd94bd8fb92148d7471d6ce27b
35,results/locked_validation_continuation_v1/object_2010/middle,ONLINE_POLICY_LABEL_F,,2,42,0,,,,6,36,True,REQUESTED_COUNTER_KEY_NOT_SAVED,6dd4a7d670b493cf508cb04df00dbdb4ee7c3bfd94bd8fb92148d7471d6ce27b
36,results/locked_validation_continuation_v1/object_2010/late,STATE,,,,,,,,,,True,ACTUAL_COUNTER_VIEW_NOT_SAVED,6dd4a7d670b493cf508cb04df00dbdb4ee7c3bfd94bd8fb92148d7471d6ce27b
36,results/locked_validation_continuation_v1/object_2010/late,STATE_LABEL_A,,,,6,,,,,,True,REQUESTED_COUNTER_KEY_NOT_SAVED,6dd4a7d670b493cf508cb04df00dbdb4ee7c3bfd94bd8fb92148d7471d6ce27b
36,results/locked_validation_continuation_v1/object_2010/late,STATE_LABEL_H,,,6,0,12,,,,,True,,6dd4a7d670b493cf508cb04df00dbdb4ee7c3bfd94bd8fb92148d7471d6ce27b
36,results/locked_validation_continuation_v1/object_2010/late,ONLINE_POLICY,,0,42,0,,,,6,36,True,REQUESTED_COUNTER_KEY_NOT_SAVED,6dd4a7d670b493cf508cb04df00dbdb4ee7c3bfd94bd8fb92148d7471d6ce27b
36,results/locked_validation_continuation_v1/object_2010/late,ONLINE_POLICY_LABEL_F,,0,42,0,,,,6,36,True,REQUESTED_COUNTER_KEY_NOT_SAVED,6dd4a7d670b493cf508cb04df00dbdb4ee7c3bfd94bd8fb92148d7471d6ce27b
36,results/locked_validation_continuation_v1/object_2010/late,ONLINE_POLICY,,1,42,0,,,,6,36,True,REQUESTED_COUNTER_KEY_NOT_SAVED,6dd4a7d670b493cf508cb04df00dbdb4ee7c3bfd94bd8fb92148d7471d6ce27b
36,results/locked_validation_continuation_v1/object_2010/late,ONLINE_POLICY_LABEL_F,,1,42,0,,,,6,36,True,REQUESTED_COUNTER_KEY_NOT_SAVED,6dd4a7d670b493cf508cb04df00dbdb4ee7c3bfd94bd8fb92148d7471d6ce27b
36,results/locked_validation_continuation_v1/object_2010/late,ONLINE_POLICY,,2,42,0,,,,6,36,True,REQUESTED_COUNTER_KEY_NOT_SAVED,6dd4a7d670b493cf508cb04df00dbdb4ee7c3bfd94bd8fb92148d7471d6ce27b
36,results/locked_validation_continuation_v1/object_2010/late,ONLINE_POLICY_LABEL_F,,2,42,0,,,,6,36,True,REQUESTED_COUNTER_KEY_NOT_SAVED,6dd4a7d670b493cf508cb04df00dbdb4ee7c3bfd94bd8fb92148d7471d6ce27b
37,results/locked_validation_continuation_v1/object_2011/early,STATE,,,,,,,,,,True,ACTUAL_COUNTER_VIEW_NOT_SAVED,6dd4a7d670b493cf508cb04df00dbdb4ee7c3bfd94bd8fb92148d7471d6ce27b
37,results/locked_validation_continuation_v1/object_2011/early,STATE_LABEL_A,,,,6,,,,,,True,REQUESTED_COUNTER_KEY_NOT_SAVED,6dd4a7d670b493cf508cb04df00dbdb4ee7c3bfd94bd8fb92148d7471d6ce27b
37,results/locked_validation_continuation_v1/object_2011/early,STATE_LABEL_H,,,6,0,12,,,,,True,,6dd4a7d670b493cf508cb04df00dbdb4ee7c3bfd94bd8fb92148d7471d6ce27b
37,results/locked_validation_continuation_v1/object_2011/early,ONLINE_POLICY,,0,30,0,,,,6,24,True,REQUESTED_COUNTER_KEY_NOT_SAVED,6dd4a7d670b493cf508cb04df00dbdb4ee7c3bfd94bd8fb92148d7471d6ce27b
37,results/locked_validation_continuation_v1/object_2011/early,ONLINE_POLICY_LABEL_F,,0,30,0,,,,6,24,True,REQUESTED_COUNTER_KEY_NOT_SAVED,6dd4a7d670b493cf508cb04df00dbdb4ee7c3bfd94bd8fb92148d7471d6ce27b
37,results/locked_validation_continuation_v1/object_2011/early,ONLINE_POLICY,,1,30,0,,,,6,24,True,REQUESTED_COUNTER_KEY_NOT_SAVED,6dd4a7d670b493cf508cb04df00dbdb4ee7c3bfd94bd8fb92148d7471d6ce27b
37,results/locked_validation_continuation_v1/object_2011/early,ONLINE_POLICY_LABEL_F,,1,30,0,,,,6,24,True,REQUESTED_COUNTER_KEY_NOT_SAVED,6dd4a7d670b493cf508cb04df00dbdb4ee7c3bfd94bd8fb92148d7471d6ce27b
37,results/locked_validation_continuation_v1/object_2011/early,ONLINE_POLICY,,2,42,0,,,,6,36,True,REQUESTED_COUNTER_KEY_NOT_SAVED,6dd4a7d670b493cf508cb04df00dbdb4ee7c3bfd94bd8fb92148d7471d6ce27b
37,results/locked_validation_continuation_v1/object_2011/early,ONLINE_POLICY_LABEL_F,,2,42,0,,,,6,36,True,REQUESTED_COUNTER_KEY_NOT_SAVED,6dd4a7d670b493cf508cb04df00dbdb4ee7c3bfd94bd8fb92148d7471d6ce27b
38,results/locked_validation_continuation_v1/object_2011/middle,STATE,,,,,,,,,,True,ACTUAL_COUNTER_VIEW_NOT_SAVED,6dd4a7d670b493cf508cb04df00dbdb4ee7c3bfd94bd8fb92148d7471d6ce27b
38,results/locked_validation_continuation_v1/object_2011/middle,STATE_LABEL_A,,,,6,,,,,,True,REQUESTED_COUNTER_KEY_NOT_SAVED,6dd4a7d670b493cf508cb04df00dbdb4ee7c3bfd94bd8fb92148d7471d6ce27b
38,results/locked_validation_continuation_v1/object_2011/middle,STATE_LABEL_H,,,6,0,12,,,,,True,,6dd4a7d670b493cf508cb04df00dbdb4ee7c3bfd94bd8fb92148d7471d6ce27b
38,results/locked_validation_continuation_v1/object_2011/middle,ONLINE_POLICY,,0,42,0,,,,6,36,True,REQUESTED_COUNTER_KEY_NOT_SAVED,6dd4a7d670b493cf508cb04df00dbdb4ee7c3bfd94bd8fb92148d7471d6ce27b
38,results/locked_validation_continuation_v1/object_2011/middle,ONLINE_POLICY_LABEL_F,,0,42,0,,,,6,36,True,REQUESTED_COUNTER_KEY_NOT_SAVED,6dd4a7d670b493cf508cb04df00dbdb4ee7c3bfd94bd8fb92148d7471d6ce27b
38,results/locked_validation_continuation_v1/object_2011/middle,ONLINE_POLICY,,1,42,0,,,,6,36,True,REQUESTED_COUNTER_KEY_NOT_SAVED,6dd4a7d670b493cf508cb04df00dbdb4ee7c3bfd94bd8fb92148d7471d6ce27b
38,results/locked_validation_continuation_v1/object_2011/middle,ONLINE_POLICY_LABEL_F,,1,42,0,,,,6,36,True,REQUESTED_COUNTER_KEY_NOT_SAVED,6dd4a7d670b493cf508cb04df00dbdb4ee7c3bfd94bd8fb92148d7471d6ce27b
38,results/locked_validation_continuation_v1/object_2011/middle,ONLINE_POLICY,,2,42,0,,,,6,36,True,REQUESTED_COUNTER_KEY_NOT_SAVED,6dd4a7d670b493cf508cb04df00dbdb4ee7c3bfd94bd8fb92148d7471d6ce27b
38,results/locked_validation_continuation_v1/object_2011/middle,ONLINE_POLICY_LABEL_F,,2,42,0,,,,6,36,True,REQUESTED_COUNTER_KEY_NOT_SAVED,6dd4a7d670b493cf508cb04df00dbdb4ee7c3bfd94bd8fb92148d7471d6ce27b
39,results/locked_validation_continuation_v1/object_2011/late,STATE,,,,,,,,,,True,ACTUAL_COUNTER_VIEW_NOT_SAVED,6dd4a7d670b493cf508cb04df00dbdb4ee7c3bfd94bd8fb92148d7471d6ce27b
39,results/locked_validation_continuation_v1/object_2011/late,STATE_LABEL_A,,,,6,,,,,,True,REQUESTED_COUNTER_KEY_NOT_SAVED,6dd4a7d670b493cf508cb04df00dbdb4ee7c3bfd94bd8fb92148d7471d6ce27b
39,results/locked_validation_continuation_v1/object_2011/late,STATE_LABEL_H,,,6,0,12,,,,,True,,6dd4a7d670b493cf508cb04df00dbdb4ee7c3bfd94bd8fb92148d7471d6ce27b
39,results/locked_validation_continuation_v1/object_2011/late,ONLINE_POLICY,,0,18,0,,,,6,12,True,REQUESTED_COUNTER_KEY_NOT_SAVED,6dd4a7d670b493cf508cb04df00dbdb4ee7c3bfd94bd8fb92148d7471d6ce27b
39,results/locked_validation_continuation_v1/object_2011/late,ONLINE_POLICY_LABEL_F,,0,18,0,,,,6,12,True,REQUESTED_COUNTER_KEY_NOT_SAVED,6dd4a7d670b493cf508cb04df00dbdb4ee7c3bfd94bd8fb92148d7471d6ce27b
39,results/locked_validation_continuation_v1/object_2011/late,ONLINE_POLICY,,1,42,0,,,,6,36,True,REQUESTED_COUNTER_KEY_NOT_SAVED,6dd4a7d670b493cf508cb04df00dbdb4ee7c3bfd94bd8fb92148d7471d6ce27b
39,results/locked_validation_continuation_v1/object_2011/late,ONLINE_POLICY_LABEL_F,,1,42,0,,,,6,36,True,REQUESTED_COUNTER_KEY_NOT_SAVED,6dd4a7d670b493cf508cb04df00dbdb4ee7c3bfd94bd8fb92148d7471d6ce27b
39,results/locked_validation_continuation_v1/object_2011/late,ONLINE_POLICY,,2,42,0,,,,6,36,True,REQUESTED_COUNTER_KEY_NOT_SAVED,6dd4a7d670b493cf508cb04df00dbdb4ee7c3bfd94bd8fb92148d7471d6ce27b
39,results/locked_validation_continuation_v1/object_2011/late,ONLINE_POLICY_LABEL_F,,2,42,0,,,,6,36,True,REQUESTED_COUNTER_KEY_NOT_SAVED,6dd4a7d670b493cf508cb04df00dbdb4ee7c3bfd94bd8fb92148d7471d6ce27b
40,results/locked_validation_continuation_v1/object_2013/early,STATE,,,,,,,,,,True,ACTUAL_COUNTER_VIEW_NOT_SAVED,6dd4a7d670b493cf508cb04df00dbdb4ee7c3bfd94bd8fb92148d7471d6ce27b
40,results/locked_validation_continuation_v1/object_2013/early,STATE_LABEL_A,,,,6,,,,,,True,REQUESTED_COUNTER_KEY_NOT_SAVED,6dd4a7d670b493cf508cb04df00dbdb4ee7c3bfd94bd8fb92148d7471d6ce27b
40,results/locked_validation_continuation_v1/object_2013/early,STATE_LABEL_H,,,6,0,12,,,,,True,,6dd4a7d670b493cf508cb04df00dbdb4ee7c3bfd94bd8fb92148d7471d6ce27b
40,results/locked_validation_continuation_v1/object_2013/early,ONLINE_POLICY,,0,42,0,,,,6,36,True,REQUESTED_COUNTER_KEY_NOT_SAVED,6dd4a7d670b493cf508cb04df00dbdb4ee7c3bfd94bd8fb92148d7471d6ce27b
40,results/locked_validation_continuation_v1/object_2013/early,ONLINE_POLICY_LABEL_F,,0,42,0,,,,6,36,True,REQUESTED_COUNTER_KEY_NOT_SAVED,6dd4a7d670b493cf508cb04df00dbdb4ee7c3bfd94bd8fb92148d7471d6ce27b
40,results/locked_validation_continuation_v1/object_2013/early,ONLINE_POLICY,,1,30,0,,,,6,24,True,REQUESTED_COUNTER_KEY_NOT_SAVED,6dd4a7d670b493cf508cb04df00dbdb4ee7c3bfd94bd8fb92148d7471d6ce27b
40,results/locked_validation_continuation_v1/object_2013/early,ONLINE_POLICY_LABEL_F,,1,30,0,,,,6,24,True,REQUESTED_COUNTER_KEY_NOT_SAVED,6dd4a7d670b493cf508cb04df00dbdb4ee7c3bfd94bd8fb92148d7471d6ce27b
40,results/locked_validation_continuation_v1/object_2013/early,ONLINE_POLICY,,2,30,0,,,,6,24,True,REQUESTED_COUNTER_KEY_NOT_SAVED,6dd4a7d670b493cf508cb04df00dbdb4ee7c3bfd94bd8fb92148d7471d6ce27b
40,results/locked_validation_continuation_v1/object_2013/early,ONLINE_POLICY_LABEL_F,,2,30,0,,,,6,24,True,REQUESTED_COUNTER_KEY_NOT_SAVED,6dd4a7d670b493cf508cb04df00dbdb4ee7c3bfd94bd8fb92148d7471d6ce27b
41,results/locked_validation_continuation_v1/object_2013/middle,STATE,,,,,,,,,,True,ACTUAL_COUNTER_VIEW_NOT_SAVED,6dd4a7d670b493cf508cb04df00dbdb4ee7c3bfd94bd8fb92148d7471d6ce27b
41,results/locked_validation_continuation_v1/object_2013/middle,STATE_LABEL_A,,,,6,,,,,,True,REQUESTED_COUNTER_KEY_NOT_SAVED,6dd4a7d670b493cf508cb04df00dbdb4ee7c3bfd94bd8fb92148d7471d6ce27b
41,results/locked_validation_continuation_v1/object_2013/middle,STATE_LABEL_H,,,6,0,12,,,,,True,,6dd4a7d670b493cf508cb04df00dbdb4ee7c3bfd94bd8fb92148d7471d6ce27b
41,results/locked_validation_continuation_v1/object_2013/middle,ONLINE_POLICY,,0,42,0,,,,6,36,True,REQUESTED_COUNTER_KEY_NOT_SAVED,6dd4a7d670b493cf508cb04df00dbdb4ee7c3bfd94bd8fb92148d7471d6ce27b
41,results/locked_validation_continuation_v1/object_2013/middle,ONLINE_POLICY_LABEL_F,,0,42,0,,,,6,36,True,REQUESTED_COUNTER_KEY_NOT_SAVED,6dd4a7d670b493cf508cb04df00dbdb4ee7c3bfd94bd8fb92148d7471d6ce27b
41,results/locked_validation_continuation_v1/object_2013/middle,ONLINE_POLICY,,1,42,0,,,,6,36,True,REQUESTED_COUNTER_KEY_NOT_SAVED,6dd4a7d670b493cf508cb04df00dbdb4ee7c3bfd94bd8fb92148d7471d6ce27b
41,results/locked_validation_continuation_v1/object_2013/middle,ONLINE_POLICY_LABEL_F,,1,42,0,,,,6,36,True,REQUESTED_COUNTER_KEY_NOT_SAVED,6dd4a7d670b493cf508cb04df00dbdb4ee7c3bfd94bd8fb92148d7471d6ce27b
41,results/locked_validation_continuation_v1/object_2013/middle,ONLINE_POLICY,,2,42,0,,,,6,36,True,REQUESTED_COUNTER_KEY_NOT_SAVED,6dd4a7d670b493cf508cb04df00dbdb4ee7c3bfd94bd8fb92148d7471d6ce27b
41,results/locked_validation_continuation_v1/object_2013/middle,ONLINE_POLICY_LABEL_F,,2,42,0,,,,6,36,True,REQUESTED_COUNTER_KEY_NOT_SAVED,6dd4a7d670b493cf508cb04df00dbdb4ee7c3bfd94bd8fb92148d7471d6ce27b
42,results/locked_validation_continuation_v1/object_2013/late,STATE,,,,,,,,,,True,ACTUAL_COUNTER_VIEW_NOT_SAVED,6dd4a7d670b493cf508cb04df00dbdb4ee7c3bfd94bd8fb92148d7471d6ce27b
42,results/locked_validation_continuation_v1/object_2013/late,STATE_LABEL_A,,,,6,,,,,,True,REQUESTED_COUNTER_KEY_NOT_SAVED,6dd4a7d670b493cf508cb04df00dbdb4ee7c3bfd94bd8fb92148d7471d6ce27b
42,results/locked_validation_continuation_v1/object_2013/late,STATE_LABEL_H,,,6,0,12,,,,,True,,6dd4a7d670b493cf508cb04df00dbdb4ee7c3bfd94bd8fb92148d7471d6ce27b
42,results/locked_validation_continuation_v1/object_2013/late,ONLINE_POLICY,,0,42,0,,,,6,36,True,REQUESTED_COUNTER_KEY_NOT_SAVED,6dd4a7d670b493cf508cb04df00dbdb4ee7c3bfd94bd8fb92148d7471d6ce27b
42,results/locked_validation_continuation_v1/object_2013/late,ONLINE_POLICY_LABEL_F,,0,42,0,,,,6,36,True,REQUESTED_COUNTER_KEY_NOT_SAVED,6dd4a7d670b493cf508cb04df00dbdb4ee7c3bfd94bd8fb92148d7471d6ce27b
42,results/locked_validation_continuation_v1/object_2013/late,ONLINE_POLICY,,1,42,0,,,,6,36,True,REQUESTED_COUNTER_KEY_NOT_SAVED,6dd4a7d670b493cf508cb04df00dbdb4ee7c3bfd94bd8fb92148d7471d6ce27b
42,results/locked_validation_continuation_v1/object_2013/late,ONLINE_POLICY_LABEL_F,,1,42,0,,,,6,36,True,REQUESTED_COUNTER_KEY_NOT_SAVED,6dd4a7d670b493cf508cb04df00dbdb4ee7c3bfd94bd8fb92148d7471d6ce27b
42,results/locked_validation_continuation_v1/object_2013/late,ONLINE_POLICY,,2,42,0,,,,6,36,True,REQUESTED_COUNTER_KEY_NOT_SAVED,6dd4a7d670b493cf508cb04df00dbdb4ee7c3bfd94bd8fb92148d7471d6ce27b
42,results/locked_validation_continuation_v1/object_2013/late,ONLINE_POLICY_LABEL_F,,2,42,0,,,,6,36,True,REQUESTED_COUNTER_KEY_NOT_SAVED,6dd4a7d670b493cf508cb04df00dbdb4ee7c3bfd94bd8fb92148d7471d6ce27b
43,results/locked_validation_continuation_v1/object_2016/early,STATE,,,,,,,,,,True,ACTUAL_COUNTER_VIEW_NOT_SAVED,6dd4a7d670b493cf508cb04df00dbdb4ee7c3bfd94bd8fb92148d7471d6ce27b
43,results/locked_validation_continuation_v1/object_2016/early,STATE_LABEL_A,,,,6,,,,,,True,REQUESTED_COUNTER_KEY_NOT_SAVED,6dd4a7d670b493cf508cb04df00dbdb4ee7c3bfd94bd8fb92148d7471d6ce27b
43,results/locked_validation_continuation_v1/object_2016/early,STATE_LABEL_H,,,6,0,12,,,,,True,,6dd4a7d670b493cf508cb04df00dbdb4ee7c3bfd94bd8fb92148d7471d6ce27b
43,results/locked_validation_continuation_v1/object_2016/early,ONLINE_POLICY,,0,30,0,,,,6,24,True,REQUESTED_COUNTER_KEY_NOT_SAVED,6dd4a7d670b493cf508cb04df00dbdb4ee7c3bfd94bd8fb92148d7471d6ce27b
43,results/locked_validation_continuation_v1/object_2016/early,ONLINE_POLICY_LABEL_F,,0,30,0,,,,6,24,True,REQUESTED_COUNTER_KEY_NOT_SAVED,6dd4a7d670b493cf508cb04df00dbdb4ee7c3bfd94bd8fb92148d7471d6ce27b
43,results/locked_validation_continuation_v1/object_2016/early,ONLINE_POLICY,,1,30,0,,,,6,24,True,REQUESTED_COUNTER_KEY_NOT_SAVED,6dd4a7d670b493cf508cb04df00dbdb4ee7c3bfd94bd8fb92148d7471d6ce27b
43,results/locked_validation_continuation_v1/object_2016/early,ONLINE_POLICY_LABEL_F,,1,30,0,,,,6,24,True,REQUESTED_COUNTER_KEY_NOT_SAVED,6dd4a7d670b493cf508cb04df00dbdb4ee7c3bfd94bd8fb92148d7471d6ce27b
43,results/locked_validation_continuation_v1/object_2016/early,ONLINE_POLICY,,2,42,0,,,,6,36,True,REQUESTED_COUNTER_KEY_NOT_SAVED,6dd4a7d670b493cf508cb04df00dbdb4ee7c3bfd94bd8fb92148d7471d6ce27b
43,results/locked_validation_continuation_v1/object_2016/early,ONLINE_POLICY_LABEL_F,,2,42,0,,,,6,36,True,REQUESTED_COUNTER_KEY_NOT_SAVED,6dd4a7d670b493cf508cb04df00dbdb4ee7c3bfd94bd8fb92148d7471d6ce27b
44,results/locked_validation_continuation_v1/object_2016/middle,STATE,,,,,,,,,,True,ACTUAL_COUNTER_VIEW_NOT_SAVED,6dd4a7d670b493cf508cb04df00dbdb4ee7c3bfd94bd8fb92148d7471d6ce27b
44,results/locked_validation_continuation_v1/object_2016/middle,STATE_LABEL_A,,,,6,,,,,,True,REQUESTED_COUNTER_KEY_NOT_SAVED,6dd4a7d670b493cf508cb04df00dbdb4ee7c3bfd94bd8fb92148d7471d6ce27b
44,results/locked_validation_continuation_v1/object_2016/middle,STATE_LABEL_H,,,6,0,12,,,,,True,,6dd4a7d670b493cf508cb04df00dbdb4ee7c3bfd94bd8fb92148d7471d6ce27b
44,results/locked_validation_continuation_v1/object_2016/middle,ONLINE_POLICY,,0,30,0,,,,6,24,True,REQUESTED_COUNTER_KEY_NOT_SAVED,6dd4a7d670b493cf508cb04df00dbdb4ee7c3bfd94bd8fb92148d7471d6ce27b
44,results/locked_validation_continuation_v1/object_2016/middle,ONLINE_POLICY_LABEL_F,,0,30,0,,,,6,24,True,REQUESTED_COUNTER_KEY_NOT_SAVED,6dd4a7d670b493cf508cb04df00dbdb4ee7c3bfd94bd8fb92148d7471d6ce27b
44,results/locked_validation_continuation_v1/object_2016/middle,ONLINE_POLICY,,1,42,0,,,,6,36,True,REQUESTED_COUNTER_KEY_NOT_SAVED,6dd4a7d670b493cf508cb04df00dbdb4ee7c3bfd94bd8fb92148d7471d6ce27b
44,results/locked_validation_continuation_v1/object_2016/middle,ONLINE_POLICY_LABEL_F,,1,42,0,,,,6,36,True,REQUESTED_COUNTER_KEY_NOT_SAVED,6dd4a7d670b493cf508cb04df00dbdb4ee7c3bfd94bd8fb92148d7471d6ce27b
44,results/locked_validation_continuation_v1/object_2016/middle,ONLINE_POLICY,,2,42,0,,,,6,36,True,REQUESTED_COUNTER_KEY_NOT_SAVED,6dd4a7d670b493cf508cb04df00dbdb4ee7c3bfd94bd8fb92148d7471d6ce27b
44,results/locked_validation_continuation_v1/object_2016/middle,ONLINE_POLICY_LABEL_F,,2,42,0,,,,6,36,True,REQUESTED_COUNTER_KEY_NOT_SAVED,6dd4a7d670b493cf508cb04df00dbdb4ee7c3bfd94bd8fb92148d7471d6ce27b
45,results/locked_validation_continuation_v1/object_2016/late,STATE,,,,,,,,,,True,ACTUAL_COUNTER_VIEW_NOT_SAVED,6dd4a7d670b493cf508cb04df00dbdb4ee7c3bfd94bd8fb92148d7471d6ce27b
45,results/locked_validation_continuation_v1/object_2016/late,STATE_LABEL_A,,,,6,,,,,,True,REQUESTED_COUNTER_KEY_NOT_SAVED,6dd4a7d670b493cf508cb04df00dbdb4ee7c3bfd94bd8fb92148d7471d6ce27b
45,results/locked_validation_continuation_v1/object_2016/late,ONLINE_POLICY,,0,6,0,,,,6,0,True,REQUESTED_COUNTER_KEY_NOT_SAVED,6dd4a7d670b493cf508cb04df00dbdb4ee7c3bfd94bd8fb92148d7471d6ce27b
45,results/locked_validation_continuation_v1/object_2016/late,ONLINE_POLICY_LABEL_F,,0,6,0,,,,6,0,True,REQUESTED_COUNTER_KEY_NOT_SAVED,6dd4a7d670b493cf508cb04df00dbdb4ee7c3bfd94bd8fb92148d7471d6ce27b
46,results/locked_noise_v1/object_2002/middle_noise100_rep0,STATE,,,,,,,,,,True,ACTUAL_COUNTER_VIEW_NOT_SAVED,6dd4a7d670b493cf508cb04df00dbdb4ee7c3bfd94bd8fb92148d7471d6ce27b
46,results/locked_noise_v1/object_2002/middle_noise100_rep0,STATE_LABEL_A,,,,6,,,,,,True,REQUESTED_COUNTER_KEY_NOT_SAVED,6dd4a7d670b493cf508cb04df00dbdb4ee7c3bfd94bd8fb92148d7471d6ce27b
46,results/locked_noise_v1/object_2002/middle_noise100_rep0,STATE_LABEL_H,,,192,0,186,,,,,True,,6dd4a7d670b493cf508cb04df00dbdb4ee7c3bfd94bd8fb92148d7471d6ce27b
46,results/locked_noise_v1/object_2002/middle_noise100_rep0,ONLINE_POLICY,,0,42,0,,,,6,36,True,REQUESTED_COUNTER_KEY_NOT_SAVED,6dd4a7d670b493cf508cb04df00dbdb4ee7c3bfd94bd8fb92148d7471d6ce27b
46,results/locked_noise_v1/object_2002/middle_noise100_rep0,ONLINE_POLICY_LABEL_F,,0,42,0,,,,6,36,True,REQUESTED_COUNTER_KEY_NOT_SAVED,6dd4a7d670b493cf508cb04df00dbdb4ee7c3bfd94bd8fb92148d7471d6ce27b
46,results/locked_noise_v1/object_2002/middle_noise100_rep0,ONLINE_POLICY,,1,42,0,,,,6,36,True,REQUESTED_COUNTER_KEY_NOT_SAVED,6dd4a7d670b493cf508cb04df00dbdb4ee7c3bfd94bd8fb92148d7471d6ce27b
46,results/locked_noise_v1/object_2002/middle_noise100_rep0,ONLINE_POLICY_LABEL_F,,1,42,0,,,,6,36,True,REQUESTED_COUNTER_KEY_NOT_SAVED,6dd4a7d670b493cf508cb04df00dbdb4ee7c3bfd94bd8fb92148d7471d6ce27b
46,results/locked_noise_v1/object_2002/middle_noise100_rep0,ONLINE_POLICY,,2,42,0,,,,6,36,True,REQUESTED_COUNTER_KEY_NOT_SAVED,6dd4a7d670b493cf508cb04df00dbdb4ee7c3bfd94bd8fb92148d7471d6ce27b
46,results/locked_noise_v1/object_2002/middle_noise100_rep0,ONLINE_POLICY_LABEL_F,,2,42,0,,,,6,36,True,REQUESTED_COUNTER_KEY_NOT_SAVED,6dd4a7d670b493cf508cb04df00dbdb4ee7c3bfd94bd8fb92148d7471d6ce27b
47,results/locked_noise_v1/object_2002/middle_noise100_rep1,STATE,,,,,,,,,,True,ACTUAL_COUNTER_VIEW_NOT_SAVED,6dd4a7d670b493cf508cb04df00dbdb4ee7c3bfd94bd8fb92148d7471d6ce27b
47,results/locked_noise_v1/object_2002/middle_noise100_rep1,STATE_LABEL_A,,,,6,,,,,,True,REQUESTED_COUNTER_KEY_NOT_SAVED,6dd4a7d670b493cf508cb04df00dbdb4ee7c3bfd94bd8fb92148d7471d6ce27b
47,results/locked_noise_v1/object_2002/middle_noise100_rep1,STATE_LABEL_H,,,192,0,186,,,,,True,,6dd4a7d670b493cf508cb04df00dbdb4ee7c3bfd94bd8fb92148d7471d6ce27b
47,results/locked_noise_v1/object_2002/middle_noise100_rep1,ONLINE_POLICY,,0,30,0,,,,6,24,True,REQUESTED_COUNTER_KEY_NOT_SAVED,6dd4a7d670b493cf508cb04df00dbdb4ee7c3bfd94bd8fb92148d7471d6ce27b
47,results/locked_noise_v1/object_2002/middle_noise100_rep1,ONLINE_POLICY_LABEL_F,,0,30,0,,,,6,24,True,REQUESTED_COUNTER_KEY_NOT_SAVED,6dd4a7d670b493cf508cb04df00dbdb4ee7c3bfd94bd8fb92148d7471d6ce27b
47,results/locked_noise_v1/object_2002/middle_noise100_rep1,ONLINE_POLICY,,1,42,0,,,,6,36,True,REQUESTED_COUNTER_KEY_NOT_SAVED,6dd4a7d670b493cf508cb04df00dbdb4ee7c3bfd94bd8fb92148d7471d6ce27b
47,results/locked_noise_v1/object_2002/middle_noise100_rep1,ONLINE_POLICY_LABEL_F,,1,42,0,,,,6,36,True,REQUESTED_COUNTER_KEY_NOT_SAVED,6dd4a7d670b493cf508cb04df00dbdb4ee7c3bfd94bd8fb92148d7471d6ce27b
47,results/locked_noise_v1/object_2002/middle_noise100_rep1,ONLINE_POLICY,,2,42,0,,,,6,36,True,REQUESTED_COUNTER_KEY_NOT_SAVED,6dd4a7d670b493cf508cb04df00dbdb4ee7c3bfd94bd8fb92148d7471d6ce27b
47,results/locked_noise_v1/object_2002/middle_noise100_rep1,ONLINE_POLICY_LABEL_F,,2,42,0,,,,6,36,True,REQUESTED_COUNTER_KEY_NOT_SAVED,6dd4a7d670b493cf508cb04df00dbdb4ee7c3bfd94bd8fb92148d7471d6ce27b
48,results/locked_noise_v1/object_2002/middle_noise100_rep2,STATE,,,,,,,,,,True,ACTUAL_COUNTER_VIEW_NOT_SAVED,6dd4a7d670b493cf508cb04df00dbdb4ee7c3bfd94bd8fb92148d7471d6ce27b
48,results/locked_noise_v1/object_2002/middle_noise100_rep2,STATE_LABEL_A,,,,6,,,,,,True,REQUESTED_COUNTER_KEY_NOT_SAVED,6dd4a7d670b493cf508cb04df00dbdb4ee7c3bfd94bd8fb92148d7471d6ce27b
48,results/locked_noise_v1/object_2002/middle_noise100_rep2,STATE_LABEL_H,,,192,0,186,,,,,True,,6dd4a7d670b493cf508cb04df00dbdb4ee7c3bfd94bd8fb92148d7471d6ce27b
48,results/locked_noise_v1/object_2002/middle_noise100_rep2,ONLINE_POLICY,,0,42,0,,,,6,36,True,REQUESTED_COUNTER_KEY_NOT_SAVED,6dd4a7d670b493cf508cb04df00dbdb4ee7c3bfd94bd8fb92148d7471d6ce27b
48,results/locked_noise_v1/object_2002/middle_noise100_rep2,ONLINE_POLICY_LABEL_F,,0,42,0,,,,6,36,True,REQUESTED_COUNTER_KEY_NOT_SAVED,6dd4a7d670b493cf508cb04df00dbdb4ee7c3bfd94bd8fb92148d7471d6ce27b
48,results/locked_noise_v1/object_2002/middle_noise100_rep2,ONLINE_POLICY,,1,42,0,,,,6,36,True,REQUESTED_COUNTER_KEY_NOT_SAVED,6dd4a7d670b493cf508cb04df00dbdb4ee7c3bfd94bd8fb92148d7471d6ce27b
48,results/locked_noise_v1/object_2002/middle_noise100_rep2,ONLINE_POLICY_LABEL_F,,1,42,0,,,,6,36,True,REQUESTED_COUNTER_KEY_NOT_SAVED,6dd4a7d670b493cf508cb04df00dbdb4ee7c3bfd94bd8fb92148d7471d6ce27b
48,results/locked_noise_v1/object_2002/middle_noise100_rep2,ONLINE_POLICY,,2,42,0,,,,6,36,True,REQUESTED_COUNTER_KEY_NOT_SAVED,6dd4a7d670b493cf508cb04df00dbdb4ee7c3bfd94bd8fb92148d7471d6ce27b
48,results/locked_noise_v1/object_2002/middle_noise100_rep2,ONLINE_POLICY_LABEL_F,,2,42,0,,,,6,36,True,REQUESTED_COUNTER_KEY_NOT_SAVED,6dd4a7d670b493cf508cb04df00dbdb4ee7c3bfd94bd8fb92148d7471d6ce27b
49,results/locked_noise_v1/object_2002/middle_noise300_rep0,STATE,,,,,,,,,,True,ACTUAL_COUNTER_VIEW_NOT_SAVED,6dd4a7d670b493cf508cb04df00dbdb4ee7c3bfd94bd8fb92148d7471d6ce27b
49,results/locked_noise_v1/object_2002/middle_noise300_rep0,STATE_LABEL_A,,,,6,,,,,,True,REQUESTED_COUNTER_KEY_NOT_SAVED,6dd4a7d670b493cf508cb04df00dbdb4ee7c3bfd94bd8fb92148d7471d6ce27b
49,results/locked_noise_v1/object_2002/middle_noise300_rep0,STATE_LABEL_H,,,192,0,186,,,,,True,,6dd4a7d670b493cf508cb04df00dbdb4ee7c3bfd94bd8fb92148d7471d6ce27b
49,results/locked_noise_v1/object_2002/middle_noise300_rep0,ONLINE_POLICY,,0,42,0,,,,6,36,True,REQUESTED_COUNTER_KEY_NOT_SAVED,6dd4a7d670b493cf508cb04df00dbdb4ee7c3bfd94bd8fb92148d7471d6ce27b
49,results/locked_noise_v1/object_2002/middle_noise300_rep0,ONLINE_POLICY_LABEL_F,,0,42,0,,,,6,36,True,REQUESTED_COUNTER_KEY_NOT_SAVED,6dd4a7d670b493cf508cb04df00dbdb4ee7c3bfd94bd8fb92148d7471d6ce27b
49,results/locked_noise_v1/object_2002/middle_noise300_rep0,ONLINE_POLICY,,1,42,0,,,,6,36,True,REQUESTED_COUNTER_KEY_NOT_SAVED,6dd4a7d670b493cf508cb04df00dbdb4ee7c3bfd94bd8fb92148d7471d6ce27b
49,results/locked_noise_v1/object_2002/middle_noise300_rep0,ONLINE_POLICY_LABEL_F,,1,42,0,,,,6,36,True,REQUESTED_COUNTER_KEY_NOT_SAVED,6dd4a7d670b493cf508cb04df00dbdb4ee7c3bfd94bd8fb92148d7471d6ce27b
49,results/locked_noise_v1/object_2002/middle_noise300_rep0,ONLINE_POLICY,,2,42,0,,,,6,36,True,REQUESTED_COUNTER_KEY_NOT_SAVED,6dd4a7d670b493cf508cb04df00dbdb4ee7c3bfd94bd8fb92148d7471d6ce27b
49,results/locked_noise_v1/object_2002/middle_noise300_rep0,ONLINE_POLICY_LABEL_F,,2,42,0,,,,6,36,True,REQUESTED_COUNTER_KEY_NOT_SAVED,6dd4a7d670b493cf508cb04df00dbdb4ee7c3bfd94bd8fb92148d7471d6ce27b
50,results/locked_noise_v1/object_2002/middle_noise300_rep1,STATE,,,,,,,,,,True,ACTUAL_COUNTER_VIEW_NOT_SAVED,6dd4a7d670b493cf508cb04df00dbdb4ee7c3bfd94bd8fb92148d7471d6ce27b
50,results/locked_noise_v1/object_2002/middle_noise300_rep1,STATE_LABEL_A,,,,6,,,,,,True,REQUESTED_COUNTER_KEY_NOT_SAVED,6dd4a7d670b493cf508cb04df00dbdb4ee7c3bfd94bd8fb92148d7471d6ce27b
50,results/locked_noise_v1/object_2002/middle_noise300_rep1,STATE_LABEL_H,,,192,0,186,,,,,True,,6dd4a7d670b493cf508cb04df00dbdb4ee7c3bfd94bd8fb92148d7471d6ce27b
50,results/locked_noise_v1/object_2002/middle_noise300_rep1,ONLINE_POLICY,,0,42,0,,,,6,36,True,REQUESTED_COUNTER_KEY_NOT_SAVED,6dd4a7d670b493cf508cb04df00dbdb4ee7c3bfd94bd8fb92148d7471d6ce27b
50,results/locked_noise_v1/object_2002/middle_noise300_rep1,ONLINE_POLICY_LABEL_F,,0,42,0,,,,6,36,True,REQUESTED_COUNTER_KEY_NOT_SAVED,6dd4a7d670b493cf508cb04df00dbdb4ee7c3bfd94bd8fb92148d7471d6ce27b
50,results/locked_noise_v1/object_2002/middle_noise300_rep1,ONLINE_POLICY,,1,42,0,,,,6,36,True,REQUESTED_COUNTER_KEY_NOT_SAVED,6dd4a7d670b493cf508cb04df00dbdb4ee7c3bfd94bd8fb92148d7471d6ce27b
50,results/locked_noise_v1/object_2002/middle_noise300_rep1,ONLINE_POLICY_LABEL_F,,1,42,0,,,,6,36,True,REQUESTED_COUNTER_KEY_NOT_SAVED,6dd4a7d670b493cf508cb04df00dbdb4ee7c3bfd94bd8fb92148d7471d6ce27b
50,results/locked_noise_v1/object_2002/middle_noise300_rep1,ONLINE_POLICY,,2,42,0,,,,6,36,True,REQUESTED_COUNTER_KEY_NOT_SAVED,6dd4a7d670b493cf508cb04df00dbdb4ee7c3bfd94bd8fb92148d7471d6ce27b
50,results/locked_noise_v1/object_2002/middle_noise300_rep1,ONLINE_POLICY_LABEL_F,,2,42,0,,,,6,36,True,REQUESTED_COUNTER_KEY_NOT_SAVED,6dd4a7d670b493cf508cb04df00dbdb4ee7c3bfd94bd8fb92148d7471d6ce27b
51,results/locked_noise_v1/object_2002/middle_noise300_rep2,STATE,,,,,,,,,,True,ACTUAL_COUNTER_VIEW_NOT_SAVED,6dd4a7d670b493cf508cb04df00dbdb4ee7c3bfd94bd8fb92148d7471d6ce27b
51,results/locked_noise_v1/object_2002/middle_noise300_rep2,STATE_LABEL_A,,,,6,,,,,,True,REQUESTED_COUNTER_KEY_NOT_SAVED,6dd4a7d670b493cf508cb04df00dbdb4ee7c3bfd94bd8fb92148d7471d6ce27b
51,results/locked_noise_v1/object_2002/middle_noise300_rep2,STATE_LABEL_H,,,192,0,186,,,,,True,,6dd4a7d670b493cf508cb04df00dbdb4ee7c3bfd94bd8fb92148d7471d6ce27b
51,results/locked_noise_v1/object_2002/middle_noise300_rep2,ONLINE_POLICY,,0,42,0,,,,6,36,True,REQUESTED_COUNTER_KEY_NOT_SAVED,6dd4a7d670b493cf508cb04df00dbdb4ee7c3bfd94bd8fb92148d7471d6ce27b
51,results/locked_noise_v1/object_2002/middle_noise300_rep2,ONLINE_POLICY_LABEL_F,,0,42,0,,,,6,36,True,REQUESTED_COUNTER_KEY_NOT_SAVED,6dd4a7d670b493cf508cb04df00dbdb4ee7c3bfd94bd8fb92148d7471d6ce27b
51,results/locked_noise_v1/object_2002/middle_noise300_rep2,ONLINE_POLICY,,1,42,0,,,,6,36,True,REQUESTED_COUNTER_KEY_NOT_SAVED,6dd4a7d670b493cf508cb04df00dbdb4ee7c3bfd94bd8fb92148d7471d6ce27b
51,results/locked_noise_v1/object_2002/middle_noise300_rep2,ONLINE_POLICY_LABEL_F,,1,42,0,,,,6,36,True,REQUESTED_COUNTER_KEY_NOT_SAVED,6dd4a7d670b493cf508cb04df00dbdb4ee7c3bfd94bd8fb92148d7471d6ce27b
51,results/locked_noise_v1/object_2002/middle_noise300_rep2,ONLINE_POLICY,,2,42,0,,,,6,36,True,REQUESTED_COUNTER_KEY_NOT_SAVED,6dd4a7d670b493cf508cb04df00dbdb4ee7c3bfd94bd8fb92148d7471d6ce27b
51,results/locked_noise_v1/object_2002/middle_noise300_rep2,ONLINE_POLICY_LABEL_F,,2,42,0,,,,6,36,True,REQUESTED_COUNTER_KEY_NOT_SAVED,6dd4a7d670b493cf508cb04df00dbdb4ee7c3bfd94bd8fb92148d7471d6ce27b
52,results/locked_noise_v1/object_2005/middle_noise100_rep0,STATE,,,,,,,,,,True,ACTUAL_COUNTER_VIEW_NOT_SAVED,6dd4a7d670b493cf508cb04df00dbdb4ee7c3bfd94bd8fb92148d7471d6ce27b
52,results/locked_noise_v1/object_2005/middle_noise100_rep0,STATE_LABEL_A,,,,6,,,,,,True,REQUESTED_COUNTER_KEY_NOT_SAVED,6dd4a7d670b493cf508cb04df00dbdb4ee7c3bfd94bd8fb92148d7471d6ce27b
52,results/locked_noise_v1/object_2005/middle_noise100_rep0,STATE_LABEL_H,,,120,0,114,,,,,True,,6dd4a7d670b493cf508cb04df00dbdb4ee7c3bfd94bd8fb92148d7471d6ce27b
52,results/locked_noise_v1/object_2005/middle_noise100_rep0,ONLINE_POLICY,,0,42,0,,,,6,36,True,REQUESTED_COUNTER_KEY_NOT_SAVED,6dd4a7d670b493cf508cb04df00dbdb4ee7c3bfd94bd8fb92148d7471d6ce27b
52,results/locked_noise_v1/object_2005/middle_noise100_rep0,ONLINE_POLICY_LABEL_F,,0,42,0,,,,6,36,True,REQUESTED_COUNTER_KEY_NOT_SAVED,6dd4a7d670b493cf508cb04df00dbdb4ee7c3bfd94bd8fb92148d7471d6ce27b
52,results/locked_noise_v1/object_2005/middle_noise100_rep0,ONLINE_POLICY,,1,42,0,,,,6,36,True,REQUESTED_COUNTER_KEY_NOT_SAVED,6dd4a7d670b493cf508cb04df00dbdb4ee7c3bfd94bd8fb92148d7471d6ce27b
52,results/locked_noise_v1/object_2005/middle_noise100_rep0,ONLINE_POLICY_LABEL_F,,1,42,0,,,,6,36,True,REQUESTED_COUNTER_KEY_NOT_SAVED,6dd4a7d670b493cf508cb04df00dbdb4ee7c3bfd94bd8fb92148d7471d6ce27b
52,results/locked_noise_v1/object_2005/middle_noise100_rep0,ONLINE_POLICY,,2,42,0,,,,6,36,True,REQUESTED_COUNTER_KEY_NOT_SAVED,6dd4a7d670b493cf508cb04df00dbdb4ee7c3bfd94bd8fb92148d7471d6ce27b
52,results/locked_noise_v1/object_2005/middle_noise100_rep0,ONLINE_POLICY_LABEL_F,,2,42,0,,,,6,36,True,REQUESTED_COUNTER_KEY_NOT_SAVED,6dd4a7d670b493cf508cb04df00dbdb4ee7c3bfd94bd8fb92148d7471d6ce27b
53,results/locked_noise_v1/object_2005/middle_noise100_rep1,STATE,,,,,,,,,,True,ACTUAL_COUNTER_VIEW_NOT_SAVED,6dd4a7d670b493cf508cb04df00dbdb4ee7c3bfd94bd8fb92148d7471d6ce27b
53,results/locked_noise_v1/object_2005/middle_noise100_rep1,STATE_LABEL_A,,,,6,,,,,,True,REQUESTED_COUNTER_KEY_NOT_SAVED,6dd4a7d670b493cf508cb04df00dbdb4ee7c3bfd94bd8fb92148d7471d6ce27b
53,results/locked_noise_v1/object_2005/middle_noise100_rep1,STATE_LABEL_H,,,120,0,114,,,,,True,,6dd4a7d670b493cf508cb04df00dbdb4ee7c3bfd94bd8fb92148d7471d6ce27b
53,results/locked_noise_v1/object_2005/middle_noise100_rep1,ONLINE_POLICY,,0,30,0,,,,6,24,True,REQUESTED_COUNTER_KEY_NOT_SAVED,6dd4a7d670b493cf508cb04df00dbdb4ee7c3bfd94bd8fb92148d7471d6ce27b
53,results/locked_noise_v1/object_2005/middle_noise100_rep1,ONLINE_POLICY_LABEL_F,,0,30,0,,,,6,24,True,REQUESTED_COUNTER_KEY_NOT_SAVED,6dd4a7d670b493cf508cb04df00dbdb4ee7c3bfd94bd8fb92148d7471d6ce27b
53,results/locked_noise_v1/object_2005/middle_noise100_rep1,ONLINE_POLICY,,1,42,0,,,,6,36,True,REQUESTED_COUNTER_KEY_NOT_SAVED,6dd4a7d670b493cf508cb04df00dbdb4ee7c3bfd94bd8fb92148d7471d6ce27b
53,results/locked_noise_v1/object_2005/middle_noise100_rep1,ONLINE_POLICY_LABEL_F,,1,42,0,,,,6,36,True,REQUESTED_COUNTER_KEY_NOT_SAVED,6dd4a7d670b493cf508cb04df00dbdb4ee7c3bfd94bd8fb92148d7471d6ce27b
53,results/locked_noise_v1/object_2005/middle_noise100_rep1,ONLINE_POLICY,,2,42,0,,,,6,36,True,REQUESTED_COUNTER_KEY_NOT_SAVED,6dd4a7d670b493cf508cb04df00dbdb4ee7c3bfd94bd8fb92148d7471d6ce27b
53,results/locked_noise_v1/object_2005/middle_noise100_rep1,ONLINE_POLICY_LABEL_F,,2,42,0,,,,6,36,True,REQUESTED_COUNTER_KEY_NOT_SAVED,6dd4a7d670b493cf508cb04df00dbdb4ee7c3bfd94bd8fb92148d7471d6ce27b
54,results/locked_noise_v1/object_2005/middle_noise100_rep2,STATE,,,,,,,,,,True,ACTUAL_COUNTER_VIEW_NOT_SAVED,6dd4a7d670b493cf508cb04df00dbdb4ee7c3bfd94bd8fb92148d7471d6ce27b
54,results/locked_noise_v1/object_2005/middle_noise100_rep2,STATE_LABEL_A,,,,6,,,,,,True,REQUESTED_COUNTER_KEY_NOT_SAVED,6dd4a7d670b493cf508cb04df00dbdb4ee7c3bfd94bd8fb92148d7471d6ce27b
54,results/locked_noise_v1/object_2005/middle_noise100_rep2,STATE_LABEL_H,,,120,0,114,,,,,True,,6dd4a7d670b493cf508cb04df00dbdb4ee7c3bfd94bd8fb92148d7471d6ce27b
54,results/locked_noise_v1/object_2005/middle_noise100_rep2,ONLINE_POLICY,,0,42,0,,,,6,36,True,REQUESTED_COUNTER_KEY_NOT_SAVED,6dd4a7d670b493cf508cb04df00dbdb4ee7c3bfd94bd8fb92148d7471d6ce27b
54,results/locked_noise_v1/object_2005/middle_noise100_rep2,ONLINE_POLICY_LABEL_F,,0,42,0,,,,6,36,True,REQUESTED_COUNTER_KEY_NOT_SAVED,6dd4a7d670b493cf508cb04df00dbdb4ee7c3bfd94bd8fb92148d7471d6ce27b
54,results/locked_noise_v1/object_2005/middle_noise100_rep2,ONLINE_POLICY,,1,42,0,,,,6,36,True,REQUESTED_COUNTER_KEY_NOT_SAVED,6dd4a7d670b493cf508cb04df00dbdb4ee7c3bfd94bd8fb92148d7471d6ce27b
54,results/locked_noise_v1/object_2005/middle_noise100_rep2,ONLINE_POLICY_LABEL_F,,1,42,0,,,,6,36,True,REQUESTED_COUNTER_KEY_NOT_SAVED,6dd4a7d670b493cf508cb04df00dbdb4ee7c3bfd94bd8fb92148d7471d6ce27b
54,results/locked_noise_v1/object_2005/middle_noise100_rep2,ONLINE_POLICY,,2,42,0,,,,6,36,True,REQUESTED_COUNTER_KEY_NOT_SAVED,6dd4a7d670b493cf508cb04df00dbdb4ee7c3bfd94bd8fb92148d7471d6ce27b
54,results/locked_noise_v1/object_2005/middle_noise100_rep2,ONLINE_POLICY_LABEL_F,,2,42,0,,,,6,36,True,REQUESTED_COUNTER_KEY_NOT_SAVED,6dd4a7d670b493cf508cb04df00dbdb4ee7c3bfd94bd8fb92148d7471d6ce27b
55,results/locked_noise_v1/object_2005/middle_noise300_rep0,STATE,,,,,,,,,,True,ACTUAL_COUNTER_VIEW_NOT_SAVED,6dd4a7d670b493cf508cb04df00dbdb4ee7c3bfd94bd8fb92148d7471d6ce27b
55,results/locked_noise_v1/object_2005/middle_noise300_rep0,STATE_LABEL_A,,,,6,,,,,,True,REQUESTED_COUNTER_KEY_NOT_SAVED,6dd4a7d670b493cf508cb04df00dbdb4ee7c3bfd94bd8fb92148d7471d6ce27b
55,results/locked_noise_v1/object_2005/middle_noise300_rep0,STATE_LABEL_H,,,120,0,114,,,,,True,,6dd4a7d670b493cf508cb04df00dbdb4ee7c3bfd94bd8fb92148d7471d6ce27b
55,results/locked_noise_v1/object_2005/middle_noise300_rep0,ONLINE_POLICY,,0,42,0,,,,6,36,True,REQUESTED_COUNTER_KEY_NOT_SAVED,6dd4a7d670b493cf508cb04df00dbdb4ee7c3bfd94bd8fb92148d7471d6ce27b
55,results/locked_noise_v1/object_2005/middle_noise300_rep0,ONLINE_POLICY_LABEL_F,,0,42,0,,,,6,36,True,REQUESTED_COUNTER_KEY_NOT_SAVED,6dd4a7d670b493cf508cb04df00dbdb4ee7c3bfd94bd8fb92148d7471d6ce27b
55,results/locked_noise_v1/object_2005/middle_noise300_rep0,ONLINE_POLICY,,1,42,0,,,,6,36,True,REQUESTED_COUNTER_KEY_NOT_SAVED,6dd4a7d670b493cf508cb04df00dbdb4ee7c3bfd94bd8fb92148d7471d6ce27b
55,results/locked_noise_v1/object_2005/middle_noise300_rep0,ONLINE_POLICY_LABEL_F,,1,42,0,,,,6,36,True,REQUESTED_COUNTER_KEY_NOT_SAVED,6dd4a7d670b493cf508cb04df00dbdb4ee7c3bfd94bd8fb92148d7471d6ce27b
55,results/locked_noise_v1/object_2005/middle_noise300_rep0,ONLINE_POLICY,,2,42,0,,,,6,36,True,REQUESTED_COUNTER_KEY_NOT_SAVED,6dd4a7d670b493cf508cb04df00dbdb4ee7c3bfd94bd8fb92148d7471d6ce27b
55,results/locked_noise_v1/object_2005/middle_noise300_rep0,ONLINE_POLICY_LABEL_F,,2,42,0,,,,6,36,True,REQUESTED_COUNTER_KEY_NOT_SAVED,6dd4a7d670b493cf508cb04df00dbdb4ee7c3bfd94bd8fb92148d7471d6ce27b
56,results/locked_noise_v1/object_2005/middle_noise300_rep1,STATE,,,,,,,,,,True,ACTUAL_COUNTER_VIEW_NOT_SAVED,6dd4a7d670b493cf508cb04df00dbdb4ee7c3bfd94bd8fb92148d7471d6ce27b
56,results/locked_noise_v1/object_2005/middle_noise300_rep1,STATE_LABEL_A,,,,6,,,,,,True,REQUESTED_COUNTER_KEY_NOT_SAVED,6dd4a7d670b493cf508cb04df00dbdb4ee7c3bfd94bd8fb92148d7471d6ce27b
56,results/locked_noise_v1/object_2005/middle_noise300_rep1,STATE_LABEL_H,,,120,0,114,,,,,True,,6dd4a7d670b493cf508cb04df00dbdb4ee7c3bfd94bd8fb92148d7471d6ce27b
56,results/locked_noise_v1/object_2005/middle_noise300_rep1,ONLINE_POLICY,,0,30,0,,,,6,24,True,REQUESTED_COUNTER_KEY_NOT_SAVED,6dd4a7d670b493cf508cb04df00dbdb4ee7c3bfd94bd8fb92148d7471d6ce27b
56,results/locked_noise_v1/object_2005/middle_noise300_rep1,ONLINE_POLICY_LABEL_F,,0,30,0,,,,6,24,True,REQUESTED_COUNTER_KEY_NOT_SAVED,6dd4a7d670b493cf508cb04df00dbdb4ee7c3bfd94bd8fb92148d7471d6ce27b
56,results/locked_noise_v1/object_2005/middle_noise300_rep1,ONLINE_POLICY,,1,42,0,,,,6,36,True,REQUESTED_COUNTER_KEY_NOT_SAVED,6dd4a7d670b493cf508cb04df00dbdb4ee7c3bfd94bd8fb92148d7471d6ce27b
56,results/locked_noise_v1/object_2005/middle_noise300_rep1,ONLINE_POLICY_LABEL_F,,1,42,0,,,,6,36,True,REQUESTED_COUNTER_KEY_NOT_SAVED,6dd4a7d670b493cf508cb04df00dbdb4ee7c3bfd94bd8fb92148d7471d6ce27b
56,results/locked_noise_v1/object_2005/middle_noise300_rep1,ONLINE_POLICY,,2,42,0,,,,6,36,True,REQUESTED_COUNTER_KEY_NOT_SAVED,6dd4a7d670b493cf508cb04df00dbdb4ee7c3bfd94bd8fb92148d7471d6ce27b
56,results/locked_noise_v1/object_2005/middle_noise300_rep1,ONLINE_POLICY_LABEL_F,,2,42,0,,,,6,36,True,REQUESTED_COUNTER_KEY_NOT_SAVED,6dd4a7d670b493cf508cb04df00dbdb4ee7c3bfd94bd8fb92148d7471d6ce27b
57,results/locked_noise_v1/object_2005/middle_noise300_rep2,STATE,,,,,,,,,,True,ACTUAL_COUNTER_VIEW_NOT_SAVED,6dd4a7d670b493cf508cb04df00dbdb4ee7c3bfd94bd8fb92148d7471d6ce27b
57,results/locked_noise_v1/object_2005/middle_noise300_rep2,STATE_LABEL_A,,,,6,,,,,,True,REQUESTED_COUNTER_KEY_NOT_SAVED,6dd4a7d670b493cf508cb04df00dbdb4ee7c3bfd94bd8fb92148d7471d6ce27b
57,results/locked_noise_v1/object_2005/middle_noise300_rep2,STATE_LABEL_H,,,120,0,114,,,,,True,,6dd4a7d670b493cf508cb04df00dbdb4ee7c3bfd94bd8fb92148d7471d6ce27b
57,results/locked_noise_v1/object_2005/middle_noise300_rep2,ONLINE_POLICY,,0,30,0,,,,6,24,True,REQUESTED_COUNTER_KEY_NOT_SAVED,6dd4a7d670b493cf508cb04df00dbdb4ee7c3bfd94bd8fb92148d7471d6ce27b
57,results/locked_noise_v1/object_2005/middle_noise300_rep2,ONLINE_POLICY_LABEL_F,,0,30,0,,,,6,24,True,REQUESTED_COUNTER_KEY_NOT_SAVED,6dd4a7d670b493cf508cb04df00dbdb4ee7c3bfd94bd8fb92148d7471d6ce27b
57,results/locked_noise_v1/object_2005/middle_noise300_rep2,ONLINE_POLICY,,1,42,0,,,,6,36,True,REQUESTED_COUNTER_KEY_NOT_SAVED,6dd4a7d670b493cf508cb04df00dbdb4ee7c3bfd94bd8fb92148d7471d6ce27b
57,results/locked_noise_v1/object_2005/middle_noise300_rep2,ONLINE_POLICY_LABEL_F,,1,42,0,,,,6,36,True,REQUESTED_COUNTER_KEY_NOT_SAVED,6dd4a7d670b493cf508cb04df00dbdb4ee7c3bfd94bd8fb92148d7471d6ce27b
57,results/locked_noise_v1/object_2005/middle_noise300_rep2,ONLINE_POLICY,,2,42,0,,,,6,36,True,REQUESTED_COUNTER_KEY_NOT_SAVED,6dd4a7d670b493cf508cb04df00dbdb4ee7c3bfd94bd8fb92148d7471d6ce27b
57,results/locked_noise_v1/object_2005/middle_noise300_rep2,ONLINE_POLICY_LABEL_F,,2,42,0,,,,6,36,True,REQUESTED_COUNTER_KEY_NOT_SAVED,6dd4a7d670b493cf508cb04df00dbdb4ee7c3bfd94bd8fb92148d7471d6ce27b
58,results/locked_noise_v1/object_2009/middle_noise100_rep0,STATE,,,,,,,,,,True,ACTUAL_COUNTER_VIEW_NOT_SAVED,6dd4a7d670b493cf508cb04df00dbdb4ee7c3bfd94bd8fb92148d7471d6ce27b
58,results/locked_noise_v1/object_2009/middle_noise100_rep0,STATE_LABEL_A,,,,6,,,,,,True,REQUESTED_COUNTER_KEY_NOT_SAVED,6dd4a7d670b493cf508cb04df00dbdb4ee7c3bfd94bd8fb92148d7471d6ce27b
58,results/locked_noise_v1/object_2009/middle_noise100_rep0,STATE_LABEL_H,,,144,0,138,,,,,True,,6dd4a7d670b493cf508cb04df00dbdb4ee7c3bfd94bd8fb92148d7471d6ce27b
58,results/locked_noise_v1/object_2009/middle_noise100_rep0,ONLINE_POLICY,,0,30,0,,,,6,24,True,REQUESTED_COUNTER_KEY_NOT_SAVED,6dd4a7d670b493cf508cb04df00dbdb4ee7c3bfd94bd8fb92148d7471d6ce27b
58,results/locked_noise_v1/object_2009/middle_noise100_rep0,ONLINE_POLICY_LABEL_F,,0,30,0,,,,6,24,True,REQUESTED_COUNTER_KEY_NOT_SAVED,6dd4a7d670b493cf508cb04df00dbdb4ee7c3bfd94bd8fb92148d7471d6ce27b
58,results/locked_noise_v1/object_2009/middle_noise100_rep0,ONLINE_POLICY,,1,30,0,,,,6,24,True,REQUESTED_COUNTER_KEY_NOT_SAVED,6dd4a7d670b493cf508cb04df00dbdb4ee7c3bfd94bd8fb92148d7471d6ce27b
58,results/locked_noise_v1/object_2009/middle_noise100_rep0,ONLINE_POLICY_LABEL_F,,1,30,0,,,,6,24,True,REQUESTED_COUNTER_KEY_NOT_SAVED,6dd4a7d670b493cf508cb04df00dbdb4ee7c3bfd94bd8fb92148d7471d6ce27b
58,results/locked_noise_v1/object_2009/middle_noise100_rep0,ONLINE_POLICY,,2,42,0,,,,6,36,True,REQUESTED_COUNTER_KEY_NOT_SAVED,6dd4a7d670b493cf508cb04df00dbdb4ee7c3bfd94bd8fb92148d7471d6ce27b
58,results/locked_noise_v1/object_2009/middle_noise100_rep0,ONLINE_POLICY_LABEL_F,,2,42,0,,,,6,36,True,REQUESTED_COUNTER_KEY_NOT_SAVED,6dd4a7d670b493cf508cb04df00dbdb4ee7c3bfd94bd8fb92148d7471d6ce27b
59,results/locked_noise_v1/object_2009/middle_noise100_rep1,STATE,,,,,,,,,,True,ACTUAL_COUNTER_VIEW_NOT_SAVED,6dd4a7d670b493cf508cb04df00dbdb4ee7c3bfd94bd8fb92148d7471d6ce27b
59,results/locked_noise_v1/object_2009/middle_noise100_rep1,STATE_LABEL_A,,,,6,,,,,,True,REQUESTED_COUNTER_KEY_NOT_SAVED,6dd4a7d670b493cf508cb04df00dbdb4ee7c3bfd94bd8fb92148d7471d6ce27b
59,results/locked_noise_v1/object_2009/middle_noise100_rep1,STATE_LABEL_H,,,138,0,132,,,,,True,,6dd4a7d670b493cf508cb04df00dbdb4ee7c3bfd94bd8fb92148d7471d6ce27b
59,results/locked_noise_v1/object_2009/middle_noise100_rep1,ONLINE_POLICY,,0,30,0,,,,6,24,True,REQUESTED_COUNTER_KEY_NOT_SAVED,6dd4a7d670b493cf508cb04df00dbdb4ee7c3bfd94bd8fb92148d7471d6ce27b
59,results/locked_noise_v1/object_2009/middle_noise100_rep1,ONLINE_POLICY_LABEL_F,,0,30,0,,,,6,24,True,REQUESTED_COUNTER_KEY_NOT_SAVED,6dd4a7d670b493cf508cb04df00dbdb4ee7c3bfd94bd8fb92148d7471d6ce27b
59,results/locked_noise_v1/object_2009/middle_noise100_rep1,ONLINE_POLICY,,1,42,0,,,,6,36,True,REQUESTED_COUNTER_KEY_NOT_SAVED,6dd4a7d670b493cf508cb04df00dbdb4ee7c3bfd94bd8fb92148d7471d6ce27b
59,results/locked_noise_v1/object_2009/middle_noise100_rep1,ONLINE_POLICY_LABEL_F,,1,42,0,,,,6,36,True,REQUESTED_COUNTER_KEY_NOT_SAVED,6dd4a7d670b493cf508cb04df00dbdb4ee7c3bfd94bd8fb92148d7471d6ce27b
59,results/locked_noise_v1/object_2009/middle_noise100_rep1,ONLINE_POLICY,,2,42,0,,,,6,36,True,REQUESTED_COUNTER_KEY_NOT_SAVED,6dd4a7d670b493cf508cb04df00dbdb4ee7c3bfd94bd8fb92148d7471d6ce27b
59,results/locked_noise_v1/object_2009/middle_noise100_rep1,ONLINE_POLICY_LABEL_F,,2,42,0,,,,6,36,True,REQUESTED_COUNTER_KEY_NOT_SAVED,6dd4a7d670b493cf508cb04df00dbdb4ee7c3bfd94bd8fb92148d7471d6ce27b
60,results/locked_noise_v1/object_2009/middle_noise100_rep2,STATE,,,,,,,,,,True,ACTUAL_COUNTER_VIEW_NOT_SAVED,6dd4a7d670b493cf508cb04df00dbdb4ee7c3bfd94bd8fb92148d7471d6ce27b
60,results/locked_noise_v1/object_2009/middle_noise100_rep2,STATE_LABEL_A,,,,6,,,,,,True,REQUESTED_COUNTER_KEY_NOT_SAVED,6dd4a7d670b493cf508cb04df00dbdb4ee7c3bfd94bd8fb92148d7471d6ce27b
60,results/locked_noise_v1/object_2009/middle_noise100_rep2,STATE_LABEL_H,,,144,0,138,,,,,True,,6dd4a7d670b493cf508cb04df00dbdb4ee7c3bfd94bd8fb92148d7471d6ce27b
60,results/locked_noise_v1/object_2009/middle_noise100_rep2,ONLINE_POLICY,,0,42,0,,,,6,36,True,REQUESTED_COUNTER_KEY_NOT_SAVED,6dd4a7d670b493cf508cb04df00dbdb4ee7c3bfd94bd8fb92148d7471d6ce27b
60,results/locked_noise_v1/object_2009/middle_noise100_rep2,ONLINE_POLICY_LABEL_F,,0,42,0,,,,6,36,True,REQUESTED_COUNTER_KEY_NOT_SAVED,6dd4a7d670b493cf508cb04df00dbdb4ee7c3bfd94bd8fb92148d7471d6ce27b
60,results/locked_noise_v1/object_2009/middle_noise100_rep2,ONLINE_POLICY,,1,42,0,,,,6,36,True,REQUESTED_COUNTER_KEY_NOT_SAVED,6dd4a7d670b493cf508cb04df00dbdb4ee7c3bfd94bd8fb92148d7471d6ce27b
60,results/locked_noise_v1/object_2009/middle_noise100_rep2,ONLINE_POLICY_LABEL_F,,1,42,0,,,,6,36,True,REQUESTED_COUNTER_KEY_NOT_SAVED,6dd4a7d670b493cf508cb04df00dbdb4ee7c3bfd94bd8fb92148d7471d6ce27b
60,results/locked_noise_v1/object_2009/middle_noise100_rep2,ONLINE_POLICY,,2,30,0,,,,6,24,True,REQUESTED_COUNTER_KEY_NOT_SAVED,6dd4a7d670b493cf508cb04df00dbdb4ee7c3bfd94bd8fb92148d7471d6ce27b
60,results/locked_noise_v1/object_2009/middle_noise100_rep2,ONLINE_POLICY_LABEL_F,,2,30,0,,,,6,24,True,REQUESTED_COUNTER_KEY_NOT_SAVED,6dd4a7d670b493cf508cb04df00dbdb4ee7c3bfd94bd8fb92148d7471d6ce27b
61,results/locked_noise_v1/object_2009/middle_noise300_rep0,STATE,,,,,,,,,,True,ACTUAL_COUNTER_VIEW_NOT_SAVED,6dd4a7d670b493cf508cb04df00dbdb4ee7c3bfd94bd8fb92148d7471d6ce27b
61,results/locked_noise_v1/object_2009/middle_noise300_rep0,STATE_LABEL_A,,,,6,,,,,,True,REQUESTED_COUNTER_KEY_NOT_SAVED,6dd4a7d670b493cf508cb04df00dbdb4ee7c3bfd94bd8fb92148d7471d6ce27b
61,results/locked_noise_v1/object_2009/middle_noise300_rep0,STATE_LABEL_H,,,144,0,138,,,,,True,,6dd4a7d670b493cf508cb04df00dbdb4ee7c3bfd94bd8fb92148d7471d6ce27b
61,results/locked_noise_v1/object_2009/middle_noise300_rep0,ONLINE_POLICY,,0,42,0,,,,6,36,True,REQUESTED_COUNTER_KEY_NOT_SAVED,6dd4a7d670b493cf508cb04df00dbdb4ee7c3bfd94bd8fb92148d7471d6ce27b
61,results/locked_noise_v1/object_2009/middle_noise300_rep0,ONLINE_POLICY_LABEL_F,,0,42,0,,,,6,36,True,REQUESTED_COUNTER_KEY_NOT_SAVED,6dd4a7d670b493cf508cb04df00dbdb4ee7c3bfd94bd8fb92148d7471d6ce27b
61,results/locked_noise_v1/object_2009/middle_noise300_rep0,ONLINE_POLICY,,1,30,0,,,,6,24,True,REQUESTED_COUNTER_KEY_NOT_SAVED,6dd4a7d670b493cf508cb04df00dbdb4ee7c3bfd94bd8fb92148d7471d6ce27b
61,results/locked_noise_v1/object_2009/middle_noise300_rep0,ONLINE_POLICY_LABEL_F,,1,30,0,,,,6,24,True,REQUESTED_COUNTER_KEY_NOT_SAVED,6dd4a7d670b493cf508cb04df00dbdb4ee7c3bfd94bd8fb92148d7471d6ce27b
61,results/locked_noise_v1/object_2009/middle_noise300_rep0,ONLINE_POLICY,,2,42,0,,,,6,36,True,REQUESTED_COUNTER_KEY_NOT_SAVED,6dd4a7d670b493cf508cb04df00dbdb4ee7c3bfd94bd8fb92148d7471d6ce27b
61,results/locked_noise_v1/object_2009/middle_noise300_rep0,ONLINE_POLICY_LABEL_F,,2,42,0,,,,6,36,True,REQUESTED_COUNTER_KEY_NOT_SAVED,6dd4a7d670b493cf508cb04df00dbdb4ee7c3bfd94bd8fb92148d7471d6ce27b
62,results/locked_noise_v1/object_2009/middle_noise300_rep1,STATE,,,,,,,,,,True,ACTUAL_COUNTER_VIEW_NOT_SAVED,6dd4a7d670b493cf508cb04df00dbdb4ee7c3bfd94bd8fb92148d7471d6ce27b
62,results/locked_noise_v1/object_2009/middle_noise300_rep1,STATE_LABEL_A,,,,6,,,,,,True,REQUESTED_COUNTER_KEY_NOT_SAVED,6dd4a7d670b493cf508cb04df00dbdb4ee7c3bfd94bd8fb92148d7471d6ce27b
62,results/locked_noise_v1/object_2009/middle_noise300_rep1,STATE_LABEL_H,,,144,0,138,,,,,True,,6dd4a7d670b493cf508cb04df00dbdb4ee7c3bfd94bd8fb92148d7471d6ce27b
62,results/locked_noise_v1/object_2009/middle_noise300_rep1,ONLINE_POLICY,,0,18,0,,,,6,12,True,REQUESTED_COUNTER_KEY_NOT_SAVED,6dd4a7d670b493cf508cb04df00dbdb4ee7c3bfd94bd8fb92148d7471d6ce27b
62,results/locked_noise_v1/object_2009/middle_noise300_rep1,ONLINE_POLICY_LABEL_F,,0,18,0,,,,6,12,True,REQUESTED_COUNTER_KEY_NOT_SAVED,6dd4a7d670b493cf508cb04df00dbdb4ee7c3bfd94bd8fb92148d7471d6ce27b
62,results/locked_noise_v1/object_2009/middle_noise300_rep1,ONLINE_POLICY,,1,42,0,,,,6,36,True,REQUESTED_COUNTER_KEY_NOT_SAVED,6dd4a7d670b493cf508cb04df00dbdb4ee7c3bfd94bd8fb92148d7471d6ce27b
62,results/locked_noise_v1/object_2009/middle_noise300_rep1,ONLINE_POLICY_LABEL_F,,1,42,0,,,,6,36,True,REQUESTED_COUNTER_KEY_NOT_SAVED,6dd4a7d670b493cf508cb04df00dbdb4ee7c3bfd94bd8fb92148d7471d6ce27b
62,results/locked_noise_v1/object_2009/middle_noise300_rep1,ONLINE_POLICY,,2,42,0,,,,6,36,True,REQUESTED_COUNTER_KEY_NOT_SAVED,6dd4a7d670b493cf508cb04df00dbdb4ee7c3bfd94bd8fb92148d7471d6ce27b
62,results/locked_noise_v1/object_2009/middle_noise300_rep1,ONLINE_POLICY_LABEL_F,,2,42,0,,,,6,36,True,REQUESTED_COUNTER_KEY_NOT_SAVED,6dd4a7d670b493cf508cb04df00dbdb4ee7c3bfd94bd8fb92148d7471d6ce27b
63,results/locked_noise_v1/object_2009/middle_noise300_rep2,STATE,,,,,,,,,,True,ACTUAL_COUNTER_VIEW_NOT_SAVED,6dd4a7d670b493cf508cb04df00dbdb4ee7c3bfd94bd8fb92148d7471d6ce27b
63,results/locked_noise_v1/object_2009/middle_noise300_rep2,STATE_LABEL_A,,,,6,,,,,,True,REQUESTED_COUNTER_KEY_NOT_SAVED,6dd4a7d670b493cf508cb04df00dbdb4ee7c3bfd94bd8fb92148d7471d6ce27b
63,results/locked_noise_v1/object_2009/middle_noise300_rep2,STATE_LABEL_H,,,144,0,138,,,,,True,,6dd4a7d670b493cf508cb04df00dbdb4ee7c3bfd94bd8fb92148d7471d6ce27b
63,results/locked_noise_v1/object_2009/middle_noise300_rep2,ONLINE_POLICY,,0,42,0,,,,6,36,True,REQUESTED_COUNTER_KEY_NOT_SAVED,6dd4a7d670b493cf508cb04df00dbdb4ee7c3bfd94bd8fb92148d7471d6ce27b
63,results/locked_noise_v1/object_2009/middle_noise300_rep2,ONLINE_POLICY_LABEL_F,,0,42,0,,,,6,36,True,REQUESTED_COUNTER_KEY_NOT_SAVED,6dd4a7d670b493cf508cb04df00dbdb4ee7c3bfd94bd8fb92148d7471d6ce27b
63,results/locked_noise_v1/object_2009/middle_noise300_rep2,ONLINE_POLICY,,1,42,0,,,,6,36,True,REQUESTED_COUNTER_KEY_NOT_SAVED,6dd4a7d670b493cf508cb04df00dbdb4ee7c3bfd94bd8fb92148d7471d6ce27b
63,results/locked_noise_v1/object_2009/middle_noise300_rep2,ONLINE_POLICY_LABEL_F,,1,42,0,,,,6,36,True,REQUESTED_COUNTER_KEY_NOT_SAVED,6dd4a7d670b493cf508cb04df00dbdb4ee7c3bfd94bd8fb92148d7471d6ce27b
63,results/locked_noise_v1/object_2009/middle_noise300_rep2,ONLINE_POLICY,,2,42,0,,,,6,36,True,REQUESTED_COUNTER_KEY_NOT_SAVED,6dd4a7d670b493cf508cb04df00dbdb4ee7c3bfd94bd8fb92148d7471d6ce27b
63,results/locked_noise_v1/object_2009/middle_noise300_rep2,ONLINE_POLICY_LABEL_F,,2,42,0,,,,6,36,True,REQUESTED_COUNTER_KEY_NOT_SAVED,6dd4a7d670b493cf508cb04df00dbdb4ee7c3bfd94bd8fb92148d7471d6ce27b
64,results/locked_noise_v1/object_2016/middle_noise100_rep0,STATE,,,,,,,,,,True,ACTUAL_COUNTER_VIEW_NOT_SAVED,6dd4a7d670b493cf508cb04df00dbdb4ee7c3bfd94bd8fb92148d7471d6ce27b
64,results/locked_noise_v1/object_2016/middle_noise100_rep0,STATE_LABEL_A,,,,6,,,,,,True,REQUESTED_COUNTER_KEY_NOT_SAVED,6dd4a7d670b493cf508cb04df00dbdb4ee7c3bfd94bd8fb92148d7471d6ce27b
64,results/locked_noise_v1/object_2016/middle_noise100_rep0,STATE_LABEL_H,,,162,0,156,,,,,True,,6dd4a7d670b493cf508cb04df00dbdb4ee7c3bfd94bd8fb92148d7471d6ce27b
64,results/locked_noise_v1/object_2016/middle_noise100_rep0,ONLINE_POLICY,,0,42,0,,,,6,36,True,REQUESTED_COUNTER_KEY_NOT_SAVED,6dd4a7d670b493cf508cb04df00dbdb4ee7c3bfd94bd8fb92148d7471d6ce27b
64,results/locked_noise_v1/object_2016/middle_noise100_rep0,ONLINE_POLICY_LABEL_F,,0,42,0,,,,6,36,True,REQUESTED_COUNTER_KEY_NOT_SAVED,6dd4a7d670b493cf508cb04df00dbdb4ee7c3bfd94bd8fb92148d7471d6ce27b
64,results/locked_noise_v1/object_2016/middle_noise100_rep0,ONLINE_POLICY,,1,42,0,,,,6,36,True,REQUESTED_COUNTER_KEY_NOT_SAVED,6dd4a7d670b493cf508cb04df00dbdb4ee7c3bfd94bd8fb92148d7471d6ce27b
64,results/locked_noise_v1/object_2016/middle_noise100_rep0,ONLINE_POLICY_LABEL_F,,1,42,0,,,,6,36,True,REQUESTED_COUNTER_KEY_NOT_SAVED,6dd4a7d670b493cf508cb04df00dbdb4ee7c3bfd94bd8fb92148d7471d6ce27b
64,results/locked_noise_v1/object_2016/middle_noise100_rep0,ONLINE_POLICY,,2,42,0,,,,6,36,True,REQUESTED_COUNTER_KEY_NOT_SAVED,6dd4a7d670b493cf508cb04df00dbdb4ee7c3bfd94bd8fb92148d7471d6ce27b
64,results/locked_noise_v1/object_2016/middle_noise100_rep0,ONLINE_POLICY_LABEL_F,,2,42,0,,,,6,36,True,REQUESTED_COUNTER_KEY_NOT_SAVED,6dd4a7d670b493cf508cb04df00dbdb4ee7c3bfd94bd8fb92148d7471d6ce27b
65,results/locked_noise_v1/object_2016/middle_noise100_rep1,STATE,,,,,,,,,,True,ACTUAL_COUNTER_VIEW_NOT_SAVED,6dd4a7d670b493cf508cb04df00dbdb4ee7c3bfd94bd8fb92148d7471d6ce27b
65,results/locked_noise_v1/object_2016/middle_noise100_rep1,STATE_LABEL_A,,,,6,,,,,,True,REQUESTED_COUNTER_KEY_NOT_SAVED,6dd4a7d670b493cf508cb04df00dbdb4ee7c3bfd94bd8fb92148d7471d6ce27b
65,results/locked_noise_v1/object_2016/middle_noise100_rep1,STATE_LABEL_H,,,162,0,156,,,,,True,,6dd4a7d670b493cf508cb04df00dbdb4ee7c3bfd94bd8fb92148d7471d6ce27b
65,results/locked_noise_v1/object_2016/middle_noise100_rep1,ONLINE_POLICY,,0,42,0,,,,6,36,True,REQUESTED_COUNTER_KEY_NOT_SAVED,6dd4a7d670b493cf508cb04df00dbdb4ee7c3bfd94bd8fb92148d7471d6ce27b
65,results/locked_noise_v1/object_2016/middle_noise100_rep1,ONLINE_POLICY_LABEL_F,,0,42,0,,,,6,36,True,REQUESTED_COUNTER_KEY_NOT_SAVED,6dd4a7d670b493cf508cb04df00dbdb4ee7c3bfd94bd8fb92148d7471d6ce27b
65,results/locked_noise_v1/object_2016/middle_noise100_rep1,ONLINE_POLICY,,1,42,0,,,,6,36,True,REQUESTED_COUNTER_KEY_NOT_SAVED,6dd4a7d670b493cf508cb04df00dbdb4ee7c3bfd94bd8fb92148d7471d6ce27b
65,results/locked_noise_v1/object_2016/middle_noise100_rep1,ONLINE_POLICY_LABEL_F,,1,42,0,,,,6,36,True,REQUESTED_COUNTER_KEY_NOT_SAVED,6dd4a7d670b493cf508cb04df00dbdb4ee7c3bfd94bd8fb92148d7471d6ce27b
65,results/locked_noise_v1/object_2016/middle_noise100_rep1,ONLINE_POLICY,,2,42,0,,,,6,36,True,REQUESTED_COUNTER_KEY_NOT_SAVED,6dd4a7d670b493cf508cb04df00dbdb4ee7c3bfd94bd8fb92148d7471d6ce27b
65,results/locked_noise_v1/object_2016/middle_noise100_rep1,ONLINE_POLICY_LABEL_F,,2,42,0,,,,6,36,True,REQUESTED_COUNTER_KEY_NOT_SAVED,6dd4a7d670b493cf508cb04df00dbdb4ee7c3bfd94bd8fb92148d7471d6ce27b
66,results/locked_noise_v1/object_2016/middle_noise100_rep2,STATE,,,,,,,,,,True,ACTUAL_COUNTER_VIEW_NOT_SAVED,6dd4a7d670b493cf508cb04df00dbdb4ee7c3bfd94bd8fb92148d7471d6ce27b
66,results/locked_noise_v1/object_2016/middle_noise100_rep2,STATE_LABEL_A,,,,6,,,,,,True,REQUESTED_COUNTER_KEY_NOT_SAVED,6dd4a7d670b493cf508cb04df00dbdb4ee7c3bfd94bd8fb92148d7471d6ce27b
66,results/locked_noise_v1/object_2016/middle_noise100_rep2,STATE_LABEL_H,,,162,0,156,,,,,True,,6dd4a7d670b493cf508cb04df00dbdb4ee7c3bfd94bd8fb92148d7471d6ce27b
66,results/locked_noise_v1/object_2016/middle_noise100_rep2,ONLINE_POLICY,,0,42,0,,,,6,36,True,REQUESTED_COUNTER_KEY_NOT_SAVED,6dd4a7d670b493cf508cb04df00dbdb4ee7c3bfd94bd8fb92148d7471d6ce27b
66,results/locked_noise_v1/object_2016/middle_noise100_rep2,ONLINE_POLICY_LABEL_F,,0,42,0,,,,6,36,True,REQUESTED_COUNTER_KEY_NOT_SAVED,6dd4a7d670b493cf508cb04df00dbdb4ee7c3bfd94bd8fb92148d7471d6ce27b
66,results/locked_noise_v1/object_2016/middle_noise100_rep2,ONLINE_POLICY,,1,42,0,,,,6,36,True,REQUESTED_COUNTER_KEY_NOT_SAVED,6dd4a7d670b493cf508cb04df00dbdb4ee7c3bfd94bd8fb92148d7471d6ce27b
66,results/locked_noise_v1/object_2016/middle_noise100_rep2,ONLINE_POLICY_LABEL_F,,1,42,0,,,,6,36,True,REQUESTED_COUNTER_KEY_NOT_SAVED,6dd4a7d670b493cf508cb04df00dbdb4ee7c3bfd94bd8fb92148d7471d6ce27b
66,results/locked_noise_v1/object_2016/middle_noise100_rep2,ONLINE_POLICY,,2,42,0,,,,6,36,True,REQUESTED_COUNTER_KEY_NOT_SAVED,6dd4a7d670b493cf508cb04df00dbdb4ee7c3bfd94bd8fb92148d7471d6ce27b
66,results/locked_noise_v1/object_2016/middle_noise100_rep2,ONLINE_POLICY_LABEL_F,,2,42,0,,,,6,36,True,REQUESTED_COUNTER_KEY_NOT_SAVED,6dd4a7d670b493cf508cb04df00dbdb4ee7c3bfd94bd8fb92148d7471d6ce27b
67,results/locked_noise_v1/object_2016/middle_noise300_rep0,STATE,,,,,,,,,,True,ACTUAL_COUNTER_VIEW_NOT_SAVED,6dd4a7d670b493cf508cb04df00dbdb4ee7c3bfd94bd8fb92148d7471d6ce27b
67,results/locked_noise_v1/object_2016/middle_noise300_rep0,STATE_LABEL_A,,,,6,,,,,,True,REQUESTED_COUNTER_KEY_NOT_SAVED,6dd4a7d670b493cf508cb04df00dbdb4ee7c3bfd94bd8fb92148d7471d6ce27b
67,results/locked_noise_v1/object_2016/middle_noise300_rep0,STATE_LABEL_H,,,162,0,156,,,,,True,,6dd4a7d670b493cf508cb04df00dbdb4ee7c3bfd94bd8fb92148d7471d6ce27b
67,results/locked_noise_v1/object_2016/middle_noise300_rep0,ONLINE_POLICY,,0,42,0,,,,6,36,True,REQUESTED_COUNTER_KEY_NOT_SAVED,6dd4a7d670b493cf508cb04df00dbdb4ee7c3bfd94bd8fb92148d7471d6ce27b
67,results/locked_noise_v1/object_2016/middle_noise300_rep0,ONLINE_POLICY_LABEL_F,,0,42,0,,,,6,36,True,REQUESTED_COUNTER_KEY_NOT_SAVED,6dd4a7d670b493cf508cb04df00dbdb4ee7c3bfd94bd8fb92148d7471d6ce27b
67,results/locked_noise_v1/object_2016/middle_noise300_rep0,ONLINE_POLICY,,1,42,0,,,,6,36,True,REQUESTED_COUNTER_KEY_NOT_SAVED,6dd4a7d670b493cf508cb04df00dbdb4ee7c3bfd94bd8fb92148d7471d6ce27b
67,results/locked_noise_v1/object_2016/middle_noise300_rep0,ONLINE_POLICY_LABEL_F,,1,42,0,,,,6,36,True,REQUESTED_COUNTER_KEY_NOT_SAVED,6dd4a7d670b493cf508cb04df00dbdb4ee7c3bfd94bd8fb92148d7471d6ce27b
67,results/locked_noise_v1/object_2016/middle_noise300_rep0,ONLINE_POLICY,,2,42,0,,,,6,36,True,REQUESTED_COUNTER_KEY_NOT_SAVED,6dd4a7d670b493cf508cb04df00dbdb4ee7c3bfd94bd8fb92148d7471d6ce27b
67,results/locked_noise_v1/object_2016/middle_noise300_rep0,ONLINE_POLICY_LABEL_F,,2,42,0,,,,6,36,True,REQUESTED_COUNTER_KEY_NOT_SAVED,6dd4a7d670b493cf508cb04df00dbdb4ee7c3bfd94bd8fb92148d7471d6ce27b
68,results/locked_noise_v1/object_2016/middle_noise300_rep1,STATE,,,,,,,,,,True,ACTUAL_COUNTER_VIEW_NOT_SAVED,6dd4a7d670b493cf508cb04df00dbdb4ee7c3bfd94bd8fb92148d7471d6ce27b
68,results/locked_noise_v1/object_2016/middle_noise300_rep1,STATE_LABEL_A,,,,6,,,,,,True,REQUESTED_COUNTER_KEY_NOT_SAVED,6dd4a7d670b493cf508cb04df00dbdb4ee7c3bfd94bd8fb92148d7471d6ce27b
68,results/locked_noise_v1/object_2016/middle_noise300_rep1,STATE_LABEL_H,,,162,0,156,,,,,True,,6dd4a7d670b493cf508cb04df00dbdb4ee7c3bfd94bd8fb92148d7471d6ce27b
68,results/locked_noise_v1/object_2016/middle_noise300_rep1,ONLINE_POLICY,,0,42,0,,,,6,36,True,REQUESTED_COUNTER_KEY_NOT_SAVED,6dd4a7d670b493cf508cb04df00dbdb4ee7c3bfd94bd8fb92148d7471d6ce27b
68,results/locked_noise_v1/object_2016/middle_noise300_rep1,ONLINE_POLICY_LABEL_F,,0,42,0,,,,6,36,True,REQUESTED_COUNTER_KEY_NOT_SAVED,6dd4a7d670b493cf508cb04df00dbdb4ee7c3bfd94bd8fb92148d7471d6ce27b
68,results/locked_noise_v1/object_2016/middle_noise300_rep1,ONLINE_POLICY,,1,42,0,,,,6,36,True,REQUESTED_COUNTER_KEY_NOT_SAVED,6dd4a7d670b493cf508cb04df00dbdb4ee7c3bfd94bd8fb92148d7471d6ce27b
68,results/locked_noise_v1/object_2016/middle_noise300_rep1,ONLINE_POLICY_LABEL_F,,1,42,0,,,,6,36,True,REQUESTED_COUNTER_KEY_NOT_SAVED,6dd4a7d670b493cf508cb04df00dbdb4ee7c3bfd94bd8fb92148d7471d6ce27b
68,results/locked_noise_v1/object_2016/middle_noise300_rep1,ONLINE_POLICY,,2,42,0,,,,6,36,True,REQUESTED_COUNTER_KEY_NOT_SAVED,6dd4a7d670b493cf508cb04df00dbdb4ee7c3bfd94bd8fb92148d7471d6ce27b
68,results/locked_noise_v1/object_2016/middle_noise300_rep1,ONLINE_POLICY_LABEL_F,,2,42,0,,,,6,36,True,REQUESTED_COUNTER_KEY_NOT_SAVED,6dd4a7d670b493cf508cb04df00dbdb4ee7c3bfd94bd8fb92148d7471d6ce27b
69,results/locked_noise_v1/object_2016/middle_noise300_rep2,STATE,,,,,,,,,,True,ACTUAL_COUNTER_VIEW_NOT_SAVED,6dd4a7d670b493cf508cb04df00dbdb4ee7c3bfd94bd8fb92148d7471d6ce27b
69,results/locked_noise_v1/object_2016/middle_noise300_rep2,STATE_LABEL_A,,,,6,,,,,,True,REQUESTED_COUNTER_KEY_NOT_SAVED,6dd4a7d670b493cf508cb04df00dbdb4ee7c3bfd94bd8fb92148d7471d6ce27b
69,results/locked_noise_v1/object_2016/middle_noise300_rep2,STATE_LABEL_H,,,162,0,156,,,,,True,,6dd4a7d670b493cf508cb04df00dbdb4ee7c3bfd94bd8fb92148d7471d6ce27b
69,results/locked_noise_v1/object_2016/middle_noise300_rep2,ONLINE_POLICY,,0,30,0,,,,6,24,True,REQUESTED_COUNTER_KEY_NOT_SAVED,6dd4a7d670b493cf508cb04df00dbdb4ee7c3bfd94bd8fb92148d7471d6ce27b
69,results/locked_noise_v1/object_2016/middle_noise300_rep2,ONLINE_POLICY_LABEL_F,,0,30,0,,,,6,24,True,REQUESTED_COUNTER_KEY_NOT_SAVED,6dd4a7d670b493cf508cb04df00dbdb4ee7c3bfd94bd8fb92148d7471d6ce27b
69,results/locked_noise_v1/object_2016/middle_noise300_rep2,ONLINE_POLICY,,1,42,0,,,,6,36,True,REQUESTED_COUNTER_KEY_NOT_SAVED,6dd4a7d670b493cf508cb04df00dbdb4ee7c3bfd94bd8fb92148d7471d6ce27b
69,results/locked_noise_v1/object_2016/middle_noise300_rep2,ONLINE_POLICY_LABEL_F,,1,42,0,,,,6,36,True,REQUESTED_COUNTER_KEY_NOT_SAVED,6dd4a7d670b493cf508cb04df00dbdb4ee7c3bfd94bd8fb92148d7471d6ce27b
69,results/locked_noise_v1/object_2016/middle_noise300_rep2,ONLINE_POLICY,,2,42,0,,,,6,36,True,REQUESTED_COUNTER_KEY_NOT_SAVED,6dd4a7d670b493cf508cb04df00dbdb4ee7c3bfd94bd8fb92148d7471d6ce27b
69,results/locked_noise_v1/object_2016/middle_noise300_rep2,ONLINE_POLICY_LABEL_F,,2,42,0,,,,6,36,True,REQUESTED_COUNTER_KEY_NOT_SAVED,6dd4a7d670b493cf508cb04df00dbdb4ee7c3bfd94bd8fb92148d7471d6ce27b
70,results/nonlinear_transfer_v1/object_2002/receiver_only,STATE,,,,354,108,,,,,True,REQUESTED_COUNTER_KEY_NOT_SAVED,6dd4a7d670b493cf508cb04df00dbdb4ee7c3bfd94bd8fb92148d7471d6ce27b
70,results/nonlinear_transfer_v1/object_2002/receiver_only,NONLINEAR_ITERATION,0,,,,,,,,,True,ACTUAL_COUNTER_VIEW_NOT_SAVED,6dd4a7d670b493cf508cb04df00dbdb4ee7c3bfd94bd8fb92148d7471d6ce27b
70,results/nonlinear_transfer_v1/object_2002/receiver_only,NONLINEAR_ITERATION_LABEL_A,0,,,6,,,,,,True,REQUESTED_COUNTER_KEY_NOT_SAVED,6dd4a7d670b493cf508cb04df00dbdb4ee7c3bfd94bd8fb92148d7471d6ce27b
70,results/nonlinear_transfer_v1/object_2002/receiver_only,NONLINEAR_ITERATION_LABEL_B,0,,,0,0,,,,,True,REQUESTED_COUNTER_KEY_NOT_SAVED,6dd4a7d670b493cf508cb04df00dbdb4ee7c3bfd94bd8fb92148d7471d6ce27b
70,results/nonlinear_transfer_v1/object_2002/receiver_only,NONLINEAR_ITERATION_LABEL_I,0,,,6,0,,,,,True,REQUESTED_COUNTER_KEY_NOT_SAVED,6dd4a7d670b493cf508cb04df00dbdb4ee7c3bfd94bd8fb92148d7471d6ce27b
70,results/nonlinear_transfer_v1/object_2002/receiver_only,NONLINEAR_ITERATION,1,,,,,,,,,True,ACTUAL_COUNTER_VIEW_NOT_SAVED,6dd4a7d670b493cf508cb04df00dbdb4ee7c3bfd94bd8fb92148d7471d6ce27b
70,results/nonlinear_transfer_v1/object_2002/receiver_only,NONLINEAR_ITERATION_LABEL_A,1,,,0,0,,,,,True,REQUESTED_COUNTER_KEY_NOT_SAVED,6dd4a7d670b493cf508cb04df00dbdb4ee7c3bfd94bd8fb92148d7471d6ce27b
70,results/nonlinear_transfer_v1/object_2002/receiver_only,NONLINEAR_ITERATION_LABEL_B,1,,,0,0,,,,,True,REQUESTED_COUNTER_KEY_NOT_SAVED,6dd4a7d670b493cf508cb04df00dbdb4ee7c3bfd94bd8fb92148d7471d6ce27b
70,results/nonlinear_transfer_v1/object_2002/receiver_only,NONLINEAR_ITERATION_LABEL_I,1,,,6,0,,,,,True,REQUESTED_COUNTER_KEY_NOT_SAVED,6dd4a7d670b493cf508cb04df00dbdb4ee7c3bfd94bd8fb92148d7471d6ce27b
70,results/nonlinear_transfer_v1/object_2002/receiver_only,NONLINEAR_ITERATION,2,,,,,,,,,True,ACTUAL_COUNTER_VIEW_NOT_SAVED,6dd4a7d670b493cf508cb04df00dbdb4ee7c3bfd94bd8fb92148d7471d6ce27b
70,results/nonlinear_transfer_v1/object_2002/receiver_only,NONLINEAR_ITERATION_LABEL_A,2,,,0,0,,,,,True,REQUESTED_COUNTER_KEY_NOT_SAVED,6dd4a7d670b493cf508cb04df00dbdb4ee7c3bfd94bd8fb92148d7471d6ce27b
70,results/nonlinear_transfer_v1/object_2002/receiver_only,NONLINEAR_ITERATION_LABEL_B,2,,,0,0,,,,,True,REQUESTED_COUNTER_KEY_NOT_SAVED,6dd4a7d670b493cf508cb04df00dbdb4ee7c3bfd94bd8fb92148d7471d6ce27b
70,results/nonlinear_transfer_v1/object_2002/receiver_only,NONLINEAR_ITERATION_LABEL_I,2,,,6,0,,,,,True,REQUESTED_COUNTER_KEY_NOT_SAVED,6dd4a7d670b493cf508cb04df00dbdb4ee7c3bfd94bd8fb92148d7471d6ce27b
70,results/nonlinear_transfer_v1/object_2002/receiver_only,NONLINEAR_ITERATION,3,,,,,,,,,True,ACTUAL_COUNTER_VIEW_NOT_SAVED,6dd4a7d670b493cf508cb04df00dbdb4ee7c3bfd94bd8fb92148d7471d6ce27b
70,results/nonlinear_transfer_v1/object_2002/receiver_only,NONLINEAR_ITERATION_LABEL_A,3,,,0,0,,,,,True,REQUESTED_COUNTER_KEY_NOT_SAVED,6dd4a7d670b493cf508cb04df00dbdb4ee7c3bfd94bd8fb92148d7471d6ce27b
70,results/nonlinear_transfer_v1/object_2002/receiver_only,NONLINEAR_ITERATION_LABEL_B,3,,,0,0,,,,,True,REQUESTED_COUNTER_KEY_NOT_SAVED,6dd4a7d670b493cf508cb04df00dbdb4ee7c3bfd94bd8fb92148d7471d6ce27b
70,results/nonlinear_transfer_v1/object_2002/receiver_only,NONLINEAR_ITERATION_LABEL_I,3,,,6,0,,,,,True,REQUESTED_COUNTER_KEY_NOT_SAVED,6dd4a7d670b493cf508cb04df00dbdb4ee7c3bfd94bd8fb92148d7471d6ce27b
70,results/nonlinear_transfer_v1/object_2002/receiver_only,NONLINEAR_ITERATION,4,,,,,,,,,True,ACTUAL_COUNTER_VIEW_NOT_SAVED,6dd4a7d670b493cf508cb04df00dbdb4ee7c3bfd94bd8fb92148d7471d6ce27b
70,results/nonlinear_transfer_v1/object_2002/receiver_only,NONLINEAR_ITERATION_LABEL_A,4,,,0,0,,,,,True,REQUESTED_COUNTER_KEY_NOT_SAVED,6dd4a7d670b493cf508cb04df00dbdb4ee7c3bfd94bd8fb92148d7471d6ce27b
70,results/nonlinear_transfer_v1/object_2002/receiver_only,NONLINEAR_ITERATION_LABEL_B,4,,,0,0,,,,,True,REQUESTED_COUNTER_KEY_NOT_SAVED,6dd4a7d670b493cf508cb04df00dbdb4ee7c3bfd94bd8fb92148d7471d6ce27b
70,results/nonlinear_transfer_v1/object_2002/receiver_only,NONLINEAR_ITERATION_LABEL_I,4,,,6,0,,,,,True,REQUESTED_COUNTER_KEY_NOT_SAVED,6dd4a7d670b493cf508cb04df00dbdb4ee7c3bfd94bd8fb92148d7471d6ce27b
70,results/nonlinear_transfer_v1/object_2002/receiver_only,NONLINEAR_ITERATION,5,,,,,,,,,True,ACTUAL_COUNTER_VIEW_NOT_SAVED,6dd4a7d670b493cf508cb04df00dbdb4ee7c3bfd94bd8fb92148d7471d6ce27b
70,results/nonlinear_transfer_v1/object_2002/receiver_only,NONLINEAR_ITERATION_LABEL_A,5,,,0,0,,,,,True,REQUESTED_COUNTER_KEY_NOT_SAVED,6dd4a7d670b493cf508cb04df00dbdb4ee7c3bfd94bd8fb92148d7471d6ce27b
70,results/nonlinear_transfer_v1/object_2002/receiver_only,NONLINEAR_ITERATION_LABEL_B,5,,,0,0,,,,,True,REQUESTED_COUNTER_KEY_NOT_SAVED,6dd4a7d670b493cf508cb04df00dbdb4ee7c3bfd94bd8fb92148d7471d6ce27b
70,results/nonlinear_transfer_v1/object_2002/receiver_only,NONLINEAR_ITERATION_LABEL_I,5,,,6,0,,,,,True,REQUESTED_COUNTER_KEY_NOT_SAVED,6dd4a7d670b493cf508cb04df00dbdb4ee7c3bfd94bd8fb92148d7471d6ce27b
70,results/nonlinear_transfer_v1/object_2002/receiver_only,NONLINEAR_ITERATION,6,,,,,,,,,True,ACTUAL_COUNTER_VIEW_NOT_SAVED,6dd4a7d670b493cf508cb04df00dbdb4ee7c3bfd94bd8fb92148d7471d6ce27b
70,results/nonlinear_transfer_v1/object_2002/receiver_only,NONLINEAR_ITERATION_LABEL_A,6,,,0,0,,,,,True,REQUESTED_COUNTER_KEY_NOT_SAVED,6dd4a7d670b493cf508cb04df00dbdb4ee7c3bfd94bd8fb92148d7471d6ce27b
70,results/nonlinear_transfer_v1/object_2002/receiver_only,NONLINEAR_ITERATION_LABEL_B,6,,,0,0,,,,,True,REQUESTED_COUNTER_KEY_NOT_SAVED,6dd4a7d670b493cf508cb04df00dbdb4ee7c3bfd94bd8fb92148d7471d6ce27b
70,results/nonlinear_transfer_v1/object_2002/receiver_only,NONLINEAR_ITERATION_LABEL_I,6,,,6,0,,,,,True,REQUESTED_COUNTER_KEY_NOT_SAVED,6dd4a7d670b493cf508cb04df00dbdb4ee7c3bfd94bd8fb92148d7471d6ce27b
70,results/nonlinear_transfer_v1/object_2002/receiver_only,NONLINEAR_ITERATION,7,,,,,,,,,True,ACTUAL_COUNTER_VIEW_NOT_SAVED,6dd4a7d670b493cf508cb04df00dbdb4ee7c3bfd94bd8fb92148d7471d6ce27b
70,results/nonlinear_transfer_v1/object_2002/receiver_only,NONLINEAR_ITERATION_LABEL_A,7,,,0,0,,,,,True,REQUESTED_COUNTER_KEY_NOT_SAVED,6dd4a7d670b493cf508cb04df00dbdb4ee7c3bfd94bd8fb92148d7471d6ce27b
70,results/nonlinear_transfer_v1/object_2002/receiver_only,NONLINEAR_ITERATION_LABEL_B,7,,,0,0,,,,,True,REQUESTED_COUNTER_KEY_NOT_SAVED,6dd4a7d670b493cf508cb04df00dbdb4ee7c3bfd94bd8fb92148d7471d6ce27b
70,results/nonlinear_transfer_v1/object_2002/receiver_only,NONLINEAR_ITERATION_LABEL_I,7,,,6,0,,,,,True,REQUESTED_COUNTER_KEY_NOT_SAVED,6dd4a7d670b493cf508cb04df00dbdb4ee7c3bfd94bd8fb92148d7471d6ce27b
70,results/nonlinear_transfer_v1/object_2002/receiver_only,NONLINEAR_ITERATION,8,,,,,,,,,True,ACTUAL_COUNTER_VIEW_NOT_SAVED,6dd4a7d670b493cf508cb04df00dbdb4ee7c3bfd94bd8fb92148d7471d6ce27b
70,results/nonlinear_transfer_v1/object_2002/receiver_only,NONLINEAR_ITERATION_LABEL_A,8,,,0,0,,,,,True,REQUESTED_COUNTER_KEY_NOT_SAVED,6dd4a7d670b493cf508cb04df00dbdb4ee7c3bfd94bd8fb92148d7471d6ce27b
70,results/nonlinear_transfer_v1/object_2002/receiver_only,NONLINEAR_ITERATION_LABEL_B,8,,,0,0,,,,,True,REQUESTED_COUNTER_KEY_NOT_SAVED,6dd4a7d670b493cf508cb04df00dbdb4ee7c3bfd94bd8fb92148d7471d6ce27b
70,results/nonlinear_transfer_v1/object_2002/receiver_only,NONLINEAR_ITERATION_LABEL_I,8,,,6,0,,,,,True,REQUESTED_COUNTER_KEY_NOT_SAVED,6dd4a7d670b493cf508cb04df00dbdb4ee7c3bfd94bd8fb92148d7471d6ce27b
70,results/nonlinear_transfer_v1/object_2002/receiver_only,NONLINEAR_ITERATION,9,,,,,,,,,True,ACTUAL_COUNTER_VIEW_NOT_SAVED,6dd4a7d670b493cf508cb04df00dbdb4ee7c3bfd94bd8fb92148d7471d6ce27b
70,results/nonlinear_transfer_v1/object_2002/receiver_only,NONLINEAR_ITERATION_LABEL_A,9,,,0,0,,,,,True,REQUESTED_COUNTER_KEY_NOT_SAVED,6dd4a7d670b493cf508cb04df00dbdb4ee7c3bfd94bd8fb92148d7471d6ce27b
70,results/nonlinear_transfer_v1/object_2002/receiver_only,NONLINEAR_ITERATION_LABEL_B,9,,,0,0,,,,,True,REQUESTED_COUNTER_KEY_NOT_SAVED,6dd4a7d670b493cf508cb04df00dbdb4ee7c3bfd94bd8fb92148d7471d6ce27b
70,results/nonlinear_transfer_v1/object_2002/receiver_only,NONLINEAR_ITERATION_LABEL_I,9,,,6,0,,,,,True,REQUESTED_COUNTER_KEY_NOT_SAVED,6dd4a7d670b493cf508cb04df00dbdb4ee7c3bfd94bd8fb92148d7471d6ce27b
70,results/nonlinear_transfer_v1/object_2002/receiver_only,NONLINEAR_ITERATION,10,,,,,,,,,True,ACTUAL_COUNTER_VIEW_NOT_SAVED,6dd4a7d670b493cf508cb04df00dbdb4ee7c3bfd94bd8fb92148d7471d6ce27b
70,results/nonlinear_transfer_v1/object_2002/receiver_only,NONLINEAR_ITERATION_LABEL_A,10,,,0,0,,,,,True,REQUESTED_COUNTER_KEY_NOT_SAVED,6dd4a7d670b493cf508cb04df00dbdb4ee7c3bfd94bd8fb92148d7471d6ce27b
70,results/nonlinear_transfer_v1/object_2002/receiver_only,NONLINEAR_ITERATION_LABEL_B,10,,,0,0,,,,,True,REQUESTED_COUNTER_KEY_NOT_SAVED,6dd4a7d670b493cf508cb04df00dbdb4ee7c3bfd94bd8fb92148d7471d6ce27b
70,results/nonlinear_transfer_v1/object_2002/receiver_only,NONLINEAR_ITERATION_LABEL_I,10,,,6,0,,,,,True,REQUESTED_COUNTER_KEY_NOT_SAVED,6dd4a7d670b493cf508cb04df00dbdb4ee7c3bfd94bd8fb92148d7471d6ce27b
70,results/nonlinear_transfer_v1/object_2002/receiver_only,NONLINEAR_ITERATION,11,,,,,,,,,True,ACTUAL_COUNTER_VIEW_NOT_SAVED,6dd4a7d670b493cf508cb04df00dbdb4ee7c3bfd94bd8fb92148d7471d6ce27b
70,results/nonlinear_transfer_v1/object_2002/receiver_only,NONLINEAR_ITERATION_LABEL_A,11,,,0,0,,,,,True,REQUESTED_COUNTER_KEY_NOT_SAVED,6dd4a7d670b493cf508cb04df00dbdb4ee7c3bfd94bd8fb92148d7471d6ce27b
70,results/nonlinear_transfer_v1/object_2002/receiver_only,NONLINEAR_ITERATION_LABEL_B,11,,,0,0,,,,,True,REQUESTED_COUNTER_KEY_NOT_SAVED,6dd4a7d670b493cf508cb04df00dbdb4ee7c3bfd94bd8fb92148d7471d6ce27b
70,results/nonlinear_transfer_v1/object_2002/receiver_only,NONLINEAR_ITERATION_LABEL_I,11,,,6,0,,,,,True,REQUESTED_COUNTER_KEY_NOT_SAVED,6dd4a7d670b493cf508cb04df00dbdb4ee7c3bfd94bd8fb92148d7471d6ce27b
70,results/nonlinear_transfer_v1/object_2002/receiver_only,NONLINEAR_ITERATION,12,,,,,,,,,True,ACTUAL_COUNTER_VIEW_NOT_SAVED,6dd4a7d670b493cf508cb04df00dbdb4ee7c3bfd94bd8fb92148d7471d6ce27b
70,results/nonlinear_transfer_v1/object_2002/receiver_only,NONLINEAR_ITERATION_LABEL_A,12,,,0,0,,,,,True,REQUESTED_COUNTER_KEY_NOT_SAVED,6dd4a7d670b493cf508cb04df00dbdb4ee7c3bfd94bd8fb92148d7471d6ce27b
70,results/nonlinear_transfer_v1/object_2002/receiver_only,NONLINEAR_ITERATION_LABEL_B,12,,,0,0,,,,,True,REQUESTED_COUNTER_KEY_NOT_SAVED,6dd4a7d670b493cf508cb04df00dbdb4ee7c3bfd94bd8fb92148d7471d6ce27b
70,results/nonlinear_transfer_v1/object_2002/receiver_only,NONLINEAR_ITERATION_LABEL_I,12,,,42,0,,,,,True,REQUESTED_COUNTER_KEY_NOT_SAVED,6dd4a7d670b493cf508cb04df00dbdb4ee7c3bfd94bd8fb92148d7471d6ce27b
70,results/nonlinear_transfer_v1/object_2002/receiver_only,NONLINEAR_ITERATION,13,,,,,,,,,True,ACTUAL_COUNTER_VIEW_NOT_SAVED,6dd4a7d670b493cf508cb04df00dbdb4ee7c3bfd94bd8fb92148d7471d6ce27b
70,results/nonlinear_transfer_v1/object_2002/receiver_only,NONLINEAR_ITERATION_LABEL_A,13,,,0,0,,,,,True,REQUESTED_COUNTER_KEY_NOT_SAVED,6dd4a7d670b493cf508cb04df00dbdb4ee7c3bfd94bd8fb92148d7471d6ce27b
70,results/nonlinear_transfer_v1/object_2002/receiver_only,NONLINEAR_ITERATION_LABEL_B,13,,,0,0,,,,,True,REQUESTED_COUNTER_KEY_NOT_SAVED,6dd4a7d670b493cf508cb04df00dbdb4ee7c3bfd94bd8fb92148d7471d6ce27b
70,results/nonlinear_transfer_v1/object_2002/receiver_only,NONLINEAR_ITERATION_LABEL_I,13,,,18,0,,,,,True,REQUESTED_COUNTER_KEY_NOT_SAVED,6dd4a7d670b493cf508cb04df00dbdb4ee7c3bfd94bd8fb92148d7471d6ce27b
70,results/nonlinear_transfer_v1/object_2002/receiver_only,NONLINEAR_ITERATION,14,,,,,,,,,True,ACTUAL_COUNTER_VIEW_NOT_SAVED,6dd4a7d670b493cf508cb04df00dbdb4ee7c3bfd94bd8fb92148d7471d6ce27b
70,results/nonlinear_transfer_v1/object_2002/receiver_only,NONLINEAR_ITERATION_LABEL_A,14,,,0,0,,,,,True,REQUESTED_COUNTER_KEY_NOT_SAVED,6dd4a7d670b493cf508cb04df00dbdb4ee7c3bfd94bd8fb92148d7471d6ce27b
70,results/nonlinear_transfer_v1/object_2002/receiver_only,NONLINEAR_ITERATION_LABEL_B,14,,,0,0,,,,,True,REQUESTED_COUNTER_KEY_NOT_SAVED,6dd4a7d670b493cf508cb04df00dbdb4ee7c3bfd94bd8fb92148d7471d6ce27b
70,results/nonlinear_transfer_v1/object_2002/receiver_only,NONLINEAR_ITERATION_LABEL_I,14,,,36,0,,,,,True,REQUESTED_COUNTER_KEY_NOT_SAVED,6dd4a7d670b493cf508cb04df00dbdb4ee7c3bfd94bd8fb92148d7471d6ce27b
70,results/nonlinear_transfer_v1/object_2002/receiver_only,NONLINEAR_ITERATION,15,,,,,,,,,True,ACTUAL_COUNTER_VIEW_NOT_SAVED,6dd4a7d670b493cf508cb04df00dbdb4ee7c3bfd94bd8fb92148d7471d6ce27b
70,results/nonlinear_transfer_v1/object_2002/receiver_only,NONLINEAR_ITERATION_LABEL_A,15,,,0,0,,,,,True,REQUESTED_COUNTER_KEY_NOT_SAVED,6dd4a7d670b493cf508cb04df00dbdb4ee7c3bfd94bd8fb92148d7471d6ce27b
70,results/nonlinear_transfer_v1/object_2002/receiver_only,NONLINEAR_ITERATION_LABEL_B,15,,,0,0,,,,,True,REQUESTED_COUNTER_KEY_NOT_SAVED,6dd4a7d670b493cf508cb04df00dbdb4ee7c3bfd94bd8fb92148d7471d6ce27b
70,results/nonlinear_transfer_v1/object_2002/receiver_only,NONLINEAR_ITERATION_LABEL_I,15,,,60,0,,,,,True,REQUESTED_COUNTER_KEY_NOT_SAVED,6dd4a7d670b493cf508cb04df00dbdb4ee7c3bfd94bd8fb92148d7471d6ce27b
70,results/nonlinear_transfer_v1/object_2002/receiver_only,NONLINEAR_ITERATION,16,,,,,,,,,True,ACTUAL_COUNTER_VIEW_NOT_SAVED,6dd4a7d670b493cf508cb04df00dbdb4ee7c3bfd94bd8fb92148d7471d6ce27b
70,results/nonlinear_transfer_v1/object_2002/receiver_only,NONLINEAR_ITERATION_LABEL_A,16,,,0,0,,,,,True,REQUESTED_COUNTER_KEY_NOT_SAVED,6dd4a7d670b493cf508cb04df00dbdb4ee7c3bfd94bd8fb92148d7471d6ce27b
70,results/nonlinear_transfer_v1/object_2002/receiver_only,NONLINEAR_ITERATION_LABEL_B,16,,,0,0,,,,,True,REQUESTED_COUNTER_KEY_NOT_SAVED,6dd4a7d670b493cf508cb04df00dbdb4ee7c3bfd94bd8fb92148d7471d6ce27b
70,results/nonlinear_transfer_v1/object_2002/receiver_only,NONLINEAR_ITERATION_LABEL_I,16,,,60,0,,,,,True,REQUESTED_COUNTER_KEY_NOT_SAVED,6dd4a7d670b493cf508cb04df00dbdb4ee7c3bfd94bd8fb92148d7471d6ce27b
70,results/nonlinear_transfer_v1/object_2002/receiver_only,NONLINEAR_ITERATION,17,,,,,,,,,True,ACTUAL_COUNTER_VIEW_NOT_SAVED,6dd4a7d670b493cf508cb04df00dbdb4ee7c3bfd94bd8fb92148d7471d6ce27b
70,results/nonlinear_transfer_v1/object_2002/receiver_only,NONLINEAR_ITERATION_LABEL_A,17,,,0,0,,,,,True,REQUESTED_COUNTER_KEY_NOT_SAVED,6dd4a7d670b493cf508cb04df00dbdb4ee7c3bfd94bd8fb92148d7471d6ce27b
70,results/nonlinear_transfer_v1/object_2002/receiver_only,NONLINEAR_ITERATION_LABEL_B,17,,,0,0,,,,,True,REQUESTED_COUNTER_KEY_NOT_SAVED,6dd4a7d670b493cf508cb04df00dbdb4ee7c3bfd94bd8fb92148d7471d6ce27b
70,results/nonlinear_transfer_v1/object_2002/receiver_only,NONLINEAR_ITERATION_LABEL_I,17,,,60,0,,,,,True,REQUESTED_COUNTER_KEY_NOT_SAVED,6dd4a7d670b493cf508cb04df00dbdb4ee7c3bfd94bd8fb92148d7471d6ce27b
71,results/nonlinear_transfer_v1/object_2002/verified_exchange,STATE,,,708,390,108,,,,,True,,6dd4a7d670b493cf508cb04df00dbdb4ee7c3bfd94bd8fb92148d7471d6ce27b
71,results/nonlinear_transfer_v1/object_2002/verified_exchange,NONLINEAR_ITERATION,0,,,,,,,,,True,ACTUAL_COUNTER_VIEW_NOT_SAVED,6dd4a7d670b493cf508cb04df00dbdb4ee7c3bfd94bd8fb92148d7471d6ce27b
71,results/nonlinear_transfer_v1/object_2002/verified_exchange,NONLINEAR_ITERATION_LABEL_A,0,,,6,,,,,,True,REQUESTED_COUNTER_KEY_NOT_SAVED,6dd4a7d670b493cf508cb04df00dbdb4ee7c3bfd94bd8fb92148d7471d6ce27b
71,results/nonlinear_transfer_v1/object_2002/verified_exchange,NONLINEAR_ITERATION_LABEL_F,0,,30,0,0,,,,,True,,6dd4a7d670b493cf508cb04df00dbdb4ee7c3bfd94bd8fb92148d7471d6ce27b
71,results/nonlinear_transfer_v1/object_2002/verified_exchange,NONLINEAR_ITERATION_LABEL_I,0,,0,6,0,,,,,True,,6dd4a7d670b493cf508cb04df00dbdb4ee7c3bfd94bd8fb92148d7471d6ce27b
71,results/nonlinear_transfer_v1/object_2002/verified_exchange,ITERATION_ONLINE_POLICY,0,,30,0,0,,,6,24,True,,6dd4a7d670b493cf508cb04df00dbdb4ee7c3bfd94bd8fb92148d7471d6ce27b
71,results/nonlinear_transfer_v1/object_2002/verified_exchange,ITERATION_ONLINE_POLICY_LABEL_F,0,,30,0,0,,,6,24,True,,6dd4a7d670b493cf508cb04df00dbdb4ee7c3bfd94bd8fb92148d7471d6ce27b
71,results/nonlinear_transfer_v1/object_2002/verified_exchange,NONLINEAR_ITERATION,1,,,,,,,,,True,ACTUAL_COUNTER_VIEW_NOT_SAVED,6dd4a7d670b493cf508cb04df00dbdb4ee7c3bfd94bd8fb92148d7471d6ce27b
71,results/nonlinear_transfer_v1/object_2002/verified_exchange,NONLINEAR_ITERATION_LABEL_A,1,,0,0,0,,,,,True,,6dd4a7d670b493cf508cb04df00dbdb4ee7c3bfd94bd8fb92148d7471d6ce27b
71,results/nonlinear_transfer_v1/object_2002/verified_exchange,NONLINEAR_ITERATION_LABEL_F,1,,30,0,0,,,,,True,,6dd4a7d670b493cf508cb04df00dbdb4ee7c3bfd94bd8fb92148d7471d6ce27b
71,results/nonlinear_transfer_v1/object_2002/verified_exchange,NONLINEAR_ITERATION_LABEL_I,1,,0,6,0,,,,,True,,6dd4a7d670b493cf508cb04df00dbdb4ee7c3bfd94bd8fb92148d7471d6ce27b
71,results/nonlinear_transfer_v1/object_2002/verified_exchange,ITERATION_ONLINE_POLICY,1,,30,0,0,,,6,24,True,,6dd4a7d670b493cf508cb04df00dbdb4ee7c3bfd94bd8fb92148d7471d6ce27b
71,results/nonlinear_transfer_v1/object_2002/verified_exchange,ITERATION_ONLINE_POLICY_LABEL_F,1,,30,0,0,,,6,24,True,,6dd4a7d670b493cf508cb04df00dbdb4ee7c3bfd94bd8fb92148d7471d6ce27b
71,results/nonlinear_transfer_v1/object_2002/verified_exchange,NONLINEAR_ITERATION,2,,,,,,,,,True,ACTUAL_COUNTER_VIEW_NOT_SAVED,6dd4a7d670b493cf508cb04df00dbdb4ee7c3bfd94bd8fb92148d7471d6ce27b
71,results/nonlinear_transfer_v1/object_2002/verified_exchange,NONLINEAR_ITERATION_LABEL_A,2,,0,0,0,,,,,True,,6dd4a7d670b493cf508cb04df00dbdb4ee7c3bfd94bd8fb92148d7471d6ce27b
71,results/nonlinear_transfer_v1/object_2002/verified_exchange,NONLINEAR_ITERATION_LABEL_F,2,,42,0,0,,,,,True,,6dd4a7d670b493cf508cb04df00dbdb4ee7c3bfd94bd8fb92148d7471d6ce27b
71,results/nonlinear_transfer_v1/object_2002/verified_exchange,NONLINEAR_ITERATION_LABEL_I,2,,0,6,0,,,,,True,,6dd4a7d670b493cf508cb04df00dbdb4ee7c3bfd94bd8fb92148d7471d6ce27b
71,results/nonlinear_transfer_v1/object_2002/verified_exchange,ITERATION_ONLINE_POLICY,2,,42,0,0,,,6,36,True,,6dd4a7d670b493cf508cb04df00dbdb4ee7c3bfd94bd8fb92148d7471d6ce27b
71,results/nonlinear_transfer_v1/object_2002/verified_exchange,ITERATION_ONLINE_POLICY_LABEL_F,2,,42,0,0,,,6,36,True,,6dd4a7d670b493cf508cb04df00dbdb4ee7c3bfd94bd8fb92148d7471d6ce27b
71,results/nonlinear_transfer_v1/object_2002/verified_exchange,NONLINEAR_ITERATION,3,,,,,,,,,True,ACTUAL_COUNTER_VIEW_NOT_SAVED,6dd4a7d670b493cf508cb04df00dbdb4ee7c3bfd94bd8fb92148d7471d6ce27b
71,results/nonlinear_transfer_v1/object_2002/verified_exchange,NONLINEAR_ITERATION_LABEL_A,3,,0,0,0,,,,,True,,6dd4a7d670b493cf508cb04df00dbdb4ee7c3bfd94bd8fb92148d7471d6ce27b
71,results/nonlinear_transfer_v1/object_2002/verified_exchange,NONLINEAR_ITERATION_LABEL_F,3,,42,0,0,,,,,True,,6dd4a7d670b493cf508cb04df00dbdb4ee7c3bfd94bd8fb92148d7471d6ce27b
71,results/nonlinear_transfer_v1/object_2002/verified_exchange,NONLINEAR_ITERATION_LABEL_I,3,,0,6,0,,,,,True,,6dd4a7d670b493cf508cb04df00dbdb4ee7c3bfd94bd8fb92148d7471d6ce27b
71,results/nonlinear_transfer_v1/object_2002/verified_exchange,ITERATION_ONLINE_POLICY,3,,42,0,0,,,6,36,True,,6dd4a7d670b493cf508cb04df00dbdb4ee7c3bfd94bd8fb92148d7471d6ce27b
71,results/nonlinear_transfer_v1/object_2002/verified_exchange,ITERATION_ONLINE_POLICY_LABEL_F,3,,42,0,0,,,6,36,True,,6dd4a7d670b493cf508cb04df00dbdb4ee7c3bfd94bd8fb92148d7471d6ce27b
71,results/nonlinear_transfer_v1/object_2002/verified_exchange,NONLINEAR_ITERATION,4,,,,,,,,,True,ACTUAL_COUNTER_VIEW_NOT_SAVED,6dd4a7d670b493cf508cb04df00dbdb4ee7c3bfd94bd8fb92148d7471d6ce27b
71,results/nonlinear_transfer_v1/object_2002/verified_exchange,NONLINEAR_ITERATION_LABEL_A,4,,0,0,0,,,,,True,,6dd4a7d670b493cf508cb04df00dbdb4ee7c3bfd94bd8fb92148d7471d6ce27b
71,results/nonlinear_transfer_v1/object_2002/verified_exchange,NONLINEAR_ITERATION_LABEL_F,4,,42,0,0,,,,,True,,6dd4a7d670b493cf508cb04df00dbdb4ee7c3bfd94bd8fb92148d7471d6ce27b
71,results/nonlinear_transfer_v1/object_2002/verified_exchange,NONLINEAR_ITERATION_LABEL_I,4,,0,6,0,,,,,True,,6dd4a7d670b493cf508cb04df00dbdb4ee7c3bfd94bd8fb92148d7471d6ce27b
71,results/nonlinear_transfer_v1/object_2002/verified_exchange,ITERATION_ONLINE_POLICY,4,,42,0,0,,,6,36,True,,6dd4a7d670b493cf508cb04df00dbdb4ee7c3bfd94bd8fb92148d7471d6ce27b
71,results/nonlinear_transfer_v1/object_2002/verified_exchange,ITERATION_ONLINE_POLICY_LABEL_F,4,,42,0,0,,,6,36,True,,6dd4a7d670b493cf508cb04df00dbdb4ee7c3bfd94bd8fb92148d7471d6ce27b
71,results/nonlinear_transfer_v1/object_2002/verified_exchange,NONLINEAR_ITERATION,5,,,,,,,,,True,ACTUAL_COUNTER_VIEW_NOT_SAVED,6dd4a7d670b493cf508cb04df00dbdb4ee7c3bfd94bd8fb92148d7471d6ce27b
71,results/nonlinear_transfer_v1/object_2002/verified_exchange,NONLINEAR_ITERATION_LABEL_A,5,,0,0,0,,,,,True,,6dd4a7d670b493cf508cb04df00dbdb4ee7c3bfd94bd8fb92148d7471d6ce27b
71,results/nonlinear_transfer_v1/object_2002/verified_exchange,NONLINEAR_ITERATION_LABEL_F,5,,42,0,0,,,,,True,,6dd4a7d670b493cf508cb04df00dbdb4ee7c3bfd94bd8fb92148d7471d6ce27b
71,results/nonlinear_transfer_v1/object_2002/verified_exchange,NONLINEAR_ITERATION_LABEL_I,5,,0,6,0,,,,,True,,6dd4a7d670b493cf508cb04df00dbdb4ee7c3bfd94bd8fb92148d7471d6ce27b
71,results/nonlinear_transfer_v1/object_2002/verified_exchange,ITERATION_ONLINE_POLICY,5,,42,0,0,,,6,36,True,,6dd4a7d670b493cf508cb04df00dbdb4ee7c3bfd94bd8fb92148d7471d6ce27b
71,results/nonlinear_transfer_v1/object_2002/verified_exchange,ITERATION_ONLINE_POLICY_LABEL_F,5,,42,0,0,,,6,36,True,,6dd4a7d670b493cf508cb04df00dbdb4ee7c3bfd94bd8fb92148d7471d6ce27b
71,results/nonlinear_transfer_v1/object_2002/verified_exchange,NONLINEAR_ITERATION,6,,,,,,,,,True,ACTUAL_COUNTER_VIEW_NOT_SAVED,6dd4a7d670b493cf508cb04df00dbdb4ee7c3bfd94bd8fb92148d7471d6ce27b
71,results/nonlinear_transfer_v1/object_2002/verified_exchange,NONLINEAR_ITERATION_LABEL_A,6,,0,0,0,,,,,True,,6dd4a7d670b493cf508cb04df00dbdb4ee7c3bfd94bd8fb92148d7471d6ce27b
71,results/nonlinear_transfer_v1/object_2002/verified_exchange,NONLINEAR_ITERATION_LABEL_F,6,,42,0,0,,,,,True,,6dd4a7d670b493cf508cb04df00dbdb4ee7c3bfd94bd8fb92148d7471d6ce27b
71,results/nonlinear_transfer_v1/object_2002/verified_exchange,NONLINEAR_ITERATION_LABEL_I,6,,0,6,0,,,,,True,,6dd4a7d670b493cf508cb04df00dbdb4ee7c3bfd94bd8fb92148d7471d6ce27b
71,results/nonlinear_transfer_v1/object_2002/verified_exchange,ITERATION_ONLINE_POLICY,6,,42,0,0,,,6,36,True,,6dd4a7d670b493cf508cb04df00dbdb4ee7c3bfd94bd8fb92148d7471d6ce27b
71,results/nonlinear_transfer_v1/object_2002/verified_exchange,ITERATION_ONLINE_POLICY_LABEL_F,6,,42,0,0,,,6,36,True,,6dd4a7d670b493cf508cb04df00dbdb4ee7c3bfd94bd8fb92148d7471d6ce27b
71,results/nonlinear_transfer_v1/object_2002/verified_exchange,NONLINEAR_ITERATION,7,,,,,,,,,True,ACTUAL_COUNTER_VIEW_NOT_SAVED,6dd4a7d670b493cf508cb04df00dbdb4ee7c3bfd94bd8fb92148d7471d6ce27b
71,results/nonlinear_transfer_v1/object_2002/verified_exchange,NONLINEAR_ITERATION_LABEL_A,7,,0,0,0,,,,,True,,6dd4a7d670b493cf508cb04df00dbdb4ee7c3bfd94bd8fb92148d7471d6ce27b
71,results/nonlinear_transfer_v1/object_2002/verified_exchange,NONLINEAR_ITERATION_LABEL_F,7,,42,0,0,,,,,True,,6dd4a7d670b493cf508cb04df00dbdb4ee7c3bfd94bd8fb92148d7471d6ce27b
71,results/nonlinear_transfer_v1/object_2002/verified_exchange,NONLINEAR_ITERATION_LABEL_I,7,,0,6,0,,,,,True,,6dd4a7d670b493cf508cb04df00dbdb4ee7c3bfd94bd8fb92148d7471d6ce27b
71,results/nonlinear_transfer_v1/object_2002/verified_exchange,ITERATION_ONLINE_POLICY,7,,42,0,0,,,6,36,True,,6dd4a7d670b493cf508cb04df00dbdb4ee7c3bfd94bd8fb92148d7471d6ce27b
71,results/nonlinear_transfer_v1/object_2002/verified_exchange,ITERATION_ONLINE_POLICY_LABEL_F,7,,42,0,0,,,6,36,True,,6dd4a7d670b493cf508cb04df00dbdb4ee7c3bfd94bd8fb92148d7471d6ce27b
71,results/nonlinear_transfer_v1/object_2002/verified_exchange,NONLINEAR_ITERATION,8,,,,,,,,,True,ACTUAL_COUNTER_VIEW_NOT_SAVED,6dd4a7d670b493cf508cb04df00dbdb4ee7c3bfd94bd8fb92148d7471d6ce27b
71,results/nonlinear_transfer_v1/object_2002/verified_exchange,NONLINEAR_ITERATION_LABEL_A,8,,0,0,0,,,,,True,,6dd4a7d670b493cf508cb04df00dbdb4ee7c3bfd94bd8fb92148d7471d6ce27b
71,results/nonlinear_transfer_v1/object_2002/verified_exchange,NONLINEAR_ITERATION_LABEL_F,8,,42,0,0,,,,,True,,6dd4a7d670b493cf508cb04df00dbdb4ee7c3bfd94bd8fb92148d7471d6ce27b
71,results/nonlinear_transfer_v1/object_2002/verified_exchange,NONLINEAR_ITERATION_LABEL_I,8,,0,6,0,,,,,True,,6dd4a7d670b493cf508cb04df00dbdb4ee7c3bfd94bd8fb92148d7471d6ce27b
71,results/nonlinear_transfer_v1/object_2002/verified_exchange,ITERATION_ONLINE_POLICY,8,,42,0,0,,,6,36,True,,6dd4a7d670b493cf508cb04df00dbdb4ee7c3bfd94bd8fb92148d7471d6ce27b
71,results/nonlinear_transfer_v1/object_2002/verified_exchange,ITERATION_ONLINE_POLICY_LABEL_F,8,,42,0,0,,,6,36,True,,6dd4a7d670b493cf508cb04df00dbdb4ee7c3bfd94bd8fb92148d7471d6ce27b
71,results/nonlinear_transfer_v1/object_2002/verified_exchange,NONLINEAR_ITERATION,9,,,,,,,,,True,ACTUAL_COUNTER_VIEW_NOT_SAVED,6dd4a7d670b493cf508cb04df00dbdb4ee7c3bfd94bd8fb92148d7471d6ce27b
71,results/nonlinear_transfer_v1/object_2002/verified_exchange,NONLINEAR_ITERATION_LABEL_A,9,,0,0,0,,,,,True,,6dd4a7d670b493cf508cb04df00dbdb4ee7c3bfd94bd8fb92148d7471d6ce27b
71,results/nonlinear_transfer_v1/object_2002/verified_exchange,NONLINEAR_ITERATION_LABEL_F,9,,42,0,0,,,,,True,,6dd4a7d670b493cf508cb04df00dbdb4ee7c3bfd94bd8fb92148d7471d6ce27b
71,results/nonlinear_transfer_v1/object_2002/verified_exchange,NONLINEAR_ITERATION_LABEL_I,9,,0,6,0,,,,,True,,6dd4a7d670b493cf508cb04df00dbdb4ee7c3bfd94bd8fb92148d7471d6ce27b
71,results/nonlinear_transfer_v1/object_2002/verified_exchange,ITERATION_ONLINE_POLICY,9,,42,0,0,,,6,36,True,,6dd4a7d670b493cf508cb04df00dbdb4ee7c3bfd94bd8fb92148d7471d6ce27b
71,results/nonlinear_transfer_v1/object_2002/verified_exchange,ITERATION_ONLINE_POLICY_LABEL_F,9,,42,0,0,,,6,36,True,,6dd4a7d670b493cf508cb04df00dbdb4ee7c3bfd94bd8fb92148d7471d6ce27b
71,results/nonlinear_transfer_v1/object_2002/verified_exchange,NONLINEAR_ITERATION,10,,,,,,,,,True,ACTUAL_COUNTER_VIEW_NOT_SAVED,6dd4a7d670b493cf508cb04df00dbdb4ee7c3bfd94bd8fb92148d7471d6ce27b
71,results/nonlinear_transfer_v1/object_2002/verified_exchange,NONLINEAR_ITERATION_LABEL_A,10,,0,0,0,,,,,True,,6dd4a7d670b493cf508cb04df00dbdb4ee7c3bfd94bd8fb92148d7471d6ce27b
71,results/nonlinear_transfer_v1/object_2002/verified_exchange,NONLINEAR_ITERATION_LABEL_F,10,,18,0,0,,,,,True,,6dd4a7d670b493cf508cb04df00dbdb4ee7c3bfd94bd8fb92148d7471d6ce27b
71,results/nonlinear_transfer_v1/object_2002/verified_exchange,NONLINEAR_ITERATION_LABEL_I,10,,0,6,0,,,,,True,,6dd4a7d670b493cf508cb04df00dbdb4ee7c3bfd94bd8fb92148d7471d6ce27b
71,results/nonlinear_transfer_v1/object_2002/verified_exchange,ITERATION_ONLINE_POLICY,10,,18,0,0,,,6,12,True,,6dd4a7d670b493cf508cb04df00dbdb4ee7c3bfd94bd8fb92148d7471d6ce27b
71,results/nonlinear_transfer_v1/object_2002/verified_exchange,ITERATION_ONLINE_POLICY_LABEL_F,10,,18,0,0,,,6,12,True,,6dd4a7d670b493cf508cb04df00dbdb4ee7c3bfd94bd8fb92148d7471d6ce27b
71,results/nonlinear_transfer_v1/object_2002/verified_exchange,NONLINEAR_ITERATION,11,,,,,,,,,True,ACTUAL_COUNTER_VIEW_NOT_SAVED,6dd4a7d670b493cf508cb04df00dbdb4ee7c3bfd94bd8fb92148d7471d6ce27b
71,results/nonlinear_transfer_v1/object_2002/verified_exchange,NONLINEAR_ITERATION_LABEL_A,11,,0,0,0,,,,,True,,6dd4a7d670b493cf508cb04df00dbdb4ee7c3bfd94bd8fb92148d7471d6ce27b
71,results/nonlinear_transfer_v1/object_2002/verified_exchange,NONLINEAR_ITERATION_LABEL_F,11,,42,0,0,,,,,True,,6dd4a7d670b493cf508cb04df00dbdb4ee7c3bfd94bd8fb92148d7471d6ce27b
71,results/nonlinear_transfer_v1/object_2002/verified_exchange,NONLINEAR_ITERATION_LABEL_I,11,,0,6,0,,,,,True,,6dd4a7d670b493cf508cb04df00dbdb4ee7c3bfd94bd8fb92148d7471d6ce27b
71,results/nonlinear_transfer_v1/object_2002/verified_exchange,ITERATION_ONLINE_POLICY,11,,42,0,0,,,6,36,True,,6dd4a7d670b493cf508cb04df00dbdb4ee7c3bfd94bd8fb92148d7471d6ce27b
71,results/nonlinear_transfer_v1/object_2002/verified_exchange,ITERATION_ONLINE_POLICY_LABEL_F,11,,42,0,0,,,6,36,True,,6dd4a7d670b493cf508cb04df00dbdb4ee7c3bfd94bd8fb92148d7471d6ce27b
71,results/nonlinear_transfer_v1/object_2002/verified_exchange,NONLINEAR_ITERATION,12,,,,,,,,,True,ACTUAL_COUNTER_VIEW_NOT_SAVED,6dd4a7d670b493cf508cb04df00dbdb4ee7c3bfd94bd8fb92148d7471d6ce27b
71,results/nonlinear_transfer_v1/object_2002/verified_exchange,NONLINEAR_ITERATION_LABEL_A,12,,0,0,0,,,,,True,,6dd4a7d670b493cf508cb04df00dbdb4ee7c3bfd94bd8fb92148d7471d6ce27b
71,results/nonlinear_transfer_v1/object_2002/verified_exchange,NONLINEAR_ITERATION_LABEL_F,12,,42,0,0,,,,,True,,6dd4a7d670b493cf508cb04df00dbdb4ee7c3bfd94bd8fb92148d7471d6ce27b
71,results/nonlinear_transfer_v1/object_2002/verified_exchange,NONLINEAR_ITERATION_LABEL_I,12,,0,54,0,,,,,True,,6dd4a7d670b493cf508cb04df00dbdb4ee7c3bfd94bd8fb92148d7471d6ce27b
71,results/nonlinear_transfer_v1/object_2002/verified_exchange,ITERATION_ONLINE_POLICY,12,,42,0,0,,,6,36,True,,6dd4a7d670b493cf508cb04df00dbdb4ee7c3bfd94bd8fb92148d7471d6ce27b
71,results/nonlinear_transfer_v1/object_2002/verified_exchange,ITERATION_ONLINE_POLICY_LABEL_F,12,,42,0,0,,,6,36,True,,6dd4a7d670b493cf508cb04df00dbdb4ee7c3bfd94bd8fb92148d7471d6ce27b
71,results/nonlinear_transfer_v1/object_2002/verified_exchange,NONLINEAR_ITERATION,13,,,,,,,,,True,ACTUAL_COUNTER_VIEW_NOT_SAVED,6dd4a7d670b493cf508cb04df00dbdb4ee7c3bfd94bd8fb92148d7471d6ce27b
71,results/nonlinear_transfer_v1/object_2002/verified_exchange,NONLINEAR_ITERATION_LABEL_A,13,,0,0,0,,,,,True,,6dd4a7d670b493cf508cb04df00dbdb4ee7c3bfd94bd8fb92148d7471d6ce27b
71,results/nonlinear_transfer_v1/object_2002/verified_exchange,NONLINEAR_ITERATION_LABEL_F,13,,42,0,0,,,,,True,,6dd4a7d670b493cf508cb04df00dbdb4ee7c3bfd94bd8fb92148d7471d6ce27b
71,results/nonlinear_transfer_v1/object_2002/verified_exchange,NONLINEAR_ITERATION_LABEL_I,13,,0,24,0,,,,,True,,6dd4a7d670b493cf508cb04df00dbdb4ee7c3bfd94bd8fb92148d7471d6ce27b
71,results/nonlinear_transfer_v1/object_2002/verified_exchange,ITERATION_ONLINE_POLICY,13,,42,0,0,,,6,36,True,,6dd4a7d670b493cf508cb04df00dbdb4ee7c3bfd94bd8fb92148d7471d6ce27b
71,results/nonlinear_transfer_v1/object_2002/verified_exchange,ITERATION_ONLINE_POLICY_LABEL_F,13,,42,0,0,,,6,36,True,,6dd4a7d670b493cf508cb04df00dbdb4ee7c3bfd94bd8fb92148d7471d6ce27b
71,results/nonlinear_transfer_v1/object_2002/verified_exchange,NONLINEAR_ITERATION,14,,,,,,,,,True,ACTUAL_COUNTER_VIEW_NOT_SAVED,6dd4a7d670b493cf508cb04df00dbdb4ee7c3bfd94bd8fb92148d7471d6ce27b
71,results/nonlinear_transfer_v1/object_2002/verified_exchange,NONLINEAR_ITERATION_LABEL_A,14,,0,0,0,,,,,True,,6dd4a7d670b493cf508cb04df00dbdb4ee7c3bfd94bd8fb92148d7471d6ce27b
71,results/nonlinear_transfer_v1/object_2002/verified_exchange,NONLINEAR_ITERATION_LABEL_F,14,,42,0,0,,,,,True,,6dd4a7d670b493cf508cb04df00dbdb4ee7c3bfd94bd8fb92148d7471d6ce27b
71,results/nonlinear_transfer_v1/object_2002/verified_exchange,NONLINEAR_ITERATION_LABEL_I,14,,0,30,0,,,,,True,,6dd4a7d670b493cf508cb04df00dbdb4ee7c3bfd94bd8fb92148d7471d6ce27b
71,results/nonlinear_transfer_v1/object_2002/verified_exchange,ITERATION_ONLINE_POLICY,14,,42,0,0,,,6,36,True,,6dd4a7d670b493cf508cb04df00dbdb4ee7c3bfd94bd8fb92148d7471d6ce27b
71,results/nonlinear_transfer_v1/object_2002/verified_exchange,ITERATION_ONLINE_POLICY_LABEL_F,14,,42,0,0,,,6,36,True,,6dd4a7d670b493cf508cb04df00dbdb4ee7c3bfd94bd8fb92148d7471d6ce27b
71,results/nonlinear_transfer_v1/object_2002/verified_exchange,NONLINEAR_ITERATION,15,,,,,,,,,True,ACTUAL_COUNTER_VIEW_NOT_SAVED,6dd4a7d670b493cf508cb04df00dbdb4ee7c3bfd94bd8fb92148d7471d6ce27b
71,results/nonlinear_transfer_v1/object_2002/verified_exchange,NONLINEAR_ITERATION_LABEL_A,15,,0,0,0,,,,,True,,6dd4a7d670b493cf508cb04df00dbdb4ee7c3bfd94bd8fb92148d7471d6ce27b
71,results/nonlinear_transfer_v1/object_2002/verified_exchange,NONLINEAR_ITERATION_LABEL_F,15,,42,0,0,,,,,True,,6dd4a7d670b493cf508cb04df00dbdb4ee7c3bfd94bd8fb92148d7471d6ce27b
71,results/nonlinear_transfer_v1/object_2002/verified_exchange,NONLINEAR_ITERATION_LABEL_I,15,,0,66,0,,,,,True,,6dd4a7d670b493cf508cb04df00dbdb4ee7c3bfd94bd8fb92148d7471d6ce27b
71,results/nonlinear_transfer_v1/object_2002/verified_exchange,ITERATION_ONLINE_POLICY,15,,42,0,0,,,6,36,True,,6dd4a7d670b493cf508cb04df00dbdb4ee7c3bfd94bd8fb92148d7471d6ce27b
71,results/nonlinear_transfer_v1/object_2002/verified_exchange,ITERATION_ONLINE_POLICY_LABEL_F,15,,42,0,0,,,6,36,True,,6dd4a7d670b493cf508cb04df00dbdb4ee7c3bfd94bd8fb92148d7471d6ce27b
71,results/nonlinear_transfer_v1/object_2002/verified_exchange,NONLINEAR_ITERATION,16,,,,,,,,,True,ACTUAL_COUNTER_VIEW_NOT_SAVED,6dd4a7d670b493cf508cb04df00dbdb4ee7c3bfd94bd8fb92148d7471d6ce27b
71,results/nonlinear_transfer_v1/object_2002/verified_exchange,NONLINEAR_ITERATION_LABEL_A,16,,0,0,0,,,,,True,,6dd4a7d670b493cf508cb04df00dbdb4ee7c3bfd94bd8fb92148d7471d6ce27b
71,results/nonlinear_transfer_v1/object_2002/verified_exchange,NONLINEAR_ITERATION_LABEL_F,16,,42,0,0,,,,,True,,6dd4a7d670b493cf508cb04df00dbdb4ee7c3bfd94bd8fb92148d7471d6ce27b
71,results/nonlinear_transfer_v1/object_2002/verified_exchange,NONLINEAR_ITERATION_LABEL_I,16,,0,66,0,,,,,True,,6dd4a7d670b493cf508cb04df00dbdb4ee7c3bfd94bd8fb92148d7471d6ce27b
71,results/nonlinear_transfer_v1/object_2002/verified_exchange,ITERATION_ONLINE_POLICY,16,,42,0,0,,,6,36,True,,6dd4a7d670b493cf508cb04df00dbdb4ee7c3bfd94bd8fb92148d7471d6ce27b
71,results/nonlinear_transfer_v1/object_2002/verified_exchange,ITERATION_ONLINE_POLICY_LABEL_F,16,,42,0,0,,,6,36,True,,6dd4a7d670b493cf508cb04df00dbdb4ee7c3bfd94bd8fb92148d7471d6ce27b
71,results/nonlinear_transfer_v1/object_2002/verified_exchange,NONLINEAR_ITERATION,17,,,,,,,,,True,ACTUAL_COUNTER_VIEW_NOT_SAVED,6dd4a7d670b493cf508cb04df00dbdb4ee7c3bfd94bd8fb92148d7471d6ce27b
71,results/nonlinear_transfer_v1/object_2002/verified_exchange,NONLINEAR_ITERATION_LABEL_A,17,,0,0,0,,,,,True,,6dd4a7d670b493cf508cb04df00dbdb4ee7c3bfd94bd8fb92148d7471d6ce27b
71,results/nonlinear_transfer_v1/object_2002/verified_exchange,NONLINEAR_ITERATION_LABEL_F,17,,42,0,0,,,,,True,,6dd4a7d670b493cf508cb04df00dbdb4ee7c3bfd94bd8fb92148d7471d6ce27b
71,results/nonlinear_transfer_v1/object_2002/verified_exchange,NONLINEAR_ITERATION_LABEL_I,17,,0,72,0,,,,,True,,6dd4a7d670b493cf508cb04df00dbdb4ee7c3bfd94bd8fb92148d7471d6ce27b
71,results/nonlinear_transfer_v1/object_2002/verified_exchange,ITERATION_ONLINE_POLICY,17,,42,0,0,,,6,36,True,,6dd4a7d670b493cf508cb04df00dbdb4ee7c3bfd94bd8fb92148d7471d6ce27b
71,results/nonlinear_transfer_v1/object_2002/verified_exchange,ITERATION_ONLINE_POLICY_LABEL_F,17,,42,0,0,,,6,36,True,,6dd4a7d670b493cf508cb04df00dbdb4ee7c3bfd94bd8fb92148d7471d6ce27b
72,results/nonlinear_transfer_v1/object_2005/verified_exchange,STATE,,,744,762,108,,,,,True,,6dd4a7d670b493cf508cb04df00dbdb4ee7c3bfd94bd8fb92148d7471d6ce27b
72,results/nonlinear_transfer_v1/object_2005/verified_exchange,NONLINEAR_ITERATION,0,,,,,,,,,True,ACTUAL_COUNTER_VIEW_NOT_SAVED,6dd4a7d670b493cf508cb04df00dbdb4ee7c3bfd94bd8fb92148d7471d6ce27b
72,results/nonlinear_transfer_v1/object_2005/verified_exchange,NONLINEAR_ITERATION_LABEL_A,0,,,6,,,,,,True,REQUESTED_COUNTER_KEY_NOT_SAVED,6dd4a7d670b493cf508cb04df00dbdb4ee7c3bfd94bd8fb92148d7471d6ce27b
72,results/nonlinear_transfer_v1/object_2005/verified_exchange,NONLINEAR_ITERATION_LABEL_F,0,,30,0,0,,,,,True,,6dd4a7d670b493cf508cb04df00dbdb4ee7c3bfd94bd8fb92148d7471d6ce27b
72,results/nonlinear_transfer_v1/object_2005/verified_exchange,NONLINEAR_ITERATION_LABEL_I,0,,0,6,0,,,,,True,,6dd4a7d670b493cf508cb04df00dbdb4ee7c3bfd94bd8fb92148d7471d6ce27b
72,results/nonlinear_transfer_v1/object_2005/verified_exchange,ITERATION_ONLINE_POLICY,0,,30,0,0,,,6,24,True,,6dd4a7d670b493cf508cb04df00dbdb4ee7c3bfd94bd8fb92148d7471d6ce27b
72,results/nonlinear_transfer_v1/object_2005/verified_exchange,ITERATION_ONLINE_POLICY_LABEL_F,0,,30,0,0,,,6,24,True,,6dd4a7d670b493cf508cb04df00dbdb4ee7c3bfd94bd8fb92148d7471d6ce27b
72,results/nonlinear_transfer_v1/object_2005/verified_exchange,NONLINEAR_ITERATION,1,,,,,,,,,True,ACTUAL_COUNTER_VIEW_NOT_SAVED,6dd4a7d670b493cf508cb04df00dbdb4ee7c3bfd94bd8fb92148d7471d6ce27b
72,results/nonlinear_transfer_v1/object_2005/verified_exchange,NONLINEAR_ITERATION_LABEL_A,1,,0,0,0,,,,,True,,6dd4a7d670b493cf508cb04df00dbdb4ee7c3bfd94bd8fb92148d7471d6ce27b
72,results/nonlinear_transfer_v1/object_2005/verified_exchange,NONLINEAR_ITERATION_LABEL_F,1,,42,0,0,,,,,True,,6dd4a7d670b493cf508cb04df00dbdb4ee7c3bfd94bd8fb92148d7471d6ce27b
72,results/nonlinear_transfer_v1/object_2005/verified_exchange,NONLINEAR_ITERATION_LABEL_I,1,,0,6,0,,,,,True,,6dd4a7d670b493cf508cb04df00dbdb4ee7c3bfd94bd8fb92148d7471d6ce27b
72,results/nonlinear_transfer_v1/object_2005/verified_exchange,ITERATION_ONLINE_POLICY,1,,42,0,0,,,6,36,True,,6dd4a7d670b493cf508cb04df00dbdb4ee7c3bfd94bd8fb92148d7471d6ce27b
72,results/nonlinear_transfer_v1/object_2005/verified_exchange,ITERATION_ONLINE_POLICY_LABEL_F,1,,42,0,0,,,6,36,True,,6dd4a7d670b493cf508cb04df00dbdb4ee7c3bfd94bd8fb92148d7471d6ce27b
72,results/nonlinear_transfer_v1/object_2005/verified_exchange,NONLINEAR_ITERATION,2,,,,,,,,,True,ACTUAL_COUNTER_VIEW_NOT_SAVED,6dd4a7d670b493cf508cb04df00dbdb4ee7c3bfd94bd8fb92148d7471d6ce27b
72,results/nonlinear_transfer_v1/object_2005/verified_exchange,NONLINEAR_ITERATION_LABEL_A,2,,0,0,0,,,,,True,,6dd4a7d670b493cf508cb04df00dbdb4ee7c3bfd94bd8fb92148d7471d6ce27b
72,results/nonlinear_transfer_v1/object_2005/verified_exchange,NONLINEAR_ITERATION_LABEL_F,2,,42,0,0,,,,,True,,6dd4a7d670b493cf508cb04df00dbdb4ee7c3bfd94bd8fb92148d7471d6ce27b
72,results/nonlinear_transfer_v1/object_2005/verified_exchange,NONLINEAR_ITERATION_LABEL_I,2,,0,6,0,,,,,True,,6dd4a7d670b493cf508cb04df00dbdb4ee7c3bfd94bd8fb92148d7471d6ce27b
72,results/nonlinear_transfer_v1/object_2005/verified_exchange,ITERATION_ONLINE_POLICY,2,,42,0,0,,,6,36,True,,6dd4a7d670b493cf508cb04df00dbdb4ee7c3bfd94bd8fb92148d7471d6ce27b
72,results/nonlinear_transfer_v1/object_2005/verified_exchange,ITERATION_ONLINE_POLICY_LABEL_F,2,,42,0,0,,,6,36,True,,6dd4a7d670b493cf508cb04df00dbdb4ee7c3bfd94bd8fb92148d7471d6ce27b
72,results/nonlinear_transfer_v1/object_2005/verified_exchange,NONLINEAR_ITERATION,3,,,,,,,,,True,ACTUAL_COUNTER_VIEW_NOT_SAVED,6dd4a7d670b493cf508cb04df00dbdb4ee7c3bfd94bd8fb92148d7471d6ce27b
72,results/nonlinear_transfer_v1/object_2005/verified_exchange,NONLINEAR_ITERATION_LABEL_A,3,,0,0,0,,,,,True,,6dd4a7d670b493cf508cb04df00dbdb4ee7c3bfd94bd8fb92148d7471d6ce27b
72,results/nonlinear_transfer_v1/object_2005/verified_exchange,NONLINEAR_ITERATION_LABEL_F,3,,42,0,0,,,,,True,,6dd4a7d670b493cf508cb04df00dbdb4ee7c3bfd94bd8fb92148d7471d6ce27b
72,results/nonlinear_transfer_v1/object_2005/verified_exchange,NONLINEAR_ITERATION_LABEL_I,3,,0,12,0,,,,,True,,6dd4a7d670b493cf508cb04df00dbdb4ee7c3bfd94bd8fb92148d7471d6ce27b
72,results/nonlinear_transfer_v1/object_2005/verified_exchange,ITERATION_ONLINE_POLICY,3,,42,0,0,,,6,36,True,,6dd4a7d670b493cf508cb04df00dbdb4ee7c3bfd94bd8fb92148d7471d6ce27b
72,results/nonlinear_transfer_v1/object_2005/verified_exchange,ITERATION_ONLINE_POLICY_LABEL_F,3,,42,0,0,,,6,36,True,,6dd4a7d670b493cf508cb04df00dbdb4ee7c3bfd94bd8fb92148d7471d6ce27b
72,results/nonlinear_transfer_v1/object_2005/verified_exchange,NONLINEAR_ITERATION,4,,,,,,,,,True,ACTUAL_COUNTER_VIEW_NOT_SAVED,6dd4a7d670b493cf508cb04df00dbdb4ee7c3bfd94bd8fb92148d7471d6ce27b
72,results/nonlinear_transfer_v1/object_2005/verified_exchange,NONLINEAR_ITERATION_LABEL_A,4,,0,0,0,,,,,True,,6dd4a7d670b493cf508cb04df00dbdb4ee7c3bfd94bd8fb92148d7471d6ce27b
72,results/nonlinear_transfer_v1/object_2005/verified_exchange,NONLINEAR_ITERATION_LABEL_F,4,,42,0,0,,,,,True,,6dd4a7d670b493cf508cb04df00dbdb4ee7c3bfd94bd8fb92148d7471d6ce27b
72,results/nonlinear_transfer_v1/object_2005/verified_exchange,NONLINEAR_ITERATION_LABEL_I,4,,0,6,0,,,,,True,,6dd4a7d670b493cf508cb04df00dbdb4ee7c3bfd94bd8fb92148d7471d6ce27b
72,results/nonlinear_transfer_v1/object_2005/verified_exchange,ITERATION_ONLINE_POLICY,4,,42,0,0,,,6,36,True,,6dd4a7d670b493cf508cb04df00dbdb4ee7c3bfd94bd8fb92148d7471d6ce27b
72,results/nonlinear_transfer_v1/object_2005/verified_exchange,ITERATION_ONLINE_POLICY_LABEL_F,4,,42,0,0,,,6,36,True,,6dd4a7d670b493cf508cb04df00dbdb4ee7c3bfd94bd8fb92148d7471d6ce27b
72,results/nonlinear_transfer_v1/object_2005/verified_exchange,NONLINEAR_ITERATION,5,,,,,,,,,True,ACTUAL_COUNTER_VIEW_NOT_SAVED,6dd4a7d670b493cf508cb04df00dbdb4ee7c3bfd94bd8fb92148d7471d6ce27b
72,results/nonlinear_transfer_v1/object_2005/verified_exchange,NONLINEAR_ITERATION_LABEL_A,5,,0,0,0,,,,,True,,6dd4a7d670b493cf508cb04df00dbdb4ee7c3bfd94bd8fb92148d7471d6ce27b
72,results/nonlinear_transfer_v1/object_2005/verified_exchange,NONLINEAR_ITERATION_LABEL_F,5,,42,0,0,,,,,True,,6dd4a7d670b493cf508cb04df00dbdb4ee7c3bfd94bd8fb92148d7471d6ce27b
72,results/nonlinear_transfer_v1/object_2005/verified_exchange,NONLINEAR_ITERATION_LABEL_I,5,,0,12,0,,,,,True,,6dd4a7d670b493cf508cb04df00dbdb4ee7c3bfd94bd8fb92148d7471d6ce27b
72,results/nonlinear_transfer_v1/object_2005/verified_exchange,ITERATION_ONLINE_POLICY,5,,42,0,0,,,6,36,True,,6dd4a7d670b493cf508cb04df00dbdb4ee7c3bfd94bd8fb92148d7471d6ce27b
72,results/nonlinear_transfer_v1/object_2005/verified_exchange,ITERATION_ONLINE_POLICY_LABEL_F,5,,42,0,0,,,6,36,True,,6dd4a7d670b493cf508cb04df00dbdb4ee7c3bfd94bd8fb92148d7471d6ce27b
72,results/nonlinear_transfer_v1/object_2005/verified_exchange,NONLINEAR_ITERATION,6,,,,,,,,,True,ACTUAL_COUNTER_VIEW_NOT_SAVED,6dd4a7d670b493cf508cb04df00dbdb4ee7c3bfd94bd8fb92148d7471d6ce27b
72,results/nonlinear_transfer_v1/object_2005/verified_exchange,NONLINEAR_ITERATION_LABEL_A,6,,0,0,0,,,,,True,,6dd4a7d670b493cf508cb04df00dbdb4ee7c3bfd94bd8fb92148d7471d6ce27b
72,results/nonlinear_transfer_v1/object_2005/verified_exchange,NONLINEAR_ITERATION_LABEL_F,6,,42,0,0,,,,,True,,6dd4a7d670b493cf508cb04df00dbdb4ee7c3bfd94bd8fb92148d7471d6ce27b
72,results/nonlinear_transfer_v1/object_2005/verified_exchange,NONLINEAR_ITERATION_LABEL_I,6,,0,30,0,,,,,True,,6dd4a7d670b493cf508cb04df00dbdb4ee7c3bfd94bd8fb92148d7471d6ce27b
72,results/nonlinear_transfer_v1/object_2005/verified_exchange,ITERATION_ONLINE_POLICY,6,,42,0,0,,,6,36,True,,6dd4a7d670b493cf508cb04df00dbdb4ee7c3bfd94bd8fb92148d7471d6ce27b
72,results/nonlinear_transfer_v1/object_2005/verified_exchange,ITERATION_ONLINE_POLICY_LABEL_F,6,,42,0,0,,,6,36,True,,6dd4a7d670b493cf508cb04df00dbdb4ee7c3bfd94bd8fb92148d7471d6ce27b
72,results/nonlinear_transfer_v1/object_2005/verified_exchange,NONLINEAR_ITERATION,7,,,,,,,,,True,ACTUAL_COUNTER_VIEW_NOT_SAVED,6dd4a7d670b493cf508cb04df00dbdb4ee7c3bfd94bd8fb92148d7471d6ce27b
72,results/nonlinear_transfer_v1/object_2005/verified_exchange,NONLINEAR_ITERATION_LABEL_A,7,,0,0,0,,,,,True,,6dd4a7d670b493cf508cb04df00dbdb4ee7c3bfd94bd8fb92148d7471d6ce27b
72,results/nonlinear_transfer_v1/object_2005/verified_exchange,NONLINEAR_ITERATION_LABEL_F,7,,42,0,0,,,,,True,,6dd4a7d670b493cf508cb04df00dbdb4ee7c3bfd94bd8fb92148d7471d6ce27b
72,results/nonlinear_transfer_v1/object_2005/verified_exchange,NONLINEAR_ITERATION_LABEL_I,7,,0,30,0,,,,,True,,6dd4a7d670b493cf508cb04df00dbdb4ee7c3bfd94bd8fb92148d7471d6ce27b
72,results/nonlinear_transfer_v1/object_2005/verified_exchange,ITERATION_ONLINE_POLICY,7,,42,0,0,,,6,36,True,,6dd4a7d670b493cf508cb04df00dbdb4ee7c3bfd94bd8fb92148d7471d6ce27b
72,results/nonlinear_transfer_v1/object_2005/verified_exchange,ITERATION_ONLINE_POLICY_LABEL_F,7,,42,0,0,,,6,36,True,,6dd4a7d670b493cf508cb04df00dbdb4ee7c3bfd94bd8fb92148d7471d6ce27b
72,results/nonlinear_transfer_v1/object_2005/verified_exchange,NONLINEAR_ITERATION,8,,,,,,,,,True,ACTUAL_COUNTER_VIEW_NOT_SAVED,6dd4a7d670b493cf508cb04df00dbdb4ee7c3bfd94bd8fb92148d7471d6ce27b
72,results/nonlinear_transfer_v1/object_2005/verified_exchange,NONLINEAR_ITERATION_LABEL_A,8,,0,0,0,,,,,True,,6dd4a7d670b493cf508cb04df00dbdb4ee7c3bfd94bd8fb92148d7471d6ce27b
72,results/nonlinear_transfer_v1/object_2005/verified_exchange,NONLINEAR_ITERATION_LABEL_F,8,,42,0,0,,,,,True,,6dd4a7d670b493cf508cb04df00dbdb4ee7c3bfd94bd8fb92148d7471d6ce27b
72,results/nonlinear_transfer_v1/object_2005/verified_exchange,NONLINEAR_ITERATION_LABEL_I,8,,0,18,0,,,,,True,,6dd4a7d670b493cf508cb04df00dbdb4ee7c3bfd94bd8fb92148d7471d6ce27b
72,results/nonlinear_transfer_v1/object_2005/verified_exchange,ITERATION_ONLINE_POLICY,8,,42,0,0,,,6,36,True,,6dd4a7d670b493cf508cb04df00dbdb4ee7c3bfd94bd8fb92148d7471d6ce27b
72,results/nonlinear_transfer_v1/object_2005/verified_exchange,ITERATION_ONLINE_POLICY_LABEL_F,8,,42,0,0,,,6,36,True,,6dd4a7d670b493cf508cb04df00dbdb4ee7c3bfd94bd8fb92148d7471d6ce27b
72,results/nonlinear_transfer_v1/object_2005/verified_exchange,NONLINEAR_ITERATION,9,,,,,,,,,True,ACTUAL_COUNTER_VIEW_NOT_SAVED,6dd4a7d670b493cf508cb04df00dbdb4ee7c3bfd94bd8fb92148d7471d6ce27b
72,results/nonlinear_transfer_v1/object_2005/verified_exchange,NONLINEAR_ITERATION_LABEL_A,9,,0,0,0,,,,,True,,6dd4a7d670b493cf508cb04df00dbdb4ee7c3bfd94bd8fb92148d7471d6ce27b
72,results/nonlinear_transfer_v1/object_2005/verified_exchange,NONLINEAR_ITERATION_LABEL_F,9,,42,0,0,,,,,True,,6dd4a7d670b493cf508cb04df00dbdb4ee7c3bfd94bd8fb92148d7471d6ce27b
72,results/nonlinear_transfer_v1/object_2005/verified_exchange,NONLINEAR_ITERATION_LABEL_I,9,,0,72,0,,,,,True,,6dd4a7d670b493cf508cb04df00dbdb4ee7c3bfd94bd8fb92148d7471d6ce27b
72,results/nonlinear_transfer_v1/object_2005/verified_exchange,ITERATION_ONLINE_POLICY,9,,42,0,0,,,6,36,True,,6dd4a7d670b493cf508cb04df00dbdb4ee7c3bfd94bd8fb92148d7471d6ce27b
72,results/nonlinear_transfer_v1/object_2005/verified_exchange,ITERATION_ONLINE_POLICY_LABEL_F,9,,42,0,0,,,6,36,True,,6dd4a7d670b493cf508cb04df00dbdb4ee7c3bfd94bd8fb92148d7471d6ce27b
72,results/nonlinear_transfer_v1/object_2005/verified_exchange,NONLINEAR_ITERATION,10,,,,,,,,,True,ACTUAL_COUNTER_VIEW_NOT_SAVED,6dd4a7d670b493cf508cb04df00dbdb4ee7c3bfd94bd8fb92148d7471d6ce27b
72,results/nonlinear_transfer_v1/object_2005/verified_exchange,NONLINEAR_ITERATION_LABEL_A,10,,0,0,0,,,,,True,,6dd4a7d670b493cf508cb04df00dbdb4ee7c3bfd94bd8fb92148d7471d6ce27b
72,results/nonlinear_transfer_v1/object_2005/verified_exchange,NONLINEAR_ITERATION_LABEL_F,10,,42,0,0,,,,,True,,6dd4a7d670b493cf508cb04df00dbdb4ee7c3bfd94bd8fb92148d7471d6ce27b
72,results/nonlinear_transfer_v1/object_2005/verified_exchange,NONLINEAR_ITERATION_LABEL_I,10,,0,48,0,,,,,True,,6dd4a7d670b493cf508cb04df00dbdb4ee7c3bfd94bd8fb92148d7471d6ce27b
72,results/nonlinear_transfer_v1/object_2005/verified_exchange,ITERATION_ONLINE_POLICY,10,,42,0,0,,,6,36,True,,6dd4a7d670b493cf508cb04df00dbdb4ee7c3bfd94bd8fb92148d7471d6ce27b
72,results/nonlinear_transfer_v1/object_2005/verified_exchange,ITERATION_ONLINE_POLICY_LABEL_F,10,,42,0,0,,,6,36,True,,6dd4a7d670b493cf508cb04df00dbdb4ee7c3bfd94bd8fb92148d7471d6ce27b
72,results/nonlinear_transfer_v1/object_2005/verified_exchange,NONLINEAR_ITERATION,11,,,,,,,,,True,ACTUAL_COUNTER_VIEW_NOT_SAVED,6dd4a7d670b493cf508cb04df00dbdb4ee7c3bfd94bd8fb92148d7471d6ce27b
72,results/nonlinear_transfer_v1/object_2005/verified_exchange,NONLINEAR_ITERATION_LABEL_A,11,,0,0,0,,,,,True,,6dd4a7d670b493cf508cb04df00dbdb4ee7c3bfd94bd8fb92148d7471d6ce27b
72,results/nonlinear_transfer_v1/object_2005/verified_exchange,NONLINEAR_ITERATION_LABEL_F,11,,42,0,0,,,,,True,,6dd4a7d670b493cf508cb04df00dbdb4ee7c3bfd94bd8fb92148d7471d6ce27b
72,results/nonlinear_transfer_v1/object_2005/verified_exchange,NONLINEAR_ITERATION_LABEL_I,11,,0,60,0,,,,,True,,6dd4a7d670b493cf508cb04df00dbdb4ee7c3bfd94bd8fb92148d7471d6ce27b
72,results/nonlinear_transfer_v1/object_2005/verified_exchange,ITERATION_ONLINE_POLICY,11,,42,0,0,,,6,36,True,,6dd4a7d670b493cf508cb04df00dbdb4ee7c3bfd94bd8fb92148d7471d6ce27b
72,results/nonlinear_transfer_v1/object_2005/verified_exchange,ITERATION_ONLINE_POLICY_LABEL_F,11,,42,0,0,,,6,36,True,,6dd4a7d670b493cf508cb04df00dbdb4ee7c3bfd94bd8fb92148d7471d6ce27b
72,results/nonlinear_transfer_v1/object_2005/verified_exchange,NONLINEAR_ITERATION,12,,,,,,,,,True,ACTUAL_COUNTER_VIEW_NOT_SAVED,6dd4a7d670b493cf508cb04df00dbdb4ee7c3bfd94bd8fb92148d7471d6ce27b
72,results/nonlinear_transfer_v1/object_2005/verified_exchange,NONLINEAR_ITERATION_LABEL_A,12,,0,0,0,,,,,True,,6dd4a7d670b493cf508cb04df00dbdb4ee7c3bfd94bd8fb92148d7471d6ce27b
72,results/nonlinear_transfer_v1/object_2005/verified_exchange,NONLINEAR_ITERATION_LABEL_F,12,,42,0,0,,,,,True,,6dd4a7d670b493cf508cb04df00dbdb4ee7c3bfd94bd8fb92148d7471d6ce27b
72,results/nonlinear_transfer_v1/object_2005/verified_exchange,NONLINEAR_ITERATION_LABEL_I,12,,0,72,0,,,,,True,,6dd4a7d670b493cf508cb04df00dbdb4ee7c3bfd94bd8fb92148d7471d6ce27b
72,results/nonlinear_transfer_v1/object_2005/verified_exchange,ITERATION_ONLINE_POLICY,12,,42,0,0,,,6,36,True,,6dd4a7d670b493cf508cb04df00dbdb4ee7c3bfd94bd8fb92148d7471d6ce27b
72,results/nonlinear_transfer_v1/object_2005/verified_exchange,ITERATION_ONLINE_POLICY_LABEL_F,12,,42,0,0,,,6,36,True,,6dd4a7d670b493cf508cb04df00dbdb4ee7c3bfd94bd8fb92148d7471d6ce27b
72,results/nonlinear_transfer_v1/object_2005/verified_exchange,NONLINEAR_ITERATION,13,,,,,,,,,True,ACTUAL_COUNTER_VIEW_NOT_SAVED,6dd4a7d670b493cf508cb04df00dbdb4ee7c3bfd94bd8fb92148d7471d6ce27b
72,results/nonlinear_transfer_v1/object_2005/verified_exchange,NONLINEAR_ITERATION_LABEL_A,13,,0,0,0,,,,,True,,6dd4a7d670b493cf508cb04df00dbdb4ee7c3bfd94bd8fb92148d7471d6ce27b
72,results/nonlinear_transfer_v1/object_2005/verified_exchange,NONLINEAR_ITERATION_LABEL_F,13,,42,0,0,,,,,True,,6dd4a7d670b493cf508cb04df00dbdb4ee7c3bfd94bd8fb92148d7471d6ce27b
72,results/nonlinear_transfer_v1/object_2005/verified_exchange,NONLINEAR_ITERATION_LABEL_I,13,,0,72,0,,,,,True,,6dd4a7d670b493cf508cb04df00dbdb4ee7c3bfd94bd8fb92148d7471d6ce27b
72,results/nonlinear_transfer_v1/object_2005/verified_exchange,ITERATION_ONLINE_POLICY,13,,42,0,0,,,6,36,True,,6dd4a7d670b493cf508cb04df00dbdb4ee7c3bfd94bd8fb92148d7471d6ce27b
72,results/nonlinear_transfer_v1/object_2005/verified_exchange,ITERATION_ONLINE_POLICY_LABEL_F,13,,42,0,0,,,6,36,True,,6dd4a7d670b493cf508cb04df00dbdb4ee7c3bfd94bd8fb92148d7471d6ce27b
72,results/nonlinear_transfer_v1/object_2005/verified_exchange,NONLINEAR_ITERATION,14,,,,,,,,,True,ACTUAL_COUNTER_VIEW_NOT_SAVED,6dd4a7d670b493cf508cb04df00dbdb4ee7c3bfd94bd8fb92148d7471d6ce27b
72,results/nonlinear_transfer_v1/object_2005/verified_exchange,NONLINEAR_ITERATION_LABEL_A,14,,0,0,0,,,,,True,,6dd4a7d670b493cf508cb04df00dbdb4ee7c3bfd94bd8fb92148d7471d6ce27b
72,results/nonlinear_transfer_v1/object_2005/verified_exchange,NONLINEAR_ITERATION_LABEL_F,14,,42,0,0,,,,,True,,6dd4a7d670b493cf508cb04df00dbdb4ee7c3bfd94bd8fb92148d7471d6ce27b
72,results/nonlinear_transfer_v1/object_2005/verified_exchange,NONLINEAR_ITERATION_LABEL_I,14,,0,78,0,,,,,True,,6dd4a7d670b493cf508cb04df00dbdb4ee7c3bfd94bd8fb92148d7471d6ce27b
72,results/nonlinear_transfer_v1/object_2005/verified_exchange,ITERATION_ONLINE_POLICY,14,,42,0,0,,,6,36,True,,6dd4a7d670b493cf508cb04df00dbdb4ee7c3bfd94bd8fb92148d7471d6ce27b
72,results/nonlinear_transfer_v1/object_2005/verified_exchange,ITERATION_ONLINE_POLICY_LABEL_F,14,,42,0,0,,,6,36,True,,6dd4a7d670b493cf508cb04df00dbdb4ee7c3bfd94bd8fb92148d7471d6ce27b
72,results/nonlinear_transfer_v1/object_2005/verified_exchange,NONLINEAR_ITERATION,15,,,,,,,,,True,ACTUAL_COUNTER_VIEW_NOT_SAVED,6dd4a7d670b493cf508cb04df00dbdb4ee7c3bfd94bd8fb92148d7471d6ce27b
72,results/nonlinear_transfer_v1/object_2005/verified_exchange,NONLINEAR_ITERATION_LABEL_A,15,,0,0,0,,,,,True,,6dd4a7d670b493cf508cb04df00dbdb4ee7c3bfd94bd8fb92148d7471d6ce27b
72,results/nonlinear_transfer_v1/object_2005/verified_exchange,NONLINEAR_ITERATION_LABEL_F,15,,42,0,0,,,,,True,,6dd4a7d670b493cf508cb04df00dbdb4ee7c3bfd94bd8fb92148d7471d6ce27b
72,results/nonlinear_transfer_v1/object_2005/verified_exchange,NONLINEAR_ITERATION_LABEL_I,15,,0,78,0,,,,,True,,6dd4a7d670b493cf508cb04df00dbdb4ee7c3bfd94bd8fb92148d7471d6ce27b
72,results/nonlinear_transfer_v1/object_2005/verified_exchange,ITERATION_ONLINE_POLICY,15,,42,0,0,,,6,36,True,,6dd4a7d670b493cf508cb04df00dbdb4ee7c3bfd94bd8fb92148d7471d6ce27b
72,results/nonlinear_transfer_v1/object_2005/verified_exchange,ITERATION_ONLINE_POLICY_LABEL_F,15,,42,0,0,,,6,36,True,,6dd4a7d670b493cf508cb04df00dbdb4ee7c3bfd94bd8fb92148d7471d6ce27b
72,results/nonlinear_transfer_v1/object_2005/verified_exchange,NONLINEAR_ITERATION,16,,,,,,,,,True,ACTUAL_COUNTER_VIEW_NOT_SAVED,6dd4a7d670b493cf508cb04df00dbdb4ee7c3bfd94bd8fb92148d7471d6ce27b
72,results/nonlinear_transfer_v1/object_2005/verified_exchange,NONLINEAR_ITERATION_LABEL_A,16,,0,0,0,,,,,True,,6dd4a7d670b493cf508cb04df00dbdb4ee7c3bfd94bd8fb92148d7471d6ce27b
72,results/nonlinear_transfer_v1/object_2005/verified_exchange,NONLINEAR_ITERATION_LABEL_F,16,,42,0,0,,,,,True,,6dd4a7d670b493cf508cb04df00dbdb4ee7c3bfd94bd8fb92148d7471d6ce27b
72,results/nonlinear_transfer_v1/object_2005/verified_exchange,NONLINEAR_ITERATION_LABEL_I,16,,0,72,0,,,,,True,,6dd4a7d670b493cf508cb04df00dbdb4ee7c3bfd94bd8fb92148d7471d6ce27b
72,results/nonlinear_transfer_v1/object_2005/verified_exchange,ITERATION_ONLINE_POLICY,16,,42,0,0,,,6,36,True,,6dd4a7d670b493cf508cb04df00dbdb4ee7c3bfd94bd8fb92148d7471d6ce27b
72,results/nonlinear_transfer_v1/object_2005/verified_exchange,ITERATION_ONLINE_POLICY_LABEL_F,16,,42,0,0,,,6,36,True,,6dd4a7d670b493cf508cb04df00dbdb4ee7c3bfd94bd8fb92148d7471d6ce27b
72,results/nonlinear_transfer_v1/object_2005/verified_exchange,NONLINEAR_ITERATION,17,,,,,,,,,True,ACTUAL_COUNTER_VIEW_NOT_SAVED,6dd4a7d670b493cf508cb04df00dbdb4ee7c3bfd94bd8fb92148d7471d6ce27b
72,results/nonlinear_transfer_v1/object_2005/verified_exchange,NONLINEAR_ITERATION_LABEL_A,17,,0,0,0,,,,,True,,6dd4a7d670b493cf508cb04df00dbdb4ee7c3bfd94bd8fb92148d7471d6ce27b
72,results/nonlinear_transfer_v1/object_2005/verified_exchange,NONLINEAR_ITERATION_LABEL_F,17,,42,0,0,,,,,True,,6dd4a7d670b493cf508cb04df00dbdb4ee7c3bfd94bd8fb92148d7471d6ce27b
72,results/nonlinear_transfer_v1/object_2005/verified_exchange,NONLINEAR_ITERATION_LABEL_I,17,,0,78,0,,,,,True,,6dd4a7d670b493cf508cb04df00dbdb4ee7c3bfd94bd8fb92148d7471d6ce27b
72,results/nonlinear_transfer_v1/object_2005/verified_exchange,ITERATION_ONLINE_POLICY,17,,42,0,0,,,6,36,True,,6dd4a7d670b493cf508cb04df00dbdb4ee7c3bfd94bd8fb92148d7471d6ce27b
72,results/nonlinear_transfer_v1/object_2005/verified_exchange,ITERATION_ONLINE_POLICY_LABEL_F,17,,42,0,0,,,6,36,True,,6dd4a7d670b493cf508cb04df00dbdb4ee7c3bfd94bd8fb92148d7471d6ce27b
73,results/nonlinear_transfer_v1/object_2005/receiver_only,STATE,,,,696,108,,,,,True,REQUESTED_COUNTER_KEY_NOT_SAVED,6dd4a7d670b493cf508cb04df00dbdb4ee7c3bfd94bd8fb92148d7471d6ce27b
73,results/nonlinear_transfer_v1/object_2005/receiver_only,NONLINEAR_ITERATION,0,,,,,,,,,True,ACTUAL_COUNTER_VIEW_NOT_SAVED,6dd4a7d670b493cf508cb04df00dbdb4ee7c3bfd94bd8fb92148d7471d6ce27b
73,results/nonlinear_transfer_v1/object_2005/receiver_only,NONLINEAR_ITERATION_LABEL_A,0,,,6,,,,,,True,REQUESTED_COUNTER_KEY_NOT_SAVED,6dd4a7d670b493cf508cb04df00dbdb4ee7c3bfd94bd8fb92148d7471d6ce27b
73,results/nonlinear_transfer_v1/object_2005/receiver_only,NONLINEAR_ITERATION_LABEL_B,0,,,0,0,,,,,True,REQUESTED_COUNTER_KEY_NOT_SAVED,6dd4a7d670b493cf508cb04df00dbdb4ee7c3bfd94bd8fb92148d7471d6ce27b
73,results/nonlinear_transfer_v1/object_2005/receiver_only,NONLINEAR_ITERATION_LABEL_I,0,,,6,0,,,,,True,REQUESTED_COUNTER_KEY_NOT_SAVED,6dd4a7d670b493cf508cb04df00dbdb4ee7c3bfd94bd8fb92148d7471d6ce27b
73,results/nonlinear_transfer_v1/object_2005/receiver_only,NONLINEAR_ITERATION,1,,,,,,,,,True,ACTUAL_COUNTER_VIEW_NOT_SAVED,6dd4a7d670b493cf508cb04df00dbdb4ee7c3bfd94bd8fb92148d7471d6ce27b
73,results/nonlinear_transfer_v1/object_2005/receiver_only,NONLINEAR_ITERATION_LABEL_A,1,,,0,0,,,,,True,REQUESTED_COUNTER_KEY_NOT_SAVED,6dd4a7d670b493cf508cb04df00dbdb4ee7c3bfd94bd8fb92148d7471d6ce27b
73,results/nonlinear_transfer_v1/object_2005/receiver_only,NONLINEAR_ITERATION_LABEL_B,1,,,0,0,,,,,True,REQUESTED_COUNTER_KEY_NOT_SAVED,6dd4a7d670b493cf508cb04df00dbdb4ee7c3bfd94bd8fb92148d7471d6ce27b
73,results/nonlinear_transfer_v1/object_2005/receiver_only,NONLINEAR_ITERATION_LABEL_I,1,,,6,0,,,,,True,REQUESTED_COUNTER_KEY_NOT_SAVED,6dd4a7d670b493cf508cb04df00dbdb4ee7c3bfd94bd8fb92148d7471d6ce27b
73,results/nonlinear_transfer_v1/object_2005/receiver_only,NONLINEAR_ITERATION,2,,,,,,,,,True,ACTUAL_COUNTER_VIEW_NOT_SAVED,6dd4a7d670b493cf508cb04df00dbdb4ee7c3bfd94bd8fb92148d7471d6ce27b
73,results/nonlinear_transfer_v1/object_2005/receiver_only,NONLINEAR_ITERATION_LABEL_A,2,,,0,0,,,,,True,REQUESTED_COUNTER_KEY_NOT_SAVED,6dd4a7d670b493cf508cb04df00dbdb4ee7c3bfd94bd8fb92148d7471d6ce27b
73,results/nonlinear_transfer_v1/object_2005/receiver_only,NONLINEAR_ITERATION_LABEL_B,2,,,0,0,,,,,True,REQUESTED_COUNTER_KEY_NOT_SAVED,6dd4a7d670b493cf508cb04df00dbdb4ee7c3bfd94bd8fb92148d7471d6ce27b
73,results/nonlinear_transfer_v1/object_2005/receiver_only,NONLINEAR_ITERATION_LABEL_I,2,,,6,0,,,,,True,REQUESTED_COUNTER_KEY_NOT_SAVED,6dd4a7d670b493cf508cb04df00dbdb4ee7c3bfd94bd8fb92148d7471d6ce27b
73,results/nonlinear_transfer_v1/object_2005/receiver_only,NONLINEAR_ITERATION,3,,,,,,,,,True,ACTUAL_COUNTER_VIEW_NOT_SAVED,6dd4a7d670b493cf508cb04df00dbdb4ee7c3bfd94bd8fb92148d7471d6ce27b
73,results/nonlinear_transfer_v1/object_2005/receiver_only,NONLINEAR_ITERATION_LABEL_A,3,,,0,0,,,,,True,REQUESTED_COUNTER_KEY_NOT_SAVED,6dd4a7d670b493cf508cb04df00dbdb4ee7c3bfd94bd8fb92148d7471d6ce27b
73,results/nonlinear_transfer_v1/object_2005/receiver_only,NONLINEAR_ITERATION_LABEL_B,3,,,0,0,,,,,True,REQUESTED_COUNTER_KEY_NOT_SAVED,6dd4a7d670b493cf508cb04df00dbdb4ee7c3bfd94bd8fb92148d7471d6ce27b
73,results/nonlinear_transfer_v1/object_2005/receiver_only,NONLINEAR_ITERATION_LABEL_I,3,,,6,0,,,,,True,REQUESTED_COUNTER_KEY_NOT_SAVED,6dd4a7d670b493cf508cb04df00dbdb4ee7c3bfd94bd8fb92148d7471d6ce27b
73,results/nonlinear_transfer_v1/object_2005/receiver_only,NONLINEAR_ITERATION,4,,,,,,,,,True,ACTUAL_COUNTER_VIEW_NOT_SAVED,6dd4a7d670b493cf508cb04df00dbdb4ee7c3bfd94bd8fb92148d7471d6ce27b
73,results/nonlinear_transfer_v1/object_2005/receiver_only,NONLINEAR_ITERATION_LABEL_A,4,,,0,0,,,,,True,REQUESTED_COUNTER_KEY_NOT_SAVED,6dd4a7d670b493cf508cb04df00dbdb4ee7c3bfd94bd8fb92148d7471d6ce27b
73,results/nonlinear_transfer_v1/object_2005/receiver_only,NONLINEAR_ITERATION_LABEL_B,4,,,0,0,,,,,True,REQUESTED_COUNTER_KEY_NOT_SAVED,6dd4a7d670b493cf508cb04df00dbdb4ee7c3bfd94bd8fb92148d7471d6ce27b
73,results/nonlinear_transfer_v1/object_2005/receiver_only,NONLINEAR_ITERATION_LABEL_I,4,,,6,0,,,,,True,REQUESTED_COUNTER_KEY_NOT_SAVED,6dd4a7d670b493cf508cb04df00dbdb4ee7c3bfd94bd8fb92148d7471d6ce27b
73,results/nonlinear_transfer_v1/object_2005/receiver_only,NONLINEAR_ITERATION,5,,,,,,,,,True,ACTUAL_COUNTER_VIEW_NOT_SAVED,6dd4a7d670b493cf508cb04df00dbdb4ee7c3bfd94bd8fb92148d7471d6ce27b
73,results/nonlinear_transfer_v1/object_2005/receiver_only,NONLINEAR_ITERATION_LABEL_A,5,,,0,0,,,,,True,REQUESTED_COUNTER_KEY_NOT_SAVED,6dd4a7d670b493cf508cb04df00dbdb4ee7c3bfd94bd8fb92148d7471d6ce27b
73,results/nonlinear_transfer_v1/object_2005/receiver_only,NONLINEAR_ITERATION_LABEL_B,5,,,0,0,,,,,True,REQUESTED_COUNTER_KEY_NOT_SAVED,6dd4a7d670b493cf508cb04df00dbdb4ee7c3bfd94bd8fb92148d7471d6ce27b
73,results/nonlinear_transfer_v1/object_2005/receiver_only,NONLINEAR_ITERATION_LABEL_I,5,,,6,0,,,,,True,REQUESTED_COUNTER_KEY_NOT_SAVED,6dd4a7d670b493cf508cb04df00dbdb4ee7c3bfd94bd8fb92148d7471d6ce27b
73,results/nonlinear_transfer_v1/object_2005/receiver_only,NONLINEAR_ITERATION,6,,,,,,,,,True,ACTUAL_COUNTER_VIEW_NOT_SAVED,6dd4a7d670b493cf508cb04df00dbdb4ee7c3bfd94bd8fb92148d7471d6ce27b
73,results/nonlinear_transfer_v1/object_2005/receiver_only,NONLINEAR_ITERATION_LABEL_A,6,,,0,0,,,,,True,REQUESTED_COUNTER_KEY_NOT_SAVED,6dd4a7d670b493cf508cb04df00dbdb4ee7c3bfd94bd8fb92148d7471d6ce27b
73,results/nonlinear_transfer_v1/object_2005/receiver_only,NONLINEAR_ITERATION_LABEL_B,6,,,0,0,,,,,True,REQUESTED_COUNTER_KEY_NOT_SAVED,6dd4a7d670b493cf508cb04df00dbdb4ee7c3bfd94bd8fb92148d7471d6ce27b
73,results/nonlinear_transfer_v1/object_2005/receiver_only,NONLINEAR_ITERATION_LABEL_I,6,,,12,0,,,,,True,REQUESTED_COUNTER_KEY_NOT_SAVED,6dd4a7d670b493cf508cb04df00dbdb4ee7c3bfd94bd8fb92148d7471d6ce27b
73,results/nonlinear_transfer_v1/object_2005/receiver_only,NONLINEAR_ITERATION,7,,,,,,,,,True,ACTUAL_COUNTER_VIEW_NOT_SAVED,6dd4a7d670b493cf508cb04df00dbdb4ee7c3bfd94bd8fb92148d7471d6ce27b
73,results/nonlinear_transfer_v1/object_2005/receiver_only,NONLINEAR_ITERATION_LABEL_A,7,,,0,0,,,,,True,REQUESTED_COUNTER_KEY_NOT_SAVED,6dd4a7d670b493cf508cb04df00dbdb4ee7c3bfd94bd8fb92148d7471d6ce27b
73,results/nonlinear_transfer_v1/object_2005/receiver_only,NONLINEAR_ITERATION_LABEL_B,7,,,0,0,,,,,True,REQUESTED_COUNTER_KEY_NOT_SAVED,6dd4a7d670b493cf508cb04df00dbdb4ee7c3bfd94bd8fb92148d7471d6ce27b
73,results/nonlinear_transfer_v1/object_2005/receiver_only,NONLINEAR_ITERATION_LABEL_I,7,,,42,0,,,,,True,REQUESTED_COUNTER_KEY_NOT_SAVED,6dd4a7d670b493cf508cb04df00dbdb4ee7c3bfd94bd8fb92148d7471d6ce27b
73,results/nonlinear_transfer_v1/object_2005/receiver_only,NONLINEAR_ITERATION,8,,,,,,,,,True,ACTUAL_COUNTER_VIEW_NOT_SAVED,6dd4a7d670b493cf508cb04df00dbdb4ee7c3bfd94bd8fb92148d7471d6ce27b
73,results/nonlinear_transfer_v1/object_2005/receiver_only,NONLINEAR_ITERATION_LABEL_A,8,,,0,0,,,,,True,REQUESTED_COUNTER_KEY_NOT_SAVED,6dd4a7d670b493cf508cb04df00dbdb4ee7c3bfd94bd8fb92148d7471d6ce27b
73,results/nonlinear_transfer_v1/object_2005/receiver_only,NONLINEAR_ITERATION_LABEL_B,8,,,0,0,,,,,True,REQUESTED_COUNTER_KEY_NOT_SAVED,6dd4a7d670b493cf508cb04df00dbdb4ee7c3bfd94bd8fb92148d7471d6ce27b
73,results/nonlinear_transfer_v1/object_2005/receiver_only,NONLINEAR_ITERATION_LABEL_I,8,,,60,0,,,,,True,REQUESTED_COUNTER_KEY_NOT_SAVED,6dd4a7d670b493cf508cb04df00dbdb4ee7c3bfd94bd8fb92148d7471d6ce27b
73,results/nonlinear_transfer_v1/object_2005/receiver_only,NONLINEAR_ITERATION,9,,,,,,,,,True,ACTUAL_COUNTER_VIEW_NOT_SAVED,6dd4a7d670b493cf508cb04df00dbdb4ee7c3bfd94bd8fb92148d7471d6ce27b
73,results/nonlinear_transfer_v1/object_2005/receiver_only,NONLINEAR_ITERATION_LABEL_A,9,,,0,0,,,,,True,REQUESTED_COUNTER_KEY_NOT_SAVED,6dd4a7d670b493cf508cb04df00dbdb4ee7c3bfd94bd8fb92148d7471d6ce27b
73,results/nonlinear_transfer_v1/object_2005/receiver_only,NONLINEAR_ITERATION_LABEL_B,9,,,0,0,,,,,True,REQUESTED_COUNTER_KEY_NOT_SAVED,6dd4a7d670b493cf508cb04df00dbdb4ee7c3bfd94bd8fb92148d7471d6ce27b
73,results/nonlinear_transfer_v1/object_2005/receiver_only,NONLINEAR_ITERATION_LABEL_I,9,,,54,0,,,,,True,REQUESTED_COUNTER_KEY_NOT_SAVED,6dd4a7d670b493cf508cb04df00dbdb4ee7c3bfd94bd8fb92148d7471d6ce27b
73,results/nonlinear_transfer_v1/object_2005/receiver_only,NONLINEAR_ITERATION,10,,,,,,,,,True,ACTUAL_COUNTER_VIEW_NOT_SAVED,6dd4a7d670b493cf508cb04df00dbdb4ee7c3bfd94bd8fb92148d7471d6ce27b
73,results/nonlinear_transfer_v1/object_2005/receiver_only,NONLINEAR_ITERATION_LABEL_A,10,,,0,0,,,,,True,REQUESTED_COUNTER_KEY_NOT_SAVED,6dd4a7d670b493cf508cb04df00dbdb4ee7c3bfd94bd8fb92148d7471d6ce27b
73,results/nonlinear_transfer_v1/object_2005/receiver_only,NONLINEAR_ITERATION_LABEL_B,10,,,0,0,,,,,True,REQUESTED_COUNTER_KEY_NOT_SAVED,6dd4a7d670b493cf508cb04df00dbdb4ee7c3bfd94bd8fb92148d7471d6ce27b
73,results/nonlinear_transfer_v1/object_2005/receiver_only,NONLINEAR_ITERATION_LABEL_I,10,,,24,0,,,,,True,REQUESTED_COUNTER_KEY_NOT_SAVED,6dd4a7d670b493cf508cb04df00dbdb4ee7c3bfd94bd8fb92148d7471d6ce27b
73,results/nonlinear_transfer_v1/object_2005/receiver_only,NONLINEAR_ITERATION,11,,,,,,,,,True,ACTUAL_COUNTER_VIEW_NOT_SAVED,6dd4a7d670b493cf508cb04df00dbdb4ee7c3bfd94bd8fb92148d7471d6ce27b
73,results/nonlinear_transfer_v1/object_2005/receiver_only,NONLINEAR_ITERATION_LABEL_A,11,,,0,0,,,,,True,REQUESTED_COUNTER_KEY_NOT_SAVED,6dd4a7d670b493cf508cb04df00dbdb4ee7c3bfd94bd8fb92148d7471d6ce27b
73,results/nonlinear_transfer_v1/object_2005/receiver_only,NONLINEAR_ITERATION_LABEL_B,11,,,0,0,,,,,True,REQUESTED_COUNTER_KEY_NOT_SAVED,6dd4a7d670b493cf508cb04df00dbdb4ee7c3bfd94bd8fb92148d7471d6ce27b
73,results/nonlinear_transfer_v1/object_2005/receiver_only,NONLINEAR_ITERATION_LABEL_I,11,,,66,0,,,,,True,REQUESTED_COUNTER_KEY_NOT_SAVED,6dd4a7d670b493cf508cb04df00dbdb4ee7c3bfd94bd8fb92148d7471d6ce27b
73,results/nonlinear_transfer_v1/object_2005/receiver_only,NONLINEAR_ITERATION,12,,,,,,,,,True,ACTUAL_COUNTER_VIEW_NOT_SAVED,6dd4a7d670b493cf508cb04df00dbdb4ee7c3bfd94bd8fb92148d7471d6ce27b
73,results/nonlinear_transfer_v1/object_2005/receiver_only,NONLINEAR_ITERATION_LABEL_A,12,,,0,0,,,,,True,REQUESTED_COUNTER_KEY_NOT_SAVED,6dd4a7d670b493cf508cb04df00dbdb4ee7c3bfd94bd8fb92148d7471d6ce27b
73,results/nonlinear_transfer_v1/object_2005/receiver_only,NONLINEAR_ITERATION_LABEL_B,12,,,0,0,,,,,True,REQUESTED_COUNTER_KEY_NOT_SAVED,6dd4a7d670b493cf508cb04df00dbdb4ee7c3bfd94bd8fb92148d7471d6ce27b
73,results/nonlinear_transfer_v1/object_2005/receiver_only,NONLINEAR_ITERATION_LABEL_I,12,,,66,0,,,,,True,REQUESTED_COUNTER_KEY_NOT_SAVED,6dd4a7d670b493cf508cb04df00dbdb4ee7c3bfd94bd8fb92148d7471d6ce27b
73,results/nonlinear_transfer_v1/object_2005/receiver_only,NONLINEAR_ITERATION,13,,,,,,,,,True,ACTUAL_COUNTER_VIEW_NOT_SAVED,6dd4a7d670b493cf508cb04df00dbdb4ee7c3bfd94bd8fb92148d7471d6ce27b
73,results/nonlinear_transfer_v1/object_2005/receiver_only,NONLINEAR_ITERATION_LABEL_A,13,,,0,0,,,,,True,REQUESTED_COUNTER_KEY_NOT_SAVED,6dd4a7d670b493cf508cb04df00dbdb4ee7c3bfd94bd8fb92148d7471d6ce27b
73,results/nonlinear_transfer_v1/object_2005/receiver_only,NONLINEAR_ITERATION_LABEL_B,13,,,0,0,,,,,True,REQUESTED_COUNTER_KEY_NOT_SAVED,6dd4a7d670b493cf508cb04df00dbdb4ee7c3bfd94bd8fb92148d7471d6ce27b
73,results/nonlinear_transfer_v1/object_2005/receiver_only,NONLINEAR_ITERATION_LABEL_I,13,,,66,0,,,,,True,REQUESTED_COUNTER_KEY_NOT_SAVED,6dd4a7d670b493cf508cb04df00dbdb4ee7c3bfd94bd8fb92148d7471d6ce27b
73,results/nonlinear_transfer_v1/object_2005/receiver_only,NONLINEAR_ITERATION,14,,,,,,,,,True,ACTUAL_COUNTER_VIEW_NOT_SAVED,6dd4a7d670b493cf508cb04df00dbdb4ee7c3bfd94bd8fb92148d7471d6ce27b
73,results/nonlinear_transfer_v1/object_2005/receiver_only,NONLINEAR_ITERATION_LABEL_A,14,,,0,0,,,,,True,REQUESTED_COUNTER_KEY_NOT_SAVED,6dd4a7d670b493cf508cb04df00dbdb4ee7c3bfd94bd8fb92148d7471d6ce27b
73,results/nonlinear_transfer_v1/object_2005/receiver_only,NONLINEAR_ITERATION_LABEL_B,14,,,0,0,,,,,True,REQUESTED_COUNTER_KEY_NOT_SAVED,6dd4a7d670b493cf508cb04df00dbdb4ee7c3bfd94bd8fb92148d7471d6ce27b
73,results/nonlinear_transfer_v1/object_2005/receiver_only,NONLINEAR_ITERATION_LABEL_I,14,,,66,0,,,,,True,REQUESTED_COUNTER_KEY_NOT_SAVED,6dd4a7d670b493cf508cb04df00dbdb4ee7c3bfd94bd8fb92148d7471d6ce27b
73,results/nonlinear_transfer_v1/object_2005/receiver_only,NONLINEAR_ITERATION,15,,,,,,,,,True,ACTUAL_COUNTER_VIEW_NOT_SAVED,6dd4a7d670b493cf508cb04df00dbdb4ee7c3bfd94bd8fb92148d7471d6ce27b
73,results/nonlinear_transfer_v1/object_2005/receiver_only,NONLINEAR_ITERATION_LABEL_A,15,,,0,0,,,,,True,REQUESTED_COUNTER_KEY_NOT_SAVED,6dd4a7d670b493cf508cb04df00dbdb4ee7c3bfd94bd8fb92148d7471d6ce27b
73,results/nonlinear_transfer_v1/object_2005/receiver_only,NONLINEAR_ITERATION_LABEL_B,15,,,0,0,,,,,True,REQUESTED_COUNTER_KEY_NOT_SAVED,6dd4a7d670b493cf508cb04df00dbdb4ee7c3bfd94bd8fb92148d7471d6ce27b
73,results/nonlinear_transfer_v1/object_2005/receiver_only,NONLINEAR_ITERATION_LABEL_I,15,,,66,0,,,,,True,REQUESTED_COUNTER_KEY_NOT_SAVED,6dd4a7d670b493cf508cb04df00dbdb4ee7c3bfd94bd8fb92148d7471d6ce27b
73,results/nonlinear_transfer_v1/object_2005/receiver_only,NONLINEAR_ITERATION,16,,,,,,,,,True,ACTUAL_COUNTER_VIEW_NOT_SAVED,6dd4a7d670b493cf508cb04df00dbdb4ee7c3bfd94bd8fb92148d7471d6ce27b
73,results/nonlinear_transfer_v1/object_2005/receiver_only,NONLINEAR_ITERATION_LABEL_A,16,,,0,0,,,,,True,REQUESTED_COUNTER_KEY_NOT_SAVED,6dd4a7d670b493cf508cb04df00dbdb4ee7c3bfd94bd8fb92148d7471d6ce27b
73,results/nonlinear_transfer_v1/object_2005/receiver_only,NONLINEAR_ITERATION_LABEL_B,16,,,0,0,,,,,True,REQUESTED_COUNTER_KEY_NOT_SAVED,6dd4a7d670b493cf508cb04df00dbdb4ee7c3bfd94bd8fb92148d7471d6ce27b
73,results/nonlinear_transfer_v1/object_2005/receiver_only,NONLINEAR_ITERATION_LABEL_I,16,,,66,0,,,,,True,REQUESTED_COUNTER_KEY_NOT_SAVED,6dd4a7d670b493cf508cb04df00dbdb4ee7c3bfd94bd8fb92148d7471d6ce27b
73,results/nonlinear_transfer_v1/object_2005/receiver_only,NONLINEAR_ITERATION,17,,,,,,,,,True,ACTUAL_COUNTER_VIEW_NOT_SAVED,6dd4a7d670b493cf508cb04df00dbdb4ee7c3bfd94bd8fb92148d7471d6ce27b
73,results/nonlinear_transfer_v1/object_2005/receiver_only,NONLINEAR_ITERATION_LABEL_A,17,,,0,0,,,,,True,REQUESTED_COUNTER_KEY_NOT_SAVED,6dd4a7d670b493cf508cb04df00dbdb4ee7c3bfd94bd8fb92148d7471d6ce27b
73,results/nonlinear_transfer_v1/object_2005/receiver_only,NONLINEAR_ITERATION_LABEL_B,17,,,0,0,,,,,True,REQUESTED_COUNTER_KEY_NOT_SAVED,6dd4a7d670b493cf508cb04df00dbdb4ee7c3bfd94bd8fb92148d7471d6ce27b
73,results/nonlinear_transfer_v1/object_2005/receiver_only,NONLINEAR_ITERATION_LABEL_I,17,,,66,0,,,,,True,REQUESTED_COUNTER_KEY_NOT_SAVED,6dd4a7d670b493cf508cb04df00dbdb4ee7c3bfd94bd8fb92148d7471d6ce27b
74,results/nonlinear_transfer_v1/object_2009/receiver_only,STATE,,,,690,108,,,,,True,REQUESTED_COUNTER_KEY_NOT_SAVED,6dd4a7d670b493cf508cb04df00dbdb4ee7c3bfd94bd8fb92148d7471d6ce27b
74,results/nonlinear_transfer_v1/object_2009/receiver_only,NONLINEAR_ITERATION,0,,,,,,,,,True,ACTUAL_COUNTER_VIEW_NOT_SAVED,6dd4a7d670b493cf508cb04df00dbdb4ee7c3bfd94bd8fb92148d7471d6ce27b
74,results/nonlinear_transfer_v1/object_2009/receiver_only,NONLINEAR_ITERATION_LABEL_A,0,,,6,,,,,,True,REQUESTED_COUNTER_KEY_NOT_SAVED,6dd4a7d670b493cf508cb04df00dbdb4ee7c3bfd94bd8fb92148d7471d6ce27b
74,results/nonlinear_transfer_v1/object_2009/receiver_only,NONLINEAR_ITERATION_LABEL_B,0,,,0,0,,,,,True,REQUESTED_COUNTER_KEY_NOT_SAVED,6dd4a7d670b493cf508cb04df00dbdb4ee7c3bfd94bd8fb92148d7471d6ce27b
74,results/nonlinear_transfer_v1/object_2009/receiver_only,NONLINEAR_ITERATION_LABEL_I,0,,,6,0,,,,,True,REQUESTED_COUNTER_KEY_NOT_SAVED,6dd4a7d670b493cf508cb04df00dbdb4ee7c3bfd94bd8fb92148d7471d6ce27b
74,results/nonlinear_transfer_v1/object_2009/receiver_only,NONLINEAR_ITERATION,1,,,,,,,,,True,ACTUAL_COUNTER_VIEW_NOT_SAVED,6dd4a7d670b493cf508cb04df00dbdb4ee7c3bfd94bd8fb92148d7471d6ce27b
74,results/nonlinear_transfer_v1/object_2009/receiver_only,NONLINEAR_ITERATION_LABEL_A,1,,,0,0,,,,,True,REQUESTED_COUNTER_KEY_NOT_SAVED,6dd4a7d670b493cf508cb04df00dbdb4ee7c3bfd94bd8fb92148d7471d6ce27b
74,results/nonlinear_transfer_v1/object_2009/receiver_only,NONLINEAR_ITERATION_LABEL_B,1,,,0,0,,,,,True,REQUESTED_COUNTER_KEY_NOT_SAVED,6dd4a7d670b493cf508cb04df00dbdb4ee7c3bfd94bd8fb92148d7471d6ce27b
74,results/nonlinear_transfer_v1/object_2009/receiver_only,NONLINEAR_ITERATION_LABEL_I,1,,,6,0,,,,,True,REQUESTED_COUNTER_KEY_NOT_SAVED,6dd4a7d670b493cf508cb04df00dbdb4ee7c3bfd94bd8fb92148d7471d6ce27b
74,results/nonlinear_transfer_v1/object_2009/receiver_only,NONLINEAR_ITERATION,2,,,,,,,,,True,ACTUAL_COUNTER_VIEW_NOT_SAVED,6dd4a7d670b493cf508cb04df00dbdb4ee7c3bfd94bd8fb92148d7471d6ce27b
74,results/nonlinear_transfer_v1/object_2009/receiver_only,NONLINEAR_ITERATION_LABEL_A,2,,,0,0,,,,,True,REQUESTED_COUNTER_KEY_NOT_SAVED,6dd4a7d670b493cf508cb04df00dbdb4ee7c3bfd94bd8fb92148d7471d6ce27b
74,results/nonlinear_transfer_v1/object_2009/receiver_only,NONLINEAR_ITERATION_LABEL_B,2,,,0,0,,,,,True,REQUESTED_COUNTER_KEY_NOT_SAVED,6dd4a7d670b493cf508cb04df00dbdb4ee7c3bfd94bd8fb92148d7471d6ce27b
74,results/nonlinear_transfer_v1/object_2009/receiver_only,NONLINEAR_ITERATION_LABEL_I,2,,,6,0,,,,,True,REQUESTED_COUNTER_KEY_NOT_SAVED,6dd4a7d670b493cf508cb04df00dbdb4ee7c3bfd94bd8fb92148d7471d6ce27b
74,results/nonlinear_transfer_v1/object_2009/receiver_only,NONLINEAR_ITERATION,3,,,,,,,,,True,ACTUAL_COUNTER_VIEW_NOT_SAVED,6dd4a7d670b493cf508cb04df00dbdb4ee7c3bfd94bd8fb92148d7471d6ce27b
74,results/nonlinear_transfer_v1/object_2009/receiver_only,NONLINEAR_ITERATION_LABEL_A,3,,,0,0,,,,,True,REQUESTED_COUNTER_KEY_NOT_SAVED,6dd4a7d670b493cf508cb04df00dbdb4ee7c3bfd94bd8fb92148d7471d6ce27b
74,results/nonlinear_transfer_v1/object_2009/receiver_only,NONLINEAR_ITERATION_LABEL_B,3,,,0,0,,,,,True,REQUESTED_COUNTER_KEY_NOT_SAVED,6dd4a7d670b493cf508cb04df00dbdb4ee7c3bfd94bd8fb92148d7471d6ce27b
74,results/nonlinear_transfer_v1/object_2009/receiver_only,NONLINEAR_ITERATION_LABEL_I,3,,,6,0,,,,,True,REQUESTED_COUNTER_KEY_NOT_SAVED,6dd4a7d670b493cf508cb04df00dbdb4ee7c3bfd94bd8fb92148d7471d6ce27b
74,results/nonlinear_transfer_v1/object_2009/receiver_only,NONLINEAR_ITERATION,4,,,,,,,,,True,ACTUAL_COUNTER_VIEW_NOT_SAVED,6dd4a7d670b493cf508cb04df00dbdb4ee7c3bfd94bd8fb92148d7471d6ce27b
74,results/nonlinear_transfer_v1/object_2009/receiver_only,NONLINEAR_ITERATION_LABEL_A,4,,,0,0,,,,,True,REQUESTED_COUNTER_KEY_NOT_SAVED,6dd4a7d670b493cf508cb04df00dbdb4ee7c3bfd94bd8fb92148d7471d6ce27b
74,results/nonlinear_transfer_v1/object_2009/receiver_only,NONLINEAR_ITERATION_LABEL_B,4,,,0,0,,,,,True,REQUESTED_COUNTER_KEY_NOT_SAVED,6dd4a7d670b493cf508cb04df00dbdb4ee7c3bfd94bd8fb92148d7471d6ce27b
74,results/nonlinear_transfer_v1/object_2009/receiver_only,NONLINEAR_ITERATION_LABEL_I,4,,,6,0,,,,,True,REQUESTED_COUNTER_KEY_NOT_SAVED,6dd4a7d670b493cf508cb04df00dbdb4ee7c3bfd94bd8fb92148d7471d6ce27b
74,results/nonlinear_transfer_v1/object_2009/receiver_only,NONLINEAR_ITERATION,5,,,,,,,,,True,ACTUAL_COUNTER_VIEW_NOT_SAVED,6dd4a7d670b493cf508cb04df00dbdb4ee7c3bfd94bd8fb92148d7471d6ce27b
74,results/nonlinear_transfer_v1/object_2009/receiver_only,NONLINEAR_ITERATION_LABEL_A,5,,,0,0,,,,,True,REQUESTED_COUNTER_KEY_NOT_SAVED,6dd4a7d670b493cf508cb04df00dbdb4ee7c3bfd94bd8fb92148d7471d6ce27b
74,results/nonlinear_transfer_v1/object_2009/receiver_only,NONLINEAR_ITERATION_LABEL_B,5,,,0,0,,,,,True,REQUESTED_COUNTER_KEY_NOT_SAVED,6dd4a7d670b493cf508cb04df00dbdb4ee7c3bfd94bd8fb92148d7471d6ce27b
74,results/nonlinear_transfer_v1/object_2009/receiver_only,NONLINEAR_ITERATION_LABEL_I,5,,,6,0,,,,,True,REQUESTED_COUNTER_KEY_NOT_SAVED,6dd4a7d670b493cf508cb04df00dbdb4ee7c3bfd94bd8fb92148d7471d6ce27b
74,results/nonlinear_transfer_v1/object_2009/receiver_only,NONLINEAR_ITERATION,6,,,,,,,,,True,ACTUAL_COUNTER_VIEW_NOT_SAVED,6dd4a7d670b493cf508cb04df00dbdb4ee7c3bfd94bd8fb92148d7471d6ce27b
74,results/nonlinear_transfer_v1/object_2009/receiver_only,NONLINEAR_ITERATION_LABEL_A,6,,,0,0,,,,,True,REQUESTED_COUNTER_KEY_NOT_SAVED,6dd4a7d670b493cf508cb04df00dbdb4ee7c3bfd94bd8fb92148d7471d6ce27b
74,results/nonlinear_transfer_v1/object_2009/receiver_only,NONLINEAR_ITERATION_LABEL_B,6,,,0,0,,,,,True,REQUESTED_COUNTER_KEY_NOT_SAVED,6dd4a7d670b493cf508cb04df00dbdb4ee7c3bfd94bd8fb92148d7471d6ce27b
74,results/nonlinear_transfer_v1/object_2009/receiver_only,NONLINEAR_ITERATION_LABEL_I,6,,,42,0,,,,,True,REQUESTED_COUNTER_KEY_NOT_SAVED,6dd4a7d670b493cf508cb04df00dbdb4ee7c3bfd94bd8fb92148d7471d6ce27b
74,results/nonlinear_transfer_v1/object_2009/receiver_only,NONLINEAR_ITERATION,7,,,,,,,,,True,ACTUAL_COUNTER_VIEW_NOT_SAVED,6dd4a7d670b493cf508cb04df00dbdb4ee7c3bfd94bd8fb92148d7471d6ce27b
74,results/nonlinear_transfer_v1/object_2009/receiver_only,NONLINEAR_ITERATION_LABEL_A,7,,,0,0,,,,,True,REQUESTED_COUNTER_KEY_NOT_SAVED,6dd4a7d670b493cf508cb04df00dbdb4ee7c3bfd94bd8fb92148d7471d6ce27b
74,results/nonlinear_transfer_v1/object_2009/receiver_only,NONLINEAR_ITERATION_LABEL_B,7,,,0,0,,,,,True,REQUESTED_COUNTER_KEY_NOT_SAVED,6dd4a7d670b493cf508cb04df00dbdb4ee7c3bfd94bd8fb92148d7471d6ce27b
74,results/nonlinear_transfer_v1/object_2009/receiver_only,NONLINEAR_ITERATION_LABEL_I,7,,,54,0,,,,,True,REQUESTED_COUNTER_KEY_NOT_SAVED,6dd4a7d670b493cf508cb04df00dbdb4ee7c3bfd94bd8fb92148d7471d6ce27b
74,results/nonlinear_transfer_v1/object_2009/receiver_only,NONLINEAR_ITERATION,8,,,,,,,,,True,ACTUAL_COUNTER_VIEW_NOT_SAVED,6dd4a7d670b493cf508cb04df00dbdb4ee7c3bfd94bd8fb92148d7471d6ce27b
74,results/nonlinear_transfer_v1/object_2009/receiver_only,NONLINEAR_ITERATION_LABEL_A,8,,,0,0,,,,,True,REQUESTED_COUNTER_KEY_NOT_SAVED,6dd4a7d670b493cf508cb04df00dbdb4ee7c3bfd94bd8fb92148d7471d6ce27b
74,results/nonlinear_transfer_v1/object_2009/receiver_only,NONLINEAR_ITERATION_LABEL_B,8,,,0,0,,,,,True,REQUESTED_COUNTER_KEY_NOT_SAVED,6dd4a7d670b493cf508cb04df00dbdb4ee7c3bfd94bd8fb92148d7471d6ce27b
74,results/nonlinear_transfer_v1/object_2009/receiver_only,NONLINEAR_ITERATION_LABEL_I,8,,,48,0,,,,,True,REQUESTED_COUNTER_KEY_NOT_SAVED,6dd4a7d670b493cf508cb04df00dbdb4ee7c3bfd94bd8fb92148d7471d6ce27b
74,results/nonlinear_transfer_v1/object_2009/receiver_only,NONLINEAR_ITERATION,9,,,,,,,,,True,ACTUAL_COUNTER_VIEW_NOT_SAVED,6dd4a7d670b493cf508cb04df00dbdb4ee7c3bfd94bd8fb92148d7471d6ce27b
74,results/nonlinear_transfer_v1/object_2009/receiver_only,NONLINEAR_ITERATION_LABEL_A,9,,,0,0,,,,,True,REQUESTED_COUNTER_KEY_NOT_SAVED,6dd4a7d670b493cf508cb04df00dbdb4ee7c3bfd94bd8fb92148d7471d6ce27b
74,results/nonlinear_transfer_v1/object_2009/receiver_only,NONLINEAR_ITERATION_LABEL_B,9,,,0,0,,,,,True,REQUESTED_COUNTER_KEY_NOT_SAVED,6dd4a7d670b493cf508cb04df00dbdb4ee7c3bfd94bd8fb92148d7471d6ce27b
74,results/nonlinear_transfer_v1/object_2009/receiver_only,NONLINEAR_ITERATION_LABEL_I,9,,,54,0,,,,,True,REQUESTED_COUNTER_KEY_NOT_SAVED,6dd4a7d670b493cf508cb04df00dbdb4ee7c3bfd94bd8fb92148d7471d6ce27b
74,results/nonlinear_transfer_v1/object_2009/receiver_only,NONLINEAR_ITERATION,10,,,,,,,,,True,ACTUAL_COUNTER_VIEW_NOT_SAVED,6dd4a7d670b493cf508cb04df00dbdb4ee7c3bfd94bd8fb92148d7471d6ce27b
74,results/nonlinear_transfer_v1/object_2009/receiver_only,NONLINEAR_ITERATION_LABEL_A,10,,,0,0,,,,,True,REQUESTED_COUNTER_KEY_NOT_SAVED,6dd4a7d670b493cf508cb04df00dbdb4ee7c3bfd94bd8fb92148d7471d6ce27b
74,results/nonlinear_transfer_v1/object_2009/receiver_only,NONLINEAR_ITERATION_LABEL_B,10,,,0,0,,,,,True,REQUESTED_COUNTER_KEY_NOT_SAVED,6dd4a7d670b493cf508cb04df00dbdb4ee7c3bfd94bd8fb92148d7471d6ce27b
74,results/nonlinear_transfer_v1/object_2009/receiver_only,NONLINEAR_ITERATION_LABEL_I,10,,,54,0,,,,,True,REQUESTED_COUNTER_KEY_NOT_SAVED,6dd4a7d670b493cf508cb04df00dbdb4ee7c3bfd94bd8fb92148d7471d6ce27b
74,results/nonlinear_transfer_v1/object_2009/receiver_only,NONLINEAR_ITERATION,11,,,,,,,,,True,ACTUAL_COUNTER_VIEW_NOT_SAVED,6dd4a7d670b493cf508cb04df00dbdb4ee7c3bfd94bd8fb92148d7471d6ce27b
74,results/nonlinear_transfer_v1/object_2009/receiver_only,NONLINEAR_ITERATION_LABEL_A,11,,,0,0,,,,,True,REQUESTED_COUNTER_KEY_NOT_SAVED,6dd4a7d670b493cf508cb04df00dbdb4ee7c3bfd94bd8fb92148d7471d6ce27b
74,results/nonlinear_transfer_v1/object_2009/receiver_only,NONLINEAR_ITERATION_LABEL_B,11,,,0,0,,,,,True,REQUESTED_COUNTER_KEY_NOT_SAVED,6dd4a7d670b493cf508cb04df00dbdb4ee7c3bfd94bd8fb92148d7471d6ce27b
74,results/nonlinear_transfer_v1/object_2009/receiver_only,NONLINEAR_ITERATION_LABEL_I,11,,,54,0,,,,,True,REQUESTED_COUNTER_KEY_NOT_SAVED,6dd4a7d670b493cf508cb04df00dbdb4ee7c3bfd94bd8fb92148d7471d6ce27b
74,results/nonlinear_transfer_v1/object_2009/receiver_only,NONLINEAR_ITERATION,12,,,,,,,,,True,ACTUAL_COUNTER_VIEW_NOT_SAVED,6dd4a7d670b493cf508cb04df00dbdb4ee7c3bfd94bd8fb92148d7471d6ce27b
74,results/nonlinear_transfer_v1/object_2009/receiver_only,NONLINEAR_ITERATION_LABEL_A,12,,,0,0,,,,,True,REQUESTED_COUNTER_KEY_NOT_SAVED,6dd4a7d670b493cf508cb04df00dbdb4ee7c3bfd94bd8fb92148d7471d6ce27b
74,results/nonlinear_transfer_v1/object_2009/receiver_only,NONLINEAR_ITERATION_LABEL_B,12,,,0,0,,,,,True,REQUESTED_COUNTER_KEY_NOT_SAVED,6dd4a7d670b493cf508cb04df00dbdb4ee7c3bfd94bd8fb92148d7471d6ce27b
74,results/nonlinear_transfer_v1/object_2009/receiver_only,NONLINEAR_ITERATION_LABEL_I,12,,,54,0,,,,,True,REQUESTED_COUNTER_KEY_NOT_SAVED,6dd4a7d670b493cf508cb04df00dbdb4ee7c3bfd94bd8fb92148d7471d6ce27b
74,results/nonlinear_transfer_v1/object_2009/receiver_only,NONLINEAR_ITERATION,13,,,,,,,,,True,ACTUAL_COUNTER_VIEW_NOT_SAVED,6dd4a7d670b493cf508cb04df00dbdb4ee7c3bfd94bd8fb92148d7471d6ce27b
74,results/nonlinear_transfer_v1/object_2009/receiver_only,NONLINEAR_ITERATION_LABEL_A,13,,,0,0,,,,,True,REQUESTED_COUNTER_KEY_NOT_SAVED,6dd4a7d670b493cf508cb04df00dbdb4ee7c3bfd94bd8fb92148d7471d6ce27b
74,results/nonlinear_transfer_v1/object_2009/receiver_only,NONLINEAR_ITERATION_LABEL_B,13,,,0,0,,,,,True,REQUESTED_COUNTER_KEY_NOT_SAVED,6dd4a7d670b493cf508cb04df00dbdb4ee7c3bfd94bd8fb92148d7471d6ce27b
74,results/nonlinear_transfer_v1/object_2009/receiver_only,NONLINEAR_ITERATION_LABEL_I,13,,,60,0,,,,,True,REQUESTED_COUNTER_KEY_NOT_SAVED,6dd4a7d670b493cf508cb04df00dbdb4ee7c3bfd94bd8fb92148d7471d6ce27b
74,results/nonlinear_transfer_v1/object_2009/receiver_only,NONLINEAR_ITERATION,14,,,,,,,,,True,ACTUAL_COUNTER_VIEW_NOT_SAVED,6dd4a7d670b493cf508cb04df00dbdb4ee7c3bfd94bd8fb92148d7471d6ce27b
74,results/nonlinear_transfer_v1/object_2009/receiver_only,NONLINEAR_ITERATION_LABEL_A,14,,,0,0,,,,,True,REQUESTED_COUNTER_KEY_NOT_SAVED,6dd4a7d670b493cf508cb04df00dbdb4ee7c3bfd94bd8fb92148d7471d6ce27b
74,results/nonlinear_transfer_v1/object_2009/receiver_only,NONLINEAR_ITERATION_LABEL_B,14,,,0,0,,,,,True,REQUESTED_COUNTER_KEY_NOT_SAVED,6dd4a7d670b493cf508cb04df00dbdb4ee7c3bfd94bd8fb92148d7471d6ce27b
74,results/nonlinear_transfer_v1/object_2009/receiver_only,NONLINEAR_ITERATION_LABEL_I,14,,,48,0,,,,,True,REQUESTED_COUNTER_KEY_NOT_SAVED,6dd4a7d670b493cf508cb04df00dbdb4ee7c3bfd94bd8fb92148d7471d6ce27b
74,results/nonlinear_transfer_v1/object_2009/receiver_only,NONLINEAR_ITERATION,15,,,,,,,,,True,ACTUAL_COUNTER_VIEW_NOT_SAVED,6dd4a7d670b493cf508cb04df00dbdb4ee7c3bfd94bd8fb92148d7471d6ce27b
74,results/nonlinear_transfer_v1/object_2009/receiver_only,NONLINEAR_ITERATION_LABEL_A,15,,,0,0,,,,,True,REQUESTED_COUNTER_KEY_NOT_SAVED,6dd4a7d670b493cf508cb04df00dbdb4ee7c3bfd94bd8fb92148d7471d6ce27b
74,results/nonlinear_transfer_v1/object_2009/receiver_only,NONLINEAR_ITERATION_LABEL_B,15,,,0,0,,,,,True,REQUESTED_COUNTER_KEY_NOT_SAVED,6dd4a7d670b493cf508cb04df00dbdb4ee7c3bfd94bd8fb92148d7471d6ce27b
74,results/nonlinear_transfer_v1/object_2009/receiver_only,NONLINEAR_ITERATION_LABEL_I,15,,,60,0,,,,,True,REQUESTED_COUNTER_KEY_NOT_SAVED,6dd4a7d670b493cf508cb04df00dbdb4ee7c3bfd94bd8fb92148d7471d6ce27b
74,results/nonlinear_transfer_v1/object_2009/receiver_only,NONLINEAR_ITERATION,16,,,,,,,,,True,ACTUAL_COUNTER_VIEW_NOT_SAVED,6dd4a7d670b493cf508cb04df00dbdb4ee7c3bfd94bd8fb92148d7471d6ce27b
74,results/nonlinear_transfer_v1/object_2009/receiver_only,NONLINEAR_ITERATION_LABEL_A,16,,,0,0,,,,,True,REQUESTED_COUNTER_KEY_NOT_SAVED,6dd4a7d670b493cf508cb04df00dbdb4ee7c3bfd94bd8fb92148d7471d6ce27b
74,results/nonlinear_transfer_v1/object_2009/receiver_only,NONLINEAR_ITERATION_LABEL_B,16,,,0,0,,,,,True,REQUESTED_COUNTER_KEY_NOT_SAVED,6dd4a7d670b493cf508cb04df00dbdb4ee7c3bfd94bd8fb92148d7471d6ce27b
74,results/nonlinear_transfer_v1/object_2009/receiver_only,NONLINEAR_ITERATION_LABEL_I,16,,,60,0,,,,,True,REQUESTED_COUNTER_KEY_NOT_SAVED,6dd4a7d670b493cf508cb04df00dbdb4ee7c3bfd94bd8fb92148d7471d6ce27b
74,results/nonlinear_transfer_v1/object_2009/receiver_only,NONLINEAR_ITERATION,17,,,,,,,,,True,ACTUAL_COUNTER_VIEW_NOT_SAVED,6dd4a7d670b493cf508cb04df00dbdb4ee7c3bfd94bd8fb92148d7471d6ce27b
74,results/nonlinear_transfer_v1/object_2009/receiver_only,NONLINEAR_ITERATION_LABEL_A,17,,,0,0,,,,,True,REQUESTED_COUNTER_KEY_NOT_SAVED,6dd4a7d670b493cf508cb04df00dbdb4ee7c3bfd94bd8fb92148d7471d6ce27b
74,results/nonlinear_transfer_v1/object_2009/receiver_only,NONLINEAR_ITERATION_LABEL_B,17,,,0,0,,,,,True,REQUESTED_COUNTER_KEY_NOT_SAVED,6dd4a7d670b493cf508cb04df00dbdb4ee7c3bfd94bd8fb92148d7471d6ce27b
74,results/nonlinear_transfer_v1/object_2009/receiver_only,NONLINEAR_ITERATION_LABEL_I,17,,,60,0,,,,,True,REQUESTED_COUNTER_KEY_NOT_SAVED,6dd4a7d670b493cf508cb04df00dbdb4ee7c3bfd94bd8fb92148d7471d6ce27b
75,results/nonlinear_transfer_v1/object_2009/verified_exchange,STATE,,,744,552,108,,,,,True,,6dd4a7d670b493cf508cb04df00dbdb4ee7c3bfd94bd8fb92148d7471d6ce27b
75,results/nonlinear_transfer_v1/object_2009/verified_exchange,NONLINEAR_ITERATION,0,,,,,,,,,True,ACTUAL_COUNTER_VIEW_NOT_SAVED,6dd4a7d670b493cf508cb04df00dbdb4ee7c3bfd94bd8fb92148d7471d6ce27b
75,results/nonlinear_transfer_v1/object_2009/verified_exchange,NONLINEAR_ITERATION_LABEL_A,0,,,6,,,,,,True,REQUESTED_COUNTER_KEY_NOT_SAVED,6dd4a7d670b493cf508cb04df00dbdb4ee7c3bfd94bd8fb92148d7471d6ce27b
75,results/nonlinear_transfer_v1/object_2009/verified_exchange,NONLINEAR_ITERATION_LABEL_F,0,,42,0,0,,,,,True,,6dd4a7d670b493cf508cb04df00dbdb4ee7c3bfd94bd8fb92148d7471d6ce27b
75,results/nonlinear_transfer_v1/object_2009/verified_exchange,NONLINEAR_ITERATION_LABEL_I,0,,0,6,0,,,,,True,,6dd4a7d670b493cf508cb04df00dbdb4ee7c3bfd94bd8fb92148d7471d6ce27b
75,results/nonlinear_transfer_v1/object_2009/verified_exchange,ITERATION_ONLINE_POLICY,0,,42,0,0,,,6,36,True,,6dd4a7d670b493cf508cb04df00dbdb4ee7c3bfd94bd8fb92148d7471d6ce27b
75,results/nonlinear_transfer_v1/object_2009/verified_exchange,ITERATION_ONLINE_POLICY_LABEL_F,0,,42,0,0,,,6,36,True,,6dd4a7d670b493cf508cb04df00dbdb4ee7c3bfd94bd8fb92148d7471d6ce27b
75,results/nonlinear_transfer_v1/object_2009/verified_exchange,NONLINEAR_ITERATION,1,,,,,,,,,True,ACTUAL_COUNTER_VIEW_NOT_SAVED,6dd4a7d670b493cf508cb04df00dbdb4ee7c3bfd94bd8fb92148d7471d6ce27b
75,results/nonlinear_transfer_v1/object_2009/verified_exchange,NONLINEAR_ITERATION_LABEL_A,1,,0,0,0,,,,,True,,6dd4a7d670b493cf508cb04df00dbdb4ee7c3bfd94bd8fb92148d7471d6ce27b
75,results/nonlinear_transfer_v1/object_2009/verified_exchange,NONLINEAR_ITERATION_LABEL_F,1,,42,0,0,,,,,True,,6dd4a7d670b493cf508cb04df00dbdb4ee7c3bfd94bd8fb92148d7471d6ce27b
75,results/nonlinear_transfer_v1/object_2009/verified_exchange,NONLINEAR_ITERATION_LABEL_I,1,,0,6,0,,,,,True,,6dd4a7d670b493cf508cb04df00dbdb4ee7c3bfd94bd8fb92148d7471d6ce27b
75,results/nonlinear_transfer_v1/object_2009/verified_exchange,ITERATION_ONLINE_POLICY,1,,42,0,0,,,6,36,True,,6dd4a7d670b493cf508cb04df00dbdb4ee7c3bfd94bd8fb92148d7471d6ce27b
75,results/nonlinear_transfer_v1/object_2009/verified_exchange,ITERATION_ONLINE_POLICY_LABEL_F,1,,42,0,0,,,6,36,True,,6dd4a7d670b493cf508cb04df00dbdb4ee7c3bfd94bd8fb92148d7471d6ce27b
75,results/nonlinear_transfer_v1/object_2009/verified_exchange,NONLINEAR_ITERATION,2,,,,,,,,,True,ACTUAL_COUNTER_VIEW_NOT_SAVED,6dd4a7d670b493cf508cb04df00dbdb4ee7c3bfd94bd8fb92148d7471d6ce27b
75,results/nonlinear_transfer_v1/object_2009/verified_exchange,NONLINEAR_ITERATION_LABEL_A,2,,0,0,0,,,,,True,,6dd4a7d670b493cf508cb04df00dbdb4ee7c3bfd94bd8fb92148d7471d6ce27b
75,results/nonlinear_transfer_v1/object_2009/verified_exchange,NONLINEAR_ITERATION_LABEL_F,2,,30,0,0,,,,,True,,6dd4a7d670b493cf508cb04df00dbdb4ee7c3bfd94bd8fb92148d7471d6ce27b
75,results/nonlinear_transfer_v1/object_2009/verified_exchange,NONLINEAR_ITERATION_LABEL_I,2,,0,6,0,,,,,True,,6dd4a7d670b493cf508cb04df00dbdb4ee7c3bfd94bd8fb92148d7471d6ce27b
75,results/nonlinear_transfer_v1/object_2009/verified_exchange,ITERATION_ONLINE_POLICY,2,,30,0,0,,,6,24,True,,6dd4a7d670b493cf508cb04df00dbdb4ee7c3bfd94bd8fb92148d7471d6ce27b
75,results/nonlinear_transfer_v1/object_2009/verified_exchange,ITERATION_ONLINE_POLICY_LABEL_F,2,,30,0,0,,,6,24,True,,6dd4a7d670b493cf508cb04df00dbdb4ee7c3bfd94bd8fb92148d7471d6ce27b
75,results/nonlinear_transfer_v1/object_2009/verified_exchange,NONLINEAR_ITERATION,3,,,,,,,,,True,ACTUAL_COUNTER_VIEW_NOT_SAVED,6dd4a7d670b493cf508cb04df00dbdb4ee7c3bfd94bd8fb92148d7471d6ce27b
75,results/nonlinear_transfer_v1/object_2009/verified_exchange,NONLINEAR_ITERATION_LABEL_A,3,,0,0,0,,,,,True,,6dd4a7d670b493cf508cb04df00dbdb4ee7c3bfd94bd8fb92148d7471d6ce27b
75,results/nonlinear_transfer_v1/object_2009/verified_exchange,NONLINEAR_ITERATION_LABEL_F,3,,42,0,0,,,,,True,,6dd4a7d670b493cf508cb04df00dbdb4ee7c3bfd94bd8fb92148d7471d6ce27b
75,results/nonlinear_transfer_v1/object_2009/verified_exchange,NONLINEAR_ITERATION_LABEL_I,3,,0,6,0,,,,,True,,6dd4a7d670b493cf508cb04df00dbdb4ee7c3bfd94bd8fb92148d7471d6ce27b
75,results/nonlinear_transfer_v1/object_2009/verified_exchange,ITERATION_ONLINE_POLICY,3,,42,0,0,,,6,36,True,,6dd4a7d670b493cf508cb04df00dbdb4ee7c3bfd94bd8fb92148d7471d6ce27b
75,results/nonlinear_transfer_v1/object_2009/verified_exchange,ITERATION_ONLINE_POLICY_LABEL_F,3,,42,0,0,,,6,36,True,,6dd4a7d670b493cf508cb04df00dbdb4ee7c3bfd94bd8fb92148d7471d6ce27b
75,results/nonlinear_transfer_v1/object_2009/verified_exchange,NONLINEAR_ITERATION,4,,,,,,,,,True,ACTUAL_COUNTER_VIEW_NOT_SAVED,6dd4a7d670b493cf508cb04df00dbdb4ee7c3bfd94bd8fb92148d7471d6ce27b
75,results/nonlinear_transfer_v1/object_2009/verified_exchange,NONLINEAR_ITERATION_LABEL_A,4,,0,0,0,,,,,True,,6dd4a7d670b493cf508cb04df00dbdb4ee7c3bfd94bd8fb92148d7471d6ce27b
75,results/nonlinear_transfer_v1/object_2009/verified_exchange,NONLINEAR_ITERATION_LABEL_F,4,,42,0,0,,,,,True,,6dd4a7d670b493cf508cb04df00dbdb4ee7c3bfd94bd8fb92148d7471d6ce27b
75,results/nonlinear_transfer_v1/object_2009/verified_exchange,NONLINEAR_ITERATION_LABEL_I,4,,0,6,0,,,,,True,,6dd4a7d670b493cf508cb04df00dbdb4ee7c3bfd94bd8fb92148d7471d6ce27b
75,results/nonlinear_transfer_v1/object_2009/verified_exchange,ITERATION_ONLINE_POLICY,4,,42,0,0,,,6,36,True,,6dd4a7d670b493cf508cb04df00dbdb4ee7c3bfd94bd8fb92148d7471d6ce27b
75,results/nonlinear_transfer_v1/object_2009/verified_exchange,ITERATION_ONLINE_POLICY_LABEL_F,4,,42,0,0,,,6,36,True,,6dd4a7d670b493cf508cb04df00dbdb4ee7c3bfd94bd8fb92148d7471d6ce27b
75,results/nonlinear_transfer_v1/object_2009/verified_exchange,NONLINEAR_ITERATION,5,,,,,,,,,True,ACTUAL_COUNTER_VIEW_NOT_SAVED,6dd4a7d670b493cf508cb04df00dbdb4ee7c3bfd94bd8fb92148d7471d6ce27b
75,results/nonlinear_transfer_v1/object_2009/verified_exchange,NONLINEAR_ITERATION_LABEL_A,5,,0,0,0,,,,,True,,6dd4a7d670b493cf508cb04df00dbdb4ee7c3bfd94bd8fb92148d7471d6ce27b
75,results/nonlinear_transfer_v1/object_2009/verified_exchange,NONLINEAR_ITERATION_LABEL_F,5,,42,0,0,,,,,True,,6dd4a7d670b493cf508cb04df00dbdb4ee7c3bfd94bd8fb92148d7471d6ce27b
75,results/nonlinear_transfer_v1/object_2009/verified_exchange,NONLINEAR_ITERATION_LABEL_I,5,,0,12,0,,,,,True,,6dd4a7d670b493cf508cb04df00dbdb4ee7c3bfd94bd8fb92148d7471d6ce27b
75,results/nonlinear_transfer_v1/object_2009/verified_exchange,ITERATION_ONLINE_POLICY,5,,42,0,0,,,6,36,True,,6dd4a7d670b493cf508cb04df00dbdb4ee7c3bfd94bd8fb92148d7471d6ce27b
75,results/nonlinear_transfer_v1/object_2009/verified_exchange,ITERATION_ONLINE_POLICY_LABEL_F,5,,42,0,0,,,6,36,True,,6dd4a7d670b493cf508cb04df00dbdb4ee7c3bfd94bd8fb92148d7471d6ce27b
75,results/nonlinear_transfer_v1/object_2009/verified_exchange,NONLINEAR_ITERATION,6,,,,,,,,,True,ACTUAL_COUNTER_VIEW_NOT_SAVED,6dd4a7d670b493cf508cb04df00dbdb4ee7c3bfd94bd8fb92148d7471d6ce27b
75,results/nonlinear_transfer_v1/object_2009/verified_exchange,NONLINEAR_ITERATION_LABEL_A,6,,0,0,0,,,,,True,,6dd4a7d670b493cf508cb04df00dbdb4ee7c3bfd94bd8fb92148d7471d6ce27b
75,results/nonlinear_transfer_v1/object_2009/verified_exchange,NONLINEAR_ITERATION_LABEL_F,6,,42,0,0,,,,,True,,6dd4a7d670b493cf508cb04df00dbdb4ee7c3bfd94bd8fb92148d7471d6ce27b
75,results/nonlinear_transfer_v1/object_2009/verified_exchange,NONLINEAR_ITERATION_LABEL_I,6,,0,36,0,,,,,True,,6dd4a7d670b493cf508cb04df00dbdb4ee7c3bfd94bd8fb92148d7471d6ce27b
75,results/nonlinear_transfer_v1/object_2009/verified_exchange,ITERATION_ONLINE_POLICY,6,,42,0,0,,,6,36,True,,6dd4a7d670b493cf508cb04df00dbdb4ee7c3bfd94bd8fb92148d7471d6ce27b
75,results/nonlinear_transfer_v1/object_2009/verified_exchange,ITERATION_ONLINE_POLICY_LABEL_F,6,,42,0,0,,,6,36,True,,6dd4a7d670b493cf508cb04df00dbdb4ee7c3bfd94bd8fb92148d7471d6ce27b
75,results/nonlinear_transfer_v1/object_2009/verified_exchange,NONLINEAR_ITERATION,7,,,,,,,,,True,ACTUAL_COUNTER_VIEW_NOT_SAVED,6dd4a7d670b493cf508cb04df00dbdb4ee7c3bfd94bd8fb92148d7471d6ce27b
75,results/nonlinear_transfer_v1/object_2009/verified_exchange,NONLINEAR_ITERATION_LABEL_A,7,,0,0,0,,,,,True,,6dd4a7d670b493cf508cb04df00dbdb4ee7c3bfd94bd8fb92148d7471d6ce27b
75,results/nonlinear_transfer_v1/object_2009/verified_exchange,NONLINEAR_ITERATION_LABEL_F,7,,42,0,0,,,,,True,,6dd4a7d670b493cf508cb04df00dbdb4ee7c3bfd94bd8fb92148d7471d6ce27b
75,results/nonlinear_transfer_v1/object_2009/verified_exchange,NONLINEAR_ITERATION_LABEL_I,7,,0,42,0,,,,,True,,6dd4a7d670b493cf508cb04df00dbdb4ee7c3bfd94bd8fb92148d7471d6ce27b
75,results/nonlinear_transfer_v1/object_2009/verified_exchange,ITERATION_ONLINE_POLICY,7,,42,0,0,,,6,36,True,,6dd4a7d670b493cf508cb04df00dbdb4ee7c3bfd94bd8fb92148d7471d6ce27b
75,results/nonlinear_transfer_v1/object_2009/verified_exchange,ITERATION_ONLINE_POLICY_LABEL_F,7,,42,0,0,,,6,36,True,,6dd4a7d670b493cf508cb04df00dbdb4ee7c3bfd94bd8fb92148d7471d6ce27b
75,results/nonlinear_transfer_v1/object_2009/verified_exchange,NONLINEAR_ITERATION,8,,,,,,,,,True,ACTUAL_COUNTER_VIEW_NOT_SAVED,6dd4a7d670b493cf508cb04df00dbdb4ee7c3bfd94bd8fb92148d7471d6ce27b
75,results/nonlinear_transfer_v1/object_2009/verified_exchange,NONLINEAR_ITERATION_LABEL_A,8,,0,0,0,,,,,True,,6dd4a7d670b493cf508cb04df00dbdb4ee7c3bfd94bd8fb92148d7471d6ce27b
75,results/nonlinear_transfer_v1/object_2009/verified_exchange,NONLINEAR_ITERATION_LABEL_F,8,,42,0,0,,,,,True,,6dd4a7d670b493cf508cb04df00dbdb4ee7c3bfd94bd8fb92148d7471d6ce27b
75,results/nonlinear_transfer_v1/object_2009/verified_exchange,NONLINEAR_ITERATION_LABEL_I,8,,0,12,0,,,,,True,,6dd4a7d670b493cf508cb04df00dbdb4ee7c3bfd94bd8fb92148d7471d6ce27b
75,results/nonlinear_transfer_v1/object_2009/verified_exchange,ITERATION_ONLINE_POLICY,8,,42,0,0,,,6,36,True,,6dd4a7d670b493cf508cb04df00dbdb4ee7c3bfd94bd8fb92148d7471d6ce27b
75,results/nonlinear_transfer_v1/object_2009/verified_exchange,ITERATION_ONLINE_POLICY_LABEL_F,8,,42,0,0,,,6,36,True,,6dd4a7d670b493cf508cb04df00dbdb4ee7c3bfd94bd8fb92148d7471d6ce27b
75,results/nonlinear_transfer_v1/object_2009/verified_exchange,NONLINEAR_ITERATION,9,,,,,,,,,True,ACTUAL_COUNTER_VIEW_NOT_SAVED,6dd4a7d670b493cf508cb04df00dbdb4ee7c3bfd94bd8fb92148d7471d6ce27b
75,results/nonlinear_transfer_v1/object_2009/verified_exchange,NONLINEAR_ITERATION_LABEL_A,9,,0,0,0,,,,,True,,6dd4a7d670b493cf508cb04df00dbdb4ee7c3bfd94bd8fb92148d7471d6ce27b
75,results/nonlinear_transfer_v1/object_2009/verified_exchange,NONLINEAR_ITERATION_LABEL_F,9,,42,0,0,,,,,True,,6dd4a7d670b493cf508cb04df00dbdb4ee7c3bfd94bd8fb92148d7471d6ce27b
75,results/nonlinear_transfer_v1/object_2009/verified_exchange,NONLINEAR_ITERATION_LABEL_I,9,,0,42,0,,,,,True,,6dd4a7d670b493cf508cb04df00dbdb4ee7c3bfd94bd8fb92148d7471d6ce27b
75,results/nonlinear_transfer_v1/object_2009/verified_exchange,ITERATION_ONLINE_POLICY,9,,42,0,0,,,6,36,True,,6dd4a7d670b493cf508cb04df00dbdb4ee7c3bfd94bd8fb92148d7471d6ce27b
75,results/nonlinear_transfer_v1/object_2009/verified_exchange,ITERATION_ONLINE_POLICY_LABEL_F,9,,42,0,0,,,6,36,True,,6dd4a7d670b493cf508cb04df00dbdb4ee7c3bfd94bd8fb92148d7471d6ce27b
75,results/nonlinear_transfer_v1/object_2009/verified_exchange,NONLINEAR_ITERATION,10,,,,,,,,,True,ACTUAL_COUNTER_VIEW_NOT_SAVED,6dd4a7d670b493cf508cb04df00dbdb4ee7c3bfd94bd8fb92148d7471d6ce27b
75,results/nonlinear_transfer_v1/object_2009/verified_exchange,NONLINEAR_ITERATION_LABEL_A,10,,0,0,0,,,,,True,,6dd4a7d670b493cf508cb04df00dbdb4ee7c3bfd94bd8fb92148d7471d6ce27b
75,results/nonlinear_transfer_v1/object_2009/verified_exchange,NONLINEAR_ITERATION_LABEL_F,10,,42,0,0,,,,,True,,6dd4a7d670b493cf508cb04df00dbdb4ee7c3bfd94bd8fb92148d7471d6ce27b
75,results/nonlinear_transfer_v1/object_2009/verified_exchange,NONLINEAR_ITERATION_LABEL_I,10,,0,24,0,,,,,True,,6dd4a7d670b493cf508cb04df00dbdb4ee7c3bfd94bd8fb92148d7471d6ce27b
75,results/nonlinear_transfer_v1/object_2009/verified_exchange,ITERATION_ONLINE_POLICY,10,,42,0,0,,,6,36,True,,6dd4a7d670b493cf508cb04df00dbdb4ee7c3bfd94bd8fb92148d7471d6ce27b
75,results/nonlinear_transfer_v1/object_2009/verified_exchange,ITERATION_ONLINE_POLICY_LABEL_F,10,,42,0,0,,,6,36,True,,6dd4a7d670b493cf508cb04df00dbdb4ee7c3bfd94bd8fb92148d7471d6ce27b
75,results/nonlinear_transfer_v1/object_2009/verified_exchange,NONLINEAR_ITERATION,11,,,,,,,,,True,ACTUAL_COUNTER_VIEW_NOT_SAVED,6dd4a7d670b493cf508cb04df00dbdb4ee7c3bfd94bd8fb92148d7471d6ce27b
75,results/nonlinear_transfer_v1/object_2009/verified_exchange,NONLINEAR_ITERATION_LABEL_A,11,,0,0,0,,,,,True,,6dd4a7d670b493cf508cb04df00dbdb4ee7c3bfd94bd8fb92148d7471d6ce27b
75,results/nonlinear_transfer_v1/object_2009/verified_exchange,NONLINEAR_ITERATION_LABEL_F,11,,42,0,0,,,,,True,,6dd4a7d670b493cf508cb04df00dbdb4ee7c3bfd94bd8fb92148d7471d6ce27b
75,results/nonlinear_transfer_v1/object_2009/verified_exchange,NONLINEAR_ITERATION_LABEL_I,11,,0,12,0,,,,,True,,6dd4a7d670b493cf508cb04df00dbdb4ee7c3bfd94bd8fb92148d7471d6ce27b
75,results/nonlinear_transfer_v1/object_2009/verified_exchange,ITERATION_ONLINE_POLICY,11,,42,0,0,,,6,36,True,,6dd4a7d670b493cf508cb04df00dbdb4ee7c3bfd94bd8fb92148d7471d6ce27b
75,results/nonlinear_transfer_v1/object_2009/verified_exchange,ITERATION_ONLINE_POLICY_LABEL_F,11,,42,0,0,,,6,36,True,,6dd4a7d670b493cf508cb04df00dbdb4ee7c3bfd94bd8fb92148d7471d6ce27b
75,results/nonlinear_transfer_v1/object_2009/verified_exchange,NONLINEAR_ITERATION,12,,,,,,,,,True,ACTUAL_COUNTER_VIEW_NOT_SAVED,6dd4a7d670b493cf508cb04df00dbdb4ee7c3bfd94bd8fb92148d7471d6ce27b
75,results/nonlinear_transfer_v1/object_2009/verified_exchange,NONLINEAR_ITERATION_LABEL_A,12,,0,0,0,,,,,True,,6dd4a7d670b493cf508cb04df00dbdb4ee7c3bfd94bd8fb92148d7471d6ce27b
75,results/nonlinear_transfer_v1/object_2009/verified_exchange,NONLINEAR_ITERATION_LABEL_F,12,,42,0,0,,,,,True,,6dd4a7d670b493cf508cb04df00dbdb4ee7c3bfd94bd8fb92148d7471d6ce27b
75,results/nonlinear_transfer_v1/object_2009/verified_exchange,NONLINEAR_ITERATION_LABEL_I,12,,0,48,0,,,,,True,,6dd4a7d670b493cf508cb04df00dbdb4ee7c3bfd94bd8fb92148d7471d6ce27b
75,results/nonlinear_transfer_v1/object_2009/verified_exchange,ITERATION_ONLINE_POLICY,12,,42,0,0,,,6,36,True,,6dd4a7d670b493cf508cb04df00dbdb4ee7c3bfd94bd8fb92148d7471d6ce27b
75,results/nonlinear_transfer_v1/object_2009/verified_exchange,ITERATION_ONLINE_POLICY_LABEL_F,12,,42,0,0,,,6,36,True,,6dd4a7d670b493cf508cb04df00dbdb4ee7c3bfd94bd8fb92148d7471d6ce27b
75,results/nonlinear_transfer_v1/object_2009/verified_exchange,NONLINEAR_ITERATION,13,,,,,,,,,True,ACTUAL_COUNTER_VIEW_NOT_SAVED,6dd4a7d670b493cf508cb04df00dbdb4ee7c3bfd94bd8fb92148d7471d6ce27b
75,results/nonlinear_transfer_v1/object_2009/verified_exchange,NONLINEAR_ITERATION_LABEL_A,13,,0,0,0,,,,,True,,6dd4a7d670b493cf508cb04df00dbdb4ee7c3bfd94bd8fb92148d7471d6ce27b
75,results/nonlinear_transfer_v1/object_2009/verified_exchange,NONLINEAR_ITERATION_LABEL_F,13,,42,0,0,,,,,True,,6dd4a7d670b493cf508cb04df00dbdb4ee7c3bfd94bd8fb92148d7471d6ce27b
75,results/nonlinear_transfer_v1/object_2009/verified_exchange,NONLINEAR_ITERATION_LABEL_I,13,,0,48,0,,,,,True,,6dd4a7d670b493cf508cb04df00dbdb4ee7c3bfd94bd8fb92148d7471d6ce27b
75,results/nonlinear_transfer_v1/object_2009/verified_exchange,ITERATION_ONLINE_POLICY,13,,42,0,0,,,6,36,True,,6dd4a7d670b493cf508cb04df00dbdb4ee7c3bfd94bd8fb92148d7471d6ce27b
75,results/nonlinear_transfer_v1/object_2009/verified_exchange,ITERATION_ONLINE_POLICY_LABEL_F,13,,42,0,0,,,6,36,True,,6dd4a7d670b493cf508cb04df00dbdb4ee7c3bfd94bd8fb92148d7471d6ce27b
75,results/nonlinear_transfer_v1/object_2009/verified_exchange,NONLINEAR_ITERATION,14,,,,,,,,,True,ACTUAL_COUNTER_VIEW_NOT_SAVED,6dd4a7d670b493cf508cb04df00dbdb4ee7c3bfd94bd8fb92148d7471d6ce27b
75,results/nonlinear_transfer_v1/object_2009/verified_exchange,NONLINEAR_ITERATION_LABEL_A,14,,0,0,0,,,,,True,,6dd4a7d670b493cf508cb04df00dbdb4ee7c3bfd94bd8fb92148d7471d6ce27b
75,results/nonlinear_transfer_v1/object_2009/verified_exchange,NONLINEAR_ITERATION_LABEL_F,14,,42,0,0,,,,,True,,6dd4a7d670b493cf508cb04df00dbdb4ee7c3bfd94bd8fb92148d7471d6ce27b
75,results/nonlinear_transfer_v1/object_2009/verified_exchange,NONLINEAR_ITERATION_LABEL_I,14,,0,60,0,,,,,True,,6dd4a7d670b493cf508cb04df00dbdb4ee7c3bfd94bd8fb92148d7471d6ce27b
75,results/nonlinear_transfer_v1/object_2009/verified_exchange,ITERATION_ONLINE_POLICY,14,,42,0,0,,,6,36,True,,6dd4a7d670b493cf508cb04df00dbdb4ee7c3bfd94bd8fb92148d7471d6ce27b
75,results/nonlinear_transfer_v1/object_2009/verified_exchange,ITERATION_ONLINE_POLICY_LABEL_F,14,,42,0,0,,,6,36,True,,6dd4a7d670b493cf508cb04df00dbdb4ee7c3bfd94bd8fb92148d7471d6ce27b
75,results/nonlinear_transfer_v1/object_2009/verified_exchange,NONLINEAR_ITERATION,15,,,,,,,,,True,ACTUAL_COUNTER_VIEW_NOT_SAVED,6dd4a7d670b493cf508cb04df00dbdb4ee7c3bfd94bd8fb92148d7471d6ce27b
75,results/nonlinear_transfer_v1/object_2009/verified_exchange,NONLINEAR_ITERATION_LABEL_A,15,,0,0,0,,,,,True,,6dd4a7d670b493cf508cb04df00dbdb4ee7c3bfd94bd8fb92148d7471d6ce27b
75,results/nonlinear_transfer_v1/object_2009/verified_exchange,NONLINEAR_ITERATION_LABEL_F,15,,42,0,0,,,,,True,,6dd4a7d670b493cf508cb04df00dbdb4ee7c3bfd94bd8fb92148d7471d6ce27b
75,results/nonlinear_transfer_v1/object_2009/verified_exchange,NONLINEAR_ITERATION_LABEL_I,15,,0,60,0,,,,,True,,6dd4a7d670b493cf508cb04df00dbdb4ee7c3bfd94bd8fb92148d7471d6ce27b
75,results/nonlinear_transfer_v1/object_2009/verified_exchange,ITERATION_ONLINE_POLICY,15,,42,0,0,,,6,36,True,,6dd4a7d670b493cf508cb04df00dbdb4ee7c3bfd94bd8fb92148d7471d6ce27b
75,results/nonlinear_transfer_v1/object_2009/verified_exchange,ITERATION_ONLINE_POLICY_LABEL_F,15,,42,0,0,,,6,36,True,,6dd4a7d670b493cf508cb04df00dbdb4ee7c3bfd94bd8fb92148d7471d6ce27b
75,results/nonlinear_transfer_v1/object_2009/verified_exchange,NONLINEAR_ITERATION,16,,,,,,,,,True,ACTUAL_COUNTER_VIEW_NOT_SAVED,6dd4a7d670b493cf508cb04df00dbdb4ee7c3bfd94bd8fb92148d7471d6ce27b
75,results/nonlinear_transfer_v1/object_2009/verified_exchange,NONLINEAR_ITERATION_LABEL_A,16,,0,0,0,,,,,True,,6dd4a7d670b493cf508cb04df00dbdb4ee7c3bfd94bd8fb92148d7471d6ce27b
75,results/nonlinear_transfer_v1/object_2009/verified_exchange,NONLINEAR_ITERATION_LABEL_F,16,,42,0,0,,,,,True,,6dd4a7d670b493cf508cb04df00dbdb4ee7c3bfd94bd8fb92148d7471d6ce27b
75,results/nonlinear_transfer_v1/object_2009/verified_exchange,NONLINEAR_ITERATION_LABEL_I,16,,0,60,0,,,,,True,,6dd4a7d670b493cf508cb04df00dbdb4ee7c3bfd94bd8fb92148d7471d6ce27b
75,results/nonlinear_transfer_v1/object_2009/verified_exchange,ITERATION_ONLINE_POLICY,16,,42,0,0,,,6,36,True,,6dd4a7d670b493cf508cb04df00dbdb4ee7c3bfd94bd8fb92148d7471d6ce27b
75,results/nonlinear_transfer_v1/object_2009/verified_exchange,ITERATION_ONLINE_POLICY_LABEL_F,16,,42,0,0,,,6,36,True,,6dd4a7d670b493cf508cb04df00dbdb4ee7c3bfd94bd8fb92148d7471d6ce27b
75,results/nonlinear_transfer_v1/object_2009/verified_exchange,NONLINEAR_ITERATION,17,,,,,,,,,True,ACTUAL_COUNTER_VIEW_NOT_SAVED,6dd4a7d670b493cf508cb04df00dbdb4ee7c3bfd94bd8fb92148d7471d6ce27b
75,results/nonlinear_transfer_v1/object_2009/verified_exchange,NONLINEAR_ITERATION_LABEL_A,17,,0,0,0,,,,,True,,6dd4a7d670b493cf508cb04df00dbdb4ee7c3bfd94bd8fb92148d7471d6ce27b
75,results/nonlinear_transfer_v1/object_2009/verified_exchange,NONLINEAR_ITERATION_LABEL_F,17,,42,0,0,,,,,True,,6dd4a7d670b493cf508cb04df00dbdb4ee7c3bfd94bd8fb92148d7471d6ce27b
75,results/nonlinear_transfer_v1/object_2009/verified_exchange,NONLINEAR_ITERATION_LABEL_I,17,,0,60,0,,,,,True,,6dd4a7d670b493cf508cb04df00dbdb4ee7c3bfd94bd8fb92148d7471d6ce27b
75,results/nonlinear_transfer_v1/object_2009/verified_exchange,ITERATION_ONLINE_POLICY,17,,42,0,0,,,6,36,True,,6dd4a7d670b493cf508cb04df00dbdb4ee7c3bfd94bd8fb92148d7471d6ce27b
75,results/nonlinear_transfer_v1/object_2009/verified_exchange,ITERATION_ONLINE_POLICY_LABEL_F,17,,42,0,0,,,6,36,True,,6dd4a7d670b493cf508cb04df00dbdb4ee7c3bfd94bd8fb92148d7471d6ce27b
76,results/nonlinear_transfer_v1/object_2016/verified_exchange,STATE,,,702,708,108,,,,,True,,6dd4a7d670b493cf508cb04df00dbdb4ee7c3bfd94bd8fb92148d7471d6ce27b
76,results/nonlinear_transfer_v1/object_2016/verified_exchange,NONLINEAR_ITERATION,0,,,,,,,,,True,ACTUAL_COUNTER_VIEW_NOT_SAVED,6dd4a7d670b493cf508cb04df00dbdb4ee7c3bfd94bd8fb92148d7471d6ce27b
76,results/nonlinear_transfer_v1/object_2016/verified_exchange,NONLINEAR_ITERATION_LABEL_A,0,,,6,,,,,,True,REQUESTED_COUNTER_KEY_NOT_SAVED,6dd4a7d670b493cf508cb04df00dbdb4ee7c3bfd94bd8fb92148d7471d6ce27b
76,results/nonlinear_transfer_v1/object_2016/verified_exchange,NONLINEAR_ITERATION_LABEL_F,0,,42,0,0,,,,,True,,6dd4a7d670b493cf508cb04df00dbdb4ee7c3bfd94bd8fb92148d7471d6ce27b
76,results/nonlinear_transfer_v1/object_2016/verified_exchange,NONLINEAR_ITERATION_LABEL_I,0,,0,6,0,,,,,True,,6dd4a7d670b493cf508cb04df00dbdb4ee7c3bfd94bd8fb92148d7471d6ce27b
76,results/nonlinear_transfer_v1/object_2016/verified_exchange,ITERATION_ONLINE_POLICY,0,,42,0,0,,,6,36,True,,6dd4a7d670b493cf508cb04df00dbdb4ee7c3bfd94bd8fb92148d7471d6ce27b
76,results/nonlinear_transfer_v1/object_2016/verified_exchange,ITERATION_ONLINE_POLICY_LABEL_F,0,,42,0,0,,,6,36,True,,6dd4a7d670b493cf508cb04df00dbdb4ee7c3bfd94bd8fb92148d7471d6ce27b
76,results/nonlinear_transfer_v1/object_2016/verified_exchange,NONLINEAR_ITERATION,1,,,,,,,,,True,ACTUAL_COUNTER_VIEW_NOT_SAVED,6dd4a7d670b493cf508cb04df00dbdb4ee7c3bfd94bd8fb92148d7471d6ce27b
76,results/nonlinear_transfer_v1/object_2016/verified_exchange,NONLINEAR_ITERATION_LABEL_A,1,,0,0,0,,,,,True,,6dd4a7d670b493cf508cb04df00dbdb4ee7c3bfd94bd8fb92148d7471d6ce27b
76,results/nonlinear_transfer_v1/object_2016/verified_exchange,NONLINEAR_ITERATION_LABEL_F,1,,42,0,0,,,,,True,,6dd4a7d670b493cf508cb04df00dbdb4ee7c3bfd94bd8fb92148d7471d6ce27b
76,results/nonlinear_transfer_v1/object_2016/verified_exchange,NONLINEAR_ITERATION_LABEL_I,1,,0,6,0,,,,,True,,6dd4a7d670b493cf508cb04df00dbdb4ee7c3bfd94bd8fb92148d7471d6ce27b
76,results/nonlinear_transfer_v1/object_2016/verified_exchange,ITERATION_ONLINE_POLICY,1,,42,0,0,,,6,36,True,,6dd4a7d670b493cf508cb04df00dbdb4ee7c3bfd94bd8fb92148d7471d6ce27b
76,results/nonlinear_transfer_v1/object_2016/verified_exchange,ITERATION_ONLINE_POLICY_LABEL_F,1,,42,0,0,,,6,36,True,,6dd4a7d670b493cf508cb04df00dbdb4ee7c3bfd94bd8fb92148d7471d6ce27b
76,results/nonlinear_transfer_v1/object_2016/verified_exchange,NONLINEAR_ITERATION,2,,,,,,,,,True,ACTUAL_COUNTER_VIEW_NOT_SAVED,6dd4a7d670b493cf508cb04df00dbdb4ee7c3bfd94bd8fb92148d7471d6ce27b
76,results/nonlinear_transfer_v1/object_2016/verified_exchange,NONLINEAR_ITERATION_LABEL_A,2,,0,0,0,,,,,True,,6dd4a7d670b493cf508cb04df00dbdb4ee7c3bfd94bd8fb92148d7471d6ce27b
76,results/nonlinear_transfer_v1/object_2016/verified_exchange,NONLINEAR_ITERATION_LABEL_F,2,,42,0,0,,,,,True,,6dd4a7d670b493cf508cb04df00dbdb4ee7c3bfd94bd8fb92148d7471d6ce27b
76,results/nonlinear_transfer_v1/object_2016/verified_exchange,NONLINEAR_ITERATION_LABEL_I,2,,0,6,0,,,,,True,,6dd4a7d670b493cf508cb04df00dbdb4ee7c3bfd94bd8fb92148d7471d6ce27b
76,results/nonlinear_transfer_v1/object_2016/verified_exchange,ITERATION_ONLINE_POLICY,2,,42,0,0,,,6,36,True,,6dd4a7d670b493cf508cb04df00dbdb4ee7c3bfd94bd8fb92148d7471d6ce27b
76,results/nonlinear_transfer_v1/object_2016/verified_exchange,ITERATION_ONLINE_POLICY_LABEL_F,2,,42,0,0,,,6,36,True,,6dd4a7d670b493cf508cb04df00dbdb4ee7c3bfd94bd8fb92148d7471d6ce27b
76,results/nonlinear_transfer_v1/object_2016/verified_exchange,NONLINEAR_ITERATION,3,,,,,,,,,True,ACTUAL_COUNTER_VIEW_NOT_SAVED,6dd4a7d670b493cf508cb04df00dbdb4ee7c3bfd94bd8fb92148d7471d6ce27b
76,results/nonlinear_transfer_v1/object_2016/verified_exchange,NONLINEAR_ITERATION_LABEL_A,3,,0,0,0,,,,,True,,6dd4a7d670b493cf508cb04df00dbdb4ee7c3bfd94bd8fb92148d7471d6ce27b
76,results/nonlinear_transfer_v1/object_2016/verified_exchange,NONLINEAR_ITERATION_LABEL_F,3,,42,0,0,,,,,True,,6dd4a7d670b493cf508cb04df00dbdb4ee7c3bfd94bd8fb92148d7471d6ce27b
76,results/nonlinear_transfer_v1/object_2016/verified_exchange,NONLINEAR_ITERATION_LABEL_I,3,,0,12,0,,,,,True,,6dd4a7d670b493cf508cb04df00dbdb4ee7c3bfd94bd8fb92148d7471d6ce27b
76,results/nonlinear_transfer_v1/object_2016/verified_exchange,ITERATION_ONLINE_POLICY,3,,42,0,0,,,6,36,True,,6dd4a7d670b493cf508cb04df00dbdb4ee7c3bfd94bd8fb92148d7471d6ce27b
76,results/nonlinear_transfer_v1/object_2016/verified_exchange,ITERATION_ONLINE_POLICY_LABEL_F,3,,42,0,0,,,6,36,True,,6dd4a7d670b493cf508cb04df00dbdb4ee7c3bfd94bd8fb92148d7471d6ce27b
76,results/nonlinear_transfer_v1/object_2016/verified_exchange,NONLINEAR_ITERATION,4,,,,,,,,,True,ACTUAL_COUNTER_VIEW_NOT_SAVED,6dd4a7d670b493cf508cb04df00dbdb4ee7c3bfd94bd8fb92148d7471d6ce27b
76,results/nonlinear_transfer_v1/object_2016/verified_exchange,NONLINEAR_ITERATION_LABEL_A,4,,0,0,0,,,,,True,,6dd4a7d670b493cf508cb04df00dbdb4ee7c3bfd94bd8fb92148d7471d6ce27b
76,results/nonlinear_transfer_v1/object_2016/verified_exchange,NONLINEAR_ITERATION_LABEL_F,4,,42,0,0,,,,,True,,6dd4a7d670b493cf508cb04df00dbdb4ee7c3bfd94bd8fb92148d7471d6ce27b
76,results/nonlinear_transfer_v1/object_2016/verified_exchange,NONLINEAR_ITERATION_LABEL_I,4,,0,12,0,,,,,True,,6dd4a7d670b493cf508cb04df00dbdb4ee7c3bfd94bd8fb92148d7471d6ce27b
76,results/nonlinear_transfer_v1/object_2016/verified_exchange,ITERATION_ONLINE_POLICY,4,,42,0,0,,,6,36,True,,6dd4a7d670b493cf508cb04df00dbdb4ee7c3bfd94bd8fb92148d7471d6ce27b
76,results/nonlinear_transfer_v1/object_2016/verified_exchange,ITERATION_ONLINE_POLICY_LABEL_F,4,,42,0,0,,,6,36,True,,6dd4a7d670b493cf508cb04df00dbdb4ee7c3bfd94bd8fb92148d7471d6ce27b
76,results/nonlinear_transfer_v1/object_2016/verified_exchange,NONLINEAR_ITERATION,5,,,,,,,,,True,ACTUAL_COUNTER_VIEW_NOT_SAVED,6dd4a7d670b493cf508cb04df00dbdb4ee7c3bfd94bd8fb92148d7471d6ce27b
76,results/nonlinear_transfer_v1/object_2016/verified_exchange,NONLINEAR_ITERATION_LABEL_A,5,,0,0,0,,,,,True,,6dd4a7d670b493cf508cb04df00dbdb4ee7c3bfd94bd8fb92148d7471d6ce27b
76,results/nonlinear_transfer_v1/object_2016/verified_exchange,NONLINEAR_ITERATION_LABEL_F,5,,42,0,0,,,,,True,,6dd4a7d670b493cf508cb04df00dbdb4ee7c3bfd94bd8fb92148d7471d6ce27b
76,results/nonlinear_transfer_v1/object_2016/verified_exchange,NONLINEAR_ITERATION_LABEL_I,5,,0,12,0,,,,,True,,6dd4a7d670b493cf508cb04df00dbdb4ee7c3bfd94bd8fb92148d7471d6ce27b
76,results/nonlinear_transfer_v1/object_2016/verified_exchange,ITERATION_ONLINE_POLICY,5,,42,0,0,,,6,36,True,,6dd4a7d670b493cf508cb04df00dbdb4ee7c3bfd94bd8fb92148d7471d6ce27b
76,results/nonlinear_transfer_v1/object_2016/verified_exchange,ITERATION_ONLINE_POLICY_LABEL_F,5,,42,0,0,,,6,36,True,,6dd4a7d670b493cf508cb04df00dbdb4ee7c3bfd94bd8fb92148d7471d6ce27b
76,results/nonlinear_transfer_v1/object_2016/verified_exchange,NONLINEAR_ITERATION,6,,,,,,,,,True,ACTUAL_COUNTER_VIEW_NOT_SAVED,6dd4a7d670b493cf508cb04df00dbdb4ee7c3bfd94bd8fb92148d7471d6ce27b
76,results/nonlinear_transfer_v1/object_2016/verified_exchange,NONLINEAR_ITERATION_LABEL_A,6,,0,0,0,,,,,True,,6dd4a7d670b493cf508cb04df00dbdb4ee7c3bfd94bd8fb92148d7471d6ce27b
76,results/nonlinear_transfer_v1/object_2016/verified_exchange,NONLINEAR_ITERATION_LABEL_F,6,,42,0,0,,,,,True,,6dd4a7d670b493cf508cb04df00dbdb4ee7c3bfd94bd8fb92148d7471d6ce27b
76,results/nonlinear_transfer_v1/object_2016/verified_exchange,NONLINEAR_ITERATION_LABEL_I,6,,0,48,0,,,,,True,,6dd4a7d670b493cf508cb04df00dbdb4ee7c3bfd94bd8fb92148d7471d6ce27b
76,results/nonlinear_transfer_v1/object_2016/verified_exchange,ITERATION_ONLINE_POLICY,6,,42,0,0,,,6,36,True,,6dd4a7d670b493cf508cb04df00dbdb4ee7c3bfd94bd8fb92148d7471d6ce27b
76,results/nonlinear_transfer_v1/object_2016/verified_exchange,ITERATION_ONLINE_POLICY_LABEL_F,6,,42,0,0,,,6,36,True,,6dd4a7d670b493cf508cb04df00dbdb4ee7c3bfd94bd8fb92148d7471d6ce27b
76,results/nonlinear_transfer_v1/object_2016/verified_exchange,NONLINEAR_ITERATION,7,,,,,,,,,True,ACTUAL_COUNTER_VIEW_NOT_SAVED,6dd4a7d670b493cf508cb04df00dbdb4ee7c3bfd94bd8fb92148d7471d6ce27b
76,results/nonlinear_transfer_v1/object_2016/verified_exchange,NONLINEAR_ITERATION_LABEL_A,7,,0,0,0,,,,,True,,6dd4a7d670b493cf508cb04df00dbdb4ee7c3bfd94bd8fb92148d7471d6ce27b
76,results/nonlinear_transfer_v1/object_2016/verified_exchange,NONLINEAR_ITERATION_LABEL_F,7,,42,0,0,,,,,True,,6dd4a7d670b493cf508cb04df00dbdb4ee7c3bfd94bd8fb92148d7471d6ce27b
76,results/nonlinear_transfer_v1/object_2016/verified_exchange,NONLINEAR_ITERATION_LABEL_I,7,,0,60,0,,,,,True,,6dd4a7d670b493cf508cb04df00dbdb4ee7c3bfd94bd8fb92148d7471d6ce27b
76,results/nonlinear_transfer_v1/object_2016/verified_exchange,ITERATION_ONLINE_POLICY,7,,42,0,0,,,6,36,True,,6dd4a7d670b493cf508cb04df00dbdb4ee7c3bfd94bd8fb92148d7471d6ce27b
76,results/nonlinear_transfer_v1/object_2016/verified_exchange,ITERATION_ONLINE_POLICY_LABEL_F,7,,42,0,0,,,6,36,True,,6dd4a7d670b493cf508cb04df00dbdb4ee7c3bfd94bd8fb92148d7471d6ce27b
76,results/nonlinear_transfer_v1/object_2016/verified_exchange,NONLINEAR_ITERATION,8,,,,,,,,,True,ACTUAL_COUNTER_VIEW_NOT_SAVED,6dd4a7d670b493cf508cb04df00dbdb4ee7c3bfd94bd8fb92148d7471d6ce27b
76,results/nonlinear_transfer_v1/object_2016/verified_exchange,NONLINEAR_ITERATION_LABEL_A,8,,0,0,0,,,,,True,,6dd4a7d670b493cf508cb04df00dbdb4ee7c3bfd94bd8fb92148d7471d6ce27b
76,results/nonlinear_transfer_v1/object_2016/verified_exchange,NONLINEAR_ITERATION_LABEL_F,8,,42,0,0,,,,,True,,6dd4a7d670b493cf508cb04df00dbdb4ee7c3bfd94bd8fb92148d7471d6ce27b
76,results/nonlinear_transfer_v1/object_2016/verified_exchange,NONLINEAR_ITERATION_LABEL_I,8,,0,24,0,,,,,True,,6dd4a7d670b493cf508cb04df00dbdb4ee7c3bfd94bd8fb92148d7471d6ce27b
76,results/nonlinear_transfer_v1/object_2016/verified_exchange,ITERATION_ONLINE_POLICY,8,,42,0,0,,,6,36,True,,6dd4a7d670b493cf508cb04df00dbdb4ee7c3bfd94bd8fb92148d7471d6ce27b
76,results/nonlinear_transfer_v1/object_2016/verified_exchange,ITERATION_ONLINE_POLICY_LABEL_F,8,,42,0,0,,,6,36,True,,6dd4a7d670b493cf508cb04df00dbdb4ee7c3bfd94bd8fb92148d7471d6ce27b
76,results/nonlinear_transfer_v1/object_2016/verified_exchange,NONLINEAR_ITERATION,9,,,,,,,,,True,ACTUAL_COUNTER_VIEW_NOT_SAVED,6dd4a7d670b493cf508cb04df00dbdb4ee7c3bfd94bd8fb92148d7471d6ce27b
76,results/nonlinear_transfer_v1/object_2016/verified_exchange,NONLINEAR_ITERATION_LABEL_A,9,,0,0,0,,,,,True,,6dd4a7d670b493cf508cb04df00dbdb4ee7c3bfd94bd8fb92148d7471d6ce27b
76,results/nonlinear_transfer_v1/object_2016/verified_exchange,NONLINEAR_ITERATION_LABEL_F,9,,42,0,0,,,,,True,,6dd4a7d670b493cf508cb04df00dbdb4ee7c3bfd94bd8fb92148d7471d6ce27b
76,results/nonlinear_transfer_v1/object_2016/verified_exchange,NONLINEAR_ITERATION_LABEL_I,9,,0,60,0,,,,,True,,6dd4a7d670b493cf508cb04df00dbdb4ee7c3bfd94bd8fb92148d7471d6ce27b
76,results/nonlinear_transfer_v1/object_2016/verified_exchange,ITERATION_ONLINE_POLICY,9,,42,0,0,,,6,36,True,,6dd4a7d670b493cf508cb04df00dbdb4ee7c3bfd94bd8fb92148d7471d6ce27b
76,results/nonlinear_transfer_v1/object_2016/verified_exchange,ITERATION_ONLINE_POLICY_LABEL_F,9,,42,0,0,,,6,36,True,,6dd4a7d670b493cf508cb04df00dbdb4ee7c3bfd94bd8fb92148d7471d6ce27b
76,results/nonlinear_transfer_v1/object_2016/verified_exchange,NONLINEAR_ITERATION,10,,,,,,,,,True,ACTUAL_COUNTER_VIEW_NOT_SAVED,6dd4a7d670b493cf508cb04df00dbdb4ee7c3bfd94bd8fb92148d7471d6ce27b
76,results/nonlinear_transfer_v1/object_2016/verified_exchange,NONLINEAR_ITERATION_LABEL_A,10,,0,0,0,,,,,True,,6dd4a7d670b493cf508cb04df00dbdb4ee7c3bfd94bd8fb92148d7471d6ce27b
76,results/nonlinear_transfer_v1/object_2016/verified_exchange,NONLINEAR_ITERATION_LABEL_F,10,,42,0,0,,,,,True,,6dd4a7d670b493cf508cb04df00dbdb4ee7c3bfd94bd8fb92148d7471d6ce27b
76,results/nonlinear_transfer_v1/object_2016/verified_exchange,NONLINEAR_ITERATION_LABEL_I,10,,0,66,0,,,,,True,,6dd4a7d670b493cf508cb04df00dbdb4ee7c3bfd94bd8fb92148d7471d6ce27b
76,results/nonlinear_transfer_v1/object_2016/verified_exchange,ITERATION_ONLINE_POLICY,10,,42,0,0,,,6,36,True,,6dd4a7d670b493cf508cb04df00dbdb4ee7c3bfd94bd8fb92148d7471d6ce27b
76,results/nonlinear_transfer_v1/object_2016/verified_exchange,ITERATION_ONLINE_POLICY_LABEL_F,10,,42,0,0,,,6,36,True,,6dd4a7d670b493cf508cb04df00dbdb4ee7c3bfd94bd8fb92148d7471d6ce27b
76,results/nonlinear_transfer_v1/object_2016/verified_exchange,NONLINEAR_ITERATION,11,,,,,,,,,True,ACTUAL_COUNTER_VIEW_NOT_SAVED,6dd4a7d670b493cf508cb04df00dbdb4ee7c3bfd94bd8fb92148d7471d6ce27b
76,results/nonlinear_transfer_v1/object_2016/verified_exchange,NONLINEAR_ITERATION_LABEL_A,11,,0,0,0,,,,,True,,6dd4a7d670b493cf508cb04df00dbdb4ee7c3bfd94bd8fb92148d7471d6ce27b
76,results/nonlinear_transfer_v1/object_2016/verified_exchange,NONLINEAR_ITERATION_LABEL_F,11,,42,0,0,,,,,True,,6dd4a7d670b493cf508cb04df00dbdb4ee7c3bfd94bd8fb92148d7471d6ce27b
76,results/nonlinear_transfer_v1/object_2016/verified_exchange,NONLINEAR_ITERATION_LABEL_I,11,,0,60,0,,,,,True,,6dd4a7d670b493cf508cb04df00dbdb4ee7c3bfd94bd8fb92148d7471d6ce27b
76,results/nonlinear_transfer_v1/object_2016/verified_exchange,ITERATION_ONLINE_POLICY,11,,42,0,0,,,6,36,True,,6dd4a7d670b493cf508cb04df00dbdb4ee7c3bfd94bd8fb92148d7471d6ce27b
76,results/nonlinear_transfer_v1/object_2016/verified_exchange,ITERATION_ONLINE_POLICY_LABEL_F,11,,42,0,0,,,6,36,True,,6dd4a7d670b493cf508cb04df00dbdb4ee7c3bfd94bd8fb92148d7471d6ce27b
76,results/nonlinear_transfer_v1/object_2016/verified_exchange,NONLINEAR_ITERATION,12,,,,,,,,,True,ACTUAL_COUNTER_VIEW_NOT_SAVED,6dd4a7d670b493cf508cb04df00dbdb4ee7c3bfd94bd8fb92148d7471d6ce27b
76,results/nonlinear_transfer_v1/object_2016/verified_exchange,NONLINEAR_ITERATION_LABEL_A,12,,0,0,0,,,,,True,,6dd4a7d670b493cf508cb04df00dbdb4ee7c3bfd94bd8fb92148d7471d6ce27b
76,results/nonlinear_transfer_v1/object_2016/verified_exchange,NONLINEAR_ITERATION_LABEL_F,12,,42,0,0,,,,,True,,6dd4a7d670b493cf508cb04df00dbdb4ee7c3bfd94bd8fb92148d7471d6ce27b
76,results/nonlinear_transfer_v1/object_2016/verified_exchange,NONLINEAR_ITERATION_LABEL_I,12,,0,66,0,,,,,True,,6dd4a7d670b493cf508cb04df00dbdb4ee7c3bfd94bd8fb92148d7471d6ce27b
76,results/nonlinear_transfer_v1/object_2016/verified_exchange,ITERATION_ONLINE_POLICY,12,,42,0,0,,,6,36,True,,6dd4a7d670b493cf508cb04df00dbdb4ee7c3bfd94bd8fb92148d7471d6ce27b
76,results/nonlinear_transfer_v1/object_2016/verified_exchange,ITERATION_ONLINE_POLICY_LABEL_F,12,,42,0,0,,,6,36,True,,6dd4a7d670b493cf508cb04df00dbdb4ee7c3bfd94bd8fb92148d7471d6ce27b
76,results/nonlinear_transfer_v1/object_2016/verified_exchange,NONLINEAR_ITERATION,13,,,,,,,,,True,ACTUAL_COUNTER_VIEW_NOT_SAVED,6dd4a7d670b493cf508cb04df00dbdb4ee7c3bfd94bd8fb92148d7471d6ce27b
76,results/nonlinear_transfer_v1/object_2016/verified_exchange,NONLINEAR_ITERATION_LABEL_A,13,,0,0,0,,,,,True,,6dd4a7d670b493cf508cb04df00dbdb4ee7c3bfd94bd8fb92148d7471d6ce27b
76,results/nonlinear_transfer_v1/object_2016/verified_exchange,NONLINEAR_ITERATION_LABEL_F,13,,42,0,0,,,,,True,,6dd4a7d670b493cf508cb04df00dbdb4ee7c3bfd94bd8fb92148d7471d6ce27b
76,results/nonlinear_transfer_v1/object_2016/verified_exchange,NONLINEAR_ITERATION_LABEL_I,13,,0,66,0,,,,,True,,6dd4a7d670b493cf508cb04df00dbdb4ee7c3bfd94bd8fb92148d7471d6ce27b
76,results/nonlinear_transfer_v1/object_2016/verified_exchange,ITERATION_ONLINE_POLICY,13,,42,0,0,,,6,36,True,,6dd4a7d670b493cf508cb04df00dbdb4ee7c3bfd94bd8fb92148d7471d6ce27b
76,results/nonlinear_transfer_v1/object_2016/verified_exchange,ITERATION_ONLINE_POLICY_LABEL_F,13,,42,0,0,,,6,36,True,,6dd4a7d670b493cf508cb04df00dbdb4ee7c3bfd94bd8fb92148d7471d6ce27b
76,results/nonlinear_transfer_v1/object_2016/verified_exchange,NONLINEAR_ITERATION,14,,,,,,,,,True,ACTUAL_COUNTER_VIEW_NOT_SAVED,6dd4a7d670b493cf508cb04df00dbdb4ee7c3bfd94bd8fb92148d7471d6ce27b
76,results/nonlinear_transfer_v1/object_2016/verified_exchange,NONLINEAR_ITERATION_LABEL_A,14,,0,0,0,,,,,True,,6dd4a7d670b493cf508cb04df00dbdb4ee7c3bfd94bd8fb92148d7471d6ce27b
76,results/nonlinear_transfer_v1/object_2016/verified_exchange,NONLINEAR_ITERATION_LABEL_F,14,,42,0,0,,,,,True,,6dd4a7d670b493cf508cb04df00dbdb4ee7c3bfd94bd8fb92148d7471d6ce27b
76,results/nonlinear_transfer_v1/object_2016/verified_exchange,NONLINEAR_ITERATION_LABEL_I,14,,0,66,0,,,,,True,,6dd4a7d670b493cf508cb04df00dbdb4ee7c3bfd94bd8fb92148d7471d6ce27b
76,results/nonlinear_transfer_v1/object_2016/verified_exchange,ITERATION_ONLINE_POLICY,14,,42,0,0,,,6,36,True,,6dd4a7d670b493cf508cb04df00dbdb4ee7c3bfd94bd8fb92148d7471d6ce27b
76,results/nonlinear_transfer_v1/object_2016/verified_exchange,ITERATION_ONLINE_POLICY_LABEL_F,14,,42,0,0,,,6,36,True,,6dd4a7d670b493cf508cb04df00dbdb4ee7c3bfd94bd8fb92148d7471d6ce27b
76,results/nonlinear_transfer_v1/object_2016/verified_exchange,NONLINEAR_ITERATION,15,,,,,,,,,True,ACTUAL_COUNTER_VIEW_NOT_SAVED,6dd4a7d670b493cf508cb04df00dbdb4ee7c3bfd94bd8fb92148d7471d6ce27b
76,results/nonlinear_transfer_v1/object_2016/verified_exchange,NONLINEAR_ITERATION_LABEL_A,15,,0,0,0,,,,,True,,6dd4a7d670b493cf508cb04df00dbdb4ee7c3bfd94bd8fb92148d7471d6ce27b
76,results/nonlinear_transfer_v1/object_2016/verified_exchange,NONLINEAR_ITERATION_LABEL_F,15,,42,0,0,,,,,True,,6dd4a7d670b493cf508cb04df00dbdb4ee7c3bfd94bd8fb92148d7471d6ce27b
76,results/nonlinear_transfer_v1/object_2016/verified_exchange,NONLINEAR_ITERATION_LABEL_I,15,,0,66,0,,,,,True,,6dd4a7d670b493cf508cb04df00dbdb4ee7c3bfd94bd8fb92148d7471d6ce27b
76,results/nonlinear_transfer_v1/object_2016/verified_exchange,ITERATION_ONLINE_POLICY,15,,42,0,0,,,6,36,True,,6dd4a7d670b493cf508cb04df00dbdb4ee7c3bfd94bd8fb92148d7471d6ce27b
76,results/nonlinear_transfer_v1/object_2016/verified_exchange,ITERATION_ONLINE_POLICY_LABEL_F,15,,42,0,0,,,6,36,True,,6dd4a7d670b493cf508cb04df00dbdb4ee7c3bfd94bd8fb92148d7471d6ce27b
76,results/nonlinear_transfer_v1/object_2016/verified_exchange,NONLINEAR_ITERATION,16,,,,,,,,,True,ACTUAL_COUNTER_VIEW_NOT_SAVED,6dd4a7d670b493cf508cb04df00dbdb4ee7c3bfd94bd8fb92148d7471d6ce27b
76,results/nonlinear_transfer_v1/object_2016/verified_exchange,NONLINEAR_ITERATION_LABEL_A,16,,0,0,0,,,,,True,,6dd4a7d670b493cf508cb04df00dbdb4ee7c3bfd94bd8fb92148d7471d6ce27b
76,results/nonlinear_transfer_v1/object_2016/verified_exchange,NONLINEAR_ITERATION_LABEL_F,16,,30,0,0,,,,,True,,6dd4a7d670b493cf508cb04df00dbdb4ee7c3bfd94bd8fb92148d7471d6ce27b
76,results/nonlinear_transfer_v1/object_2016/verified_exchange,NONLINEAR_ITERATION_LABEL_I,16,,0,66,0,,,,,True,,6dd4a7d670b493cf508cb04df00dbdb4ee7c3bfd94bd8fb92148d7471d6ce27b
76,results/nonlinear_transfer_v1/object_2016/verified_exchange,ITERATION_ONLINE_POLICY,16,,30,0,0,,,6,24,True,,6dd4a7d670b493cf508cb04df00dbdb4ee7c3bfd94bd8fb92148d7471d6ce27b
76,results/nonlinear_transfer_v1/object_2016/verified_exchange,ITERATION_ONLINE_POLICY_LABEL_F,16,,30,0,0,,,6,24,True,,6dd4a7d670b493cf508cb04df00dbdb4ee7c3bfd94bd8fb92148d7471d6ce27b
77,results/offline_coverage_v2/object_2002/early,STATE,,,71574,0,12,0,71568,,,True,,6dd4a7d670b493cf508cb04df00dbdb4ee7c3bfd94bd8fb92148d7471d6ce27b
77,results/offline_coverage_v2/object_2002/early,STATE_LABEL_H,,,71574,0,12,0,71568,,,True,,6dd4a7d670b493cf508cb04df00dbdb4ee7c3bfd94bd8fb92148d7471d6ce27b
78,results/offline_coverage_v2/object_2002/middle,STATE,,,71574,0,12,0,71568,,,True,,6dd4a7d670b493cf508cb04df00dbdb4ee7c3bfd94bd8fb92148d7471d6ce27b
78,results/offline_coverage_v2/object_2002/middle,STATE_LABEL_H,,,71574,0,12,0,71568,,,True,,6dd4a7d670b493cf508cb04df00dbdb4ee7c3bfd94bd8fb92148d7471d6ce27b
79,results/offline_coverage_v2/object_2002/late,STATE,,,71574,0,12,0,71568,,,True,,6dd4a7d670b493cf508cb04df00dbdb4ee7c3bfd94bd8fb92148d7471d6ce27b
79,results/offline_coverage_v2/object_2002/late,STATE_LABEL_H,,,71574,0,12,0,71568,,,True,,6dd4a7d670b493cf508cb04df00dbdb4ee7c3bfd94bd8fb92148d7471d6ce27b
80,results/offline_coverage_v2/object_2003/early,STATE,,,330,0,12,324,0,,,True,,6dd4a7d670b493cf508cb04df00dbdb4ee7c3bfd94bd8fb92148d7471d6ce27b
80,results/offline_coverage_v2/object_2003/early,STATE_LABEL_H,,,330,0,12,324,0,,,True,,6dd4a7d670b493cf508cb04df00dbdb4ee7c3bfd94bd8fb92148d7471d6ce27b
81,results/offline_coverage_v2/object_2003/middle,STATE,,,330,0,12,324,0,,,True,,6dd4a7d670b493cf508cb04df00dbdb4ee7c3bfd94bd8fb92148d7471d6ce27b
81,results/offline_coverage_v2/object_2003/middle,STATE_LABEL_H,,,330,0,12,324,0,,,True,,6dd4a7d670b493cf508cb04df00dbdb4ee7c3bfd94bd8fb92148d7471d6ce27b
82,results/offline_coverage_v2/object_2003/late,STATE,,,330,0,12,324,0,,,True,,6dd4a7d670b493cf508cb04df00dbdb4ee7c3bfd94bd8fb92148d7471d6ce27b
82,results/offline_coverage_v2/object_2003/late,STATE_LABEL_H,,,330,0,12,324,0,,,True,,6dd4a7d670b493cf508cb04df00dbdb4ee7c3bfd94bd8fb92148d7471d6ce27b
83,results/offline_coverage_v2/object_2004/early,STATE,,,71574,0,12,0,71568,,,True,,6dd4a7d670b493cf508cb04df00dbdb4ee7c3bfd94bd8fb92148d7471d6ce27b
83,results/offline_coverage_v2/object_2004/early,STATE_LABEL_H,,,71574,0,12,0,71568,,,True,,6dd4a7d670b493cf508cb04df00dbdb4ee7c3bfd94bd8fb92148d7471d6ce27b
84,results/offline_coverage_v2/object_2004/middle,STATE,,,71574,0,12,0,71568,,,True,,6dd4a7d670b493cf508cb04df00dbdb4ee7c3bfd94bd8fb92148d7471d6ce27b
84,results/offline_coverage_v2/object_2004/middle,STATE_LABEL_H,,,71574,0,12,0,71568,,,True,,6dd4a7d670b493cf508cb04df00dbdb4ee7c3bfd94bd8fb92148d7471d6ce27b
85,results/offline_coverage_v2/object_2004/late,STATE,,,71574,0,12,0,71568,,,True,,6dd4a7d670b493cf508cb04df00dbdb4ee7c3bfd94bd8fb92148d7471d6ce27b
85,results/offline_coverage_v2/object_2004/late,STATE_LABEL_H,,,71574,0,12,0,71568,,,True,,6dd4a7d670b493cf508cb04df00dbdb4ee7c3bfd94bd8fb92148d7471d6ce27b
86,results/offline_coverage_v2/object_2005/early,STATE,,,330,0,12,324,0,,,True,,6dd4a7d670b493cf508cb04df00dbdb4ee7c3bfd94bd8fb92148d7471d6ce27b
86,results/offline_coverage_v2/object_2005/early,STATE_LABEL_H,,,330,0,12,324,0,,,True,,6dd4a7d670b493cf508cb04df00dbdb4ee7c3bfd94bd8fb92148d7471d6ce27b
87,results/offline_coverage_v2/object_2005/middle,STATE,,,330,0,12,324,0,,,True,,6dd4a7d670b493cf508cb04df00dbdb4ee7c3bfd94bd8fb92148d7471d6ce27b
87,results/offline_coverage_v2/object_2005/middle,STATE_LABEL_H,,,330,0,12,324,0,,,True,,6dd4a7d670b493cf508cb04df00dbdb4ee7c3bfd94bd8fb92148d7471d6ce27b
88,results/offline_coverage_v2/object_2005/late,STATE,,,330,0,12,324,0,,,True,,6dd4a7d670b493cf508cb04df00dbdb4ee7c3bfd94bd8fb92148d7471d6ce27b
88,results/offline_coverage_v2/object_2005/late,STATE_LABEL_H,,,330,0,12,324,0,,,True,,6dd4a7d670b493cf508cb04df00dbdb4ee7c3bfd94bd8fb92148d7471d6ce27b
89,results/offline_coverage_v2/object_2006/early,STATE,,,71574,0,12,0,71568,,,True,,6dd4a7d670b493cf508cb04df00dbdb4ee7c3bfd94bd8fb92148d7471d6ce27b
89,results/offline_coverage_v2/object_2006/early,STATE_LABEL_H,,,71574,0,12,0,71568,,,True,,6dd4a7d670b493cf508cb04df00dbdb4ee7c3bfd94bd8fb92148d7471d6ce27b
90,results/offline_coverage_v2/object_2006/middle,STATE,,,71574,0,12,0,71568,,,True,,6dd4a7d670b493cf508cb04df00dbdb4ee7c3bfd94bd8fb92148d7471d6ce27b
90,results/offline_coverage_v2/object_2006/middle,STATE_LABEL_H,,,71574,0,12,0,71568,,,True,,6dd4a7d670b493cf508cb04df00dbdb4ee7c3bfd94bd8fb92148d7471d6ce27b
91,results/offline_coverage_v2/object_2006/late,STATE,,,49470,0,12,0,49464,,,True,,6dd4a7d670b493cf508cb04df00dbdb4ee7c3bfd94bd8fb92148d7471d6ce27b
91,results/offline_coverage_v2/object_2006/late,STATE_LABEL_H,,,49470,0,12,0,49464,,,True,,6dd4a7d670b493cf508cb04df00dbdb4ee7c3bfd94bd8fb92148d7471d6ce27b
92,results/offline_coverage_v2/object_2008/early,STATE,,,71574,0,12,0,71568,,,True,,6dd4a7d670b493cf508cb04df00dbdb4ee7c3bfd94bd8fb92148d7471d6ce27b
92,results/offline_coverage_v2/object_2008/early,STATE_LABEL_H,,,71574,0,12,0,71568,,,True,,6dd4a7d670b493cf508cb04df00dbdb4ee7c3bfd94bd8fb92148d7471d6ce27b
93,results/offline_coverage_v2/object_2008/middle,STATE,,,71574,0,12,0,71568,,,True,,6dd4a7d670b493cf508cb04df00dbdb4ee7c3bfd94bd8fb92148d7471d6ce27b
93,results/offline_coverage_v2/object_2008/middle,STATE_LABEL_H,,,71574,0,12,0,71568,,,True,,6dd4a7d670b493cf508cb04df00dbdb4ee7c3bfd94bd8fb92148d7471d6ce27b
94,results/offline_coverage_v2/object_2008/late,STATE,,,52380,0,12,0,52374,,,True,,6dd4a7d670b493cf508cb04df00dbdb4ee7c3bfd94bd8fb92148d7471d6ce27b
94,results/offline_coverage_v2/object_2008/late,STATE_LABEL_H,,,52380,0,12,0,52374,,,True,,6dd4a7d670b493cf508cb04df00dbdb4ee7c3bfd94bd8fb92148d7471d6ce27b
95,results/offline_coverage_v2/object_2009/early,STATE,,,330,0,12,324,0,,,True,,6dd4a7d670b493cf508cb04df00dbdb4ee7c3bfd94bd8fb92148d7471d6ce27b
95,results/offline_coverage_v2/object_2009/early,STATE_LABEL_H,,,330,0,12,324,0,,,True,,6dd4a7d670b493cf508cb04df00dbdb4ee7c3bfd94bd8fb92148d7471d6ce27b
96,results/offline_coverage_v2/object_2009/middle,STATE,,,330,0,12,324,0,,,True,,6dd4a7d670b493cf508cb04df00dbdb4ee7c3bfd94bd8fb92148d7471d6ce27b
96,results/offline_coverage_v2/object_2009/middle,STATE_LABEL_H,,,330,0,12,324,0,,,True,,6dd4a7d670b493cf508cb04df00dbdb4ee7c3bfd94bd8fb92148d7471d6ce27b
97,results/offline_coverage_v2/object_2009/late,STATE,,,330,0,12,324,0,,,True,,6dd4a7d670b493cf508cb04df00dbdb4ee7c3bfd94bd8fb92148d7471d6ce27b
97,results/offline_coverage_v2/object_2009/late,STATE_LABEL_H,,,330,0,12,324,0,,,True,,6dd4a7d670b493cf508cb04df00dbdb4ee7c3bfd94bd8fb92148d7471d6ce27b
98,results/offline_coverage_v2/object_2010/early,STATE,,,71574,0,12,0,71568,,,True,,6dd4a7d670b493cf508cb04df00dbdb4ee7c3bfd94bd8fb92148d7471d6ce27b
98,results/offline_coverage_v2/object_2010/early,STATE_LABEL_H,,,71574,0,12,0,71568,,,True,,6dd4a7d670b493cf508cb04df00dbdb4ee7c3bfd94bd8fb92148d7471d6ce27b
99,results/offline_coverage_v2/object_2010/middle,STATE,,,71574,0,12,0,71568,,,True,,6dd4a7d670b493cf508cb04df00dbdb4ee7c3bfd94bd8fb92148d7471d6ce27b
99,results/offline_coverage_v2/object_2010/middle,STATE_LABEL_H,,,71574,0,12,0,71568,,,True,,6dd4a7d670b493cf508cb04df00dbdb4ee7c3bfd94bd8fb92148d7471d6ce27b
100,results/offline_coverage_v2/object_2010/late,STATE,,,69678,0,12,0,69672,,,True,,6dd4a7d670b493cf508cb04df00dbdb4ee7c3bfd94bd8fb92148d7471d6ce27b
100,results/offline_coverage_v2/object_2010/late,STATE_LABEL_H,,,69678,0,12,0,69672,,,True,,6dd4a7d670b493cf508cb04df00dbdb4ee7c3bfd94bd8fb92148d7471d6ce27b
101,results/offline_coverage_v2/object_2011/early,STATE,,,330,0,12,324,0,,,True,,6dd4a7d670b493cf508cb04df00dbdb4ee7c3bfd94bd8fb92148d7471d6ce27b
101,results/offline_coverage_v2/object_2011/early,STATE_LABEL_H,,,330,0,12,324,0,,,True,,6dd4a7d670b493cf508cb04df00dbdb4ee7c3bfd94bd8fb92148d7471d6ce27b
102,results/offline_coverage_v2/object_2011/middle,STATE,,,330,0,12,324,0,,,True,,6dd4a7d670b493cf508cb04df00dbdb4ee7c3bfd94bd8fb92148d7471d6ce27b
102,results/offline_coverage_v2/object_2011/middle,STATE_LABEL_H,,,330,0,12,324,0,,,True,,6dd4a7d670b493cf508cb04df00dbdb4ee7c3bfd94bd8fb92148d7471d6ce27b
103,results/offline_coverage_v2/object_2011/late,STATE,,,330,0,12,324,0,,,True,,6dd4a7d670b493cf508cb04df00dbdb4ee7c3bfd94bd8fb92148d7471d6ce27b
103,results/offline_coverage_v2/object_2011/late,STATE_LABEL_H,,,330,0,12,324,0,,,True,,6dd4a7d670b493cf508cb04df00dbdb4ee7c3bfd94bd8fb92148d7471d6ce27b
104,results/offline_coverage_v2/object_2013/early,STATE,,,330,0,12,324,0,,,True,,6dd4a7d670b493cf508cb04df00dbdb4ee7c3bfd94bd8fb92148d7471d6ce27b
104,results/offline_coverage_v2/object_2013/early,STATE_LABEL_H,,,330,0,12,324,0,,,True,,6dd4a7d670b493cf508cb04df00dbdb4ee7c3bfd94bd8fb92148d7471d6ce27b
105,results/offline_coverage_v2/object_2013/middle,STATE,,,330,0,12,324,0,,,True,,6dd4a7d670b493cf508cb04df00dbdb4ee7c3bfd94bd8fb92148d7471d6ce27b
105,results/offline_coverage_v2/object_2013/middle,STATE_LABEL_H,,,330,0,12,324,0,,,True,,6dd4a7d670b493cf508cb04df00dbdb4ee7c3bfd94bd8fb92148d7471d6ce27b
106,results/offline_coverage_v2/object_2013/late,STATE,,,330,0,12,324,0,,,True,,6dd4a7d670b493cf508cb04df00dbdb4ee7c3bfd94bd8fb92148d7471d6ce27b
106,results/offline_coverage_v2/object_2013/late,STATE_LABEL_H,,,330,0,12,324,0,,,True,,6dd4a7d670b493cf508cb04df00dbdb4ee7c3bfd94bd8fb92148d7471d6ce27b
107,results/offline_coverage_v2/object_2016/early,STATE,,,71574,0,12,0,71568,,,True,,6dd4a7d670b493cf508cb04df00dbdb4ee7c3bfd94bd8fb92148d7471d6ce27b
107,results/offline_coverage_v2/object_2016/early,STATE_LABEL_H,,,71574,0,12,0,71568,,,True,,6dd4a7d670b493cf508cb04df00dbdb4ee7c3bfd94bd8fb92148d7471d6ce27b
108,results/offline_coverage_v2/object_2016/middle,STATE,,,71574,0,12,0,71568,,,True,,6dd4a7d670b493cf508cb04df00dbdb4ee7c3bfd94bd8fb92148d7471d6ce27b
108,results/offline_coverage_v2/object_2016/middle,STATE_LABEL_H,,,71574,0,12,0,71568,,,True,,6dd4a7d670b493cf508cb04df00dbdb4ee7c3bfd94bd8fb92148d7471d6ce27b
