object_id,phase,k,state_hash,pool_hash,base_U_hash,source_directory,information_scope,fidelity_score_definition,teacher_domain_count,persisted_spectrum_subset_count,fixed12_incoming_count,teacher_best_added,scope,regime,selection_bias,metric,paired_count,excluded_null_count,tau_Q,status,kendall_tau_b,spearman,top2_overlap,top2_fraction,regret_with_no_op,score_tie_tolerance,Q_tie_tolerance,constant_score,constant_Q,top2_score_ids,top2_Q_ids,top2_score_tie_expanded_ids,top2_Q_tie_expanded_ids,top2_scope,teacher_best_subset_with_no_op,selected_move_index,selected_score,selected_Q_with_no_op,no_op_selected,tied_top_score_count,tie_regret_min,tie_regret_max,tie_range_scope,regret_scope
2001,early,4,25387349f2beb0f96d242ca9b954a62e6bfcc22e30747f954ca70f472e65a2bd,279031dac62ec328458cf4139632c998e1ddd65e7bfd05ce3dddf87adfe4fd5d,06a1c72d596c73d90fbfdcbd7876542bb48b9db78b6e564b56d63e95e08a1500,<WORKSPACE>/Gaussian/A17/EXCHANGE_R1/results/object_2001_early,FULL_SMALL_REFERENCE,"base spectral fidelity minus child spectral fidelity, same full/projected scope; no-op0",600,48,12,False,exact persisted spectrum subset only; not complete teacher domain; descriptive no inference/certificate,fixed12_per_removal,predeclared fixed bank; bounded nonrandom subset,receiver_score,48,0,2.8915684191413185e-14,DESCRIPTIVE,-0.39539007092198586,-0.6290707772470691,0,0.0,0.005526577146893672,6.729311480378743e-14,2.8915684191413185e-14,False,False,"[510, 511]","[151, 150]","[510, 511]","[151, 150]",candidate-only; numerical ties broken by original move_index; expanded sets also saved,0.0011416925426274067,510,1.1678626832187113,-0.004384884604266266,False,1,0.005526577146893672,0.005526577146893672,descriptive ambiguity from score ties; not uncertainty interval/certificate,"one matched checkpoint, same available paired subset; scores measured relative to no-op zero"
2001,early,4,25387349f2beb0f96d242ca9b954a62e6bfcc22e30747f954ca70f472e65a2bd,279031dac62ec328458cf4139632c998e1ddd65e7bfd05ce3dddf87adfe4fd5d,06a1c72d596c73d90fbfdcbd7876542bb48b9db78b6e564b56d63e95e08a1500,<WORKSPACE>/Gaussian/A17/EXCHANGE_R1/results/object_2001_early,FULL_SMALL_REFERENCE,"base spectral fidelity minus child spectral fidelity, same full/projected scope; no-op0",600,48,12,False,exact persisted spectrum subset only; not complete teacher domain; descriptive no inference/certificate,fixed12_per_removal,predeclared fixed bank; bounded nonrandom subset,delta_logdet_volume,48,0,2.8915684191413185e-14,DESCRIPTIVE,-0.19326241134751776,-0.3297872340425532,0,0.0,0.009263807275766521,1.081384098699819e-12,2.8915684191413185e-14,False,False,"[179, 243]","[151, 150]","[179, 243]","[151, 150]",candidate-only; numerical ties broken by original move_index; expanded sets also saved,0.0011416925426274067,179,16.823599839137984,-0.008122114733139115,False,1,0.009263807275766521,0.009263807275766521,descriptive ambiguity from score ties; not uncertainty interval/certificate,"one matched checkpoint, same available paired subset; scores measured relative to no-op zero"
2001,early,4,25387349f2beb0f96d242ca9b954a62e6bfcc22e30747f954ca70f472e65a2bd,279031dac62ec328458cf4139632c998e1ddd65e7bfd05ce3dddf87adfe4fd5d,06a1c72d596c73d90fbfdcbd7876542bb48b9db78b6e564b56d63e95e08a1500,<WORKSPACE>/Gaussian/A17/EXCHANGE_R1/results/object_2001_early,FULL_SMALL_REFERENCE,"base spectral fidelity minus child spectral fidelity, same full/projected scope; no-op0",600,48,12,False,exact persisted spectrum subset only; not complete teacher domain; descriptive no inference/certificate,fixed12_per_removal,predeclared fixed bank; bounded nonrandom subset,delta_effective_dim,48,0,2.8915684191413185e-14,DESCRIPTIVE,-0.2517730496453901,-0.38721233174120717,0,0.0,0.01711477050609006,2.631183504811033e-13,2.8915684191413185e-14,False,False,"[328, 28]","[151, 150]","[328, 28]","[151, 150]",candidate-only; numerical ties broken by original move_index; expanded sets also saved,0.0011416925426274067,328,4.998089085634511,-0.015973077963462652,False,1,0.01711477050609006,0.01711477050609006,descriptive ambiguity from score ties; not uncertainty interval/certificate,"one matched checkpoint, same available paired subset; scores measured relative to no-op zero"
2001,early,4,25387349f2beb0f96d242ca9b954a62e6bfcc22e30747f954ca70f472e65a2bd,279031dac62ec328458cf4139632c998e1ddd65e7bfd05ce3dddf87adfe4fd5d,06a1c72d596c73d90fbfdcbd7876542bb48b9db78b6e564b56d63e95e08a1500,<WORKSPACE>/Gaussian/A17/EXCHANGE_R1/results/object_2001_early,FULL_SMALL_REFERENCE,"base spectral fidelity minus child spectral fidelity, same full/projected scope; no-op0",600,48,12,False,exact persisted spectrum subset only; not complete teacher domain; descriptive no inference/certificate,fixed12_per_removal,predeclared fixed bank; bounded nonrandom subset,Qhat,48,0,2.8915684191413185e-14,DESCRIPTIVE,0.9946808510638299,0.9996743378202344,2,1.0,0.0,2.8915684191413185e-14,2.8915684191413185e-14,False,False,"[151, 150]","[151, 150]","[151, 150]","[151, 150]",candidate-only; numerical ties broken by original move_index; expanded sets also saved,0.0011416925426274067,151,0.0011304865416655637,0.0011416925426274067,False,1,0.0,0.0,descriptive ambiguity from score ties; not uncertainty interval/certificate,"one matched checkpoint, same available paired subset; scores measured relative to no-op zero"
2001,early,4,25387349f2beb0f96d242ca9b954a62e6bfcc22e30747f954ca70f472e65a2bd,279031dac62ec328458cf4139632c998e1ddd65e7bfd05ce3dddf87adfe4fd5d,06a1c72d596c73d90fbfdcbd7876542bb48b9db78b6e564b56d63e95e08a1500,<WORKSPACE>/Gaussian/A17/EXCHANGE_R1/results/object_2001_early,FULL_SMALL_REFERENCE,"base spectral fidelity minus child spectral fidelity, same full/projected scope; no-op0",600,48,12,False,exact persisted spectrum subset only; not complete teacher domain; descriptive no inference/certificate,fixed12_per_removal,predeclared fixed bank; bounded nonrandom subset,information_fidelity_improvement,48,0,2.8915684191413185e-14,DESCRIPTIVE,0.5106382978723405,0.6768345636126792,1,0.5,0.02579982613062251,4.956345638553904e-13,2.8915684191413185e-14,False,False,"[392, 150]","[151, 150]","[392, 150]","[151, 150]",candidate-only; numerical ties broken by original move_index; expanded sets also saved,0.0011416925426274067,392,0.000576204365394628,-0.024658133587995103,False,1,0.02579982613062251,0.02579982613062251,descriptive ambiguity from score ties; not uncertainty interval/certificate,"one matched checkpoint, same available paired subset; scores measured relative to no-op zero"
2001,early,4,25387349f2beb0f96d242ca9b954a62e6bfcc22e30747f954ca70f472e65a2bd,279031dac62ec328458cf4139632c998e1ddd65e7bfd05ce3dddf87adfe4fd5d,06a1c72d596c73d90fbfdcbd7876542bb48b9db78b6e564b56d63e95e08a1500,<WORKSPACE>/Gaussian/A17/EXCHANGE_R1/results/object_2001_early,FULL_SMALL_REFERENCE,"base spectral fidelity minus child spectral fidelity, same full/projected scope; no-op0",600,48,12,False,exact persisted spectrum subset only; not complete teacher domain; descriptive no inference/certificate,spectrum_plus_teacher_best,teacher-best evaluator augmentation introduces utility-selection bias,receiver_score,48,0,2.8915684191413185e-14,DESCRIPTIVE,-0.39539007092198586,-0.6290707772470691,0,0.0,0.005526577146893672,6.729311480378743e-14,2.8915684191413185e-14,False,False,"[510, 511]","[151, 150]","[510, 511]","[151, 150]",candidate-only; numerical ties broken by original move_index; expanded sets also saved,0.0011416925426274067,510,1.1678626832187113,-0.004384884604266266,False,1,0.005526577146893672,0.005526577146893672,descriptive ambiguity from score ties; not uncertainty interval/certificate,"one matched checkpoint, same available paired subset; scores measured relative to no-op zero"
2001,early,4,25387349f2beb0f96d242ca9b954a62e6bfcc22e30747f954ca70f472e65a2bd,279031dac62ec328458cf4139632c998e1ddd65e7bfd05ce3dddf87adfe4fd5d,06a1c72d596c73d90fbfdcbd7876542bb48b9db78b6e564b56d63e95e08a1500,<WORKSPACE>/Gaussian/A17/EXCHANGE_R1/results/object_2001_early,FULL_SMALL_REFERENCE,"base spectral fidelity minus child spectral fidelity, same full/projected scope; no-op0",600,48,12,False,exact persisted spectrum subset only; not complete teacher domain; descriptive no inference/certificate,spectrum_plus_teacher_best,teacher-best evaluator augmentation introduces utility-selection bias,delta_logdet_volume,48,0,2.8915684191413185e-14,DESCRIPTIVE,-0.19326241134751776,-0.3297872340425532,0,0.0,0.009263807275766521,1.081384098699819e-12,2.8915684191413185e-14,False,False,"[179, 243]","[151, 150]","[179, 243]","[151, 150]",candidate-only; numerical ties broken by original move_index; expanded sets also saved,0.0011416925426274067,179,16.823599839137984,-0.008122114733139115,False,1,0.009263807275766521,0.009263807275766521,descriptive ambiguity from score ties; not uncertainty interval/certificate,"one matched checkpoint, same available paired subset; scores measured relative to no-op zero"
2001,early,4,25387349f2beb0f96d242ca9b954a62e6bfcc22e30747f954ca70f472e65a2bd,279031dac62ec328458cf4139632c998e1ddd65e7bfd05ce3dddf87adfe4fd5d,06a1c72d596c73d90fbfdcbd7876542bb48b9db78b6e564b56d63e95e08a1500,<WORKSPACE>/Gaussian/A17/EXCHANGE_R1/results/object_2001_early,FULL_SMALL_REFERENCE,"base spectral fidelity minus child spectral fidelity, same full/projected scope; no-op0",600,48,12,False,exact persisted spectrum subset only; not complete teacher domain; descriptive no inference/certificate,spectrum_plus_teacher_best,teacher-best evaluator augmentation introduces utility-selection bias,delta_effective_dim,48,0,2.8915684191413185e-14,DESCRIPTIVE,-0.2517730496453901,-0.38721233174120717,0,0.0,0.01711477050609006,2.631183504811033e-13,2.8915684191413185e-14,False,False,"[328, 28]","[151, 150]","[328, 28]","[151, 150]",candidate-only; numerical ties broken by original move_index; expanded sets also saved,0.0011416925426274067,328,4.998089085634511,-0.015973077963462652,False,1,0.01711477050609006,0.01711477050609006,descriptive ambiguity from score ties; not uncertainty interval/certificate,"one matched checkpoint, same available paired subset; scores measured relative to no-op zero"
2001,early,4,25387349f2beb0f96d242ca9b954a62e6bfcc22e30747f954ca70f472e65a2bd,279031dac62ec328458cf4139632c998e1ddd65e7bfd05ce3dddf87adfe4fd5d,06a1c72d596c73d90fbfdcbd7876542bb48b9db78b6e564b56d63e95e08a1500,<WORKSPACE>/Gaussian/A17/EXCHANGE_R1/results/object_2001_early,FULL_SMALL_REFERENCE,"base spectral fidelity minus child spectral fidelity, same full/projected scope; no-op0",600,48,12,False,exact persisted spectrum subset only; not complete teacher domain; descriptive no inference/certificate,spectrum_plus_teacher_best,teacher-best evaluator augmentation introduces utility-selection bias,Qhat,48,0,2.8915684191413185e-14,DESCRIPTIVE,0.9946808510638299,0.9996743378202344,2,1.0,0.0,2.8915684191413185e-14,2.8915684191413185e-14,False,False,"[151, 150]","[151, 150]","[151, 150]","[151, 150]",candidate-only; numerical ties broken by original move_index; expanded sets also saved,0.0011416925426274067,151,0.0011304865416655637,0.0011416925426274067,False,1,0.0,0.0,descriptive ambiguity from score ties; not uncertainty interval/certificate,"one matched checkpoint, same available paired subset; scores measured relative to no-op zero"
2001,early,4,25387349f2beb0f96d242ca9b954a62e6bfcc22e30747f954ca70f472e65a2bd,279031dac62ec328458cf4139632c998e1ddd65e7bfd05ce3dddf87adfe4fd5d,06a1c72d596c73d90fbfdcbd7876542bb48b9db78b6e564b56d63e95e08a1500,<WORKSPACE>/Gaussian/A17/EXCHANGE_R1/results/object_2001_early,FULL_SMALL_REFERENCE,"base spectral fidelity minus child spectral fidelity, same full/projected scope; no-op0",600,48,12,False,exact persisted spectrum subset only; not complete teacher domain; descriptive no inference/certificate,spectrum_plus_teacher_best,teacher-best evaluator augmentation introduces utility-selection bias,information_fidelity_improvement,48,0,2.8915684191413185e-14,DESCRIPTIVE,0.5106382978723405,0.6768345636126792,1,0.5,0.02579982613062251,4.956345638553904e-13,2.8915684191413185e-14,False,False,"[392, 150]","[151, 150]","[392, 150]","[151, 150]",candidate-only; numerical ties broken by original move_index; expanded sets also saved,0.0011416925426274067,392,0.000576204365394628,-0.024658133587995103,False,1,0.02579982613062251,0.02579982613062251,descriptive ambiguity from score ties; not uncertainty interval/certificate,"one matched checkpoint, same available paired subset; scores measured relative to no-op zero"
2001,early,8,25387349f2beb0f96d242ca9b954a62e6bfcc22e30747f954ca70f472e65a2bd,279031dac62ec328458cf4139632c998e1ddd65e7bfd05ce3dddf87adfe4fd5d,6f796db89978fec7eb3ee216f26f86b6a214f43f983559256eba2ae2816a0ca2,<WORKSPACE>/Gaussian/A17/EXCHANGE_R1/results/object_2001_early,FULL_SMALL_REFERENCE,"base spectral fidelity minus child spectral fidelity, same full/projected scope; no-op0",1168,97,12,True,exact persisted spectrum subset only; not complete teacher domain; descriptive no inference/certificate,fixed12_per_removal,predeclared fixed bank; bounded nonrandom subset,receiver_score,96,0,2.8915684191413185e-14,DESCRIPTIVE,0.04078947368421052,-0.012344004340748779,0,0.0,3.870116205924941e-05,6.729311480378743e-14,2.8915684191413185e-14,False,False,"[1078, 932]","[731, 730]","[1078, 932]","[731, 730]",candidate-only; numerical ties broken by original move_index; expanded sets also saved,5.891774355323607e-06,1078,1.588494137584486,-3.2809387703925805e-05,False,1,3.870116205924941e-05,3.870116205924941e-05,descriptive ambiguity from score ties; not uncertainty interval/certificate,"one matched checkpoint, same available paired subset; scores measured relative to no-op zero"
2001,early,8,25387349f2beb0f96d242ca9b954a62e6bfcc22e30747f954ca70f472e65a2bd,279031dac62ec328458cf4139632c998e1ddd65e7bfd05ce3dddf87adfe4fd5d,6f796db89978fec7eb3ee216f26f86b6a214f43f983559256eba2ae2816a0ca2,<WORKSPACE>/Gaussian/A17/EXCHANGE_R1/results/object_2001_early,FULL_SMALL_REFERENCE,"base spectral fidelity minus child spectral fidelity, same full/projected scope; no-op0",1168,97,12,True,exact persisted spectrum subset only; not complete teacher domain; descriptive no inference/certificate,fixed12_per_removal,predeclared fixed bank; bounded nonrandom subset,delta_logdet_volume,96,0,2.8915684191413185e-14,DESCRIPTIVE,-0.35,-0.5401654910472056,0,0.0,0.003723437473161237,4.07198052822004e-13,2.8915684191413185e-14,False,False,"[171, 316]","[731, 730]","[171, 316]","[731, 730]",candidate-only; numerical ties broken by original move_index; expanded sets also saved,5.891774355323607e-06,171,14.327007804337256,-0.003717545698805914,False,1,0.003723437473161237,0.003723437473161237,descriptive ambiguity from score ties; not uncertainty interval/certificate,"one matched checkpoint, same available paired subset; scores measured relative to no-op zero"
2001,early,8,25387349f2beb0f96d242ca9b954a62e6bfcc22e30747f954ca70f472e65a2bd,279031dac62ec328458cf4139632c998e1ddd65e7bfd05ce3dddf87adfe4fd5d,6f796db89978fec7eb3ee216f26f86b6a214f43f983559256eba2ae2816a0ca2,<WORKSPACE>/Gaussian/A17/EXCHANGE_R1/results/object_2001_early,FULL_SMALL_REFERENCE,"base spectral fidelity minus child spectral fidelity, same full/projected scope; no-op0",1168,97,12,True,exact persisted spectrum subset only; not complete teacher domain; descriptive no inference/certificate,fixed12_per_removal,predeclared fixed bank; bounded nonrandom subset,delta_effective_dim,96,0,2.8915684191413185e-14,DESCRIPTIVE,-0.37149122807017537,-0.5271432447097124,0,0.0,0.02740675370738619,7.845060246195171e-14,2.8915684191413185e-14,False,False,"[24, 316]","[731, 730]","[24, 316]","[731, 730]",candidate-only; numerical ties broken by original move_index; expanded sets also saved,5.891774355323607e-06,24,2.7602351876143487,-0.027400861933030866,False,1,0.02740675370738619,0.02740675370738619,descriptive ambiguity from score ties; not uncertainty interval/certificate,"one matched checkpoint, same available paired subset; scores measured relative to no-op zero"
2001,early,8,25387349f2beb0f96d242ca9b954a62e6bfcc22e30747f954ca70f472e65a2bd,279031dac62ec328458cf4139632c998e1ddd65e7bfd05ce3dddf87adfe4fd5d,6f796db89978fec7eb3ee216f26f86b6a214f43f983559256eba2ae2816a0ca2,<WORKSPACE>/Gaussian/A17/EXCHANGE_R1/results/object_2001_early,FULL_SMALL_REFERENCE,"base spectral fidelity minus child spectral fidelity, same full/projected scope; no-op0",1168,97,12,True,exact persisted spectrum subset only; not complete teacher domain; descriptive no inference/certificate,fixed12_per_removal,predeclared fixed bank; bounded nonrandom subset,Qhat,96,0,2.8915684191413185e-14,DESCRIPTIVE,0.9780701754385962,0.9978974498100923,1,0.5,0.0,2.8915684191413185e-14,2.8915684191413185e-14,False,False,"[731, 1023]","[731, 730]","[731, 1023]","[731, 730]",candidate-only; numerical ties broken by original move_index; expanded sets also saved,5.891774355323607e-06,731,5.820849831506202e-06,5.891774355323607e-06,False,1,0.0,0.0,descriptive ambiguity from score ties; not uncertainty interval/certificate,"one matched checkpoint, same available paired subset; scores measured relative to no-op zero"
2001,early,8,25387349f2beb0f96d242ca9b954a62e6bfcc22e30747f954ca70f472e65a2bd,279031dac62ec328458cf4139632c998e1ddd65e7bfd05ce3dddf87adfe4fd5d,6f796db89978fec7eb3ee216f26f86b6a214f43f983559256eba2ae2816a0ca2,<WORKSPACE>/Gaussian/A17/EXCHANGE_R1/results/object_2001_early,FULL_SMALL_REFERENCE,"base spectral fidelity minus child spectral fidelity, same full/projected scope; no-op0",1168,97,12,True,exact persisted spectrum subset only; not complete teacher domain; descriptive no inference/certificate,fixed12_per_removal,predeclared fixed bank; bounded nonrandom subset,information_fidelity_improvement,96,0,2.8915684191413185e-14,DESCRIPTIVE,0.16622807017543856,0.26753933803581115,0,0.0,0.0009601318569933026,5.006841149073193e-13,2.8915684191413185e-14,False,False,"[672, 818]","[731, 730]","[672, 818]","[731, 730]",candidate-only; numerical ties broken by original move_index; expanded sets also saved,5.891774355323607e-06,672,0.013743031603807299,-0.000954240082637979,False,1,0.0009601318569933026,0.0009601318569933026,descriptive ambiguity from score ties; not uncertainty interval/certificate,"one matched checkpoint, same available paired subset; scores measured relative to no-op zero"
2001,early,8,25387349f2beb0f96d242ca9b954a62e6bfcc22e30747f954ca70f472e65a2bd,279031dac62ec328458cf4139632c998e1ddd65e7bfd05ce3dddf87adfe4fd5d,6f796db89978fec7eb3ee216f26f86b6a214f43f983559256eba2ae2816a0ca2,<WORKSPACE>/Gaussian/A17/EXCHANGE_R1/results/object_2001_early,FULL_SMALL_REFERENCE,"base spectral fidelity minus child spectral fidelity, same full/projected scope; no-op0",1168,97,12,True,exact persisted spectrum subset only; not complete teacher domain; descriptive no inference/certificate,spectrum_plus_teacher_best,teacher-best evaluator augmentation introduces utility-selection bias,receiver_score,97,0,2.8915684191413185e-14,DESCRIPTIVE,0.03951890034364262,-0.015463917525773195,0,0.0,6.418773644330589e-05,6.729311480378743e-14,2.8915684191413185e-14,False,False,"[1078, 932]","[879, 731]","[1078, 932]","[879, 731]",candidate-only; numerical ties broken by original move_index; expanded sets also saved,3.1378348739380076e-05,1078,1.588494137584486,-3.2809387703925805e-05,False,1,6.418773644330589e-05,6.418773644330589e-05,descriptive ambiguity from score ties; not uncertainty interval/certificate,"one matched checkpoint, same available paired subset; scores measured relative to no-op zero"
2001,early,8,25387349f2beb0f96d242ca9b954a62e6bfcc22e30747f954ca70f472e65a2bd,279031dac62ec328458cf4139632c998e1ddd65e7bfd05ce3dddf87adfe4fd5d,6f796db89978fec7eb3ee216f26f86b6a214f43f983559256eba2ae2816a0ca2,<WORKSPACE>/Gaussian/A17/EXCHANGE_R1/results/object_2001_early,FULL_SMALL_REFERENCE,"base spectral fidelity minus child spectral fidelity, same full/projected scope; no-op0",1168,97,12,True,exact persisted spectrum subset only; not complete teacher domain; descriptive no inference/certificate,spectrum_plus_teacher_best,teacher-best evaluator augmentation introduces utility-selection bias,delta_logdet_volume,97,0,2.8915684191413185e-14,DESCRIPTIVE,-0.334192439862543,-0.5230380812118661,0,0.0,0.003748924047545294,4.07198052822004e-13,2.8915684191413185e-14,False,False,"[171, 316]","[879, 731]","[171, 316]","[879, 731]",candidate-only; numerical ties broken by original move_index; expanded sets also saved,3.1378348739380076e-05,171,14.327007804337256,-0.003717545698805914,False,1,0.003748924047545294,0.003748924047545294,descriptive ambiguity from score ties; not uncertainty interval/certificate,"one matched checkpoint, same available paired subset; scores measured relative to no-op zero"
2001,early,8,25387349f2beb0f96d242ca9b954a62e6bfcc22e30747f954ca70f472e65a2bd,279031dac62ec328458cf4139632c998e1ddd65e7bfd05ce3dddf87adfe4fd5d,6f796db89978fec7eb3ee216f26f86b6a214f43f983559256eba2ae2816a0ca2,<WORKSPACE>/Gaussian/A17/EXCHANGE_R1/results/object_2001_early,FULL_SMALL_REFERENCE,"base spectral fidelity minus child spectral fidelity, same full/projected scope; no-op0",1168,97,12,True,exact persisted spectrum subset only; not complete teacher domain; descriptive no inference/certificate,spectrum_plus_teacher_best,teacher-best evaluator augmentation introduces utility-selection bias,delta_effective_dim,97,0,2.8915684191413185e-14,DESCRIPTIVE,-0.3767182130584193,-0.5347412160740584,0,0.0,0.027432240281770246,7.845060246195171e-14,2.8915684191413185e-14,False,False,"[24, 316]","[879, 731]","[24, 316]","[879, 731]",candidate-only; numerical ties broken by original move_index; expanded sets also saved,3.1378348739380076e-05,24,2.7602351876143487,-0.027400861933030866,False,1,0.027432240281770246,0.027432240281770246,descriptive ambiguity from score ties; not uncertainty interval/certificate,"one matched checkpoint, same available paired subset; scores measured relative to no-op zero"
2001,early,8,25387349f2beb0f96d242ca9b954a62e6bfcc22e30747f954ca70f472e65a2bd,279031dac62ec328458cf4139632c998e1ddd65e7bfd05ce3dddf87adfe4fd5d,6f796db89978fec7eb3ee216f26f86b6a214f43f983559256eba2ae2816a0ca2,<WORKSPACE>/Gaussian/A17/EXCHANGE_R1/results/object_2001_early,FULL_SMALL_REFERENCE,"base spectral fidelity minus child spectral fidelity, same full/projected scope; no-op0",1168,97,12,True,exact persisted spectrum subset only; not complete teacher domain; descriptive no inference/certificate,spectrum_plus_teacher_best,teacher-best evaluator augmentation introduces utility-selection bias,Qhat,97,0,2.8915684191413185e-14,DESCRIPTIVE,0.9785223367697596,0.9979618135914158,2,1.0,0.0,2.8915684191413185e-14,2.8915684191413185e-14,False,False,"[879, 731]","[879, 731]","[879, 731]","[879, 731]",candidate-only; numerical ties broken by original move_index; expanded sets also saved,3.1378348739380076e-05,879,2.930659969845943e-05,3.1378348739380076e-05,False,1,0.0,0.0,descriptive ambiguity from score ties; not uncertainty interval/certificate,"one matched checkpoint, same available paired subset; scores measured relative to no-op zero"
2001,early,8,25387349f2beb0f96d242ca9b954a62e6bfcc22e30747f954ca70f472e65a2bd,279031dac62ec328458cf4139632c998e1ddd65e7bfd05ce3dddf87adfe4fd5d,6f796db89978fec7eb3ee216f26f86b6a214f43f983559256eba2ae2816a0ca2,<WORKSPACE>/Gaussian/A17/EXCHANGE_R1/results/object_2001_early,FULL_SMALL_REFERENCE,"base spectral fidelity minus child spectral fidelity, same full/projected scope; no-op0",1168,97,12,True,exact persisted spectrum subset only; not complete teacher domain; descriptive no inference/certificate,spectrum_plus_teacher_best,teacher-best evaluator augmentation introduces utility-selection bias,information_fidelity_improvement,97,0,2.8915684191413185e-14,DESCRIPTIVE,0.18127147766323026,0.28512255417630966,0,0.0,0.0009856184313773591,5.006841149073193e-13,2.8915684191413185e-14,False,False,"[672, 818]","[879, 731]","[672, 818]","[879, 731]",candidate-only; numerical ties broken by original move_index; expanded sets also saved,3.1378348739380076e-05,672,0.013743031603807299,-0.000954240082637979,False,1,0.0009856184313773591,0.0009856184313773591,descriptive ambiguity from score ties; not uncertainty interval/certificate,"one matched checkpoint, same available paired subset; scores measured relative to no-op zero"
2001,early,16,25387349f2beb0f96d242ca9b954a62e6bfcc22e30747f954ca70f472e65a2bd,279031dac62ec328458cf4139632c998e1ddd65e7bfd05ce3dddf87adfe4fd5d,ec82c4cd1f7653200d8a9921aeb19ada72f3fe787f4be51b5230739bfce3c45d,<WORKSPACE>/Gaussian/A17/EXCHANGE_R1/results/object_2001_early,FULL_SMALL_REFERENCE,"base spectral fidelity minus child spectral fidelity, same full/projected scope; no-op0",2208,192,12,False,exact persisted spectrum subset only; not complete teacher domain; descriptive no inference/certificate,fixed12_per_removal,predeclared fixed bank; bounded nonrandom subset,receiver_score,192,0,2.8915684191413185e-14,DESCRIPTIVE,0.18030104712041883,0.27821426633752,0,0.0,5.577344322197857e-06,6.729311480378743e-14,2.8915684191413185e-14,False,False,"[2118, 1980]","[600, 738]","[2118, 1980]","[600, 738]",candidate-only; numerical ties broken by original move_index; expanded sets also saved,9.112878599298899e-06,2118,2.091067315713753,3.5355342771010417e-06,False,1,5.577344322197857e-06,5.577344322197857e-06,descriptive ambiguity from score ties; not uncertainty interval/certificate,"one matched checkpoint, same available paired subset; scores measured relative to no-op zero"
2001,early,16,25387349f2beb0f96d242ca9b954a62e6bfcc22e30747f954ca70f472e65a2bd,279031dac62ec328458cf4139632c998e1ddd65e7bfd05ce3dddf87adfe4fd5d,ec82c4cd1f7653200d8a9921aeb19ada72f3fe787f4be51b5230739bfce3c45d,<WORKSPACE>/Gaussian/A17/EXCHANGE_R1/results/object_2001_early,FULL_SMALL_REFERENCE,"base spectral fidelity minus child spectral fidelity, same full/projected scope; no-op0",2208,192,12,False,exact persisted spectrum subset only; not complete teacher domain; descriptive no inference/certificate,fixed12_per_removal,predeclared fixed bank; bounded nonrandom subset,delta_logdet_volume,192,0,2.8915684191413185e-14,DESCRIPTIVE,-0.39757853403141363,-0.5566726799229581,0,0.0,0.002078369365803892,3.2386997012521775e-13,2.8915684191413185e-14,False,False,"[292, 155]","[600, 738]","[292, 155]","[600, 738]",candidate-only; numerical ties broken by original move_index; expanded sets also saved,9.112878599298899e-06,292,11.395161537284565,-0.0020692564872045933,False,1,0.002078369365803892,0.002078369365803892,descriptive ambiguity from score ties; not uncertainty interval/certificate,"one matched checkpoint, same available paired subset; scores measured relative to no-op zero"
2001,early,16,25387349f2beb0f96d242ca9b954a62e6bfcc22e30747f954ca70f472e65a2bd,279031dac62ec328458cf4139632c998e1ddd65e7bfd05ce3dddf87adfe4fd5d,ec82c4cd1f7653200d8a9921aeb19ada72f3fe787f4be51b5230739bfce3c45d,<WORKSPACE>/Gaussian/A17/EXCHANGE_R1/results/object_2001_early,FULL_SMALL_REFERENCE,"base spectral fidelity minus child spectral fidelity, same full/projected scope; no-op0",2208,192,12,False,exact persisted spectrum subset only; not complete teacher domain; descriptive no inference/certificate,fixed12_per_removal,predeclared fixed bank; bounded nonrandom subset,delta_effective_dim,192,0,2.8915684191413185e-14,DESCRIPTIVE,-0.28544938917975565,-0.41263597645335437,0,0.0,0.002078369365803892,5.2618777456251973e-14,2.8915684191413185e-14,False,False,"[292, 16]","[600, 738]","[292, 16]","[600, 738]",candidate-only; numerical ties broken by original move_index; expanded sets also saved,9.112878599298899e-06,292,1.8513586448802144,-0.0020692564872045933,False,1,0.002078369365803892,0.002078369365803892,descriptive ambiguity from score ties; not uncertainty interval/certificate,"one matched checkpoint, same available paired subset; scores measured relative to no-op zero"
2001,early,16,25387349f2beb0f96d242ca9b954a62e6bfcc22e30747f954ca70f472e65a2bd,279031dac62ec328458cf4139632c998e1ddd65e7bfd05ce3dddf87adfe4fd5d,ec82c4cd1f7653200d8a9921aeb19ada72f3fe787f4be51b5230739bfce3c45d,<WORKSPACE>/Gaussian/A17/EXCHANGE_R1/results/object_2001_early,FULL_SMALL_REFERENCE,"base spectral fidelity minus child spectral fidelity, same full/projected scope; no-op0",2208,192,12,False,exact persisted spectrum subset only; not complete teacher domain; descriptive no inference/certificate,fixed12_per_removal,predeclared fixed bank; bounded nonrandom subset,Qhat,192,0,2.8915684191413185e-14,DESCRIPTIVE,0.8801265270506108,0.9573064454873451,0,0.0,1.861582146127478e-06,2.8915684191413185e-14,2.8915684191413185e-14,False,False,"[1428, 463]","[600, 738]","[1428, 463]","[600, 738]",candidate-only; numerical ties broken by original move_index; expanded sets also saved,9.112878599298899e-06,1428,7.607566700652269e-06,7.251296453171421e-06,False,1,1.861582146127478e-06,1.861582146127478e-06,descriptive ambiguity from score ties; not uncertainty interval/certificate,"one matched checkpoint, same available paired subset; scores measured relative to no-op zero"
2001,early,16,25387349f2beb0f96d242ca9b954a62e6bfcc22e30747f954ca70f472e65a2bd,279031dac62ec328458cf4139632c998e1ddd65e7bfd05ce3dddf87adfe4fd5d,ec82c4cd1f7653200d8a9921aeb19ada72f3fe787f4be51b5230739bfce3c45d,<WORKSPACE>/Gaussian/A17/EXCHANGE_R1/results/object_2001_early,FULL_SMALL_REFERENCE,"base spectral fidelity minus child spectral fidelity, same full/projected scope; no-op0",2208,192,12,False,exact persisted spectrum subset only; not complete teacher domain; descriptive no inference/certificate,fixed12_per_removal,predeclared fixed bank; bounded nonrandom subset,information_fidelity_improvement,192,0,2.8915684191413185e-14,DESCRIPTIVE,0.04886561954624782,0.08468179475354692,0,0.0,0.0018348430630406366,5.048117168206676e-13,2.8915684191413185e-14,False,False,"[293, 569]","[600, 738]","[293, 569]","[600, 738]",candidate-only; numerical ties broken by original move_index; expanded sets also saved,9.112878599298899e-06,293,0.03605677123423512,-0.0018257301844413377,False,1,0.0018348430630406366,0.0018348430630406366,descriptive ambiguity from score ties; not uncertainty interval/certificate,"one matched checkpoint, same available paired subset; scores measured relative to no-op zero"
2001,early,16,25387349f2beb0f96d242ca9b954a62e6bfcc22e30747f954ca70f472e65a2bd,279031dac62ec328458cf4139632c998e1ddd65e7bfd05ce3dddf87adfe4fd5d,ec82c4cd1f7653200d8a9921aeb19ada72f3fe787f4be51b5230739bfce3c45d,<WORKSPACE>/Gaussian/A17/EXCHANGE_R1/results/object_2001_early,FULL_SMALL_REFERENCE,"base spectral fidelity minus child spectral fidelity, same full/projected scope; no-op0",2208,192,12,False,exact persisted spectrum subset only; not complete teacher domain; descriptive no inference/certificate,spectrum_plus_teacher_best,teacher-best evaluator augmentation introduces utility-selection bias,receiver_score,192,0,2.8915684191413185e-14,DESCRIPTIVE,0.18030104712041883,0.27821426633752,0,0.0,5.577344322197857e-06,6.729311480378743e-14,2.8915684191413185e-14,False,False,"[2118, 1980]","[600, 738]","[2118, 1980]","[600, 738]",candidate-only; numerical ties broken by original move_index; expanded sets also saved,9.112878599298899e-06,2118,2.091067315713753,3.5355342771010417e-06,False,1,5.577344322197857e-06,5.577344322197857e-06,descriptive ambiguity from score ties; not uncertainty interval/certificate,"one matched checkpoint, same available paired subset; scores measured relative to no-op zero"
2001,early,16,25387349f2beb0f96d242ca9b954a62e6bfcc22e30747f954ca70f472e65a2bd,279031dac62ec328458cf4139632c998e1ddd65e7bfd05ce3dddf87adfe4fd5d,ec82c4cd1f7653200d8a9921aeb19ada72f3fe787f4be51b5230739bfce3c45d,<WORKSPACE>/Gaussian/A17/EXCHANGE_R1/results/object_2001_early,FULL_SMALL_REFERENCE,"base spectral fidelity minus child spectral fidelity, same full/projected scope; no-op0",2208,192,12,False,exact persisted spectrum subset only; not complete teacher domain; descriptive no inference/certificate,spectrum_plus_teacher_best,teacher-best evaluator augmentation introduces utility-selection bias,delta_logdet_volume,192,0,2.8915684191413185e-14,DESCRIPTIVE,-0.39757853403141363,-0.5566726799229581,0,0.0,0.002078369365803892,3.2386997012521775e-13,2.8915684191413185e-14,False,False,"[292, 155]","[600, 738]","[292, 155]","[600, 738]",candidate-only; numerical ties broken by original move_index; expanded sets also saved,9.112878599298899e-06,292,11.395161537284565,-0.0020692564872045933,False,1,0.002078369365803892,0.002078369365803892,descriptive ambiguity from score ties; not uncertainty interval/certificate,"one matched checkpoint, same available paired subset; scores measured relative to no-op zero"
2001,early,16,25387349f2beb0f96d242ca9b954a62e6bfcc22e30747f954ca70f472e65a2bd,279031dac62ec328458cf4139632c998e1ddd65e7bfd05ce3dddf87adfe4fd5d,ec82c4cd1f7653200d8a9921aeb19ada72f3fe787f4be51b5230739bfce3c45d,<WORKSPACE>/Gaussian/A17/EXCHANGE_R1/results/object_2001_early,FULL_SMALL_REFERENCE,"base spectral fidelity minus child spectral fidelity, same full/projected scope; no-op0",2208,192,12,False,exact persisted spectrum subset only; not complete teacher domain; descriptive no inference/certificate,spectrum_plus_teacher_best,teacher-best evaluator augmentation introduces utility-selection bias,delta_effective_dim,192,0,2.8915684191413185e-14,DESCRIPTIVE,-0.28544938917975565,-0.41263597645335437,0,0.0,0.002078369365803892,5.2618777456251973e-14,2.8915684191413185e-14,False,False,"[292, 16]","[600, 738]","[292, 16]","[600, 738]",candidate-only; numerical ties broken by original move_index; expanded sets also saved,9.112878599298899e-06,292,1.8513586448802144,-0.0020692564872045933,False,1,0.002078369365803892,0.002078369365803892,descriptive ambiguity from score ties; not uncertainty interval/certificate,"one matched checkpoint, same available paired subset; scores measured relative to no-op zero"
2001,early,16,25387349f2beb0f96d242ca9b954a62e6bfcc22e30747f954ca70f472e65a2bd,279031dac62ec328458cf4139632c998e1ddd65e7bfd05ce3dddf87adfe4fd5d,ec82c4cd1f7653200d8a9921aeb19ada72f3fe787f4be51b5230739bfce3c45d,<WORKSPACE>/Gaussian/A17/EXCHANGE_R1/results/object_2001_early,FULL_SMALL_REFERENCE,"base spectral fidelity minus child spectral fidelity, same full/projected scope; no-op0",2208,192,12,False,exact persisted spectrum subset only; not complete teacher domain; descriptive no inference/certificate,spectrum_plus_teacher_best,teacher-best evaluator augmentation introduces utility-selection bias,Qhat,192,0,2.8915684191413185e-14,DESCRIPTIVE,0.8801265270506108,0.9573064454873451,0,0.0,1.861582146127478e-06,2.8915684191413185e-14,2.8915684191413185e-14,False,False,"[1428, 463]","[600, 738]","[1428, 463]","[600, 738]",candidate-only; numerical ties broken by original move_index; expanded sets also saved,9.112878599298899e-06,1428,7.607566700652269e-06,7.251296453171421e-06,False,1,1.861582146127478e-06,1.861582146127478e-06,descriptive ambiguity from score ties; not uncertainty interval/certificate,"one matched checkpoint, same available paired subset; scores measured relative to no-op zero"
2001,early,16,25387349f2beb0f96d242ca9b954a62e6bfcc22e30747f954ca70f472e65a2bd,279031dac62ec328458cf4139632c998e1ddd65e7bfd05ce3dddf87adfe4fd5d,ec82c4cd1f7653200d8a9921aeb19ada72f3fe787f4be51b5230739bfce3c45d,<WORKSPACE>/Gaussian/A17/EXCHANGE_R1/results/object_2001_early,FULL_SMALL_REFERENCE,"base spectral fidelity minus child spectral fidelity, same full/projected scope; no-op0",2208,192,12,False,exact persisted spectrum subset only; not complete teacher domain; descriptive no inference/certificate,spectrum_plus_teacher_best,teacher-best evaluator augmentation introduces utility-selection bias,information_fidelity_improvement,192,0,2.8915684191413185e-14,DESCRIPTIVE,0.04886561954624782,0.08468179475354692,0,0.0,0.0018348430630406366,5.048117168206676e-13,2.8915684191413185e-14,False,False,"[293, 569]","[600, 738]","[293, 569]","[600, 738]",candidate-only; numerical ties broken by original move_index; expanded sets also saved,9.112878599298899e-06,293,0.03605677123423512,-0.0018257301844413377,False,1,0.0018348430630406366,0.0018348430630406366,descriptive ambiguity from score ties; not uncertainty interval/certificate,"one matched checkpoint, same available paired subset; scores measured relative to no-op zero"
2001,late,4,d5fc5494354cea7464d2f8ddbc5f32111d2b6748329d0269bb5b6c73feaf452c,50212acd39c0673d92c7e84e553969c2fa211b850768668e9fbe47ad2294bfa9,d973e6c9e2c8ea7b046c64a8ff27c9cc0548b724ab543dd0e2d64588c7721abf,<WORKSPACE>/Gaussian/A17/EXCHANGE_R1/results/object_2001_late,FULL_SMALL_REFERENCE,"base spectral fidelity minus child spectral fidelity, same full/projected scope; no-op0",600,49,12,True,exact persisted spectrum subset only; not complete teacher domain; descriptive no inference/certificate,fixed12_per_removal,predeclared fixed bank; bounded nonrandom subset,receiver_score,48,0,1.820467525657628e-18,DESCRIPTIVE,-0.21631205673758866,-0.3215371254884932,0,0.0,0.00034814670717714667,6.731475024435668e-14,1.820467525657628e-18,False,False,"[510, 511]","[150, 274]","[510, 511]","[150, 274]",candidate-only; numerical ties broken by original move_index; expanded sets also saved,0.00023291694130544294,510,1.1678626832187067,-0.00011522976587170373,False,1,0.00034814670717714667,0.00034814670717714667,descriptive ambiguity from score ties; not uncertainty interval/certificate,"one matched checkpoint, same available paired subset; scores measured relative to no-op zero"
2001,late,4,d5fc5494354cea7464d2f8ddbc5f32111d2b6748329d0269bb5b6c73feaf452c,50212acd39c0673d92c7e84e553969c2fa211b850768668e9fbe47ad2294bfa9,d973e6c9e2c8ea7b046c64a8ff27c9cc0548b724ab543dd0e2d64588c7721abf,<WORKSPACE>/Gaussian/A17/EXCHANGE_R1/results/object_2001_late,FULL_SMALL_REFERENCE,"base spectral fidelity minus child spectral fidelity, same full/projected scope; no-op0",600,49,12,True,exact persisted spectrum subset only; not complete teacher domain; descriptive no inference/certificate,fixed12_per_removal,predeclared fixed bank; bounded nonrandom subset,delta_logdet_volume,48,0,1.820467525657628e-18,DESCRIPTIVE,0.2925531914893617,0.42216673903604,0,0.0,9.646799223692374e-05,1.0811257670056215e-12,1.820467525657628e-18,False,False,"[179, 328]","[150, 274]","[179, 328]","[150, 274]",candidate-only; numerical ties broken by original move_index; expanded sets also saved,0.00023291694130544294,179,15.13640847020875,0.0001364489490685192,False,1,9.646799223692374e-05,9.646799223692374e-05,descriptive ambiguity from score ties; not uncertainty interval/certificate,"one matched checkpoint, same available paired subset; scores measured relative to no-op zero"
2001,late,4,d5fc5494354cea7464d2f8ddbc5f32111d2b6748329d0269bb5b6c73feaf452c,50212acd39c0673d92c7e84e553969c2fa211b850768668e9fbe47ad2294bfa9,d973e6c9e2c8ea7b046c64a8ff27c9cc0548b724ab543dd0e2d64588c7721abf,<WORKSPACE>/Gaussian/A17/EXCHANGE_R1/results/object_2001_late,FULL_SMALL_REFERENCE,"base spectral fidelity minus child spectral fidelity, same full/projected scope; no-op0",600,49,12,True,exact persisted spectrum subset only; not complete teacher domain; descriptive no inference/certificate,fixed12_per_removal,predeclared fixed bank; bounded nonrandom subset,delta_effective_dim,48,0,1.820467525657628e-18,DESCRIPTIVE,0.24822695035460995,0.3537776812852801,0,0.0,0.0002531251994916761,2.722228899925067e-13,1.820467525657628e-18,False,False,"[28, 179]","[150, 274]","[28, 179]","[150, 274]",candidate-only; numerical ties broken by original move_index; expanded sets also saved,0.00023291694130544294,28,5.143064141946034,-2.0208258186233183e-05,False,1,0.0002531251994916761,0.0002531251994916761,descriptive ambiguity from score ties; not uncertainty interval/certificate,"one matched checkpoint, same available paired subset; scores measured relative to no-op zero"
2001,late,4,d5fc5494354cea7464d2f8ddbc5f32111d2b6748329d0269bb5b6c73feaf452c,50212acd39c0673d92c7e84e553969c2fa211b850768668e9fbe47ad2294bfa9,d973e6c9e2c8ea7b046c64a8ff27c9cc0548b724ab543dd0e2d64588c7721abf,<WORKSPACE>/Gaussian/A17/EXCHANGE_R1/results/object_2001_late,FULL_SMALL_REFERENCE,"base spectral fidelity minus child spectral fidelity, same full/projected scope; no-op0",600,49,12,True,exact persisted spectrum subset only; not complete teacher domain; descriptive no inference/certificate,fixed12_per_removal,predeclared fixed bank; bounded nonrandom subset,Qhat,48,0,1.820467525657628e-18,DESCRIPTIVE,0.9343971631205674,0.9899044724272688,2,1.0,0.0,1.820467525657628e-18,1.820467525657628e-18,False,False,"[150, 274]","[150, 274]","[150, 274]","[150, 274]",candidate-only; numerical ties broken by original move_index; expanded sets also saved,0.00023291694130544294,150,0.00019873092802135303,0.00023291694130544294,False,1,0.0,0.0,descriptive ambiguity from score ties; not uncertainty interval/certificate,"one matched checkpoint, same available paired subset; scores measured relative to no-op zero"
2001,late,4,d5fc5494354cea7464d2f8ddbc5f32111d2b6748329d0269bb5b6c73feaf452c,50212acd39c0673d92c7e84e553969c2fa211b850768668e9fbe47ad2294bfa9,d973e6c9e2c8ea7b046c64a8ff27c9cc0548b724ab543dd0e2d64588c7721abf,<WORKSPACE>/Gaussian/A17/EXCHANGE_R1/results/object_2001_late,FULL_SMALL_REFERENCE,"base spectral fidelity minus child spectral fidelity, same full/projected scope; no-op0",600,49,12,True,exact persisted spectrum subset only; not complete teacher domain; descriptive no inference/certificate,fixed12_per_removal,predeclared fixed bank; bounded nonrandom subset,information_fidelity_improvement,48,0,1.820467525657628e-18,DESCRIPTIVE,0.1170212765957447,0.18150238818931827,1,0.5,0.0,9.049500380875959e-14,1.820467525657628e-18,False,False,"[150, 151]","[150, 274]","[150, 151]","[150, 274]",candidate-only; numerical ties broken by original move_index; expanded sets also saved,0.00023291694130544294,150,0.00034440471684715757,0.00023291694130544294,False,1,0.0,0.0,descriptive ambiguity from score ties; not uncertainty interval/certificate,"one matched checkpoint, same available paired subset; scores measured relative to no-op zero"
2001,late,4,d5fc5494354cea7464d2f8ddbc5f32111d2b6748329d0269bb5b6c73feaf452c,50212acd39c0673d92c7e84e553969c2fa211b850768668e9fbe47ad2294bfa9,d973e6c9e2c8ea7b046c64a8ff27c9cc0548b724ab543dd0e2d64588c7721abf,<WORKSPACE>/Gaussian/A17/EXCHANGE_R1/results/object_2001_late,FULL_SMALL_REFERENCE,"base spectral fidelity minus child spectral fidelity, same full/projected scope; no-op0",600,49,12,True,exact persisted spectrum subset only; not complete teacher domain; descriptive no inference/certificate,spectrum_plus_teacher_best,teacher-best evaluator augmentation introduces utility-selection bias,receiver_score,49,0,1.820467525657628e-18,DESCRIPTIVE,-0.22278911564625847,-0.3325510204081632,0,0.0,0.0003568287689168181,6.731475024435668e-14,1.820467525657628e-18,False,False,"[510, 511]","[163, 150]","[510, 511]","[163, 150]",candidate-only; numerical ties broken by original move_index; expanded sets also saved,0.00024159900304511435,510,1.1678626832187067,-0.00011522976587170373,False,1,0.0003568287689168181,0.0003568287689168181,descriptive ambiguity from score ties; not uncertainty interval/certificate,"one matched checkpoint, same available paired subset; scores measured relative to no-op zero"
2001,late,4,d5fc5494354cea7464d2f8ddbc5f32111d2b6748329d0269bb5b6c73feaf452c,50212acd39c0673d92c7e84e553969c2fa211b850768668e9fbe47ad2294bfa9,d973e6c9e2c8ea7b046c64a8ff27c9cc0548b724ab543dd0e2d64588c7721abf,<WORKSPACE>/Gaussian/A17/EXCHANGE_R1/results/object_2001_late,FULL_SMALL_REFERENCE,"base spectral fidelity minus child spectral fidelity, same full/projected scope; no-op0",600,49,12,True,exact persisted spectrum subset only; not complete teacher domain; descriptive no inference/certificate,spectrum_plus_teacher_best,teacher-best evaluator augmentation introduces utility-selection bias,delta_logdet_volume,49,0,1.820467525657628e-18,DESCRIPTIVE,0.2874149659863945,0.4165306122448979,0,0.0,0.00010515005397659515,1.0811257670056215e-12,1.820467525657628e-18,False,False,"[179, 328]","[163, 150]","[179, 328]","[163, 150]",candidate-only; numerical ties broken by original move_index; expanded sets also saved,0.00024159900304511435,179,15.13640847020875,0.0001364489490685192,False,1,0.00010515005397659515,0.00010515005397659515,descriptive ambiguity from score ties; not uncertainty interval/certificate,"one matched checkpoint, same available paired subset; scores measured relative to no-op zero"
2001,late,4,d5fc5494354cea7464d2f8ddbc5f32111d2b6748329d0269bb5b6c73feaf452c,50212acd39c0673d92c7e84e553969c2fa211b850768668e9fbe47ad2294bfa9,d973e6c9e2c8ea7b046c64a8ff27c9cc0548b724ab543dd0e2d64588c7721abf,<WORKSPACE>/Gaussian/A17/EXCHANGE_R1/results/object_2001_late,FULL_SMALL_REFERENCE,"base spectral fidelity minus child spectral fidelity, same full/projected scope; no-op0",600,49,12,True,exact persisted spectrum subset only; not complete teacher domain; descriptive no inference/certificate,spectrum_plus_teacher_best,teacher-best evaluator augmentation introduces utility-selection bias,delta_effective_dim,49,0,1.820467525657628e-18,DESCRIPTIVE,0.26190476190476186,0.37255102040816324,0,0.0,0.0002618072612313475,2.722228899925067e-13,1.820467525657628e-18,False,False,"[28, 179]","[163, 150]","[28, 179]","[163, 150]",candidate-only; numerical ties broken by original move_index; expanded sets also saved,0.00024159900304511435,28,5.143064141946034,-2.0208258186233183e-05,False,1,0.0002618072612313475,0.0002618072612313475,descriptive ambiguity from score ties; not uncertainty interval/certificate,"one matched checkpoint, same available paired subset; scores measured relative to no-op zero"
2001,late,4,d5fc5494354cea7464d2f8ddbc5f32111d2b6748329d0269bb5b6c73feaf452c,50212acd39c0673d92c7e84e553969c2fa211b850768668e9fbe47ad2294bfa9,d973e6c9e2c8ea7b046c64a8ff27c9cc0548b724ab543dd0e2d64588c7721abf,<WORKSPACE>/Gaussian/A17/EXCHANGE_R1/results/object_2001_late,FULL_SMALL_REFERENCE,"base spectral fidelity minus child spectral fidelity, same full/projected scope; no-op0",600,49,12,True,exact persisted spectrum subset only; not complete teacher domain; descriptive no inference/certificate,spectrum_plus_teacher_best,teacher-best evaluator augmentation introduces utility-selection bias,Qhat,49,0,1.820467525657628e-18,DESCRIPTIVE,0.9370748299319726,0.9905102040816325,2,1.0,0.0,1.820467525657628e-18,1.820467525657628e-18,False,False,"[163, 150]","[163, 150]","[163, 150]","[163, 150]",candidate-only; numerical ties broken by original move_index; expanded sets also saved,0.00024159900304511435,163,0.00019891094464030582,0.00024159900304511435,False,1,0.0,0.0,descriptive ambiguity from score ties; not uncertainty interval/certificate,"one matched checkpoint, same available paired subset; scores measured relative to no-op zero"
2001,late,4,d5fc5494354cea7464d2f8ddbc5f32111d2b6748329d0269bb5b6c73feaf452c,50212acd39c0673d92c7e84e553969c2fa211b850768668e9fbe47ad2294bfa9,d973e6c9e2c8ea7b046c64a8ff27c9cc0548b724ab543dd0e2d64588c7721abf,<WORKSPACE>/Gaussian/A17/EXCHANGE_R1/results/object_2001_late,FULL_SMALL_REFERENCE,"base spectral fidelity minus child spectral fidelity, same full/projected scope; no-op0",600,49,12,True,exact persisted spectrum subset only; not complete teacher domain; descriptive no inference/certificate,spectrum_plus_teacher_best,teacher-best evaluator augmentation introduces utility-selection bias,information_fidelity_improvement,49,0,1.820467525657628e-18,DESCRIPTIVE,0.13945578231292516,0.21561224489795913,1,0.5,8.682061739671409e-06,9.049500380875959e-14,1.820467525657628e-18,False,False,"[150, 151]","[163, 150]","[150, 151]","[163, 150]",candidate-only; numerical ties broken by original move_index; expanded sets also saved,0.00024159900304511435,150,0.00034440471684715757,0.00023291694130544294,False,1,8.682061739671409e-06,8.682061739671409e-06,descriptive ambiguity from score ties; not uncertainty interval/certificate,"one matched checkpoint, same available paired subset; scores measured relative to no-op zero"
2001,late,8,d5fc5494354cea7464d2f8ddbc5f32111d2b6748329d0269bb5b6c73feaf452c,50212acd39c0673d92c7e84e553969c2fa211b850768668e9fbe47ad2294bfa9,2c2b2e77a2798152c3ddb08a3e9e3cf43fc117be806f816ee8001b7f5ec15ee1,<WORKSPACE>/Gaussian/A17/EXCHANGE_R1/results/object_2001_late,FULL_SMALL_REFERENCE,"base spectral fidelity minus child spectral fidelity, same full/projected scope; no-op0",1168,97,12,True,exact persisted spectrum subset only; not complete teacher domain; descriptive no inference/certificate,fixed12_per_removal,predeclared fixed bank; bounded nonrandom subset,receiver_score,96,0,1.820467525657628e-18,DESCRIPTIVE,0.2359649122807017,0.34590341833966365,0,0.0,3.263308185322127e-05,6.731475024435668e-14,1.820467525657628e-18,False,False,"[1078, 932]","[234, 147]","[1078, 932]","[234, 147]",candidate-only; numerical ties broken by original move_index; expanded sets also saved,4.1769547913235635e-05,1078,1.5884941375844792,9.13646606001437e-06,False,1,3.263308185322127e-05,3.263308185322127e-05,descriptive ambiguity from score ties; not uncertainty interval/certificate,"one matched checkpoint, same available paired subset; scores measured relative to no-op zero"
2001,late,8,d5fc5494354cea7464d2f8ddbc5f32111d2b6748329d0269bb5b6c73feaf452c,50212acd39c0673d92c7e84e553969c2fa211b850768668e9fbe47ad2294bfa9,2c2b2e77a2798152c3ddb08a3e9e3cf43fc117be806f816ee8001b7f5ec15ee1,<WORKSPACE>/Gaussian/A17/EXCHANGE_R1/results/object_2001_late,FULL_SMALL_REFERENCE,"base spectral fidelity minus child spectral fidelity, same full/projected scope; no-op0",1168,97,12,True,exact persisted spectrum subset only; not complete teacher domain; descriptive no inference/certificate,fixed12_per_removal,predeclared fixed bank; bounded nonrandom subset,delta_logdet_volume,96,0,1.820467525657628e-18,DESCRIPTIVE,0.4048245614035087,0.5762072707542051,0,0.0,1.1048890194674607e-05,2.884908265678774e-13,1.820467525657628e-18,False,False,"[316, 171]","[234, 147]","[316, 171]","[234, 147]",candidate-only; numerical ties broken by original move_index; expanded sets also saved,4.1769547913235635e-05,316,10.1503685861789,3.072065771856103e-05,False,1,1.1048890194674607e-05,1.1048890194674607e-05,descriptive ambiguity from score ties; not uncertainty interval/certificate,"one matched checkpoint, same available paired subset; scores measured relative to no-op zero"
2001,late,8,d5fc5494354cea7464d2f8ddbc5f32111d2b6748329d0269bb5b6c73feaf452c,50212acd39c0673d92c7e84e553969c2fa211b850768668e9fbe47ad2294bfa9,2c2b2e77a2798152c3ddb08a3e9e3cf43fc117be806f816ee8001b7f5ec15ee1,<WORKSPACE>/Gaussian/A17/EXCHANGE_R1/results/object_2001_late,FULL_SMALL_REFERENCE,"base spectral fidelity minus child spectral fidelity, same full/projected scope; no-op0",1168,97,12,True,exact persisted spectrum subset only; not complete teacher domain; descriptive no inference/certificate,fixed12_per_removal,predeclared fixed bank; bounded nonrandom subset,delta_effective_dim,96,0,1.820467525657628e-18,DESCRIPTIVE,0.21403508771929822,0.3077319587628866,0,0.0,2.7702750123411282e-05,3.361545990868489e-14,1.820467525657628e-18,False,False,"[24, 672]","[234, 147]","[24, 672]","[234, 147]",candidate-only; numerical ties broken by original move_index; expanded sets also saved,4.1769547913235635e-05,24,1.1827388493643838,1.4066797789824353e-05,False,1,2.7702750123411282e-05,2.7702750123411282e-05,descriptive ambiguity from score ties; not uncertainty interval/certificate,"one matched checkpoint, same available paired subset; scores measured relative to no-op zero"
2001,late,8,d5fc5494354cea7464d2f8ddbc5f32111d2b6748329d0269bb5b6c73feaf452c,50212acd39c0673d92c7e84e553969c2fa211b850768668e9fbe47ad2294bfa9,2c2b2e77a2798152c3ddb08a3e9e3cf43fc117be806f816ee8001b7f5ec15ee1,<WORKSPACE>/Gaussian/A17/EXCHANGE_R1/results/object_2001_late,FULL_SMALL_REFERENCE,"base spectral fidelity minus child spectral fidelity, same full/projected scope; no-op0",1168,97,12,True,exact persisted spectrum subset only; not complete teacher domain; descriptive no inference/certificate,fixed12_per_removal,predeclared fixed bank; bounded nonrandom subset,Qhat,96,0,1.820467525657628e-18,DESCRIPTIVE,0.8438596491228069,0.9621269669017906,0,0.0,1.7352027422391105e-06,1.820467525657628e-18,1.820467525657628e-18,False,False,"[526, 964]","[234, 147]","[526, 964]","[234, 147]",candidate-only; numerical ties broken by original move_index; expanded sets also saved,4.1769547913235635e-05,526,3.676569715490496e-05,4.0034345170996525e-05,False,1,1.7352027422391105e-06,1.7352027422391105e-06,descriptive ambiguity from score ties; not uncertainty interval/certificate,"one matched checkpoint, same available paired subset; scores measured relative to no-op zero"
2001,late,8,d5fc5494354cea7464d2f8ddbc5f32111d2b6748329d0269bb5b6c73feaf452c,50212acd39c0673d92c7e84e553969c2fa211b850768668e9fbe47ad2294bfa9,2c2b2e77a2798152c3ddb08a3e9e3cf43fc117be806f816ee8001b7f5ec15ee1,<WORKSPACE>/Gaussian/A17/EXCHANGE_R1/results/object_2001_late,FULL_SMALL_REFERENCE,"base spectral fidelity minus child spectral fidelity, same full/projected scope; no-op0",1168,97,12,True,exact persisted spectrum subset only; not complete teacher domain; descriptive no inference/certificate,fixed12_per_removal,predeclared fixed bank; bounded nonrandom subset,information_fidelity_improvement,96,0,1.820467525657628e-18,DESCRIPTIVE,0.0557017543859649,0.01975040694519805,0,0.0,9.851347659188768e-06,1.0540127083610045e-13,1.820467525657628e-18,False,False,"[170, 462]","[234, 147]","[170, 462]","[234, 147]",candidate-only; numerical ties broken by original move_index; expanded sets also saved,4.1769547913235635e-05,170,0.00929879881671547,3.191820025404687e-05,False,1,9.851347659188768e-06,9.851347659188768e-06,descriptive ambiguity from score ties; not uncertainty interval/certificate,"one matched checkpoint, same available paired subset; scores measured relative to no-op zero"
2001,late,8,d5fc5494354cea7464d2f8ddbc5f32111d2b6748329d0269bb5b6c73feaf452c,50212acd39c0673d92c7e84e553969c2fa211b850768668e9fbe47ad2294bfa9,2c2b2e77a2798152c3ddb08a3e9e3cf43fc117be806f816ee8001b7f5ec15ee1,<WORKSPACE>/Gaussian/A17/EXCHANGE_R1/results/object_2001_late,FULL_SMALL_REFERENCE,"base spectral fidelity minus child spectral fidelity, same full/projected scope; no-op0",1168,97,12,True,exact persisted spectrum subset only; not complete teacher domain; descriptive no inference/certificate,spectrum_plus_teacher_best,teacher-best evaluator augmentation introduces utility-selection bias,receiver_score,97,0,1.820467525657628e-18,DESCRIPTIVE,0.21950171821305847,0.31991636860929934,0,0.0,3.6464225543756166e-05,6.731475024435668e-14,1.820467525657628e-18,False,False,"[1078, 932]","[243, 234]","[1078, 932]","[243, 234]",candidate-only; numerical ties broken by original move_index; expanded sets also saved,4.5600691603770534e-05,1078,1.5884941375844792,9.13646606001437e-06,False,1,3.6464225543756166e-05,3.6464225543756166e-05,descriptive ambiguity from score ties; not uncertainty interval/certificate,"one matched checkpoint, same available paired subset; scores measured relative to no-op zero"
2001,late,8,d5fc5494354cea7464d2f8ddbc5f32111d2b6748329d0269bb5b6c73feaf452c,50212acd39c0673d92c7e84e553969c2fa211b850768668e9fbe47ad2294bfa9,2c2b2e77a2798152c3ddb08a3e9e3cf43fc117be806f816ee8001b7f5ec15ee1,<WORKSPACE>/Gaussian/A17/EXCHANGE_R1/results/object_2001_late,FULL_SMALL_REFERENCE,"base spectral fidelity minus child spectral fidelity, same full/projected scope; no-op0",1168,97,12,True,exact persisted spectrum subset only; not complete teacher domain; descriptive no inference/certificate,spectrum_plus_teacher_best,teacher-best evaluator augmentation introduces utility-selection bias,delta_logdet_volume,97,0,1.820467525657628e-18,DESCRIPTIVE,0.41709621993127155,0.5891805175678518,1,0.5,0.0,2.887507146005181e-13,1.820467525657628e-18,False,False,"[243, 316]","[243, 234]","[243, 316]","[243, 234]",candidate-only; numerical ties broken by original move_index; expanded sets also saved,4.5600691603770534e-05,243,10.159512583420764,4.5600691603770534e-05,False,1,0.0,0.0,descriptive ambiguity from score ties; not uncertainty interval/certificate,"one matched checkpoint, same available paired subset; scores measured relative to no-op zero"
2001,late,8,d5fc5494354cea7464d2f8ddbc5f32111d2b6748329d0269bb5b6c73feaf452c,50212acd39c0673d92c7e84e553969c2fa211b850768668e9fbe47ad2294bfa9,2c2b2e77a2798152c3ddb08a3e9e3cf43fc117be806f816ee8001b7f5ec15ee1,<WORKSPACE>/Gaussian/A17/EXCHANGE_R1/results/object_2001_late,FULL_SMALL_REFERENCE,"base spectral fidelity minus child spectral fidelity, same full/projected scope; no-op0",1168,97,12,True,exact persisted spectrum subset only; not complete teacher domain; descriptive no inference/certificate,spectrum_plus_teacher_best,teacher-best evaluator augmentation introduces utility-selection bias,delta_effective_dim,97,0,1.820467525657628e-18,DESCRIPTIVE,0.23024054982817874,0.3289238375762676,1,0.5,0.0,3.5344027523520274e-14,1.820467525657628e-18,False,False,"[243, 24]","[243, 234]","[243, 24]","[243, 234]",candidate-only; numerical ties broken by original move_index; expanded sets also saved,4.5600691603770534e-05,243,1.2435574155054567,4.5600691603770534e-05,False,1,0.0,0.0,descriptive ambiguity from score ties; not uncertainty interval/certificate,"one matched checkpoint, same available paired subset; scores measured relative to no-op zero"
2001,late,8,d5fc5494354cea7464d2f8ddbc5f32111d2b6748329d0269bb5b6c73feaf452c,50212acd39c0673d92c7e84e553969c2fa211b850768668e9fbe47ad2294bfa9,2c2b2e77a2798152c3ddb08a3e9e3cf43fc117be806f816ee8001b7f5ec15ee1,<WORKSPACE>/Gaussian/A17/EXCHANGE_R1/results/object_2001_late,FULL_SMALL_REFERENCE,"base spectral fidelity minus child spectral fidelity, same full/projected scope; no-op0",1168,97,12,True,exact persisted spectrum subset only; not complete teacher domain; descriptive no inference/certificate,spectrum_plus_teacher_best,teacher-best evaluator augmentation introduces utility-selection bias,Qhat,97,0,1.820467525657628e-18,DESCRIPTIVE,0.8470790378006874,0.9632863454660213,1,0.5,0.0,1.820467525657628e-18,1.820467525657628e-18,False,False,"[243, 526]","[243, 234]","[243, 526]","[243, 234]",candidate-only; numerical ties broken by original move_index; expanded sets also saved,4.5600691603770534e-05,243,3.775632549094138e-05,4.5600691603770534e-05,False,1,0.0,0.0,descriptive ambiguity from score ties; not uncertainty interval/certificate,"one matched checkpoint, same available paired subset; scores measured relative to no-op zero"
2001,late,8,d5fc5494354cea7464d2f8ddbc5f32111d2b6748329d0269bb5b6c73feaf452c,50212acd39c0673d92c7e84e553969c2fa211b850768668e9fbe47ad2294bfa9,2c2b2e77a2798152c3ddb08a3e9e3cf43fc117be806f816ee8001b7f5ec15ee1,<WORKSPACE>/Gaussian/A17/EXCHANGE_R1/results/object_2001_late,FULL_SMALL_REFERENCE,"base spectral fidelity minus child spectral fidelity, same full/projected scope; no-op0",1168,97,12,True,exact persisted spectrum subset only; not complete teacher domain; descriptive no inference/certificate,spectrum_plus_teacher_best,teacher-best evaluator augmentation introduces utility-selection bias,information_fidelity_improvement,97,0,1.820467525657628e-18,DESCRIPTIVE,0.03393470790378007,-0.011466442247001891,0,0.0,1.3682491349723667e-05,1.3340862427895394e-13,1.820467525657628e-18,False,False,"[170, 462]","[243, 234]","[170, 462]","[243, 234]",candidate-only; numerical ties broken by original move_index; expanded sets also saved,4.5600691603770534e-05,170,0.00929879881671547,3.191820025404687e-05,False,1,1.3682491349723667e-05,1.3682491349723667e-05,descriptive ambiguity from score ties; not uncertainty interval/certificate,"one matched checkpoint, same available paired subset; scores measured relative to no-op zero"
2001,late,16,d5fc5494354cea7464d2f8ddbc5f32111d2b6748329d0269bb5b6c73feaf452c,50212acd39c0673d92c7e84e553969c2fa211b850768668e9fbe47ad2294bfa9,0c86c431f2058e06d64b623aa9a1287654da215bdf24f8a061e9ee397d6f0370,<WORKSPACE>/Gaussian/A17/EXCHANGE_R1/results/object_2001_late,FULL_SMALL_REFERENCE,"base spectral fidelity minus child spectral fidelity, same full/projected scope; no-op0",2208,193,12,True,exact persisted spectrum subset only; not complete teacher domain; descriptive no inference/certificate,fixed12_per_removal,predeclared fixed bank; bounded nonrandom subset,receiver_score,192,0,1.820467525657628e-18,DESCRIPTIVE,0.13514397905759162,0.20921384586170416,0,0.0,2.140447964700457e-06,6.731475024435668e-14,1.820467525657628e-18,False,False,"[2118, 1980]","[632, 494]","[2118, 1980]","[632, 494]",candidate-only; numerical ties broken by original move_index; expanded sets also saved,1.53993505525623e-06,2118,2.0910673157137474,-6.005129094442269e-07,False,1,2.140447964700457e-06,2.140447964700457e-06,descriptive ambiguity from score ties; not uncertainty interval/certificate,"one matched checkpoint, same available paired subset; scores measured relative to no-op zero"
2001,late,16,d5fc5494354cea7464d2f8ddbc5f32111d2b6748329d0269bb5b6c73feaf452c,50212acd39c0673d92c7e84e553969c2fa211b850768668e9fbe47ad2294bfa9,0c86c431f2058e06d64b623aa9a1287654da215bdf24f8a061e9ee397d6f0370,<WORKSPACE>/Gaussian/A17/EXCHANGE_R1/results/object_2001_late,FULL_SMALL_REFERENCE,"base spectral fidelity minus child spectral fidelity, same full/projected scope; no-op0",2208,193,12,True,exact persisted spectrum subset only; not complete teacher domain; descriptive no inference/certificate,fixed12_per_removal,predeclared fixed bank; bounded nonrandom subset,delta_logdet_volume,192,0,1.820467525657628e-18,DESCRIPTIVE,0.33835078534031415,0.4774502889075768,1,0.5,3.494827892800434e-07,2.976041143515907e-13,1.820467525657628e-18,False,False,"[356, 494]","[632, 494]","[356, 494]","[632, 494]",candidate-only; numerical ties broken by original move_index; expanded sets also saved,1.53993505525623e-06,356,10.471013894513675,1.1904522659761867e-06,False,1,3.494827892800434e-07,3.494827892800434e-07,descriptive ambiguity from score ties; not uncertainty interval/certificate,"one matched checkpoint, same available paired subset; scores measured relative to no-op zero"
2001,late,16,d5fc5494354cea7464d2f8ddbc5f32111d2b6748329d0269bb5b6c73feaf452c,50212acd39c0673d92c7e84e553969c2fa211b850768668e9fbe47ad2294bfa9,0c86c431f2058e06d64b623aa9a1287654da215bdf24f8a061e9ee397d6f0370,<WORKSPACE>/Gaussian/A17/EXCHANGE_R1/results/object_2001_late,FULL_SMALL_REFERENCE,"base spectral fidelity minus child spectral fidelity, same full/projected scope; no-op0",2208,193,12,True,exact persisted spectrum subset only; not complete teacher domain; descriptive no inference/certificate,fixed12_per_removal,predeclared fixed bank; bounded nonrandom subset,delta_effective_dim,192,0,1.820467525657628e-18,DESCRIPTIVE,0.2919938917975567,0.4218932262702439,1,0.5,8.202466756184884e-09,2.842170943040401e-14,1.820467525657628e-18,False,False,"[494, 356]","[632, 494]","[494, 356]","[632, 494]",candidate-only; numerical ties broken by original move_index; expanded sets also saved,1.53993505525623e-06,494,0.41460080785997633,1.5317325885000452e-06,False,1,8.202466756184884e-09,8.202466756184884e-09,descriptive ambiguity from score ties; not uncertainty interval/certificate,"one matched checkpoint, same available paired subset; scores measured relative to no-op zero"
2001,late,16,d5fc5494354cea7464d2f8ddbc5f32111d2b6748329d0269bb5b6c73feaf452c,50212acd39c0673d92c7e84e553969c2fa211b850768668e9fbe47ad2294bfa9,0c86c431f2058e06d64b623aa9a1287654da215bdf24f8a061e9ee397d6f0370,<WORKSPACE>/Gaussian/A17/EXCHANGE_R1/results/object_2001_late,FULL_SMALL_REFERENCE,"base spectral fidelity minus child spectral fidelity, same full/projected scope; no-op0",2208,193,12,True,exact persisted spectrum subset only; not complete teacher domain; descriptive no inference/certificate,fixed12_per_removal,predeclared fixed bank; bounded nonrandom subset,Qhat,192,0,1.820467525657628e-18,DESCRIPTIVE,0.6391797556719022,0.8232034831674038,0,0.0,1.096100396227728e-06,1.820467525657628e-18,1.820467525657628e-18,False,False,"[908, 1322]","[632, 494]","[908, 1322]","[632, 494]",candidate-only; numerical ties broken by original move_index; expanded sets also saved,1.53993505525623e-06,908,1.6156313452272557e-06,4.4383465902850217e-07,False,1,1.096100396227728e-06,1.096100396227728e-06,descriptive ambiguity from score ties; not uncertainty interval/certificate,"one matched checkpoint, same available paired subset; scores measured relative to no-op zero"
2001,late,16,d5fc5494354cea7464d2f8ddbc5f32111d2b6748329d0269bb5b6c73feaf452c,50212acd39c0673d92c7e84e553969c2fa211b850768668e9fbe47ad2294bfa9,0c86c431f2058e06d64b623aa9a1287654da215bdf24f8a061e9ee397d6f0370,<WORKSPACE>/Gaussian/A17/EXCHANGE_R1/results/object_2001_late,FULL_SMALL_REFERENCE,"base spectral fidelity minus child spectral fidelity, same full/projected scope; no-op0",2208,193,12,True,exact persisted spectrum subset only; not complete teacher domain; descriptive no inference/certificate,fixed12_per_removal,predeclared fixed bank; bounded nonrandom subset,information_fidelity_improvement,192,0,1.820467525657628e-18,DESCRIPTIVE,0.162521815008726,0.21775560860483417,0,0.0,9.541730020234918e-07,3.700913308714065e-13,1.820467525657628e-18,False,False,"[1518, 569]","[632, 494]","[1518, 569]","[632, 494]",candidate-only; numerical ties broken by original move_index; expanded sets also saved,1.53993505525623e-06,1518,0.015517793108287603,5.857620532327381e-07,False,1,9.541730020234918e-07,9.541730020234918e-07,descriptive ambiguity from score ties; not uncertainty interval/certificate,"one matched checkpoint, same available paired subset; scores measured relative to no-op zero"
2001,late,16,d5fc5494354cea7464d2f8ddbc5f32111d2b6748329d0269bb5b6c73feaf452c,50212acd39c0673d92c7e84e553969c2fa211b850768668e9fbe47ad2294bfa9,0c86c431f2058e06d64b623aa9a1287654da215bdf24f8a061e9ee397d6f0370,<WORKSPACE>/Gaussian/A17/EXCHANGE_R1/results/object_2001_late,FULL_SMALL_REFERENCE,"base spectral fidelity minus child spectral fidelity, same full/projected scope; no-op0",2208,193,12,True,exact persisted spectrum subset only; not complete teacher domain; descriptive no inference/certificate,spectrum_plus_teacher_best,teacher-best evaluator augmentation introduces utility-selection bias,receiver_score,193,0,1.820467525657628e-18,DESCRIPTIVE,0.13860103626943004,0.21414287431226964,0,0.0,2.491594239343749e-06,6.731475024435668e-14,1.820467525657628e-18,False,False,"[2118, 1980]","[1743, 632]","[2118, 1980]","[1743, 632]",candidate-only; numerical ties broken by original move_index; expanded sets also saved,1.8910813298995218e-06,2118,2.0910673157137474,-6.005129094442269e-07,False,1,2.491594239343749e-06,2.491594239343749e-06,descriptive ambiguity from score ties; not uncertainty interval/certificate,"one matched checkpoint, same available paired subset; scores measured relative to no-op zero"
2001,late,16,d5fc5494354cea7464d2f8ddbc5f32111d2b6748329d0269bb5b6c73feaf452c,50212acd39c0673d92c7e84e553969c2fa211b850768668e9fbe47ad2294bfa9,0c86c431f2058e06d64b623aa9a1287654da215bdf24f8a061e9ee397d6f0370,<WORKSPACE>/Gaussian/A17/EXCHANGE_R1/results/object_2001_late,FULL_SMALL_REFERENCE,"base spectral fidelity minus child spectral fidelity, same full/projected scope; no-op0",2208,193,12,True,exact persisted spectrum subset only; not complete teacher domain; descriptive no inference/certificate,spectrum_plus_teacher_best,teacher-best evaluator augmentation introduces utility-selection bias,delta_logdet_volume,193,0,1.820467525657628e-18,DESCRIPTIVE,0.3435880829015544,0.48437583462421874,0,0.0,7.006290639233351e-07,2.976041143515907e-13,1.820467525657628e-18,False,False,"[356, 494]","[1743, 632]","[356, 494]","[1743, 632]",candidate-only; numerical ties broken by original move_index; expanded sets also saved,1.8910813298995218e-06,356,10.471013894513675,1.1904522659761867e-06,False,1,7.006290639233351e-07,7.006290639233351e-07,descriptive ambiguity from score ties; not uncertainty interval/certificate,"one matched checkpoint, same available paired subset; scores measured relative to no-op zero"
2001,late,16,d5fc5494354cea7464d2f8ddbc5f32111d2b6748329d0269bb5b6c73feaf452c,50212acd39c0673d92c7e84e553969c2fa211b850768668e9fbe47ad2294bfa9,0c86c431f2058e06d64b623aa9a1287654da215bdf24f8a061e9ee397d6f0370,<WORKSPACE>/Gaussian/A17/EXCHANGE_R1/results/object_2001_late,FULL_SMALL_REFERENCE,"base spectral fidelity minus child spectral fidelity, same full/projected scope; no-op0",2208,193,12,True,exact persisted spectrum subset only; not complete teacher domain; descriptive no inference/certificate,spectrum_plus_teacher_best,teacher-best evaluator augmentation introduces utility-selection bias,delta_effective_dim,193,0,1.820467525657628e-18,DESCRIPTIVE,0.29933074265975823,0.43083302174029164,1,0.5,0.0,2.842170943040401e-14,1.820467525657628e-18,False,False,"[1743, 494]","[1743, 632]","[1743, 494]","[1743, 632]",candidate-only; numerical ties broken by original move_index; expanded sets also saved,1.8910813298995218e-06,1743,0.41566647245415567,1.8910813298995218e-06,False,1,0.0,0.0,descriptive ambiguity from score ties; not uncertainty interval/certificate,"one matched checkpoint, same available paired subset; scores measured relative to no-op zero"
2001,late,16,d5fc5494354cea7464d2f8ddbc5f32111d2b6748329d0269bb5b6c73feaf452c,50212acd39c0673d92c7e84e553969c2fa211b850768668e9fbe47ad2294bfa9,0c86c431f2058e06d64b623aa9a1287654da215bdf24f8a061e9ee397d6f0370,<WORKSPACE>/Gaussian/A17/EXCHANGE_R1/results/object_2001_late,FULL_SMALL_REFERENCE,"base spectral fidelity minus child spectral fidelity, same full/projected scope; no-op0",2208,193,12,True,exact persisted spectrum subset only; not complete teacher domain; descriptive no inference/certificate,spectrum_plus_teacher_best,teacher-best evaluator augmentation introduces utility-selection bias,Qhat,193,0,1.820467525657628e-18,DESCRIPTIVE,0.6429188255613126,0.8259374499225468,1,0.5,0.0,1.820467525657628e-18,1.820467525657628e-18,False,False,"[1743, 908]","[1743, 632]","[1743, 908]","[1743, 632]",candidate-only; numerical ties broken by original move_index; expanded sets also saved,1.8910813298995218e-06,1743,1.6218728953025463e-06,1.8910813298995218e-06,False,1,0.0,0.0,descriptive ambiguity from score ties; not uncertainty interval/certificate,"one matched checkpoint, same available paired subset; scores measured relative to no-op zero"
2001,late,16,d5fc5494354cea7464d2f8ddbc5f32111d2b6748329d0269bb5b6c73feaf452c,50212acd39c0673d92c7e84e553969c2fa211b850768668e9fbe47ad2294bfa9,0c86c431f2058e06d64b623aa9a1287654da215bdf24f8a061e9ee397d6f0370,<WORKSPACE>/Gaussian/A17/EXCHANGE_R1/results/object_2001_late,FULL_SMALL_REFERENCE,"base spectral fidelity minus child spectral fidelity, same full/projected scope; no-op0",2208,193,12,True,exact persisted spectrum subset only; not complete teacher domain; descriptive no inference/certificate,spectrum_plus_teacher_best,teacher-best evaluator augmentation introduces utility-selection bias,information_fidelity_improvement,193,0,1.820467525657628e-18,DESCRIPTIVE,0.15209412780656306,0.1999442471021847,0,0.0,1.3053192766667836e-06,3.700913308714065e-13,1.820467525657628e-18,False,False,"[1518, 569]","[1743, 632]","[1518, 569]","[1743, 632]",candidate-only; numerical ties broken by original move_index; expanded sets also saved,1.8910813298995218e-06,1518,0.015517793108287603,5.857620532327381e-07,False,1,1.3053192766667836e-06,1.3053192766667836e-06,descriptive ambiguity from score ties; not uncertainty interval/certificate,"one matched checkpoint, same available paired subset; scores measured relative to no-op zero"
2001,middle,4,e076178633bf9785d5aa8753ba8ccee97b67a6fc13c2032433576194de3221a3,e0bf563b31bd47b8229475c739278acbcfa609d023117c83b70f211d928128b3,e72be7eea11e582f4ea73e7bb72c83684a71b9bef6ec6cd4abbd17807521fb31,<WORKSPACE>/Gaussian/A17/EXCHANGE_R1/results/object_2001_middle,FULL_SMALL_REFERENCE,"base spectral fidelity minus child spectral fidelity, same full/projected scope; no-op0",600,49,12,True,exact persisted spectrum subset only; not complete teacher domain; descriptive no inference/certificate,fixed12_per_removal,predeclared fixed bank; bounded nonrandom subset,receiver_score,48,0,2.1871235165076276e-18,DESCRIPTIVE,-0.22163120567375888,-0.3227312201476335,0,0.0,0.00010310378566765296,6.730605829390445e-14,2.1871235165076276e-18,False,False,"[510, 511]","[151, 150]","[510, 511]","[151, 150]",candidate-only; numerical ties broken by original move_index; expanded sets also saved,5.710745298287077e-05,510,1.1678626832187056,-4.5996332684782187e-05,False,1,0.00010310378566765296,0.00010310378566765296,descriptive ambiguity from score ties; not uncertainty interval/certificate,"one matched checkpoint, same available paired subset; scores measured relative to no-op zero"
2001,middle,4,e076178633bf9785d5aa8753ba8ccee97b67a6fc13c2032433576194de3221a3,e0bf563b31bd47b8229475c739278acbcfa609d023117c83b70f211d928128b3,e72be7eea11e582f4ea73e7bb72c83684a71b9bef6ec6cd4abbd17807521fb31,<WORKSPACE>/Gaussian/A17/EXCHANGE_R1/results/object_2001_middle,FULL_SMALL_REFERENCE,"base spectral fidelity minus child spectral fidelity, same full/projected scope; no-op0",600,49,12,True,exact persisted spectrum subset only; not complete teacher domain; descriptive no inference/certificate,fixed12_per_removal,predeclared fixed bank; bounded nonrandom subset,delta_logdet_volume,48,0,2.1871235165076276e-18,DESCRIPTIVE,0.3439716312056738,0.4899044724272688,0,0.0,3.1633801896518345e-05,1.0738689341304769e-12,2.1871235165076276e-18,False,False,"[179, 242]","[151, 150]","[179, 242]","[151, 150]",candidate-only; numerical ties broken by original move_index; expanded sets also saved,5.710745298287077e-05,179,15.21669808945822,2.547365108635243e-05,False,1,3.1633801896518345e-05,3.1633801896518345e-05,descriptive ambiguity from score ties; not uncertainty interval/certificate,"one matched checkpoint, same available paired subset; scores measured relative to no-op zero"
2001,middle,4,e076178633bf9785d5aa8753ba8ccee97b67a6fc13c2032433576194de3221a3,e0bf563b31bd47b8229475c739278acbcfa609d023117c83b70f211d928128b3,e72be7eea11e582f4ea73e7bb72c83684a71b9bef6ec6cd4abbd17807521fb31,<WORKSPACE>/Gaussian/A17/EXCHANGE_R1/results/object_2001_middle,FULL_SMALL_REFERENCE,"base spectral fidelity minus child spectral fidelity, same full/projected scope; no-op0",600,49,12,True,exact persisted spectrum subset only; not complete teacher domain; descriptive no inference/certificate,fixed12_per_removal,predeclared fixed bank; bounded nonrandom subset,delta_effective_dim,48,0,2.1871235165076276e-18,DESCRIPTIVE,0.2819148936170213,0.40794615718627875,0,0.0,9.715261099508833e-06,2.696908037974317e-13,2.1871235165076276e-18,False,False,"[28, 179]","[151, 150]","[28, 179]","[151, 150]",candidate-only; numerical ties broken by original move_index; expanded sets also saved,5.710745298287077e-05,28,5.264503091197739,4.739219188336194e-05,False,1,9.715261099508833e-06,9.715261099508833e-06,descriptive ambiguity from score ties; not uncertainty interval/certificate,"one matched checkpoint, same available paired subset; scores measured relative to no-op zero"
2001,middle,4,e076178633bf9785d5aa8753ba8ccee97b67a6fc13c2032433576194de3221a3,e0bf563b31bd47b8229475c739278acbcfa609d023117c83b70f211d928128b3,e72be7eea11e582f4ea73e7bb72c83684a71b9bef6ec6cd4abbd17807521fb31,<WORKSPACE>/Gaussian/A17/EXCHANGE_R1/results/object_2001_middle,FULL_SMALL_REFERENCE,"base spectral fidelity minus child spectral fidelity, same full/projected scope; no-op0",600,49,12,True,exact persisted spectrum subset only; not complete teacher domain; descriptive no inference/certificate,fixed12_per_removal,predeclared fixed bank; bounded nonrandom subset,Qhat,48,0,2.1871235165076276e-18,DESCRIPTIVE,0.971631205673759,0.9971775944420321,1,0.5,2.100617061887979e-06,2.1871235165076276e-18,2.1871235165076276e-18,False,False,"[0, 151]","[151, 150]","[0, 151]","[151, 150]",candidate-only; numerical ties broken by original move_index; expanded sets also saved,5.710745298287077e-05,0,5.4853528693927015e-05,5.500683592098279e-05,False,1,2.100617061887979e-06,2.100617061887979e-06,descriptive ambiguity from score ties; not uncertainty interval/certificate,"one matched checkpoint, same available paired subset; scores measured relative to no-op zero"
2001,middle,4,e076178633bf9785d5aa8753ba8ccee97b67a6fc13c2032433576194de3221a3,e0bf563b31bd47b8229475c739278acbcfa609d023117c83b70f211d928128b3,e72be7eea11e582f4ea73e7bb72c83684a71b9bef6ec6cd4abbd17807521fb31,<WORKSPACE>/Gaussian/A17/EXCHANGE_R1/results/object_2001_middle,FULL_SMALL_REFERENCE,"base spectral fidelity minus child spectral fidelity, same full/projected scope; no-op0",600,49,12,True,exact persisted spectrum subset only; not complete teacher domain; descriptive no inference/certificate,fixed12_per_removal,predeclared fixed bank; bounded nonrandom subset,information_fidelity_improvement,48,0,2.1871235165076276e-18,DESCRIPTIVE,0.11524822695035462,0.18030829353017805,2,1.0,0.0,1.705659562063176e-13,2.1871235165076276e-18,False,False,"[151, 150]","[151, 150]","[151, 150]","[151, 150]",candidate-only; numerical ties broken by original move_index; expanded sets also saved,5.710745298287077e-05,151,0.0003130702446374478,5.710745298287077e-05,False,1,0.0,0.0,descriptive ambiguity from score ties; not uncertainty interval/certificate,"one matched checkpoint, same available paired subset; scores measured relative to no-op zero"
2001,middle,4,e076178633bf9785d5aa8753ba8ccee97b67a6fc13c2032433576194de3221a3,e0bf563b31bd47b8229475c739278acbcfa609d023117c83b70f211d928128b3,e72be7eea11e582f4ea73e7bb72c83684a71b9bef6ec6cd4abbd17807521fb31,<WORKSPACE>/Gaussian/A17/EXCHANGE_R1/results/object_2001_middle,FULL_SMALL_REFERENCE,"base spectral fidelity minus child spectral fidelity, same full/projected scope; no-op0",600,49,12,True,exact persisted spectrum subset only; not complete teacher domain; descriptive no inference/certificate,spectrum_plus_teacher_best,teacher-best evaluator augmentation introduces utility-selection bias,receiver_score,49,0,2.1871235165076276e-18,DESCRIPTIVE,-0.227891156462585,-0.328469387755102,0,0.0,0.00010942886554538458,6.730605829390445e-14,2.1871235165076276e-18,False,False,"[510, 511]","[110, 151]","[510, 511]","[110, 151]",candidate-only; numerical ties broken by original move_index; expanded sets also saved,6.343253286060239e-05,510,1.1678626832187056,-4.5996332684782187e-05,False,1,0.00010942886554538458,0.00010942886554538458,descriptive ambiguity from score ties; not uncertainty interval/certificate,"one matched checkpoint, same available paired subset; scores measured relative to no-op zero"
2001,middle,4,e076178633bf9785d5aa8753ba8ccee97b67a6fc13c2032433576194de3221a3,e0bf563b31bd47b8229475c739278acbcfa609d023117c83b70f211d928128b3,e72be7eea11e582f4ea73e7bb72c83684a71b9bef6ec6cd4abbd17807521fb31,<WORKSPACE>/Gaussian/A17/EXCHANGE_R1/results/object_2001_middle,FULL_SMALL_REFERENCE,"base spectral fidelity minus child spectral fidelity, same full/projected scope; no-op0",600,49,12,True,exact persisted spectrum subset only; not complete teacher domain; descriptive no inference/certificate,spectrum_plus_teacher_best,teacher-best evaluator augmentation introduces utility-selection bias,delta_logdet_volume,49,0,2.1871235165076276e-18,DESCRIPTIVE,0.3605442176870748,0.5091836734693876,0,0.0,3.795888177424996e-05,1.0738689341304769e-12,2.1871235165076276e-18,False,False,"[179, 242]","[110, 151]","[179, 242]","[110, 151]",candidate-only; numerical ties broken by original move_index; expanded sets also saved,6.343253286060239e-05,179,15.21669808945822,2.547365108635243e-05,False,1,3.795888177424996e-05,3.795888177424996e-05,descriptive ambiguity from score ties; not uncertainty interval/certificate,"one matched checkpoint, same available paired subset; scores measured relative to no-op zero"
2001,middle,4,e076178633bf9785d5aa8753ba8ccee97b67a6fc13c2032433576194de3221a3,e0bf563b31bd47b8229475c739278acbcfa609d023117c83b70f211d928128b3,e72be7eea11e582f4ea73e7bb72c83684a71b9bef6ec6cd4abbd17807521fb31,<WORKSPACE>/Gaussian/A17/EXCHANGE_R1/results/object_2001_middle,FULL_SMALL_REFERENCE,"base spectral fidelity minus child spectral fidelity, same full/projected scope; no-op0",600,49,12,True,exact persisted spectrum subset only; not complete teacher domain; descriptive no inference/certificate,spectrum_plus_teacher_best,teacher-best evaluator augmentation introduces utility-selection bias,delta_effective_dim,49,0,2.1871235165076276e-18,DESCRIPTIVE,0.2925170068027211,0.4209183673469387,0,0.0,1.604034097724045e-05,2.696908037974317e-13,2.1871235165076276e-18,False,False,"[28, 179]","[110, 151]","[28, 179]","[110, 151]",candidate-only; numerical ties broken by original move_index; expanded sets also saved,6.343253286060239e-05,28,5.264503091197739,4.739219188336194e-05,False,1,1.604034097724045e-05,1.604034097724045e-05,descriptive ambiguity from score ties; not uncertainty interval/certificate,"one matched checkpoint, same available paired subset; scores measured relative to no-op zero"
2001,middle,4,e076178633bf9785d5aa8753ba8ccee97b67a6fc13c2032433576194de3221a3,e0bf563b31bd47b8229475c739278acbcfa609d023117c83b70f211d928128b3,e72be7eea11e582f4ea73e7bb72c83684a71b9bef6ec6cd4abbd17807521fb31,<WORKSPACE>/Gaussian/A17/EXCHANGE_R1/results/object_2001_middle,FULL_SMALL_REFERENCE,"base spectral fidelity minus child spectral fidelity, same full/projected scope; no-op0",600,49,12,True,exact persisted spectrum subset only; not complete teacher domain; descriptive no inference/certificate,spectrum_plus_teacher_best,teacher-best evaluator augmentation introduces utility-selection bias,Qhat,49,0,2.1871235165076276e-18,DESCRIPTIVE,0.9727891156462584,0.9973469387755102,1,0.5,0.0,2.1871235165076276e-18,2.1871235165076276e-18,False,False,"[110, 0]","[110, 151]","[110, 0]","[110, 151]",candidate-only; numerical ties broken by original move_index; expanded sets also saved,6.343253286060239e-05,110,6.176882186372715e-05,6.343253286060239e-05,False,1,0.0,0.0,descriptive ambiguity from score ties; not uncertainty interval/certificate,"one matched checkpoint, same available paired subset; scores measured relative to no-op zero"
2001,middle,4,e076178633bf9785d5aa8753ba8ccee97b67a6fc13c2032433576194de3221a3,e0bf563b31bd47b8229475c739278acbcfa609d023117c83b70f211d928128b3,e72be7eea11e582f4ea73e7bb72c83684a71b9bef6ec6cd4abbd17807521fb31,<WORKSPACE>/Gaussian/A17/EXCHANGE_R1/results/object_2001_middle,FULL_SMALL_REFERENCE,"base spectral fidelity minus child spectral fidelity, same full/projected scope; no-op0",600,49,12,True,exact persisted spectrum subset only; not complete teacher domain; descriptive no inference/certificate,spectrum_plus_teacher_best,teacher-best evaluator augmentation introduces utility-selection bias,information_fidelity_improvement,49,0,2.1871235165076276e-18,DESCRIPTIVE,0.14455782312925167,0.22765306122448978,1,0.5,6.3250798777316175e-06,1.705659562063176e-13,2.1871235165076276e-18,False,False,"[151, 150]","[110, 151]","[151, 150]","[110, 151]",candidate-only; numerical ties broken by original move_index; expanded sets also saved,6.343253286060239e-05,151,0.0003130702446374478,5.710745298287077e-05,False,1,6.3250798777316175e-06,6.3250798777316175e-06,descriptive ambiguity from score ties; not uncertainty interval/certificate,"one matched checkpoint, same available paired subset; scores measured relative to no-op zero"
2001,middle,8,e076178633bf9785d5aa8753ba8ccee97b67a6fc13c2032433576194de3221a3,e0bf563b31bd47b8229475c739278acbcfa609d023117c83b70f211d928128b3,fef88509e836996aa6986dbd10433fb73c8a1756fc79b802cba8a291260e6f7e,<WORKSPACE>/Gaussian/A17/EXCHANGE_R1/results/object_2001_middle,FULL_SMALL_REFERENCE,"base spectral fidelity minus child spectral fidelity, same full/projected scope; no-op0",1168,97,12,True,exact persisted spectrum subset only; not complete teacher domain; descriptive no inference/certificate,fixed12_per_removal,predeclared fixed bank; bounded nonrandom subset,receiver_score,96,0,2.1871235165076276e-18,DESCRIPTIVE,0.36666666666666664,0.540735214324471,0,0.0,4.701025088818824e-06,6.730605829390445e-14,2.1871235165076276e-18,False,False,"[1078, 932]","[876, 585]","[1078, 932]","[876, 585]",candidate-only; numerical ties broken by original move_index; expanded sets also saved,1.8568722526379934e-06,1078,1.5884941375844766,-2.8441528361808303e-06,False,1,4.701025088818824e-06,4.701025088818824e-06,descriptive ambiguity from score ties; not uncertainty interval/certificate,"one matched checkpoint, same available paired subset; scores measured relative to no-op zero"
2001,middle,8,e076178633bf9785d5aa8753ba8ccee97b67a6fc13c2032433576194de3221a3,e0bf563b31bd47b8229475c739278acbcfa609d023117c83b70f211d928128b3,fef88509e836996aa6986dbd10433fb73c8a1756fc79b802cba8a291260e6f7e,<WORKSPACE>/Gaussian/A17/EXCHANGE_R1/results/object_2001_middle,FULL_SMALL_REFERENCE,"base spectral fidelity minus child spectral fidelity, same full/projected scope; no-op0",1168,97,12,True,exact persisted spectrum subset only; not complete teacher domain; descriptive no inference/certificate,fixed12_per_removal,predeclared fixed bank; bounded nonrandom subset,delta_logdet_volume,96,0,2.1871235165076276e-18,DESCRIPTIVE,0.24122807017543854,0.35383884970157353,0,0.0,2.2627699434523754e-06,2.9728264523024236e-13,2.1871235165076276e-18,False,False,"[818, 526]","[876, 585]","[818, 526]","[876, 585]",candidate-only; numerical ties broken by original move_index; expanded sets also saved,1.8568722526379934e-06,818,10.459703205333085,-4.0589769081438204e-07,False,1,2.2627699434523754e-06,2.2627699434523754e-06,descriptive ambiguity from score ties; not uncertainty interval/certificate,"one matched checkpoint, same available paired subset; scores measured relative to no-op zero"
2001,middle,8,e076178633bf9785d5aa8753ba8ccee97b67a6fc13c2032433576194de3221a3,e0bf563b31bd47b8229475c739278acbcfa609d023117c83b70f211d928128b3,fef88509e836996aa6986dbd10433fb73c8a1756fc79b802cba8a291260e6f7e,<WORKSPACE>/Gaussian/A17/EXCHANGE_R1/results/object_2001_middle,FULL_SMALL_REFERENCE,"base spectral fidelity minus child spectral fidelity, same full/projected scope; no-op0",1168,97,12,True,exact persisted spectrum subset only; not complete teacher domain; descriptive no inference/certificate,fixed12_per_removal,predeclared fixed bank; bounded nonrandom subset,delta_effective_dim,96,0,2.1871235165076276e-18,DESCRIPTIVE,0.07017543859649121,0.09808735756918067,0,0.0,7.1051764480532465e-06,3.764057038017463e-14,2.1871235165076276e-18,False,False,"[24, 235]","[876, 585]","[24, 235]","[876, 585]",candidate-only; numerical ties broken by original move_index; expanded sets also saved,1.8568722526379934e-06,24,1.3243598338919327,-5.248304195415253e-06,False,1,7.1051764480532465e-06,7.1051764480532465e-06,descriptive ambiguity from score ties; not uncertainty interval/certificate,"one matched checkpoint, same available paired subset; scores measured relative to no-op zero"
2001,middle,8,e076178633bf9785d5aa8753ba8ccee97b67a6fc13c2032433576194de3221a3,e0bf563b31bd47b8229475c739278acbcfa609d023117c83b70f211d928128b3,fef88509e836996aa6986dbd10433fb73c8a1756fc79b802cba8a291260e6f7e,<WORKSPACE>/Gaussian/A17/EXCHANGE_R1/results/object_2001_middle,FULL_SMALL_REFERENCE,"base spectral fidelity minus child spectral fidelity, same full/projected scope; no-op0",1168,97,12,True,exact persisted spectrum subset only; not complete teacher domain; descriptive no inference/certificate,fixed12_per_removal,predeclared fixed bank; bounded nonrandom subset,Qhat,96,0,2.1871235165076276e-18,DESCRIPTIVE,0.8175438596491227,0.9462561041779708,0,0.0,4.033094776157074e-07,2.1871235165076276e-18,2.1871235165076276e-18,False,False,"[877, 965]","[876, 585]","[877, 965]","[876, 585]",candidate-only; numerical ties broken by original move_index; expanded sets also saved,1.8568722526379934e-06,877,2.512583836904557e-06,1.453562775022286e-06,False,1,4.033094776157074e-07,4.033094776157074e-07,descriptive ambiguity from score ties; not uncertainty interval/certificate,"one matched checkpoint, same available paired subset; scores measured relative to no-op zero"
2001,middle,8,e076178633bf9785d5aa8753ba8ccee97b67a6fc13c2032433576194de3221a3,e0bf563b31bd47b8229475c739278acbcfa609d023117c83b70f211d928128b3,fef88509e836996aa6986dbd10433fb73c8a1756fc79b802cba8a291260e6f7e,<WORKSPACE>/Gaussian/A17/EXCHANGE_R1/results/object_2001_middle,FULL_SMALL_REFERENCE,"base spectral fidelity minus child spectral fidelity, same full/projected scope; no-op0",1168,97,12,True,exact persisted spectrum subset only; not complete teacher domain; descriptive no inference/certificate,fixed12_per_removal,predeclared fixed bank; bounded nonrandom subset,information_fidelity_improvement,96,0,2.1871235165076276e-18,DESCRIPTIVE,0.1951754385964912,0.25899348887683127,0,0.0,4.2279234501503915e-06,3.4482310083226846e-13,2.1871235165076276e-18,False,False,"[170, 25]","[876, 585]","[170, 25]","[876, 585]",candidate-only; numerical ties broken by original move_index; expanded sets also saved,1.8568722526379934e-06,170,0.00895964404076699,-2.371051197512398e-06,False,1,4.2279234501503915e-06,4.2279234501503915e-06,descriptive ambiguity from score ties; not uncertainty interval/certificate,"one matched checkpoint, same available paired subset; scores measured relative to no-op zero"
2001,middle,8,e076178633bf9785d5aa8753ba8ccee97b67a6fc13c2032433576194de3221a3,e0bf563b31bd47b8229475c739278acbcfa609d023117c83b70f211d928128b3,fef88509e836996aa6986dbd10433fb73c8a1756fc79b802cba8a291260e6f7e,<WORKSPACE>/Gaussian/A17/EXCHANGE_R1/results/object_2001_middle,FULL_SMALL_REFERENCE,"base spectral fidelity minus child spectral fidelity, same full/projected scope; no-op0",1168,97,12,True,exact persisted spectrum subset only; not complete teacher domain; descriptive no inference/certificate,spectrum_plus_teacher_best,teacher-best evaluator augmentation introduces utility-selection bias,receiver_score,97,0,2.1871235165076276e-18,DESCRIPTIVE,0.3715635738831616,0.5454712812960235,0,0.0,7.790428053521558e-06,6.730605829390445e-14,2.1871235165076276e-18,False,False,"[1078, 932]","[974, 876]","[1078, 932]","[974, 876]",candidate-only; numerical ties broken by original move_index; expanded sets also saved,4.946275217340727e-06,1078,1.5884941375844766,-2.8441528361808303e-06,False,1,7.790428053521558e-06,7.790428053521558e-06,descriptive ambiguity from score ties; not uncertainty interval/certificate,"one matched checkpoint, same available paired subset; scores measured relative to no-op zero"
2001,middle,8,e076178633bf9785d5aa8753ba8ccee97b67a6fc13c2032433576194de3221a3,e0bf563b31bd47b8229475c739278acbcfa609d023117c83b70f211d928128b3,fef88509e836996aa6986dbd10433fb73c8a1756fc79b802cba8a291260e6f7e,<WORKSPACE>/Gaussian/A17/EXCHANGE_R1/results/object_2001_middle,FULL_SMALL_REFERENCE,"base spectral fidelity minus child spectral fidelity, same full/projected scope; no-op0",1168,97,12,True,exact persisted spectrum subset only; not complete teacher domain; descriptive no inference/certificate,spectrum_plus_teacher_best,teacher-best evaluator augmentation introduces utility-selection bias,delta_logdet_volume,97,0,2.1871235165076276e-18,DESCRIPTIVE,0.256872852233677,0.37361929307805597,1,0.5,0.0,3.3517598945422863e-13,2.1871235165076276e-18,False,False,"[974, 818]","[974, 876]","[974, 818]","[974, 876]",candidate-only; numerical ties broken by original move_index; expanded sets also saved,4.946275217340727e-06,974,11.79295672820001,4.946275217340727e-06,False,1,0.0,0.0,descriptive ambiguity from score ties; not uncertainty interval/certificate,"one matched checkpoint, same available paired subset; scores measured relative to no-op zero"
2001,middle,8,e076178633bf9785d5aa8753ba8ccee97b67a6fc13c2032433576194de3221a3,e0bf563b31bd47b8229475c739278acbcfa609d023117c83b70f211d928128b3,fef88509e836996aa6986dbd10433fb73c8a1756fc79b802cba8a291260e6f7e,<WORKSPACE>/Gaussian/A17/EXCHANGE_R1/results/object_2001_middle,FULL_SMALL_REFERENCE,"base spectral fidelity minus child spectral fidelity, same full/projected scope; no-op0",1168,97,12,True,exact persisted spectrum subset only; not complete teacher domain; descriptive no inference/certificate,spectrum_plus_teacher_best,teacher-best evaluator augmentation introduces utility-selection bias,delta_effective_dim,97,0,2.1871235165076276e-18,DESCRIPTIVE,0.0893470790378007,0.1256969282558384,1,0.5,0.0,4.4841427511496897e-14,2.1871235165076276e-18,False,False,"[974, 24]","[974, 876]","[974, 24]","[974, 876]",candidate-only; numerical ties broken by original move_index; expanded sets also saved,4.946275217340727e-06,974,1.5777174705588948,4.946275217340727e-06,False,1,0.0,0.0,descriptive ambiguity from score ties; not uncertainty interval/certificate,"one matched checkpoint, same available paired subset; scores measured relative to no-op zero"
2001,middle,8,e076178633bf9785d5aa8753ba8ccee97b67a6fc13c2032433576194de3221a3,e0bf563b31bd47b8229475c739278acbcfa609d023117c83b70f211d928128b3,fef88509e836996aa6986dbd10433fb73c8a1756fc79b802cba8a291260e6f7e,<WORKSPACE>/Gaussian/A17/EXCHANGE_R1/results/object_2001_middle,FULL_SMALL_REFERENCE,"base spectral fidelity minus child spectral fidelity, same full/projected scope; no-op0",1168,97,12,True,exact persisted spectrum subset only; not complete teacher domain; descriptive no inference/certificate,spectrum_plus_teacher_best,teacher-best evaluator augmentation introduces utility-selection bias,Qhat,97,0,2.1871235165076276e-18,DESCRIPTIVE,0.8213058419243988,0.9479013254786449,1,0.5,0.0,2.1871235165076276e-18,2.1871235165076276e-18,False,False,"[974, 877]","[974, 876]","[974, 877]","[974, 876]",candidate-only; numerical ties broken by original move_index; expanded sets also saved,4.946275217340727e-06,974,3.75558960912612e-06,4.946275217340727e-06,False,1,0.0,0.0,descriptive ambiguity from score ties; not uncertainty interval/certificate,"one matched checkpoint, same available paired subset; scores measured relative to no-op zero"
2001,middle,8,e076178633bf9785d5aa8753ba8ccee97b67a6fc13c2032433576194de3221a3,e0bf563b31bd47b8229475c739278acbcfa609d023117c83b70f211d928128b3,fef88509e836996aa6986dbd10433fb73c8a1756fc79b802cba8a291260e6f7e,<WORKSPACE>/Gaussian/A17/EXCHANGE_R1/results/object_2001_middle,FULL_SMALL_REFERENCE,"base spectral fidelity minus child spectral fidelity, same full/projected scope; no-op0",1168,97,12,True,exact persisted spectrum subset only; not complete teacher domain; descriptive no inference/certificate,spectrum_plus_teacher_best,teacher-best evaluator augmentation introduces utility-selection bias,information_fidelity_improvement,97,0,2.1871235165076276e-18,DESCRIPTIVE,0.17654639175257736,0.227803492531033,0,0.0,7.317326414853125e-06,3.4482310083226846e-13,2.1871235165076276e-18,False,False,"[170, 25]","[974, 876]","[170, 25]","[974, 876]",candidate-only; numerical ties broken by original move_index; expanded sets also saved,4.946275217340727e-06,170,0.00895964404076699,-2.371051197512398e-06,False,1,7.317326414853125e-06,7.317326414853125e-06,descriptive ambiguity from score ties; not uncertainty interval/certificate,"one matched checkpoint, same available paired subset; scores measured relative to no-op zero"
2001,middle,16,e076178633bf9785d5aa8753ba8ccee97b67a6fc13c2032433576194de3221a3,e0bf563b31bd47b8229475c739278acbcfa609d023117c83b70f211d928128b3,daee8ae6a27802936507470eeac439b10283ba4f3019b1d6d82efb4017685381,<WORKSPACE>/Gaussian/A17/EXCHANGE_R1/results/object_2001_middle,FULL_SMALL_REFERENCE,"base spectral fidelity minus child spectral fidelity, same full/projected scope; no-op0",2208,193,12,True,exact persisted spectrum subset only; not complete teacher domain; descriptive no inference/certificate,fixed12_per_removal,predeclared fixed bank; bounded nonrandom subset,receiver_score,192,0,2.1871235165076276e-18,DESCRIPTIVE,0.17222949389179756,0.2596641618967529,0,0.0,4.4115525191763917e-07,6.730605829390445e-14,2.1871235165076276e-18,False,False,"[2118, 1980]","[1874, 1736]","[2118, 1980]","[1874, 1736]",candidate-only; numerical ties broken by original move_index; expanded sets also saved,1.5926417007388133e-07,2118,2.091067315713746,-2.8189108184375784e-07,False,1,4.4115525191763917e-07,4.4115525191763917e-07,descriptive ambiguity from score ties; not uncertainty interval/certificate,"one matched checkpoint, same available paired subset; scores measured relative to no-op zero"
2001,middle,16,e076178633bf9785d5aa8753ba8ccee97b67a6fc13c2032433576194de3221a3,e0bf563b31bd47b8229475c739278acbcfa609d023117c83b70f211d928128b3,daee8ae6a27802936507470eeac439b10283ba4f3019b1d6d82efb4017685381,<WORKSPACE>/Gaussian/A17/EXCHANGE_R1/results/object_2001_middle,FULL_SMALL_REFERENCE,"base spectral fidelity minus child spectral fidelity, same full/projected scope; no-op0",2208,193,12,True,exact persisted spectrum subset only; not complete teacher domain; descriptive no inference/certificate,fixed12_per_removal,predeclared fixed bank; bounded nonrandom subset,delta_logdet_volume,192,0,2.1871235165076276e-18,DESCRIPTIVE,0.12423647469458989,0.15723760952716817,0,0.0,1.1247601487570978e-06,3.2151378460854057e-13,2.1871235165076276e-18,False,False,"[356, 770]","[1874, 1736]","[356, 770]","[1874, 1736]",candidate-only; numerical ties broken by original move_index; expanded sets also saved,1.5926417007388133e-07,356,11.312260629355478,-9.654959786832165e-07,False,1,1.1247601487570978e-06,1.1247601487570978e-06,descriptive ambiguity from score ties; not uncertainty interval/certificate,"one matched checkpoint, same available paired subset; scores measured relative to no-op zero"
2001,middle,16,e076178633bf9785d5aa8753ba8ccee97b67a6fc13c2032433576194de3221a3,e0bf563b31bd47b8229475c739278acbcfa609d023117c83b70f211d928128b3,daee8ae6a27802936507470eeac439b10283ba4f3019b1d6d82efb4017685381,<WORKSPACE>/Gaussian/A17/EXCHANGE_R1/results/object_2001_middle,FULL_SMALL_REFERENCE,"base spectral fidelity minus child spectral fidelity, same full/projected scope; no-op0",2208,193,12,True,exact persisted spectrum subset only; not complete teacher domain; descriptive no inference/certificate,fixed12_per_removal,predeclared fixed bank; bounded nonrandom subset,delta_effective_dim,192,0,2.1871235165076276e-18,DESCRIPTIVE,0.04602966841186737,0.055680831728291254,0,0.0,1.1247601487570978e-06,2.842170943040401e-14,2.1871235165076276e-18,False,False,"[356, 770]","[1874, 1736]","[356, 770]","[1874, 1736]",candidate-only; numerical ties broken by original move_index; expanded sets also saved,1.5926417007388133e-07,356,0.43068899748148937,-9.654959786832165e-07,False,1,1.1247601487570978e-06,1.1247601487570978e-06,descriptive ambiguity from score ties; not uncertainty interval/certificate,"one matched checkpoint, same available paired subset; scores measured relative to no-op zero"
2001,middle,16,e076178633bf9785d5aa8753ba8ccee97b67a6fc13c2032433576194de3221a3,e0bf563b31bd47b8229475c739278acbcfa609d023117c83b70f211d928128b3,daee8ae6a27802936507470eeac439b10283ba4f3019b1d6d82efb4017685381,<WORKSPACE>/Gaussian/A17/EXCHANGE_R1/results/object_2001_middle,FULL_SMALL_REFERENCE,"base spectral fidelity minus child spectral fidelity, same full/projected scope; no-op0",2208,193,12,True,exact persisted spectrum subset only; not complete teacher domain; descriptive no inference/certificate,fixed12_per_removal,predeclared fixed bank; bounded nonrandom subset,Qhat,192,0,2.1871235165076276e-18,DESCRIPTIVE,0.5457024432809773,0.7125217019775928,1,0.5,2.523143466833194e-07,2.1871235165076276e-18,2.1871235165076276e-18,False,False,"[1842, 1736]","[1874, 1736]","[1842, 1736]","[1874, 1736]",candidate-only; numerical ties broken by original move_index; expanded sets also saved,1.5926417007388133e-07,1842,1.1454442731154974e-07,-9.305017660943804e-08,False,1,2.523143466833194e-07,2.523143466833194e-07,descriptive ambiguity from score ties; not uncertainty interval/certificate,"one matched checkpoint, same available paired subset; scores measured relative to no-op zero"
2001,middle,16,e076178633bf9785d5aa8753ba8ccee97b67a6fc13c2032433576194de3221a3,e0bf563b31bd47b8229475c739278acbcfa609d023117c83b70f211d928128b3,daee8ae6a27802936507470eeac439b10283ba4f3019b1d6d82efb4017685381,<WORKSPACE>/Gaussian/A17/EXCHANGE_R1/results/object_2001_middle,FULL_SMALL_REFERENCE,"base spectral fidelity minus child spectral fidelity, same full/projected scope; no-op0",2208,193,12,True,exact persisted spectrum subset only; not complete teacher domain; descriptive no inference/certificate,fixed12_per_removal,predeclared fixed bank; bounded nonrandom subset,information_fidelity_improvement,192,0,2.1871235165076276e-18,DESCRIPTIVE,0.4166666666666667,0.6066855654721537,0,0.0,1.3149786359386503e-07,8.69060846545444e-13,2.1871235165076276e-18,False,False,"[1518, 1656]","[1874, 1736]","[1518, 1656]","[1874, 1736]",candidate-only; numerical ties broken by original move_index; expanded sets also saved,1.5926417007388133e-07,1518,0.017927718010773974,2.7766306480016295e-08,False,1,1.3149786359386503e-07,1.3149786359386503e-07,descriptive ambiguity from score ties; not uncertainty interval/certificate,"one matched checkpoint, same available paired subset; scores measured relative to no-op zero"
2001,middle,16,e076178633bf9785d5aa8753ba8ccee97b67a6fc13c2032433576194de3221a3,e0bf563b31bd47b8229475c739278acbcfa609d023117c83b70f211d928128b3,daee8ae6a27802936507470eeac439b10283ba4f3019b1d6d82efb4017685381,<WORKSPACE>/Gaussian/A17/EXCHANGE_R1/results/object_2001_middle,FULL_SMALL_REFERENCE,"base spectral fidelity minus child spectral fidelity, same full/projected scope; no-op0",2208,193,12,True,exact persisted spectrum subset only; not complete teacher domain; descriptive no inference/certificate,spectrum_plus_teacher_best,teacher-best evaluator augmentation introduces utility-selection bias,receiver_score,193,0,2.1871235165076276e-18,DESCRIPTIVE,0.17217184801381694,0.26006556807862824,0,0.0,5.262048097237866e-07,6.730605829390445e-14,2.1871235165076276e-18,False,False,"[2118, 1980]","[1801, 1874]","[2118, 1980]","[1801, 1874]",candidate-only; numerical ties broken by original move_index; expanded sets also saved,2.443137278800288e-07,2118,2.091067315713746,-2.8189108184375784e-07,False,1,5.262048097237866e-07,5.262048097237866e-07,descriptive ambiguity from score ties; not uncertainty interval/certificate,"one matched checkpoint, same available paired subset; scores measured relative to no-op zero"
2001,middle,16,e076178633bf9785d5aa8753ba8ccee97b67a6fc13c2032433576194de3221a3,e0bf563b31bd47b8229475c739278acbcfa609d023117c83b70f211d928128b3,daee8ae6a27802936507470eeac439b10283ba4f3019b1d6d82efb4017685381,<WORKSPACE>/Gaussian/A17/EXCHANGE_R1/results/object_2001_middle,FULL_SMALL_REFERENCE,"base spectral fidelity minus child spectral fidelity, same full/projected scope; no-op0",2208,193,12,True,exact persisted spectrum subset only; not complete teacher domain; descriptive no inference/certificate,spectrum_plus_teacher_best,teacher-best evaluator augmentation introduces utility-selection bias,delta_logdet_volume,193,0,2.1871235165076276e-18,DESCRIPTIVE,0.1270509499136442,0.1620840232893542,0,0.0,1.2098097065632452e-06,3.2151378460854057e-13,2.1871235165076276e-18,False,False,"[356, 770]","[1801, 1874]","[356, 770]","[1801, 1874]",candidate-only; numerical ties broken by original move_index; expanded sets also saved,2.443137278800288e-07,356,11.312260629355478,-9.654959786832165e-07,False,1,1.2098097065632452e-06,1.2098097065632452e-06,descriptive ambiguity from score ties; not uncertainty interval/certificate,"one matched checkpoint, same available paired subset; scores measured relative to no-op zero"
2001,middle,16,e076178633bf9785d5aa8753ba8ccee97b67a6fc13c2032433576194de3221a3,e0bf563b31bd47b8229475c739278acbcfa609d023117c83b70f211d928128b3,daee8ae6a27802936507470eeac439b10283ba4f3019b1d6d82efb4017685381,<WORKSPACE>/Gaussian/A17/EXCHANGE_R1/results/object_2001_middle,FULL_SMALL_REFERENCE,"base spectral fidelity minus child spectral fidelity, same full/projected scope; no-op0",2208,193,12,True,exact persisted spectrum subset only; not complete teacher domain; descriptive no inference/certificate,spectrum_plus_teacher_best,teacher-best evaluator augmentation introduces utility-selection bias,delta_effective_dim,193,0,2.1871235165076276e-18,DESCRIPTIVE,0.04674006908462867,0.057315314352865764,0,0.0,1.2098097065632452e-06,2.842170943040401e-14,2.1871235165076276e-18,False,False,"[356, 770]","[1801, 1874]","[356, 770]","[1801, 1874]",candidate-only; numerical ties broken by original move_index; expanded sets also saved,2.443137278800288e-07,356,0.43068899748148937,-9.654959786832165e-07,False,1,1.2098097065632452e-06,1.2098097065632452e-06,descriptive ambiguity from score ties; not uncertainty interval/certificate,"one matched checkpoint, same available paired subset; scores measured relative to no-op zero"
2001,middle,16,e076178633bf9785d5aa8753ba8ccee97b67a6fc13c2032433576194de3221a3,e0bf563b31bd47b8229475c739278acbcfa609d023117c83b70f211d928128b3,daee8ae6a27802936507470eeac439b10283ba4f3019b1d6d82efb4017685381,<WORKSPACE>/Gaussian/A17/EXCHANGE_R1/results/object_2001_middle,FULL_SMALL_REFERENCE,"base spectral fidelity minus child spectral fidelity, same full/projected scope; no-op0",2208,193,12,True,exact persisted spectrum subset only; not complete teacher domain; descriptive no inference/certificate,spectrum_plus_teacher_best,teacher-best evaluator augmentation introduces utility-selection bias,Qhat,193,0,2.1871235165076276e-18,DESCRIPTIVE,0.5367012089810017,0.7016235110303936,0,0.0,3.3736390448946685e-07,2.1871235165076276e-18,2.1871235165076276e-18,False,False,"[1842, 1736]","[1801, 1874]","[1842, 1736]","[1801, 1874]",candidate-only; numerical ties broken by original move_index; expanded sets also saved,2.443137278800288e-07,1842,1.1454442731154974e-07,-9.305017660943804e-08,False,1,3.3736390448946685e-07,3.3736390448946685e-07,descriptive ambiguity from score ties; not uncertainty interval/certificate,"one matched checkpoint, same available paired subset; scores measured relative to no-op zero"
2001,middle,16,e076178633bf9785d5aa8753ba8ccee97b67a6fc13c2032433576194de3221a3,e0bf563b31bd47b8229475c739278acbcfa609d023117c83b70f211d928128b3,daee8ae6a27802936507470eeac439b10283ba4f3019b1d6d82efb4017685381,<WORKSPACE>/Gaussian/A17/EXCHANGE_R1/results/object_2001_middle,FULL_SMALL_REFERENCE,"base spectral fidelity minus child spectral fidelity, same full/projected scope; no-op0",2208,193,12,True,exact persisted spectrum subset only; not complete teacher domain; descriptive no inference/certificate,spectrum_plus_teacher_best,teacher-best evaluator augmentation introduces utility-selection bias,information_fidelity_improvement,193,0,2.1871235165076276e-18,DESCRIPTIVE,0.42033678756476683,0.6111836306821217,0,0.0,2.165474214000125e-07,8.69060846545444e-13,2.1871235165076276e-18,False,False,"[1518, 1656]","[1801, 1874]","[1518, 1656]","[1801, 1874]",candidate-only; numerical ties broken by original move_index; expanded sets also saved,2.443137278800288e-07,1518,0.017927718010773974,2.7766306480016295e-08,False,1,2.165474214000125e-07,2.165474214000125e-07,descriptive ambiguity from score ties; not uncertainty interval/certificate,"one matched checkpoint, same available paired subset; scores measured relative to no-op zero"
2007,early,4,25387349f2beb0f96d242ca9b954a62e6bfcc22e30747f954ca70f472e65a2bd,26106a1c238544d78f76de616ce9d2614f2f15120f481ce864ad6bd62b0113ef,1561fee739053967971b78a52bb8a4436dc4165692d43b1fe85fe7d9808df99a,<WORKSPACE>/Gaussian/A17/EXCHANGE_R1/results/object_2007_early_portable,FULL_SMALL_REFERENCE,"base spectral fidelity minus child spectral fidelity, same full/projected scope; no-op0",600,49,12,True,exact persisted spectrum subset only; not complete teacher domain; descriptive no inference/certificate,fixed12_per_removal,predeclared fixed bank; bounded nonrandom subset,receiver_score,48,0,7.923586935705524e-15,DESCRIPTIVE,-0.3865248226950355,-0.6447025618758141,0,0.0,0.002342194774750585,1.2614408440208465e-13,7.923586935705524e-15,False,False,"[511, 510]","[151, 150]","[511, 510]","[151, 150]",candidate-only; numerical ties broken by original move_index; expanded sets also saved,4.4504738239144165e-06,511,2.18808918733247,-0.0023377443009266704,False,1,0.002342194774750585,0.002342194774750585,descriptive ambiguity from score ties; not uncertainty interval/certificate,"one matched checkpoint, same available paired subset; scores measured relative to no-op zero"
2007,early,4,25387349f2beb0f96d242ca9b954a62e6bfcc22e30747f954ca70f472e65a2bd,26106a1c238544d78f76de616ce9d2614f2f15120f481ce864ad6bd62b0113ef,1561fee739053967971b78a52bb8a4436dc4165692d43b1fe85fe7d9808df99a,<WORKSPACE>/Gaussian/A17/EXCHANGE_R1/results/object_2007_early_portable,FULL_SMALL_REFERENCE,"base spectral fidelity minus child spectral fidelity, same full/projected scope; no-op0",600,49,12,True,exact persisted spectrum subset only; not complete teacher domain; descriptive no inference/certificate,fixed12_per_removal,predeclared fixed bank; bounded nonrandom subset,delta_logdet_volume,48,0,7.923586935705524e-15,DESCRIPTIVE,-0.17907801418439717,-0.30167173252279633,0,0.0,0.0009657259482005781,1.0410502456397408e-12,7.923586935705524e-15,False,False,"[178, 329]","[151, 150]","[178, 329]","[151, 150]",candidate-only; numerical ties broken by original move_index; expanded sets also saved,4.4504738239144165e-06,178,19.506580947977227,-0.0009612754743766638,False,1,0.0009657259482005781,0.0009657259482005781,descriptive ambiguity from score ties; not uncertainty interval/certificate,"one matched checkpoint, same available paired subset; scores measured relative to no-op zero"
2007,early,4,25387349f2beb0f96d242ca9b954a62e6bfcc22e30747f954ca70f472e65a2bd,26106a1c238544d78f76de616ce9d2614f2f15120f481ce864ad6bd62b0113ef,1561fee739053967971b78a52bb8a4436dc4165692d43b1fe85fe7d9808df99a,<WORKSPACE>/Gaussian/A17/EXCHANGE_R1/results/object_2007_early_portable,FULL_SMALL_REFERENCE,"base spectral fidelity minus child spectral fidelity, same full/projected scope; no-op0",600,49,12,True,exact persisted spectrum subset only; not complete teacher domain; descriptive no inference/certificate,fixed12_per_removal,predeclared fixed bank; bounded nonrandom subset,delta_effective_dim,48,0,7.923586935705524e-15,DESCRIPTIVE,-0.1843971631205674,-0.2899478940512375,0,0.0,0.0009657259482005781,2.3938625888356163e-13,7.923586935705524e-15,False,False,"[178, 329]","[151, 150]","[178, 329]","[151, 150]",candidate-only; numerical ties broken by original move_index; expanded sets also saved,4.4504738239144165e-06,178,5.590789305370009,-0.0009612754743766638,False,1,0.0009657259482005781,0.0009657259482005781,descriptive ambiguity from score ties; not uncertainty interval/certificate,"one matched checkpoint, same available paired subset; scores measured relative to no-op zero"
2007,early,4,25387349f2beb0f96d242ca9b954a62e6bfcc22e30747f954ca70f472e65a2bd,26106a1c238544d78f76de616ce9d2614f2f15120f481ce864ad6bd62b0113ef,1561fee739053967971b78a52bb8a4436dc4165692d43b1fe85fe7d9808df99a,<WORKSPACE>/Gaussian/A17/EXCHANGE_R1/results/object_2007_early_portable,FULL_SMALL_REFERENCE,"base spectral fidelity minus child spectral fidelity, same full/projected scope; no-op0",600,49,12,True,exact persisted spectrum subset only; not complete teacher domain; descriptive no inference/certificate,fixed12_per_removal,predeclared fixed bank; bounded nonrandom subset,Qhat,48,0,7.923586935705524e-15,DESCRIPTIVE,0.9964539007092199,0.9997828918801563,2,1.0,0.0,7.923586935705524e-15,7.923586935705524e-15,False,False,"[151, 150]","[151, 150]","[151, 150]","[151, 150]",candidate-only; numerical ties broken by original move_index; expanded sets also saved,4.4504738239144165e-06,151,9.351931275958204e-06,4.4504738239144165e-06,False,1,0.0,0.0,descriptive ambiguity from score ties; not uncertainty interval/certificate,"one matched checkpoint, same available paired subset; scores measured relative to no-op zero"
2007,early,4,25387349f2beb0f96d242ca9b954a62e6bfcc22e30747f954ca70f472e65a2bd,26106a1c238544d78f76de616ce9d2614f2f15120f481ce864ad6bd62b0113ef,1561fee739053967971b78a52bb8a4436dc4165692d43b1fe85fe7d9808df99a,<WORKSPACE>/Gaussian/A17/EXCHANGE_R1/results/object_2007_early_portable,FULL_SMALL_REFERENCE,"base spectral fidelity minus child spectral fidelity, same full/projected scope; no-op0",600,49,12,True,exact persisted spectrum subset only; not complete teacher domain; descriptive no inference/certificate,fixed12_per_removal,predeclared fixed bank; bounded nonrandom subset,information_fidelity_improvement,48,0,7.923586935705524e-15,DESCRIPTIVE,0.4929078014184398,0.662505427702996,1,0.5,9.785341160402963e-06,3.9951912650675815e-13,7.923586935705524e-15,False,False,"[150, 0]","[151, 150]","[150, 0]","[151, 150]",candidate-only; numerical ties broken by original move_index; expanded sets also saved,4.4504738239144165e-06,150,0.00015908468635583706,-5.334867336488546e-06,False,1,9.785341160402963e-06,9.785341160402963e-06,descriptive ambiguity from score ties; not uncertainty interval/certificate,"one matched checkpoint, same available paired subset; scores measured relative to no-op zero"
2007,early,4,25387349f2beb0f96d242ca9b954a62e6bfcc22e30747f954ca70f472e65a2bd,26106a1c238544d78f76de616ce9d2614f2f15120f481ce864ad6bd62b0113ef,1561fee739053967971b78a52bb8a4436dc4165692d43b1fe85fe7d9808df99a,<WORKSPACE>/Gaussian/A17/EXCHANGE_R1/results/object_2007_early_portable,FULL_SMALL_REFERENCE,"base spectral fidelity minus child spectral fidelity, same full/projected scope; no-op0",600,49,12,True,exact persisted spectrum subset only; not complete teacher domain; descriptive no inference/certificate,spectrum_plus_teacher_best,teacher-best evaluator augmentation introduces utility-selection bias,receiver_score,49,0,7.923586935705524e-15,DESCRIPTIVE,-0.39115646258503395,-0.6519387755102041,0,0.0,0.002431995097220303,1.2614408440208465e-13,7.923586935705524e-15,False,False,"[511, 510]","[7, 151]","[511, 510]","[7, 151]",candidate-only; numerical ties broken by original move_index; expanded sets also saved,9.425079629363262e-05,511,2.18808918733247,-0.0023377443009266704,False,1,0.002431995097220303,0.002431995097220303,descriptive ambiguity from score ties; not uncertainty interval/certificate,"one matched checkpoint, same available paired subset; scores measured relative to no-op zero"
2007,early,4,25387349f2beb0f96d242ca9b954a62e6bfcc22e30747f954ca70f472e65a2bd,26106a1c238544d78f76de616ce9d2614f2f15120f481ce864ad6bd62b0113ef,1561fee739053967971b78a52bb8a4436dc4165692d43b1fe85fe7d9808df99a,<WORKSPACE>/Gaussian/A17/EXCHANGE_R1/results/object_2007_early_portable,FULL_SMALL_REFERENCE,"base spectral fidelity minus child spectral fidelity, same full/projected scope; no-op0",600,49,12,True,exact persisted spectrum subset only; not complete teacher domain; descriptive no inference/certificate,spectrum_plus_teacher_best,teacher-best evaluator augmentation introduces utility-selection bias,delta_logdet_volume,49,0,7.923586935705524e-15,DESCRIPTIVE,-0.16156462585034012,-0.27897959183673465,0,0.0,0.0010555262706702963,1.0410502456397408e-12,7.923586935705524e-15,False,False,"[178, 329]","[7, 151]","[178, 329]","[7, 151]",candidate-only; numerical ties broken by original move_index; expanded sets also saved,9.425079629363262e-05,178,19.506580947977227,-0.0009612754743766638,False,1,0.0010555262706702963,0.0010555262706702963,descriptive ambiguity from score ties; not uncertainty interval/certificate,"one matched checkpoint, same available paired subset; scores measured relative to no-op zero"
2007,early,4,25387349f2beb0f96d242ca9b954a62e6bfcc22e30747f954ca70f472e65a2bd,26106a1c238544d78f76de616ce9d2614f2f15120f481ce864ad6bd62b0113ef,1561fee739053967971b78a52bb8a4436dc4165692d43b1fe85fe7d9808df99a,<WORKSPACE>/Gaussian/A17/EXCHANGE_R1/results/object_2007_early_portable,FULL_SMALL_REFERENCE,"base spectral fidelity minus child spectral fidelity, same full/projected scope; no-op0",600,49,12,True,exact persisted spectrum subset only; not complete teacher domain; descriptive no inference/certificate,spectrum_plus_teacher_best,teacher-best evaluator augmentation introduces utility-selection bias,delta_effective_dim,49,0,7.923586935705524e-15,DESCRIPTIVE,-0.16326530612244894,-0.25999999999999995,0,0.0,0.0010555262706702963,2.3938625888356163e-13,7.923586935705524e-15,False,False,"[178, 329]","[7, 151]","[178, 329]","[7, 151]",candidate-only; numerical ties broken by original move_index; expanded sets also saved,9.425079629363262e-05,178,5.590789305370009,-0.0009612754743766638,False,1,0.0010555262706702963,0.0010555262706702963,descriptive ambiguity from score ties; not uncertainty interval/certificate,"one matched checkpoint, same available paired subset; scores measured relative to no-op zero"
2007,early,4,25387349f2beb0f96d242ca9b954a62e6bfcc22e30747f954ca70f472e65a2bd,26106a1c238544d78f76de616ce9d2614f2f15120f481ce864ad6bd62b0113ef,1561fee739053967971b78a52bb8a4436dc4165692d43b1fe85fe7d9808df99a,<WORKSPACE>/Gaussian/A17/EXCHANGE_R1/results/object_2007_early_portable,FULL_SMALL_REFERENCE,"base spectral fidelity minus child spectral fidelity, same full/projected scope; no-op0",600,49,12,True,exact persisted spectrum subset only; not complete teacher domain; descriptive no inference/certificate,spectrum_plus_teacher_best,teacher-best evaluator augmentation introduces utility-selection bias,Qhat,49,0,7.923586935705524e-15,DESCRIPTIVE,0.9965986394557822,0.9997959183673468,2,1.0,0.0,7.923586935705524e-15,7.923586935705524e-15,False,False,"[7, 151]","[7, 151]","[7, 151]","[7, 151]",candidate-only; numerical ties broken by original move_index; expanded sets also saved,9.425079629363262e-05,7,9.76639139200222e-05,9.425079629363262e-05,False,1,0.0,0.0,descriptive ambiguity from score ties; not uncertainty interval/certificate,"one matched checkpoint, same available paired subset; scores measured relative to no-op zero"
2007,early,4,25387349f2beb0f96d242ca9b954a62e6bfcc22e30747f954ca70f472e65a2bd,26106a1c238544d78f76de616ce9d2614f2f15120f481ce864ad6bd62b0113ef,1561fee739053967971b78a52bb8a4436dc4165692d43b1fe85fe7d9808df99a,<WORKSPACE>/Gaussian/A17/EXCHANGE_R1/results/object_2007_early_portable,FULL_SMALL_REFERENCE,"base spectral fidelity minus child spectral fidelity, same full/projected scope; no-op0",600,49,12,True,exact persisted spectrum subset only; not complete teacher domain; descriptive no inference/certificate,spectrum_plus_teacher_best,teacher-best evaluator augmentation introduces utility-selection bias,information_fidelity_improvement,49,0,7.923586935705524e-15,DESCRIPTIVE,0.5085034013605442,0.6810204081632651,0,0.0,9.958566363012117e-05,3.9951912650675815e-13,7.923586935705524e-15,False,False,"[150, 0]","[7, 151]","[150, 0]","[7, 151]",candidate-only; numerical ties broken by original move_index; expanded sets also saved,9.425079629363262e-05,150,0.00015908468635583706,-5.334867336488546e-06,False,1,9.958566363012117e-05,9.958566363012117e-05,descriptive ambiguity from score ties; not uncertainty interval/certificate,"one matched checkpoint, same available paired subset; scores measured relative to no-op zero"
2007,early,8,25387349f2beb0f96d242ca9b954a62e6bfcc22e30747f954ca70f472e65a2bd,26106a1c238544d78f76de616ce9d2614f2f15120f481ce864ad6bd62b0113ef,333fb9e7603c41b6fed94107949146c14a78990ca48b210c28f2554a993b3f89,<WORKSPACE>/Gaussian/A17/EXCHANGE_R1/results/object_2007_early_portable,FULL_SMALL_REFERENCE,"base spectral fidelity minus child spectral fidelity, same full/projected scope; no-op0",1168,97,12,True,exact persisted spectrum subset only; not complete teacher domain; descriptive no inference/certificate,fixed12_per_removal,predeclared fixed bank; bounded nonrandom subset,receiver_score,96,0,7.923586935705524e-15,DESCRIPTIVE,0.030701754385964904,-0.0061584373304395005,0,0.0,6.52039288646236e-05,1.2614408440208465e-13,7.923586935705524e-15,False,False,"[1079, 933]","[1078, 494]","[1079, 933]","[1078, 494]",candidate-only; numerical ties broken by original move_index; expanded sets also saved,1.5241863002730068e-05,1079,2.9756510919735777,-4.996206586189353e-05,False,1,6.52039288646236e-05,6.52039288646236e-05,descriptive ambiguity from score ties; not uncertainty interval/certificate,"one matched checkpoint, same available paired subset; scores measured relative to no-op zero"
2007,early,8,25387349f2beb0f96d242ca9b954a62e6bfcc22e30747f954ca70f472e65a2bd,26106a1c238544d78f76de616ce9d2614f2f15120f481ce864ad6bd62b0113ef,333fb9e7603c41b6fed94107949146c14a78990ca48b210c28f2554a993b3f89,<WORKSPACE>/Gaussian/A17/EXCHANGE_R1/results/object_2007_early_portable,FULL_SMALL_REFERENCE,"base spectral fidelity minus child spectral fidelity, same full/projected scope; no-op0",1168,97,12,True,exact persisted spectrum subset only; not complete teacher domain; descriptive no inference/certificate,fixed12_per_removal,predeclared fixed bank; bounded nonrandom subset,delta_logdet_volume,96,0,7.923586935705524e-15,DESCRIPTIVE,-0.3732456140350876,-0.5500271296798698,0,0.0,0.0007115072738253117,4.0823195808105666e-13,7.923586935705524e-15,False,False,"[170, 25]","[1078, 494]","[170, 25]","[1078, 494]",candidate-only; numerical ties broken by original move_index; expanded sets also saved,1.5241863002730068e-05,170,14.363385111676365,-0.0006962654108225816,False,1,0.0007115072738253117,0.0007115072738253117,descriptive ambiguity from score ties; not uncertainty interval/certificate,"one matched checkpoint, same available paired subset; scores measured relative to no-op zero"
2007,early,8,25387349f2beb0f96d242ca9b954a62e6bfcc22e30747f954ca70f472e65a2bd,26106a1c238544d78f76de616ce9d2614f2f15120f481ce864ad6bd62b0113ef,333fb9e7603c41b6fed94107949146c14a78990ca48b210c28f2554a993b3f89,<WORKSPACE>/Gaussian/A17/EXCHANGE_R1/results/object_2007_early_portable,FULL_SMALL_REFERENCE,"base spectral fidelity minus child spectral fidelity, same full/projected scope; no-op0",1168,97,12,True,exact persisted spectrum subset only; not complete teacher domain; descriptive no inference/certificate,fixed12_per_removal,predeclared fixed bank; bounded nonrandom subset,delta_effective_dim,96,0,7.923586935705524e-15,DESCRIPTIVE,-0.30307017543859643,-0.440368963646229,0,0.0,0.006469217492793684,6.292802723293396e-14,7.923586935705524e-15,False,False,"[317, 170]","[1078, 494]","[317, 170]","[1078, 494]",candidate-only; numerical ties broken by original move_index; expanded sets also saved,1.5241863002730068e-05,317,2.2140831249797017,-0.006453975629790954,False,1,0.006469217492793684,0.006469217492793684,descriptive ambiguity from score ties; not uncertainty interval/certificate,"one matched checkpoint, same available paired subset; scores measured relative to no-op zero"
2007,early,8,25387349f2beb0f96d242ca9b954a62e6bfcc22e30747f954ca70f472e65a2bd,26106a1c238544d78f76de616ce9d2614f2f15120f481ce864ad6bd62b0113ef,333fb9e7603c41b6fed94107949146c14a78990ca48b210c28f2554a993b3f89,<WORKSPACE>/Gaussian/A17/EXCHANGE_R1/results/object_2007_early_portable,FULL_SMALL_REFERENCE,"base spectral fidelity minus child spectral fidelity, same full/projected scope; no-op0",1168,97,12,True,exact persisted spectrum subset only; not complete teacher domain; descriptive no inference/certificate,fixed12_per_removal,predeclared fixed bank; bounded nonrandom subset,Qhat,96,0,7.923586935705524e-15,DESCRIPTIVE,0.9723684210526314,0.9958491589799241,2,1.0,6.382289390309558e-07,7.923586935705524e-15,7.923586935705524e-15,False,False,"[494, 1078]","[1078, 494]","[494, 1078]","[1078, 494]",candidate-only; numerical ties broken by original move_index; expanded sets also saved,1.5241863002730068e-05,494,1.580717946276828e-05,1.4603634063699112e-05,False,1,6.382289390309558e-07,6.382289390309558e-07,descriptive ambiguity from score ties; not uncertainty interval/certificate,"one matched checkpoint, same available paired subset; scores measured relative to no-op zero"
2007,early,8,25387349f2beb0f96d242ca9b954a62e6bfcc22e30747f954ca70f472e65a2bd,26106a1c238544d78f76de616ce9d2614f2f15120f481ce864ad6bd62b0113ef,333fb9e7603c41b6fed94107949146c14a78990ca48b210c28f2554a993b3f89,<WORKSPACE>/Gaussian/A17/EXCHANGE_R1/results/object_2007_early_portable,FULL_SMALL_REFERENCE,"base spectral fidelity minus child spectral fidelity, same full/projected scope; no-op0",1168,97,12,True,exact persisted spectrum subset only; not complete teacher domain; descriptive no inference/certificate,fixed12_per_removal,predeclared fixed bank; bounded nonrandom subset,information_fidelity_improvement,96,0,7.923586935705524e-15,DESCRIPTIVE,0.15789473684210523,0.24622897449810094,0,0.0,1.6941574773968837e-05,4.0417040595577403e-13,7.923586935705524e-15,False,False,"[438, 876]","[1078, 494]","[438, 876]","[1078, 494]",candidate-only; numerical ties broken by original move_index; expanded sets also saved,1.5241863002730068e-05,438,0.005720886308585693,-1.6997117712387687e-06,False,1,1.6941574773968837e-05,1.6941574773968837e-05,descriptive ambiguity from score ties; not uncertainty interval/certificate,"one matched checkpoint, same available paired subset; scores measured relative to no-op zero"
2007,early,8,25387349f2beb0f96d242ca9b954a62e6bfcc22e30747f954ca70f472e65a2bd,26106a1c238544d78f76de616ce9d2614f2f15120f481ce864ad6bd62b0113ef,333fb9e7603c41b6fed94107949146c14a78990ca48b210c28f2554a993b3f89,<WORKSPACE>/Gaussian/A17/EXCHANGE_R1/results/object_2007_early_portable,FULL_SMALL_REFERENCE,"base spectral fidelity minus child spectral fidelity, same full/projected scope; no-op0",1168,97,12,True,exact persisted spectrum subset only; not complete teacher domain; descriptive no inference/certificate,spectrum_plus_teacher_best,teacher-best evaluator augmentation introduces utility-selection bias,receiver_score,97,0,7.923586935705524e-15,DESCRIPTIVE,0.014604810996563576,-0.027969177361666313,0,0.0,0.00013360017307298424,1.2614408440208465e-13,7.923586935705524e-15,False,False,"[1079, 933]","[295, 1078]","[1079, 933]","[295, 1078]",candidate-only; numerical ties broken by original move_index; expanded sets also saved,8.363810721109071e-05,1079,2.9756510919735777,-4.996206586189353e-05,False,1,0.00013360017307298424,0.00013360017307298424,descriptive ambiguity from score ties; not uncertainty interval/certificate,"one matched checkpoint, same available paired subset; scores measured relative to no-op zero"
2007,early,8,25387349f2beb0f96d242ca9b954a62e6bfcc22e30747f954ca70f472e65a2bd,26106a1c238544d78f76de616ce9d2614f2f15120f481ce864ad6bd62b0113ef,333fb9e7603c41b6fed94107949146c14a78990ca48b210c28f2554a993b3f89,<WORKSPACE>/Gaussian/A17/EXCHANGE_R1/results/object_2007_early_portable,FULL_SMALL_REFERENCE,"base spectral fidelity minus child spectral fidelity, same full/projected scope; no-op0",1168,97,12,True,exact persisted spectrum subset only; not complete teacher domain; descriptive no inference/certificate,spectrum_plus_teacher_best,teacher-best evaluator augmentation introduces utility-selection bias,delta_logdet_volume,97,0,7.923586935705524e-15,DESCRIPTIVE,-0.3530927835051547,-0.5232879234167893,0,0.0,0.0007799035180336724,4.0823195808105666e-13,7.923586935705524e-15,False,False,"[170, 25]","[295, 1078]","[170, 25]","[295, 1078]",candidate-only; numerical ties broken by original move_index; expanded sets also saved,8.363810721109071e-05,170,14.363385111676365,-0.0006962654108225816,False,1,0.0007799035180336724,0.0007799035180336724,descriptive ambiguity from score ties; not uncertainty interval/certificate,"one matched checkpoint, same available paired subset; scores measured relative to no-op zero"
2007,early,8,25387349f2beb0f96d242ca9b954a62e6bfcc22e30747f954ca70f472e65a2bd,26106a1c238544d78f76de616ce9d2614f2f15120f481ce864ad6bd62b0113ef,333fb9e7603c41b6fed94107949146c14a78990ca48b210c28f2554a993b3f89,<WORKSPACE>/Gaussian/A17/EXCHANGE_R1/results/object_2007_early_portable,FULL_SMALL_REFERENCE,"base spectral fidelity minus child spectral fidelity, same full/projected scope; no-op0",1168,97,12,True,exact persisted spectrum subset only; not complete teacher domain; descriptive no inference/certificate,spectrum_plus_teacher_best,teacher-best evaluator augmentation introduces utility-selection bias,delta_effective_dim,97,0,7.923586935705524e-15,DESCRIPTIVE,-0.2976804123711341,-0.43535661687355354,0,0.0,0.006537613737002044,6.292802723293396e-14,7.923586935705524e-15,False,False,"[317, 170]","[295, 1078]","[317, 170]","[295, 1078]",candidate-only; numerical ties broken by original move_index; expanded sets also saved,8.363810721109071e-05,317,2.2140831249797017,-0.006453975629790954,False,1,0.006537613737002044,0.006537613737002044,descriptive ambiguity from score ties; not uncertainty interval/certificate,"one matched checkpoint, same available paired subset; scores measured relative to no-op zero"
2007,early,8,25387349f2beb0f96d242ca9b954a62e6bfcc22e30747f954ca70f472e65a2bd,26106a1c238544d78f76de616ce9d2614f2f15120f481ce864ad6bd62b0113ef,333fb9e7603c41b6fed94107949146c14a78990ca48b210c28f2554a993b3f89,<WORKSPACE>/Gaussian/A17/EXCHANGE_R1/results/object_2007_early_portable,FULL_SMALL_REFERENCE,"base spectral fidelity minus child spectral fidelity, same full/projected scope; no-op0",1168,97,12,True,exact persisted spectrum subset only; not complete teacher domain; descriptive no inference/certificate,spectrum_plus_teacher_best,teacher-best evaluator augmentation introduces utility-selection bias,Qhat,97,0,7.923586935705524e-15,DESCRIPTIVE,0.972938144329897,0.995976225541763,1,0.5,0.0,7.923586935705524e-15,7.923586935705524e-15,False,False,"[295, 494]","[295, 1078]","[295, 494]","[295, 1078]",candidate-only; numerical ties broken by original move_index; expanded sets also saved,8.363810721109071e-05,295,8.38526273621471e-05,8.363810721109071e-05,False,1,0.0,0.0,descriptive ambiguity from score ties; not uncertainty interval/certificate,"one matched checkpoint, same available paired subset; scores measured relative to no-op zero"
2007,early,8,25387349f2beb0f96d242ca9b954a62e6bfcc22e30747f954ca70f472e65a2bd,26106a1c238544d78f76de616ce9d2614f2f15120f481ce864ad6bd62b0113ef,333fb9e7603c41b6fed94107949146c14a78990ca48b210c28f2554a993b3f89,<WORKSPACE>/Gaussian/A17/EXCHANGE_R1/results/object_2007_early_portable,FULL_SMALL_REFERENCE,"base spectral fidelity minus child spectral fidelity, same full/projected scope; no-op0",1168,97,12,True,exact persisted spectrum subset only; not complete teacher domain; descriptive no inference/certificate,spectrum_plus_teacher_best,teacher-best evaluator augmentation introduces utility-selection bias,information_fidelity_improvement,97,0,7.923586935705524e-15,DESCRIPTIVE,0.1752577319587629,0.26930359772775087,1,0.5,0.0,4.0417040595577403e-13,7.923586935705524e-15,False,False,"[295, 438]","[295, 1078]","[295, 438]","[295, 1078]",candidate-only; numerical ties broken by original move_index; expanded sets also saved,8.363810721109071e-05,295,0.009937644491765596,8.363810721109071e-05,False,1,0.0,0.0,descriptive ambiguity from score ties; not uncertainty interval/certificate,"one matched checkpoint, same available paired subset; scores measured relative to no-op zero"
2007,early,16,25387349f2beb0f96d242ca9b954a62e6bfcc22e30747f954ca70f472e65a2bd,26106a1c238544d78f76de616ce9d2614f2f15120f481ce864ad6bd62b0113ef,8008d587e0fa868b62eea6aab9a2533b0affd0f6bff154b1bb10f90481085e36,<WORKSPACE>/Gaussian/A17/EXCHANGE_R1/results/object_2007_early_portable,FULL_SMALL_REFERENCE,"base spectral fidelity minus child spectral fidelity, same full/projected scope; no-op0",2208,193,12,True,exact persisted spectrum subset only; not complete teacher domain; descriptive no inference/certificate,fixed12_per_removal,predeclared fixed bank; bounded nonrandom subset,receiver_score,192,0,7.923586935705524e-15,DESCRIPTIVE,0.15630453752181503,0.23167878360415595,0,0.0,7.764958912407837e-06,1.2614408440208465e-13,7.923586935705524e-15,False,False,"[2119, 1981]","[277, 276]","[2119, 1981]","[277, 276]",candidate-only; numerical ties broken by original move_index; expanded sets also saved,7.973100990753737e-06,2119,3.9184669878853913,2.081420783458996e-07,False,1,7.764958912407837e-06,7.764958912407837e-06,descriptive ambiguity from score ties; not uncertainty interval/certificate,"one matched checkpoint, same available paired subset; scores measured relative to no-op zero"
2007,early,16,25387349f2beb0f96d242ca9b954a62e6bfcc22e30747f954ca70f472e65a2bd,26106a1c238544d78f76de616ce9d2614f2f15120f481ce864ad6bd62b0113ef,8008d587e0fa868b62eea6aab9a2533b0affd0f6bff154b1bb10f90481085e36,<WORKSPACE>/Gaussian/A17/EXCHANGE_R1/results/object_2007_early_portable,FULL_SMALL_REFERENCE,"base spectral fidelity minus child spectral fidelity, same full/projected scope; no-op0",2208,193,12,True,exact persisted spectrum subset only; not complete teacher domain; descriptive no inference/certificate,fixed12_per_removal,predeclared fixed bank; bounded nonrandom subset,delta_logdet_volume,192,0,7.923586935705524e-15,DESCRIPTIVE,-0.3242801047120419,-0.44310012749911837,0,0.0,0.000852687075015888,3.6828389053861925e-13,7.923586935705524e-15,False,False,"[17, 293]","[277, 276]","[17, 293]","[277, 276]",candidate-only; numerical ties broken by original move_index; expanded sets also saved,7.973100990753737e-06,17,12.957837439033455,-0.0008447139740251343,False,1,0.000852687075015888,0.000852687075015888,descriptive ambiguity from score ties; not uncertainty interval/certificate,"one matched checkpoint, same available paired subset; scores measured relative to no-op zero"
2007,early,16,25387349f2beb0f96d242ca9b954a62e6bfcc22e30747f954ca70f472e65a2bd,26106a1c238544d78f76de616ce9d2614f2f15120f481ce864ad6bd62b0113ef,8008d587e0fa868b62eea6aab9a2533b0affd0f6bff154b1bb10f90481085e36,<WORKSPACE>/Gaussian/A17/EXCHANGE_R1/results/object_2007_early_portable,FULL_SMALL_REFERENCE,"base spectral fidelity minus child spectral fidelity, same full/projected scope; no-op0",2208,193,12,True,exact persisted spectrum subset only; not complete teacher domain; descriptive no inference/certificate,fixed12_per_removal,predeclared fixed bank; bounded nonrandom subset,delta_effective_dim,192,0,7.923586935705524e-15,DESCRIPTIVE,-0.16961169284467714,-0.21812182947671108,0,0.0,0.000852687075015888,4.7153595028247805e-14,7.923586935705524e-15,False,False,"[17, 293]","[277, 276]","[17, 293]","[277, 276]",candidate-only; numerical ties broken by original move_index; expanded sets also saved,7.973100990753737e-06,17,1.6590696327999694,-0.0008447139740251343,False,1,0.000852687075015888,0.000852687075015888,descriptive ambiguity from score ties; not uncertainty interval/certificate,"one matched checkpoint, same available paired subset; scores measured relative to no-op zero"
2007,early,16,25387349f2beb0f96d242ca9b954a62e6bfcc22e30747f954ca70f472e65a2bd,26106a1c238544d78f76de616ce9d2614f2f15120f481ce864ad6bd62b0113ef,8008d587e0fa868b62eea6aab9a2533b0affd0f6bff154b1bb10f90481085e36,<WORKSPACE>/Gaussian/A17/EXCHANGE_R1/results/object_2007_early_portable,FULL_SMALL_REFERENCE,"base spectral fidelity minus child spectral fidelity, same full/projected scope; no-op0",2208,193,12,True,exact persisted spectrum subset only; not complete teacher domain; descriptive no inference/certificate,fixed12_per_removal,predeclared fixed bank; bounded nonrandom subset,Qhat,192,0,7.923586935705524e-15,DESCRIPTIVE,0.9195026178010471,0.981610964924179,0,0.0,6.077842461672248e-07,7.923586935705524e-15,7.923586935705524e-15,False,False,"[1014, 1152]","[277, 276]","[1014, 1152]","[277, 276]",candidate-only; numerical ties broken by original move_index; expanded sets also saved,7.973100990753737e-06,1014,7.0343210886959434e-06,7.365316744586512e-06,False,1,6.077842461672248e-07,6.077842461672248e-07,descriptive ambiguity from score ties; not uncertainty interval/certificate,"one matched checkpoint, same available paired subset; scores measured relative to no-op zero"
2007,early,16,25387349f2beb0f96d242ca9b954a62e6bfcc22e30747f954ca70f472e65a2bd,26106a1c238544d78f76de616ce9d2614f2f15120f481ce864ad6bd62b0113ef,8008d587e0fa868b62eea6aab9a2533b0affd0f6bff154b1bb10f90481085e36,<WORKSPACE>/Gaussian/A17/EXCHANGE_R1/results/object_2007_early_portable,FULL_SMALL_REFERENCE,"base spectral fidelity minus child spectral fidelity, same full/projected scope; no-op0",2208,193,12,True,exact persisted spectrum subset only; not complete teacher domain; descriptive no inference/certificate,fixed12_per_removal,predeclared fixed bank; bounded nonrandom subset,information_fidelity_improvement,192,0,7.923586935705524e-15,DESCRIPTIVE,0.09402268760907505,0.14734455958549225,0,0.0,0.0006748531642348914,4.0817958209070666e-13,7.923586935705524e-15,False,False,"[292, 16]","[277, 276]","[292, 16]","[277, 276]",candidate-only; numerical ties broken by original move_index; expanded sets also saved,7.973100990753737e-06,292,0.03048995598595694,-0.0006668800632441377,False,1,0.0006748531642348914,0.0006748531642348914,descriptive ambiguity from score ties; not uncertainty interval/certificate,"one matched checkpoint, same available paired subset; scores measured relative to no-op zero"
2007,early,16,25387349f2beb0f96d242ca9b954a62e6bfcc22e30747f954ca70f472e65a2bd,26106a1c238544d78f76de616ce9d2614f2f15120f481ce864ad6bd62b0113ef,8008d587e0fa868b62eea6aab9a2533b0affd0f6bff154b1bb10f90481085e36,<WORKSPACE>/Gaussian/A17/EXCHANGE_R1/results/object_2007_early_portable,FULL_SMALL_REFERENCE,"base spectral fidelity minus child spectral fidelity, same full/projected scope; no-op0",2208,193,12,True,exact persisted spectrum subset only; not complete teacher domain; descriptive no inference/certificate,spectrum_plus_teacher_best,teacher-best evaluator augmentation introduces utility-selection bias,receiver_score,193,0,7.923586935705524e-15,DESCRIPTIVE,0.1457253886010363,0.21473044976229902,0,0.0,8.557699187566229e-06,1.2614408440208465e-13,7.923586935705524e-15,False,False,"[2119, 1981]","[281, 277]","[2119, 1981]","[281, 277]",candidate-only; numerical ties broken by original move_index; expanded sets also saved,8.765841265912128e-06,2119,3.9184669878853913,2.081420783458996e-07,False,1,8.557699187566229e-06,8.557699187566229e-06,descriptive ambiguity from score ties; not uncertainty interval/certificate,"one matched checkpoint, same available paired subset; scores measured relative to no-op zero"
2007,early,16,25387349f2beb0f96d242ca9b954a62e6bfcc22e30747f954ca70f472e65a2bd,26106a1c238544d78f76de616ce9d2614f2f15120f481ce864ad6bd62b0113ef,8008d587e0fa868b62eea6aab9a2533b0affd0f6bff154b1bb10f90481085e36,<WORKSPACE>/Gaussian/A17/EXCHANGE_R1/results/object_2007_early_portable,FULL_SMALL_REFERENCE,"base spectral fidelity minus child spectral fidelity, same full/projected scope; no-op0",2208,193,12,True,exact persisted spectrum subset only; not complete teacher domain; descriptive no inference/certificate,spectrum_plus_teacher_best,teacher-best evaluator augmentation introduces utility-selection bias,delta_logdet_volume,193,0,7.923586935705524e-15,DESCRIPTIVE,-0.31509067357512954,-0.43099827733561236,0,0.0,0.0008534798152910465,3.6828389053861925e-13,7.923586935705524e-15,False,False,"[17, 293]","[281, 277]","[17, 293]","[281, 277]",candidate-only; numerical ties broken by original move_index; expanded sets also saved,8.765841265912128e-06,17,12.957837439033455,-0.0008447139740251343,False,1,0.0008534798152910465,0.0008534798152910465,descriptive ambiguity from score ties; not uncertainty interval/certificate,"one matched checkpoint, same available paired subset; scores measured relative to no-op zero"
2007,early,16,25387349f2beb0f96d242ca9b954a62e6bfcc22e30747f954ca70f472e65a2bd,26106a1c238544d78f76de616ce9d2614f2f15120f481ce864ad6bd62b0113ef,8008d587e0fa868b62eea6aab9a2533b0affd0f6bff154b1bb10f90481085e36,<WORKSPACE>/Gaussian/A17/EXCHANGE_R1/results/object_2007_early_portable,FULL_SMALL_REFERENCE,"base spectral fidelity minus child spectral fidelity, same full/projected scope; no-op0",2208,193,12,True,exact persisted spectrum subset only; not complete teacher domain; descriptive no inference/certificate,spectrum_plus_teacher_best,teacher-best evaluator augmentation introduces utility-selection bias,delta_effective_dim,193,0,7.923586935705524e-15,DESCRIPTIVE,-0.16655872193436963,-0.21461360237166813,0,0.0,0.0008534798152910465,4.7153595028247805e-14,7.923586935705524e-15,False,False,"[17, 293]","[281, 277]","[17, 293]","[281, 277]",candidate-only; numerical ties broken by original move_index; expanded sets also saved,8.765841265912128e-06,17,1.6590696327999694,-0.0008447139740251343,False,1,0.0008534798152910465,0.0008534798152910465,descriptive ambiguity from score ties; not uncertainty interval/certificate,"one matched checkpoint, same available paired subset; scores measured relative to no-op zero"
2007,early,16,25387349f2beb0f96d242ca9b954a62e6bfcc22e30747f954ca70f472e65a2bd,26106a1c238544d78f76de616ce9d2614f2f15120f481ce864ad6bd62b0113ef,8008d587e0fa868b62eea6aab9a2533b0affd0f6bff154b1bb10f90481085e36,<WORKSPACE>/Gaussian/A17/EXCHANGE_R1/results/object_2007_early_portable,FULL_SMALL_REFERENCE,"base spectral fidelity minus child spectral fidelity, same full/projected scope; no-op0",2208,193,12,True,exact persisted spectrum subset only; not complete teacher domain; descriptive no inference/certificate,spectrum_plus_teacher_best,teacher-best evaluator augmentation introduces utility-selection bias,Qhat,193,0,7.923586935705524e-15,DESCRIPTIVE,0.9203367875647669,0.9818953314459696,1,0.5,0.0,7.923586935705524e-15,7.923586935705524e-15,False,False,"[281, 1014]","[281, 277]","[281, 1014]","[281, 277]",candidate-only; numerical ties broken by original move_index; expanded sets also saved,8.765841265912128e-06,281,8.23785731444854e-06,8.765841265912128e-06,False,1,0.0,0.0,descriptive ambiguity from score ties; not uncertainty interval/certificate,"one matched checkpoint, same available paired subset; scores measured relative to no-op zero"
2007,early,16,25387349f2beb0f96d242ca9b954a62e6bfcc22e30747f954ca70f472e65a2bd,26106a1c238544d78f76de616ce9d2614f2f15120f481ce864ad6bd62b0113ef,8008d587e0fa868b62eea6aab9a2533b0affd0f6bff154b1bb10f90481085e36,<WORKSPACE>/Gaussian/A17/EXCHANGE_R1/results/object_2007_early_portable,FULL_SMALL_REFERENCE,"base spectral fidelity minus child spectral fidelity, same full/projected scope; no-op0",2208,193,12,True,exact persisted spectrum subset only; not complete teacher domain; descriptive no inference/certificate,spectrum_plus_teacher_best,teacher-best evaluator augmentation introduces utility-selection bias,information_fidelity_improvement,193,0,7.923586935705524e-15,DESCRIPTIVE,0.10168393782383421,0.1576738689172587,0,0.0,0.0006756459045100499,4.0817958209070666e-13,7.923586935705524e-15,False,False,"[292, 16]","[281, 277]","[292, 16]","[281, 277]",candidate-only; numerical ties broken by original move_index; expanded sets also saved,8.765841265912128e-06,292,0.03048995598595694,-0.0006668800632441377,False,1,0.0006756459045100499,0.0006756459045100499,descriptive ambiguity from score ties; not uncertainty interval/certificate,"one matched checkpoint, same available paired subset; scores measured relative to no-op zero"
2007,late,4,8b6ae019adc6227a1c90d1bb327c514b1a79631e0803834efb187b2f9b415f24,87b802fa63668f337f8ab5563faed5907a2fbbc8afe91916d542368a05106d7c,c6f5cee7dbac2d6ee520db5ba6df6f5fbedd421a0163292afdb6e07d3b6b1d65,<WORKSPACE>/Gaussian/A17/EXCHANGE_R1/results/object_2007_late,FULL_SMALL_REFERENCE,"base spectral fidelity minus child spectral fidelity, same full/projected scope; no-op0",600,49,12,True,exact persisted spectrum subset only; not complete teacher domain; descriptive no inference/certificate,fixed12_per_removal,predeclared fixed bank; bounded nonrandom subset,receiver_score,48,0,8.874192326995243e-19,DESCRIPTIVE,-0.20567375886524825,-0.3160008684324794,0,0.0,7.502969047763048e-05,1.2615179978925527e-13,8.874192326995243e-19,False,False,"[542, 511]","[275, 274]","[542, 511]","[275, 274]",candidate-only; numerical ties broken by original move_index; expanded sets also saved,1.7459370044029595e-05,542,2.2701655935588545,-5.7570320433600883e-05,False,1,7.502969047763048e-05,7.502969047763048e-05,descriptive ambiguity from score ties; not uncertainty interval/certificate,"one matched checkpoint, same available paired subset; scores measured relative to no-op zero"
2007,late,4,8b6ae019adc6227a1c90d1bb327c514b1a79631e0803834efb187b2f9b415f24,87b802fa63668f337f8ab5563faed5907a2fbbc8afe91916d542368a05106d7c,c6f5cee7dbac2d6ee520db5ba6df6f5fbedd421a0163292afdb6e07d3b6b1d65,<WORKSPACE>/Gaussian/A17/EXCHANGE_R1/results/object_2007_late,FULL_SMALL_REFERENCE,"base spectral fidelity minus child spectral fidelity, same full/projected scope; no-op0",600,49,12,True,exact persisted spectrum subset only; not complete teacher domain; descriptive no inference/certificate,fixed12_per_removal,predeclared fixed bank; bounded nonrandom subset,delta_logdet_volume,48,0,8.874192326995243e-19,DESCRIPTIVE,0.3297872340425532,0.47503256621797657,0,0.0,5.633895549134272e-07,1.1047289320633422e-12,8.874192326995243e-19,False,False,"[243, 29]","[275, 274]","[243, 29]","[275, 274]",candidate-only; numerical ties broken by original move_index; expanded sets also saved,1.7459370044029595e-05,243,19.323118387605575,1.6895980489116168e-05,False,1,5.633895549134272e-07,5.633895549134272e-07,descriptive ambiguity from score ties; not uncertainty interval/certificate,"one matched checkpoint, same available paired subset; scores measured relative to no-op zero"
2007,late,4,8b6ae019adc6227a1c90d1bb327c514b1a79631e0803834efb187b2f9b415f24,87b802fa63668f337f8ab5563faed5907a2fbbc8afe91916d542368a05106d7c,c6f5cee7dbac2d6ee520db5ba6df6f5fbedd421a0163292afdb6e07d3b6b1d65,<WORKSPACE>/Gaussian/A17/EXCHANGE_R1/results/object_2007_late,FULL_SMALL_REFERENCE,"base spectral fidelity minus child spectral fidelity, same full/projected scope; no-op0",600,49,12,True,exact persisted spectrum subset only; not complete teacher domain; descriptive no inference/certificate,fixed12_per_removal,predeclared fixed bank; bounded nonrandom subset,delta_effective_dim,48,0,8.874192326995243e-19,DESCRIPTIVE,0.2393617021276596,0.3405340859748155,0,0.0,8.429686956029441e-05,2.5529942207701837e-13,8.874192326995243e-19,False,False,"[29, 93]","[275, 274]","[29, 93]","[275, 274]",candidate-only; numerical ties broken by original move_index; expanded sets also saved,1.7459370044029595e-05,29,5.551227521851509,-6.683749951626482e-05,False,1,8.429686956029441e-05,8.429686956029441e-05,descriptive ambiguity from score ties; not uncertainty interval/certificate,"one matched checkpoint, same available paired subset; scores measured relative to no-op zero"
2007,late,4,8b6ae019adc6227a1c90d1bb327c514b1a79631e0803834efb187b2f9b415f24,87b802fa63668f337f8ab5563faed5907a2fbbc8afe91916d542368a05106d7c,c6f5cee7dbac2d6ee520db5ba6df6f5fbedd421a0163292afdb6e07d3b6b1d65,<WORKSPACE>/Gaussian/A17/EXCHANGE_R1/results/object_2007_late,FULL_SMALL_REFERENCE,"base spectral fidelity minus child spectral fidelity, same full/projected scope; no-op0",600,49,12,True,exact persisted spectrum subset only; not complete teacher domain; descriptive no inference/certificate,fixed12_per_removal,predeclared fixed bank; bounded nonrandom subset,Qhat,48,0,8.874192326995243e-19,DESCRIPTIVE,0.9290780141843973,0.9866478506296135,1,0.5,5.633895549134272e-07,8.874192326995243e-19,8.874192326995243e-19,False,False,"[243, 275]","[275, 274]","[243, 275]","[275, 274]",candidate-only; numerical ties broken by original move_index; expanded sets also saved,1.7459370044029595e-05,243,1.167235142207256e-05,1.6895980489116168e-05,False,1,5.633895549134272e-07,5.633895549134272e-07,descriptive ambiguity from score ties; not uncertainty interval/certificate,"one matched checkpoint, same available paired subset; scores measured relative to no-op zero"
2007,late,4,8b6ae019adc6227a1c90d1bb327c514b1a79631e0803834efb187b2f9b415f24,87b802fa63668f337f8ab5563faed5907a2fbbc8afe91916d542368a05106d7c,c6f5cee7dbac2d6ee520db5ba6df6f5fbedd421a0163292afdb6e07d3b6b1d65,<WORKSPACE>/Gaussian/A17/EXCHANGE_R1/results/object_2007_late,FULL_SMALL_REFERENCE,"base spectral fidelity minus child spectral fidelity, same full/projected scope; no-op0",600,49,12,True,exact persisted spectrum subset only; not complete teacher domain; descriptive no inference/certificate,fixed12_per_removal,predeclared fixed bank; bounded nonrandom subset,information_fidelity_improvement,48,0,8.874192326995243e-19,DESCRIPTIVE,0.008865248226950355,0.013677811550151976,0,0.0,7.088946740493057e-05,8.727524118943525e-11,8.874192326995243e-19,False,False,"[0, 1]","[275, 274]","[0, 1]","[275, 274]",candidate-only; numerical ties broken by original move_index; expanded sets also saved,1.7459370044029595e-05,0,0.0003025284424437169,-5.343009736090098e-05,False,1,7.088946740493057e-05,7.088946740493057e-05,descriptive ambiguity from score ties; not uncertainty interval/certificate,"one matched checkpoint, same available paired subset; scores measured relative to no-op zero"
2007,late,4,8b6ae019adc6227a1c90d1bb327c514b1a79631e0803834efb187b2f9b415f24,87b802fa63668f337f8ab5563faed5907a2fbbc8afe91916d542368a05106d7c,c6f5cee7dbac2d6ee520db5ba6df6f5fbedd421a0163292afdb6e07d3b6b1d65,<WORKSPACE>/Gaussian/A17/EXCHANGE_R1/results/object_2007_late,FULL_SMALL_REFERENCE,"base spectral fidelity minus child spectral fidelity, same full/projected scope; no-op0",600,49,12,True,exact persisted spectrum subset only; not complete teacher domain; descriptive no inference/certificate,spectrum_plus_teacher_best,teacher-best evaluator augmentation introduces utility-selection bias,receiver_score,49,0,8.874192326995243e-19,DESCRIPTIVE,-0.227891156462585,-0.34530612244897957,0,0.0,9.007896697095285e-05,1.2615179978925527e-13,8.874192326995243e-19,False,False,"[542, 511]","[250, 275]","[542, 511]","[250, 275]",candidate-only; numerical ties broken by original move_index; expanded sets also saved,3.250864653735198e-05,542,2.2701655935588545,-5.7570320433600883e-05,False,1,9.007896697095285e-05,9.007896697095285e-05,descriptive ambiguity from score ties; not uncertainty interval/certificate,"one matched checkpoint, same available paired subset; scores measured relative to no-op zero"
2007,late,4,8b6ae019adc6227a1c90d1bb327c514b1a79631e0803834efb187b2f9b415f24,87b802fa63668f337f8ab5563faed5907a2fbbc8afe91916d542368a05106d7c,c6f5cee7dbac2d6ee520db5ba6df6f5fbedd421a0163292afdb6e07d3b6b1d65,<WORKSPACE>/Gaussian/A17/EXCHANGE_R1/results/object_2007_late,FULL_SMALL_REFERENCE,"base spectral fidelity minus child spectral fidelity, same full/projected scope; no-op0",600,49,12,True,exact persisted spectrum subset only; not complete teacher domain; descriptive no inference/certificate,spectrum_plus_teacher_best,teacher-best evaluator augmentation introduces utility-selection bias,delta_logdet_volume,49,0,8.874192326995243e-19,DESCRIPTIVE,0.3095238095238095,0.4458163265306122,0,0.0,1.561266604823581e-05,1.1047289320633422e-12,8.874192326995243e-19,False,False,"[243, 29]","[250, 275]","[243, 29]","[250, 275]",candidate-only; numerical ties broken by original move_index; expanded sets also saved,3.250864653735198e-05,243,19.323118387605575,1.6895980489116168e-05,False,1,1.561266604823581e-05,1.561266604823581e-05,descriptive ambiguity from score ties; not uncertainty interval/certificate,"one matched checkpoint, same available paired subset; scores measured relative to no-op zero"
2007,late,4,8b6ae019adc6227a1c90d1bb327c514b1a79631e0803834efb187b2f9b415f24,87b802fa63668f337f8ab5563faed5907a2fbbc8afe91916d542368a05106d7c,c6f5cee7dbac2d6ee520db5ba6df6f5fbedd421a0163292afdb6e07d3b6b1d65,<WORKSPACE>/Gaussian/A17/EXCHANGE_R1/results/object_2007_late,FULL_SMALL_REFERENCE,"base spectral fidelity minus child spectral fidelity, same full/projected scope; no-op0",600,49,12,True,exact persisted spectrum subset only; not complete teacher domain; descriptive no inference/certificate,spectrum_plus_teacher_best,teacher-best evaluator augmentation introduces utility-selection bias,delta_effective_dim,49,0,8.874192326995243e-19,DESCRIPTIVE,0.22619047619047616,0.32438775510204076,0,0.0,9.934614605361679e-05,2.5529942207701837e-13,8.874192326995243e-19,False,False,"[29, 93]","[250, 275]","[29, 93]","[250, 275]",candidate-only; numerical ties broken by original move_index; expanded sets also saved,3.250864653735198e-05,29,5.551227521851509,-6.683749951626482e-05,False,1,9.934614605361679e-05,9.934614605361679e-05,descriptive ambiguity from score ties; not uncertainty interval/certificate,"one matched checkpoint, same available paired subset; scores measured relative to no-op zero"
2007,late,4,8b6ae019adc6227a1c90d1bb327c514b1a79631e0803834efb187b2f9b415f24,87b802fa63668f337f8ab5563faed5907a2fbbc8afe91916d542368a05106d7c,c6f5cee7dbac2d6ee520db5ba6df6f5fbedd421a0163292afdb6e07d3b6b1d65,<WORKSPACE>/Gaussian/A17/EXCHANGE_R1/results/object_2007_late,FULL_SMALL_REFERENCE,"base spectral fidelity minus child spectral fidelity, same full/projected scope; no-op0",600,49,12,True,exact persisted spectrum subset only; not complete teacher domain; descriptive no inference/certificate,spectrum_plus_teacher_best,teacher-best evaluator augmentation introduces utility-selection bias,Qhat,49,0,8.874192326995243e-19,DESCRIPTIVE,0.9319727891156461,0.9874489795918366,1,0.5,0.0,8.874192326995243e-19,8.874192326995243e-19,False,False,"[250, 243]","[250, 275]","[250, 243]","[250, 275]",candidate-only; numerical ties broken by original move_index; expanded sets also saved,3.250864653735198e-05,250,2.3259483815527875e-05,3.250864653735198e-05,False,1,0.0,0.0,descriptive ambiguity from score ties; not uncertainty interval/certificate,"one matched checkpoint, same available paired subset; scores measured relative to no-op zero"
2007,late,4,8b6ae019adc6227a1c90d1bb327c514b1a79631e0803834efb187b2f9b415f24,87b802fa63668f337f8ab5563faed5907a2fbbc8afe91916d542368a05106d7c,c6f5cee7dbac2d6ee520db5ba6df6f5fbedd421a0163292afdb6e07d3b6b1d65,<WORKSPACE>/Gaussian/A17/EXCHANGE_R1/results/object_2007_late,FULL_SMALL_REFERENCE,"base spectral fidelity minus child spectral fidelity, same full/projected scope; no-op0",600,49,12,True,exact persisted spectrum subset only; not complete teacher domain; descriptive no inference/certificate,spectrum_plus_teacher_best,teacher-best evaluator augmentation introduces utility-selection bias,information_fidelity_improvement,49,0,8.874192326995243e-19,DESCRIPTIVE,-0.008503401360544217,-0.014795918367346936,0,0.0,8.593874389825295e-05,8.727524118943525e-11,8.874192326995243e-19,False,False,"[0, 1]","[250, 275]","[0, 1]","[250, 275]",candidate-only; numerical ties broken by original move_index; expanded sets also saved,3.250864653735198e-05,0,0.0003025284424437169,-5.343009736090098e-05,False,1,8.593874389825295e-05,8.593874389825295e-05,descriptive ambiguity from score ties; not uncertainty interval/certificate,"one matched checkpoint, same available paired subset; scores measured relative to no-op zero"
2007,late,8,8b6ae019adc6227a1c90d1bb327c514b1a79631e0803834efb187b2f9b415f24,87b802fa63668f337f8ab5563faed5907a2fbbc8afe91916d542368a05106d7c,c99b610b71347bcf98c90f6da31999d9acc7013f83952a6cf92c2e17208b24b4,<WORKSPACE>/Gaussian/A17/EXCHANGE_R1/results/object_2007_late,FULL_SMALL_REFERENCE,"base spectral fidelity minus child spectral fidelity, same full/projected scope; no-op0",1168,97,12,True,exact persisted spectrum subset only; not complete teacher domain; descriptive no inference/certificate,fixed12_per_removal,predeclared fixed bank; bounded nonrandom subset,receiver_score,96,0,8.874192326995243e-19,DESCRIPTIVE,0.16315789473684209,0.255249593054802,0,0.0,3.4402531561376235e-05,1.2615179978925527e-13,8.874192326995243e-19,False,False,"[1110, 964]","[25, 317]","[1110, 964]","[25, 317]",candidate-only; numerical ties broken by original move_index; expanded sets also saved,1.4981559213748373e-05,1110,3.0577274981999585,-1.9420972347627864e-05,False,1,3.4402531561376235e-05,3.4402531561376235e-05,descriptive ambiguity from score ties; not uncertainty interval/certificate,"one matched checkpoint, same available paired subset; scores measured relative to no-op zero"
2007,late,8,8b6ae019adc6227a1c90d1bb327c514b1a79631e0803834efb187b2f9b415f24,87b802fa63668f337f8ab5563faed5907a2fbbc8afe91916d542368a05106d7c,c99b610b71347bcf98c90f6da31999d9acc7013f83952a6cf92c2e17208b24b4,<WORKSPACE>/Gaussian/A17/EXCHANGE_R1/results/object_2007_late,FULL_SMALL_REFERENCE,"base spectral fidelity minus child spectral fidelity, same full/projected scope; no-op0",1168,97,12,True,exact persisted spectrum subset only; not complete teacher domain; descriptive no inference/certificate,fixed12_per_removal,predeclared fixed bank; bounded nonrandom subset,delta_logdet_volume,96,0,8.874192326995243e-19,DESCRIPTIVE,0.4548245614035087,0.6399484536082474,1,0.5,1.0326772059448498e-05,4.676385634355197e-13,8.874192326995243e-19,False,False,"[235, 25]","[25, 317]","[235, 25]","[25, 317]",candidate-only; numerical ties broken by original move_index; expanded sets also saved,1.4981559213748373e-05,235,16.45356921900219,4.654787154299875e-06,False,1,1.0326772059448498e-05,1.0326772059448498e-05,descriptive ambiguity from score ties; not uncertainty interval/certificate,"one matched checkpoint, same available paired subset; scores measured relative to no-op zero"
2007,late,8,8b6ae019adc6227a1c90d1bb327c514b1a79631e0803834efb187b2f9b415f24,87b802fa63668f337f8ab5563faed5907a2fbbc8afe91916d542368a05106d7c,c99b610b71347bcf98c90f6da31999d9acc7013f83952a6cf92c2e17208b24b4,<WORKSPACE>/Gaussian/A17/EXCHANGE_R1/results/object_2007_late,FULL_SMALL_REFERENCE,"base spectral fidelity minus child spectral fidelity, same full/projected scope; no-op0",1168,97,12,True,exact persisted spectrum subset only; not complete teacher domain; descriptive no inference/certificate,fixed12_per_removal,predeclared fixed bank; bounded nonrandom subset,delta_effective_dim,96,0,8.874192326995243e-19,DESCRIPTIVE,0.2096491228070175,0.29766684753119915,0,0.0,1.0326772059448498e-05,5.646419614409348e-14,8.874192326995243e-19,False,False,"[235, 381]","[25, 317]","[235, 381]","[25, 317]",candidate-only; numerical ties broken by original move_index; expanded sets also saved,1.4981559213748373e-05,235,1.986657286830578,4.654787154299875e-06,False,1,1.0326772059448498e-05,1.0326772059448498e-05,descriptive ambiguity from score ties; not uncertainty interval/certificate,"one matched checkpoint, same available paired subset; scores measured relative to no-op zero"
2007,late,8,8b6ae019adc6227a1c90d1bb327c514b1a79631e0803834efb187b2f9b415f24,87b802fa63668f337f8ab5563faed5907a2fbbc8afe91916d542368a05106d7c,c99b610b71347bcf98c90f6da31999d9acc7013f83952a6cf92c2e17208b24b4,<WORKSPACE>/Gaussian/A17/EXCHANGE_R1/results/object_2007_late,FULL_SMALL_REFERENCE,"base spectral fidelity minus child spectral fidelity, same full/projected scope; no-op0",1168,97,12,True,exact persisted spectrum subset only; not complete teacher domain; descriptive no inference/certificate,fixed12_per_removal,predeclared fixed bank; bounded nonrandom subset,Qhat,96,0,8.874192326995243e-19,DESCRIPTIVE,0.7381578947368419,0.9094818231144872,1,0.5,0.0,8.874192326995243e-19,8.874192326995243e-19,False,False,"[25, 57]","[25, 317]","[25, 57]","[25, 317]",candidate-only; numerical ties broken by original move_index; expanded sets also saved,1.4981559213748373e-05,25,8.918809589512574e-06,1.4981559213748373e-05,False,1,0.0,0.0,descriptive ambiguity from score ties; not uncertainty interval/certificate,"one matched checkpoint, same available paired subset; scores measured relative to no-op zero"
2007,late,8,8b6ae019adc6227a1c90d1bb327c514b1a79631e0803834efb187b2f9b415f24,87b802fa63668f337f8ab5563faed5907a2fbbc8afe91916d542368a05106d7c,c99b610b71347bcf98c90f6da31999d9acc7013f83952a6cf92c2e17208b24b4,<WORKSPACE>/Gaussian/A17/EXCHANGE_R1/results/object_2007_late,FULL_SMALL_REFERENCE,"base spectral fidelity minus child spectral fidelity, same full/projected scope; no-op0",1168,97,12,True,exact persisted spectrum subset only; not complete teacher domain; descriptive no inference/certificate,fixed12_per_removal,predeclared fixed bank; bounded nonrandom subset,information_fidelity_improvement,96,0,8.874192326995243e-19,DESCRIPTIVE,0.09780701754385963,0.11048562126966902,0,0.0,5.125884526556682e-06,8.85316456481363e-11,8.874192326995243e-19,False,False,"[755, 203]","[25, 317]","[755, 203]","[25, 317]",candidate-only; numerical ties broken by original move_index; expanded sets also saved,1.4981559213748373e-05,755,0.004885681716248258,9.855674687191691e-06,False,1,5.125884526556682e-06,5.125884526556682e-06,descriptive ambiguity from score ties; not uncertainty interval/certificate,"one matched checkpoint, same available paired subset; scores measured relative to no-op zero"
2007,late,8,8b6ae019adc6227a1c90d1bb327c514b1a79631e0803834efb187b2f9b415f24,87b802fa63668f337f8ab5563faed5907a2fbbc8afe91916d542368a05106d7c,c99b610b71347bcf98c90f6da31999d9acc7013f83952a6cf92c2e17208b24b4,<WORKSPACE>/Gaussian/A17/EXCHANGE_R1/results/object_2007_late,FULL_SMALL_REFERENCE,"base spectral fidelity minus child spectral fidelity, same full/projected scope; no-op0",1168,97,12,True,exact persisted spectrum subset only; not complete teacher domain; descriptive no inference/certificate,spectrum_plus_teacher_best,teacher-best evaluator augmentation introduces utility-selection bias,receiver_score,97,0,8.874192326995243e-19,DESCRIPTIVE,0.1469072164948454,0.23332632021880914,0,0.0,3.9365280772956426e-05,1.2615179978925527e-13,8.874192326995243e-19,False,False,"[1110, 964]","[244, 25]","[1110, 964]","[244, 25]",candidate-only; numerical ties broken by original move_index; expanded sets also saved,1.994430842532856e-05,1110,3.0577274981999585,-1.9420972347627864e-05,False,1,3.9365280772956426e-05,3.9365280772956426e-05,descriptive ambiguity from score ties; not uncertainty interval/certificate,"one matched checkpoint, same available paired subset; scores measured relative to no-op zero"
2007,late,8,8b6ae019adc6227a1c90d1bb327c514b1a79631e0803834efb187b2f9b415f24,87b802fa63668f337f8ab5563faed5907a2fbbc8afe91916d542368a05106d7c,c99b610b71347bcf98c90f6da31999d9acc7013f83952a6cf92c2e17208b24b4,<WORKSPACE>/Gaussian/A17/EXCHANGE_R1/results/object_2007_late,FULL_SMALL_REFERENCE,"base spectral fidelity minus child spectral fidelity, same full/projected scope; no-op0",1168,97,12,True,exact persisted spectrum subset only; not complete teacher domain; descriptive no inference/certificate,spectrum_plus_teacher_best,teacher-best evaluator augmentation introduces utility-selection bias,delta_logdet_volume,97,0,8.874192326995243e-19,DESCRIPTIVE,0.45876288659793824,0.6446717862402693,1,0.5,1.5289521271028684e-05,4.676385634355197e-13,8.874192326995243e-19,False,False,"[235, 25]","[244, 25]","[235, 25]","[244, 25]",candidate-only; numerical ties broken by original move_index; expanded sets also saved,1.994430842532856e-05,235,16.45356921900219,4.654787154299875e-06,False,1,1.5289521271028684e-05,1.5289521271028684e-05,descriptive ambiguity from score ties; not uncertainty interval/certificate,"one matched checkpoint, same available paired subset; scores measured relative to no-op zero"
2007,late,8,8b6ae019adc6227a1c90d1bb327c514b1a79631e0803834efb187b2f9b415f24,87b802fa63668f337f8ab5563faed5907a2fbbc8afe91916d542368a05106d7c,c99b610b71347bcf98c90f6da31999d9acc7013f83952a6cf92c2e17208b24b4,<WORKSPACE>/Gaussian/A17/EXCHANGE_R1/results/object_2007_late,FULL_SMALL_REFERENCE,"base spectral fidelity minus child spectral fidelity, same full/projected scope; no-op0",1168,97,12,True,exact persisted spectrum subset only; not complete teacher domain; descriptive no inference/certificate,spectrum_plus_teacher_best,teacher-best evaluator augmentation introduces utility-selection bias,delta_effective_dim,97,0,8.874192326995243e-19,DESCRIPTIVE,0.2203608247422681,0.3137229118451504,0,0.0,1.5289521271028684e-05,5.646419614409348e-14,8.874192326995243e-19,False,False,"[235, 381]","[244, 25]","[235, 381]","[244, 25]",candidate-only; numerical ties broken by original move_index; expanded sets also saved,1.994430842532856e-05,235,1.986657286830578,4.654787154299875e-06,False,1,1.5289521271028684e-05,1.5289521271028684e-05,descriptive ambiguity from score ties; not uncertainty interval/certificate,"one matched checkpoint, same available paired subset; scores measured relative to no-op zero"
2007,late,8,8b6ae019adc6227a1c90d1bb327c514b1a79631e0803834efb187b2f9b415f24,87b802fa63668f337f8ab5563faed5907a2fbbc8afe91916d542368a05106d7c,c99b610b71347bcf98c90f6da31999d9acc7013f83952a6cf92c2e17208b24b4,<WORKSPACE>/Gaussian/A17/EXCHANGE_R1/results/object_2007_late,FULL_SMALL_REFERENCE,"base spectral fidelity minus child spectral fidelity, same full/projected scope; no-op0",1168,97,12,True,exact persisted spectrum subset only; not complete teacher domain; descriptive no inference/certificate,spectrum_plus_teacher_best,teacher-best evaluator augmentation introduces utility-selection bias,Qhat,97,0,8.874192326995243e-19,DESCRIPTIVE,0.743556701030928,0.9122527877130233,2,1.0,0.0,8.874192326995243e-19,8.874192326995243e-19,False,False,"[244, 25]","[244, 25]","[244, 25]","[244, 25]",candidate-only; numerical ties broken by original move_index; expanded sets also saved,1.994430842532856e-05,244,1.2768763758155096e-05,1.994430842532856e-05,False,1,0.0,0.0,descriptive ambiguity from score ties; not uncertainty interval/certificate,"one matched checkpoint, same available paired subset; scores measured relative to no-op zero"
2007,late,8,8b6ae019adc6227a1c90d1bb327c514b1a79631e0803834efb187b2f9b415f24,87b802fa63668f337f8ab5563faed5907a2fbbc8afe91916d542368a05106d7c,c99b610b71347bcf98c90f6da31999d9acc7013f83952a6cf92c2e17208b24b4,<WORKSPACE>/Gaussian/A17/EXCHANGE_R1/results/object_2007_late,FULL_SMALL_REFERENCE,"base spectral fidelity minus child spectral fidelity, same full/projected scope; no-op0",1168,97,12,True,exact persisted spectrum subset only; not complete teacher domain; descriptive no inference/certificate,spectrum_plus_teacher_best,teacher-best evaluator augmentation introduces utility-selection bias,information_fidelity_improvement,97,0,8.874192326995243e-19,DESCRIPTIVE,0.08376288659793817,0.08531453818640858,0,0.0,1.0088633738136867e-05,8.85316456481363e-11,8.874192326995243e-19,False,False,"[755, 203]","[244, 25]","[755, 203]","[244, 25]",candidate-only; numerical ties broken by original move_index; expanded sets also saved,1.994430842532856e-05,755,0.004885681716248258,9.855674687191691e-06,False,1,1.0088633738136867e-05,1.0088633738136867e-05,descriptive ambiguity from score ties; not uncertainty interval/certificate,"one matched checkpoint, same available paired subset; scores measured relative to no-op zero"
2007,late,16,8b6ae019adc6227a1c90d1bb327c514b1a79631e0803834efb187b2f9b415f24,87b802fa63668f337f8ab5563faed5907a2fbbc8afe91916d542368a05106d7c,cdeb211b33407ebbdcb173fc731b1a2c733e8439244ef3c2eaa3e1a43fed9e14,<WORKSPACE>/Gaussian/A17/EXCHANGE_R1/results/object_2007_late,FULL_SMALL_REFERENCE,"base spectral fidelity minus child spectral fidelity, same full/projected scope; no-op0",2208,193,12,True,exact persisted spectrum subset only; not complete teacher domain; descriptive no inference/certificate,fixed12_per_removal,predeclared fixed bank; bounded nonrandom subset,receiver_score,192,0,8.874192326995243e-19,DESCRIPTIVE,-0.22654886561954624,-0.3274251959959852,0,0.0,1.3367130253706328e-06,1.2615179978925527e-13,8.874192326995243e-19,False,False,"[2150, 2012]","[276, 405]","[2150, 2012]","[276, 405]",candidate-only; numerical ties broken by original move_index; expanded sets also saved,1.7701302017123487e-06,2150,4.000543394111769,4.3341717634171596e-07,False,1,1.3367130253706328e-06,1.3367130253706328e-06,descriptive ambiguity from score ties; not uncertainty interval/certificate,"one matched checkpoint, same available paired subset; scores measured relative to no-op zero"
2007,late,16,8b6ae019adc6227a1c90d1bb327c514b1a79631e0803834efb187b2f9b415f24,87b802fa63668f337f8ab5563faed5907a2fbbc8afe91916d542368a05106d7c,cdeb211b33407ebbdcb173fc731b1a2c733e8439244ef3c2eaa3e1a43fed9e14,<WORKSPACE>/Gaussian/A17/EXCHANGE_R1/results/object_2007_late,FULL_SMALL_REFERENCE,"base spectral fidelity minus child spectral fidelity, same full/projected scope; no-op0",2208,193,12,True,exact persisted spectrum subset only; not complete teacher domain; descriptive no inference/certificate,fixed12_per_removal,predeclared fixed bank; bounded nonrandom subset,delta_logdet_volume,192,0,8.874192326995243e-19,DESCRIPTIVE,0.1637216404886562,0.24819941404660503,0,0.0,2.1110282963185877e-06,4.271843027084699e-13,8.874192326995243e-19,False,False,"[219, 81]","[276, 405]","[219, 81]","[276, 405]",candidate-only; numerical ties broken by original move_index; expanded sets also saved,1.7701302017123487e-06,219,15.030211457003048,-3.408980946062389e-07,False,1,2.1110282963185877e-06,2.1110282963185877e-06,descriptive ambiguity from score ties; not uncertainty interval/certificate,"one matched checkpoint, same available paired subset; scores measured relative to no-op zero"
2007,late,16,8b6ae019adc6227a1c90d1bb327c514b1a79631e0803834efb187b2f9b415f24,87b802fa63668f337f8ab5563faed5907a2fbbc8afe91916d542368a05106d7c,cdeb211b33407ebbdcb173fc731b1a2c733e8439244ef3c2eaa3e1a43fed9e14,<WORKSPACE>/Gaussian/A17/EXCHANGE_R1/results/object_2007_late,FULL_SMALL_REFERENCE,"base spectral fidelity minus child spectral fidelity, same full/projected scope; no-op0",2208,193,12,True,exact persisted spectrum subset only; not complete teacher domain; descriptive no inference/certificate,fixed12_per_removal,predeclared fixed bank; bounded nonrandom subset,delta_effective_dim,192,0,8.874192326995243e-19,DESCRIPTIVE,0.0943499127399651,0.13893843420231672,0,0.0,2.1110282963185877e-06,2.842170943040401e-14,8.874192326995243e-19,False,False,"[219, 81]","[276, 405]","[219, 81]","[276, 405]",candidate-only; numerical ties broken by original move_index; expanded sets also saved,1.7701302017123487e-06,219,0.941834081934573,-3.408980946062389e-07,False,1,2.1110282963185877e-06,2.1110282963185877e-06,descriptive ambiguity from score ties; not uncertainty interval/certificate,"one matched checkpoint, same available paired subset; scores measured relative to no-op zero"
2007,late,16,8b6ae019adc6227a1c90d1bb327c514b1a79631e0803834efb187b2f9b415f24,87b802fa63668f337f8ab5563faed5907a2fbbc8afe91916d542368a05106d7c,cdeb211b33407ebbdcb173fc731b1a2c733e8439244ef3c2eaa3e1a43fed9e14,<WORKSPACE>/Gaussian/A17/EXCHANGE_R1/results/object_2007_late,FULL_SMALL_REFERENCE,"base spectral fidelity minus child spectral fidelity, same full/projected scope; no-op0",2208,193,12,True,exact persisted spectrum subset only; not complete teacher domain; descriptive no inference/certificate,fixed12_per_removal,predeclared fixed bank; bounded nonrandom subset,Qhat,192,0,8.874192326995243e-19,DESCRIPTIVE,0.3158813263525306,0.4722112958793371,0,0.0,3.4666958270014344e-07,8.874192326995243e-19,8.874192326995243e-19,False,False,"[356, 389]","[276, 405]","[356, 389]","[276, 405]",candidate-only; numerical ties broken by original move_index; expanded sets also saved,1.7701302017123487e-06,356,8.047585949689745e-06,1.4234606190122053e-06,False,1,3.4666958270014344e-07,3.4666958270014344e-07,descriptive ambiguity from score ties; not uncertainty interval/certificate,"one matched checkpoint, same available paired subset; scores measured relative to no-op zero"
2007,late,16,8b6ae019adc6227a1c90d1bb327c514b1a79631e0803834efb187b2f9b415f24,87b802fa63668f337f8ab5563faed5907a2fbbc8afe91916d542368a05106d7c,cdeb211b33407ebbdcb173fc731b1a2c733e8439244ef3c2eaa3e1a43fed9e14,<WORKSPACE>/Gaussian/A17/EXCHANGE_R1/results/object_2007_late,FULL_SMALL_REFERENCE,"base spectral fidelity minus child spectral fidelity, same full/projected scope; no-op0",2208,193,12,True,exact persisted spectrum subset only; not complete teacher domain; descriptive no inference/certificate,fixed12_per_removal,predeclared fixed bank; bounded nonrandom subset,information_fidelity_improvement,192,0,8.874192326995243e-19,DESCRIPTIVE,0.07384380453752182,0.09686202967745437,0,0.0,1.450548436742705e-06,8.91508814990929e-11,8.874192326995243e-19,False,False,"[707, 431]","[276, 405]","[707, 431]","[276, 405]",candidate-only; numerical ties broken by original move_index; expanded sets also saved,1.7701302017123487e-06,707,0.0445588925571363,3.195817649696438e-07,False,1,1.450548436742705e-06,1.450548436742705e-06,descriptive ambiguity from score ties; not uncertainty interval/certificate,"one matched checkpoint, same available paired subset; scores measured relative to no-op zero"
2007,late,16,8b6ae019adc6227a1c90d1bb327c514b1a79631e0803834efb187b2f9b415f24,87b802fa63668f337f8ab5563faed5907a2fbbc8afe91916d542368a05106d7c,cdeb211b33407ebbdcb173fc731b1a2c733e8439244ef3c2eaa3e1a43fed9e14,<WORKSPACE>/Gaussian/A17/EXCHANGE_R1/results/object_2007_late,FULL_SMALL_REFERENCE,"base spectral fidelity minus child spectral fidelity, same full/projected scope; no-op0",2208,193,12,True,exact persisted spectrum subset only; not complete teacher domain; descriptive no inference/certificate,spectrum_plus_teacher_best,teacher-best evaluator augmentation introduces utility-selection bias,receiver_score,193,0,8.874192326995243e-19,DESCRIPTIVE,-0.2326208981001727,-0.33612487313711875,0,0.0,1.71641334310433e-06,1.2615179978925527e-13,8.874192326995243e-19,False,False,"[2150, 2012]","[328, 276]","[2150, 2012]","[328, 276]",candidate-only; numerical ties broken by original move_index; expanded sets also saved,2.149830519446046e-06,2150,4.000543394111769,4.3341717634171596e-07,False,1,1.71641334310433e-06,1.71641334310433e-06,descriptive ambiguity from score ties; not uncertainty interval/certificate,"one matched checkpoint, same available paired subset; scores measured relative to no-op zero"
2007,late,16,8b6ae019adc6227a1c90d1bb327c514b1a79631e0803834efb187b2f9b415f24,87b802fa63668f337f8ab5563faed5907a2fbbc8afe91916d542368a05106d7c,cdeb211b33407ebbdcb173fc731b1a2c733e8439244ef3c2eaa3e1a43fed9e14,<WORKSPACE>/Gaussian/A17/EXCHANGE_R1/results/object_2007_late,FULL_SMALL_REFERENCE,"base spectral fidelity minus child spectral fidelity, same full/projected scope; no-op0",2208,193,12,True,exact persisted spectrum subset only; not complete teacher domain; descriptive no inference/certificate,spectrum_plus_teacher_best,teacher-best evaluator augmentation introduces utility-selection bias,delta_logdet_volume,193,0,8.874192326995243e-19,DESCRIPTIVE,0.16547927461139897,0.2506626916297206,0,0.0,2.4907286140522848e-06,4.271843027084699e-13,8.874192326995243e-19,False,False,"[219, 81]","[328, 276]","[219, 81]","[328, 276]",candidate-only; numerical ties broken by original move_index; expanded sets also saved,2.149830519446046e-06,219,15.030211457003048,-3.408980946062389e-07,False,1,2.4907286140522848e-06,2.4907286140522848e-06,descriptive ambiguity from score ties; not uncertainty interval/certificate,"one matched checkpoint, same available paired subset; scores measured relative to no-op zero"
2007,late,16,8b6ae019adc6227a1c90d1bb327c514b1a79631e0803834efb187b2f9b415f24,87b802fa63668f337f8ab5563faed5907a2fbbc8afe91916d542368a05106d7c,cdeb211b33407ebbdcb173fc731b1a2c733e8439244ef3c2eaa3e1a43fed9e14,<WORKSPACE>/Gaussian/A17/EXCHANGE_R1/results/object_2007_late,FULL_SMALL_REFERENCE,"base spectral fidelity minus child spectral fidelity, same full/projected scope; no-op0",2208,193,12,True,exact persisted spectrum subset only; not complete teacher domain; descriptive no inference/certificate,spectrum_plus_teacher_best,teacher-best evaluator augmentation introduces utility-selection bias,delta_effective_dim,193,0,8.874192326995243e-19,DESCRIPTIVE,0.09380397236614853,0.13846916564286094,0,0.0,2.4907286140522848e-06,2.842170943040401e-14,8.874192326995243e-19,False,False,"[219, 81]","[328, 276]","[219, 81]","[328, 276]",candidate-only; numerical ties broken by original move_index; expanded sets also saved,2.149830519446046e-06,219,0.941834081934573,-3.408980946062389e-07,False,1,2.4907286140522848e-06,2.4907286140522848e-06,descriptive ambiguity from score ties; not uncertainty interval/certificate,"one matched checkpoint, same available paired subset; scores measured relative to no-op zero"
2007,late,16,8b6ae019adc6227a1c90d1bb327c514b1a79631e0803834efb187b2f9b415f24,87b802fa63668f337f8ab5563faed5907a2fbbc8afe91916d542368a05106d7c,cdeb211b33407ebbdcb173fc731b1a2c733e8439244ef3c2eaa3e1a43fed9e14,<WORKSPACE>/Gaussian/A17/EXCHANGE_R1/results/object_2007_late,FULL_SMALL_REFERENCE,"base spectral fidelity minus child spectral fidelity, same full/projected scope; no-op0",2208,193,12,True,exact persisted spectrum subset only; not complete teacher domain; descriptive no inference/certificate,spectrum_plus_teacher_best,teacher-best evaluator augmentation introduces utility-selection bias,Qhat,193,0,8.874192326995243e-19,DESCRIPTIVE,0.32286269430051817,0.48036629987714324,1,0.5,7.263699004338406e-07,8.874192326995243e-19,8.874192326995243e-19,False,False,"[356, 328]","[328, 276]","[356, 328]","[328, 276]",candidate-only; numerical ties broken by original move_index; expanded sets also saved,2.149830519446046e-06,356,8.047585949689745e-06,1.4234606190122053e-06,False,1,7.263699004338406e-07,7.263699004338406e-07,descriptive ambiguity from score ties; not uncertainty interval/certificate,"one matched checkpoint, same available paired subset; scores measured relative to no-op zero"
2007,late,16,8b6ae019adc6227a1c90d1bb327c514b1a79631e0803834efb187b2f9b415f24,87b802fa63668f337f8ab5563faed5907a2fbbc8afe91916d542368a05106d7c,cdeb211b33407ebbdcb173fc731b1a2c733e8439244ef3c2eaa3e1a43fed9e14,<WORKSPACE>/Gaussian/A17/EXCHANGE_R1/results/object_2007_late,FULL_SMALL_REFERENCE,"base spectral fidelity minus child spectral fidelity, same full/projected scope; no-op0",2208,193,12,True,exact persisted spectrum subset only; not complete teacher domain; descriptive no inference/certificate,spectrum_plus_teacher_best,teacher-best evaluator augmentation introduces utility-selection bias,information_fidelity_improvement,193,0,8.874192326995243e-19,DESCRIPTIVE,0.0765328151986183,0.10197271780353613,0,0.0,1.8302487544764021e-06,8.91508814990929e-11,8.874192326995243e-19,False,False,"[707, 431]","[328, 276]","[707, 431]","[328, 276]",candidate-only; numerical ties broken by original move_index; expanded sets also saved,2.149830519446046e-06,707,0.0445588925571363,3.195817649696438e-07,False,1,1.8302487544764021e-06,1.8302487544764021e-06,descriptive ambiguity from score ties; not uncertainty interval/certificate,"one matched checkpoint, same available paired subset; scores measured relative to no-op zero"
2007,middle,4,b21bb4739b29eb7a9609a3988b53c0feb3fd02e4cc8439d65a6ab1dcdbb7ea25,7c708621363a1f54816c3f30f0a5b9490c9fcb305df7cf817f3398432fe3c9bc,d1aa509d634d4842205959efc1cce2d7b276713adf8e6b74892b5d858b5e09f8,<WORKSPACE>/Gaussian/A17/EXCHANGE_R1/results/object_2007_middle,FULL_SMALL_REFERENCE,"base spectral fidelity minus child spectral fidelity, same full/projected scope; no-op0",600,49,12,True,exact persisted spectrum subset only; not complete teacher domain; descriptive no inference/certificate,fixed12_per_removal,predeclared fixed bank; bounded nonrandom subset,receiver_score,48,0,1.213399455334563e-18,DESCRIPTIVE,-0.07624113475177306,-0.16239687364307426,0,0.0,0.00014384800488052767,1.2613739852357668e-13,1.213399455334563e-18,False,False,"[542, 511]","[0, 300]","[542, 511]","[0, 300]",candidate-only; numerical ties broken by original move_index; expanded sets also saved,3.748131981946228e-05,542,2.337076238838222,-0.00010636668506106539,False,1,0.00014384800488052767,0.00014384800488052767,descriptive ambiguity from score ties; not uncertainty interval/certificate,"one matched checkpoint, same available paired subset; scores measured relative to no-op zero"
2007,middle,4,b21bb4739b29eb7a9609a3988b53c0feb3fd02e4cc8439d65a6ab1dcdbb7ea25,7c708621363a1f54816c3f30f0a5b9490c9fcb305df7cf817f3398432fe3c9bc,d1aa509d634d4842205959efc1cce2d7b276713adf8e6b74892b5d858b5e09f8,<WORKSPACE>/Gaussian/A17/EXCHANGE_R1/results/object_2007_middle,FULL_SMALL_REFERENCE,"base spectral fidelity minus child spectral fidelity, same full/projected scope; no-op0",600,49,12,True,exact persisted spectrum subset only; not complete teacher domain; descriptive no inference/certificate,fixed12_per_removal,predeclared fixed bank; bounded nonrandom subset,delta_logdet_volume,48,0,1.213399455334563e-18,DESCRIPTIVE,0.38829787234042556,0.5312635692574902,0,0.0,3.535134516223837e-05,1.074365125207718e-12,1.213399455334563e-18,False,False,"[92, 242]","[0, 300]","[92, 242]","[0, 300]",candidate-only; numerical ties broken by original move_index; expanded sets also saved,3.748131981946228e-05,92,19.562481860038588,2.1299746572239053e-06,False,1,3.535134516223837e-05,3.535134516223837e-05,descriptive ambiguity from score ties; not uncertainty interval/certificate,"one matched checkpoint, same available paired subset; scores measured relative to no-op zero"
2007,middle,4,b21bb4739b29eb7a9609a3988b53c0feb3fd02e4cc8439d65a6ab1dcdbb7ea25,7c708621363a1f54816c3f30f0a5b9490c9fcb305df7cf817f3398432fe3c9bc,d1aa509d634d4842205959efc1cce2d7b276713adf8e6b74892b5d858b5e09f8,<WORKSPACE>/Gaussian/A17/EXCHANGE_R1/results/object_2007_middle,FULL_SMALL_REFERENCE,"base spectral fidelity minus child spectral fidelity, same full/projected scope; no-op0",600,49,12,True,exact persisted spectrum subset only; not complete teacher domain; descriptive no inference/certificate,fixed12_per_removal,predeclared fixed bank; bounded nonrandom subset,delta_effective_dim,48,0,1.213399455334563e-18,DESCRIPTIVE,0.40070921985815605,0.5584020842379505,0,0.0,1.8920713895372547e-06,2.518999377060923e-13,1.213399455334563e-18,False,False,"[29, 92]","[0, 300]","[29, 92]","[0, 300]",candidate-only; numerical ties broken by original move_index; expanded sets also saved,3.748131981946228e-05,29,5.563183529044444,3.558924842992502e-05,False,1,1.8920713895372547e-06,1.8920713895372547e-06,descriptive ambiguity from score ties; not uncertainty interval/certificate,"one matched checkpoint, same available paired subset; scores measured relative to no-op zero"
2007,middle,4,b21bb4739b29eb7a9609a3988b53c0feb3fd02e4cc8439d65a6ab1dcdbb7ea25,7c708621363a1f54816c3f30f0a5b9490c9fcb305df7cf817f3398432fe3c9bc,d1aa509d634d4842205959efc1cce2d7b276713adf8e6b74892b5d858b5e09f8,<WORKSPACE>/Gaussian/A17/EXCHANGE_R1/results/object_2007_middle,FULL_SMALL_REFERENCE,"base spectral fidelity minus child spectral fidelity, same full/projected scope; no-op0",600,49,12,True,exact persisted spectrum subset only; not complete teacher domain; descriptive no inference/certificate,fixed12_per_removal,predeclared fixed bank; bounded nonrandom subset,Qhat,48,0,1.213399455334563e-18,DESCRIPTIVE,0.9893617021276597,0.999240121580547,2,1.0,0.0,1.213399455334563e-18,1.213399455334563e-18,False,False,"[0, 300]","[0, 300]","[0, 300]","[0, 300]",candidate-only; numerical ties broken by original move_index; expanded sets also saved,3.748131981946228e-05,0,3.740835190081239e-05,3.748131981946228e-05,False,1,0.0,0.0,descriptive ambiguity from score ties; not uncertainty interval/certificate,"one matched checkpoint, same available paired subset; scores measured relative to no-op zero"
2007,middle,4,b21bb4739b29eb7a9609a3988b53c0feb3fd02e4cc8439d65a6ab1dcdbb7ea25,7c708621363a1f54816c3f30f0a5b9490c9fcb305df7cf817f3398432fe3c9bc,d1aa509d634d4842205959efc1cce2d7b276713adf8e6b74892b5d858b5e09f8,<WORKSPACE>/Gaussian/A17/EXCHANGE_R1/results/object_2007_middle,FULL_SMALL_REFERENCE,"base spectral fidelity minus child spectral fidelity, same full/projected scope; no-op0",600,49,12,True,exact persisted spectrum subset only; not complete teacher domain; descriptive no inference/certificate,fixed12_per_removal,predeclared fixed bank; bounded nonrandom subset,information_fidelity_improvement,48,0,1.213399455334563e-18,DESCRIPTIVE,0.17375886524822698,0.24457229700390795,1,0.5,1.1281328585090786e-05,1.5725204811751722e-12,1.213399455334563e-18,False,False,"[1, 0]","[0, 300]","[1, 0]","[0, 300]",candidate-only; numerical ties broken by original move_index; expanded sets also saved,3.748131981946228e-05,1,0.00024177584334084123,2.619999123437149e-05,False,1,1.1281328585090786e-05,1.1281328585090786e-05,descriptive ambiguity from score ties; not uncertainty interval/certificate,"one matched checkpoint, same available paired subset; scores measured relative to no-op zero"
2007,middle,4,b21bb4739b29eb7a9609a3988b53c0feb3fd02e4cc8439d65a6ab1dcdbb7ea25,7c708621363a1f54816c3f30f0a5b9490c9fcb305df7cf817f3398432fe3c9bc,d1aa509d634d4842205959efc1cce2d7b276713adf8e6b74892b5d858b5e09f8,<WORKSPACE>/Gaussian/A17/EXCHANGE_R1/results/object_2007_middle,FULL_SMALL_REFERENCE,"base spectral fidelity minus child spectral fidelity, same full/projected scope; no-op0",600,49,12,True,exact persisted spectrum subset only; not complete teacher domain; descriptive no inference/certificate,spectrum_plus_teacher_best,teacher-best evaluator augmentation introduces utility-selection bias,receiver_score,49,0,1.213399455334563e-18,DESCRIPTIVE,-0.08843537414965985,-0.17551020408163262,0,0.0,0.00015682094883463,1.2613739852357668e-13,1.213399455334563e-18,False,False,"[542, 511]","[318, 0]","[542, 511]","[318, 0]",candidate-only; numerical ties broken by original move_index; expanded sets also saved,5.045426377356461e-05,542,2.337076238838222,-0.00010636668506106539,False,1,0.00015682094883463,0.00015682094883463,descriptive ambiguity from score ties; not uncertainty interval/certificate,"one matched checkpoint, same available paired subset; scores measured relative to no-op zero"
2007,middle,4,b21bb4739b29eb7a9609a3988b53c0feb3fd02e4cc8439d65a6ab1dcdbb7ea25,7c708621363a1f54816c3f30f0a5b9490c9fcb305df7cf817f3398432fe3c9bc,d1aa509d634d4842205959efc1cce2d7b276713adf8e6b74892b5d858b5e09f8,<WORKSPACE>/Gaussian/A17/EXCHANGE_R1/results/object_2007_middle,FULL_SMALL_REFERENCE,"base spectral fidelity minus child spectral fidelity, same full/projected scope; no-op0",600,49,12,True,exact persisted spectrum subset only; not complete teacher domain; descriptive no inference/certificate,spectrum_plus_teacher_best,teacher-best evaluator augmentation introduces utility-selection bias,delta_logdet_volume,49,0,1.213399455334563e-18,DESCRIPTIVE,0.3775510204081632,0.5219387755102041,0,0.0,4.8324289116340704e-05,1.074365125207718e-12,1.213399455334563e-18,False,False,"[92, 242]","[318, 0]","[92, 242]","[318, 0]",candidate-only; numerical ties broken by original move_index; expanded sets also saved,5.045426377356461e-05,92,19.562481860038588,2.1299746572239053e-06,False,1,4.8324289116340704e-05,4.8324289116340704e-05,descriptive ambiguity from score ties; not uncertainty interval/certificate,"one matched checkpoint, same available paired subset; scores measured relative to no-op zero"
2007,middle,4,b21bb4739b29eb7a9609a3988b53c0feb3fd02e4cc8439d65a6ab1dcdbb7ea25,7c708621363a1f54816c3f30f0a5b9490c9fcb305df7cf817f3398432fe3c9bc,d1aa509d634d4842205959efc1cce2d7b276713adf8e6b74892b5d858b5e09f8,<WORKSPACE>/Gaussian/A17/EXCHANGE_R1/results/object_2007_middle,FULL_SMALL_REFERENCE,"base spectral fidelity minus child spectral fidelity, same full/projected scope; no-op0",600,49,12,True,exact persisted spectrum subset only; not complete teacher domain; descriptive no inference/certificate,spectrum_plus_teacher_best,teacher-best evaluator augmentation introduces utility-selection bias,delta_effective_dim,49,0,1.213399455334563e-18,DESCRIPTIVE,0.401360544217687,0.5616326530612245,0,0.0,1.4865015343639588e-05,2.518999377060923e-13,1.213399455334563e-18,False,False,"[29, 92]","[318, 0]","[29, 92]","[318, 0]",candidate-only; numerical ties broken by original move_index; expanded sets also saved,5.045426377356461e-05,29,5.563183529044444,3.558924842992502e-05,False,1,1.4865015343639588e-05,1.4865015343639588e-05,descriptive ambiguity from score ties; not uncertainty interval/certificate,"one matched checkpoint, same available paired subset; scores measured relative to no-op zero"
2007,middle,4,b21bb4739b29eb7a9609a3988b53c0feb3fd02e4cc8439d65a6ab1dcdbb7ea25,7c708621363a1f54816c3f30f0a5b9490c9fcb305df7cf817f3398432fe3c9bc,d1aa509d634d4842205959efc1cce2d7b276713adf8e6b74892b5d858b5e09f8,<WORKSPACE>/Gaussian/A17/EXCHANGE_R1/results/object_2007_middle,FULL_SMALL_REFERENCE,"base spectral fidelity minus child spectral fidelity, same full/projected scope; no-op0",600,49,12,True,exact persisted spectrum subset only; not complete teacher domain; descriptive no inference/certificate,spectrum_plus_teacher_best,teacher-best evaluator augmentation introduces utility-selection bias,Qhat,49,0,1.213399455334563e-18,DESCRIPTIVE,0.9897959183673469,0.9992857142857142,2,1.0,0.0,1.213399455334563e-18,1.213399455334563e-18,False,False,"[318, 0]","[318, 0]","[318, 0]","[318, 0]",candidate-only; numerical ties broken by original move_index; expanded sets also saved,5.045426377356461e-05,318,4.919928626227488e-05,5.045426377356461e-05,False,1,0.0,0.0,descriptive ambiguity from score ties; not uncertainty interval/certificate,"one matched checkpoint, same available paired subset; scores measured relative to no-op zero"
2007,middle,4,b21bb4739b29eb7a9609a3988b53c0feb3fd02e4cc8439d65a6ab1dcdbb7ea25,7c708621363a1f54816c3f30f0a5b9490c9fcb305df7cf817f3398432fe3c9bc,d1aa509d634d4842205959efc1cce2d7b276713adf8e6b74892b5d858b5e09f8,<WORKSPACE>/Gaussian/A17/EXCHANGE_R1/results/object_2007_middle,FULL_SMALL_REFERENCE,"base spectral fidelity minus child spectral fidelity, same full/projected scope; no-op0",600,49,12,True,exact persisted spectrum subset only; not complete teacher domain; descriptive no inference/certificate,spectrum_plus_teacher_best,teacher-best evaluator augmentation introduces utility-selection bias,information_fidelity_improvement,49,0,1.213399455334563e-18,DESCRIPTIVE,0.20578231292517005,0.28826530612244894,1,0.5,2.425427253919312e-05,1.5725204811751722e-12,1.213399455334563e-18,False,False,"[1, 318]","[318, 0]","[1, 318]","[318, 0]",candidate-only; numerical ties broken by original move_index; expanded sets also saved,5.045426377356461e-05,1,0.00024177584334084123,2.619999123437149e-05,False,1,2.425427253919312e-05,2.425427253919312e-05,descriptive ambiguity from score ties; not uncertainty interval/certificate,"one matched checkpoint, same available paired subset; scores measured relative to no-op zero"
2007,middle,8,b21bb4739b29eb7a9609a3988b53c0feb3fd02e4cc8439d65a6ab1dcdbb7ea25,7c708621363a1f54816c3f30f0a5b9490c9fcb305df7cf817f3398432fe3c9bc,9634371d010015830e749145af820e030601042b28a682ef57dda57fbfa764c2,<WORKSPACE>/Gaussian/A17/EXCHANGE_R1/results/object_2007_middle,FULL_SMALL_REFERENCE,"base spectral fidelity minus child spectral fidelity, same full/projected scope; no-op0",1168,97,12,True,exact persisted spectrum subset only; not complete teacher domain; descriptive no inference/certificate,fixed12_per_removal,predeclared fixed bank; bounded nonrandom subset,receiver_score,96,0,1.213399455334563e-18,DESCRIPTIVE,0.30438596491228065,0.47090341833966365,0,0.0,6.314592055420442e-06,1.2613739852357668e-13,1.213399455334563e-18,False,False,"[1110, 964]","[88, 57]","[1110, 964]","[88, 57]",candidate-only; numerical ties broken by original move_index; expanded sets also saved,5.657865643792113e-06,1110,3.124638143479333,-6.567264116283294e-07,False,1,6.314592055420442e-06,6.314592055420442e-06,descriptive ambiguity from score ties; not uncertainty interval/certificate,"one matched checkpoint, same available paired subset; scores measured relative to no-op zero"
2007,middle,8,b21bb4739b29eb7a9609a3988b53c0feb3fd02e4cc8439d65a6ab1dcdbb7ea25,7c708621363a1f54816c3f30f0a5b9490c9fcb305df7cf817f3398432fe3c9bc,9634371d010015830e749145af820e030601042b28a682ef57dda57fbfa764c2,<WORKSPACE>/Gaussian/A17/EXCHANGE_R1/results/object_2007_middle,FULL_SMALL_REFERENCE,"base spectral fidelity minus child spectral fidelity, same full/projected scope; no-op0",1168,97,12,True,exact persisted spectrum subset only; not complete teacher domain; descriptive no inference/certificate,fixed12_per_removal,predeclared fixed bank; bounded nonrandom subset,delta_logdet_volume,96,0,1.213399455334563e-18,DESCRIPTIVE,0.13771929824561402,0.19835865436787845,0,0.0,4.430950930400939e-06,3.774736516174088e-13,1.213399455334563e-18,False,False,"[234, 526]","[88, 57]","[234, 526]","[88, 57]",candidate-only; numerical ties broken by original move_index; expanded sets also saved,5.657865643792113e-06,234,13.281173412237052,1.2269147133911733e-06,False,1,4.430950930400939e-06,4.430950930400939e-06,descriptive ambiguity from score ties; not uncertainty interval/certificate,"one matched checkpoint, same available paired subset; scores measured relative to no-op zero"
2007,middle,8,b21bb4739b29eb7a9609a3988b53c0feb3fd02e4cc8439d65a6ab1dcdbb7ea25,7c708621363a1f54816c3f30f0a5b9490c9fcb305df7cf817f3398432fe3c9bc,9634371d010015830e749145af820e030601042b28a682ef57dda57fbfa764c2,<WORKSPACE>/Gaussian/A17/EXCHANGE_R1/results/object_2007_middle,FULL_SMALL_REFERENCE,"base spectral fidelity minus child spectral fidelity, same full/projected scope; no-op0",1168,97,12,True,exact persisted spectrum subset only; not complete teacher domain; descriptive no inference/certificate,fixed12_per_removal,predeclared fixed bank; bounded nonrandom subset,delta_effective_dim,96,0,1.213399455334563e-18,DESCRIPTIVE,0.006140350877192982,0.015368963646228974,0,0.0,9.711978143087393e-06,5.1004820855490546e-14,1.213399455334563e-18,False,False,"[317, 25]","[88, 57]","[317, 25]","[88, 57]",candidate-only; numerical ties broken by original move_index; expanded sets also saved,5.657865643792113e-06,317,1.7945725953037979,-4.05411249929528e-06,False,1,9.711978143087393e-06,9.711978143087393e-06,descriptive ambiguity from score ties; not uncertainty interval/certificate,"one matched checkpoint, same available paired subset; scores measured relative to no-op zero"
2007,middle,8,b21bb4739b29eb7a9609a3988b53c0feb3fd02e4cc8439d65a6ab1dcdbb7ea25,7c708621363a1f54816c3f30f0a5b9490c9fcb305df7cf817f3398432fe3c9bc,9634371d010015830e749145af820e030601042b28a682ef57dda57fbfa764c2,<WORKSPACE>/Gaussian/A17/EXCHANGE_R1/results/object_2007_middle,FULL_SMALL_REFERENCE,"base spectral fidelity minus child spectral fidelity, same full/projected scope; no-op0",1168,97,12,True,exact persisted spectrum subset only; not complete teacher domain; descriptive no inference/certificate,fixed12_per_removal,predeclared fixed bank; bounded nonrandom subset,Qhat,96,0,1.213399455334563e-18,DESCRIPTIVE,0.9271929824561402,0.9838171459576777,2,1.0,0.0,1.213399455334563e-18,1.213399455334563e-18,False,False,"[88, 57]","[88, 57]","[88, 57]","[88, 57]",candidate-only; numerical ties broken by original move_index; expanded sets also saved,5.657865643792113e-06,88,4.949682704528198e-06,5.657865643792113e-06,False,1,0.0,0.0,descriptive ambiguity from score ties; not uncertainty interval/certificate,"one matched checkpoint, same available paired subset; scores measured relative to no-op zero"
2007,middle,8,b21bb4739b29eb7a9609a3988b53c0feb3fd02e4cc8439d65a6ab1dcdbb7ea25,7c708621363a1f54816c3f30f0a5b9490c9fcb305df7cf817f3398432fe3c9bc,9634371d010015830e749145af820e030601042b28a682ef57dda57fbfa764c2,<WORKSPACE>/Gaussian/A17/EXCHANGE_R1/results/object_2007_middle,FULL_SMALL_REFERENCE,"base spectral fidelity minus child spectral fidelity, same full/projected scope; no-op0",1168,97,12,True,exact persisted spectrum subset only; not complete teacher domain; descriptive no inference/certificate,fixed12_per_removal,predeclared fixed bank; bounded nonrandom subset,information_fidelity_improvement,96,0,1.213399455334563e-18,DESCRIPTIVE,0.0513157894736842,0.06770211611502984,0,0.0,7.313477560759175e-06,1.4795650268765605e-12,1.213399455334563e-18,False,False,"[755, 203]","[88, 57]","[755, 203]","[88, 57]",candidate-only; numerical ties broken by original move_index; expanded sets also saved,5.657865643792113e-06,755,0.005589812156719276,-1.655611916967062e-06,False,1,7.313477560759175e-06,7.313477560759175e-06,descriptive ambiguity from score ties; not uncertainty interval/certificate,"one matched checkpoint, same available paired subset; scores measured relative to no-op zero"
2007,middle,8,b21bb4739b29eb7a9609a3988b53c0feb3fd02e4cc8439d65a6ab1dcdbb7ea25,7c708621363a1f54816c3f30f0a5b9490c9fcb305df7cf817f3398432fe3c9bc,9634371d010015830e749145af820e030601042b28a682ef57dda57fbfa764c2,<WORKSPACE>/Gaussian/A17/EXCHANGE_R1/results/object_2007_middle,FULL_SMALL_REFERENCE,"base spectral fidelity minus child spectral fidelity, same full/projected scope; no-op0",1168,97,12,True,exact persisted spectrum subset only; not complete teacher domain; descriptive no inference/certificate,spectrum_plus_teacher_best,teacher-best evaluator augmentation introduces utility-selection bias,receiver_score,97,0,1.213399455334563e-18,DESCRIPTIVE,0.2839347079037801,0.44274668630338726,0,0.0,8.005252339156737e-06,1.2613739852357668e-13,1.213399455334563e-18,False,False,"[1110, 964]","[5, 88]","[1110, 964]","[5, 88]",candidate-only; numerical ties broken by original move_index; expanded sets also saved,7.348525927528407e-06,1110,3.124638143479333,-6.567264116283294e-07,False,1,8.005252339156737e-06,8.005252339156737e-06,descriptive ambiguity from score ties; not uncertainty interval/certificate,"one matched checkpoint, same available paired subset; scores measured relative to no-op zero"
2007,middle,8,b21bb4739b29eb7a9609a3988b53c0feb3fd02e4cc8439d65a6ab1dcdbb7ea25,7c708621363a1f54816c3f30f0a5b9490c9fcb305df7cf817f3398432fe3c9bc,9634371d010015830e749145af820e030601042b28a682ef57dda57fbfa764c2,<WORKSPACE>/Gaussian/A17/EXCHANGE_R1/results/object_2007_middle,FULL_SMALL_REFERENCE,"base spectral fidelity minus child spectral fidelity, same full/projected scope; no-op0",1168,97,12,True,exact persisted spectrum subset only; not complete teacher domain; descriptive no inference/certificate,spectrum_plus_teacher_best,teacher-best evaluator augmentation introduces utility-selection bias,delta_logdet_volume,97,0,1.213399455334563e-18,DESCRIPTIVE,0.14604810996563578,0.21016989269934774,0,0.0,6.121611214137233e-06,3.774736516174088e-13,1.213399455334563e-18,False,False,"[234, 526]","[5, 88]","[234, 526]","[5, 88]",candidate-only; numerical ties broken by original move_index; expanded sets also saved,7.348525927528407e-06,234,13.281173412237052,1.2269147133911733e-06,False,1,6.121611214137233e-06,6.121611214137233e-06,descriptive ambiguity from score ties; not uncertainty interval/certificate,"one matched checkpoint, same available paired subset; scores measured relative to no-op zero"
2007,middle,8,b21bb4739b29eb7a9609a3988b53c0feb3fd02e4cc8439d65a6ab1dcdbb7ea25,7c708621363a1f54816c3f30f0a5b9490c9fcb305df7cf817f3398432fe3c9bc,9634371d010015830e749145af820e030601042b28a682ef57dda57fbfa764c2,<WORKSPACE>/Gaussian/A17/EXCHANGE_R1/results/object_2007_middle,FULL_SMALL_REFERENCE,"base spectral fidelity minus child spectral fidelity, same full/projected scope; no-op0",1168,97,12,True,exact persisted spectrum subset only; not complete teacher domain; descriptive no inference/certificate,spectrum_plus_teacher_best,teacher-best evaluator augmentation introduces utility-selection bias,delta_effective_dim,97,0,1.213399455334563e-18,DESCRIPTIVE,0.006872852233676977,0.018146433831264464,0,0.0,1.1402638426823687e-05,5.1004820855490546e-14,1.213399455334563e-18,False,False,"[317, 25]","[5, 88]","[317, 25]","[5, 88]",candidate-only; numerical ties broken by original move_index; expanded sets also saved,7.348525927528407e-06,317,1.7945725953037979,-4.05411249929528e-06,False,1,1.1402638426823687e-05,1.1402638426823687e-05,descriptive ambiguity from score ties; not uncertainty interval/certificate,"one matched checkpoint, same available paired subset; scores measured relative to no-op zero"
2007,middle,8,b21bb4739b29eb7a9609a3988b53c0feb3fd02e4cc8439d65a6ab1dcdbb7ea25,7c708621363a1f54816c3f30f0a5b9490c9fcb305df7cf817f3398432fe3c9bc,9634371d010015830e749145af820e030601042b28a682ef57dda57fbfa764c2,<WORKSPACE>/Gaussian/A17/EXCHANGE_R1/results/object_2007_middle,FULL_SMALL_REFERENCE,"base spectral fidelity minus child spectral fidelity, same full/projected scope; no-op0",1168,97,12,True,exact persisted spectrum subset only; not complete teacher domain; descriptive no inference/certificate,spectrum_plus_teacher_best,teacher-best evaluator augmentation introduces utility-selection bias,Qhat,97,0,1.213399455334563e-18,DESCRIPTIVE,0.9286941580756015,0.9843125394487691,2,1.0,0.0,1.213399455334563e-18,1.213399455334563e-18,False,False,"[5, 88]","[5, 88]","[5, 88]","[5, 88]",candidate-only; numerical ties broken by original move_index; expanded sets also saved,7.348525927528407e-06,5,5.785303902554124e-06,7.348525927528407e-06,False,1,0.0,0.0,descriptive ambiguity from score ties; not uncertainty interval/certificate,"one matched checkpoint, same available paired subset; scores measured relative to no-op zero"
2007,middle,8,b21bb4739b29eb7a9609a3988b53c0feb3fd02e4cc8439d65a6ab1dcdbb7ea25,7c708621363a1f54816c3f30f0a5b9490c9fcb305df7cf817f3398432fe3c9bc,9634371d010015830e749145af820e030601042b28a682ef57dda57fbfa764c2,<WORKSPACE>/Gaussian/A17/EXCHANGE_R1/results/object_2007_middle,FULL_SMALL_REFERENCE,"base spectral fidelity minus child spectral fidelity, same full/projected scope; no-op0",1168,97,12,True,exact persisted spectrum subset only; not complete teacher domain; descriptive no inference/certificate,spectrum_plus_teacher_best,teacher-best evaluator augmentation introduces utility-selection bias,information_fidelity_improvement,97,0,1.213399455334563e-18,DESCRIPTIVE,0.07087628865979383,0.09624184725436566,1,0.5,0.0,1.4795650268765605e-12,1.213399455334563e-18,False,False,"[5, 755]","[5, 88]","[5, 755]","[5, 88]",candidate-only; numerical ties broken by original move_index; expanded sets also saved,7.348525927528407e-06,5,0.008518535028310237,7.348525927528407e-06,False,1,0.0,0.0,descriptive ambiguity from score ties; not uncertainty interval/certificate,"one matched checkpoint, same available paired subset; scores measured relative to no-op zero"
2007,middle,16,b21bb4739b29eb7a9609a3988b53c0feb3fd02e4cc8439d65a6ab1dcdbb7ea25,7c708621363a1f54816c3f30f0a5b9490c9fcb305df7cf817f3398432fe3c9bc,d3e2b82375fe61e53e82adbbfe66055397100b936852af69db8d9bec0c513441,<WORKSPACE>/Gaussian/A17/EXCHANGE_R1/results/object_2007_middle,FULL_SMALL_REFERENCE,"base spectral fidelity minus child spectral fidelity, same full/projected scope; no-op0",2208,193,12,True,exact persisted spectrum subset only; not complete teacher domain; descriptive no inference/certificate,fixed12_per_removal,predeclared fixed bank; bounded nonrandom subset,receiver_score,192,0,1.213399455334563e-18,DESCRIPTIVE,-0.1756108202443281,-0.23074966768846816,0,0.0,3.7777696783392384e-07,1.2613739852357668e-13,1.213399455334563e-18,False,False,"[2150, 2012]","[1, 112]","[2150, 2012]","[1, 112]",candidate-only; numerical ties broken by original move_index; expanded sets also saved,8.659950704754681e-07,2150,4.067454039391144,4.882181026415443e-07,False,1,3.7777696783392384e-07,3.7777696783392384e-07,descriptive ambiguity from score ties; not uncertainty interval/certificate,"one matched checkpoint, same available paired subset; scores measured relative to no-op zero"
2007,middle,16,b21bb4739b29eb7a9609a3988b53c0feb3fd02e4cc8439d65a6ab1dcdbb7ea25,7c708621363a1f54816c3f30f0a5b9490c9fcb305df7cf817f3398432fe3c9bc,d3e2b82375fe61e53e82adbbfe66055397100b936852af69db8d9bec0c513441,<WORKSPACE>/Gaussian/A17/EXCHANGE_R1/results/object_2007_middle,FULL_SMALL_REFERENCE,"base spectral fidelity minus child spectral fidelity, same full/projected scope; no-op0",2208,193,12,True,exact persisted spectrum subset only; not complete teacher domain; descriptive no inference/certificate,fixed12_per_removal,predeclared fixed bank; bounded nonrandom subset,delta_logdet_volume,192,0,1.213399455334563e-18,DESCRIPTIVE,0.14910558464223386,0.2232930038249736,0,0.0,8.276400092811109e-07,3.009049346623659e-13,1.213399455334563e-18,False,False,"[218, 80]","[1, 112]","[218, 80]","[1, 112]",candidate-only; numerical ties broken by original move_index; expanded sets also saved,8.659950704754681e-07,218,10.587151184526363,3.835506119435728e-08,False,1,8.276400092811109e-07,8.276400092811109e-07,descriptive ambiguity from score ties; not uncertainty interval/certificate,"one matched checkpoint, same available paired subset; scores measured relative to no-op zero"
2007,middle,16,b21bb4739b29eb7a9609a3988b53c0feb3fd02e4cc8439d65a6ab1dcdbb7ea25,7c708621363a1f54816c3f30f0a5b9490c9fcb305df7cf817f3398432fe3c9bc,d3e2b82375fe61e53e82adbbfe66055397100b936852af69db8d9bec0c513441,<WORKSPACE>/Gaussian/A17/EXCHANGE_R1/results/object_2007_middle,FULL_SMALL_REFERENCE,"base spectral fidelity minus child spectral fidelity, same full/projected scope; no-op0",2208,193,12,True,exact persisted spectrum subset only; not complete teacher domain; descriptive no inference/certificate,fixed12_per_removal,predeclared fixed bank; bounded nonrandom subset,delta_effective_dim,192,0,1.213399455334563e-18,DESCRIPTIVE,0.12183682373472951,0.16831748636844535,0,0.0,6.801414359349069e-07,2.842170943040401e-14,1.213399455334563e-18,False,False,"[17, 293]","[1, 112]","[17, 293]","[1, 112]",candidate-only; numerical ties broken by original move_index; expanded sets also saved,8.659950704754681e-07,17,0.8045661506658064,1.8585363454056122e-07,False,1,6.801414359349069e-07,6.801414359349069e-07,descriptive ambiguity from score ties; not uncertainty interval/certificate,"one matched checkpoint, same available paired subset; scores measured relative to no-op zero"
2007,middle,16,b21bb4739b29eb7a9609a3988b53c0feb3fd02e4cc8439d65a6ab1dcdbb7ea25,7c708621363a1f54816c3f30f0a5b9490c9fcb305df7cf817f3398432fe3c9bc,d3e2b82375fe61e53e82adbbfe66055397100b936852af69db8d9bec0c513441,<WORKSPACE>/Gaussian/A17/EXCHANGE_R1/results/object_2007_middle,FULL_SMALL_REFERENCE,"base spectral fidelity minus child spectral fidelity, same full/projected scope; no-op0",2208,193,12,True,exact persisted spectrum subset only; not complete teacher domain; descriptive no inference/certificate,fixed12_per_removal,predeclared fixed bank; bounded nonrandom subset,Qhat,192,0,1.213399455334563e-18,DESCRIPTIVE,0.7733420593368238,0.9103081002631367,1,0.5,0.0,1.213399455334563e-18,1.213399455334563e-18,False,False,"[1, 0]","[1, 112]","[1, 0]","[1, 112]",candidate-only; numerical ties broken by original move_index; expanded sets also saved,8.659950704754681e-07,1,8.379325507434838e-07,8.659950704754681e-07,False,1,0.0,0.0,descriptive ambiguity from score ties; not uncertainty interval/certificate,"one matched checkpoint, same available paired subset; scores measured relative to no-op zero"
2007,middle,16,b21bb4739b29eb7a9609a3988b53c0feb3fd02e4cc8439d65a6ab1dcdbb7ea25,7c708621363a1f54816c3f30f0a5b9490c9fcb305df7cf817f3398432fe3c9bc,d3e2b82375fe61e53e82adbbfe66055397100b936852af69db8d9bec0c513441,<WORKSPACE>/Gaussian/A17/EXCHANGE_R1/results/object_2007_middle,FULL_SMALL_REFERENCE,"base spectral fidelity minus child spectral fidelity, same full/projected scope; no-op0",2208,193,12,True,exact persisted spectrum subset only; not complete teacher domain; descriptive no inference/certificate,fixed12_per_removal,predeclared fixed bank; bounded nonrandom subset,information_fidelity_improvement,192,0,1.213399455334563e-18,DESCRIPTIVE,-0.10503926701570682,-0.15658824566638638,0,0.0,8.704921056751608e-07,1.562008803777143e-12,1.213399455334563e-18,False,False,"[707, 292]","[1, 112]","[707, 292]","[1, 112]",candidate-only; numerical ties broken by original move_index; expanded sets also saved,8.659950704754681e-07,707,0.02536655201385629,-4.497035199692661e-09,False,1,8.704921056751608e-07,8.704921056751608e-07,descriptive ambiguity from score ties; not uncertainty interval/certificate,"one matched checkpoint, same available paired subset; scores measured relative to no-op zero"
2007,middle,16,b21bb4739b29eb7a9609a3988b53c0feb3fd02e4cc8439d65a6ab1dcdbb7ea25,7c708621363a1f54816c3f30f0a5b9490c9fcb305df7cf817f3398432fe3c9bc,d3e2b82375fe61e53e82adbbfe66055397100b936852af69db8d9bec0c513441,<WORKSPACE>/Gaussian/A17/EXCHANGE_R1/results/object_2007_middle,FULL_SMALL_REFERENCE,"base spectral fidelity minus child spectral fidelity, same full/projected scope; no-op0",2208,193,12,True,exact persisted spectrum subset only; not complete teacher domain; descriptive no inference/certificate,spectrum_plus_teacher_best,teacher-best evaluator augmentation introduces utility-selection bias,receiver_score,193,0,1.213399455334563e-18,DESCRIPTIVE,-0.18253454231433508,-0.2404602451792105,0,0.0,5.538400691607034e-07,1.2613739852357668e-13,1.213399455334563e-18,False,False,"[2150, 2012]","[2, 1]","[2150, 2012]","[2, 1]",candidate-only; numerical ties broken by original move_index; expanded sets also saved,1.0420581718022477e-06,2150,4.067454039391144,4.882181026415443e-07,False,1,5.538400691607034e-07,5.538400691607034e-07,descriptive ambiguity from score ties; not uncertainty interval/certificate,"one matched checkpoint, same available paired subset; scores measured relative to no-op zero"
2007,middle,16,b21bb4739b29eb7a9609a3988b53c0feb3fd02e4cc8439d65a6ab1dcdbb7ea25,7c708621363a1f54816c3f30f0a5b9490c9fcb305df7cf817f3398432fe3c9bc,d3e2b82375fe61e53e82adbbfe66055397100b936852af69db8d9bec0c513441,<WORKSPACE>/Gaussian/A17/EXCHANGE_R1/results/object_2007_middle,FULL_SMALL_REFERENCE,"base spectral fidelity minus child spectral fidelity, same full/projected scope; no-op0",2208,193,12,True,exact persisted spectrum subset only; not complete teacher domain; descriptive no inference/certificate,spectrum_plus_teacher_best,teacher-best evaluator augmentation introduces utility-selection bias,delta_logdet_volume,193,0,1.213399455334563e-18,DESCRIPTIVE,0.14550949913644215,0.21938264515784411,0,0.0,1.0037031106078904e-06,3.009049346623659e-13,1.213399455334563e-18,False,False,"[218, 80]","[2, 1]","[218, 80]","[2, 1]",candidate-only; numerical ties broken by original move_index; expanded sets also saved,1.0420581718022477e-06,218,10.587151184526363,3.835506119435728e-08,False,1,1.0037031106078904e-06,1.0037031106078904e-06,descriptive ambiguity from score ties; not uncertainty interval/certificate,"one matched checkpoint, same available paired subset; scores measured relative to no-op zero"
2007,middle,16,b21bb4739b29eb7a9609a3988b53c0feb3fd02e4cc8439d65a6ab1dcdbb7ea25,7c708621363a1f54816c3f30f0a5b9490c9fcb305df7cf817f3398432fe3c9bc,d3e2b82375fe61e53e82adbbfe66055397100b936852af69db8d9bec0c513441,<WORKSPACE>/Gaussian/A17/EXCHANGE_R1/results/object_2007_middle,FULL_SMALL_REFERENCE,"base spectral fidelity minus child spectral fidelity, same full/projected scope; no-op0",2208,193,12,True,exact persisted spectrum subset only; not complete teacher domain; descriptive no inference/certificate,spectrum_plus_teacher_best,teacher-best evaluator augmentation introduces utility-selection bias,delta_effective_dim,193,0,1.213399455334563e-18,DESCRIPTIVE,0.11442141623488775,0.15762546071256878,0,0.0,8.562045372616865e-07,2.842170943040401e-14,1.213399455334563e-18,False,False,"[17, 293]","[2, 1]","[17, 293]","[2, 1]",candidate-only; numerical ties broken by original move_index; expanded sets also saved,1.0420581718022477e-06,17,0.8045661506658064,1.8585363454056122e-07,False,1,8.562045372616865e-07,8.562045372616865e-07,descriptive ambiguity from score ties; not uncertainty interval/certificate,"one matched checkpoint, same available paired subset; scores measured relative to no-op zero"
2007,middle,16,b21bb4739b29eb7a9609a3988b53c0feb3fd02e4cc8439d65a6ab1dcdbb7ea25,7c708621363a1f54816c3f30f0a5b9490c9fcb305df7cf817f3398432fe3c9bc,d3e2b82375fe61e53e82adbbfe66055397100b936852af69db8d9bec0c513441,<WORKSPACE>/Gaussian/A17/EXCHANGE_R1/results/object_2007_middle,FULL_SMALL_REFERENCE,"base spectral fidelity minus child spectral fidelity, same full/projected scope; no-op0",2208,193,12,True,exact persisted spectrum subset only; not complete teacher domain; descriptive no inference/certificate,spectrum_plus_teacher_best,teacher-best evaluator augmentation introduces utility-selection bias,Qhat,193,0,1.213399455334563e-18,DESCRIPTIVE,0.7756908462867012,0.9116950884033972,2,1.0,0.0,1.213399455334563e-18,1.213399455334563e-18,False,False,"[2, 1]","[2, 1]","[2, 1]","[2, 1]",candidate-only; numerical ties broken by original move_index; expanded sets also saved,1.0420581718022477e-06,2,9.312371508313154e-07,1.0420581718022477e-06,False,1,0.0,0.0,descriptive ambiguity from score ties; not uncertainty interval/certificate,"one matched checkpoint, same available paired subset; scores measured relative to no-op zero"
2007,middle,16,b21bb4739b29eb7a9609a3988b53c0feb3fd02e4cc8439d65a6ab1dcdbb7ea25,7c708621363a1f54816c3f30f0a5b9490c9fcb305df7cf817f3398432fe3c9bc,d3e2b82375fe61e53e82adbbfe66055397100b936852af69db8d9bec0c513441,<WORKSPACE>/Gaussian/A17/EXCHANGE_R1/results/object_2007_middle,FULL_SMALL_REFERENCE,"base spectral fidelity minus child spectral fidelity, same full/projected scope; no-op0",2208,193,12,True,exact persisted spectrum subset only; not complete teacher domain; descriptive no inference/certificate,spectrum_plus_teacher_best,teacher-best evaluator augmentation introduces utility-selection bias,information_fidelity_improvement,193,0,1.213399455334563e-18,DESCRIPTIVE,-0.1031951640759931,-0.15420350141552266,0,0.0,1.0465552070019404e-06,1.562008803777143e-12,1.213399455334563e-18,False,False,"[707, 292]","[2, 1]","[707, 292]","[2, 1]",candidate-only; numerical ties broken by original move_index; expanded sets also saved,1.0420581718022477e-06,707,0.02536655201385629,-4.497035199692661e-09,False,1,1.0465552070019404e-06,1.0465552070019404e-06,descriptive ambiguity from score ties; not uncertainty interval/certificate,"one matched checkpoint, same available paired subset; scores measured relative to no-op zero"
2012,early,4,25387349f2beb0f96d242ca9b954a62e6bfcc22e30747f954ca70f472e65a2bd,1b8d28c9a325e4528b333f93c4eb260b516b3016d9e8c823bf68a33812c2279c,7f51838a3745a97f7b4bbdf9712bebfd2de490b2fe7914eaa3291aba430eecea,<WORKSPACE>/Gaussian/A17/EXCHANGE_R1/results/object_2012_early,PROJECTED_ONLY,"base spectral fidelity minus child spectral fidelity, same full/projected scope; no-op0",600,48,12,False,exact persisted spectrum subset only; not complete teacher domain; descriptive no inference/certificate,fixed12_per_removal,predeclared fixed bank; bounded nonrandom subset,receiver_score,48,0,3.8122333276399174e-14,DESCRIPTIVE,-0.39539007092198586,-0.5972644376899696,0,0.0,0.012500474948663864,5.329257160506962e-14,3.8122333276399174e-14,False,False,"[510, 511]","[0, 1]","[510, 511]","[0, 1]",candidate-only; numerical ties broken by original move_index; expanded sets also saved,0.002044583855756647,510,0.9252855380113093,-0.010455891092907217,False,1,0.012500474948663864,0.012500474948663864,descriptive ambiguity from score ties; not uncertainty interval/certificate,"one matched checkpoint, same available paired subset; scores measured relative to no-op zero"
2012,early,4,25387349f2beb0f96d242ca9b954a62e6bfcc22e30747f954ca70f472e65a2bd,1b8d28c9a325e4528b333f93c4eb260b516b3016d9e8c823bf68a33812c2279c,7f51838a3745a97f7b4bbdf9712bebfd2de490b2fe7914eaa3291aba430eecea,<WORKSPACE>/Gaussian/A17/EXCHANGE_R1/results/object_2012_early,PROJECTED_ONLY,"base spectral fidelity minus child spectral fidelity, same full/projected scope; no-op0",600,48,12,False,exact persisted spectrum subset only; not complete teacher domain; descriptive no inference/certificate,fixed12_per_removal,predeclared fixed bank; bounded nonrandom subset,delta_logdet_volume,48,0,3.8122333276399174e-14,DESCRIPTIVE,-0.04787234042553192,-0.10486322188449848,0,0.0,0.003500226049044767,9.562601557844283e-13,3.8122333276399174e-14,False,False,"[179, 328]","[0, 1]","[179, 328]","[0, 1]",candidate-only; numerical ties broken by original move_index; expanded sets also saved,0.002044583855756647,179,33.387598073673075,-0.0014556421932881197,False,1,0.003500226049044767,0.003500226049044767,descriptive ambiguity from score ties; not uncertainty interval/certificate,"one matched checkpoint, same available paired subset; scores measured relative to no-op zero"
2012,early,4,25387349f2beb0f96d242ca9b954a62e6bfcc22e30747f954ca70f472e65a2bd,1b8d28c9a325e4528b333f93c4eb260b516b3016d9e8c823bf68a33812c2279c,7f51838a3745a97f7b4bbdf9712bebfd2de490b2fe7914eaa3291aba430eecea,<WORKSPACE>/Gaussian/A17/EXCHANGE_R1/results/object_2012_early,PROJECTED_ONLY,"base spectral fidelity minus child spectral fidelity, same full/projected scope; no-op0",600,48,12,False,exact persisted spectrum subset only; not complete teacher domain; descriptive no inference/certificate,fixed12_per_removal,predeclared fixed bank; bounded nonrandom subset,delta_effective_dim,48,0,3.8122333276399174e-14,DESCRIPTIVE,0.033687943262411355,0.1223404255319149,0,0.0,0.007759139062663092,1.609714691844741e-13,3.8122333276399174e-14,False,False,"[178, 179]","[0, 1]","[178, 179]","[0, 1]",candidate-only; numerical ties broken by original move_index; expanded sets also saved,0.002044583855756647,178,4.7867668293066,-0.005714555206906445,False,1,0.007759139062663092,0.007759139062663092,descriptive ambiguity from score ties; not uncertainty interval/certificate,"one matched checkpoint, same available paired subset; scores measured relative to no-op zero"
2012,early,4,25387349f2beb0f96d242ca9b954a62e6bfcc22e30747f954ca70f472e65a2bd,1b8d28c9a325e4528b333f93c4eb260b516b3016d9e8c823bf68a33812c2279c,7f51838a3745a97f7b4bbdf9712bebfd2de490b2fe7914eaa3291aba430eecea,<WORKSPACE>/Gaussian/A17/EXCHANGE_R1/results/object_2012_early,PROJECTED_ONLY,"base spectral fidelity minus child spectral fidelity, same full/projected scope; no-op0",600,48,12,False,exact persisted spectrum subset only; not complete teacher domain; descriptive no inference/certificate,fixed12_per_removal,predeclared fixed bank; bounded nonrandom subset,Qhat,48,0,3.8122333276399174e-14,DESCRIPTIVE,0.9946808510638299,0.9995657837603126,2,1.0,0.0,3.8122333276399174e-14,3.8122333276399174e-14,False,False,"[0, 1]","[0, 1]","[0, 1]","[0, 1]",candidate-only; numerical ties broken by original move_index; expanded sets also saved,0.002044583855756647,0,0.0020157357118234403,0.002044583855756647,False,1,0.0,0.0,descriptive ambiguity from score ties; not uncertainty interval/certificate,"one matched checkpoint, same available paired subset; scores measured relative to no-op zero"
2012,early,4,25387349f2beb0f96d242ca9b954a62e6bfcc22e30747f954ca70f472e65a2bd,1b8d28c9a325e4528b333f93c4eb260b516b3016d9e8c823bf68a33812c2279c,7f51838a3745a97f7b4bbdf9712bebfd2de490b2fe7914eaa3291aba430eecea,<WORKSPACE>/Gaussian/A17/EXCHANGE_R1/results/object_2012_early,PROJECTED_ONLY,"base spectral fidelity minus child spectral fidelity, same full/projected scope; no-op0",600,48,12,False,exact persisted spectrum subset only; not complete teacher domain; descriptive no inference/certificate,fixed12_per_removal,predeclared fixed bank; bounded nonrandom subset,information_fidelity_improvement,48,0,3.8122333276399174e-14,DESCRIPTIVE,0.18262411347517732,0.28180633955709944,0,0.0,0.0001043960251857351,2.842170943040401e-14,3.8122333276399174e-14,False,False,"[150, 300]","[0, 1]","[150, 300]","[0, 1]",candidate-only; numerical ties broken by original move_index; expanded sets also saved,0.002044583855756647,150,0.07858029806035638,0.0019401878305709119,False,1,0.0001043960251857351,0.0001043960251857351,descriptive ambiguity from score ties; not uncertainty interval/certificate,"one matched checkpoint, same available paired subset; scores measured relative to no-op zero"
2012,early,4,25387349f2beb0f96d242ca9b954a62e6bfcc22e30747f954ca70f472e65a2bd,1b8d28c9a325e4528b333f93c4eb260b516b3016d9e8c823bf68a33812c2279c,7f51838a3745a97f7b4bbdf9712bebfd2de490b2fe7914eaa3291aba430eecea,<WORKSPACE>/Gaussian/A17/EXCHANGE_R1/results/object_2012_early,PROJECTED_ONLY,"base spectral fidelity minus child spectral fidelity, same full/projected scope; no-op0",600,48,12,False,exact persisted spectrum subset only; not complete teacher domain; descriptive no inference/certificate,spectrum_plus_teacher_best,teacher-best evaluator augmentation introduces utility-selection bias,receiver_score,48,0,3.8122333276399174e-14,DESCRIPTIVE,-0.39539007092198586,-0.5972644376899696,0,0.0,0.012500474948663864,5.329257160506962e-14,3.8122333276399174e-14,False,False,"[510, 511]","[0, 1]","[510, 511]","[0, 1]",candidate-only; numerical ties broken by original move_index; expanded sets also saved,0.002044583855756647,510,0.9252855380113093,-0.010455891092907217,False,1,0.012500474948663864,0.012500474948663864,descriptive ambiguity from score ties; not uncertainty interval/certificate,"one matched checkpoint, same available paired subset; scores measured relative to no-op zero"
2012,early,4,25387349f2beb0f96d242ca9b954a62e6bfcc22e30747f954ca70f472e65a2bd,1b8d28c9a325e4528b333f93c4eb260b516b3016d9e8c823bf68a33812c2279c,7f51838a3745a97f7b4bbdf9712bebfd2de490b2fe7914eaa3291aba430eecea,<WORKSPACE>/Gaussian/A17/EXCHANGE_R1/results/object_2012_early,PROJECTED_ONLY,"base spectral fidelity minus child spectral fidelity, same full/projected scope; no-op0",600,48,12,False,exact persisted spectrum subset only; not complete teacher domain; descriptive no inference/certificate,spectrum_plus_teacher_best,teacher-best evaluator augmentation introduces utility-selection bias,delta_logdet_volume,48,0,3.8122333276399174e-14,DESCRIPTIVE,-0.04787234042553192,-0.10486322188449848,0,0.0,0.003500226049044767,9.562601557844283e-13,3.8122333276399174e-14,False,False,"[179, 328]","[0, 1]","[179, 328]","[0, 1]",candidate-only; numerical ties broken by original move_index; expanded sets also saved,0.002044583855756647,179,33.387598073673075,-0.0014556421932881197,False,1,0.003500226049044767,0.003500226049044767,descriptive ambiguity from score ties; not uncertainty interval/certificate,"one matched checkpoint, same available paired subset; scores measured relative to no-op zero"
2012,early,4,25387349f2beb0f96d242ca9b954a62e6bfcc22e30747f954ca70f472e65a2bd,1b8d28c9a325e4528b333f93c4eb260b516b3016d9e8c823bf68a33812c2279c,7f51838a3745a97f7b4bbdf9712bebfd2de490b2fe7914eaa3291aba430eecea,<WORKSPACE>/Gaussian/A17/EXCHANGE_R1/results/object_2012_early,PROJECTED_ONLY,"base spectral fidelity minus child spectral fidelity, same full/projected scope; no-op0",600,48,12,False,exact persisted spectrum subset only; not complete teacher domain; descriptive no inference/certificate,spectrum_plus_teacher_best,teacher-best evaluator augmentation introduces utility-selection bias,delta_effective_dim,48,0,3.8122333276399174e-14,DESCRIPTIVE,0.033687943262411355,0.1223404255319149,0,0.0,0.007759139062663092,1.609714691844741e-13,3.8122333276399174e-14,False,False,"[178, 179]","[0, 1]","[178, 179]","[0, 1]",candidate-only; numerical ties broken by original move_index; expanded sets also saved,0.002044583855756647,178,4.7867668293066,-0.005714555206906445,False,1,0.007759139062663092,0.007759139062663092,descriptive ambiguity from score ties; not uncertainty interval/certificate,"one matched checkpoint, same available paired subset; scores measured relative to no-op zero"
2012,early,4,25387349f2beb0f96d242ca9b954a62e6bfcc22e30747f954ca70f472e65a2bd,1b8d28c9a325e4528b333f93c4eb260b516b3016d9e8c823bf68a33812c2279c,7f51838a3745a97f7b4bbdf9712bebfd2de490b2fe7914eaa3291aba430eecea,<WORKSPACE>/Gaussian/A17/EXCHANGE_R1/results/object_2012_early,PROJECTED_ONLY,"base spectral fidelity minus child spectral fidelity, same full/projected scope; no-op0",600,48,12,False,exact persisted spectrum subset only; not complete teacher domain; descriptive no inference/certificate,spectrum_plus_teacher_best,teacher-best evaluator augmentation introduces utility-selection bias,Qhat,48,0,3.8122333276399174e-14,DESCRIPTIVE,0.9946808510638299,0.9995657837603126,2,1.0,0.0,3.8122333276399174e-14,3.8122333276399174e-14,False,False,"[0, 1]","[0, 1]","[0, 1]","[0, 1]",candidate-only; numerical ties broken by original move_index; expanded sets also saved,0.002044583855756647,0,0.0020157357118234403,0.002044583855756647,False,1,0.0,0.0,descriptive ambiguity from score ties; not uncertainty interval/certificate,"one matched checkpoint, same available paired subset; scores measured relative to no-op zero"
2012,early,4,25387349f2beb0f96d242ca9b954a62e6bfcc22e30747f954ca70f472e65a2bd,1b8d28c9a325e4528b333f93c4eb260b516b3016d9e8c823bf68a33812c2279c,7f51838a3745a97f7b4bbdf9712bebfd2de490b2fe7914eaa3291aba430eecea,<WORKSPACE>/Gaussian/A17/EXCHANGE_R1/results/object_2012_early,PROJECTED_ONLY,"base spectral fidelity minus child spectral fidelity, same full/projected scope; no-op0",600,48,12,False,exact persisted spectrum subset only; not complete teacher domain; descriptive no inference/certificate,spectrum_plus_teacher_best,teacher-best evaluator augmentation introduces utility-selection bias,information_fidelity_improvement,48,0,3.8122333276399174e-14,DESCRIPTIVE,0.18262411347517732,0.28180633955709944,0,0.0,0.0001043960251857351,2.842170943040401e-14,3.8122333276399174e-14,False,False,"[150, 300]","[0, 1]","[150, 300]","[0, 1]",candidate-only; numerical ties broken by original move_index; expanded sets also saved,0.002044583855756647,150,0.07858029806035638,0.0019401878305709119,False,1,0.0001043960251857351,0.0001043960251857351,descriptive ambiguity from score ties; not uncertainty interval/certificate,"one matched checkpoint, same available paired subset; scores measured relative to no-op zero"
2012,early,8,25387349f2beb0f96d242ca9b954a62e6bfcc22e30747f954ca70f472e65a2bd,1b8d28c9a325e4528b333f93c4eb260b516b3016d9e8c823bf68a33812c2279c,f88f65324fe35794fb4ba726e679a88981f42d327fd05bbdd795450352527108,<WORKSPACE>/Gaussian/A17/EXCHANGE_R1/results/object_2012_early,PROJECTED_ONLY,"base spectral fidelity minus child spectral fidelity, same full/projected scope; no-op0",1168,97,12,True,exact persisted spectrum subset only; not complete teacher domain; descriptive no inference/certificate,fixed12_per_removal,predeclared fixed bank; bounded nonrandom subset,receiver_score,96,0,3.8122333276399174e-14,DESCRIPTIVE,-0.1201754385964912,-0.19881985892566464,0,0.0,3.236506421571849e-05,5.329257160506962e-14,3.8122333276399174e-14,False,False,"[1078, 932]","[585, 584]","[1078, 932]","[585, 584]",candidate-only; numerical ties broken by original move_index; expanded sets also saved,4.044166117320138e-06,1078,1.2589335595986637,-2.8320898098398354e-05,False,1,3.236506421571849e-05,3.236506421571849e-05,descriptive ambiguity from score ties; not uncertainty interval/certificate,"one matched checkpoint, same available paired subset; scores measured relative to no-op zero"
2012,early,8,25387349f2beb0f96d242ca9b954a62e6bfcc22e30747f954ca70f472e65a2bd,1b8d28c9a325e4528b333f93c4eb260b516b3016d9e8c823bf68a33812c2279c,f88f65324fe35794fb4ba726e679a88981f42d327fd05bbdd795450352527108,<WORKSPACE>/Gaussian/A17/EXCHANGE_R1/results/object_2012_early,PROJECTED_ONLY,"base spectral fidelity minus child spectral fidelity, same full/projected scope; no-op0",1168,97,12,True,exact persisted spectrum subset only; not complete teacher domain; descriptive no inference/certificate,fixed12_per_removal,predeclared fixed bank; bounded nonrandom subset,delta_logdet_volume,96,0,3.8122333276399174e-14,DESCRIPTIVE,-0.3144736842105263,-0.5143516006511123,0,0.0,0.0011594266107288532,1.2057951623937707e-12,3.8122333276399174e-14,False,False,"[171, 24]","[585, 584]","[171, 24]","[585, 584]",candidate-only; numerical ties broken by original move_index; expanded sets also saved,4.044166117320138e-06,171,42.425145656576035,-0.001155382444611533,False,1,0.0011594266107288532,0.0011594266107288532,descriptive ambiguity from score ties; not uncertainty interval/certificate,"one matched checkpoint, same available paired subset; scores measured relative to no-op zero"
2012,early,8,25387349f2beb0f96d242ca9b954a62e6bfcc22e30747f954ca70f472e65a2bd,1b8d28c9a325e4528b333f93c4eb260b516b3016d9e8c823bf68a33812c2279c,f88f65324fe35794fb4ba726e679a88981f42d327fd05bbdd795450352527108,<WORKSPACE>/Gaussian/A17/EXCHANGE_R1/results/object_2012_early,PROJECTED_ONLY,"base spectral fidelity minus child spectral fidelity, same full/projected scope; no-op0",1168,97,12,True,exact persisted spectrum subset only; not complete teacher domain; descriptive no inference/certificate,fixed12_per_removal,predeclared fixed bank; bounded nonrandom subset,delta_effective_dim,96,0,3.8122333276399174e-14,DESCRIPTIVE,-0.20482456140350874,-0.3214731416169289,0,0.0,0.0020816122010787236,2.3984651604138925e-13,3.8122333276399174e-14,False,False,"[24, 25]","[585, 584]","[24, 25]","[585, 584]",candidate-only; numerical ties broken by original move_index; expanded sets also saved,4.044166117320138e-06,24,8.438849064610253,-0.0020775680349614033,False,1,0.0020816122010787236,0.0020816122010787236,descriptive ambiguity from score ties; not uncertainty interval/certificate,"one matched checkpoint, same available paired subset; scores measured relative to no-op zero"
2012,early,8,25387349f2beb0f96d242ca9b954a62e6bfcc22e30747f954ca70f472e65a2bd,1b8d28c9a325e4528b333f93c4eb260b516b3016d9e8c823bf68a33812c2279c,f88f65324fe35794fb4ba726e679a88981f42d327fd05bbdd795450352527108,<WORKSPACE>/Gaussian/A17/EXCHANGE_R1/results/object_2012_early,PROJECTED_ONLY,"base spectral fidelity minus child spectral fidelity, same full/projected scope; no-op0",1168,97,12,True,exact persisted spectrum subset only; not complete teacher domain; descriptive no inference/certificate,fixed12_per_removal,predeclared fixed bank; bounded nonrandom subset,Qhat,96,0,3.8122333276399174e-14,DESCRIPTIVE,0.9644736842105263,0.9965409658166032,2,1.0,7.617718498269527e-07,3.8122333276399174e-14,3.8122333276399174e-14,False,False,"[584, 585]","[585, 584]","[584, 585]","[585, 584]",candidate-only; numerical ties broken by original move_index; expanded sets also saved,4.044166117320138e-06,584,1.70887675094258e-06,3.282394267493185e-06,False,1,7.617718498269527e-07,7.617718498269527e-07,descriptive ambiguity from score ties; not uncertainty interval/certificate,"one matched checkpoint, same available paired subset; scores measured relative to no-op zero"
2012,early,8,25387349f2beb0f96d242ca9b954a62e6bfcc22e30747f954ca70f472e65a2bd,1b8d28c9a325e4528b333f93c4eb260b516b3016d9e8c823bf68a33812c2279c,f88f65324fe35794fb4ba726e679a88981f42d327fd05bbdd795450352527108,<WORKSPACE>/Gaussian/A17/EXCHANGE_R1/results/object_2012_early,PROJECTED_ONLY,"base spectral fidelity minus child spectral fidelity, same full/projected scope; no-op0",1168,97,12,True,exact persisted spectrum subset only; not complete teacher domain; descriptive no inference/certificate,fixed12_per_removal,predeclared fixed bank; bounded nonrandom subset,information_fidelity_improvement,96,0,3.8122333276399174e-14,DESCRIPTIVE,-0.28815789473684206,-0.47125610417797076,0,0.0,0.0020816122010787236,2.842170943040401e-14,3.8122333276399174e-14,False,False,"[24, 381]","[585, 584]","[24, 381]","[585, 584]",candidate-only; numerical ties broken by original move_index; expanded sets also saved,4.044166117320138e-06,24,0.0767166744086949,-0.0020775680349614033,False,1,0.0020816122010787236,0.0020816122010787236,descriptive ambiguity from score ties; not uncertainty interval/certificate,"one matched checkpoint, same available paired subset; scores measured relative to no-op zero"
2012,early,8,25387349f2beb0f96d242ca9b954a62e6bfcc22e30747f954ca70f472e65a2bd,1b8d28c9a325e4528b333f93c4eb260b516b3016d9e8c823bf68a33812c2279c,f88f65324fe35794fb4ba726e679a88981f42d327fd05bbdd795450352527108,<WORKSPACE>/Gaussian/A17/EXCHANGE_R1/results/object_2012_early,PROJECTED_ONLY,"base spectral fidelity minus child spectral fidelity, same full/projected scope; no-op0",1168,97,12,True,exact persisted spectrum subset only; not complete teacher domain; descriptive no inference/certificate,spectrum_plus_teacher_best,teacher-best evaluator augmentation introduces utility-selection bias,receiver_score,97,0,3.8122333276399174e-14,DESCRIPTIVE,-0.13316151202749144,-0.21429886387544705,0,0.0,0.00018937163654836315,5.329257160506962e-14,3.8122333276399174e-14,False,False,"[1078, 932]","[149, 585]","[1078, 932]","[149, 585]",candidate-only; numerical ties broken by original move_index; expanded sets also saved,0.0001610507384499648,1078,1.2589335595986637,-2.8320898098398354e-05,False,1,0.00018937163654836315,0.00018937163654836315,descriptive ambiguity from score ties; not uncertainty interval/certificate,"one matched checkpoint, same available paired subset; scores measured relative to no-op zero"
2012,early,8,25387349f2beb0f96d242ca9b954a62e6bfcc22e30747f954ca70f472e65a2bd,1b8d28c9a325e4528b333f93c4eb260b516b3016d9e8c823bf68a33812c2279c,f88f65324fe35794fb4ba726e679a88981f42d327fd05bbdd795450352527108,<WORKSPACE>/Gaussian/A17/EXCHANGE_R1/results/object_2012_early,PROJECTED_ONLY,"base spectral fidelity minus child spectral fidelity, same full/projected scope; no-op0",1168,97,12,True,exact persisted spectrum subset only; not complete teacher domain; descriptive no inference/certificate,spectrum_plus_teacher_best,teacher-best evaluator augmentation introduces utility-selection bias,delta_logdet_volume,97,0,3.8122333276399174e-14,DESCRIPTIVE,-0.31228522336769765,-0.511190300862613,0,0.0,0.001316433183061498,1.2057951623937707e-12,3.8122333276399174e-14,False,False,"[171, 24]","[149, 585]","[171, 24]","[149, 585]",candidate-only; numerical ties broken by original move_index; expanded sets also saved,0.0001610507384499648,171,42.425145656576035,-0.001155382444611533,False,1,0.001316433183061498,0.001316433183061498,descriptive ambiguity from score ties; not uncertainty interval/certificate,"one matched checkpoint, same available paired subset; scores measured relative to no-op zero"
2012,early,8,25387349f2beb0f96d242ca9b954a62e6bfcc22e30747f954ca70f472e65a2bd,1b8d28c9a325e4528b333f93c4eb260b516b3016d9e8c823bf68a33812c2279c,f88f65324fe35794fb4ba726e679a88981f42d327fd05bbdd795450352527108,<WORKSPACE>/Gaussian/A17/EXCHANGE_R1/results/object_2012_early,PROJECTED_ONLY,"base spectral fidelity minus child spectral fidelity, same full/projected scope; no-op0",1168,97,12,True,exact persisted spectrum subset only; not complete teacher domain; descriptive no inference/certificate,spectrum_plus_teacher_best,teacher-best evaluator augmentation introduces utility-selection bias,delta_effective_dim,97,0,3.8122333276399174e-14,DESCRIPTIVE,-0.21477663230240554,-0.3355249316221333,0,0.0,0.002238618773411368,2.3984651604138925e-13,3.8122333276399174e-14,False,False,"[24, 25]","[149, 585]","[24, 25]","[149, 585]",candidate-only; numerical ties broken by original move_index; expanded sets also saved,0.0001610507384499648,24,8.438849064610253,-0.0020775680349614033,False,1,0.002238618773411368,0.002238618773411368,descriptive ambiguity from score ties; not uncertainty interval/certificate,"one matched checkpoint, same available paired subset; scores measured relative to no-op zero"
2012,early,8,25387349f2beb0f96d242ca9b954a62e6bfcc22e30747f954ca70f472e65a2bd,1b8d28c9a325e4528b333f93c4eb260b516b3016d9e8c823bf68a33812c2279c,f88f65324fe35794fb4ba726e679a88981f42d327fd05bbdd795450352527108,<WORKSPACE>/Gaussian/A17/EXCHANGE_R1/results/object_2012_early,PROJECTED_ONLY,"base spectral fidelity minus child spectral fidelity, same full/projected scope; no-op0",1168,97,12,True,exact persisted spectrum subset only; not complete teacher domain; descriptive no inference/certificate,spectrum_plus_teacher_best,teacher-best evaluator augmentation introduces utility-selection bias,Qhat,97,0,3.8122333276399174e-14,DESCRIPTIVE,0.9652061855670103,0.9966468546181357,1,0.5,0.0,3.8122333276399174e-14,3.8122333276399174e-14,False,False,"[149, 584]","[149, 585]","[149, 584]","[149, 585]",candidate-only; numerical ties broken by original move_index; expanded sets also saved,0.0001610507384499648,149,0.00013784791765791013,0.0001610507384499648,False,1,0.0,0.0,descriptive ambiguity from score ties; not uncertainty interval/certificate,"one matched checkpoint, same available paired subset; scores measured relative to no-op zero"
2012,early,8,25387349f2beb0f96d242ca9b954a62e6bfcc22e30747f954ca70f472e65a2bd,1b8d28c9a325e4528b333f93c4eb260b516b3016d9e8c823bf68a33812c2279c,f88f65324fe35794fb4ba726e679a88981f42d327fd05bbdd795450352527108,<WORKSPACE>/Gaussian/A17/EXCHANGE_R1/results/object_2012_early,PROJECTED_ONLY,"base spectral fidelity minus child spectral fidelity, same full/projected scope; no-op0",1168,97,12,True,exact persisted spectrum subset only; not complete teacher domain; descriptive no inference/certificate,spectrum_plus_teacher_best,teacher-best evaluator augmentation introduces utility-selection bias,information_fidelity_improvement,97,0,3.8122333276399174e-14,DESCRIPTIVE,-0.27362542955326463,-0.4544498211655796,0,0.0,0.002238618773411368,2.842170943040401e-14,3.8122333276399174e-14,False,False,"[24, 381]","[149, 585]","[24, 381]","[149, 585]",candidate-only; numerical ties broken by original move_index; expanded sets also saved,0.0001610507384499648,24,0.0767166744086949,-0.0020775680349614033,False,1,0.002238618773411368,0.002238618773411368,descriptive ambiguity from score ties; not uncertainty interval/certificate,"one matched checkpoint, same available paired subset; scores measured relative to no-op zero"
2012,early,16,25387349f2beb0f96d242ca9b954a62e6bfcc22e30747f954ca70f472e65a2bd,1b8d28c9a325e4528b333f93c4eb260b516b3016d9e8c823bf68a33812c2279c,734d34f6914f9ae32fc6e7789a52ab01cbc860762721c185812a3d3b501751ba,<WORKSPACE>/Gaussian/A17/EXCHANGE_R1/results/object_2012_early,PROJECTED_ONLY,"base spectral fidelity minus child spectral fidelity, same full/projected scope; no-op0",2208,193,12,True,exact persisted spectrum subset only; not complete teacher domain; descriptive no inference/certificate,fixed12_per_removal,predeclared fixed bank; bounded nonrandom subset,receiver_score,192,0,3.8122333276399174e-14,DESCRIPTIVE,-0.11529232111692846,-0.1251390282939533,0,0.0,2.3685189454891043e-05,5.329257160506962e-14,3.8122333276399174e-14,False,False,"[2118, 1980]","[139, 138]","[2118, 1980]","[139, 138]",candidate-only; numerical ties broken by original move_index; expanded sets also saved,5.0081711919176575e-05,2118,1.6563584661884483,2.6396522464285532e-05,False,1,2.3685189454891043e-05,2.3685189454891043e-05,descriptive ambiguity from score ties; not uncertainty interval/certificate,"one matched checkpoint, same available paired subset; scores measured relative to no-op zero"
2012,early,16,25387349f2beb0f96d242ca9b954a62e6bfcc22e30747f954ca70f472e65a2bd,1b8d28c9a325e4528b333f93c4eb260b516b3016d9e8c823bf68a33812c2279c,734d34f6914f9ae32fc6e7789a52ab01cbc860762721c185812a3d3b501751ba,<WORKSPACE>/Gaussian/A17/EXCHANGE_R1/results/object_2012_early,PROJECTED_ONLY,"base spectral fidelity minus child spectral fidelity, same full/projected scope; no-op0",2208,193,12,True,exact persisted spectrum subset only; not complete teacher domain; descriptive no inference/certificate,fixed12_per_removal,predeclared fixed bank; bounded nonrandom subset,delta_logdet_volume,192,0,3.8122333276399174e-14,DESCRIPTIVE,-0.4128490401396161,-0.5708789979111847,0,0.0,0.0006615024995179048,1.3944073316443735e-12,3.8122333276399174e-14,False,False,"[155, 292]","[139, 138]","[155, 292]","[139, 138]",candidate-only; numerical ties broken by original move_index; expanded sets also saved,5.0081711919176575e-05,155,49.061346399971,-0.0006114207875987282,False,1,0.0006615024995179048,0.0006615024995179048,descriptive ambiguity from score ties; not uncertainty interval/certificate,"one matched checkpoint, same available paired subset; scores measured relative to no-op zero"
2012,early,16,25387349f2beb0f96d242ca9b954a62e6bfcc22e30747f954ca70f472e65a2bd,1b8d28c9a325e4528b333f93c4eb260b516b3016d9e8c823bf68a33812c2279c,734d34f6914f9ae32fc6e7789a52ab01cbc860762721c185812a3d3b501751ba,<WORKSPACE>/Gaussian/A17/EXCHANGE_R1/results/object_2012_early,PROJECTED_ONLY,"base spectral fidelity minus child spectral fidelity, same full/projected scope; no-op0",2208,193,12,True,exact persisted spectrum subset only; not complete teacher domain; descriptive no inference/certificate,fixed12_per_removal,predeclared fixed bank; bounded nonrandom subset,delta_effective_dim,192,0,3.8122333276399174e-14,DESCRIPTIVE,-0.28544938917975565,-0.3996486992377181,0,0.0,0.0010317249706848274,2.912804892507991e-13,3.8122333276399174e-14,False,False,"[16, 292]","[139, 138]","[16, 292]","[139, 138]",candidate-only; numerical ties broken by original move_index; expanded sets also saved,5.0081711919176575e-05,16,10.248521116017145,-0.0009816432587656508,False,1,0.0010317249706848274,0.0010317249706848274,descriptive ambiguity from score ties; not uncertainty interval/certificate,"one matched checkpoint, same available paired subset; scores measured relative to no-op zero"
2012,early,16,25387349f2beb0f96d242ca9b954a62e6bfcc22e30747f954ca70f472e65a2bd,1b8d28c9a325e4528b333f93c4eb260b516b3016d9e8c823bf68a33812c2279c,734d34f6914f9ae32fc6e7789a52ab01cbc860762721c185812a3d3b501751ba,<WORKSPACE>/Gaussian/A17/EXCHANGE_R1/results/object_2012_early,PROJECTED_ONLY,"base spectral fidelity minus child spectral fidelity, same full/projected scope; no-op0",2208,193,12,True,exact persisted spectrum subset only; not complete teacher domain; descriptive no inference/certificate,fixed12_per_removal,predeclared fixed bank; bounded nonrandom subset,Qhat,192,0,3.8122333276399174e-14,DESCRIPTIVE,0.8526396160558465,0.9464181564170037,1,0.5,0.0,3.8122333276399174e-14,3.8122333276399174e-14,False,False,"[139, 462]","[139, 138]","[139, 462]","[139, 138]",candidate-only; numerical ties broken by original move_index; expanded sets also saved,5.0081711919176575e-05,139,3.337068632825821e-05,5.0081711919176575e-05,False,1,0.0,0.0,descriptive ambiguity from score ties; not uncertainty interval/certificate,"one matched checkpoint, same available paired subset; scores measured relative to no-op zero"
2012,early,16,25387349f2beb0f96d242ca9b954a62e6bfcc22e30747f954ca70f472e65a2bd,1b8d28c9a325e4528b333f93c4eb260b516b3016d9e8c823bf68a33812c2279c,734d34f6914f9ae32fc6e7789a52ab01cbc860762721c185812a3d3b501751ba,<WORKSPACE>/Gaussian/A17/EXCHANGE_R1/results/object_2012_early,PROJECTED_ONLY,"base spectral fidelity minus child spectral fidelity, same full/projected scope; no-op0",2208,193,12,True,exact persisted spectrum subset only; not complete teacher domain; descriptive no inference/certificate,fixed12_per_removal,predeclared fixed bank; bounded nonrandom subset,information_fidelity_improvement,192,0,3.8122333276399174e-14,DESCRIPTIVE,0.04635689354275742,0.05419051623579199,0,0.0,0.000933279983075472,2.842170943040401e-14,3.8122333276399174e-14,False,False,"[218, 1461]","[139, 138]","[218, 1461]","[139, 138]",candidate-only; numerical ties broken by original move_index; expanded sets also saved,5.0081711919176575e-05,218,0.03420269661599873,-0.0008831982711562954,False,1,0.000933279983075472,0.000933279983075472,descriptive ambiguity from score ties; not uncertainty interval/certificate,"one matched checkpoint, same available paired subset; scores measured relative to no-op zero"
2012,early,16,25387349f2beb0f96d242ca9b954a62e6bfcc22e30747f954ca70f472e65a2bd,1b8d28c9a325e4528b333f93c4eb260b516b3016d9e8c823bf68a33812c2279c,734d34f6914f9ae32fc6e7789a52ab01cbc860762721c185812a3d3b501751ba,<WORKSPACE>/Gaussian/A17/EXCHANGE_R1/results/object_2012_early,PROJECTED_ONLY,"base spectral fidelity minus child spectral fidelity, same full/projected scope; no-op0",2208,193,12,True,exact persisted spectrum subset only; not complete teacher domain; descriptive no inference/certificate,spectrum_plus_teacher_best,teacher-best evaluator augmentation introduces utility-selection bias,receiver_score,193,0,3.8122333276399174e-14,DESCRIPTIVE,-0.12316493955094993,-0.1365144757224507,0,0.0,2.9740530097367735e-05,5.329257160506962e-14,3.8122333276399174e-14,False,False,"[2118, 1980]","[144, 139]","[2118, 1980]","[144, 139]",candidate-only; numerical ties broken by original move_index; expanded sets also saved,5.613705256165327e-05,2118,1.6563584661884483,2.6396522464285532e-05,False,1,2.9740530097367735e-05,2.9740530097367735e-05,descriptive ambiguity from score ties; not uncertainty interval/certificate,"one matched checkpoint, same available paired subset; scores measured relative to no-op zero"
2012,early,16,25387349f2beb0f96d242ca9b954a62e6bfcc22e30747f954ca70f472e65a2bd,1b8d28c9a325e4528b333f93c4eb260b516b3016d9e8c823bf68a33812c2279c,734d34f6914f9ae32fc6e7789a52ab01cbc860762721c185812a3d3b501751ba,<WORKSPACE>/Gaussian/A17/EXCHANGE_R1/results/object_2012_early,PROJECTED_ONLY,"base spectral fidelity minus child spectral fidelity, same full/projected scope; no-op0",2208,193,12,True,exact persisted spectrum subset only; not complete teacher domain; descriptive no inference/certificate,spectrum_plus_teacher_best,teacher-best evaluator augmentation introduces utility-selection bias,delta_logdet_volume,193,0,3.8122333276399174e-14,DESCRIPTIVE,-0.41353626943005184,-0.5726557074942578,0,0.0,0.0006675578401603814,1.3944073316443735e-12,3.8122333276399174e-14,False,False,"[155, 292]","[144, 139]","[155, 292]","[144, 139]",candidate-only; numerical ties broken by original move_index; expanded sets also saved,5.613705256165327e-05,155,49.061346399971,-0.0006114207875987282,False,1,0.0006675578401603814,0.0006675578401603814,descriptive ambiguity from score ties; not uncertainty interval/certificate,"one matched checkpoint, same available paired subset; scores measured relative to no-op zero"
2012,early,16,25387349f2beb0f96d242ca9b954a62e6bfcc22e30747f954ca70f472e65a2bd,1b8d28c9a325e4528b333f93c4eb260b516b3016d9e8c823bf68a33812c2279c,734d34f6914f9ae32fc6e7789a52ab01cbc860762721c185812a3d3b501751ba,<WORKSPACE>/Gaussian/A17/EXCHANGE_R1/results/object_2012_early,PROJECTED_ONLY,"base spectral fidelity minus child spectral fidelity, same full/projected scope; no-op0",2208,193,12,True,exact persisted spectrum subset only; not complete teacher domain; descriptive no inference/certificate,spectrum_plus_teacher_best,teacher-best evaluator augmentation introduces utility-selection bias,delta_effective_dim,193,0,3.8122333276399174e-14,DESCRIPTIVE,-0.288860103626943,-0.40567077079215846,0,0.0,0.001037780311327304,2.912804892507991e-13,3.8122333276399174e-14,False,False,"[16, 292]","[144, 139]","[16, 292]","[144, 139]",candidate-only; numerical ties broken by original move_index; expanded sets also saved,5.613705256165327e-05,16,10.248521116017145,-0.0009816432587656508,False,1,0.001037780311327304,0.001037780311327304,descriptive ambiguity from score ties; not uncertainty interval/certificate,"one matched checkpoint, same available paired subset; scores measured relative to no-op zero"
2012,early,16,25387349f2beb0f96d242ca9b954a62e6bfcc22e30747f954ca70f472e65a2bd,1b8d28c9a325e4528b333f93c4eb260b516b3016d9e8c823bf68a33812c2279c,734d34f6914f9ae32fc6e7789a52ab01cbc860762721c185812a3d3b501751ba,<WORKSPACE>/Gaussian/A17/EXCHANGE_R1/results/object_2012_early,PROJECTED_ONLY,"base spectral fidelity minus child spectral fidelity, same full/projected scope; no-op0",2208,193,12,True,exact persisted spectrum subset only; not complete teacher domain; descriptive no inference/certificate,spectrum_plus_teacher_best,teacher-best evaluator augmentation introduces utility-selection bias,Qhat,193,0,3.8122333276399174e-14,DESCRIPTIVE,0.8541666666666666,0.9472467416270498,2,1.0,0.0,3.8122333276399174e-14,3.8122333276399174e-14,False,False,"[144, 139]","[144, 139]","[144, 139]","[144, 139]",candidate-only; numerical ties broken by original move_index; expanded sets also saved,5.613705256165327e-05,144,3.3644917464746e-05,5.613705256165327e-05,False,1,0.0,0.0,descriptive ambiguity from score ties; not uncertainty interval/certificate,"one matched checkpoint, same available paired subset; scores measured relative to no-op zero"
2012,early,16,25387349f2beb0f96d242ca9b954a62e6bfcc22e30747f954ca70f472e65a2bd,1b8d28c9a325e4528b333f93c4eb260b516b3016d9e8c823bf68a33812c2279c,734d34f6914f9ae32fc6e7789a52ab01cbc860762721c185812a3d3b501751ba,<WORKSPACE>/Gaussian/A17/EXCHANGE_R1/results/object_2012_early,PROJECTED_ONLY,"base spectral fidelity minus child spectral fidelity, same full/projected scope; no-op0",2208,193,12,True,exact persisted spectrum subset only; not complete teacher domain; descriptive no inference/certificate,spectrum_plus_teacher_best,teacher-best evaluator augmentation introduces utility-selection bias,information_fidelity_improvement,193,0,3.8122333276399174e-14,DESCRIPTIVE,0.03950777202072539,0.044388654452219435,0,0.0,0.0009393353237179486,2.842170943040401e-14,3.8122333276399174e-14,False,False,"[218, 1461]","[144, 139]","[218, 1461]","[144, 139]",candidate-only; numerical ties broken by original move_index; expanded sets also saved,5.613705256165327e-05,218,0.03420269661599873,-0.0008831982711562954,False,1,0.0009393353237179486,0.0009393353237179486,descriptive ambiguity from score ties; not uncertainty interval/certificate,"one matched checkpoint, same available paired subset; scores measured relative to no-op zero"
2012,late,4,8d23d77df9571531f26acc45ca51dc73068ce28f1180c843477c23bfd995499f,45c6c90baceeac68f1272dbe8de7256e3e0f9523cc12d68b0407332c6d5d0241,29de8dd7e13d3e95361576486c71c3191f619056cff0a1dd9fc36bace8974c61,<WORKSPACE>/Gaussian/A17/EXCHANGE_R1/results/object_2012_late,PROJECTED_ONLY,"base spectral fidelity minus child spectral fidelity, same full/projected scope; no-op0",600,33,12,True,exact persisted spectrum subset only; not complete teacher domain; descriptive no inference/certificate,fixed12_per_removal,predeclared fixed bank; bounded nonrandom subset,receiver_score,32,0,1.092264853824229e-17,DESCRIPTIVE,-0.17741935483870971,-0.28372434017595305,0,0.0,0.0003973682061008531,5.3319923010818446e-14,1.092264853824229e-17,False,False,"[510, 511]","[150, 301]","[510, 511]","[150, 301]",candidate-only; numerical ties broken by original move_index; expanded sets also saved,9.31285435119704e-05,510,0.9252855380113101,-0.0003042396625888827,False,1,0.0003973682061008531,0.0003973682061008531,descriptive ambiguity from score ties; not uncertainty interval/certificate,"one matched checkpoint, same available paired subset; scores measured relative to no-op zero"
2012,late,4,8d23d77df9571531f26acc45ca51dc73068ce28f1180c843477c23bfd995499f,45c6c90baceeac68f1272dbe8de7256e3e0f9523cc12d68b0407332c6d5d0241,29de8dd7e13d3e95361576486c71c3191f619056cff0a1dd9fc36bace8974c61,<WORKSPACE>/Gaussian/A17/EXCHANGE_R1/results/object_2012_late,PROJECTED_ONLY,"base spectral fidelity minus child spectral fidelity, same full/projected scope; no-op0",600,33,12,True,exact persisted spectrum subset only; not complete teacher domain; descriptive no inference/certificate,fixed12_per_removal,predeclared fixed bank; bounded nonrandom subset,delta_logdet_volume,32,0,1.092264853824229e-17,DESCRIPTIVE,0.342741935483871,0.46847507331378296,0,0.0,5.082443135795065e-05,1.2457114078417804e-12,1.092264853824229e-17,False,False,"[179, 328]","[150, 301]","[179, 328]","[150, 301]",candidate-only; numerical ties broken by original move_index; expanded sets also saved,9.31285435119704e-05,179,29.400671049468826,4.230411215401975e-05,False,1,5.082443135795065e-05,5.082443135795065e-05,descriptive ambiguity from score ties; not uncertainty interval/certificate,"one matched checkpoint, same available paired subset; scores measured relative to no-op zero"
2012,late,4,8d23d77df9571531f26acc45ca51dc73068ce28f1180c843477c23bfd995499f,45c6c90baceeac68f1272dbe8de7256e3e0f9523cc12d68b0407332c6d5d0241,29de8dd7e13d3e95361576486c71c3191f619056cff0a1dd9fc36bace8974c61,<WORKSPACE>/Gaussian/A17/EXCHANGE_R1/results/object_2012_late,PROJECTED_ONLY,"base spectral fidelity minus child spectral fidelity, same full/projected scope; no-op0",600,33,12,True,exact persisted spectrum subset only; not complete teacher domain; descriptive no inference/certificate,fixed12_per_removal,predeclared fixed bank; bounded nonrandom subset,delta_effective_dim,32,0,1.092264853824229e-17,DESCRIPTIVE,0.2298387096774194,0.3548387096774193,0,0.0,5.082443135795065e-05,2.430453332926201e-13,1.092264853824229e-17,False,False,"[179, 178]","[150, 301]","[179, 178]","[150, 301]",candidate-only; numerical ties broken by original move_index; expanded sets also saved,9.31285435119704e-05,179,4.837891536181061,4.230411215401975e-05,False,1,5.082443135795065e-05,5.082443135795065e-05,descriptive ambiguity from score ties; not uncertainty interval/certificate,"one matched checkpoint, same available paired subset; scores measured relative to no-op zero"
2012,late,4,8d23d77df9571531f26acc45ca51dc73068ce28f1180c843477c23bfd995499f,45c6c90baceeac68f1272dbe8de7256e3e0f9523cc12d68b0407332c6d5d0241,29de8dd7e13d3e95361576486c71c3191f619056cff0a1dd9fc36bace8974c61,<WORKSPACE>/Gaussian/A17/EXCHANGE_R1/results/object_2012_late,PROJECTED_ONLY,"base spectral fidelity minus child spectral fidelity, same full/projected scope; no-op0",600,33,12,True,exact persisted spectrum subset only; not complete teacher domain; descriptive no inference/certificate,fixed12_per_removal,predeclared fixed bank; bounded nonrandom subset,Qhat,32,0,1.092264853824229e-17,DESCRIPTIVE,0.903225806451613,0.9802052785923753,1,0.5,0.0,1.092264853824229e-17,1.092264853824229e-17,False,False,"[150, 151]","[150, 301]","[150, 151]","[150, 301]",candidate-only; numerical ties broken by original move_index; expanded sets also saved,9.31285435119704e-05,150,8.866291172646243e-05,9.31285435119704e-05,False,1,0.0,0.0,descriptive ambiguity from score ties; not uncertainty interval/certificate,"one matched checkpoint, same available paired subset; scores measured relative to no-op zero"
2012,late,4,8d23d77df9571531f26acc45ca51dc73068ce28f1180c843477c23bfd995499f,45c6c90baceeac68f1272dbe8de7256e3e0f9523cc12d68b0407332c6d5d0241,29de8dd7e13d3e95361576486c71c3191f619056cff0a1dd9fc36bace8974c61,<WORKSPACE>/Gaussian/A17/EXCHANGE_R1/results/object_2012_late,PROJECTED_ONLY,"base spectral fidelity minus child spectral fidelity, same full/projected scope; no-op0",600,33,12,True,exact persisted spectrum subset only; not complete teacher domain; descriptive no inference/certificate,fixed12_per_removal,predeclared fixed bank; bounded nonrandom subset,information_fidelity_improvement,32,0,1.092264853824229e-17,DESCRIPTIVE,0.5241935483870969,0.6623900293255132,0,0.0,5.83557711924935e-05,2.842170943040401e-14,1.092264853824229e-17,False,False,"[300, 179]","[150, 301]","[300, 179]","[150, 301]",candidate-only; numerical ties broken by original move_index; expanded sets also saved,9.31285435119704e-05,300,0.05051626768915429,3.47727723194769e-05,False,1,5.83557711924935e-05,5.83557711924935e-05,descriptive ambiguity from score ties; not uncertainty interval/certificate,"one matched checkpoint, same available paired subset; scores measured relative to no-op zero"
2012,late,4,8d23d77df9571531f26acc45ca51dc73068ce28f1180c843477c23bfd995499f,45c6c90baceeac68f1272dbe8de7256e3e0f9523cc12d68b0407332c6d5d0241,29de8dd7e13d3e95361576486c71c3191f619056cff0a1dd9fc36bace8974c61,<WORKSPACE>/Gaussian/A17/EXCHANGE_R1/results/object_2012_late,PROJECTED_ONLY,"base spectral fidelity minus child spectral fidelity, same full/projected scope; no-op0",600,33,12,True,exact persisted spectrum subset only; not complete teacher domain; descriptive no inference/certificate,spectrum_plus_teacher_best,teacher-best evaluator augmentation introduces utility-selection bias,receiver_score,33,0,1.092264853824229e-17,DESCRIPTIVE,-0.15151515151515152,-0.24766042780748665,0,0.0,0.00041481819306996823,5.3319923010818446e-14,1.092264853824229e-17,False,False,"[510, 511]","[248, 150]","[510, 511]","[248, 150]",candidate-only; numerical ties broken by original move_index; expanded sets also saved,0.0001105785304810855,510,0.9252855380113101,-0.0003042396625888827,False,1,0.00041481819306996823,0.00041481819306996823,descriptive ambiguity from score ties; not uncertainty interval/certificate,"one matched checkpoint, same available paired subset; scores measured relative to no-op zero"
2012,late,4,8d23d77df9571531f26acc45ca51dc73068ce28f1180c843477c23bfd995499f,45c6c90baceeac68f1272dbe8de7256e3e0f9523cc12d68b0407332c6d5d0241,29de8dd7e13d3e95361576486c71c3191f619056cff0a1dd9fc36bace8974c61,<WORKSPACE>/Gaussian/A17/EXCHANGE_R1/results/object_2012_late,PROJECTED_ONLY,"base spectral fidelity minus child spectral fidelity, same full/projected scope; no-op0",600,33,12,True,exact persisted spectrum subset only; not complete teacher domain; descriptive no inference/certificate,spectrum_plus_teacher_best,teacher-best evaluator augmentation introduces utility-selection bias,delta_logdet_volume,33,0,1.092264853824229e-17,DESCRIPTIVE,0.3598484848484849,0.4943181818181819,0,0.0,6.827441832706575e-05,1.2457114078417804e-12,1.092264853824229e-17,False,False,"[179, 328]","[248, 150]","[179, 328]","[248, 150]",candidate-only; numerical ties broken by original move_index; expanded sets also saved,0.0001105785304810855,179,29.400671049468826,4.230411215401975e-05,False,1,6.827441832706575e-05,6.827441832706575e-05,descriptive ambiguity from score ties; not uncertainty interval/certificate,"one matched checkpoint, same available paired subset; scores measured relative to no-op zero"
2012,late,4,8d23d77df9571531f26acc45ca51dc73068ce28f1180c843477c23bfd995499f,45c6c90baceeac68f1272dbe8de7256e3e0f9523cc12d68b0407332c6d5d0241,29de8dd7e13d3e95361576486c71c3191f619056cff0a1dd9fc36bace8974c61,<WORKSPACE>/Gaussian/A17/EXCHANGE_R1/results/object_2012_late,PROJECTED_ONLY,"base spectral fidelity minus child spectral fidelity, same full/projected scope; no-op0",600,33,12,True,exact persisted spectrum subset only; not complete teacher domain; descriptive no inference/certificate,spectrum_plus_teacher_best,teacher-best evaluator augmentation introduces utility-selection bias,delta_effective_dim,33,0,1.092264853824229e-17,DESCRIPTIVE,0.25,0.3830213903743316,0,0.0,6.827441832706575e-05,2.430453332926201e-13,1.092264853824229e-17,False,False,"[179, 178]","[248, 150]","[179, 178]","[248, 150]",candidate-only; numerical ties broken by original move_index; expanded sets also saved,0.0001105785304810855,179,4.837891536181061,4.230411215401975e-05,False,1,6.827441832706575e-05,6.827441832706575e-05,descriptive ambiguity from score ties; not uncertainty interval/certificate,"one matched checkpoint, same available paired subset; scores measured relative to no-op zero"
2012,late,4,8d23d77df9571531f26acc45ca51dc73068ce28f1180c843477c23bfd995499f,45c6c90baceeac68f1272dbe8de7256e3e0f9523cc12d68b0407332c6d5d0241,29de8dd7e13d3e95361576486c71c3191f619056cff0a1dd9fc36bace8974c61,<WORKSPACE>/Gaussian/A17/EXCHANGE_R1/results/object_2012_late,PROJECTED_ONLY,"base spectral fidelity minus child spectral fidelity, same full/projected scope; no-op0",600,33,12,True,exact persisted spectrum subset only; not complete teacher domain; descriptive no inference/certificate,spectrum_plus_teacher_best,teacher-best evaluator augmentation introduces utility-selection bias,Qhat,33,0,1.092264853824229e-17,DESCRIPTIVE,0.9090909090909091,0.9819518716577541,2,1.0,0.0,1.092264853824229e-17,1.092264853824229e-17,False,False,"[248, 150]","[248, 150]","[248, 150]","[248, 150]",candidate-only; numerical ties broken by original move_index; expanded sets also saved,0.0001105785304810855,248,9.994260645404169e-05,0.0001105785304810855,False,1,0.0,0.0,descriptive ambiguity from score ties; not uncertainty interval/certificate,"one matched checkpoint, same available paired subset; scores measured relative to no-op zero"
2012,late,4,8d23d77df9571531f26acc45ca51dc73068ce28f1180c843477c23bfd995499f,45c6c90baceeac68f1272dbe8de7256e3e0f9523cc12d68b0407332c6d5d0241,29de8dd7e13d3e95361576486c71c3191f619056cff0a1dd9fc36bace8974c61,<WORKSPACE>/Gaussian/A17/EXCHANGE_R1/results/object_2012_late,PROJECTED_ONLY,"base spectral fidelity minus child spectral fidelity, same full/projected scope; no-op0",600,33,12,True,exact persisted spectrum subset only; not complete teacher domain; descriptive no inference/certificate,spectrum_plus_teacher_best,teacher-best evaluator augmentation introduces utility-selection bias,information_fidelity_improvement,33,0,1.092264853824229e-17,DESCRIPTIVE,0.5378787878787878,0.6861631016042782,0,0.0,7.58057581616086e-05,2.842170943040401e-14,1.092264853824229e-17,False,False,"[300, 179]","[248, 150]","[300, 179]","[248, 150]",candidate-only; numerical ties broken by original move_index; expanded sets also saved,0.0001105785304810855,300,0.05051626768915429,3.47727723194769e-05,False,1,7.58057581616086e-05,7.58057581616086e-05,descriptive ambiguity from score ties; not uncertainty interval/certificate,"one matched checkpoint, same available paired subset; scores measured relative to no-op zero"
2012,late,8,8d23d77df9571531f26acc45ca51dc73068ce28f1180c843477c23bfd995499f,45c6c90baceeac68f1272dbe8de7256e3e0f9523cc12d68b0407332c6d5d0241,49aded3e0637048b279da906426fb81526d00abf2c6aeaf8c553d6abcb252a12,<WORKSPACE>/Gaussian/A17/EXCHANGE_R1/results/object_2012_late,PROJECTED_ONLY,"base spectral fidelity minus child spectral fidelity, same full/projected scope; no-op0",1168,66,12,True,exact persisted spectrum subset only; not complete teacher domain; descriptive no inference/certificate,fixed12_per_removal,predeclared fixed bank; bounded nonrandom subset,receiver_score,65,0,1.092264853824229e-17,DESCRIPTIVE,-0.23076923076923078,-0.35450174825174824,0,0.0,0.0001541219025011544,5.332000377270565e-14,1.092264853824229e-17,False,False,"[933, 964]","[147, 146]","[933, 964]","[147, 146]",candidate-only; numerical ties broken by original move_index; expanded sets also saved,6.770784345668798e-05,933,1.2554965224950245,-8.641405904446641e-05,False,1,0.0001541219025011544,0.0001541219025011544,descriptive ambiguity from score ties; not uncertainty interval/certificate,"one matched checkpoint, same available paired subset; scores measured relative to no-op zero"
2012,late,8,8d23d77df9571531f26acc45ca51dc73068ce28f1180c843477c23bfd995499f,45c6c90baceeac68f1272dbe8de7256e3e0f9523cc12d68b0407332c6d5d0241,49aded3e0637048b279da906426fb81526d00abf2c6aeaf8c553d6abcb252a12,<WORKSPACE>/Gaussian/A17/EXCHANGE_R1/results/object_2012_late,PROJECTED_ONLY,"base spectral fidelity minus child spectral fidelity, same full/projected scope; no-op0",1168,66,12,True,exact persisted spectrum subset only; not complete teacher domain; descriptive no inference/certificate,fixed12_per_removal,predeclared fixed bank; bounded nonrandom subset,delta_logdet_volume,65,0,1.092264853824229e-17,DESCRIPTIVE,0.08557692307692309,0.1278409090909091,0,0.0,2.9466915105432422e-05,1.0166373088843956e-12,1.092264853824229e-17,False,False,"[316, 317]","[147, 146]","[316, 317]","[147, 146]",candidate-only; numerical ties broken by original move_index; expanded sets also saved,6.770784345668798e-05,316,35.769745355177406,3.8240928351255556e-05,False,1,2.9466915105432422e-05,2.9466915105432422e-05,descriptive ambiguity from score ties; not uncertainty interval/certificate,"one matched checkpoint, same available paired subset; scores measured relative to no-op zero"
2012,late,8,8d23d77df9571531f26acc45ca51dc73068ce28f1180c843477c23bfd995499f,45c6c90baceeac68f1272dbe8de7256e3e0f9523cc12d68b0407332c6d5d0241,49aded3e0637048b279da906426fb81526d00abf2c6aeaf8c553d6abcb252a12,<WORKSPACE>/Gaussian/A17/EXCHANGE_R1/results/object_2012_late,PROJECTED_ONLY,"base spectral fidelity minus child spectral fidelity, same full/projected scope; no-op0",1168,66,12,True,exact persisted spectrum subset only; not complete teacher domain; descriptive no inference/certificate,fixed12_per_removal,predeclared fixed bank; bounded nonrandom subset,delta_effective_dim,65,0,1.092264853824229e-17,DESCRIPTIVE,0.23750000000000004,0.35362762237762235,0,0.0,2.9466915105432422e-05,2.049865418797359e-13,1.092264853824229e-17,False,False,"[316, 317]","[147, 146]","[316, 317]","[147, 146]",candidate-only; numerical ties broken by original move_index; expanded sets also saved,6.770784345668798e-05,316,5.802131210819894,3.8240928351255556e-05,False,1,2.9466915105432422e-05,2.9466915105432422e-05,descriptive ambiguity from score ties; not uncertainty interval/certificate,"one matched checkpoint, same available paired subset; scores measured relative to no-op zero"
2012,late,8,8d23d77df9571531f26acc45ca51dc73068ce28f1180c843477c23bfd995499f,45c6c90baceeac68f1272dbe8de7256e3e0f9523cc12d68b0407332c6d5d0241,49aded3e0637048b279da906426fb81526d00abf2c6aeaf8c553d6abcb252a12,<WORKSPACE>/Gaussian/A17/EXCHANGE_R1/results/object_2012_late,PROJECTED_ONLY,"base spectral fidelity minus child spectral fidelity, same full/projected scope; no-op0",1168,66,12,True,exact persisted spectrum subset only; not complete teacher domain; descriptive no inference/certificate,fixed12_per_removal,predeclared fixed bank; bounded nonrandom subset,Qhat,65,0,1.092264853824229e-17,DESCRIPTIVE,0.9384615384615385,0.9929195804195805,1,0.5,0.0,1.092264853824229e-17,1.092264853824229e-17,False,False,"[147, 170]","[147, 146]","[147, 170]","[147, 146]",candidate-only; numerical ties broken by original move_index; expanded sets also saved,6.770784345668798e-05,147,5.7282383478781984e-05,6.770784345668798e-05,False,1,0.0,0.0,descriptive ambiguity from score ties; not uncertainty interval/certificate,"one matched checkpoint, same available paired subset; scores measured relative to no-op zero"
2012,late,8,8d23d77df9571531f26acc45ca51dc73068ce28f1180c843477c23bfd995499f,45c6c90baceeac68f1272dbe8de7256e3e0f9523cc12d68b0407332c6d5d0241,49aded3e0637048b279da906426fb81526d00abf2c6aeaf8c553d6abcb252a12,<WORKSPACE>/Gaussian/A17/EXCHANGE_R1/results/object_2012_late,PROJECTED_ONLY,"base spectral fidelity minus child spectral fidelity, same full/projected scope; no-op0",1168,66,12,True,exact persisted spectrum subset only; not complete teacher domain; descriptive no inference/certificate,fixed12_per_removal,predeclared fixed bank; bounded nonrandom subset,information_fidelity_improvement,65,0,1.092264853824229e-17,DESCRIPTIVE,-0.026923076923076925,-0.06813811188811189,0,0.0,0.00010946272130565965,2.842170943040401e-14,1.092264853824229e-17,False,False,"[203, 88]","[147, 146]","[203, 88]","[147, 146]",candidate-only; numerical ties broken by original move_index; expanded sets also saved,6.770784345668798e-05,203,0.045167605831884394,-4.175487784897168e-05,False,1,0.00010946272130565965,0.00010946272130565965,descriptive ambiguity from score ties; not uncertainty interval/certificate,"one matched checkpoint, same available paired subset; scores measured relative to no-op zero"
2012,late,8,8d23d77df9571531f26acc45ca51dc73068ce28f1180c843477c23bfd995499f,45c6c90baceeac68f1272dbe8de7256e3e0f9523cc12d68b0407332c6d5d0241,49aded3e0637048b279da906426fb81526d00abf2c6aeaf8c553d6abcb252a12,<WORKSPACE>/Gaussian/A17/EXCHANGE_R1/results/object_2012_late,PROJECTED_ONLY,"base spectral fidelity minus child spectral fidelity, same full/projected scope; no-op0",1168,66,12,True,exact persisted spectrum subset only; not complete teacher domain; descriptive no inference/certificate,spectrum_plus_teacher_best,teacher-best evaluator augmentation introduces utility-selection bias,receiver_score,66,0,1.092264853824229e-17,DESCRIPTIVE,-0.2438228438228438,-0.3743033086316669,0,0.0,0.00016829730409671223,5.332000377270565e-14,1.092264853824229e-17,False,False,"[933, 964]","[162, 147]","[933, 964]","[162, 147]",candidate-only; numerical ties broken by original move_index; expanded sets also saved,8.188324505224582e-05,933,1.2554965224950245,-8.641405904446641e-05,False,1,0.00016829730409671223,0.00016829730409671223,descriptive ambiguity from score ties; not uncertainty interval/certificate,"one matched checkpoint, same available paired subset; scores measured relative to no-op zero"
2012,late,8,8d23d77df9571531f26acc45ca51dc73068ce28f1180c843477c23bfd995499f,45c6c90baceeac68f1272dbe8de7256e3e0f9523cc12d68b0407332c6d5d0241,49aded3e0637048b279da906426fb81526d00abf2c6aeaf8c553d6abcb252a12,<WORKSPACE>/Gaussian/A17/EXCHANGE_R1/results/object_2012_late,PROJECTED_ONLY,"base spectral fidelity minus child spectral fidelity, same full/projected scope; no-op0",1168,66,12,True,exact persisted spectrum subset only; not complete teacher domain; descriptive no inference/certificate,spectrum_plus_teacher_best,teacher-best evaluator augmentation introduces utility-selection bias,delta_logdet_volume,66,0,1.092264853824229e-17,DESCRIPTIVE,0.07226107226107226,0.11053125978499115,0,0.0,4.364231670099026e-05,1.0166373088843956e-12,1.092264853824229e-17,False,False,"[316, 317]","[162, 147]","[316, 317]","[162, 147]",candidate-only; numerical ties broken by original move_index; expanded sets also saved,8.188324505224582e-05,316,35.769745355177406,3.8240928351255556e-05,False,1,4.364231670099026e-05,4.364231670099026e-05,descriptive ambiguity from score ties; not uncertainty interval/certificate,"one matched checkpoint, same available paired subset; scores measured relative to no-op zero"
2012,late,8,8d23d77df9571531f26acc45ca51dc73068ce28f1180c843477c23bfd995499f,45c6c90baceeac68f1272dbe8de7256e3e0f9523cc12d68b0407332c6d5d0241,49aded3e0637048b279da906426fb81526d00abf2c6aeaf8c553d6abcb252a12,<WORKSPACE>/Gaussian/A17/EXCHANGE_R1/results/object_2012_late,PROJECTED_ONLY,"base spectral fidelity minus child spectral fidelity, same full/projected scope; no-op0",1168,66,12,True,exact persisted spectrum subset only; not complete teacher domain; descriptive no inference/certificate,spectrum_plus_teacher_best,teacher-best evaluator augmentation introduces utility-selection bias,delta_effective_dim,66,0,1.092264853824229e-17,DESCRIPTIVE,0.24195804195804196,0.3611105312597851,0,0.0,4.364231670099026e-05,2.049865418797359e-13,1.092264853824229e-17,False,False,"[316, 317]","[162, 147]","[316, 317]","[162, 147]",candidate-only; numerical ties broken by original move_index; expanded sets also saved,8.188324505224582e-05,316,5.802131210819894,3.8240928351255556e-05,False,1,4.364231670099026e-05,4.364231670099026e-05,descriptive ambiguity from score ties; not uncertainty interval/certificate,"one matched checkpoint, same available paired subset; scores measured relative to no-op zero"
2012,late,8,8d23d77df9571531f26acc45ca51dc73068ce28f1180c843477c23bfd995499f,45c6c90baceeac68f1272dbe8de7256e3e0f9523cc12d68b0407332c6d5d0241,49aded3e0637048b279da906426fb81526d00abf2c6aeaf8c553d6abcb252a12,<WORKSPACE>/Gaussian/A17/EXCHANGE_R1/results/object_2012_late,PROJECTED_ONLY,"base spectral fidelity minus child spectral fidelity, same full/projected scope; no-op0",1168,66,12,True,exact persisted spectrum subset only; not complete teacher domain; descriptive no inference/certificate,spectrum_plus_teacher_best,teacher-best evaluator augmentation introduces utility-selection bias,Qhat,66,0,1.092264853824229e-17,DESCRIPTIVE,0.9403263403263402,0.9932366141321366,2,1.0,0.0,1.092264853824229e-17,1.092264853824229e-17,False,False,"[162, 147]","[162, 147]","[162, 147]","[162, 147]",candidate-only; numerical ties broken by original move_index; expanded sets also saved,8.188324505224582e-05,162,6.759185934159598e-05,8.188324505224582e-05,False,1,0.0,0.0,descriptive ambiguity from score ties; not uncertainty interval/certificate,"one matched checkpoint, same available paired subset; scores measured relative to no-op zero"
2012,late,8,8d23d77df9571531f26acc45ca51dc73068ce28f1180c843477c23bfd995499f,45c6c90baceeac68f1272dbe8de7256e3e0f9523cc12d68b0407332c6d5d0241,49aded3e0637048b279da906426fb81526d00abf2c6aeaf8c553d6abcb252a12,<WORKSPACE>/Gaussian/A17/EXCHANGE_R1/results/object_2012_late,PROJECTED_ONLY,"base spectral fidelity minus child spectral fidelity, same full/projected scope; no-op0",1168,66,12,True,exact persisted spectrum subset only; not complete teacher domain; descriptive no inference/certificate,spectrum_plus_teacher_best,teacher-best evaluator augmentation introduces utility-selection bias,information_fidelity_improvement,66,0,1.092264853824229e-17,DESCRIPTIVE,-0.04428904428904429,-0.09792297254983824,0,0.0,0.0001236381229012175,2.842170943040401e-14,1.092264853824229e-17,False,False,"[203, 88]","[162, 147]","[203, 88]","[162, 147]",candidate-only; numerical ties broken by original move_index; expanded sets also saved,8.188324505224582e-05,203,0.045167605831884394,-4.175487784897168e-05,False,1,0.0001236381229012175,0.0001236381229012175,descriptive ambiguity from score ties; not uncertainty interval/certificate,"one matched checkpoint, same available paired subset; scores measured relative to no-op zero"
2012,late,16,8d23d77df9571531f26acc45ca51dc73068ce28f1180c843477c23bfd995499f,45c6c90baceeac68f1272dbe8de7256e3e0f9523cc12d68b0407332c6d5d0241,461b3633a6c62294e0e1195a9daae02348c4d7a926ec2f90a677b67a6d429f7c,<WORKSPACE>/Gaussian/A17/EXCHANGE_R1/results/object_2012_late,PROJECTED_ONLY,"base spectral fidelity minus child spectral fidelity, same full/projected scope; no-op0",2208,156,12,False,exact persisted spectrum subset only; not complete teacher domain; descriptive no inference/certificate,fixed12_per_removal,predeclared fixed bank; bounded nonrandom subset,receiver_score,156,0,1.092264853824229e-17,DESCRIPTIVE,0.4531017369727047,0.682884733922334,0,0.0,1.2722414431976216e-05,5.328028960885182e-14,1.092264853824229e-17,False,False,"[2118, 1980]","[1599, 1737]","[2118, 1980]","[1599, 1737]",candidate-only; numerical ties broken by original move_index; expanded sets also saved,1.7465164670603108e-05,2118,1.6563584661884498,4.742750238626892e-06,False,1,1.2722414431976216e-05,1.2722414431976216e-05,descriptive ambiguity from score ties; not uncertainty interval/certificate,"one matched checkpoint, same available paired subset; scores measured relative to no-op zero"
2012,late,16,8d23d77df9571531f26acc45ca51dc73068ce28f1180c843477c23bfd995499f,45c6c90baceeac68f1272dbe8de7256e3e0f9523cc12d68b0407332c6d5d0241,461b3633a6c62294e0e1195a9daae02348c4d7a926ec2f90a677b67a6d429f7c,<WORKSPACE>/Gaussian/A17/EXCHANGE_R1/results/object_2012_late,PROJECTED_ONLY,"base spectral fidelity minus child spectral fidelity, same full/projected scope; no-op0",2208,156,12,False,exact persisted spectrum subset only; not complete teacher domain; descriptive no inference/certificate,fixed12_per_removal,predeclared fixed bank; bounded nonrandom subset,delta_logdet_volume,156,0,1.092264853824229e-17,DESCRIPTIVE,0.18544251447477256,0.2957689936937933,0,0.0,5.405883763391533e-05,1.2199746989968884e-12,1.092264853824229e-17,False,False,"[292, 155]","[1599, 1737]","[292, 155]","[1599, 1737]",candidate-only; numerical ties broken by original move_index; expanded sets also saved,1.7465164670603108e-05,292,42.92404374846734,-3.659367296331222e-05,False,1,5.405883763391533e-05,5.405883763391533e-05,descriptive ambiguity from score ties; not uncertainty interval/certificate,"one matched checkpoint, same available paired subset; scores measured relative to no-op zero"
2012,late,16,8d23d77df9571531f26acc45ca51dc73068ce28f1180c843477c23bfd995499f,45c6c90baceeac68f1272dbe8de7256e3e0f9523cc12d68b0407332c6d5d0241,461b3633a6c62294e0e1195a9daae02348c4d7a926ec2f90a677b67a6d429f7c,<WORKSPACE>/Gaussian/A17/EXCHANGE_R1/results/object_2012_late,PROJECTED_ONLY,"base spectral fidelity minus child spectral fidelity, same full/projected scope; no-op0",2208,156,12,False,exact persisted spectrum subset only; not complete teacher domain; descriptive no inference/certificate,fixed12_per_removal,predeclared fixed bank; bounded nonrandom subset,delta_effective_dim,156,0,1.092264853824229e-17,DESCRIPTIVE,0.03937138130686518,0.07539947211202604,0,0.0,5.405883763391533e-05,2.415358082414785e-13,1.092264853824229e-17,False,False,"[292, 293]","[1599, 1737]","[292, 293]","[1599, 1737]",candidate-only; numerical ties broken by original move_index; expanded sets also saved,1.7465164670603108e-05,292,8.498285749944955,-3.659367296331222e-05,False,1,5.405883763391533e-05,5.405883763391533e-05,descriptive ambiguity from score ties; not uncertainty interval/certificate,"one matched checkpoint, same available paired subset; scores measured relative to no-op zero"
2012,late,16,8d23d77df9571531f26acc45ca51dc73068ce28f1180c843477c23bfd995499f,45c6c90baceeac68f1272dbe8de7256e3e0f9523cc12d68b0407332c6d5d0241,461b3633a6c62294e0e1195a9daae02348c4d7a926ec2f90a677b67a6d429f7c,<WORKSPACE>/Gaussian/A17/EXCHANGE_R1/results/object_2012_late,PROJECTED_ONLY,"base spectral fidelity minus child spectral fidelity, same full/projected scope; no-op0",2208,156,12,False,exact persisted spectrum subset only; not complete teacher domain; descriptive no inference/certificate,fixed12_per_removal,predeclared fixed bank; bounded nonrandom subset,Qhat,156,0,1.092264853824229e-17,DESCRIPTIVE,0.49975186104218366,0.6918145753978915,0,0.0,1.1551812338433821e-05,1.092264853824229e-17,1.092264853824229e-17,False,False,"[1843, 1875]","[1599, 1737]","[1843, 1875]","[1599, 1737]",candidate-only; numerical ties broken by original move_index; expanded sets also saved,1.7465164670603108e-05,1843,2.7279776429271548e-05,5.913352332169287e-06,False,1,1.1551812338433821e-05,1.1551812338433821e-05,descriptive ambiguity from score ties; not uncertainty interval/certificate,"one matched checkpoint, same available paired subset; scores measured relative to no-op zero"
2012,late,16,8d23d77df9571531f26acc45ca51dc73068ce28f1180c843477c23bfd995499f,45c6c90baceeac68f1272dbe8de7256e3e0f9523cc12d68b0407332c6d5d0241,461b3633a6c62294e0e1195a9daae02348c4d7a926ec2f90a677b67a6d429f7c,<WORKSPACE>/Gaussian/A17/EXCHANGE_R1/results/object_2012_late,PROJECTED_ONLY,"base spectral fidelity minus child spectral fidelity, same full/projected scope; no-op0",2208,156,12,False,exact persisted spectrum subset only; not complete teacher domain; descriptive no inference/certificate,fixed12_per_removal,predeclared fixed bank; bounded nonrandom subset,information_fidelity_improvement,156,0,1.092264853824229e-17,DESCRIPTIVE,0.17154673283705543,0.24530353558502313,0,0.0,6.557249428382664e-05,2.842170943040401e-14,1.092264853824229e-17,False,False,"[356, 632]","[1599, 1737]","[356, 632]","[1599, 1737]",candidate-only; numerical ties broken by original move_index; expanded sets also saved,1.7465164670603108e-05,356,0.11305624086930971,-4.8107329613223534e-05,False,1,6.557249428382664e-05,6.557249428382664e-05,descriptive ambiguity from score ties; not uncertainty interval/certificate,"one matched checkpoint, same available paired subset; scores measured relative to no-op zero"
2012,late,16,8d23d77df9571531f26acc45ca51dc73068ce28f1180c843477c23bfd995499f,45c6c90baceeac68f1272dbe8de7256e3e0f9523cc12d68b0407332c6d5d0241,461b3633a6c62294e0e1195a9daae02348c4d7a926ec2f90a677b67a6d429f7c,<WORKSPACE>/Gaussian/A17/EXCHANGE_R1/results/object_2012_late,PROJECTED_ONLY,"base spectral fidelity minus child spectral fidelity, same full/projected scope; no-op0",2208,156,12,False,exact persisted spectrum subset only; not complete teacher domain; descriptive no inference/certificate,spectrum_plus_teacher_best,teacher-best evaluator augmentation introduces utility-selection bias,receiver_score,156,0,1.092264853824229e-17,DESCRIPTIVE,0.4531017369727047,0.682884733922334,0,0.0,1.2722414431976216e-05,5.328028960885182e-14,1.092264853824229e-17,False,False,"[2118, 1980]","[1599, 1737]","[2118, 1980]","[1599, 1737]",candidate-only; numerical ties broken by original move_index; expanded sets also saved,1.7465164670603108e-05,2118,1.6563584661884498,4.742750238626892e-06,False,1,1.2722414431976216e-05,1.2722414431976216e-05,descriptive ambiguity from score ties; not uncertainty interval/certificate,"one matched checkpoint, same available paired subset; scores measured relative to no-op zero"
2012,late,16,8d23d77df9571531f26acc45ca51dc73068ce28f1180c843477c23bfd995499f,45c6c90baceeac68f1272dbe8de7256e3e0f9523cc12d68b0407332c6d5d0241,461b3633a6c62294e0e1195a9daae02348c4d7a926ec2f90a677b67a6d429f7c,<WORKSPACE>/Gaussian/A17/EXCHANGE_R1/results/object_2012_late,PROJECTED_ONLY,"base spectral fidelity minus child spectral fidelity, same full/projected scope; no-op0",2208,156,12,False,exact persisted spectrum subset only; not complete teacher domain; descriptive no inference/certificate,spectrum_plus_teacher_best,teacher-best evaluator augmentation introduces utility-selection bias,delta_logdet_volume,156,0,1.092264853824229e-17,DESCRIPTIVE,0.18544251447477256,0.2957689936937933,0,0.0,5.405883763391533e-05,1.2199746989968884e-12,1.092264853824229e-17,False,False,"[292, 155]","[1599, 1737]","[292, 155]","[1599, 1737]",candidate-only; numerical ties broken by original move_index; expanded sets also saved,1.7465164670603108e-05,292,42.92404374846734,-3.659367296331222e-05,False,1,5.405883763391533e-05,5.405883763391533e-05,descriptive ambiguity from score ties; not uncertainty interval/certificate,"one matched checkpoint, same available paired subset; scores measured relative to no-op zero"
2012,late,16,8d23d77df9571531f26acc45ca51dc73068ce28f1180c843477c23bfd995499f,45c6c90baceeac68f1272dbe8de7256e3e0f9523cc12d68b0407332c6d5d0241,461b3633a6c62294e0e1195a9daae02348c4d7a926ec2f90a677b67a6d429f7c,<WORKSPACE>/Gaussian/A17/EXCHANGE_R1/results/object_2012_late,PROJECTED_ONLY,"base spectral fidelity minus child spectral fidelity, same full/projected scope; no-op0",2208,156,12,False,exact persisted spectrum subset only; not complete teacher domain; descriptive no inference/certificate,spectrum_plus_teacher_best,teacher-best evaluator augmentation introduces utility-selection bias,delta_effective_dim,156,0,1.092264853824229e-17,DESCRIPTIVE,0.03937138130686518,0.07539947211202604,0,0.0,5.405883763391533e-05,2.415358082414785e-13,1.092264853824229e-17,False,False,"[292, 293]","[1599, 1737]","[292, 293]","[1599, 1737]",candidate-only; numerical ties broken by original move_index; expanded sets also saved,1.7465164670603108e-05,292,8.498285749944955,-3.659367296331222e-05,False,1,5.405883763391533e-05,5.405883763391533e-05,descriptive ambiguity from score ties; not uncertainty interval/certificate,"one matched checkpoint, same available paired subset; scores measured relative to no-op zero"
2012,late,16,8d23d77df9571531f26acc45ca51dc73068ce28f1180c843477c23bfd995499f,45c6c90baceeac68f1272dbe8de7256e3e0f9523cc12d68b0407332c6d5d0241,461b3633a6c62294e0e1195a9daae02348c4d7a926ec2f90a677b67a6d429f7c,<WORKSPACE>/Gaussian/A17/EXCHANGE_R1/results/object_2012_late,PROJECTED_ONLY,"base spectral fidelity minus child spectral fidelity, same full/projected scope; no-op0",2208,156,12,False,exact persisted spectrum subset only; not complete teacher domain; descriptive no inference/certificate,spectrum_plus_teacher_best,teacher-best evaluator augmentation introduces utility-selection bias,Qhat,156,0,1.092264853824229e-17,DESCRIPTIVE,0.49975186104218366,0.6918145753978915,0,0.0,1.1551812338433821e-05,1.092264853824229e-17,1.092264853824229e-17,False,False,"[1843, 1875]","[1599, 1737]","[1843, 1875]","[1599, 1737]",candidate-only; numerical ties broken by original move_index; expanded sets also saved,1.7465164670603108e-05,1843,2.7279776429271548e-05,5.913352332169287e-06,False,1,1.1551812338433821e-05,1.1551812338433821e-05,descriptive ambiguity from score ties; not uncertainty interval/certificate,"one matched checkpoint, same available paired subset; scores measured relative to no-op zero"
2012,late,16,8d23d77df9571531f26acc45ca51dc73068ce28f1180c843477c23bfd995499f,45c6c90baceeac68f1272dbe8de7256e3e0f9523cc12d68b0407332c6d5d0241,461b3633a6c62294e0e1195a9daae02348c4d7a926ec2f90a677b67a6d429f7c,<WORKSPACE>/Gaussian/A17/EXCHANGE_R1/results/object_2012_late,PROJECTED_ONLY,"base spectral fidelity minus child spectral fidelity, same full/projected scope; no-op0",2208,156,12,False,exact persisted spectrum subset only; not complete teacher domain; descriptive no inference/certificate,spectrum_plus_teacher_best,teacher-best evaluator augmentation introduces utility-selection bias,information_fidelity_improvement,156,0,1.092264853824229e-17,DESCRIPTIVE,0.17154673283705543,0.24530353558502313,0,0.0,6.557249428382664e-05,2.842170943040401e-14,1.092264853824229e-17,False,False,"[356, 632]","[1599, 1737]","[356, 632]","[1599, 1737]",candidate-only; numerical ties broken by original move_index; expanded sets also saved,1.7465164670603108e-05,356,0.11305624086930971,-4.8107329613223534e-05,False,1,6.557249428382664e-05,6.557249428382664e-05,descriptive ambiguity from score ties; not uncertainty interval/certificate,"one matched checkpoint, same available paired subset; scores measured relative to no-op zero"
2012,middle,4,6bb612278b131a2b4bd62344122f5a462651f080d63727a172cd273e16664884,92a2012fcd2c647e2ec3c2ce4ebd22933b2156099a2e0020204ff3316c7ed88c,884ab32bbc926536b8bc9340a5297009796c68a1810d4ffa5e39246f1c9228a0,<WORKSPACE>/Gaussian/A17/EXCHANGE_R1/results/object_2012_middle,PROJECTED_ONLY,"base spectral fidelity minus child spectral fidelity, same full/projected scope; no-op0",600,49,12,True,exact persisted spectrum subset only; not complete teacher domain; descriptive no inference/certificate,fixed12_per_removal,predeclared fixed bank; bounded nonrandom subset,receiver_score,48,0,1.631439621053487e-17,DESCRIPTIVE,-0.25886524822695034,-0.3824359531046461,0,0.0,5.552459626172324e-05,5.331681565091034e-14,1.631439621053487e-17,False,False,"[510, 511]","[301, 178]","[510, 511]","[301, 178]",candidate-only; numerical ties broken by original move_index; expanded sets also saved,6.152924054397837e-05,510,0.9252855380113091,6.004644282255129e-06,False,1,5.552459626172324e-05,5.552459626172324e-05,descriptive ambiguity from score ties; not uncertainty interval/certificate,"one matched checkpoint, same available paired subset; scores measured relative to no-op zero"
2012,middle,4,6bb612278b131a2b4bd62344122f5a462651f080d63727a172cd273e16664884,92a2012fcd2c647e2ec3c2ce4ebd22933b2156099a2e0020204ff3316c7ed88c,884ab32bbc926536b8bc9340a5297009796c68a1810d4ffa5e39246f1c9228a0,<WORKSPACE>/Gaussian/A17/EXCHANGE_R1/results/object_2012_middle,PROJECTED_ONLY,"base spectral fidelity minus child spectral fidelity, same full/projected scope; no-op0",600,49,12,True,exact persisted spectrum subset only; not complete teacher domain; descriptive no inference/certificate,fixed12_per_removal,predeclared fixed bank; bounded nonrandom subset,delta_logdet_volume,48,0,1.631439621053487e-17,DESCRIPTIVE,0.2801418439716312,0.420755536257056,0,0.0,6.989325838558253e-06,1.1554832763021431e-12,1.631439621053487e-17,False,False,"[179, 328]","[301, 178]","[179, 328]","[301, 178]",candidate-only; numerical ties broken by original move_index; expanded sets also saved,6.152924054397837e-05,179,29.499308080375272,5.453991470542012e-05,False,1,6.989325838558253e-06,6.989325838558253e-06,descriptive ambiguity from score ties; not uncertainty interval/certificate,"one matched checkpoint, same available paired subset; scores measured relative to no-op zero"
2012,middle,4,6bb612278b131a2b4bd62344122f5a462651f080d63727a172cd273e16664884,92a2012fcd2c647e2ec3c2ce4ebd22933b2156099a2e0020204ff3316c7ed88c,884ab32bbc926536b8bc9340a5297009796c68a1810d4ffa5e39246f1c9228a0,<WORKSPACE>/Gaussian/A17/EXCHANGE_R1/results/object_2012_middle,PROJECTED_ONLY,"base spectral fidelity minus child spectral fidelity, same full/projected scope; no-op0",600,49,12,True,exact persisted spectrum subset only; not complete teacher domain; descriptive no inference/certificate,fixed12_per_removal,predeclared fixed bank; bounded nonrandom subset,delta_effective_dim,48,0,1.631439621053487e-17,DESCRIPTIVE,0.2783687943262412,0.4052323056882327,1,0.5,6.989325838558253e-06,1.8873235573329655e-13,1.631439621053487e-17,False,False,"[179, 178]","[301, 178]","[179, 178]","[301, 178]",candidate-only; numerical ties broken by original move_index; expanded sets also saved,6.152924054397837e-05,179,4.970407321153914,5.453991470542012e-05,False,1,6.989325838558253e-06,6.989325838558253e-06,descriptive ambiguity from score ties; not uncertainty interval/certificate,"one matched checkpoint, same available paired subset; scores measured relative to no-op zero"
2012,middle,4,6bb612278b131a2b4bd62344122f5a462651f080d63727a172cd273e16664884,92a2012fcd2c647e2ec3c2ce4ebd22933b2156099a2e0020204ff3316c7ed88c,884ab32bbc926536b8bc9340a5297009796c68a1810d4ffa5e39246f1c9228a0,<WORKSPACE>/Gaussian/A17/EXCHANGE_R1/results/object_2012_middle,PROJECTED_ONLY,"base spectral fidelity minus child spectral fidelity, same full/projected scope; no-op0",600,49,12,True,exact persisted spectrum subset only; not complete teacher domain; descriptive no inference/certificate,fixed12_per_removal,predeclared fixed bank; bounded nonrandom subset,Qhat,48,0,1.631439621053487e-17,DESCRIPTIVE,0.9840425531914896,0.998588797221016,1,0.5,0.0,1.631439621053487e-17,1.631439621053487e-17,False,False,"[301, 300]","[301, 178]","[301, 300]","[301, 178]",candidate-only; numerical ties broken by original move_index; expanded sets also saved,6.152924054397837e-05,301,5.648217055381915e-05,6.152924054397837e-05,False,1,0.0,0.0,descriptive ambiguity from score ties; not uncertainty interval/certificate,"one matched checkpoint, same available paired subset; scores measured relative to no-op zero"
2012,middle,4,6bb612278b131a2b4bd62344122f5a462651f080d63727a172cd273e16664884,92a2012fcd2c647e2ec3c2ce4ebd22933b2156099a2e0020204ff3316c7ed88c,884ab32bbc926536b8bc9340a5297009796c68a1810d4ffa5e39246f1c9228a0,<WORKSPACE>/Gaussian/A17/EXCHANGE_R1/results/object_2012_middle,PROJECTED_ONLY,"base spectral fidelity minus child spectral fidelity, same full/projected scope; no-op0",600,49,12,True,exact persisted spectrum subset only; not complete teacher domain; descriptive no inference/certificate,fixed12_per_removal,predeclared fixed bank; bounded nonrandom subset,information_fidelity_improvement,48,0,1.631439621053487e-17,DESCRIPTIVE,0.4539007092198582,0.6438341293964394,0,0.0,2.7999573663808447e-06,2.842170943040401e-14,1.631439621053487e-17,False,False,"[300, 179]","[301, 178]","[300, 179]","[301, 178]",candidate-only; numerical ties broken by original move_index; expanded sets also saved,6.152924054397837e-05,300,0.052171079845418356,5.872928317759753e-05,False,1,2.7999573663808447e-06,2.7999573663808447e-06,descriptive ambiguity from score ties; not uncertainty interval/certificate,"one matched checkpoint, same available paired subset; scores measured relative to no-op zero"
2012,middle,4,6bb612278b131a2b4bd62344122f5a462651f080d63727a172cd273e16664884,92a2012fcd2c647e2ec3c2ce4ebd22933b2156099a2e0020204ff3316c7ed88c,884ab32bbc926536b8bc9340a5297009796c68a1810d4ffa5e39246f1c9228a0,<WORKSPACE>/Gaussian/A17/EXCHANGE_R1/results/object_2012_middle,PROJECTED_ONLY,"base spectral fidelity minus child spectral fidelity, same full/projected scope; no-op0",600,49,12,True,exact persisted spectrum subset only; not complete teacher domain; descriptive no inference/certificate,spectrum_plus_teacher_best,teacher-best evaluator augmentation introduces utility-selection bias,receiver_score,49,0,1.631439621053487e-17,DESCRIPTIVE,-0.26870748299319724,-0.39428571428571424,0,0.0,6.201788581422782e-05,5.331681565091034e-14,1.631439621053487e-17,False,False,"[510, 511]","[302, 301]","[510, 511]","[302, 301]",candidate-only; numerical ties broken by original move_index; expanded sets also saved,6.802253009648295e-05,510,0.9252855380113091,6.004644282255129e-06,False,1,6.201788581422782e-05,6.201788581422782e-05,descriptive ambiguity from score ties; not uncertainty interval/certificate,"one matched checkpoint, same available paired subset; scores measured relative to no-op zero"
2012,middle,4,6bb612278b131a2b4bd62344122f5a462651f080d63727a172cd273e16664884,92a2012fcd2c647e2ec3c2ce4ebd22933b2156099a2e0020204ff3316c7ed88c,884ab32bbc926536b8bc9340a5297009796c68a1810d4ffa5e39246f1c9228a0,<WORKSPACE>/Gaussian/A17/EXCHANGE_R1/results/object_2012_middle,PROJECTED_ONLY,"base spectral fidelity minus child spectral fidelity, same full/projected scope; no-op0",600,49,12,True,exact persisted spectrum subset only; not complete teacher domain; descriptive no inference/certificate,spectrum_plus_teacher_best,teacher-best evaluator augmentation introduces utility-selection bias,delta_logdet_volume,49,0,1.631439621053487e-17,DESCRIPTIVE,0.282312925170068,0.42295918367346935,0,0.0,1.3482615391062833e-05,1.1554832763021431e-12,1.631439621053487e-17,False,False,"[179, 328]","[302, 301]","[179, 328]","[302, 301]",candidate-only; numerical ties broken by original move_index; expanded sets also saved,6.802253009648295e-05,179,29.499308080375272,5.453991470542012e-05,False,1,1.3482615391062833e-05,1.3482615391062833e-05,descriptive ambiguity from score ties; not uncertainty interval/certificate,"one matched checkpoint, same available paired subset; scores measured relative to no-op zero"
2012,middle,4,6bb612278b131a2b4bd62344122f5a462651f080d63727a172cd273e16664884,92a2012fcd2c647e2ec3c2ce4ebd22933b2156099a2e0020204ff3316c7ed88c,884ab32bbc926536b8bc9340a5297009796c68a1810d4ffa5e39246f1c9228a0,<WORKSPACE>/Gaussian/A17/EXCHANGE_R1/results/object_2012_middle,PROJECTED_ONLY,"base spectral fidelity minus child spectral fidelity, same full/projected scope; no-op0",600,49,12,True,exact persisted spectrum subset only; not complete teacher domain; descriptive no inference/certificate,spectrum_plus_teacher_best,teacher-best evaluator augmentation introduces utility-selection bias,delta_effective_dim,49,0,1.631439621053487e-17,DESCRIPTIVE,0.2874149659863945,0.4193877551020408,0,0.0,1.3482615391062833e-05,1.8873235573329655e-13,1.631439621053487e-17,False,False,"[179, 178]","[302, 301]","[179, 178]","[302, 301]",candidate-only; numerical ties broken by original move_index; expanded sets also saved,6.802253009648295e-05,179,4.970407321153914,5.453991470542012e-05,False,1,1.3482615391062833e-05,1.3482615391062833e-05,descriptive ambiguity from score ties; not uncertainty interval/certificate,"one matched checkpoint, same available paired subset; scores measured relative to no-op zero"
2012,middle,4,6bb612278b131a2b4bd62344122f5a462651f080d63727a172cd273e16664884,92a2012fcd2c647e2ec3c2ce4ebd22933b2156099a2e0020204ff3316c7ed88c,884ab32bbc926536b8bc9340a5297009796c68a1810d4ffa5e39246f1c9228a0,<WORKSPACE>/Gaussian/A17/EXCHANGE_R1/results/object_2012_middle,PROJECTED_ONLY,"base spectral fidelity minus child spectral fidelity, same full/projected scope; no-op0",600,49,12,True,exact persisted spectrum subset only; not complete teacher domain; descriptive no inference/certificate,spectrum_plus_teacher_best,teacher-best evaluator augmentation introduces utility-selection bias,Qhat,49,0,1.631439621053487e-17,DESCRIPTIVE,0.9846938775510202,0.9986734693877549,2,1.0,0.0,1.631439621053487e-17,1.631439621053487e-17,False,False,"[302, 301]","[302, 301]","[302, 301]","[302, 301]",candidate-only; numerical ties broken by original move_index; expanded sets also saved,6.802253009648295e-05,302,6.127567154394942e-05,6.802253009648295e-05,False,1,0.0,0.0,descriptive ambiguity from score ties; not uncertainty interval/certificate,"one matched checkpoint, same available paired subset; scores measured relative to no-op zero"
2012,middle,4,6bb612278b131a2b4bd62344122f5a462651f080d63727a172cd273e16664884,92a2012fcd2c647e2ec3c2ce4ebd22933b2156099a2e0020204ff3316c7ed88c,884ab32bbc926536b8bc9340a5297009796c68a1810d4ffa5e39246f1c9228a0,<WORKSPACE>/Gaussian/A17/EXCHANGE_R1/results/object_2012_middle,PROJECTED_ONLY,"base spectral fidelity minus child spectral fidelity, same full/projected scope; no-op0",600,49,12,True,exact persisted spectrum subset only; not complete teacher domain; descriptive no inference/certificate,spectrum_plus_teacher_best,teacher-best evaluator augmentation introduces utility-selection bias,information_fidelity_improvement,49,0,1.631439621053487e-17,DESCRIPTIVE,0.4438775510204081,0.6343877551020407,0,0.0,9.293246918885424e-06,2.842170943040401e-14,1.631439621053487e-17,False,False,"[300, 179]","[302, 301]","[300, 179]","[302, 301]",candidate-only; numerical ties broken by original move_index; expanded sets also saved,6.802253009648295e-05,300,0.052171079845418356,5.872928317759753e-05,False,1,9.293246918885424e-06,9.293246918885424e-06,descriptive ambiguity from score ties; not uncertainty interval/certificate,"one matched checkpoint, same available paired subset; scores measured relative to no-op zero"
2012,middle,8,6bb612278b131a2b4bd62344122f5a462651f080d63727a172cd273e16664884,92a2012fcd2c647e2ec3c2ce4ebd22933b2156099a2e0020204ff3316c7ed88c,5acab65254d43f18fa74b95a5cc36139405784a08ad0dd4cc13ef7b90835dca8,<WORKSPACE>/Gaussian/A17/EXCHANGE_R1/results/object_2012_middle,PROJECTED_ONLY,"base spectral fidelity minus child spectral fidelity, same full/projected scope; no-op0",1168,97,12,True,exact persisted spectrum subset only; not complete teacher domain; descriptive no inference/certificate,fixed12_per_removal,predeclared fixed bank; bounded nonrandom subset,receiver_score,96,0,1.631439621053487e-17,DESCRIPTIVE,-0.045175438596491216,-0.07167661421595226,0,0.0,3.151103290346621e-05,5.331681565091034e-14,1.631439621053487e-17,False,False,"[1078, 932]","[293, 146]","[1078, 932]","[293, 146]",candidate-only; numerical ties broken by original move_index; expanded sets also saved,4.135990945025185e-05,1078,1.258933559598666,9.848876546785638e-06,False,1,3.151103290346621e-05,3.151103290346621e-05,descriptive ambiguity from score ties; not uncertainty interval/certificate,"one matched checkpoint, same available paired subset; scores measured relative to no-op zero"
2012,middle,8,6bb612278b131a2b4bd62344122f5a462651f080d63727a172cd273e16664884,92a2012fcd2c647e2ec3c2ce4ebd22933b2156099a2e0020204ff3316c7ed88c,5acab65254d43f18fa74b95a5cc36139405784a08ad0dd4cc13ef7b90835dca8,<WORKSPACE>/Gaussian/A17/EXCHANGE_R1/results/object_2012_middle,PROJECTED_ONLY,"base spectral fidelity minus child spectral fidelity, same full/projected scope; no-op0",1168,97,12,True,exact persisted spectrum subset only; not complete teacher domain; descriptive no inference/certificate,fixed12_per_removal,predeclared fixed bank; bounded nonrandom subset,delta_logdet_volume,96,0,1.631439621053487e-17,DESCRIPTIVE,0.09429824561403508,0.12939500813890395,0,0.0,1.8078727204791405e-06,1.0244211782298661e-12,1.631439621053487e-17,False,False,"[316, 171]","[293, 146]","[316, 171]","[293, 146]",candidate-only; numerical ties broken by original move_index; expanded sets also saved,4.135990945025185e-05,316,36.04361591051929,3.955203672977271e-05,False,1,1.8078727204791405e-06,1.8078727204791405e-06,descriptive ambiguity from score ties; not uncertainty interval/certificate,"one matched checkpoint, same available paired subset; scores measured relative to no-op zero"
2012,middle,8,6bb612278b131a2b4bd62344122f5a462651f080d63727a172cd273e16664884,92a2012fcd2c647e2ec3c2ce4ebd22933b2156099a2e0020204ff3316c7ed88c,5acab65254d43f18fa74b95a5cc36139405784a08ad0dd4cc13ef7b90835dca8,<WORKSPACE>/Gaussian/A17/EXCHANGE_R1/results/object_2012_middle,PROJECTED_ONLY,"base spectral fidelity minus child spectral fidelity, same full/projected scope; no-op0",1168,97,12,True,exact persisted spectrum subset only; not complete teacher domain; descriptive no inference/certificate,fixed12_per_removal,predeclared fixed bank; bounded nonrandom subset,delta_effective_dim,96,0,1.631439621053487e-17,DESCRIPTIVE,0.12368421052631577,0.17630222463374934,0,0.0,1.8078727204791405e-06,1.704704693087127e-13,1.631439621053487e-17,False,False,"[316, 317]","[293, 146]","[316, 317]","[293, 146]",candidate-only; numerical ties broken by original move_index; expanded sets also saved,4.135990945025185e-05,316,5.997896422315563,3.955203672977271e-05,False,1,1.8078727204791405e-06,1.8078727204791405e-06,descriptive ambiguity from score ties; not uncertainty interval/certificate,"one matched checkpoint, same available paired subset; scores measured relative to no-op zero"
2012,middle,8,6bb612278b131a2b4bd62344122f5a462651f080d63727a172cd273e16664884,92a2012fcd2c647e2ec3c2ce4ebd22933b2156099a2e0020204ff3316c7ed88c,5acab65254d43f18fa74b95a5cc36139405784a08ad0dd4cc13ef7b90835dca8,<WORKSPACE>/Gaussian/A17/EXCHANGE_R1/results/object_2012_middle,PROJECTED_ONLY,"base spectral fidelity minus child spectral fidelity, same full/projected scope; no-op0",1168,97,12,True,exact persisted spectrum subset only; not complete teacher domain; descriptive no inference/certificate,fixed12_per_removal,predeclared fixed bank; bounded nonrandom subset,Qhat,96,0,1.631439621053487e-17,DESCRIPTIVE,0.931578947368421,0.9904232230059686,1,0.5,0.0,1.631439621053487e-17,1.631439621053487e-17,False,False,"[293, 235]","[293, 146]","[293, 235]","[293, 146]",candidate-only; numerical ties broken by original move_index; expanded sets also saved,4.135990945025185e-05,293,3.9219547564990744e-05,4.135990945025185e-05,False,1,0.0,0.0,descriptive ambiguity from score ties; not uncertainty interval/certificate,"one matched checkpoint, same available paired subset; scores measured relative to no-op zero"
2012,middle,8,6bb612278b131a2b4bd62344122f5a462651f080d63727a172cd273e16664884,92a2012fcd2c647e2ec3c2ce4ebd22933b2156099a2e0020204ff3316c7ed88c,5acab65254d43f18fa74b95a5cc36139405784a08ad0dd4cc13ef7b90835dca8,<WORKSPACE>/Gaussian/A17/EXCHANGE_R1/results/object_2012_middle,PROJECTED_ONLY,"base spectral fidelity minus child spectral fidelity, same full/projected scope; no-op0",1168,97,12,True,exact persisted spectrum subset only; not complete teacher domain; descriptive no inference/certificate,fixed12_per_removal,predeclared fixed bank; bounded nonrandom subset,information_fidelity_improvement,96,0,1.631439621053487e-17,DESCRIPTIVE,0.10131578947368419,0.11881443298969073,0,0.0,4.5212018597942265e-06,2.842170943040401e-14,1.631439621053487e-17,False,False,"[171, 203]","[293, 146]","[171, 203]","[293, 146]",candidate-only; numerical ties broken by original move_index; expanded sets also saved,4.135990945025185e-05,171,0.0757672431586921,3.6838707590457624e-05,False,1,4.5212018597942265e-06,4.5212018597942265e-06,descriptive ambiguity from score ties; not uncertainty interval/certificate,"one matched checkpoint, same available paired subset; scores measured relative to no-op zero"
2012,middle,8,6bb612278b131a2b4bd62344122f5a462651f080d63727a172cd273e16664884,92a2012fcd2c647e2ec3c2ce4ebd22933b2156099a2e0020204ff3316c7ed88c,5acab65254d43f18fa74b95a5cc36139405784a08ad0dd4cc13ef7b90835dca8,<WORKSPACE>/Gaussian/A17/EXCHANGE_R1/results/object_2012_middle,PROJECTED_ONLY,"base spectral fidelity minus child spectral fidelity, same full/projected scope; no-op0",1168,97,12,True,exact persisted spectrum subset only; not complete teacher domain; descriptive no inference/certificate,spectrum_plus_teacher_best,teacher-best evaluator augmentation introduces utility-selection bias,receiver_score,97,0,1.631439621053487e-17,DESCRIPTIVE,-0.05970790378006874,-0.09430885756364402,0,0.0,3.795723925017383e-05,5.331681565091034e-14,1.631439621053487e-17,False,False,"[1078, 932]","[155, 293]","[1078, 932]","[155, 293]",candidate-only; numerical ties broken by original move_index; expanded sets also saved,4.780611579695947e-05,1078,1.258933559598666,9.848876546785638e-06,False,1,3.795723925017383e-05,3.795723925017383e-05,descriptive ambiguity from score ties; not uncertainty interval/certificate,"one matched checkpoint, same available paired subset; scores measured relative to no-op zero"
2012,middle,8,6bb612278b131a2b4bd62344122f5a462651f080d63727a172cd273e16664884,92a2012fcd2c647e2ec3c2ce4ebd22933b2156099a2e0020204ff3316c7ed88c,5acab65254d43f18fa74b95a5cc36139405784a08ad0dd4cc13ef7b90835dca8,<WORKSPACE>/Gaussian/A17/EXCHANGE_R1/results/object_2012_middle,PROJECTED_ONLY,"base spectral fidelity minus child spectral fidelity, same full/projected scope; no-op0",1168,97,12,True,exact persisted spectrum subset only; not complete teacher domain; descriptive no inference/certificate,spectrum_plus_teacher_best,teacher-best evaluator augmentation introduces utility-selection bias,delta_logdet_volume,97,0,1.631439621053487e-17,DESCRIPTIVE,0.09106529209621994,0.1254996844098464,0,0.0,8.254079067186757e-06,1.0244211782298661e-12,1.631439621053487e-17,False,False,"[316, 171]","[155, 293]","[316, 171]","[155, 293]",candidate-only; numerical ties broken by original move_index; expanded sets also saved,4.780611579695947e-05,316,36.04361591051929,3.955203672977271e-05,False,1,8.254079067186757e-06,8.254079067186757e-06,descriptive ambiguity from score ties; not uncertainty interval/certificate,"one matched checkpoint, same available paired subset; scores measured relative to no-op zero"
2012,middle,8,6bb612278b131a2b4bd62344122f5a462651f080d63727a172cd273e16664884,92a2012fcd2c647e2ec3c2ce4ebd22933b2156099a2e0020204ff3316c7ed88c,5acab65254d43f18fa74b95a5cc36139405784a08ad0dd4cc13ef7b90835dca8,<WORKSPACE>/Gaussian/A17/EXCHANGE_R1/results/object_2012_middle,PROJECTED_ONLY,"base spectral fidelity minus child spectral fidelity, same full/projected scope; no-op0",1168,97,12,True,exact persisted spectrum subset only; not complete teacher domain; descriptive no inference/certificate,spectrum_plus_teacher_best,teacher-best evaluator augmentation introduces utility-selection bias,delta_effective_dim,97,0,1.631439621053487e-17,DESCRIPTIVE,0.1327319587628866,0.19035346097201766,0,0.0,8.254079067186757e-06,1.704704693087127e-13,1.631439621053487e-17,False,False,"[316, 317]","[155, 293]","[316, 317]","[155, 293]",candidate-only; numerical ties broken by original move_index; expanded sets also saved,4.780611579695947e-05,316,5.997896422315563,3.955203672977271e-05,False,1,8.254079067186757e-06,8.254079067186757e-06,descriptive ambiguity from score ties; not uncertainty interval/certificate,"one matched checkpoint, same available paired subset; scores measured relative to no-op zero"
2012,middle,8,6bb612278b131a2b4bd62344122f5a462651f080d63727a172cd273e16664884,92a2012fcd2c647e2ec3c2ce4ebd22933b2156099a2e0020204ff3316c7ed88c,5acab65254d43f18fa74b95a5cc36139405784a08ad0dd4cc13ef7b90835dca8,<WORKSPACE>/Gaussian/A17/EXCHANGE_R1/results/object_2012_middle,PROJECTED_ONLY,"base spectral fidelity minus child spectral fidelity, same full/projected scope; no-op0",1168,97,12,True,exact persisted spectrum subset only; not complete teacher domain; descriptive no inference/certificate,spectrum_plus_teacher_best,teacher-best evaluator augmentation introduces utility-selection bias,Qhat,97,0,1.631439621053487e-17,DESCRIPTIVE,0.9329896907216497,0.9907163896486428,2,1.0,0.0,1.631439621053487e-17,1.631439621053487e-17,False,False,"[155, 293]","[155, 293]","[155, 293]","[155, 293]",candidate-only; numerical ties broken by original move_index; expanded sets also saved,4.780611579695947e-05,155,4.2562276952289224e-05,4.780611579695947e-05,False,1,0.0,0.0,descriptive ambiguity from score ties; not uncertainty interval/certificate,"one matched checkpoint, same available paired subset; scores measured relative to no-op zero"
2012,middle,8,6bb612278b131a2b4bd62344122f5a462651f080d63727a172cd273e16664884,92a2012fcd2c647e2ec3c2ce4ebd22933b2156099a2e0020204ff3316c7ed88c,5acab65254d43f18fa74b95a5cc36139405784a08ad0dd4cc13ef7b90835dca8,<WORKSPACE>/Gaussian/A17/EXCHANGE_R1/results/object_2012_middle,PROJECTED_ONLY,"base spectral fidelity minus child spectral fidelity, same full/projected scope; no-op0",1168,97,12,True,exact persisted spectrum subset only; not complete teacher domain; descriptive no inference/certificate,spectrum_plus_teacher_best,teacher-best evaluator augmentation introduces utility-selection bias,information_fidelity_improvement,97,0,1.631439621053487e-17,DESCRIPTIVE,0.10352233676975947,0.12443456764148957,0,0.0,1.0967408206501843e-05,2.842170943040401e-14,1.631439621053487e-17,False,False,"[171, 203]","[155, 293]","[171, 203]","[155, 293]",candidate-only; numerical ties broken by original move_index; expanded sets also saved,4.780611579695947e-05,171,0.0757672431586921,3.6838707590457624e-05,False,1,1.0967408206501843e-05,1.0967408206501843e-05,descriptive ambiguity from score ties; not uncertainty interval/certificate,"one matched checkpoint, same available paired subset; scores measured relative to no-op zero"
2012,middle,16,6bb612278b131a2b4bd62344122f5a462651f080d63727a172cd273e16664884,92a2012fcd2c647e2ec3c2ce4ebd22933b2156099a2e0020204ff3316c7ed88c,54bda9c0f2fcedb63898f4690c8d19fe1bd71bd0a4e3da46edd2a7675d339d45,<WORKSPACE>/Gaussian/A17/EXCHANGE_R1/results/object_2012_middle,PROJECTED_ONLY,"base spectral fidelity minus child spectral fidelity, same full/projected scope; no-op0",2208,193,12,True,exact persisted spectrum subset only; not complete teacher domain; descriptive no inference/certificate,fixed12_per_removal,predeclared fixed bank; bounded nonrandom subset,receiver_score,192,0,1.631439621053487e-17,DESCRIPTIVE,0.15281413612565445,0.24194314081870713,0,0.0,7.0684478485732294e-06,5.331681565091034e-14,1.631439621053487e-17,False,False,"[2118, 1980]","[1737, 633]","[2118, 1980]","[1737, 633]",candidate-only; numerical ties broken by original move_index; expanded sets also saved,6.1420056544176256e-06,2118,1.656358466188451,-9.264421941556043e-07,False,1,7.0684478485732294e-06,7.0684478485732294e-06,descriptive ambiguity from score ties; not uncertainty interval/certificate,"one matched checkpoint, same available paired subset; scores measured relative to no-op zero"
2012,middle,16,6bb612278b131a2b4bd62344122f5a462651f080d63727a172cd273e16664884,92a2012fcd2c647e2ec3c2ce4ebd22933b2156099a2e0020204ff3316c7ed88c,54bda9c0f2fcedb63898f4690c8d19fe1bd71bd0a4e3da46edd2a7675d339d45,<WORKSPACE>/Gaussian/A17/EXCHANGE_R1/results/object_2012_middle,PROJECTED_ONLY,"base spectral fidelity minus child spectral fidelity, same full/projected scope; no-op0",2208,193,12,True,exact persisted spectrum subset only; not complete teacher domain; descriptive no inference/certificate,fixed12_per_removal,predeclared fixed bank; bounded nonrandom subset,delta_logdet_volume,192,0,1.631439621053487e-17,DESCRIPTIVE,0.013852530541012218,0.027563207009738765,0,0.0,2.6281837006695264e-05,1.2293332886672571e-12,1.631439621053487e-17,False,False,"[292, 155]","[1737, 633]","[292, 155]","[1737, 633]",candidate-only; numerical ties broken by original move_index; expanded sets also saved,6.1420056544176256e-06,292,43.25331984965629,-2.013983135227764e-05,False,1,2.6281837006695264e-05,2.6281837006695264e-05,descriptive ambiguity from score ties; not uncertainty interval/certificate,"one matched checkpoint, same available paired subset; scores measured relative to no-op zero"
2012,middle,16,6bb612278b131a2b4bd62344122f5a462651f080d63727a172cd273e16664884,92a2012fcd2c647e2ec3c2ce4ebd22933b2156099a2e0020204ff3316c7ed88c,54bda9c0f2fcedb63898f4690c8d19fe1bd71bd0a4e3da46edd2a7675d339d45,<WORKSPACE>/Gaussian/A17/EXCHANGE_R1/results/object_2012_middle,PROJECTED_ONLY,"base spectral fidelity minus child spectral fidelity, same full/projected scope; no-op0",2208,193,12,True,exact persisted spectrum subset only; not complete teacher domain; descriptive no inference/certificate,fixed12_per_removal,predeclared fixed bank; bounded nonrandom subset,delta_effective_dim,192,0,1.631439621053487e-17,DESCRIPTIVE,-0.020287958115183247,-0.042578262756693706,0,0.0,2.6281837006695264e-05,2.4587742056800736e-13,1.631439621053487e-17,False,False,"[292, 293]","[1737, 633]","[292, 293]","[1737, 633]",candidate-only; numerical ties broken by original move_index; expanded sets also saved,6.1420056544176256e-06,292,8.651042653507005,-2.013983135227764e-05,False,1,2.6281837006695264e-05,2.6281837006695264e-05,descriptive ambiguity from score ties; not uncertainty interval/certificate,"one matched checkpoint, same available paired subset; scores measured relative to no-op zero"
2012,middle,16,6bb612278b131a2b4bd62344122f5a462651f080d63727a172cd273e16664884,92a2012fcd2c647e2ec3c2ce4ebd22933b2156099a2e0020204ff3316c7ed88c,54bda9c0f2fcedb63898f4690c8d19fe1bd71bd0a4e3da46edd2a7675d339d45,<WORKSPACE>/Gaussian/A17/EXCHANGE_R1/results/object_2012_middle,PROJECTED_ONLY,"base spectral fidelity minus child spectral fidelity, same full/projected scope; no-op0",2208,193,12,True,exact persisted spectrum subset only; not complete teacher domain; descriptive no inference/certificate,fixed12_per_removal,predeclared fixed bank; bounded nonrandom subset,Qhat,192,0,1.631439621053487e-17,DESCRIPTIVE,0.8318062827225131,0.9444954968396496,1,0.5,0.0,1.631439621053487e-17,1.631439621053487e-17,False,False,"[1737, 1185]","[1737, 633]","[1737, 1185]","[1737, 633]",candidate-only; numerical ties broken by original move_index; expanded sets also saved,6.1420056544176256e-06,1737,4.638647395086646e-06,6.1420056544176256e-06,False,1,0.0,0.0,descriptive ambiguity from score ties; not uncertainty interval/certificate,"one matched checkpoint, same available paired subset; scores measured relative to no-op zero"
2012,middle,16,6bb612278b131a2b4bd62344122f5a462651f080d63727a172cd273e16664884,92a2012fcd2c647e2ec3c2ce4ebd22933b2156099a2e0020204ff3316c7ed88c,54bda9c0f2fcedb63898f4690c8d19fe1bd71bd0a4e3da46edd2a7675d339d45,<WORKSPACE>/Gaussian/A17/EXCHANGE_R1/results/object_2012_middle,PROJECTED_ONLY,"base spectral fidelity minus child spectral fidelity, same full/projected scope; no-op0",2208,193,12,True,exact persisted spectrum subset only; not complete teacher domain; descriptive no inference/certificate,fixed12_per_removal,predeclared fixed bank; bounded nonrandom subset,information_fidelity_improvement,192,0,1.631439621053487e-17,DESCRIPTIVE,0.00512652705061082,0.011349456094186583,0,0.0,2.6272100767306132e-05,2.842170943040401e-14,1.631439621053487e-17,False,False,"[293, 49]","[1737, 633]","[293, 49]","[1737, 633]",candidate-only; numerical ties broken by original move_index; expanded sets also saved,6.1420056544176256e-06,293,0.023689105699571056,-2.0130095112888508e-05,False,1,2.6272100767306132e-05,2.6272100767306132e-05,descriptive ambiguity from score ties; not uncertainty interval/certificate,"one matched checkpoint, same available paired subset; scores measured relative to no-op zero"
2012,middle,16,6bb612278b131a2b4bd62344122f5a462651f080d63727a172cd273e16664884,92a2012fcd2c647e2ec3c2ce4ebd22933b2156099a2e0020204ff3316c7ed88c,54bda9c0f2fcedb63898f4690c8d19fe1bd71bd0a4e3da46edd2a7675d339d45,<WORKSPACE>/Gaussian/A17/EXCHANGE_R1/results/object_2012_middle,PROJECTED_ONLY,"base spectral fidelity minus child spectral fidelity, same full/projected scope; no-op0",2208,193,12,True,exact persisted spectrum subset only; not complete teacher domain; descriptive no inference/certificate,spectrum_plus_teacher_best,teacher-best evaluator augmentation introduces utility-selection bias,receiver_score,193,0,1.631439621053487e-17,DESCRIPTIVE,0.1525259067357513,0.24300084130121255,0,0.0,7.4589246029475215e-06,5.331681565091034e-14,1.631439621053487e-17,False,False,"[2118, 1980]","[1658, 1737]","[2118, 1980]","[1658, 1737]",candidate-only; numerical ties broken by original move_index; expanded sets also saved,6.532482408791917e-06,2118,1.656358466188451,-9.264421941556043e-07,False,1,7.4589246029475215e-06,7.4589246029475215e-06,descriptive ambiguity from score ties; not uncertainty interval/certificate,"one matched checkpoint, same available paired subset; scores measured relative to no-op zero"
2012,middle,16,6bb612278b131a2b4bd62344122f5a462651f080d63727a172cd273e16664884,92a2012fcd2c647e2ec3c2ce4ebd22933b2156099a2e0020204ff3316c7ed88c,54bda9c0f2fcedb63898f4690c8d19fe1bd71bd0a4e3da46edd2a7675d339d45,<WORKSPACE>/Gaussian/A17/EXCHANGE_R1/results/object_2012_middle,PROJECTED_ONLY,"base spectral fidelity minus child spectral fidelity, same full/projected scope; no-op0",2208,193,12,True,exact persisted spectrum subset only; not complete teacher domain; descriptive no inference/certificate,spectrum_plus_teacher_best,teacher-best evaluator augmentation introduces utility-selection bias,delta_logdet_volume,193,0,1.631439621053487e-17,DESCRIPTIVE,0.014464594127806563,0.028492401581112117,0,0.0,2.6672313761069556e-05,1.2293332886672571e-12,1.631439621053487e-17,False,False,"[292, 155]","[1658, 1737]","[292, 155]","[1658, 1737]",candidate-only; numerical ties broken by original move_index; expanded sets also saved,6.532482408791917e-06,292,43.25331984965629,-2.013983135227764e-05,False,1,2.6672313761069556e-05,2.6672313761069556e-05,descriptive ambiguity from score ties; not uncertainty interval/certificate,"one matched checkpoint, same available paired subset; scores measured relative to no-op zero"
2012,middle,16,6bb612278b131a2b4bd62344122f5a462651f080d63727a172cd273e16664884,92a2012fcd2c647e2ec3c2ce4ebd22933b2156099a2e0020204ff3316c7ed88c,54bda9c0f2fcedb63898f4690c8d19fe1bd71bd0a4e3da46edd2a7675d339d45,<WORKSPACE>/Gaussian/A17/EXCHANGE_R1/results/object_2012_middle,PROJECTED_ONLY,"base spectral fidelity minus child spectral fidelity, same full/projected scope; no-op0",2208,193,12,True,exact persisted spectrum subset only; not complete teacher domain; descriptive no inference/certificate,spectrum_plus_teacher_best,teacher-best evaluator augmentation introduces utility-selection bias,delta_effective_dim,193,0,1.631439621053487e-17,DESCRIPTIVE,-0.022236614853195166,-0.04516986272100849,0,0.0,2.6672313761069556e-05,2.4587742056800736e-13,1.631439621053487e-17,False,False,"[292, 293]","[1658, 1737]","[292, 293]","[1658, 1737]",candidate-only; numerical ties broken by original move_index; expanded sets also saved,6.532482408791917e-06,292,8.651042653507005,-2.013983135227764e-05,False,1,2.6672313761069556e-05,2.6672313761069556e-05,descriptive ambiguity from score ties; not uncertainty interval/certificate,"one matched checkpoint, same available paired subset; scores measured relative to no-op zero"
2012,middle,16,6bb612278b131a2b4bd62344122f5a462651f080d63727a172cd273e16664884,92a2012fcd2c647e2ec3c2ce4ebd22933b2156099a2e0020204ff3316c7ed88c,54bda9c0f2fcedb63898f4690c8d19fe1bd71bd0a4e3da46edd2a7675d339d45,<WORKSPACE>/Gaussian/A17/EXCHANGE_R1/results/object_2012_middle,PROJECTED_ONLY,"base spectral fidelity minus child spectral fidelity, same full/projected scope; no-op0",2208,193,12,True,exact persisted spectrum subset only; not complete teacher domain; descriptive no inference/certificate,spectrum_plus_teacher_best,teacher-best evaluator augmentation introduces utility-selection bias,Qhat,193,0,1.631439621053487e-17,DESCRIPTIVE,0.8335492227979274,0.9453538138988301,2,1.0,0.0,1.631439621053487e-17,1.631439621053487e-17,False,False,"[1658, 1737]","[1658, 1737]","[1658, 1737]","[1658, 1737]",candidate-only; numerical ties broken by original move_index; expanded sets also saved,6.532482408791917e-06,1658,4.779114790392823e-06,6.532482408791917e-06,False,1,0.0,0.0,descriptive ambiguity from score ties; not uncertainty interval/certificate,"one matched checkpoint, same available paired subset; scores measured relative to no-op zero"
2012,middle,16,6bb612278b131a2b4bd62344122f5a462651f080d63727a172cd273e16664884,92a2012fcd2c647e2ec3c2ce4ebd22933b2156099a2e0020204ff3316c7ed88c,54bda9c0f2fcedb63898f4690c8d19fe1bd71bd0a4e3da46edd2a7675d339d45,<WORKSPACE>/Gaussian/A17/EXCHANGE_R1/results/object_2012_middle,PROJECTED_ONLY,"base spectral fidelity minus child spectral fidelity, same full/projected scope; no-op0",2208,193,12,True,exact persisted spectrum subset only; not complete teacher domain; descriptive no inference/certificate,spectrum_plus_teacher_best,teacher-best evaluator augmentation introduces utility-selection bias,information_fidelity_improvement,193,0,1.631439621053487e-17,DESCRIPTIVE,0.012197754749568222,0.021156054697932802,0,0.0,2.6662577521680425e-05,2.842170943040401e-14,1.631439621053487e-17,False,False,"[293, 49]","[1658, 1737]","[293, 49]","[1658, 1737]",candidate-only; numerical ties broken by original move_index; expanded sets also saved,6.532482408791917e-06,293,0.023689105699571056,-2.0130095112888508e-05,False,1,2.6662577521680425e-05,2.6662577521680425e-05,descriptive ambiguity from score ties; not uncertainty interval/certificate,"one matched checkpoint, same available paired subset; scores measured relative to no-op zero"
2014,early,4,25387349f2beb0f96d242ca9b954a62e6bfcc22e30747f954ca70f472e65a2bd,15474a2e7dfb31aa73576c60d06182b0d2ccfdb87e63d2d45e59b2a6b1f4cca0,ae698a837a5bb6c55530b33d201a1d112da8db5518cbe0e29d180b6fc4048f0a,<WORKSPACE>/Gaussian/A17/EXCHANGE_R1/results/object_2014_early,PROJECTED_ONLY,"base spectral fidelity minus child spectral fidelity, same full/projected scope; no-op0",600,49,12,True,exact persisted spectrum subset only; not complete teacher domain; descriptive no inference/certificate,fixed12_per_removal,predeclared fixed bank; bounded nonrandom subset,receiver_score,48,0,6.847644058182508e-15,DESCRIPTIVE,-0.40780141843971635,-0.6096396005210594,0,0.0,0.002297157654228938,1.3240893268006046e-13,6.847644058182508e-15,False,False,"[511, 510]","[151, 150]","[511, 510]","[151, 150]",candidate-only; numerical ties broken by original move_index; expanded sets also saved,6.720071691877713e-05,511,2.29754815241055,-0.002229956937310161,False,1,0.002297157654228938,0.002297157654228938,descriptive ambiguity from score ties; not uncertainty interval/certificate,"one matched checkpoint, same available paired subset; scores measured relative to no-op zero"
2014,early,4,25387349f2beb0f96d242ca9b954a62e6bfcc22e30747f954ca70f472e65a2bd,15474a2e7dfb31aa73576c60d06182b0d2ccfdb87e63d2d45e59b2a6b1f4cca0,ae698a837a5bb6c55530b33d201a1d112da8db5518cbe0e29d180b6fc4048f0a,<WORKSPACE>/Gaussian/A17/EXCHANGE_R1/results/object_2014_early,PROJECTED_ONLY,"base spectral fidelity minus child spectral fidelity, same full/projected scope; no-op0",600,49,12,True,exact persisted spectrum subset only; not complete teacher domain; descriptive no inference/certificate,fixed12_per_removal,predeclared fixed bank; bounded nonrandom subset,delta_logdet_volume,48,0,6.847644058182508e-15,DESCRIPTIVE,-0.07801418439716314,-0.1302648719062093,0,0.0,0.00022142959686031902,1.0535322318861913e-12,6.847644058182508e-15,False,False,"[178, 329]","[151, 150]","[178, 329]","[151, 150]",candidate-only; numerical ties broken by original move_index; expanded sets also saved,6.720071691877713e-05,178,37.06787005426139,-0.0001542288799415419,False,1,0.00022142959686031902,0.00022142959686031902,descriptive ambiguity from score ties; not uncertainty interval/certificate,"one matched checkpoint, same available paired subset; scores measured relative to no-op zero"
2014,early,4,25387349f2beb0f96d242ca9b954a62e6bfcc22e30747f954ca70f472e65a2bd,15474a2e7dfb31aa73576c60d06182b0d2ccfdb87e63d2d45e59b2a6b1f4cca0,ae698a837a5bb6c55530b33d201a1d112da8db5518cbe0e29d180b6fc4048f0a,<WORKSPACE>/Gaussian/A17/EXCHANGE_R1/results/object_2014_early,PROJECTED_ONLY,"base spectral fidelity minus child spectral fidelity, same full/projected scope; no-op0",600,49,12,True,exact persisted spectrum subset only; not complete teacher domain; descriptive no inference/certificate,fixed12_per_removal,predeclared fixed bank; bounded nonrandom subset,delta_effective_dim,48,0,6.847644058182508e-15,DESCRIPTIVE,0.030141843971631208,0.0462440295267043,0,0.0,0.00022142959686031902,1.3697564656269297e-13,6.847644058182508e-15,False,False,"[178, 179]","[151, 150]","[178, 179]","[151, 150]",candidate-only; numerical ties broken by original move_index; expanded sets also saved,6.720071691877713e-05,178,3.8370039941210052,-0.0001542288799415419,False,1,0.00022142959686031902,0.00022142959686031902,descriptive ambiguity from score ties; not uncertainty interval/certificate,"one matched checkpoint, same available paired subset; scores measured relative to no-op zero"
2014,early,4,25387349f2beb0f96d242ca9b954a62e6bfcc22e30747f954ca70f472e65a2bd,15474a2e7dfb31aa73576c60d06182b0d2ccfdb87e63d2d45e59b2a6b1f4cca0,ae698a837a5bb6c55530b33d201a1d112da8db5518cbe0e29d180b6fc4048f0a,<WORKSPACE>/Gaussian/A17/EXCHANGE_R1/results/object_2014_early,PROJECTED_ONLY,"base spectral fidelity minus child spectral fidelity, same full/projected scope; no-op0",600,49,12,True,exact persisted spectrum subset only; not complete teacher domain; descriptive no inference/certificate,fixed12_per_removal,predeclared fixed bank; bounded nonrandom subset,Qhat,48,0,6.847644058182508e-15,DESCRIPTIVE,0.9911347517730498,0.999348675640469,2,1.0,0.0,6.847644058182508e-15,6.847644058182508e-15,False,False,"[151, 150]","[151, 150]","[151, 150]","[151, 150]",candidate-only; numerical ties broken by original move_index; expanded sets also saved,6.720071691877713e-05,151,7.036505430754996e-05,6.720071691877713e-05,False,1,0.0,0.0,descriptive ambiguity from score ties; not uncertainty interval/certificate,"one matched checkpoint, same available paired subset; scores measured relative to no-op zero"
2014,early,4,25387349f2beb0f96d242ca9b954a62e6bfcc22e30747f954ca70f472e65a2bd,15474a2e7dfb31aa73576c60d06182b0d2ccfdb87e63d2d45e59b2a6b1f4cca0,ae698a837a5bb6c55530b33d201a1d112da8db5518cbe0e29d180b6fc4048f0a,<WORKSPACE>/Gaussian/A17/EXCHANGE_R1/results/object_2014_early,PROJECTED_ONLY,"base spectral fidelity minus child spectral fidelity, same full/projected scope; no-op0",600,49,12,True,exact persisted spectrum subset only; not complete teacher domain; descriptive no inference/certificate,fixed12_per_removal,predeclared fixed bank; bounded nonrandom subset,information_fidelity_improvement,48,0,6.847644058182508e-15,DESCRIPTIVE,0.16843971631205673,0.2621580547112462,1,0.5,7.432851209398008e-05,2.842170943040401e-14,6.847644058182508e-15,False,False,"[300, 150]","[151, 150]","[300, 150]","[151, 150]",candidate-only; numerical ties broken by original move_index; expanded sets also saved,6.720071691877713e-05,300,0.053547403120605686,-7.127795175202947e-06,False,1,7.432851209398008e-05,7.432851209398008e-05,descriptive ambiguity from score ties; not uncertainty interval/certificate,"one matched checkpoint, same available paired subset; scores measured relative to no-op zero"
2014,early,4,25387349f2beb0f96d242ca9b954a62e6bfcc22e30747f954ca70f472e65a2bd,15474a2e7dfb31aa73576c60d06182b0d2ccfdb87e63d2d45e59b2a6b1f4cca0,ae698a837a5bb6c55530b33d201a1d112da8db5518cbe0e29d180b6fc4048f0a,<WORKSPACE>/Gaussian/A17/EXCHANGE_R1/results/object_2014_early,PROJECTED_ONLY,"base spectral fidelity minus child spectral fidelity, same full/projected scope; no-op0",600,49,12,True,exact persisted spectrum subset only; not complete teacher domain; descriptive no inference/certificate,spectrum_plus_teacher_best,teacher-best evaluator augmentation introduces utility-selection bias,receiver_score,49,0,6.847644058182508e-15,DESCRIPTIVE,-0.4115646258503401,-0.6151020408163265,0,0.0,0.002339644991491173,1.3240893268006046e-13,6.847644058182508e-15,False,False,"[511, 510]","[14, 151]","[511, 510]","[14, 151]",candidate-only; numerical ties broken by original move_index; expanded sets also saved,0.0001096880541810124,511,2.29754815241055,-0.002229956937310161,False,1,0.002339644991491173,0.002339644991491173,descriptive ambiguity from score ties; not uncertainty interval/certificate,"one matched checkpoint, same available paired subset; scores measured relative to no-op zero"
2014,early,4,25387349f2beb0f96d242ca9b954a62e6bfcc22e30747f954ca70f472e65a2bd,15474a2e7dfb31aa73576c60d06182b0d2ccfdb87e63d2d45e59b2a6b1f4cca0,ae698a837a5bb6c55530b33d201a1d112da8db5518cbe0e29d180b6fc4048f0a,<WORKSPACE>/Gaussian/A17/EXCHANGE_R1/results/object_2014_early,PROJECTED_ONLY,"base spectral fidelity minus child spectral fidelity, same full/projected scope; no-op0",600,49,12,True,exact persisted spectrum subset only; not complete teacher domain; descriptive no inference/certificate,spectrum_plus_teacher_best,teacher-best evaluator augmentation introduces utility-selection bias,delta_logdet_volume,49,0,6.847644058182508e-15,DESCRIPTIVE,-0.07312925170068027,-0.13010204081632654,0,0.0,0.0002639169341225543,1.0535322318861913e-12,6.847644058182508e-15,False,False,"[178, 329]","[14, 151]","[178, 329]","[14, 151]",candidate-only; numerical ties broken by original move_index; expanded sets also saved,0.0001096880541810124,178,37.06787005426139,-0.0001542288799415419,False,1,0.0002639169341225543,0.0002639169341225543,descriptive ambiguity from score ties; not uncertainty interval/certificate,"one matched checkpoint, same available paired subset; scores measured relative to no-op zero"
2014,early,4,25387349f2beb0f96d242ca9b954a62e6bfcc22e30747f954ca70f472e65a2bd,15474a2e7dfb31aa73576c60d06182b0d2ccfdb87e63d2d45e59b2a6b1f4cca0,ae698a837a5bb6c55530b33d201a1d112da8db5518cbe0e29d180b6fc4048f0a,<WORKSPACE>/Gaussian/A17/EXCHANGE_R1/results/object_2014_early,PROJECTED_ONLY,"base spectral fidelity minus child spectral fidelity, same full/projected scope; no-op0",600,49,12,True,exact persisted spectrum subset only; not complete teacher domain; descriptive no inference/certificate,spectrum_plus_teacher_best,teacher-best evaluator augmentation introduces utility-selection bias,delta_effective_dim,49,0,6.847644058182508e-15,DESCRIPTIVE,0.039115646258503396,0.05612244897959183,0,0.0,0.0002639169341225543,1.3697564656269297e-13,6.847644058182508e-15,False,False,"[178, 179]","[14, 151]","[178, 179]","[14, 151]",candidate-only; numerical ties broken by original move_index; expanded sets also saved,0.0001096880541810124,178,3.8370039941210052,-0.0001542288799415419,False,1,0.0002639169341225543,0.0002639169341225543,descriptive ambiguity from score ties; not uncertainty interval/certificate,"one matched checkpoint, same available paired subset; scores measured relative to no-op zero"
2014,early,4,25387349f2beb0f96d242ca9b954a62e6bfcc22e30747f954ca70f472e65a2bd,15474a2e7dfb31aa73576c60d06182b0d2ccfdb87e63d2d45e59b2a6b1f4cca0,ae698a837a5bb6c55530b33d201a1d112da8db5518cbe0e29d180b6fc4048f0a,<WORKSPACE>/Gaussian/A17/EXCHANGE_R1/results/object_2014_early,PROJECTED_ONLY,"base spectral fidelity minus child spectral fidelity, same full/projected scope; no-op0",600,49,12,True,exact persisted spectrum subset only; not complete teacher domain; descriptive no inference/certificate,spectrum_plus_teacher_best,teacher-best evaluator augmentation introduces utility-selection bias,Qhat,49,0,6.847644058182508e-15,DESCRIPTIVE,0.9914965986394556,0.9993877551020407,2,1.0,0.0,6.847644058182508e-15,6.847644058182508e-15,False,False,"[14, 151]","[14, 151]","[14, 151]","[14, 151]",candidate-only; numerical ties broken by original move_index; expanded sets also saved,0.0001096880541810124,14,0.00010639350134792902,0.0001096880541810124,False,1,0.0,0.0,descriptive ambiguity from score ties; not uncertainty interval/certificate,"one matched checkpoint, same available paired subset; scores measured relative to no-op zero"
2014,early,4,25387349f2beb0f96d242ca9b954a62e6bfcc22e30747f954ca70f472e65a2bd,15474a2e7dfb31aa73576c60d06182b0d2ccfdb87e63d2d45e59b2a6b1f4cca0,ae698a837a5bb6c55530b33d201a1d112da8db5518cbe0e29d180b6fc4048f0a,<WORKSPACE>/Gaussian/A17/EXCHANGE_R1/results/object_2014_early,PROJECTED_ONLY,"base spectral fidelity minus child spectral fidelity, same full/projected scope; no-op0",600,49,12,True,exact persisted spectrum subset only; not complete teacher domain; descriptive no inference/certificate,spectrum_plus_teacher_best,teacher-best evaluator augmentation introduces utility-selection bias,information_fidelity_improvement,49,0,6.847644058182508e-15,DESCRIPTIVE,0.1649659863945578,0.253469387755102,0,0.0,0.00011681584935621535,2.842170943040401e-14,6.847644058182508e-15,False,False,"[300, 150]","[14, 151]","[300, 150]","[14, 151]",candidate-only; numerical ties broken by original move_index; expanded sets also saved,0.0001096880541810124,300,0.053547403120605686,-7.127795175202947e-06,False,1,0.00011681584935621535,0.00011681584935621535,descriptive ambiguity from score ties; not uncertainty interval/certificate,"one matched checkpoint, same available paired subset; scores measured relative to no-op zero"
2014,early,8,25387349f2beb0f96d242ca9b954a62e6bfcc22e30747f954ca70f472e65a2bd,15474a2e7dfb31aa73576c60d06182b0d2ccfdb87e63d2d45e59b2a6b1f4cca0,3040709137c4252db5cdaeb39105c212c285c49badca849f6b37cb59ff6b9fe2,<WORKSPACE>/Gaussian/A17/EXCHANGE_R1/results/object_2014_early,PROJECTED_ONLY,"base spectral fidelity minus child spectral fidelity, same full/projected scope; no-op0",1168,97,12,True,exact persisted spectrum subset only; not complete teacher domain; descriptive no inference/certificate,fixed12_per_removal,predeclared fixed bank; bounded nonrandom subset,receiver_score,96,0,6.847644058182508e-15,DESCRIPTIVE,-0.16929824561403506,-0.25461204557786216,0,0.0,8.71660066205771e-05,1.3240893268006046e-13,6.847644058182508e-15,False,False,"[1079, 933]","[267, 147]","[1079, 933]","[267, 147]",candidate-only; numerical ties broken by original move_index; expanded sets also saved,2.1751537180554503e-05,1079,3.1249652241491725,-6.54144694400226e-05,False,1,8.71660066205771e-05,8.71660066205771e-05,descriptive ambiguity from score ties; not uncertainty interval/certificate,"one matched checkpoint, same available paired subset; scores measured relative to no-op zero"
2014,early,8,25387349f2beb0f96d242ca9b954a62e6bfcc22e30747f954ca70f472e65a2bd,15474a2e7dfb31aa73576c60d06182b0d2ccfdb87e63d2d45e59b2a6b1f4cca0,3040709137c4252db5cdaeb39105c212c285c49badca849f6b37cb59ff6b9fe2,<WORKSPACE>/Gaussian/A17/EXCHANGE_R1/results/object_2014_early,PROJECTED_ONLY,"base spectral fidelity minus child spectral fidelity, same full/projected scope; no-op0",1168,97,12,True,exact persisted spectrum subset only; not complete teacher domain; descriptive no inference/certificate,fixed12_per_removal,predeclared fixed bank; bounded nonrandom subset,delta_logdet_volume,96,0,6.847644058182508e-15,DESCRIPTIVE,-0.3697368421052631,-0.5849837221920781,0,0.0,5.55326463892985e-05,1.2885612115644012e-12,6.847644058182508e-15,False,False,"[170, 25]","[267, 147]","[170, 25]","[267, 147]",candidate-only; numerical ties broken by original move_index; expanded sets also saved,2.1751537180554503e-05,170,45.33721712691806,-3.3781109208744e-05,False,1,5.55326463892985e-05,5.55326463892985e-05,descriptive ambiguity from score ties; not uncertainty interval/certificate,"one matched checkpoint, same available paired subset; scores measured relative to no-op zero"
2014,early,8,25387349f2beb0f96d242ca9b954a62e6bfcc22e30747f954ca70f472e65a2bd,15474a2e7dfb31aa73576c60d06182b0d2ccfdb87e63d2d45e59b2a6b1f4cca0,3040709137c4252db5cdaeb39105c212c285c49badca849f6b37cb59ff6b9fe2,<WORKSPACE>/Gaussian/A17/EXCHANGE_R1/results/object_2014_early,PROJECTED_ONLY,"base spectral fidelity minus child spectral fidelity, same full/projected scope; no-op0",1168,97,12,True,exact persisted spectrum subset only; not complete teacher domain; descriptive no inference/certificate,fixed12_per_removal,predeclared fixed bank; bounded nonrandom subset,delta_effective_dim,96,0,6.847644058182508e-15,DESCRIPTIVE,-0.28859649122807013,-0.4454286489419425,0,0.0,0.00030606041064679216,2.0951372812683532e-13,6.847644058182508e-15,False,False,"[317, 316]","[267, 147]","[317, 316]","[267, 147]",candidate-only; numerical ties broken by original move_index; expanded sets also saved,2.1751537180554503e-05,317,7.371608968132961,-0.00028430887346623764,False,1,0.00030606041064679216,0.00030606041064679216,descriptive ambiguity from score ties; not uncertainty interval/certificate,"one matched checkpoint, same available paired subset; scores measured relative to no-op zero"
2014,early,8,25387349f2beb0f96d242ca9b954a62e6bfcc22e30747f954ca70f472e65a2bd,15474a2e7dfb31aa73576c60d06182b0d2ccfdb87e63d2d45e59b2a6b1f4cca0,3040709137c4252db5cdaeb39105c212c285c49badca849f6b37cb59ff6b9fe2,<WORKSPACE>/Gaussian/A17/EXCHANGE_R1/results/object_2014_early,PROJECTED_ONLY,"base spectral fidelity minus child spectral fidelity, same full/projected scope; no-op0",1168,97,12,True,exact persisted spectrum subset only; not complete teacher domain; descriptive no inference/certificate,fixed12_per_removal,predeclared fixed bank; bounded nonrandom subset,Qhat,96,0,6.847644058182508e-15,DESCRIPTIVE,0.957456140350877,0.9947097124253933,1,0.5,0.0,6.847644058182508e-15,6.847644058182508e-15,False,False,"[267, 266]","[267, 147]","[267, 266]","[267, 147]",candidate-only; numerical ties broken by original move_index; expanded sets also saved,2.1751537180554503e-05,267,2.1396619841265523e-05,2.1751537180554503e-05,False,1,0.0,0.0,descriptive ambiguity from score ties; not uncertainty interval/certificate,"one matched checkpoint, same available paired subset; scores measured relative to no-op zero"
2014,early,8,25387349f2beb0f96d242ca9b954a62e6bfcc22e30747f954ca70f472e65a2bd,15474a2e7dfb31aa73576c60d06182b0d2ccfdb87e63d2d45e59b2a6b1f4cca0,3040709137c4252db5cdaeb39105c212c285c49badca849f6b37cb59ff6b9fe2,<WORKSPACE>/Gaussian/A17/EXCHANGE_R1/results/object_2014_early,PROJECTED_ONLY,"base spectral fidelity minus child spectral fidelity, same full/projected scope; no-op0",1168,97,12,True,exact persisted spectrum subset only; not complete teacher domain; descriptive no inference/certificate,fixed12_per_removal,predeclared fixed bank; bounded nonrandom subset,information_fidelity_improvement,96,0,6.847644058182508e-15,DESCRIPTIVE,-0.32938596491228067,-0.4812669560499186,0,0.0,0.00030606041064679216,2.842170943040401e-14,6.847644058182508e-15,False,False,"[317, 349]","[267, 147]","[317, 349]","[267, 147]",candidate-only; numerical ties broken by original move_index; expanded sets also saved,2.1751537180554503e-05,317,0.20793872571830463,-0.00028430887346623764,False,1,0.00030606041064679216,0.00030606041064679216,descriptive ambiguity from score ties; not uncertainty interval/certificate,"one matched checkpoint, same available paired subset; scores measured relative to no-op zero"
2014,early,8,25387349f2beb0f96d242ca9b954a62e6bfcc22e30747f954ca70f472e65a2bd,15474a2e7dfb31aa73576c60d06182b0d2ccfdb87e63d2d45e59b2a6b1f4cca0,3040709137c4252db5cdaeb39105c212c285c49badca849f6b37cb59ff6b9fe2,<WORKSPACE>/Gaussian/A17/EXCHANGE_R1/results/object_2014_early,PROJECTED_ONLY,"base spectral fidelity minus child spectral fidelity, same full/projected scope; no-op0",1168,97,12,True,exact persisted spectrum subset only; not complete teacher domain; descriptive no inference/certificate,spectrum_plus_teacher_best,teacher-best evaluator augmentation introduces utility-selection bias,receiver_score,97,0,6.847644058182508e-15,DESCRIPTIVE,-0.18127147766323026,-0.26989532926572685,0,0.0,0.00014542541785806466,1.3240893268006046e-13,6.847644058182508e-15,False,False,"[1079, 933]","[10, 267]","[1079, 933]","[10, 267]",candidate-only; numerical ties broken by original move_index; expanded sets also saved,8.001094841804206e-05,1079,3.1249652241491725,-6.54144694400226e-05,False,1,0.00014542541785806466,0.00014542541785806466,descriptive ambiguity from score ties; not uncertainty interval/certificate,"one matched checkpoint, same available paired subset; scores measured relative to no-op zero"
2014,early,8,25387349f2beb0f96d242ca9b954a62e6bfcc22e30747f954ca70f472e65a2bd,15474a2e7dfb31aa73576c60d06182b0d2ccfdb87e63d2d45e59b2a6b1f4cca0,3040709137c4252db5cdaeb39105c212c285c49badca849f6b37cb59ff6b9fe2,<WORKSPACE>/Gaussian/A17/EXCHANGE_R1/results/object_2014_early,PROJECTED_ONLY,"base spectral fidelity minus child spectral fidelity, same full/projected scope; no-op0",1168,97,12,True,exact persisted spectrum subset only; not complete teacher domain; descriptive no inference/certificate,spectrum_plus_teacher_best,teacher-best evaluator augmentation introduces utility-selection bias,delta_logdet_volume,97,0,6.847644058182508e-15,DESCRIPTIVE,-0.3655498281786942,-0.5820402903429412,0,0.0,0.00011379205762678606,1.2885612115644012e-12,6.847644058182508e-15,False,False,"[170, 25]","[10, 267]","[170, 25]","[10, 267]",candidate-only; numerical ties broken by original move_index; expanded sets also saved,8.001094841804206e-05,170,45.33721712691806,-3.3781109208744e-05,False,1,0.00011379205762678606,0.00011379205762678606,descriptive ambiguity from score ties; not uncertainty interval/certificate,"one matched checkpoint, same available paired subset; scores measured relative to no-op zero"
2014,early,8,25387349f2beb0f96d242ca9b954a62e6bfcc22e30747f954ca70f472e65a2bd,15474a2e7dfb31aa73576c60d06182b0d2ccfdb87e63d2d45e59b2a6b1f4cca0,3040709137c4252db5cdaeb39105c212c285c49badca849f6b37cb59ff6b9fe2,<WORKSPACE>/Gaussian/A17/EXCHANGE_R1/results/object_2014_early,PROJECTED_ONLY,"base spectral fidelity minus child spectral fidelity, same full/projected scope; no-op0",1168,97,12,True,exact persisted spectrum subset only; not complete teacher domain; descriptive no inference/certificate,spectrum_plus_teacher_best,teacher-best evaluator augmentation introduces utility-selection bias,delta_effective_dim,97,0,6.847644058182508e-15,DESCRIPTIVE,-0.2882302405498282,-0.44702030296654743,0,0.0,0.0003643198218842797,2.0951372812683532e-13,6.847644058182508e-15,False,False,"[317, 316]","[10, 267]","[317, 316]","[10, 267]",candidate-only; numerical ties broken by original move_index; expanded sets also saved,8.001094841804206e-05,317,7.371608968132961,-0.00028430887346623764,False,1,0.0003643198218842797,0.0003643198218842797,descriptive ambiguity from score ties; not uncertainty interval/certificate,"one matched checkpoint, same available paired subset; scores measured relative to no-op zero"
2014,early,8,25387349f2beb0f96d242ca9b954a62e6bfcc22e30747f954ca70f472e65a2bd,15474a2e7dfb31aa73576c60d06182b0d2ccfdb87e63d2d45e59b2a6b1f4cca0,3040709137c4252db5cdaeb39105c212c285c49badca849f6b37cb59ff6b9fe2,<WORKSPACE>/Gaussian/A17/EXCHANGE_R1/results/object_2014_early,PROJECTED_ONLY,"base spectral fidelity minus child spectral fidelity, same full/projected scope; no-op0",1168,97,12,True,exact persisted spectrum subset only; not complete teacher domain; descriptive no inference/certificate,spectrum_plus_teacher_best,teacher-best evaluator augmentation introduces utility-selection bias,Qhat,97,0,6.847644058182508e-15,DESCRIPTIVE,0.9583333333333334,0.9948716600042077,2,1.0,0.0,6.847644058182508e-15,6.847644058182508e-15,False,False,"[10, 267]","[10, 267]","[10, 267]","[10, 267]",candidate-only; numerical ties broken by original move_index; expanded sets also saved,8.001094841804206e-05,10,7.793471186712324e-05,8.001094841804206e-05,False,1,0.0,0.0,descriptive ambiguity from score ties; not uncertainty interval/certificate,"one matched checkpoint, same available paired subset; scores measured relative to no-op zero"
2014,early,8,25387349f2beb0f96d242ca9b954a62e6bfcc22e30747f954ca70f472e65a2bd,15474a2e7dfb31aa73576c60d06182b0d2ccfdb87e63d2d45e59b2a6b1f4cca0,3040709137c4252db5cdaeb39105c212c285c49badca849f6b37cb59ff6b9fe2,<WORKSPACE>/Gaussian/A17/EXCHANGE_R1/results/object_2014_early,PROJECTED_ONLY,"base spectral fidelity minus child spectral fidelity, same full/projected scope; no-op0",1168,97,12,True,exact persisted spectrum subset only; not complete teacher domain; descriptive no inference/certificate,spectrum_plus_teacher_best,teacher-best evaluator augmentation introduces utility-selection bias,information_fidelity_improvement,97,0,6.847644058182508e-15,DESCRIPTIVE,-0.3260309278350516,-0.4772380601725226,0,0.0,0.0003643198218842797,2.842170943040401e-14,6.847644058182508e-15,False,False,"[317, 349]","[10, 267]","[317, 349]","[10, 267]",candidate-only; numerical ties broken by original move_index; expanded sets also saved,8.001094841804206e-05,317,0.20793872571830463,-0.00028430887346623764,False,1,0.0003643198218842797,0.0003643198218842797,descriptive ambiguity from score ties; not uncertainty interval/certificate,"one matched checkpoint, same available paired subset; scores measured relative to no-op zero"
2014,early,16,25387349f2beb0f96d242ca9b954a62e6bfcc22e30747f954ca70f472e65a2bd,15474a2e7dfb31aa73576c60d06182b0d2ccfdb87e63d2d45e59b2a6b1f4cca0,9d7a622f65ebb6765ff9cdb16e68960e688c539d0a75645b8479ced86f4bf5ae,<WORKSPACE>/Gaussian/A17/EXCHANGE_R1/results/object_2014_early,PROJECTED_ONLY,"base spectral fidelity minus child spectral fidelity, same full/projected scope; no-op0",2208,193,12,True,exact persisted spectrum subset only; not complete teacher domain; descriptive no inference/certificate,fixed12_per_removal,predeclared fixed bank; bounded nonrandom subset,receiver_score,192,0,6.847644058182508e-15,DESCRIPTIVE,-0.17462914485165792,-0.25280091148305894,0,0.0,1.954491123870104e-05,1.3240893268006046e-13,6.847644058182508e-15,False,False,"[2119, 1981]","[1, 0]","[2119, 1981]","[1, 0]",candidate-only; numerical ties broken by original move_index; expanded sets also saved,1.0507537570937547e-05,2119,4.1138858309642545,-9.037373667763491e-06,False,1,1.954491123870104e-05,1.954491123870104e-05,descriptive ambiguity from score ties; not uncertainty interval/certificate,"one matched checkpoint, same available paired subset; scores measured relative to no-op zero"
2014,early,16,25387349f2beb0f96d242ca9b954a62e6bfcc22e30747f954ca70f472e65a2bd,15474a2e7dfb31aa73576c60d06182b0d2ccfdb87e63d2d45e59b2a6b1f4cca0,9d7a622f65ebb6765ff9cdb16e68960e688c539d0a75645b8479ced86f4bf5ae,<WORKSPACE>/Gaussian/A17/EXCHANGE_R1/results/object_2014_early,PROJECTED_ONLY,"base spectral fidelity minus child spectral fidelity, same full/projected scope; no-op0",2208,193,12,True,exact persisted spectrum subset only; not complete teacher domain; descriptive no inference/certificate,fixed12_per_removal,predeclared fixed bank; bounded nonrandom subset,delta_logdet_volume,192,0,6.847644058182508e-15,DESCRIPTIVE,-0.468695462478185,-0.6470376800585954,0,0.0,7.72868036666791e-05,1.523038511000298e-12,6.847644058182508e-15,False,False,"[17, 154]","[1, 0]","[17, 154]","[1, 0]",candidate-only; numerical ties broken by original move_index; expanded sets also saved,1.0507537570937547e-05,17,53.587153676655134,-6.677926609574154e-05,False,1,7.72868036666791e-05,7.72868036666791e-05,descriptive ambiguity from score ties; not uncertainty interval/certificate,"one matched checkpoint, same available paired subset; scores measured relative to no-op zero"
2014,early,16,25387349f2beb0f96d242ca9b954a62e6bfcc22e30747f954ca70f472e65a2bd,15474a2e7dfb31aa73576c60d06182b0d2ccfdb87e63d2d45e59b2a6b1f4cca0,9d7a622f65ebb6765ff9cdb16e68960e688c539d0a75645b8479ced86f4bf5ae,<WORKSPACE>/Gaussian/A17/EXCHANGE_R1/results/object_2014_early,PROJECTED_ONLY,"base spectral fidelity minus child spectral fidelity, same full/projected scope; no-op0",2208,193,12,True,exact persisted spectrum subset only; not complete teacher domain; descriptive no inference/certificate,fixed12_per_removal,predeclared fixed bank; bounded nonrandom subset,delta_effective_dim,192,0,6.847644058182508e-15,DESCRIPTIVE,-0.29679319371727747,-0.4258419689119171,0,0.0,7.72868036666791e-05,2.731438915791806e-13,6.847644058182508e-15,False,False,"[17, 16]","[1, 0]","[17, 16]","[1, 0]",candidate-only; numerical ties broken by original move_index; expanded sets also saved,1.0507537570937547e-05,17,9.610396315113476,-6.677926609574154e-05,False,1,7.72868036666791e-05,7.72868036666791e-05,descriptive ambiguity from score ties; not uncertainty interval/certificate,"one matched checkpoint, same available paired subset; scores measured relative to no-op zero"
2014,early,16,25387349f2beb0f96d242ca9b954a62e6bfcc22e30747f954ca70f472e65a2bd,15474a2e7dfb31aa73576c60d06182b0d2ccfdb87e63d2d45e59b2a6b1f4cca0,9d7a622f65ebb6765ff9cdb16e68960e688c539d0a75645b8479ced86f4bf5ae,<WORKSPACE>/Gaussian/A17/EXCHANGE_R1/results/object_2014_early,PROJECTED_ONLY,"base spectral fidelity minus child spectral fidelity, same full/projected scope; no-op0",2208,193,12,True,exact persisted spectrum subset only; not complete teacher domain; descriptive no inference/certificate,fixed12_per_removal,predeclared fixed bank; bounded nonrandom subset,Qhat,192,0,6.847644058182508e-15,DESCRIPTIVE,0.8975785340314136,0.9816618289341618,2,1.0,0.0,6.847644058182508e-15,6.847644058182508e-15,False,False,"[1, 0]","[1, 0]","[1, 0]","[1, 0]",candidate-only; numerical ties broken by original move_index; expanded sets also saved,1.0507537570937547e-05,1,8.70924544075021e-06,1.0507537570937547e-05,False,1,0.0,0.0,descriptive ambiguity from score ties; not uncertainty interval/certificate,"one matched checkpoint, same available paired subset; scores measured relative to no-op zero"
2014,early,16,25387349f2beb0f96d242ca9b954a62e6bfcc22e30747f954ca70f472e65a2bd,15474a2e7dfb31aa73576c60d06182b0d2ccfdb87e63d2d45e59b2a6b1f4cca0,9d7a622f65ebb6765ff9cdb16e68960e688c539d0a75645b8479ced86f4bf5ae,<WORKSPACE>/Gaussian/A17/EXCHANGE_R1/results/object_2014_early,PROJECTED_ONLY,"base spectral fidelity minus child spectral fidelity, same full/projected scope; no-op0",2208,193,12,True,exact persisted spectrum subset only; not complete teacher domain; descriptive no inference/certificate,fixed12_per_removal,predeclared fixed bank; bounded nonrandom subset,information_fidelity_improvement,192,0,6.847644058182508e-15,DESCRIPTIVE,0.009380453752181502,0.0032146054309198932,0,0.0,0.00012370379246086626,2.842170943040401e-14,6.847644058182508e-15,False,False,"[1184, 1322]","[1, 0]","[1184, 1322]","[1, 0]",candidate-only; numerical ties broken by original move_index; expanded sets also saved,1.0507537570937547e-05,1184,0.11916119205221454,-0.00011319625488992871,False,1,0.00012370379246086626,0.00012370379246086626,descriptive ambiguity from score ties; not uncertainty interval/certificate,"one matched checkpoint, same available paired subset; scores measured relative to no-op zero"
2014,early,16,25387349f2beb0f96d242ca9b954a62e6bfcc22e30747f954ca70f472e65a2bd,15474a2e7dfb31aa73576c60d06182b0d2ccfdb87e63d2d45e59b2a6b1f4cca0,9d7a622f65ebb6765ff9cdb16e68960e688c539d0a75645b8479ced86f4bf5ae,<WORKSPACE>/Gaussian/A17/EXCHANGE_R1/results/object_2014_early,PROJECTED_ONLY,"base spectral fidelity minus child spectral fidelity, same full/projected scope; no-op0",2208,193,12,True,exact persisted spectrum subset only; not complete teacher domain; descriptive no inference/certificate,spectrum_plus_teacher_best,teacher-best evaluator augmentation introduces utility-selection bias,receiver_score,193,0,6.847644058182508e-15,DESCRIPTIVE,-0.18188687392055267,-0.26220053683029754,0,0.0,1.9848944714938687e-05,1.3240893268006046e-13,6.847644058182508e-15,False,False,"[2119, 1981]","[6, 1]","[2119, 1981]","[6, 1]",candidate-only; numerical ties broken by original move_index; expanded sets also saved,1.0811571047175194e-05,2119,4.1138858309642545,-9.037373667763491e-06,False,1,1.9848944714938687e-05,1.9848944714938687e-05,descriptive ambiguity from score ties; not uncertainty interval/certificate,"one matched checkpoint, same available paired subset; scores measured relative to no-op zero"
2014,early,16,25387349f2beb0f96d242ca9b954a62e6bfcc22e30747f954ca70f472e65a2bd,15474a2e7dfb31aa73576c60d06182b0d2ccfdb87e63d2d45e59b2a6b1f4cca0,9d7a622f65ebb6765ff9cdb16e68960e688c539d0a75645b8479ced86f4bf5ae,<WORKSPACE>/Gaussian/A17/EXCHANGE_R1/results/object_2014_early,PROJECTED_ONLY,"base spectral fidelity minus child spectral fidelity, same full/projected scope; no-op0",2208,193,12,True,exact persisted spectrum subset only; not complete teacher domain; descriptive no inference/certificate,spectrum_plus_teacher_best,teacher-best evaluator augmentation introduces utility-selection bias,delta_logdet_volume,193,0,6.847644058182508e-15,DESCRIPTIVE,-0.4683721934369603,-0.647289474387052,0,0.0,7.759083714291674e-05,1.523038511000298e-12,6.847644058182508e-15,False,False,"[17, 154]","[6, 1]","[17, 154]","[6, 1]",candidate-only; numerical ties broken by original move_index; expanded sets also saved,1.0811571047175194e-05,17,53.587153676655134,-6.677926609574154e-05,False,1,7.759083714291674e-05,7.759083714291674e-05,descriptive ambiguity from score ties; not uncertainty interval/certificate,"one matched checkpoint, same available paired subset; scores measured relative to no-op zero"
2014,early,16,25387349f2beb0f96d242ca9b954a62e6bfcc22e30747f954ca70f472e65a2bd,15474a2e7dfb31aa73576c60d06182b0d2ccfdb87e63d2d45e59b2a6b1f4cca0,9d7a622f65ebb6765ff9cdb16e68960e688c539d0a75645b8479ced86f4bf5ae,<WORKSPACE>/Gaussian/A17/EXCHANGE_R1/results/object_2014_early,PROJECTED_ONLY,"base spectral fidelity minus child spectral fidelity, same full/projected scope; no-op0",2208,193,12,True,exact persisted spectrum subset only; not complete teacher domain; descriptive no inference/certificate,spectrum_plus_teacher_best,teacher-best evaluator augmentation introduces utility-selection bias,delta_effective_dim,193,0,6.847644058182508e-15,DESCRIPTIVE,-0.29954663212435234,-0.4307044896105977,0,0.0,7.759083714291674e-05,2.731438915791806e-13,6.847644058182508e-15,False,False,"[17, 16]","[6, 1]","[17, 16]","[6, 1]",candidate-only; numerical ties broken by original move_index; expanded sets also saved,1.0811571047175194e-05,17,9.610396315113476,-6.677926609574154e-05,False,1,7.759083714291674e-05,7.759083714291674e-05,descriptive ambiguity from score ties; not uncertainty interval/certificate,"one matched checkpoint, same available paired subset; scores measured relative to no-op zero"
2014,early,16,25387349f2beb0f96d242ca9b954a62e6bfcc22e30747f954ca70f472e65a2bd,15474a2e7dfb31aa73576c60d06182b0d2ccfdb87e63d2d45e59b2a6b1f4cca0,9d7a622f65ebb6765ff9cdb16e68960e688c539d0a75645b8479ced86f4bf5ae,<WORKSPACE>/Gaussian/A17/EXCHANGE_R1/results/object_2014_early,PROJECTED_ONLY,"base spectral fidelity minus child spectral fidelity, same full/projected scope; no-op0",2208,193,12,True,exact persisted spectrum subset only; not complete teacher domain; descriptive no inference/certificate,spectrum_plus_teacher_best,teacher-best evaluator augmentation introduces utility-selection bias,Qhat,193,0,6.847644058182508e-15,DESCRIPTIVE,0.898639896373057,0.9819454088990972,2,1.0,0.0,6.847644058182508e-15,6.847644058182508e-15,False,False,"[6, 1]","[6, 1]","[6, 1]","[6, 1]",candidate-only; numerical ties broken by original move_index; expanded sets also saved,1.0811571047175194e-05,6,9.019557560668558e-06,1.0811571047175194e-05,False,1,0.0,0.0,descriptive ambiguity from score ties; not uncertainty interval/certificate,"one matched checkpoint, same available paired subset; scores measured relative to no-op zero"
2014,early,16,25387349f2beb0f96d242ca9b954a62e6bfcc22e30747f954ca70f472e65a2bd,15474a2e7dfb31aa73576c60d06182b0d2ccfdb87e63d2d45e59b2a6b1f4cca0,9d7a622f65ebb6765ff9cdb16e68960e688c539d0a75645b8479ced86f4bf5ae,<WORKSPACE>/Gaussian/A17/EXCHANGE_R1/results/object_2014_early,PROJECTED_ONLY,"base spectral fidelity minus child spectral fidelity, same full/projected scope; no-op0",2208,193,12,True,exact persisted spectrum subset only; not complete teacher domain; descriptive no inference/certificate,spectrum_plus_teacher_best,teacher-best evaluator augmentation introduces utility-selection bias,information_fidelity_improvement,193,0,6.847644058182508e-15,DESCRIPTIVE,0.005721070811744387,-0.0006643608781582179,0,0.0,0.0001240078259371039,2.842170943040401e-14,6.847644058182508e-15,False,False,"[1184, 1322]","[6, 1]","[1184, 1322]","[6, 1]",candidate-only; numerical ties broken by original move_index; expanded sets also saved,1.0811571047175194e-05,1184,0.11916119205221454,-0.00011319625488992871,False,1,0.0001240078259371039,0.0001240078259371039,descriptive ambiguity from score ties; not uncertainty interval/certificate,"one matched checkpoint, same available paired subset; scores measured relative to no-op zero"
2014,late,4,b6f31291e28a44f1d1dd91471e5aaa02f3016e0dcf28b70e027f1ca996b71776,724f34a334747b84b3771eceb80690f702f3a5090219818629f7153498118ec5,c43a616fa98a98d381f8d2a41e175bc403c41242ccadf320f9a1ab02f9ad5996,<WORKSPACE>/Gaussian/A17/EXCHANGE_R1/results/object_2014_late,PROJECTED_ONLY,"base spectral fidelity minus child spectral fidelity, same full/projected scope; no-op0",600,5,12,True,exact persisted spectrum subset only; not complete teacher domain; descriptive no inference/certificate,fixed12_per_removal,predeclared fixed bank; bounded nonrandom subset,receiver_score,4,0,3.6589387655649e-18,DESCRIPTIVE,0.6666666666666669,0.7999999999999999,2,1.0,0.00013906845221559473,1.3223857930714031e-13,3.6589387655649e-18,False,False,"[179, 151]","[151, 179]","[179, 151]","[151, 179]",candidate-only; numerical ties broken by original move_index; expanded sets also saved,0.00013906845221559473,,0.0,0.0,True,1,0.00013906845221559473,0.00013906845221559473,descriptive ambiguity from score ties; not uncertainty interval/certificate,"one matched checkpoint, same available paired subset; scores measured relative to no-op zero"
2014,late,4,b6f31291e28a44f1d1dd91471e5aaa02f3016e0dcf28b70e027f1ca996b71776,724f34a334747b84b3771eceb80690f702f3a5090219818629f7153498118ec5,c43a616fa98a98d381f8d2a41e175bc403c41242ccadf320f9a1ab02f9ad5996,<WORKSPACE>/Gaussian/A17/EXCHANGE_R1/results/object_2014_late,PROJECTED_ONLY,"base spectral fidelity minus child spectral fidelity, same full/projected scope; no-op0",600,5,12,True,exact persisted spectrum subset only; not complete teacher domain; descriptive no inference/certificate,fixed12_per_removal,predeclared fixed bank; bounded nonrandom subset,delta_logdet_volume,4,0,3.6589387655649e-18,DESCRIPTIVE,0.3333333333333334,0.6000000000000001,2,1.0,1.671542076262509e-05,6.908442555826984e-13,3.6589387655649e-18,False,False,"[179, 151]","[151, 179]","[179, 151]","[151, 179]",candidate-only; numerical ties broken by original move_index; expanded sets also saved,0.00013906845221559473,179,24.306921343853816,0.00012235303145296964,False,1,1.671542076262509e-05,1.671542076262509e-05,descriptive ambiguity from score ties; not uncertainty interval/certificate,"one matched checkpoint, same available paired subset; scores measured relative to no-op zero"
2014,late,4,b6f31291e28a44f1d1dd91471e5aaa02f3016e0dcf28b70e027f1ca996b71776,724f34a334747b84b3771eceb80690f702f3a5090219818629f7153498118ec5,c43a616fa98a98d381f8d2a41e175bc403c41242ccadf320f9a1ab02f9ad5996,<WORKSPACE>/Gaussian/A17/EXCHANGE_R1/results/object_2014_late,PROJECTED_ONLY,"base spectral fidelity minus child spectral fidelity, same full/projected scope; no-op0",600,5,12,True,exact persisted spectrum subset only; not complete teacher domain; descriptive no inference/certificate,fixed12_per_removal,predeclared fixed bank; bounded nonrandom subset,delta_effective_dim,4,0,3.6589387655649e-18,DESCRIPTIVE,-0.3333333333333334,-0.39999999999999997,1,0.5,1.671542076262509e-05,9.770547706787985e-14,3.6589387655649e-18,False,False,"[179, 290]","[151, 179]","[179, 290]","[151, 179]",candidate-only; numerical ties broken by original move_index; expanded sets also saved,0.00013906845221559473,179,3.4377058602731267,0.00012235303145296964,False,1,1.671542076262509e-05,1.671542076262509e-05,descriptive ambiguity from score ties; not uncertainty interval/certificate,"one matched checkpoint, same available paired subset; scores measured relative to no-op zero"
2014,late,4,b6f31291e28a44f1d1dd91471e5aaa02f3016e0dcf28b70e027f1ca996b71776,724f34a334747b84b3771eceb80690f702f3a5090219818629f7153498118ec5,c43a616fa98a98d381f8d2a41e175bc403c41242ccadf320f9a1ab02f9ad5996,<WORKSPACE>/Gaussian/A17/EXCHANGE_R1/results/object_2014_late,PROJECTED_ONLY,"base spectral fidelity minus child spectral fidelity, same full/projected scope; no-op0",600,5,12,True,exact persisted spectrum subset only; not complete teacher domain; descriptive no inference/certificate,fixed12_per_removal,predeclared fixed bank; bounded nonrandom subset,Qhat,4,0,3.6589387655649e-18,DESCRIPTIVE,1.0,1.0,2,1.0,0.0,3.6589387655649e-18,3.6589387655649e-18,False,False,"[151, 179]","[151, 179]","[151, 179]","[151, 179]",candidate-only; numerical ties broken by original move_index; expanded sets also saved,0.00013906845221559473,151,0.0001306287720492823,0.00013906845221559473,False,1,0.0,0.0,descriptive ambiguity from score ties; not uncertainty interval/certificate,"one matched checkpoint, same available paired subset; scores measured relative to no-op zero"
2014,late,4,b6f31291e28a44f1d1dd91471e5aaa02f3016e0dcf28b70e027f1ca996b71776,724f34a334747b84b3771eceb80690f702f3a5090219818629f7153498118ec5,c43a616fa98a98d381f8d2a41e175bc403c41242ccadf320f9a1ab02f9ad5996,<WORKSPACE>/Gaussian/A17/EXCHANGE_R1/results/object_2014_late,PROJECTED_ONLY,"base spectral fidelity minus child spectral fidelity, same full/projected scope; no-op0",600,5,12,True,exact persisted spectrum subset only; not complete teacher domain; descriptive no inference/certificate,fixed12_per_removal,predeclared fixed bank; bounded nonrandom subset,information_fidelity_improvement,4,0,3.6589387655649e-18,DESCRIPTIVE,1.0,1.0,2,1.0,0.0,2.842170943040401e-14,3.6589387655649e-18,False,False,"[151, 179]","[151, 179]","[151, 179]","[151, 179]",candidate-only; numerical ties broken by original move_index; expanded sets also saved,0.00013906845221559473,151,0.042419424815041684,0.00013906845221559473,False,1,0.0,0.0,descriptive ambiguity from score ties; not uncertainty interval/certificate,"one matched checkpoint, same available paired subset; scores measured relative to no-op zero"
2014,late,4,b6f31291e28a44f1d1dd91471e5aaa02f3016e0dcf28b70e027f1ca996b71776,724f34a334747b84b3771eceb80690f702f3a5090219818629f7153498118ec5,c43a616fa98a98d381f8d2a41e175bc403c41242ccadf320f9a1ab02f9ad5996,<WORKSPACE>/Gaussian/A17/EXCHANGE_R1/results/object_2014_late,PROJECTED_ONLY,"base spectral fidelity minus child spectral fidelity, same full/projected scope; no-op0",600,5,12,True,exact persisted spectrum subset only; not complete teacher domain; descriptive no inference/certificate,spectrum_plus_teacher_best,teacher-best evaluator augmentation introduces utility-selection bias,receiver_score,5,0,3.6589387655649e-18,DESCRIPTIVE,0.39999999999999997,0.6,1,0.5,0.00017103073228718,1.3223857930714031e-13,3.6589387655649e-18,False,False,"[179, 151]","[161, 151]","[179, 151]","[161, 151]",candidate-only; numerical ties broken by original move_index; expanded sets also saved,0.00017103073228718,,0.0,0.0,True,1,0.00017103073228718,0.00017103073228718,descriptive ambiguity from score ties; not uncertainty interval/certificate,"one matched checkpoint, same available paired subset; scores measured relative to no-op zero"
2014,late,4,b6f31291e28a44f1d1dd91471e5aaa02f3016e0dcf28b70e027f1ca996b71776,724f34a334747b84b3771eceb80690f702f3a5090219818629f7153498118ec5,c43a616fa98a98d381f8d2a41e175bc403c41242ccadf320f9a1ab02f9ad5996,<WORKSPACE>/Gaussian/A17/EXCHANGE_R1/results/object_2014_late,PROJECTED_ONLY,"base spectral fidelity minus child spectral fidelity, same full/projected scope; no-op0",600,5,12,True,exact persisted spectrum subset only; not complete teacher domain; descriptive no inference/certificate,spectrum_plus_teacher_best,teacher-best evaluator augmentation introduces utility-selection bias,delta_logdet_volume,5,0,3.6589387655649e-18,DESCRIPTIVE,0.39999999999999997,0.6,1,0.5,4.867770083421036e-05,6.908442555826984e-13,3.6589387655649e-18,False,False,"[179, 161]","[161, 151]","[179, 161]","[161, 151]",candidate-only; numerical ties broken by original move_index; expanded sets also saved,0.00017103073228718,179,24.306921343853816,0.00012235303145296964,False,1,4.867770083421036e-05,4.867770083421036e-05,descriptive ambiguity from score ties; not uncertainty interval/certificate,"one matched checkpoint, same available paired subset; scores measured relative to no-op zero"
2014,late,4,b6f31291e28a44f1d1dd91471e5aaa02f3016e0dcf28b70e027f1ca996b71776,724f34a334747b84b3771eceb80690f702f3a5090219818629f7153498118ec5,c43a616fa98a98d381f8d2a41e175bc403c41242ccadf320f9a1ab02f9ad5996,<WORKSPACE>/Gaussian/A17/EXCHANGE_R1/results/object_2014_late,PROJECTED_ONLY,"base spectral fidelity minus child spectral fidelity, same full/projected scope; no-op0",600,5,12,True,exact persisted spectrum subset only; not complete teacher domain; descriptive no inference/certificate,spectrum_plus_teacher_best,teacher-best evaluator augmentation introduces utility-selection bias,delta_effective_dim,5,0,3.6589387655649e-18,DESCRIPTIVE,-0.39999999999999997,-0.6,0,0.0,4.867770083421036e-05,9.770547706787985e-14,3.6589387655649e-18,False,False,"[179, 290]","[161, 151]","[179, 290]","[161, 151]",candidate-only; numerical ties broken by original move_index; expanded sets also saved,0.00017103073228718,179,3.4377058602731267,0.00012235303145296964,False,1,4.867770083421036e-05,4.867770083421036e-05,descriptive ambiguity from score ties; not uncertainty interval/certificate,"one matched checkpoint, same available paired subset; scores measured relative to no-op zero"
2014,late,4,b6f31291e28a44f1d1dd91471e5aaa02f3016e0dcf28b70e027f1ca996b71776,724f34a334747b84b3771eceb80690f702f3a5090219818629f7153498118ec5,c43a616fa98a98d381f8d2a41e175bc403c41242ccadf320f9a1ab02f9ad5996,<WORKSPACE>/Gaussian/A17/EXCHANGE_R1/results/object_2014_late,PROJECTED_ONLY,"base spectral fidelity minus child spectral fidelity, same full/projected scope; no-op0",600,5,12,True,exact persisted spectrum subset only; not complete teacher domain; descriptive no inference/certificate,spectrum_plus_teacher_best,teacher-best evaluator augmentation introduces utility-selection bias,Qhat,5,0,3.6589387655649e-18,DESCRIPTIVE,0.9999999999999999,0.9999999999999999,2,1.0,0.0,3.6589387655649e-18,3.6589387655649e-18,False,False,"[161, 151]","[161, 151]","[161, 151]","[161, 151]",candidate-only; numerical ties broken by original move_index; expanded sets also saved,0.00017103073228718,161,0.000159924699587191,0.00017103073228718,False,1,0.0,0.0,descriptive ambiguity from score ties; not uncertainty interval/certificate,"one matched checkpoint, same available paired subset; scores measured relative to no-op zero"
2014,late,4,b6f31291e28a44f1d1dd91471e5aaa02f3016e0dcf28b70e027f1ca996b71776,724f34a334747b84b3771eceb80690f702f3a5090219818629f7153498118ec5,c43a616fa98a98d381f8d2a41e175bc403c41242ccadf320f9a1ab02f9ad5996,<WORKSPACE>/Gaussian/A17/EXCHANGE_R1/results/object_2014_late,PROJECTED_ONLY,"base spectral fidelity minus child spectral fidelity, same full/projected scope; no-op0",600,5,12,True,exact persisted spectrum subset only; not complete teacher domain; descriptive no inference/certificate,spectrum_plus_teacher_best,teacher-best evaluator augmentation introduces utility-selection bias,information_fidelity_improvement,5,0,3.6589387655649e-18,DESCRIPTIVE,0.7999999999999999,0.8999999999999998,2,1.0,3.196228007158527e-05,2.842170943040401e-14,3.6589387655649e-18,False,False,"[151, 161]","[161, 151]","[151, 161]","[161, 151]",candidate-only; numerical ties broken by original move_index; expanded sets also saved,0.00017103073228718,151,0.042419424815041684,0.00013906845221559473,False,1,3.196228007158527e-05,3.196228007158527e-05,descriptive ambiguity from score ties; not uncertainty interval/certificate,"one matched checkpoint, same available paired subset; scores measured relative to no-op zero"
2014,late,8,b6f31291e28a44f1d1dd91471e5aaa02f3016e0dcf28b70e027f1ca996b71776,724f34a334747b84b3771eceb80690f702f3a5090219818629f7153498118ec5,eac0f7dd79dc0852d81a45f54a2ac5ce29c72367c9c33a69c5505e6cf0d39593,<WORKSPACE>/Gaussian/A17/EXCHANGE_R1/results/object_2014_late,PROJECTED_ONLY,"base spectral fidelity minus child spectral fidelity, same full/projected scope; no-op0",1168,6,12,True,exact persisted spectrum subset only; not complete teacher domain; descriptive no inference/certificate,fixed12_per_removal,predeclared fixed bank; bounded nonrandom subset,receiver_score,5,0,3.6589387655649e-18,DESCRIPTIVE,0.6,0.7,1,0.5,1.0491071234654197e-05,1.3234131586210397e-13,3.6589387655649e-18,False,False,"[1079, 673]","[673, 147]","[1079, 673]","[673, 147]",candidate-only; numerical ties broken by original move_index; expanded sets also saved,0.0,1079,3.124965224149207,-1.0491071234654197e-05,False,1,1.0491071234654197e-05,1.0491071234654197e-05,descriptive ambiguity from score ties; not uncertainty interval/certificate,"one matched checkpoint, same available paired subset; scores measured relative to no-op zero"
2014,late,8,b6f31291e28a44f1d1dd91471e5aaa02f3016e0dcf28b70e027f1ca996b71776,724f34a334747b84b3771eceb80690f702f3a5090219818629f7153498118ec5,eac0f7dd79dc0852d81a45f54a2ac5ce29c72367c9c33a69c5505e6cf0d39593,<WORKSPACE>/Gaussian/A17/EXCHANGE_R1/results/object_2014_late,PROJECTED_ONLY,"base spectral fidelity minus child spectral fidelity, same full/projected scope; no-op0",1168,6,12,True,exact persisted spectrum subset only; not complete teacher domain; descriptive no inference/certificate,fixed12_per_removal,predeclared fixed bank; bounded nonrandom subset,delta_logdet_volume,5,0,3.6589387655649e-18,DESCRIPTIVE,0.6,0.7,1,0.5,4.529310696106296e-06,6.139610421963108e-13,3.6589387655649e-18,False,False,"[673, 282]","[673, 147]","[673, 282]","[673, 147]",candidate-only; numerical ties broken by original move_index; expanded sets also saved,0.0,673,21.601833756682083,-4.529310696106296e-06,False,1,4.529310696106296e-06,4.529310696106296e-06,descriptive ambiguity from score ties; not uncertainty interval/certificate,"one matched checkpoint, same available paired subset; scores measured relative to no-op zero"
2014,late,8,b6f31291e28a44f1d1dd91471e5aaa02f3016e0dcf28b70e027f1ca996b71776,724f34a334747b84b3771eceb80690f702f3a5090219818629f7153498118ec5,eac0f7dd79dc0852d81a45f54a2ac5ce29c72367c9c33a69c5505e6cf0d39593,<WORKSPACE>/Gaussian/A17/EXCHANGE_R1/results/object_2014_late,PROJECTED_ONLY,"base spectral fidelity minus child spectral fidelity, same full/projected scope; no-op0",1168,6,12,True,exact persisted spectrum subset only; not complete teacher domain; descriptive no inference/certificate,fixed12_per_removal,predeclared fixed bank; bounded nonrandom subset,delta_effective_dim,5,0,3.6589387655649e-18,DESCRIPTIVE,0.0,0.09999999999999999,1,0.5,1.6479699338264825e-05,1.5141632209118633e-13,3.6589387655649e-18,False,False,"[282, 147]","[673, 147]","[282, 147]","[673, 147]",candidate-only; numerical ties broken by original move_index; expanded sets also saved,0.0,282,4.7002761563889806,-1.6479699338264825e-05,False,1,1.6479699338264825e-05,1.6479699338264825e-05,descriptive ambiguity from score ties; not uncertainty interval/certificate,"one matched checkpoint, same available paired subset; scores measured relative to no-op zero"
2014,late,8,b6f31291e28a44f1d1dd91471e5aaa02f3016e0dcf28b70e027f1ca996b71776,724f34a334747b84b3771eceb80690f702f3a5090219818629f7153498118ec5,eac0f7dd79dc0852d81a45f54a2ac5ce29c72367c9c33a69c5505e6cf0d39593,<WORKSPACE>/Gaussian/A17/EXCHANGE_R1/results/object_2014_late,PROJECTED_ONLY,"base spectral fidelity minus child spectral fidelity, same full/projected scope; no-op0",1168,6,12,True,exact persisted spectrum subset only; not complete teacher domain; descriptive no inference/certificate,fixed12_per_removal,predeclared fixed bank; bounded nonrandom subset,Qhat,5,0,3.6589387655649e-18,DESCRIPTIVE,0.0,-0.09999999999999999,1,0.5,1.0491071234654197e-05,3.6589387655649e-18,3.6589387655649e-18,False,False,"[1079, 147]","[673, 147]","[1079, 147]","[673, 147]",candidate-only; numerical ties broken by original move_index; expanded sets also saved,0.0,1079,9.117010394471319e-06,-1.0491071234654197e-05,False,1,1.0491071234654197e-05,1.0491071234654197e-05,descriptive ambiguity from score ties; not uncertainty interval/certificate,"one matched checkpoint, same available paired subset; scores measured relative to no-op zero"
2014,late,8,b6f31291e28a44f1d1dd91471e5aaa02f3016e0dcf28b70e027f1ca996b71776,724f34a334747b84b3771eceb80690f702f3a5090219818629f7153498118ec5,eac0f7dd79dc0852d81a45f54a2ac5ce29c72367c9c33a69c5505e6cf0d39593,<WORKSPACE>/Gaussian/A17/EXCHANGE_R1/results/object_2014_late,PROJECTED_ONLY,"base spectral fidelity minus child spectral fidelity, same full/projected scope; no-op0",1168,6,12,True,exact persisted spectrum subset only; not complete teacher domain; descriptive no inference/certificate,fixed12_per_removal,predeclared fixed bank; bounded nonrandom subset,information_fidelity_improvement,5,0,3.6589387655649e-18,DESCRIPTIVE,0.7999999999999999,0.8999999999999998,1,0.5,4.529310696106296e-06,2.842170943040401e-14,3.6589387655649e-18,False,False,"[673, 1079]","[673, 147]","[673, 1079]","[673, 147]",candidate-only; numerical ties broken by original move_index; expanded sets also saved,0.0,673,0.0340650913173427,-4.529310696106296e-06,False,1,4.529310696106296e-06,4.529310696106296e-06,descriptive ambiguity from score ties; not uncertainty interval/certificate,"one matched checkpoint, same available paired subset; scores measured relative to no-op zero"
2014,late,8,b6f31291e28a44f1d1dd91471e5aaa02f3016e0dcf28b70e027f1ca996b71776,724f34a334747b84b3771eceb80690f702f3a5090219818629f7153498118ec5,eac0f7dd79dc0852d81a45f54a2ac5ce29c72367c9c33a69c5505e6cf0d39593,<WORKSPACE>/Gaussian/A17/EXCHANGE_R1/results/object_2014_late,PROJECTED_ONLY,"base spectral fidelity minus child spectral fidelity, same full/projected scope; no-op0",1168,6,12,True,exact persisted spectrum subset only; not complete teacher domain; descriptive no inference/certificate,spectrum_plus_teacher_best,teacher-best evaluator augmentation introduces utility-selection bias,receiver_score,6,0,3.6589387655649e-18,DESCRIPTIVE,0.3333333333333333,0.48571428571428577,1,0.5,3.0673402913561235e-05,1.3234131586210397e-13,3.6589387655649e-18,False,False,"[1079, 673]","[155, 673]","[1079, 673]","[155, 673]",candidate-only; numerical ties broken by original move_index; expanded sets also saved,2.0182331678907034e-05,1079,3.124965224149207,-1.0491071234654197e-05,False,1,3.0673402913561235e-05,3.0673402913561235e-05,descriptive ambiguity from score ties; not uncertainty interval/certificate,"one matched checkpoint, same available paired subset; scores measured relative to no-op zero"
2014,late,8,b6f31291e28a44f1d1dd91471e5aaa02f3016e0dcf28b70e027f1ca996b71776,724f34a334747b84b3771eceb80690f702f3a5090219818629f7153498118ec5,eac0f7dd79dc0852d81a45f54a2ac5ce29c72367c9c33a69c5505e6cf0d39593,<WORKSPACE>/Gaussian/A17/EXCHANGE_R1/results/object_2014_late,PROJECTED_ONLY,"base spectral fidelity minus child spectral fidelity, same full/projected scope; no-op0",1168,6,12,True,exact persisted spectrum subset only; not complete teacher domain; descriptive no inference/certificate,spectrum_plus_teacher_best,teacher-best evaluator augmentation introduces utility-selection bias,delta_logdet_volume,6,0,3.6589387655649e-18,DESCRIPTIVE,0.4666666666666666,0.5428571428571429,1,0.5,2.471164237501333e-05,6.139610421963108e-13,3.6589387655649e-18,False,False,"[673, 282]","[155, 673]","[673, 282]","[155, 673]",candidate-only; numerical ties broken by original move_index; expanded sets also saved,2.0182331678907034e-05,673,21.601833756682083,-4.529310696106296e-06,False,1,2.471164237501333e-05,2.471164237501333e-05,descriptive ambiguity from score ties; not uncertainty interval/certificate,"one matched checkpoint, same available paired subset; scores measured relative to no-op zero"
2014,late,8,b6f31291e28a44f1d1dd91471e5aaa02f3016e0dcf28b70e027f1ca996b71776,724f34a334747b84b3771eceb80690f702f3a5090219818629f7153498118ec5,eac0f7dd79dc0852d81a45f54a2ac5ce29c72367c9c33a69c5505e6cf0d39593,<WORKSPACE>/Gaussian/A17/EXCHANGE_R1/results/object_2014_late,PROJECTED_ONLY,"base spectral fidelity minus child spectral fidelity, same full/projected scope; no-op0",1168,6,12,True,exact persisted spectrum subset only; not complete teacher domain; descriptive no inference/certificate,spectrum_plus_teacher_best,teacher-best evaluator augmentation introduces utility-selection bias,delta_effective_dim,6,0,3.6589387655649e-18,DESCRIPTIVE,0.2,0.2571428571428572,1,0.5,3.666203101717186e-05,1.5141632209118633e-13,3.6589387655649e-18,False,False,"[282, 155]","[155, 673]","[282, 155]","[155, 673]",candidate-only; numerical ties broken by original move_index; expanded sets also saved,2.0182331678907034e-05,282,4.7002761563889806,-1.6479699338264825e-05,False,1,3.666203101717186e-05,3.666203101717186e-05,descriptive ambiguity from score ties; not uncertainty interval/certificate,"one matched checkpoint, same available paired subset; scores measured relative to no-op zero"
2014,late,8,b6f31291e28a44f1d1dd91471e5aaa02f3016e0dcf28b70e027f1ca996b71776,724f34a334747b84b3771eceb80690f702f3a5090219818629f7153498118ec5,eac0f7dd79dc0852d81a45f54a2ac5ce29c72367c9c33a69c5505e6cf0d39593,<WORKSPACE>/Gaussian/A17/EXCHANGE_R1/results/object_2014_late,PROJECTED_ONLY,"base spectral fidelity minus child spectral fidelity, same full/projected scope; no-op0",1168,6,12,True,exact persisted spectrum subset only; not complete teacher domain; descriptive no inference/certificate,spectrum_plus_teacher_best,teacher-best evaluator augmentation introduces utility-selection bias,Qhat,6,0,3.6589387655649e-18,DESCRIPTIVE,0.3333333333333333,0.3714285714285715,1,0.5,0.0,3.6589387655649e-18,3.6589387655649e-18,False,False,"[155, 1079]","[155, 673]","[155, 1079]","[155, 673]",candidate-only; numerical ties broken by original move_index; expanded sets also saved,2.0182331678907034e-05,155,2.457849760143992e-05,2.0182331678907034e-05,False,1,0.0,0.0,descriptive ambiguity from score ties; not uncertainty interval/certificate,"one matched checkpoint, same available paired subset; scores measured relative to no-op zero"
2014,late,8,b6f31291e28a44f1d1dd91471e5aaa02f3016e0dcf28b70e027f1ca996b71776,724f34a334747b84b3771eceb80690f702f3a5090219818629f7153498118ec5,eac0f7dd79dc0852d81a45f54a2ac5ce29c72367c9c33a69c5505e6cf0d39593,<WORKSPACE>/Gaussian/A17/EXCHANGE_R1/results/object_2014_late,PROJECTED_ONLY,"base spectral fidelity minus child spectral fidelity, same full/projected scope; no-op0",1168,6,12,True,exact persisted spectrum subset only; not complete teacher domain; descriptive no inference/certificate,spectrum_plus_teacher_best,teacher-best evaluator augmentation introduces utility-selection bias,information_fidelity_improvement,6,0,3.6589387655649e-18,DESCRIPTIVE,0.7333333333333333,0.8857142857142858,2,1.0,2.471164237501333e-05,2.842170943040401e-14,3.6589387655649e-18,False,False,"[673, 155]","[155, 673]","[673, 155]","[155, 673]",candidate-only; numerical ties broken by original move_index; expanded sets also saved,2.0182331678907034e-05,673,0.0340650913173427,-4.529310696106296e-06,False,1,2.471164237501333e-05,2.471164237501333e-05,descriptive ambiguity from score ties; not uncertainty interval/certificate,"one matched checkpoint, same available paired subset; scores measured relative to no-op zero"
2014,late,16,b6f31291e28a44f1d1dd91471e5aaa02f3016e0dcf28b70e027f1ca996b71776,724f34a334747b84b3771eceb80690f702f3a5090219818629f7153498118ec5,00dfddfe5b604561d23aee131f7a4499314ae1c2777cb0a96fb94f39f28291dd,<WORKSPACE>/Gaussian/A17/EXCHANGE_R1/results/object_2014_late,PROJECTED_ONLY,"base spectral fidelity minus child spectral fidelity, same full/projected scope; no-op0",2208,12,12,True,exact persisted spectrum subset only; not complete teacher domain; descriptive no inference/certificate,fixed12_per_removal,predeclared fixed bank; bounded nonrandom subset,receiver_score,11,0,3.6589387655649e-18,DESCRIPTIVE,-0.34545454545454546,-0.45454545454545453,0,0.0,1.7627228685642345e-06,1.3234137886677341e-13,3.6589387655649e-18,False,False,"[1567, 601]","[218, 1258]","[1567, 601]","[218, 1258]",candidate-only; numerical ties broken by original move_index; expanded sets also saved,2.4966802568640317e-06,1567,4.021142932743038,7.339573882997972e-07,False,1,1.7627228685642345e-06,1.7627228685642345e-06,descriptive ambiguity from score ties; not uncertainty interval/certificate,"one matched checkpoint, same available paired subset; scores measured relative to no-op zero"
2014,late,16,b6f31291e28a44f1d1dd91471e5aaa02f3016e0dcf28b70e027f1ca996b71776,724f34a334747b84b3771eceb80690f702f3a5090219818629f7153498118ec5,00dfddfe5b604561d23aee131f7a4499314ae1c2777cb0a96fb94f39f28291dd,<WORKSPACE>/Gaussian/A17/EXCHANGE_R1/results/object_2014_late,PROJECTED_ONLY,"base spectral fidelity minus child spectral fidelity, same full/projected scope; no-op0",2208,12,12,True,exact persisted spectrum subset only; not complete teacher domain; descriptive no inference/certificate,fixed12_per_removal,predeclared fixed bank; bounded nonrandom subset,delta_logdet_volume,11,0,3.6589387655649e-18,DESCRIPTIVE,0.41818181818181815,0.5181818181818182,2,1.0,4.362955804473753e-07,5.511925873291093e-13,3.6589387655649e-18,False,False,"[1258, 218]","[218, 1258]","[1258, 218]","[218, 1258]",candidate-only; numerical ties broken by original move_index; expanded sets also saved,2.4966802568640317e-06,1258,19.39336508519341,2.0603846764166565e-06,False,1,4.362955804473753e-07,4.362955804473753e-07,descriptive ambiguity from score ties; not uncertainty interval/certificate,"one matched checkpoint, same available paired subset; scores measured relative to no-op zero"
2014,late,16,b6f31291e28a44f1d1dd91471e5aaa02f3016e0dcf28b70e027f1ca996b71776,724f34a334747b84b3771eceb80690f702f3a5090219818629f7153498118ec5,00dfddfe5b604561d23aee131f7a4499314ae1c2777cb0a96fb94f39f28291dd,<WORKSPACE>/Gaussian/A17/EXCHANGE_R1/results/object_2014_late,PROJECTED_ONLY,"base spectral fidelity minus child spectral fidelity, same full/projected scope; no-op0",2208,12,12,True,exact persisted spectrum subset only; not complete teacher domain; descriptive no inference/certificate,fixed12_per_removal,predeclared fixed bank; bounded nonrandom subset,delta_effective_dim,11,0,3.6589387655649e-18,DESCRIPTIVE,0.41818181818181815,0.5454545454545455,2,1.0,4.362955804473753e-07,2.108829388006911e-13,3.6589387655649e-18,False,False,"[1258, 218]","[218, 1258]","[1258, 218]","[218, 1258]",candidate-only; numerical ties broken by original move_index; expanded sets also saved,2.4966802568640317e-06,1258,7.419783785949903,2.0603846764166565e-06,False,1,4.362955804473753e-07,4.362955804473753e-07,descriptive ambiguity from score ties; not uncertainty interval/certificate,"one matched checkpoint, same available paired subset; scores measured relative to no-op zero"
2014,late,16,b6f31291e28a44f1d1dd91471e5aaa02f3016e0dcf28b70e027f1ca996b71776,724f34a334747b84b3771eceb80690f702f3a5090219818629f7153498118ec5,00dfddfe5b604561d23aee131f7a4499314ae1c2777cb0a96fb94f39f28291dd,<WORKSPACE>/Gaussian/A17/EXCHANGE_R1/results/object_2014_late,PROJECTED_ONLY,"base spectral fidelity minus child spectral fidelity, same full/projected scope; no-op0",2208,12,12,True,exact persisted spectrum subset only; not complete teacher domain; descriptive no inference/certificate,fixed12_per_removal,predeclared fixed bank; bounded nonrandom subset,Qhat,11,0,3.6589387655649e-18,DESCRIPTIVE,0.3090909090909091,0.38181818181818183,1,0.5,0.0,3.6589387655649e-18,3.6589387655649e-18,False,False,"[218, 186]","[218, 1258]","[218, 186]","[218, 1258]",candidate-only; numerical ties broken by original move_index; expanded sets also saved,2.4966802568640317e-06,218,1.492991676036514e-05,2.4966802568640317e-06,False,1,0.0,0.0,descriptive ambiguity from score ties; not uncertainty interval/certificate,"one matched checkpoint, same available paired subset; scores measured relative to no-op zero"
2014,late,16,b6f31291e28a44f1d1dd91471e5aaa02f3016e0dcf28b70e027f1ca996b71776,724f34a334747b84b3771eceb80690f702f3a5090219818629f7153498118ec5,00dfddfe5b604561d23aee131f7a4499314ae1c2777cb0a96fb94f39f28291dd,<WORKSPACE>/Gaussian/A17/EXCHANGE_R1/results/object_2014_late,PROJECTED_ONLY,"base spectral fidelity minus child spectral fidelity, same full/projected scope; no-op0",2208,12,12,True,exact persisted spectrum subset only; not complete teacher domain; descriptive no inference/certificate,fixed12_per_removal,predeclared fixed bank; bounded nonrandom subset,information_fidelity_improvement,11,0,3.6589387655649e-18,DESCRIPTIVE,-0.2727272727272727,-0.3454545454545455,1,0.5,2.4966802568640317e-06,2.842170943040401e-14,3.6589387655649e-18,False,False,"[601, 1258]","[218, 1258]","[601, 1258]","[218, 1258]",candidate-only; numerical ties broken by original move_index; expanded sets also saved,2.4966802568640317e-06,,0.0,0.0,True,1,2.4966802568640317e-06,2.4966802568640317e-06,descriptive ambiguity from score ties; not uncertainty interval/certificate,"one matched checkpoint, same available paired subset; scores measured relative to no-op zero"
2014,late,16,b6f31291e28a44f1d1dd91471e5aaa02f3016e0dcf28b70e027f1ca996b71776,724f34a334747b84b3771eceb80690f702f3a5090219818629f7153498118ec5,00dfddfe5b604561d23aee131f7a4499314ae1c2777cb0a96fb94f39f28291dd,<WORKSPACE>/Gaussian/A17/EXCHANGE_R1/results/object_2014_late,PROJECTED_ONLY,"base spectral fidelity minus child spectral fidelity, same full/projected scope; no-op0",2208,12,12,True,exact persisted spectrum subset only; not complete teacher domain; descriptive no inference/certificate,spectrum_plus_teacher_best,teacher-best evaluator augmentation introduces utility-selection bias,receiver_score,12,0,3.6589387655649e-18,DESCRIPTIVE,-0.2424242424242424,-0.30069930069930073,0,0.0,2.35942944465737e-06,1.3234137886677341e-13,3.6589387655649e-18,False,False,"[1567, 601]","[190, 218]","[1567, 601]","[190, 218]",candidate-only; numerical ties broken by original move_index; expanded sets also saved,3.093386832957167e-06,1567,4.021142932743038,7.339573882997972e-07,False,1,2.35942944465737e-06,2.35942944465737e-06,descriptive ambiguity from score ties; not uncertainty interval/certificate,"one matched checkpoint, same available paired subset; scores measured relative to no-op zero"
2014,late,16,b6f31291e28a44f1d1dd91471e5aaa02f3016e0dcf28b70e027f1ca996b71776,724f34a334747b84b3771eceb80690f702f3a5090219818629f7153498118ec5,00dfddfe5b604561d23aee131f7a4499314ae1c2777cb0a96fb94f39f28291dd,<WORKSPACE>/Gaussian/A17/EXCHANGE_R1/results/object_2014_late,PROJECTED_ONLY,"base spectral fidelity minus child spectral fidelity, same full/projected scope; no-op0",2208,12,12,True,exact persisted spectrum subset only; not complete teacher domain; descriptive no inference/certificate,spectrum_plus_teacher_best,teacher-best evaluator augmentation introduces utility-selection bias,delta_logdet_volume,12,0,3.6589387655649e-18,DESCRIPTIVE,0.4242424242424242,0.5874125874125874,1,0.5,1.0330021565405107e-06,5.511925873291093e-13,3.6589387655649e-18,False,False,"[1258, 218]","[190, 218]","[1258, 218]","[190, 218]",candidate-only; numerical ties broken by original move_index; expanded sets also saved,3.093386832957167e-06,1258,19.39336508519341,2.0603846764166565e-06,False,1,1.0330021565405107e-06,1.0330021565405107e-06,descriptive ambiguity from score ties; not uncertainty interval/certificate,"one matched checkpoint, same available paired subset; scores measured relative to no-op zero"
2014,late,16,b6f31291e28a44f1d1dd91471e5aaa02f3016e0dcf28b70e027f1ca996b71776,724f34a334747b84b3771eceb80690f702f3a5090219818629f7153498118ec5,00dfddfe5b604561d23aee131f7a4499314ae1c2777cb0a96fb94f39f28291dd,<WORKSPACE>/Gaussian/A17/EXCHANGE_R1/results/object_2014_late,PROJECTED_ONLY,"base spectral fidelity minus child spectral fidelity, same full/projected scope; no-op0",2208,12,12,True,exact persisted spectrum subset only; not complete teacher domain; descriptive no inference/certificate,spectrum_plus_teacher_best,teacher-best evaluator augmentation introduces utility-selection bias,delta_effective_dim,12,0,3.6589387655649e-18,DESCRIPTIVE,0.39393939393939387,0.5314685314685316,1,0.5,1.0330021565405107e-06,2.108829388006911e-13,3.6589387655649e-18,False,False,"[1258, 218]","[190, 218]","[1258, 218]","[190, 218]",candidate-only; numerical ties broken by original move_index; expanded sets also saved,3.093386832957167e-06,1258,7.419783785949903,2.0603846764166565e-06,False,1,1.0330021565405107e-06,1.0330021565405107e-06,descriptive ambiguity from score ties; not uncertainty interval/certificate,"one matched checkpoint, same available paired subset; scores measured relative to no-op zero"
2014,late,16,b6f31291e28a44f1d1dd91471e5aaa02f3016e0dcf28b70e027f1ca996b71776,724f34a334747b84b3771eceb80690f702f3a5090219818629f7153498118ec5,00dfddfe5b604561d23aee131f7a4499314ae1c2777cb0a96fb94f39f28291dd,<WORKSPACE>/Gaussian/A17/EXCHANGE_R1/results/object_2014_late,PROJECTED_ONLY,"base spectral fidelity minus child spectral fidelity, same full/projected scope; no-op0",2208,12,12,True,exact persisted spectrum subset only; not complete teacher domain; descriptive no inference/certificate,spectrum_plus_teacher_best,teacher-best evaluator augmentation introduces utility-selection bias,Qhat,12,0,3.6589387655649e-18,DESCRIPTIVE,0.2727272727272727,0.3426573426573427,1,0.5,5.967065760931354e-07,3.6589387655649e-18,3.6589387655649e-18,False,False,"[218, 186]","[190, 218]","[218, 186]","[190, 218]",candidate-only; numerical ties broken by original move_index; expanded sets also saved,3.093386832957167e-06,218,1.492991676036514e-05,2.4966802568640317e-06,False,1,5.967065760931354e-07,5.967065760931354e-07,descriptive ambiguity from score ties; not uncertainty interval/certificate,"one matched checkpoint, same available paired subset; scores measured relative to no-op zero"
2014,late,16,b6f31291e28a44f1d1dd91471e5aaa02f3016e0dcf28b70e027f1ca996b71776,724f34a334747b84b3771eceb80690f702f3a5090219818629f7153498118ec5,00dfddfe5b604561d23aee131f7a4499314ae1c2777cb0a96fb94f39f28291dd,<WORKSPACE>/Gaussian/A17/EXCHANGE_R1/results/object_2014_late,PROJECTED_ONLY,"base spectral fidelity minus child spectral fidelity, same full/projected scope; no-op0",2208,12,12,True,exact persisted spectrum subset only; not complete teacher domain; descriptive no inference/certificate,spectrum_plus_teacher_best,teacher-best evaluator augmentation introduces utility-selection bias,information_fidelity_improvement,12,0,3.6589387655649e-18,DESCRIPTIVE,-0.0909090909090909,-0.11188811188811189,1,0.5,3.093386832957167e-06,2.842170943040401e-14,3.6589387655649e-18,False,False,"[601, 190]","[190, 218]","[601, 190]","[190, 218]",candidate-only; numerical ties broken by original move_index; expanded sets also saved,3.093386832957167e-06,,0.0,0.0,True,1,3.093386832957167e-06,3.093386832957167e-06,descriptive ambiguity from score ties; not uncertainty interval/certificate,"one matched checkpoint, same available paired subset; scores measured relative to no-op zero"
2014,middle,4,aa19917b3f8553f3b14fade897f0ee673eb6b42e1939ee1a084a9f381f3a6cde,7d83c21331b4d5e2cec872c4e5a1e5262c86356fdcf1cd1ce9a4e12be7ffa741,52461c2ec20d6038bda02f0b20e4eebcdba17efd9d3039c91de63595021facc8,<WORKSPACE>/Gaussian/A17/EXCHANGE_R1/results/object_2014_middle,PROJECTED_ONLY,"base spectral fidelity minus child spectral fidelity, same full/projected scope; no-op0",600,49,12,True,exact persisted spectrum subset only; not complete teacher domain; descriptive no inference/certificate,fixed12_per_removal,predeclared fixed bank; bounded nonrandom subset,receiver_score,48,0,2.6036195269324288e-18,DESCRIPTIVE,-0.10106382978723405,-0.17998263135041248,0,0.0,0.00025839807603985005,1.3242277376612273e-13,2.6036195269324288e-18,False,False,"[542, 511]","[150, 151]","[542, 511]","[150, 151]",candidate-only; numerical ties broken by original move_index; expanded sets also saved,8.079095540884057e-05,542,2.44577025869855,-0.00017760712063100948,False,1,0.00025839807603985005,0.00025839807603985005,descriptive ambiguity from score ties; not uncertainty interval/certificate,"one matched checkpoint, same available paired subset; scores measured relative to no-op zero"
2014,middle,4,aa19917b3f8553f3b14fade897f0ee673eb6b42e1939ee1a084a9f381f3a6cde,7d83c21331b4d5e2cec872c4e5a1e5262c86356fdcf1cd1ce9a4e12be7ffa741,52461c2ec20d6038bda02f0b20e4eebcdba17efd9d3039c91de63595021facc8,<WORKSPACE>/Gaussian/A17/EXCHANGE_R1/results/object_2014_middle,PROJECTED_ONLY,"base spectral fidelity minus child spectral fidelity, same full/projected scope; no-op0",600,49,12,True,exact persisted spectrum subset only; not complete teacher domain; descriptive no inference/certificate,fixed12_per_removal,predeclared fixed bank; bounded nonrandom subset,delta_logdet_volume,48,0,2.6036195269324288e-18,DESCRIPTIVE,0.3918439716312057,0.5632870169344334,0,0.0,1.3324940956369649e-05,1.0039640100804482e-12,2.6036195269324288e-18,False,False,"[178, 329]","[150, 151]","[178, 329]","[150, 151]",candidate-only; numerical ties broken by original move_index; expanded sets also saved,8.079095540884057e-05,178,35.32384329446637,6.746601445247093e-05,False,1,1.3324940956369649e-05,1.3324940956369649e-05,descriptive ambiguity from score ties; not uncertainty interval/certificate,"one matched checkpoint, same available paired subset; scores measured relative to no-op zero"
2014,middle,4,aa19917b3f8553f3b14fade897f0ee673eb6b42e1939ee1a084a9f381f3a6cde,7d83c21331b4d5e2cec872c4e5a1e5262c86356fdcf1cd1ce9a4e12be7ffa741,52461c2ec20d6038bda02f0b20e4eebcdba17efd9d3039c91de63595021facc8,<WORKSPACE>/Gaussian/A17/EXCHANGE_R1/results/object_2014_middle,PROJECTED_ONLY,"base spectral fidelity minus child spectral fidelity, same full/projected scope; no-op0",600,49,12,True,exact persisted spectrum subset only; not complete teacher domain; descriptive no inference/certificate,fixed12_per_removal,predeclared fixed bank; bounded nonrandom subset,delta_effective_dim,48,0,2.6036195269324288e-18,DESCRIPTIVE,0.40070921985815605,0.573056882327399,0,0.0,1.3324940956369649e-05,1.2523489041766984e-13,2.6036195269324288e-18,False,False,"[178, 179]","[150, 151]","[178, 179]","[150, 151]",candidate-only; numerical ties broken by original move_index; expanded sets also saved,8.079095540884057e-05,178,3.7495118231446867,6.746601445247093e-05,False,1,1.3324940956369649e-05,1.3324940956369649e-05,descriptive ambiguity from score ties; not uncertainty interval/certificate,"one matched checkpoint, same available paired subset; scores measured relative to no-op zero"
2014,middle,4,aa19917b3f8553f3b14fade897f0ee673eb6b42e1939ee1a084a9f381f3a6cde,7d83c21331b4d5e2cec872c4e5a1e5262c86356fdcf1cd1ce9a4e12be7ffa741,52461c2ec20d6038bda02f0b20e4eebcdba17efd9d3039c91de63595021facc8,<WORKSPACE>/Gaussian/A17/EXCHANGE_R1/results/object_2014_middle,PROJECTED_ONLY,"base spectral fidelity minus child spectral fidelity, same full/projected scope; no-op0",600,49,12,True,exact persisted spectrum subset only; not complete teacher domain; descriptive no inference/certificate,fixed12_per_removal,predeclared fixed bank; bounded nonrandom subset,Qhat,48,0,2.6036195269324288e-18,DESCRIPTIVE,0.9929078014184398,0.9994572297003907,2,1.0,0.0,2.6036195269324288e-18,2.6036195269324288e-18,False,False,"[150, 151]","[150, 151]","[150, 151]","[150, 151]",candidate-only; numerical ties broken by original move_index; expanded sets also saved,8.079095540884057e-05,150,7.748361202624475e-05,8.079095540884057e-05,False,1,0.0,0.0,descriptive ambiguity from score ties; not uncertainty interval/certificate,"one matched checkpoint, same available paired subset; scores measured relative to no-op zero"
2014,middle,4,aa19917b3f8553f3b14fade897f0ee673eb6b42e1939ee1a084a9f381f3a6cde,7d83c21331b4d5e2cec872c4e5a1e5262c86356fdcf1cd1ce9a4e12be7ffa741,52461c2ec20d6038bda02f0b20e4eebcdba17efd9d3039c91de63595021facc8,<WORKSPACE>/Gaussian/A17/EXCHANGE_R1/results/object_2014_middle,PROJECTED_ONLY,"base spectral fidelity minus child spectral fidelity, same full/projected scope; no-op0",600,49,12,True,exact persisted spectrum subset only; not complete teacher domain; descriptive no inference/certificate,fixed12_per_removal,predeclared fixed bank; bounded nonrandom subset,information_fidelity_improvement,48,0,2.6036195269324288e-18,DESCRIPTIVE,0.5230496453900709,0.689969604863222,0,0.0,4.1850741609360836e-05,2.842170943040401e-14,2.6036195269324288e-18,False,False,"[300, 301]","[150, 151]","[300, 301]","[150, 151]",candidate-only; numerical ties broken by original move_index; expanded sets also saved,8.079095540884057e-05,300,0.058123260990112335,3.894021379947974e-05,False,1,4.1850741609360836e-05,4.1850741609360836e-05,descriptive ambiguity from score ties; not uncertainty interval/certificate,"one matched checkpoint, same available paired subset; scores measured relative to no-op zero"
2014,middle,4,aa19917b3f8553f3b14fade897f0ee673eb6b42e1939ee1a084a9f381f3a6cde,7d83c21331b4d5e2cec872c4e5a1e5262c86356fdcf1cd1ce9a4e12be7ffa741,52461c2ec20d6038bda02f0b20e4eebcdba17efd9d3039c91de63595021facc8,<WORKSPACE>/Gaussian/A17/EXCHANGE_R1/results/object_2014_middle,PROJECTED_ONLY,"base spectral fidelity minus child spectral fidelity, same full/projected scope; no-op0",600,49,12,True,exact persisted spectrum subset only; not complete teacher domain; descriptive no inference/certificate,spectrum_plus_teacher_best,teacher-best evaluator augmentation introduces utility-selection bias,receiver_score,49,0,2.6036195269324288e-18,DESCRIPTIVE,-0.11224489795918366,-0.1941836734693877,0,0.0,0.0002721484936124339,1.3242277376612273e-13,2.6036195269324288e-18,False,False,"[542, 511]","[160, 150]","[542, 511]","[160, 150]",candidate-only; numerical ties broken by original move_index; expanded sets also saved,9.454137298142442e-05,542,2.44577025869855,-0.00017760712063100948,False,1,0.0002721484936124339,0.0002721484936124339,descriptive ambiguity from score ties; not uncertainty interval/certificate,"one matched checkpoint, same available paired subset; scores measured relative to no-op zero"
2014,middle,4,aa19917b3f8553f3b14fade897f0ee673eb6b42e1939ee1a084a9f381f3a6cde,7d83c21331b4d5e2cec872c4e5a1e5262c86356fdcf1cd1ce9a4e12be7ffa741,52461c2ec20d6038bda02f0b20e4eebcdba17efd9d3039c91de63595021facc8,<WORKSPACE>/Gaussian/A17/EXCHANGE_R1/results/object_2014_middle,PROJECTED_ONLY,"base spectral fidelity minus child spectral fidelity, same full/projected scope; no-op0",600,49,12,True,exact persisted spectrum subset only; not complete teacher domain; descriptive no inference/certificate,spectrum_plus_teacher_best,teacher-best evaluator augmentation introduces utility-selection bias,delta_logdet_volume,49,0,2.6036195269324288e-18,DESCRIPTIVE,0.3945578231292517,0.5661224489795917,0,0.0,2.7075358528953495e-05,1.0039640100804482e-12,2.6036195269324288e-18,False,False,"[178, 329]","[160, 150]","[178, 329]","[160, 150]",candidate-only; numerical ties broken by original move_index; expanded sets also saved,9.454137298142442e-05,178,35.32384329446637,6.746601445247093e-05,False,1,2.7075358528953495e-05,2.7075358528953495e-05,descriptive ambiguity from score ties; not uncertainty interval/certificate,"one matched checkpoint, same available paired subset; scores measured relative to no-op zero"
2014,middle,4,aa19917b3f8553f3b14fade897f0ee673eb6b42e1939ee1a084a9f381f3a6cde,7d83c21331b4d5e2cec872c4e5a1e5262c86356fdcf1cd1ce9a4e12be7ffa741,52461c2ec20d6038bda02f0b20e4eebcdba17efd9d3039c91de63595021facc8,<WORKSPACE>/Gaussian/A17/EXCHANGE_R1/results/object_2014_middle,PROJECTED_ONLY,"base spectral fidelity minus child spectral fidelity, same full/projected scope; no-op0",600,49,12,True,exact persisted spectrum subset only; not complete teacher domain; descriptive no inference/certificate,spectrum_plus_teacher_best,teacher-best evaluator augmentation introduces utility-selection bias,delta_effective_dim,49,0,2.6036195269324288e-18,DESCRIPTIVE,0.3996598639455782,0.5688775510204082,0,0.0,2.7075358528953495e-05,1.2523489041766984e-13,2.6036195269324288e-18,False,False,"[178, 179]","[160, 150]","[178, 179]","[160, 150]",candidate-only; numerical ties broken by original move_index; expanded sets also saved,9.454137298142442e-05,178,3.7495118231446867,6.746601445247093e-05,False,1,2.7075358528953495e-05,2.7075358528953495e-05,descriptive ambiguity from score ties; not uncertainty interval/certificate,"one matched checkpoint, same available paired subset; scores measured relative to no-op zero"
2014,middle,4,aa19917b3f8553f3b14fade897f0ee673eb6b42e1939ee1a084a9f381f3a6cde,7d83c21331b4d5e2cec872c4e5a1e5262c86356fdcf1cd1ce9a4e12be7ffa741,52461c2ec20d6038bda02f0b20e4eebcdba17efd9d3039c91de63595021facc8,<WORKSPACE>/Gaussian/A17/EXCHANGE_R1/results/object_2014_middle,PROJECTED_ONLY,"base spectral fidelity minus child spectral fidelity, same full/projected scope; no-op0",600,49,12,True,exact persisted spectrum subset only; not complete teacher domain; descriptive no inference/certificate,spectrum_plus_teacher_best,teacher-best evaluator augmentation introduces utility-selection bias,Qhat,49,0,2.6036195269324288e-18,DESCRIPTIVE,0.9931972789115644,0.9994897959183673,2,1.0,0.0,2.6036195269324288e-18,2.6036195269324288e-18,False,False,"[160, 150]","[160, 150]","[160, 150]","[160, 150]",candidate-only; numerical ties broken by original move_index; expanded sets also saved,9.454137298142442e-05,160,8.910258656563935e-05,9.454137298142442e-05,False,1,0.0,0.0,descriptive ambiguity from score ties; not uncertainty interval/certificate,"one matched checkpoint, same available paired subset; scores measured relative to no-op zero"
2014,middle,4,aa19917b3f8553f3b14fade897f0ee673eb6b42e1939ee1a084a9f381f3a6cde,7d83c21331b4d5e2cec872c4e5a1e5262c86356fdcf1cd1ce9a4e12be7ffa741,52461c2ec20d6038bda02f0b20e4eebcdba17efd9d3039c91de63595021facc8,<WORKSPACE>/Gaussian/A17/EXCHANGE_R1/results/object_2014_middle,PROJECTED_ONLY,"base spectral fidelity minus child spectral fidelity, same full/projected scope; no-op0",600,49,12,True,exact persisted spectrum subset only; not complete teacher domain; descriptive no inference/certificate,spectrum_plus_teacher_best,teacher-best evaluator augmentation introduces utility-selection bias,information_fidelity_improvement,49,0,2.6036195269324288e-18,DESCRIPTIVE,0.520408163265306,0.6881632653061224,0,0.0,5.560115918194468e-05,2.842170943040401e-14,2.6036195269324288e-18,False,False,"[300, 301]","[160, 150]","[300, 301]","[160, 150]",candidate-only; numerical ties broken by original move_index; expanded sets also saved,9.454137298142442e-05,300,0.058123260990112335,3.894021379947974e-05,False,1,5.560115918194468e-05,5.560115918194468e-05,descriptive ambiguity from score ties; not uncertainty interval/certificate,"one matched checkpoint, same available paired subset; scores measured relative to no-op zero"
2014,middle,8,aa19917b3f8553f3b14fade897f0ee673eb6b42e1939ee1a084a9f381f3a6cde,7d83c21331b4d5e2cec872c4e5a1e5262c86356fdcf1cd1ce9a4e12be7ffa741,0de0c9ccf4dc3f1b99a47d9a80e1254a6f5343fc44dfb9e44d1ca59051062e82,<WORKSPACE>/Gaussian/A17/EXCHANGE_R1/results/object_2014_middle,PROJECTED_ONLY,"base spectral fidelity minus child spectral fidelity, same full/projected scope; no-op0",1168,97,12,True,exact persisted spectrum subset only; not complete teacher domain; descriptive no inference/certificate,fixed12_per_removal,predeclared fixed bank; bounded nonrandom subset,receiver_score,96,0,2.6036195269324288e-18,DESCRIPTIVE,0.36535087719298237,0.5084915897992404,0,0.0,9.501040846972258e-06,1.3242277376612273e-13,2.6036195269324288e-18,False,False,"[1110, 964]","[57, 234]","[1110, 964]","[57, 234]",candidate-only; numerical ties broken by original move_index; expanded sets also saved,1.663445260635899e-05,1110,3.273187330437177,7.133411759386734e-06,False,1,9.501040846972258e-06,9.501040846972258e-06,descriptive ambiguity from score ties; not uncertainty interval/certificate,"one matched checkpoint, same available paired subset; scores measured relative to no-op zero"
2014,middle,8,aa19917b3f8553f3b14fade897f0ee673eb6b42e1939ee1a084a9f381f3a6cde,7d83c21331b4d5e2cec872c4e5a1e5262c86356fdcf1cd1ce9a4e12be7ffa741,0de0c9ccf4dc3f1b99a47d9a80e1254a6f5343fc44dfb9e44d1ca59051062e82,<WORKSPACE>/Gaussian/A17/EXCHANGE_R1/results/object_2014_middle,PROJECTED_ONLY,"base spectral fidelity minus child spectral fidelity, same full/projected scope; no-op0",1168,97,12,True,exact persisted spectrum subset only; not complete teacher domain; descriptive no inference/certificate,fixed12_per_removal,predeclared fixed bank; bounded nonrandom subset,delta_logdet_volume,96,0,2.6036195269324288e-18,DESCRIPTIVE,0.08377192982456139,0.14295984807379272,0,0.0,3.357583505082947e-05,1.2027303194273842e-12,2.6036195269324288e-18,False,False,"[25, 170]","[57, 234]","[25, 170]","[57, 234]",candidate-only; numerical ties broken by original move_index; expanded sets also saved,1.663445260635899e-05,25,42.31731108125285,-1.694138244447048e-05,False,1,3.357583505082947e-05,3.357583505082947e-05,descriptive ambiguity from score ties; not uncertainty interval/certificate,"one matched checkpoint, same available paired subset; scores measured relative to no-op zero"
2014,middle,8,aa19917b3f8553f3b14fade897f0ee673eb6b42e1939ee1a084a9f381f3a6cde,7d83c21331b4d5e2cec872c4e5a1e5262c86356fdcf1cd1ce9a4e12be7ffa741,0de0c9ccf4dc3f1b99a47d9a80e1254a6f5343fc44dfb9e44d1ca59051062e82,<WORKSPACE>/Gaussian/A17/EXCHANGE_R1/results/object_2014_middle,PROJECTED_ONLY,"base spectral fidelity minus child spectral fidelity, same full/projected scope; no-op0",1168,97,12,True,exact persisted spectrum subset only; not complete teacher domain; descriptive no inference/certificate,fixed12_per_removal,predeclared fixed bank; bounded nonrandom subset,delta_effective_dim,96,0,2.6036195269324288e-18,DESCRIPTIVE,-0.12105263157894736,-0.16477211068909386,0,0.0,1.3458900087660105e-05,1.610527052632795e-13,2.6036195269324288e-18,False,False,"[24, 25]","[57, 234]","[24, 25]","[57, 234]",candidate-only; numerical ties broken by original move_index; expanded sets also saved,1.663445260635899e-05,24,5.666538307896218,3.1755525186988857e-06,False,1,1.3458900087660105e-05,1.3458900087660105e-05,descriptive ambiguity from score ties; not uncertainty interval/certificate,"one matched checkpoint, same available paired subset; scores measured relative to no-op zero"
2014,middle,8,aa19917b3f8553f3b14fade897f0ee673eb6b42e1939ee1a084a9f381f3a6cde,7d83c21331b4d5e2cec872c4e5a1e5262c86356fdcf1cd1ce9a4e12be7ffa741,0de0c9ccf4dc3f1b99a47d9a80e1254a6f5343fc44dfb9e44d1ca59051062e82,<WORKSPACE>/Gaussian/A17/EXCHANGE_R1/results/object_2014_middle,PROJECTED_ONLY,"base spectral fidelity minus child spectral fidelity, same full/projected scope; no-op0",1168,97,12,True,exact persisted spectrum subset only; not complete teacher domain; descriptive no inference/certificate,fixed12_per_removal,predeclared fixed bank; bounded nonrandom subset,Qhat,96,0,2.6036195269324288e-18,DESCRIPTIVE,0.9675438596491226,0.9976939772110689,1,0.5,0.0,2.6036195269324288e-18,2.6036195269324288e-18,False,False,"[57, 56]","[57, 234]","[57, 56]","[57, 234]",candidate-only; numerical ties broken by original move_index; expanded sets also saved,1.663445260635899e-05,57,1.666042034993874e-05,1.663445260635899e-05,False,1,0.0,0.0,descriptive ambiguity from score ties; not uncertainty interval/certificate,"one matched checkpoint, same available paired subset; scores measured relative to no-op zero"
2014,middle,8,aa19917b3f8553f3b14fade897f0ee673eb6b42e1939ee1a084a9f381f3a6cde,7d83c21331b4d5e2cec872c4e5a1e5262c86356fdcf1cd1ce9a4e12be7ffa741,0de0c9ccf4dc3f1b99a47d9a80e1254a6f5343fc44dfb9e44d1ca59051062e82,<WORKSPACE>/Gaussian/A17/EXCHANGE_R1/results/object_2014_middle,PROJECTED_ONLY,"base spectral fidelity minus child spectral fidelity, same full/projected scope; no-op0",1168,97,12,True,exact persisted spectrum subset only; not complete teacher domain; descriptive no inference/certificate,fixed12_per_removal,predeclared fixed bank; bounded nonrandom subset,information_fidelity_improvement,96,0,2.6036195269324288e-18,DESCRIPTIVE,0.32587719298245604,0.43513293543136194,0,0.0,4.593936129582201e-05,2.842170943040401e-14,2.6036195269324288e-18,False,False,"[317, 349]","[57, 234]","[317, 349]","[57, 234]",candidate-only; numerical ties broken by original move_index; expanded sets also saved,1.663445260635899e-05,317,0.19816151083418032,-2.930490868946302e-05,False,1,4.593936129582201e-05,4.593936129582201e-05,descriptive ambiguity from score ties; not uncertainty interval/certificate,"one matched checkpoint, same available paired subset; scores measured relative to no-op zero"
2014,middle,8,aa19917b3f8553f3b14fade897f0ee673eb6b42e1939ee1a084a9f381f3a6cde,7d83c21331b4d5e2cec872c4e5a1e5262c86356fdcf1cd1ce9a4e12be7ffa741,0de0c9ccf4dc3f1b99a47d9a80e1254a6f5343fc44dfb9e44d1ca59051062e82,<WORKSPACE>/Gaussian/A17/EXCHANGE_R1/results/object_2014_middle,PROJECTED_ONLY,"base spectral fidelity minus child spectral fidelity, same full/projected scope; no-op0",1168,97,12,True,exact persisted spectrum subset only; not complete teacher domain; descriptive no inference/certificate,spectrum_plus_teacher_best,teacher-best evaluator augmentation introduces utility-selection bias,receiver_score,97,0,2.6036195269324288e-18,DESCRIPTIVE,0.35953608247422686,0.5032347990742688,0,0.0,1.8969619726274876e-05,1.3242277376612273e-13,2.6036195269324288e-18,False,False,"[1110, 964]","[890, 57]","[1110, 964]","[890, 57]",candidate-only; numerical ties broken by original move_index; expanded sets also saved,2.610303148566161e-05,1110,3.273187330437177,7.133411759386734e-06,False,1,1.8969619726274876e-05,1.8969619726274876e-05,descriptive ambiguity from score ties; not uncertainty interval/certificate,"one matched checkpoint, same available paired subset; scores measured relative to no-op zero"
2014,middle,8,aa19917b3f8553f3b14fade897f0ee673eb6b42e1939ee1a084a9f381f3a6cde,7d83c21331b4d5e2cec872c4e5a1e5262c86356fdcf1cd1ce9a4e12be7ffa741,0de0c9ccf4dc3f1b99a47d9a80e1254a6f5343fc44dfb9e44d1ca59051062e82,<WORKSPACE>/Gaussian/A17/EXCHANGE_R1/results/object_2014_middle,PROJECTED_ONLY,"base spectral fidelity minus child spectral fidelity, same full/projected scope; no-op0",1168,97,12,True,exact persisted spectrum subset only; not complete teacher domain; descriptive no inference/certificate,spectrum_plus_teacher_best,teacher-best evaluator augmentation introduces utility-selection bias,delta_logdet_volume,97,0,2.6036195269324288e-18,DESCRIPTIVE,0.08075601374570447,0.13884651798863876,0,0.0,4.304441393013209e-05,1.2027303194273842e-12,2.6036195269324288e-18,False,False,"[25, 170]","[890, 57]","[25, 170]","[890, 57]",candidate-only; numerical ties broken by original move_index; expanded sets also saved,2.610303148566161e-05,25,42.31731108125285,-1.694138244447048e-05,False,1,4.304441393013209e-05,4.304441393013209e-05,descriptive ambiguity from score ties; not uncertainty interval/certificate,"one matched checkpoint, same available paired subset; scores measured relative to no-op zero"
2014,middle,8,aa19917b3f8553f3b14fade897f0ee673eb6b42e1939ee1a084a9f381f3a6cde,7d83c21331b4d5e2cec872c4e5a1e5262c86356fdcf1cd1ce9a4e12be7ffa741,0de0c9ccf4dc3f1b99a47d9a80e1254a6f5343fc44dfb9e44d1ca59051062e82,<WORKSPACE>/Gaussian/A17/EXCHANGE_R1/results/object_2014_middle,PROJECTED_ONLY,"base spectral fidelity minus child spectral fidelity, same full/projected scope; no-op0",1168,97,12,True,exact persisted spectrum subset only; not complete teacher domain; descriptive no inference/certificate,spectrum_plus_teacher_best,teacher-best evaluator augmentation introduces utility-selection bias,delta_effective_dim,97,0,2.6036195269324288e-18,DESCRIPTIVE,-0.1284364261168385,-0.17582316431727327,0,0.0,2.2927478966962723e-05,1.610527052632795e-13,2.6036195269324288e-18,False,False,"[24, 25]","[890, 57]","[24, 25]","[890, 57]",candidate-only; numerical ties broken by original move_index; expanded sets also saved,2.610303148566161e-05,24,5.666538307896218,3.1755525186988857e-06,False,1,2.2927478966962723e-05,2.2927478966962723e-05,descriptive ambiguity from score ties; not uncertainty interval/certificate,"one matched checkpoint, same available paired subset; scores measured relative to no-op zero"
2014,middle,8,aa19917b3f8553f3b14fade897f0ee673eb6b42e1939ee1a084a9f381f3a6cde,7d83c21331b4d5e2cec872c4e5a1e5262c86356fdcf1cd1ce9a4e12be7ffa741,0de0c9ccf4dc3f1b99a47d9a80e1254a6f5343fc44dfb9e44d1ca59051062e82,<WORKSPACE>/Gaussian/A17/EXCHANGE_R1/results/object_2014_middle,PROJECTED_ONLY,"base spectral fidelity minus child spectral fidelity, same full/projected scope; no-op0",1168,97,12,True,exact persisted spectrum subset only; not complete teacher domain; descriptive no inference/certificate,spectrum_plus_teacher_best,teacher-best evaluator augmentation introduces utility-selection bias,Qhat,97,0,2.6036195269324288e-18,DESCRIPTIVE,0.9682130584192441,0.9977645697454238,2,1.0,0.0,2.6036195269324288e-18,2.6036195269324288e-18,False,False,"[890, 57]","[890, 57]","[890, 57]","[890, 57]",candidate-only; numerical ties broken by original move_index; expanded sets also saved,2.610303148566161e-05,890,2.403382046426437e-05,2.610303148566161e-05,False,1,0.0,0.0,descriptive ambiguity from score ties; not uncertainty interval/certificate,"one matched checkpoint, same available paired subset; scores measured relative to no-op zero"
2014,middle,8,aa19917b3f8553f3b14fade897f0ee673eb6b42e1939ee1a084a9f381f3a6cde,7d83c21331b4d5e2cec872c4e5a1e5262c86356fdcf1cd1ce9a4e12be7ffa741,0de0c9ccf4dc3f1b99a47d9a80e1254a6f5343fc44dfb9e44d1ca59051062e82,<WORKSPACE>/Gaussian/A17/EXCHANGE_R1/results/object_2014_middle,PROJECTED_ONLY,"base spectral fidelity minus child spectral fidelity, same full/projected scope; no-op0",1168,97,12,True,exact persisted spectrum subset only; not complete teacher domain; descriptive no inference/certificate,spectrum_plus_teacher_best,teacher-best evaluator augmentation introduces utility-selection bias,information_fidelity_improvement,97,0,2.6036195269324288e-18,DESCRIPTIVE,0.33204467353951894,0.4442062907637281,0,0.0,5.540794017512463e-05,2.842170943040401e-14,2.6036195269324288e-18,False,False,"[317, 349]","[890, 57]","[317, 349]","[890, 57]",candidate-only; numerical ties broken by original move_index; expanded sets also saved,2.610303148566161e-05,317,0.19816151083418032,-2.930490868946302e-05,False,1,5.540794017512463e-05,5.540794017512463e-05,descriptive ambiguity from score ties; not uncertainty interval/certificate,"one matched checkpoint, same available paired subset; scores measured relative to no-op zero"
2014,middle,16,aa19917b3f8553f3b14fade897f0ee673eb6b42e1939ee1a084a9f381f3a6cde,7d83c21331b4d5e2cec872c4e5a1e5262c86356fdcf1cd1ce9a4e12be7ffa741,8695b71a3d17fb061cefdd9771ffeca45f8ae1859cb04d5c4dcd2a8caeaaa84b,<WORKSPACE>/Gaussian/A17/EXCHANGE_R1/results/object_2014_middle,PROJECTED_ONLY,"base spectral fidelity minus child spectral fidelity, same full/projected scope; no-op0",2208,193,12,True,exact persisted spectrum subset only; not complete teacher domain; descriptive no inference/certificate,fixed12_per_removal,predeclared fixed bank; bounded nonrandom subset,receiver_score,192,0,2.6036195269324288e-18,DESCRIPTIVE,-0.27595986038394416,-0.392958386457966,0,0.0,4.874915723479077e-06,1.3242277376612273e-13,2.6036195269324288e-18,False,False,"[2150, 2012]","[277, 1]","[2150, 2012]","[277, 1]",candidate-only; numerical ties broken by original move_index; expanded sets also saved,3.573565199702264e-06,2150,4.262107937252257,-1.3013505237768128e-06,False,1,4.874915723479077e-06,4.874915723479077e-06,descriptive ambiguity from score ties; not uncertainty interval/certificate,"one matched checkpoint, same available paired subset; scores measured relative to no-op zero"
2014,middle,16,aa19917b3f8553f3b14fade897f0ee673eb6b42e1939ee1a084a9f381f3a6cde,7d83c21331b4d5e2cec872c4e5a1e5262c86356fdcf1cd1ce9a4e12be7ffa741,8695b71a3d17fb061cefdd9771ffeca45f8ae1859cb04d5c4dcd2a8caeaaa84b,<WORKSPACE>/Gaussian/A17/EXCHANGE_R1/results/object_2014_middle,PROJECTED_ONLY,"base spectral fidelity minus child spectral fidelity, same full/projected scope; no-op0",2208,193,12,True,exact persisted spectrum subset only; not complete teacher domain; descriptive no inference/certificate,fixed12_per_removal,predeclared fixed bank; bounded nonrandom subset,delta_logdet_volume,192,0,2.6036195269324288e-18,DESCRIPTIVE,-0.052901396160558466,-0.06821711472207906,0,0.0,2.418057216381782e-06,1.4237158771388212e-12,2.6036195269324288e-18,False,False,"[17, 154]","[277, 1]","[17, 154]","[277, 1]",candidate-only; numerical ties broken by original move_index; expanded sets also saved,3.573565199702264e-06,17,50.09254917003011,1.155507983320482e-06,False,1,2.418057216381782e-06,2.418057216381782e-06,descriptive ambiguity from score ties; not uncertainty interval/certificate,"one matched checkpoint, same available paired subset; scores measured relative to no-op zero"
2014,middle,16,aa19917b3f8553f3b14fade897f0ee673eb6b42e1939ee1a084a9f381f3a6cde,7d83c21331b4d5e2cec872c4e5a1e5262c86356fdcf1cd1ce9a4e12be7ffa741,8695b71a3d17fb061cefdd9771ffeca45f8ae1859cb04d5c4dcd2a8caeaaa84b,<WORKSPACE>/Gaussian/A17/EXCHANGE_R1/results/object_2014_middle,PROJECTED_ONLY,"base spectral fidelity minus child spectral fidelity, same full/projected scope; no-op0",2208,193,12,True,exact persisted spectrum subset only; not complete teacher domain; descriptive no inference/certificate,fixed12_per_removal,predeclared fixed bank; bounded nonrandom subset,delta_effective_dim,192,0,2.6036195269324288e-18,DESCRIPTIVE,-0.03664921465968586,-0.04197298103789708,0,0.0,2.418057216381782e-06,2.32908281432267e-13,2.6036195269324288e-18,False,False,"[17, 16]","[277, 1]","[17, 16]","[277, 1]",candidate-only; numerical ties broken by original move_index; expanded sets also saved,3.573565199702264e-06,17,8.194731636483283,1.155507983320482e-06,False,1,2.418057216381782e-06,2.418057216381782e-06,descriptive ambiguity from score ties; not uncertainty interval/certificate,"one matched checkpoint, same available paired subset; scores measured relative to no-op zero"
2014,middle,16,aa19917b3f8553f3b14fade897f0ee673eb6b42e1939ee1a084a9f381f3a6cde,7d83c21331b4d5e2cec872c4e5a1e5262c86356fdcf1cd1ce9a4e12be7ffa741,8695b71a3d17fb061cefdd9771ffeca45f8ae1859cb04d5c4dcd2a8caeaaa84b,<WORKSPACE>/Gaussian/A17/EXCHANGE_R1/results/object_2014_middle,PROJECTED_ONLY,"base spectral fidelity minus child spectral fidelity, same full/projected scope; no-op0",2208,193,12,True,exact persisted spectrum subset only; not complete teacher domain; descriptive no inference/certificate,fixed12_per_removal,predeclared fixed bank; bounded nonrandom subset,Qhat,192,0,2.6036195269324288e-18,DESCRIPTIVE,0.8029013961605584,0.9381680139977757,2,1.0,0.0,2.6036195269324288e-18,2.6036195269324288e-18,False,False,"[277, 1]","[277, 1]","[277, 1]","[277, 1]",candidate-only; numerical ties broken by original move_index; expanded sets also saved,3.573565199702264e-06,277,3.5620169752986577e-06,3.573565199702264e-06,False,1,0.0,0.0,descriptive ambiguity from score ties; not uncertainty interval/certificate,"one matched checkpoint, same available paired subset; scores measured relative to no-op zero"
2014,middle,16,aa19917b3f8553f3b14fade897f0ee673eb6b42e1939ee1a084a9f381f3a6cde,7d83c21331b4d5e2cec872c4e5a1e5262c86356fdcf1cd1ce9a4e12be7ffa741,8695b71a3d17fb061cefdd9771ffeca45f8ae1859cb04d5c4dcd2a8caeaaa84b,<WORKSPACE>/Gaussian/A17/EXCHANGE_R1/results/object_2014_middle,PROJECTED_ONLY,"base spectral fidelity minus child spectral fidelity, same full/projected scope; no-op0",2208,193,12,True,exact persisted spectrum subset only; not complete teacher domain; descriptive no inference/certificate,fixed12_per_removal,predeclared fixed bank; bounded nonrandom subset,information_fidelity_improvement,192,0,2.6036195269324288e-18,DESCRIPTIVE,0.1486692844677138,0.21195541599978301,0,0.0,5.590918575871275e-06,2.842170943040401e-14,2.6036195269324288e-18,False,False,"[80, 1184]","[277, 1]","[80, 1184]","[277, 1]",candidate-only; numerical ties broken by original move_index; expanded sets also saved,3.573565199702264e-06,80,0.1339635355612523,-2.0173533761690117e-06,False,1,5.590918575871275e-06,5.590918575871275e-06,descriptive ambiguity from score ties; not uncertainty interval/certificate,"one matched checkpoint, same available paired subset; scores measured relative to no-op zero"
2014,middle,16,aa19917b3f8553f3b14fade897f0ee673eb6b42e1939ee1a084a9f381f3a6cde,7d83c21331b4d5e2cec872c4e5a1e5262c86356fdcf1cd1ce9a4e12be7ffa741,8695b71a3d17fb061cefdd9771ffeca45f8ae1859cb04d5c4dcd2a8caeaaa84b,<WORKSPACE>/Gaussian/A17/EXCHANGE_R1/results/object_2014_middle,PROJECTED_ONLY,"base spectral fidelity minus child spectral fidelity, same full/projected scope; no-op0",2208,193,12,True,exact persisted spectrum subset only; not complete teacher domain; descriptive no inference/certificate,spectrum_plus_teacher_best,teacher-best evaluator augmentation introduces utility-selection bias,receiver_score,193,0,2.6036195269324288e-18,DESCRIPTIVE,-0.28173575129533684,-0.4005528550825276,0,0.0,4.9041235332997505e-06,1.3242277376612273e-13,2.6036195269324288e-18,False,False,"[2150, 2012]","[282, 277]","[2150, 2012]","[282, 277]",candidate-only; numerical ties broken by original move_index; expanded sets also saved,3.602773009522938e-06,2150,4.262107937252257,-1.3013505237768128e-06,False,1,4.9041235332997505e-06,4.9041235332997505e-06,descriptive ambiguity from score ties; not uncertainty interval/certificate,"one matched checkpoint, same available paired subset; scores measured relative to no-op zero"
2014,middle,16,aa19917b3f8553f3b14fade897f0ee673eb6b42e1939ee1a084a9f381f3a6cde,7d83c21331b4d5e2cec872c4e5a1e5262c86356fdcf1cd1ce9a4e12be7ffa741,8695b71a3d17fb061cefdd9771ffeca45f8ae1859cb04d5c4dcd2a8caeaaa84b,<WORKSPACE>/Gaussian/A17/EXCHANGE_R1/results/object_2014_middle,PROJECTED_ONLY,"base spectral fidelity minus child spectral fidelity, same full/projected scope; no-op0",2208,193,12,True,exact persisted spectrum subset only; not complete teacher domain; descriptive no inference/certificate,spectrum_plus_teacher_best,teacher-best evaluator augmentation introduces utility-selection bias,delta_logdet_volume,193,0,2.6036195269324288e-18,DESCRIPTIVE,-0.05699481865284974,-0.07463376689279418,0,0.0,2.4472650262024564e-06,1.4237158771388212e-12,2.6036195269324288e-18,False,False,"[17, 154]","[282, 277]","[17, 154]","[282, 277]",candidate-only; numerical ties broken by original move_index; expanded sets also saved,3.602773009522938e-06,17,50.09254917003011,1.155507983320482e-06,False,1,2.4472650262024564e-06,2.4472650262024564e-06,descriptive ambiguity from score ties; not uncertainty interval/certificate,"one matched checkpoint, same available paired subset; scores measured relative to no-op zero"
2014,middle,16,aa19917b3f8553f3b14fade897f0ee673eb6b42e1939ee1a084a9f381f3a6cde,7d83c21331b4d5e2cec872c4e5a1e5262c86356fdcf1cd1ce9a4e12be7ffa741,8695b71a3d17fb061cefdd9771ffeca45f8ae1859cb04d5c4dcd2a8caeaaa84b,<WORKSPACE>/Gaussian/A17/EXCHANGE_R1/results/object_2014_middle,PROJECTED_ONLY,"base spectral fidelity minus child spectral fidelity, same full/projected scope; no-op0",2208,193,12,True,exact persisted spectrum subset only; not complete teacher domain; descriptive no inference/certificate,spectrum_plus_teacher_best,teacher-best evaluator augmentation introduces utility-selection bias,delta_effective_dim,193,0,2.6036195269324288e-18,DESCRIPTIVE,-0.04220639032815199,-0.0506199588697185,0,0.0,2.4472650262024564e-06,2.32908281432267e-13,2.6036195269324288e-18,False,False,"[17, 16]","[282, 277]","[17, 16]","[282, 277]",candidate-only; numerical ties broken by original move_index; expanded sets also saved,3.602773009522938e-06,17,8.194731636483283,1.155507983320482e-06,False,1,2.4472650262024564e-06,2.4472650262024564e-06,descriptive ambiguity from score ties; not uncertainty interval/certificate,"one matched checkpoint, same available paired subset; scores measured relative to no-op zero"
2014,middle,16,aa19917b3f8553f3b14fade897f0ee673eb6b42e1939ee1a084a9f381f3a6cde,7d83c21331b4d5e2cec872c4e5a1e5262c86356fdcf1cd1ce9a4e12be7ffa741,8695b71a3d17fb061cefdd9771ffeca45f8ae1859cb04d5c4dcd2a8caeaaa84b,<WORKSPACE>/Gaussian/A17/EXCHANGE_R1/results/object_2014_middle,PROJECTED_ONLY,"base spectral fidelity minus child spectral fidelity, same full/projected scope; no-op0",2208,193,12,True,exact persisted spectrum subset only; not complete teacher domain; descriptive no inference/certificate,spectrum_plus_teacher_best,teacher-best evaluator augmentation introduces utility-selection bias,Qhat,193,0,2.6036195269324288e-18,DESCRIPTIVE,0.8049438687392055,0.9391241787297686,2,1.0,0.0,2.6036195269324288e-18,2.6036195269324288e-18,False,False,"[282, 277]","[282, 277]","[282, 277]","[282, 277]",candidate-only; numerical ties broken by original move_index; expanded sets also saved,3.602773009522938e-06,282,3.7191290594709454e-06,3.602773009522938e-06,False,1,0.0,0.0,descriptive ambiguity from score ties; not uncertainty interval/certificate,"one matched checkpoint, same available paired subset; scores measured relative to no-op zero"
2014,middle,16,aa19917b3f8553f3b14fade897f0ee673eb6b42e1939ee1a084a9f381f3a6cde,7d83c21331b4d5e2cec872c4e5a1e5262c86356fdcf1cd1ce9a4e12be7ffa741,8695b71a3d17fb061cefdd9771ffeca45f8ae1859cb04d5c4dcd2a8caeaaa84b,<WORKSPACE>/Gaussian/A17/EXCHANGE_R1/results/object_2014_middle,PROJECTED_ONLY,"base spectral fidelity minus child spectral fidelity, same full/projected scope; no-op0",2208,193,12,True,exact persisted spectrum subset only; not complete teacher domain; descriptive no inference/certificate,spectrum_plus_teacher_best,teacher-best evaluator augmentation introduces utility-selection bias,information_fidelity_improvement,193,0,2.6036195269324288e-18,DESCRIPTIVE,0.14766839378238342,0.2109462635542973,0,0.0,5.62012638569195e-06,2.842170943040401e-14,2.6036195269324288e-18,False,False,"[80, 1184]","[282, 277]","[80, 1184]","[282, 277]",candidate-only; numerical ties broken by original move_index; expanded sets also saved,3.602773009522938e-06,80,0.1339635355612523,-2.0173533761690117e-06,False,1,5.62012638569195e-06,5.62012638569195e-06,descriptive ambiguity from score ties; not uncertainty interval/certificate,"one matched checkpoint, same available paired subset; scores measured relative to no-op zero"
