object_id,phase,k,old_source_directory,fresh_source_directory,old_policy_sha256,old_runtime_receipt_sha256,historical_first_state_variant,old_run_exchange_sha256,accepted_trajectory_equal,old_accepted_trajectory,new_accepted_trajectory,shortlist_order_equal,old_shortlist_order,new_shortlist_order,shortlist_Qhat_exact_equal,terminal_selected_ids_equal,old_terminal_selected_ids,new_terminal_selected_ids,old_final_risk,new_final_risk,old_receiver_risk,new_receiver_risk,comparison_status,shortlist_Qhat_max_abs_error,actual_rank_equal,stop_reason_equal,pool_hash_equal,state_hash_equal,old_accepted_values,new_accepted_values,round_array_comparisons,step_shape_equal,step_finite,step_exact_equal,step_max_abs_error,step_relative_norm_error,Js_shape_equal,Js_finite,Js_exact_equal,Js_max_abs_error,Js_relative_norm_error,old_candidate_rows,new_candidate_rows,candidate_identity_set_equal,candidate_score_matched_rows,candidate_Qhat_exact_equal,candidate_score_max_abs_error,candidate_status_equal,old_initial_receiver_arrays,pool_hash_comparison_scope
2001,early,4,/Volumes/migodam's-external-brain/Research/Inv_SLAM/Gaussian/A17/EXCHANGE_R1/results/object_2001_early,/Volumes/migodam's-external-brain/Research/Inv_SLAM/Gaussian/A17/CLOSURE_R1/remote_snapshots/primary_complete_v1/results/replay_remaining_v2/object_2001/early,7d58abb576e5e9425c690fa096bc01f9dd7b470206edd4d804827b80cb2b5c0d,61ab175d6f574df4edcdea3ade42cd17baf2057fa0c433dd7caaea4fd38d2a99,False,8305891509db380224bcdc1743cb3e69c0d84cd706629afdafcf40645400448d,True,"[{""add"": [5], ""drop"": [1], ""kind"": ""swap"", ""round"": 0}]","[{""add"": [5], ""drop"": [1], ""kind"": ""swap"", ""round"": 0}]",True,"[[18, 12], [30, 42]]","[[18, 12], [30, 42]]",False,True,"[0, 2, 3, 5]","[0, 2, 3, 5]",0.0001936029059481648,0.0001936029059481648,0.0013352954485755715,0.0013352954485755715,MECHANICAL_VALUES_ONLY_NO_NEW_ARRAY_TOLERANCE,2.168404344971009e-19,True,True,False,True,"[{""Q_true"": 0.0011416925426274052, ""Qhat"": 0.0011304865416655642, ""actual_rank"": 4, ""add"": [5], ""drop"": [1], ""kind"": ""swap"", ""round"": 0, ""tau"": 2.8915684191413185e-14}]","[{""Q_true"": 0.0011416925426274063, ""Qhat"": 0.0011304865416655644, ""actual_rank"": 4, ""add"": [5], ""drop"": [1], ""ids"": [0, 2, 3, 5], ""kind"": ""swap"", ""round"": 0, ""tau"": 2.5716116251193744e-12}]","[{""Js_exact_equal"": true, ""Js_finite"": true, ""Js_max_abs_error"": 0.0, ""Js_relative_norm_error"": 0.0, ""Js_shape_equal"": true, ""new_array_exists"": true, ""new_array_sha256"": ""4f5ecc12546dc3d5ba1f349e0a5dfec2c189dd1a2a1673627445fded05ed4158"", ""old_array_exists"": true, ""old_array_sha256"": ""4f5ecc12546dc3d5ba1f349e0a5dfec2c189dd1a2a1673627445fded05ed4158"", ""round"": 0, ""selected_ids_equal"": true, ""step_exact_equal"": true, ""step_finite"": true, ""step_max_abs_error"": 0.0, ""step_relative_norm_error"": 0.0, ""step_shape_equal"": true}]",True,True,True,0.0,0.0,True,True,True,0.0,0.0,96,96,True,96,False,2.7755575615628914e-17,True,NOT_SAVED_AS_DEDICATED_BASELINE_ENDPOINT,"Historical pool_hash is physical; v2 persisted adapter returns coefficient-pool hash. Exact fixture file binding, not raw hash equality, establishes reuse."
2001,early,8,/Volumes/migodam's-external-brain/Research/Inv_SLAM/Gaussian/A17/EXCHANGE_R1/results/object_2001_early,/Volumes/migodam's-external-brain/Research/Inv_SLAM/Gaussian/A17/CLOSURE_R1/remote_snapshots/primary_complete_v1/results/replay_remaining_v2/object_2001/early,f4609c5ba63e988a211e41d43c3ac4107e444c8f713eb5fbd5147db49255a281,61ab175d6f574df4edcdea3ade42cd17baf2057fa0c433dd7caaea4fd38d2a99,False,8305891509db380224bcdc1743cb3e69c0d84cd706629afdafcf40645400448d,True,"[{""add"": [9], ""drop"": [5], ""kind"": ""swap"", ""round"": 0}, {""add"": [8], ""drop"": [7], ""kind"": ""swap"", ""round"": 1}, {""add"": [65], ""drop"": [4], ""kind"": ""swap"", ""round"": 2}]","[{""add"": [9], ""drop"": [5], ""kind"": ""swap"", ""round"": 0}, {""add"": [8], ""drop"": [7], ""kind"": ""swap"", ""round"": 1}, {""add"": [65], ""drop"": [4], ""kind"": ""swap"", ""round"": 2}]",True,"[[66, 90], [78, 42], [56, 80]]","[[66, 90], [78, 42], [56, 80]]",False,True,"[0, 1, 2, 3, 6, 9, 8, 65]","[0, 1, 2, 3, 6, 9, 8, 65]",7.85526805640808e-05,7.85526805640808e-05,8.831780221564739e-05,8.831780221564739e-05,MECHANICAL_VALUES_ONLY_NO_NEW_ARRAY_TOLERANCE,3.8963515573697816e-20,True,True,False,True,"[{""Q_true"": 5.891774355323595e-06, ""Qhat"": 5.820849831506204e-06, ""actual_rank"": 8, ""add"": [9], ""drop"": [5], ""kind"": ""swap"", ""round"": 0, ""tau"": 2.8915684191413185e-14}, {""Q_true"": 3.3177622110461934e-06, ""Qhat"": 2.8612217572905597e-06, ""actual_rank"": 8, ""add"": [8], ""drop"": [7], ""kind"": ""swap"", ""round"": 1, ""tau"": 2.8915684191413185e-14}, {""Q_true"": 5.555850851967787e-07, ""Qhat"": -1.0163313750388406e-07, ""actual_rank"": 8, ""add"": [65], ""drop"": [4], ""kind"": ""swap"", ""round"": 2, ""tau"": 2.8915684191413185e-14}]","[{""Q_true"": 5.891774355323588e-06, ""Qhat"": 5.820849831506194e-06, ""actual_rank"": 8, ""add"": [9], ""drop"": [5], ""ids"": [0, 1, 2, 3, 4, 6, 7, 9], ""kind"": ""swap"", ""round"": 0, ""tau"": 2.4990307741409917e-12}, {""Q_true"": 3.3177622110461896e-06, ""Qhat"": 2.8612217572905567e-06, ""actual_rank"": 8, ""add"": [8], ""drop"": [7], ""ids"": [0, 1, 2, 3, 4, 6, 9, 8], ""kind"": ""swap"", ""round"": 1, ""tau"": 2.4989129781954908e-12}, {""Q_true"": 5.555850851967714e-07, ""Qhat"": -1.0163313750392302e-07, ""actual_rank"": 8, ""add"": [65], ""drop"": [4], ""ids"": [0, 1, 2, 3, 6, 9, 8, 65], ""kind"": ""swap"", ""round"": 2, ""tau"": 2.4992266460940577e-12}]","[{""Js_exact_equal"": true, ""Js_finite"": true, ""Js_max_abs_error"": 0.0, ""Js_relative_norm_error"": 0.0, ""Js_shape_equal"": true, ""new_array_exists"": true, ""new_array_sha256"": ""594a00707c6c055f52ec8c578fae59989dac5977123ad9795920be9198b71639"", ""old_array_exists"": true, ""old_array_sha256"": ""594a00707c6c055f52ec8c578fae59989dac5977123ad9795920be9198b71639"", ""round"": 0, ""selected_ids_equal"": true, ""step_exact_equal"": true, ""step_finite"": true, ""step_max_abs_error"": 0.0, ""step_relative_norm_error"": 0.0, ""step_shape_equal"": true}, {""Js_exact_equal"": true, ""Js_finite"": true, ""Js_max_abs_error"": 0.0, ""Js_relative_norm_error"": 0.0, ""Js_shape_equal"": true, ""new_array_exists"": true, ""new_array_sha256"": ""4d0cb48d82a27f82d5f84c482ee81e6656a742acb034533608848f5009a408a0"", ""old_array_exists"": true, ""old_array_sha256"": ""4d0cb48d82a27f82d5f84c482ee81e6656a742acb034533608848f5009a408a0"", ""round"": 1, ""selected_ids_equal"": true, ""step_exact_equal"": true, ""step_finite"": true, ""step_max_abs_error"": 0.0, ""step_relative_norm_error"": 0.0, ""step_shape_equal"": true}, {""Js_exact_equal"": true, ""Js_finite"": true, ""Js_max_abs_error"": 0.0, ""Js_relative_norm_error"": 0.0, ""Js_shape_equal"": true, ""new_array_exists"": true, ""new_array_sha256"": ""9586525d884b56d128d600a68f1daa831cad2a90a3039d09c10f71208a0365a6"", ""old_array_exists"": true, ""old_array_sha256"": ""9586525d884b56d128d600a68f1daa831cad2a90a3039d09c10f71208a0365a6"", ""round"": 2, ""selected_ids_equal"": true, ""step_exact_equal"": true, ""step_finite"": true, ""step_max_abs_error"": 0.0, ""step_relative_norm_error"": 0.0, ""step_shape_equal"": true}]",True,True,True,0.0,0.0,True,True,True,0.0,0.0,288,288,True,288,False,1.0408340855860843e-17,True,NOT_SAVED_AS_DEDICATED_BASELINE_ENDPOINT,"Historical pool_hash is physical; v2 persisted adapter returns coefficient-pool hash. Exact fixture file binding, not raw hash equality, establishes reuse."
2001,early,16,/Volumes/migodam's-external-brain/Research/Inv_SLAM/Gaussian/A17/EXCHANGE_R1/results/object_2001_early,/Volumes/migodam's-external-brain/Research/Inv_SLAM/Gaussian/A17/CLOSURE_R1/remote_snapshots/primary_complete_v1/results/replay_remaining_v2/object_2001/early,6f65cc80ce5b761fd7bc0ad078525a9d689989f754eb8b1109c37a2b64cd9650,61ab175d6f574df4edcdea3ade42cd17baf2057fa0c433dd7caaea4fd38d2a99,False,8305891509db380224bcdc1743cb3e69c0d84cd706629afdafcf40645400448d,True,"[{""add"": [65], ""drop"": [3], ""kind"": ""swap"", ""round"": 0}, {""add"": [64], ""drop"": [4], ""kind"": ""swap"", ""round"": 1}]","[{""add"": [65], ""drop"": [3], ""kind"": ""swap"", ""round"": 0}, {""add"": [64], ""drop"": [4], ""kind"": ""swap"", ""round"": 1}]",True,"[[122, 44], [110, 38], [96, 60]]","[[122, 44], [110, 38], [96, 60]]",False,True,"[0, 1, 2, 5, 6, 7, 8, 9, 10, 11, 12, 13, 14, 15, 65, 64]","[0, 1, 2, 5, 6, 7, 8, 9, 10, 11, 12, 13, 14, 15, 65, 64]",1.4478701397820284e-05,1.4478701397820284e-05,2.642871382533148e-05,2.642871382533148e-05,MECHANICAL_VALUES_ONLY_NO_NEW_ARRAY_TOLERANCE,3.218725199566341e-20,True,True,False,True,"[{""Q_true"": 7.494017043251155e-06, ""Qhat"": 7.089675786601882e-06, ""actual_rank"": 16, ""add"": [65], ""drop"": [3], ""kind"": ""swap"", ""round"": 0, ""tau"": 2.8915684191413185e-14}, {""Q_true"": 4.455995384260044e-06, ""Qhat"": 1.5240043461957836e-06, ""actual_rank"": 16, ""add"": [64], ""drop"": [4], ""kind"": ""swap"", ""round"": 1, ""tau"": 2.8915684191413185e-14}]","[{""Q_true"": 7.494017043251155e-06, ""Qhat"": 7.089675786601872e-06, ""actual_rank"": 16, ""add"": [65], ""drop"": [3], ""ids"": [0, 1, 2, 4, 5, 6, 7, 8, 9, 10, 11, 12, 13, 14, 15, 65], ""kind"": ""swap"", ""round"": 0, ""tau"": 2.4976277664941693e-12}, {""Q_true"": 4.455995384260039e-06, ""Qhat"": 1.5240043461957667e-06, ""actual_rank"": 16, ""add"": [64], ""drop"": [4], ""ids"": [0, 1, 2, 5, 6, 7, 8, 9, 10, 11, 12, 13, 14, 15, 65, 64], ""kind"": ""swap"", ""round"": 1, ""tau"": 2.4974733454614504e-12}]","[{""Js_exact_equal"": true, ""Js_finite"": true, ""Js_max_abs_error"": 0.0, ""Js_relative_norm_error"": 0.0, ""Js_shape_equal"": true, ""new_array_exists"": true, ""new_array_sha256"": ""275c8c50df27493d13cb29ece89ea6a1459d0ac10e4733ca10ceb6fff7cc44e9"", ""old_array_exists"": true, ""old_array_sha256"": ""275c8c50df27493d13cb29ece89ea6a1459d0ac10e4733ca10ceb6fff7cc44e9"", ""round"": 0, ""selected_ids_equal"": true, ""step_exact_equal"": true, ""step_finite"": true, ""step_max_abs_error"": 0.0, ""step_relative_norm_error"": 0.0, ""step_shape_equal"": true}, {""Js_exact_equal"": true, ""Js_finite"": true, ""Js_max_abs_error"": 0.0, ""Js_relative_norm_error"": 0.0, ""Js_shape_equal"": true, ""new_array_exists"": true, ""new_array_sha256"": ""274f286e6a53b9b70a17a4babb61232d9e9d3e22170147fd8796ff17d3391a0e"", ""old_array_exists"": true, ""old_array_sha256"": ""274f286e6a53b9b70a17a4babb61232d9e9d3e22170147fd8796ff17d3391a0e"", ""round"": 1, ""selected_ids_equal"": true, ""step_exact_equal"": true, ""step_finite"": true, ""step_max_abs_error"": 0.0, ""step_relative_norm_error"": 0.0, ""step_shape_equal"": true}]",True,True,True,0.0,0.0,True,True,True,0.0,0.0,576,576,True,576,False,3.469446951953614e-18,True,NOT_SAVED_AS_DEDICATED_BASELINE_ENDPOINT,"Historical pool_hash is physical; v2 persisted adapter returns coefficient-pool hash. Exact fixture file binding, not raw hash equality, establishes reuse."
2001,late,4,/Volumes/migodam's-external-brain/Research/Inv_SLAM/Gaussian/A17/EXCHANGE_R1/results/object_2001_late,/Volumes/migodam's-external-brain/Research/Inv_SLAM/Gaussian/A17/CLOSURE_R1/remote_snapshots/primary_complete_v1/results/replay_remaining_v2/object_2001/late,86f08261626357dcd77ca9be042ccc22a28a7d30e4860403add51cbb8a6d048f,4b51649beb9f132edd4c0ab3bb8e4cca2daac45728628af2ca5df4ea196b39fc,False,8305891509db380224bcdc1743cb3e69c0d84cd706629afdafcf40645400448d,True,"[{""add"": [4], ""drop"": [1], ""kind"": ""swap"", ""round"": 0}, {""add"": [128], ""drop"": [3], ""kind"": ""swap"", ""round"": 1}]","[{""add"": [4], ""drop"": [1], ""kind"": ""swap"", ""round"": 0}, {""add"": [128], ""drop"": [3], ""kind"": ""swap"", ""round"": 1}]",True,"[[12, 16], [20, 28], [42, 46]]","[[12, 16], [20, 28], [42, 46]]",False,True,"[0, 2, 4, 128]","[0, 2, 4, 128]",3.8784900959344815e-05,3.8784900959344815e-05,0.00028650196246260613,0.00028650196246260613,MECHANICAL_VALUES_ONLY_NO_NEW_ARRAY_TOLERANCE,3.2526065174565133e-19,True,True,False,True,"[{""Q_true"": 0.00023291694130544343, ""Qhat"": 0.00019873092802135309, ""actual_rank"": 4, ""add"": [4], ""drop"": [1], ""kind"": ""swap"", ""round"": 0, ""tau"": 1.6997543248631502e-17}, {""Q_true"": 1.4800120197817872e-05, ""Qhat"": 1.981741677567964e-06, ""actual_rank"": 4, ""add"": [128], ""drop"": [3], ""kind"": ""swap"", ""round"": 1, ""tau"": 3.757747994227953e-18}]","[{""Q_true"": 0.00023291694130544335, ""Qhat"": 0.0001987309280213534, ""actual_rank"": 4, ""add"": [4], ""drop"": [1], ""ids"": [0, 2, 3, 4], ""kind"": ""swap"", ""round"": 0, ""tau"": 1.661964361430139e-14}, {""Q_true"": 1.4800120197817952e-05, ""Qhat"": 1.9817416775679706e-06, ""actual_rank"": 4, ""add"": [128], ""drop"": [3], ""ids"": [0, 2, 4, 128], ""kind"": ""swap"", ""round"": 1, ""tau"": 3.4081935197941764e-15}]","[{""Js_exact_equal"": true, ""Js_finite"": true, ""Js_max_abs_error"": 0.0, ""Js_relative_norm_error"": 0.0, ""Js_shape_equal"": true, ""new_array_exists"": true, ""new_array_sha256"": ""7b9547bf927a8d9efa23830d604fd53e8a5ddfdea290e85f66b7d555abe42264"", ""old_array_exists"": true, ""old_array_sha256"": ""7b9547bf927a8d9efa23830d604fd53e8a5ddfdea290e85f66b7d555abe42264"", ""round"": 0, ""selected_ids_equal"": true, ""step_exact_equal"": true, ""step_finite"": true, ""step_max_abs_error"": 0.0, ""step_relative_norm_error"": 0.0, ""step_shape_equal"": true}, {""Js_exact_equal"": true, ""Js_finite"": true, ""Js_max_abs_error"": 0.0, ""Js_relative_norm_error"": 0.0, ""Js_shape_equal"": true, ""new_array_exists"": true, ""new_array_sha256"": ""7a7132c06ef23f3c333700d7ffff8ff400f3c2b44d3c50acec8e908590c5e928"", ""old_array_exists"": true, ""old_array_sha256"": ""7a7132c06ef23f3c333700d7ffff8ff400f3c2b44d3c50acec8e908590c5e928"", ""round"": 1, ""selected_ids_equal"": true, ""step_exact_equal"": true, ""step_finite"": true, ""step_max_abs_error"": 0.0, ""step_relative_norm_error"": 0.0, ""step_shape_equal"": true}]",True,True,True,0.0,0.0,True,True,True,0.0,0.0,144,144,True,144,False,4.87890977618477e-19,True,NOT_SAVED_AS_DEDICATED_BASELINE_ENDPOINT,"Historical pool_hash is physical; v2 persisted adapter returns coefficient-pool hash. Exact fixture file binding, not raw hash equality, establishes reuse."
2001,late,8,/Volumes/migodam's-external-brain/Research/Inv_SLAM/Gaussian/A17/EXCHANGE_R1/results/object_2001_late,/Volumes/migodam's-external-brain/Research/Inv_SLAM/Gaussian/A17/CLOSURE_R1/remote_snapshots/primary_complete_v1/results/replay_remaining_v2/object_2001/late,81012888c28068f358298f8bb455213fb803569a4db823467f23dfdb44381bdc,4b51649beb9f132edd4c0ab3bb8e4cca2daac45728628af2ca5df4ea196b39fc,False,8305891509db380224bcdc1743cb3e69c0d84cd706629afdafcf40645400448d,True,"[{""add"": [96], ""drop"": [3], ""kind"": ""swap"", ""round"": 0}, {""add"": [98], ""drop"": [5], ""kind"": ""swap"", ""round"": 1}, {""add"": [99], ""drop"": [2], ""kind"": ""swap"", ""round"": 2}]","[{""add"": [96], ""drop"": [3], ""kind"": ""swap"", ""round"": 0}, {""add"": [98], ""drop"": [5], ""kind"": ""swap"", ""round"": 1}, {""add"": [99], ""drop"": [2], ""kind"": ""swap"", ""round"": 2}]",True,"[[39, 75], [33, 57], [33, 25]]","[[39, 75], [33, 57], [33, 25]]",False,True,"[0, 1, 4, 6, 7, 96, 98, 99]","[0, 1, 4, 6, 7, 96, 98, 99]",1.2602468302277157e-05,1.2602468302277157e-05,5.7316672820409987e-05,5.7316672820409987e-05,MECHANICAL_VALUES_ONLY_NO_NEW_ARRAY_TOLERANCE,3.3881317890172014e-20,True,True,False,True,"[{""Q_true"": 4.00343451709965e-05, ""Qhat"": 3.676569715490495e-05, ""actual_rank"": 8, ""add"": [96], ""drop"": [3], ""kind"": ""swap"", ""round"": 0, ""tau"": 3.969867832764544e-18}, {""Q_true"": 2.2186097947362054e-06, ""Qhat"": 1.6094021466195455e-06, ""actual_rank"": 8, ""add"": [98], ""drop"": [5], ""kind"": ""swap"", ""round"": 1, ""tau"": 1.820467525657628e-18}, {""Q_true"": 2.4612495524001667e-06, ""Qhat"": 1.9176132601303553e-06, ""actual_rank"": 8, ""add"": [99], ""drop"": [2], ""kind"": ""swap"", ""round"": 2, ""tau"": 1.820467525657628e-18}]","[{""Q_true"": 4.0034345170996565e-05, ""Qhat"": 3.676569715490493e-05, ""actual_rank"": 8, ""add"": [96], ""drop"": [3], ""ids"": [0, 1, 2, 4, 5, 6, 7, 96], ""kind"": ""swap"", ""round"": 0, ""tau"": 3.2722366937719387e-15}, {""Q_true"": 2.218609794736185e-06, ""Qhat"": 1.6094021466195353e-06, ""actual_rank"": 8, ""add"": [98], ""drop"": [5], ""ids"": [0, 1, 2, 4, 6, 7, 96, 98], ""kind"": ""swap"", ""round"": 1, ""tau"": 1.4924905951041233e-15}, {""Q_true"": 2.4612495524001646e-06, ""Qhat"": 1.9176132601303566e-06, ""actual_rank"": 8, ""add"": [99], ""drop"": [2], ""ids"": [0, 1, 4, 6, 7, 96, 98, 99], ""kind"": ""swap"", ""round"": 2, ""tau"": 1.2258919734865494e-15}]","[{""Js_exact_equal"": true, ""Js_finite"": true, ""Js_max_abs_error"": 0.0, ""Js_relative_norm_error"": 0.0, ""Js_shape_equal"": true, ""new_array_exists"": true, ""new_array_sha256"": ""8d203920eb12948c24635f9d00eb5b690f9d6a8124e1a1c846ab9849b23cd172"", ""old_array_exists"": true, ""old_array_sha256"": ""8d203920eb12948c24635f9d00eb5b690f9d6a8124e1a1c846ab9849b23cd172"", ""round"": 0, ""selected_ids_equal"": true, ""step_exact_equal"": true, ""step_finite"": true, ""step_max_abs_error"": 0.0, ""step_relative_norm_error"": 0.0, ""step_shape_equal"": true}, {""Js_exact_equal"": true, ""Js_finite"": true, ""Js_max_abs_error"": 0.0, ""Js_relative_norm_error"": 0.0, ""Js_shape_equal"": true, ""new_array_exists"": true, ""new_array_sha256"": ""8a869e94f7d0ac649ccefb43659b352fe463ea49823d70332381392b8f654c18"", ""old_array_exists"": true, ""old_array_sha256"": ""8a869e94f7d0ac649ccefb43659b352fe463ea49823d70332381392b8f654c18"", ""round"": 1, ""selected_ids_equal"": true, ""step_exact_equal"": true, ""step_finite"": true, ""step_max_abs_error"": 0.0, ""step_relative_norm_error"": 0.0, ""step_shape_equal"": true}, {""Js_exact_equal"": true, ""Js_finite"": true, ""Js_max_abs_error"": 0.0, ""Js_relative_norm_error"": 0.0, ""Js_shape_equal"": true, ""new_array_exists"": true, ""new_array_sha256"": ""0918603b33e1e24b9cf78473bc6bebd60e1e6740928ba1a8b9ce865501225789"", ""old_array_exists"": true, ""old_array_sha256"": ""0918603b33e1e24b9cf78473bc6bebd60e1e6740928ba1a8b9ce865501225789"", ""round"": 2, ""selected_ids_equal"": true, ""step_exact_equal"": true, ""step_finite"": true, ""step_max_abs_error"": 0.0, ""step_relative_norm_error"": 0.0, ""step_shape_equal"": true}]",True,True,True,0.0,0.0,True,True,True,0.0,0.0,288,288,True,288,False,9.486769009248164e-20,True,NOT_SAVED_AS_DEDICATED_BASELINE_ENDPOINT,"Historical pool_hash is physical; v2 persisted adapter returns coefficient-pool hash. Exact fixture file binding, not raw hash equality, establishes reuse."
2001,late,16,/Volumes/migodam's-external-brain/Research/Inv_SLAM/Gaussian/A17/EXCHANGE_R1/results/object_2001_late,/Volumes/migodam's-external-brain/Research/Inv_SLAM/Gaussian/A17/CLOSURE_R1/remote_snapshots/primary_complete_v1/results/replay_remaining_v2/object_2001/late,ae7107c49f19024ad4ac0870aa89fb41caa9fb4228186407ad45be02a647ba10,4b51649beb9f132edd4c0ab3bb8e4cca2daac45728628af2ca5df4ea196b39fc,False,8305891509db380224bcdc1743cb3e69c0d84cd706629afdafcf40645400448d,True,"[{""add"": [96], ""drop"": [9], ""kind"": ""swap"", ""round"": 0}]","[{""add"": [96], ""drop"": [9], ""kind"": ""swap"", ""round"": 0}]",True,"[[75, 111], [75, 21]]","[[75, 111], [75, 21]]",False,True,"[0, 1, 2, 3, 4, 5, 6, 7, 8, 10, 11, 12, 13, 14, 15, 96]","[0, 1, 2, 3, 4, 5, 6, 7, 8, 10, 11, 12, 13, 14, 15, 96]",2.1122024870769628e-06,2.1122024870769628e-06,3.468408115451801e-06,3.468408115451801e-06,MECHANICAL_VALUES_ONLY_NO_NEW_ARRAY_TOLERANCE,2.752857078576476e-21,True,True,False,True,"[{""Q_true"": 1.3562056283748349e-06, ""Qhat"": 1.570846107775612e-06, ""actual_rank"": 16, ""add"": [96], ""drop"": [9], ""kind"": ""swap"", ""round"": 0, ""tau"": 1.820467525657628e-18}]","[{""Q_true"": 1.3562056283748332e-06, ""Qhat"": 1.5708461077756094e-06, ""actual_rank"": 16, ""add"": [96], ""drop"": [9], ""ids"": [0, 1, 2, 3, 4, 5, 6, 7, 8, 10, 11, 12, 13, 14, 15, 96], ""kind"": ""swap"", ""round"": 0, ""tau"": 8.191604988082185e-16}]","[{""Js_exact_equal"": true, ""Js_finite"": true, ""Js_max_abs_error"": 0.0, ""Js_relative_norm_error"": 0.0, ""Js_shape_equal"": true, ""new_array_exists"": true, ""new_array_sha256"": ""f05d07b5476d9b20c282a2b29841695f74a8e51a3cd5f8ac24db92e93672fbf3"", ""old_array_exists"": true, ""old_array_sha256"": ""f05d07b5476d9b20c282a2b29841695f74a8e51a3cd5f8ac24db92e93672fbf3"", ""round"": 0, ""selected_ids_equal"": true, ""step_exact_equal"": true, ""step_finite"": true, ""step_max_abs_error"": 0.0, ""step_relative_norm_error"": 0.0, ""step_shape_equal"": true}]",True,True,True,0.0,0.0,True,True,True,0.0,0.0,384,384,True,384,False,1.5246593050577406e-20,True,NOT_SAVED_AS_DEDICATED_BASELINE_ENDPOINT,"Historical pool_hash is physical; v2 persisted adapter returns coefficient-pool hash. Exact fixture file binding, not raw hash equality, establishes reuse."
2001,middle,4,/Volumes/migodam's-external-brain/Research/Inv_SLAM/Gaussian/A17/EXCHANGE_R1/results/object_2001_middle,/Volumes/migodam's-external-brain/Research/Inv_SLAM/Gaussian/A17/CLOSURE_R1/remote_snapshots/primary_complete_v1/results/replay_remaining_v2/object_2001/middle,ea884858cf86ee7c7d3e7d2a0c32992678cd578654585728bce92be2a5736774,089b88f2835577aee5a2717c5e165ad0c0831db844287fff7644c2d483fbaea4,False,8305891509db380224bcdc1743cb3e69c0d84cd706629afdafcf40645400448d,True,"[{""add"": [5], ""drop"": [1], ""kind"": ""swap"", ""round"": 0}, {""add"": [64], ""drop"": [0], ""kind"": ""swap"", ""round"": 1}]","[{""add"": [5], ""drop"": [1], ""kind"": ""swap"", ""round"": 0}, {""add"": [64], ""drop"": [0], ""kind"": ""swap"", ""round"": 1}]",True,"[[0, 18], [2, 3], [39, 38]]","[[0, 18], [2, 3], [39, 38]]",False,True,"[2, 3, 5, 64]","[2, 3, 5, 64]",1.0712018393707932e-05,1.0712018393707932e-05,7.479667797000949e-05,7.479667797000949e-05,MECHANICAL_VALUES_ONLY_NO_NEW_ARRAY_TOLERANCE,2.371692252312041e-20,True,True,False,True,"[{""Q_true"": 5.7107452982870744e-05, ""Qhat"": 5.482645199199985e-05, ""actual_rank"": 4, ""add"": [5], ""drop"": [1], ""kind"": ""swap"", ""round"": 0, ""tau"": 5.04664544384715e-18}, {""Q_true"": 6.977206593431098e-06, ""Qhat"": 7.027600510368451e-06, ""actual_rank"": 4, ""add"": [64], ""drop"": [0], ""kind"": ""swap"", ""round"": 1, ""tau"": 2.1871235165076276e-18}]","[{""Q_true"": 5.710745298287038e-05, ""Qhat"": 5.482645199199985e-05, ""actual_rank"": 4, ""add"": [5], ""drop"": [1], ""ids"": [0, 2, 3, 5], ""kind"": ""swap"", ""round"": 0, ""tau"": 5.404444433345616e-15}, {""Q_true"": 6.977206593431011e-06, ""Qhat"": 7.027600510368434e-06, ""actual_rank"": 4, ""add"": [64], ""drop"": [0], ""ids"": [2, 3, 5, 64], ""kind"": ""swap"", ""round"": 1, ""tau"": 2.018195788014569e-15}]","[{""Js_exact_equal"": true, ""Js_finite"": true, ""Js_max_abs_error"": 0.0, ""Js_relative_norm_error"": 0.0, ""Js_shape_equal"": true, ""new_array_exists"": true, ""new_array_sha256"": ""885a71dac77cb702a2ab3d629d7d1c0cdc4de78380078d0905675d78037eaf8f"", ""old_array_exists"": true, ""old_array_sha256"": ""885a71dac77cb702a2ab3d629d7d1c0cdc4de78380078d0905675d78037eaf8f"", ""round"": 0, ""selected_ids_equal"": true, ""step_exact_equal"": true, ""step_finite"": true, ""step_max_abs_error"": 0.0, ""step_relative_norm_error"": 0.0, ""step_shape_equal"": true}, {""Js_exact_equal"": true, ""Js_finite"": true, ""Js_max_abs_error"": 0.0, ""Js_relative_norm_error"": 0.0, ""Js_shape_equal"": true, ""new_array_exists"": true, ""new_array_sha256"": ""a4595d208a2d2becd4b51d030e4704f54561d49d47d7cdb730c2e23677ab9f21"", ""old_array_exists"": true, ""old_array_sha256"": ""a4595d208a2d2becd4b51d030e4704f54561d49d47d7cdb730c2e23677ab9f21"", ""round"": 1, ""selected_ids_equal"": true, ""step_exact_equal"": true, ""step_finite"": true, ""step_max_abs_error"": 0.0, ""step_relative_norm_error"": 0.0, ""step_shape_equal"": true}]",True,True,True,0.0,0.0,True,True,True,0.0,0.0,144,144,True,144,False,1.3552527156068805e-19,True,NOT_SAVED_AS_DEDICATED_BASELINE_ENDPOINT,"Historical pool_hash is physical; v2 persisted adapter returns coefficient-pool hash. Exact fixture file binding, not raw hash equality, establishes reuse."
2001,middle,8,/Volumes/migodam's-external-brain/Research/Inv_SLAM/Gaussian/A17/EXCHANGE_R1/results/object_2001_middle,/Volumes/migodam's-external-brain/Research/Inv_SLAM/Gaussian/A17/CLOSURE_R1/remote_snapshots/primary_complete_v1/results/replay_remaining_v2/object_2001/middle,04688046a2ea747ceb32b27ab74ad9a177980d17cee5ed41a4440a51744d5b4b,089b88f2835577aee5a2717c5e165ad0c0831db844287fff7644c2d483fbaea4,False,8305891509db380224bcdc1743cb3e69c0d84cd706629afdafcf40645400448d,True,"[{""add"": [9], ""drop"": [6], ""kind"": ""swap"", ""round"": 0}, {""add"": [33], ""drop"": [4], ""kind"": ""swap"", ""round"": 1}]","[{""add"": [9], ""drop"": [6], ""kind"": ""swap"", ""round"": 0}, {""add"": [33], ""drop"": [4], ""kind"": ""swap"", ""round"": 1}]",True,"[[78, 81], [57, 55], [93, 45]]","[[78, 81], [57, 55], [93, 45]]",False,True,"[0, 1, 2, 3, 5, 7, 9, 33]","[0, 1, 2, 3, 5, 7, 9, 33]",6.589188285025978e-06,6.589188285025978e-06,8.780418261098822e-06,8.780418261098822e-06,MECHANICAL_VALUES_ONLY_NO_NEW_ARRAY_TOLERANCE,2.117582368135751e-21,True,True,False,True,"[{""Q_true"": 1.4535627750222932e-06, ""Qhat"": 2.512583836904557e-06, ""actual_rank"": 8, ""add"": [9], ""drop"": [6], ""kind"": ""swap"", ""round"": 0, ""tau"": 2.1871235165076276e-18}, {""Q_true"": 7.376672010505599e-07, ""Qhat"": 3.080497230305079e-07, ""actual_rank"": 8, ""add"": [33], ""drop"": [4], ""kind"": ""swap"", ""round"": 1, ""tau"": 2.1871235165076276e-18}]","[{""Q_true"": 1.4535627750222923e-06, ""Qhat"": 2.512583836904556e-06, ""actual_rank"": 8, ""add"": [9], ""drop"": [6], ""ids"": [0, 1, 2, 3, 4, 5, 7, 9], ""kind"": ""swap"", ""round"": 0, ""tau"": 1.0737853930564977e-15}, {""Q_true"": 7.376672010505586e-07, ""Qhat"": 3.080497230305058e-07, ""actual_rank"": 8, ""add"": [33], ""drop"": [4], ""ids"": [0, 1, 2, 3, 5, 7, 9, 33], ""kind"": ""swap"", ""round"": 1, ""tau"": 9.911588974373391e-16}]","[{""Js_exact_equal"": true, ""Js_finite"": true, ""Js_max_abs_error"": 0.0, ""Js_relative_norm_error"": 0.0, ""Js_shape_equal"": true, ""new_array_exists"": true, ""new_array_sha256"": ""1c8f3886249f58f09de8089c5145a9e56199ce17581897bbf3f52768d8a10f99"", ""old_array_exists"": true, ""old_array_sha256"": ""1c8f3886249f58f09de8089c5145a9e56199ce17581897bbf3f52768d8a10f99"", ""round"": 0, ""selected_ids_equal"": true, ""step_exact_equal"": true, ""step_finite"": true, ""step_max_abs_error"": 0.0, ""step_relative_norm_error"": 0.0, ""step_shape_equal"": true}, {""Js_exact_equal"": true, ""Js_finite"": true, ""Js_max_abs_error"": 0.0, ""Js_relative_norm_error"": 0.0, ""Js_shape_equal"": true, ""new_array_exists"": true, ""new_array_sha256"": ""c21c17ba8a3d0fd94a82068ef96f522563c4d72e2df2d14ea10358889bbc1f57"", ""old_array_exists"": true, ""old_array_sha256"": ""c21c17ba8a3d0fd94a82068ef96f522563c4d72e2df2d14ea10358889bbc1f57"", ""round"": 1, ""selected_ids_equal"": true, ""step_exact_equal"": true, ""step_finite"": true, ""step_max_abs_error"": 0.0, ""step_relative_norm_error"": 0.0, ""step_shape_equal"": true}]",True,True,True,0.0,0.0,True,True,True,0.0,0.0,288,288,True,288,False,1.6940658945086007e-20,True,NOT_SAVED_AS_DEDICATED_BASELINE_ENDPOINT,"Historical pool_hash is physical; v2 persisted adapter returns coefficient-pool hash. Exact fixture file binding, not raw hash equality, establishes reuse."
2001,middle,16,/Volumes/migodam's-external-brain/Research/Inv_SLAM/Gaussian/A17/EXCHANGE_R1/results/object_2001_middle,/Volumes/migodam's-external-brain/Research/Inv_SLAM/Gaussian/A17/CLOSURE_R1/remote_snapshots/primary_complete_v1/results/replay_remaining_v2/object_2001/middle,70b946ea3ff5f4f79435a34ee9ad6e82cbac848ff9d4e46eca56832d013cc205,089b88f2835577aee5a2717c5e165ad0c0831db844287fff7644c2d483fbaea4,False,8305891509db380224bcdc1743cb3e69c0d84cd706629afdafcf40645400448d,True,"[{""add"": [96], ""drop"": [12], ""kind"": ""swap"", ""round"": 0}, {""add"": [16], ""drop"": [11], ""kind"": ""swap"", ""round"": 1}, {""add"": [12], ""drop"": [13], ""kind"": ""swap"", ""round"": 2}]","[{""add"": [96], ""drop"": [12], ""kind"": ""swap"", ""round"": 0}, {""add"": [16], ""drop"": [11], ""kind"": ""swap"", ""round"": 1}, {""add"": [12], ""drop"": [13], ""kind"": ""swap"", ""round"": 2}]",True,"[[158, 147], [138, 15], [138, 75]]","[[158, 147], [138, 15], [138, 75]]",False,True,"[0, 1, 2, 3, 4, 5, 6, 7, 8, 9, 10, 14, 15, 96, 16, 12]","[0, 1, 2, 3, 4, 5, 6, 7, 8, 9, 10, 14, 15, 96, 16, 12]",9.085725760364422e-07,9.085725760364422e-07,1.1460114827364732e-06,1.1460114827364732e-06,MECHANICAL_VALUES_ONLY_NO_NEW_ARRAY_TOLERANCE,7.411538288475128e-22,True,True,False,True,"[{""Q_true"": 1.3929347926782758e-07, ""Qhat"": 1.0541468499548525e-07, ""actual_rank"": 16, ""add"": [96], ""drop"": [12], ""kind"": ""swap"", ""round"": 0, ""tau"": 2.1871235165076276e-18}, {""Q_true"": 5.004557859539709e-08, ""Qhat"": 3.49490040563782e-08, ""actual_rank"": 16, ""add"": [16], ""drop"": [11], ""kind"": ""swap"", ""round"": 1, ""tau"": 2.1871235165076276e-18}, {""Q_true"": 4.8099848836809754e-08, ""Qhat"": 3.243928729003935e-08, ""actual_rank"": 16, ""add"": [12], ""drop"": [13], ""kind"": ""swap"", ""round"": 2, ""tau"": 2.1871235165076276e-18}]","[{""Q_true"": 1.3929347926782758e-07, ""Qhat"": 1.0541468499548562e-07, ""actual_rank"": 16, ""add"": [96], ""drop"": [12], ""ids"": [0, 1, 2, 3, 4, 5, 6, 7, 8, 9, 10, 11, 13, 14, 15, 96], ""kind"": ""swap"", ""round"": 0, ""tau"": 7.782213104220598e-16}, {""Q_true"": 5.0045578595397135e-08, ""Qhat"": 3.494900405637792e-08, ""actual_rank"": 16, ""add"": [16], ""drop"": [11], ""ids"": [0, 1, 2, 3, 4, 5, 6, 7, 8, 9, 10, 13, 14, 15, 96, 16], ""kind"": ""swap"", ""round"": 1, ""tau"": 7.586865356632072e-16}, {""Q_true"": 4.809984883680946e-08, ""Qhat"": 3.243928729003901e-08, ""actual_rank"": 16, ""add"": [12], ""drop"": [13], ""ids"": [0, 1, 2, 3, 4, 5, 6, 7, 8, 9, 10, 14, 15, 96, 16, 12], ""kind"": ""swap"", ""round"": 2, ""tau"": 7.608566476214133e-16}]","[{""Js_exact_equal"": true, ""Js_finite"": true, ""Js_max_abs_error"": 0.0, ""Js_relative_norm_error"": 0.0, ""Js_shape_equal"": true, ""new_array_exists"": true, ""new_array_sha256"": ""f7795c0c17fe525bd681c64c7eb7bf912dc2dcf3576c9740799c2ee8d03f8911"", ""old_array_exists"": true, ""old_array_sha256"": ""f7795c0c17fe525bd681c64c7eb7bf912dc2dcf3576c9740799c2ee8d03f8911"", ""round"": 0, ""selected_ids_equal"": true, ""step_exact_equal"": true, ""step_finite"": true, ""step_max_abs_error"": 0.0, ""step_relative_norm_error"": 0.0, ""step_shape_equal"": true}, {""Js_exact_equal"": true, ""Js_finite"": true, ""Js_max_abs_error"": 0.0, ""Js_relative_norm_error"": 0.0, ""Js_shape_equal"": true, ""new_array_exists"": true, ""new_array_sha256"": ""ffcf3a7868e1164a72f5e6999f9f20ea3a13f807fafdba718ff40bde9ad68e22"", ""old_array_exists"": true, ""old_array_sha256"": ""ffcf3a7868e1164a72f5e6999f9f20ea3a13f807fafdba718ff40bde9ad68e22"", ""round"": 1, ""selected_ids_equal"": true, ""step_exact_equal"": true, ""step_finite"": true, ""step_max_abs_error"": 0.0, ""step_relative_norm_error"": 0.0, ""step_shape_equal"": true}, {""Js_exact_equal"": true, ""Js_finite"": true, ""Js_max_abs_error"": 0.0, ""Js_relative_norm_error"": 0.0, ""Js_shape_equal"": true, ""new_array_exists"": true, ""new_array_sha256"": ""e02c08f0ab6c9e7eeb1e72f47c9db246a27e1259865b87d555215d13c8a07780"", ""old_array_exists"": true, ""old_array_sha256"": ""e02c08f0ab6c9e7eeb1e72f47c9db246a27e1259865b87d555215d13c8a07780"", ""round"": 2, ""selected_ids_equal"": true, ""step_exact_equal"": true, ""step_finite"": true, ""step_max_abs_error"": 0.0, ""step_relative_norm_error"": 0.0, ""step_shape_equal"": true}]",True,True,True,0.0,0.0,True,True,True,0.0,0.0,576,576,True,576,False,3.8116482626443515e-21,True,NOT_SAVED_AS_DEDICATED_BASELINE_ENDPOINT,"Historical pool_hash is physical; v2 persisted adapter returns coefficient-pool hash. Exact fixture file binding, not raw hash equality, establishes reuse."
2012,early,4,/Volumes/migodam's-external-brain/Research/Inv_SLAM/Gaussian/A17/EXCHANGE_R1/results/object_2012_early,/Volumes/migodam's-external-brain/Research/Inv_SLAM/Gaussian/A17/CLOSURE_R1/remote_snapshots/primary_complete_v1/results/replay_remaining_v2/object_2012/early,cdc742fdbfe7dbc1d29573729e290af63b21c6cda5bf2f619ec42f08302f4d48,940e6a11e3b11eabe4a6f068b75c933bd0e865ba1cfb3de6502ee413777ae59d,False,8305891509db380224bcdc1743cb3e69c0d84cd706629afdafcf40645400448d,True,"[{""add"": [4], ""drop"": [0], ""kind"": ""swap"", ""round"": 0}, {""add"": [96], ""drop"": [1], ""kind"": ""swap"", ""round"": 1}]","[{""add"": [4], ""drop"": [0], ""kind"": ""swap"", ""round"": 0}, {""add"": [96], ""drop"": [1], ""kind"": ""swap"", ""round"": 1}]",True,"[[0, 6], [3, 30], [42, 10]]","[[0, 6], [3, 30], [42, 10]]",False,True,"[2, 3, 4, 96]","[2, 3, 4, 96]",0.00034847874832019904,0.00034847874832019904,0.0024402768227154716,0.0024402768227154716,MECHANICAL_VALUES_ONLY_NO_NEW_ARRAY_TOLERANCE,1.3010426069826053e-18,True,True,False,True,"[{""Q_true"": 0.0020445838557565264, ""Qhat"": 0.0020157357118232907, ""actual_rank"": 4, ""add"": [4], ""drop"": [0], ""kind"": ""swap"", ""round"": 0, ""tau"": 3.8122333276399174e-14}, {""Q_true"": 4.721421863874937e-05, ""Qhat"": 1.2722343640974025e-05, ""actual_rank"": 4, ""add"": [96], ""drop"": [1], ""kind"": ""swap"", ""round"": 1, ""tau"": 3.8122333276399174e-14}]","[{""Q_true"": 0.002044583855756525, ""Qhat"": 0.002015735711823291, ""actual_rank"": 4, ""add"": [4], ""drop"": [0], ""ids"": [1, 2, 3, 4], ""kind"": ""swap"", ""round"": 0, ""tau"": 2.3866843712768006e-11}, {""Q_true"": 4.72142186387491e-05, ""Qhat"": 1.2722343640974405e-05, ""actual_rank"": 4, ""add"": [96], ""drop"": [1], ""ids"": [2, 3, 4, 96], ""kind"": ""swap"", ""round"": 1, ""tau"": 2.310863475904884e-11}]","[{""Js_exact_equal"": true, ""Js_finite"": true, ""Js_max_abs_error"": 0.0, ""Js_relative_norm_error"": 0.0, ""Js_shape_equal"": true, ""new_array_exists"": true, ""new_array_sha256"": ""f4c74ca49ad479ca5ad6061f1d4102c46b52bdfec565b6ea0efc52876ceb142d"", ""old_array_exists"": true, ""old_array_sha256"": ""f4c74ca49ad479ca5ad6061f1d4102c46b52bdfec565b6ea0efc52876ceb142d"", ""round"": 0, ""selected_ids_equal"": true, ""step_exact_equal"": true, ""step_finite"": true, ""step_max_abs_error"": 0.0, ""step_relative_norm_error"": 0.0, ""step_shape_equal"": true}, {""Js_exact_equal"": true, ""Js_finite"": true, ""Js_max_abs_error"": 0.0, ""Js_relative_norm_error"": 0.0, ""Js_shape_equal"": true, ""new_array_exists"": true, ""new_array_sha256"": ""397adea6e8f4639ac233c152d60fbc004f90e8cf582c3184def9cd97344efd1c"", ""old_array_exists"": true, ""old_array_sha256"": ""397adea6e8f4639ac233c152d60fbc004f90e8cf582c3184def9cd97344efd1c"", ""round"": 1, ""selected_ids_equal"": true, ""step_exact_equal"": true, ""step_finite"": true, ""step_max_abs_error"": 0.0, ""step_relative_norm_error"": 0.0, ""step_shape_equal"": true}]",True,True,True,0.0,0.0,True,True,True,0.0,0.0,144,144,True,144,False,2.7755575615628914e-17,True,NOT_SAVED_AS_DEDICATED_BASELINE_ENDPOINT,"Historical pool_hash is physical; v2 persisted adapter returns coefficient-pool hash. Exact fixture file binding, not raw hash equality, establishes reuse."
2012,early,8,/Volumes/migodam's-external-brain/Research/Inv_SLAM/Gaussian/A17/EXCHANGE_R1/results/object_2012_early,/Volumes/migodam's-external-brain/Research/Inv_SLAM/Gaussian/A17/CLOSURE_R1/remote_snapshots/primary_complete_v1/results/replay_remaining_v2/object_2012/early,85edd86ed5aeaa9919e1baade768ab109dcda85c6182548f5455ce7bf6ff1f17,940e6a11e3b11eabe4a6f068b75c933bd0e865ba1cfb3de6502ee413777ae59d,False,8305891509db380224bcdc1743cb3e69c0d84cd706629afdafcf40645400448d,True,"[{""add"": [9], ""drop"": [4], ""kind"": ""swap"", ""round"": 0}]","[{""add"": [9], ""drop"": [4], ""kind"": ""swap"", ""round"": 0}]",True,"[[48, 54], [90, 54]]","[[48, 54], [90, 54]]",False,True,"[0, 1, 2, 3, 5, 6, 7, 9]","[0, 1, 2, 3, 5, 6, 7, 9]",0.0003076705840233036,0.0003076705840233036,0.00031171475014024744,0.00031171475014024744,MECHANICAL_VALUES_ONLY_NO_NEW_ARRAY_TOLERANCE,1.8634724839594607e-20,True,True,False,True,"[{""Q_true"": 4.04416611694384e-06, ""Qhat"": 1.28272134163151e-06, ""actual_rank"": 8, ""add"": [9], ""drop"": [4], ""kind"": ""swap"", ""round"": 0, ""tau"": 3.8122333276399174e-14}]","[{""Q_true"": 4.04416611694384e-06, ""Qhat"": 1.2827213416315074e-06, ""actual_rank"": 8, ""add"": [9], ""drop"": [4], ""ids"": [0, 1, 2, 3, 5, 6, 7, 9], ""kind"": ""swap"", ""round"": 0, ""tau"": 2.3021905181529645e-11}]","[{""Js_exact_equal"": true, ""Js_finite"": true, ""Js_max_abs_error"": 0.0, ""Js_relative_norm_error"": 0.0, ""Js_shape_equal"": true, ""new_array_exists"": true, ""new_array_sha256"": ""3b4377fae7080925910124a3bb4303b8737b1242ffc07d514747b2890047ec55"", ""old_array_exists"": true, ""old_array_sha256"": ""3b4377fae7080925910124a3bb4303b8737b1242ffc07d514747b2890047ec55"", ""round"": 0, ""selected_ids_equal"": true, ""step_exact_equal"": true, ""step_finite"": true, ""step_max_abs_error"": 0.0, ""step_relative_norm_error"": 0.0, ""step_shape_equal"": true}]",True,True,True,0.0,0.0,True,True,True,0.0,0.0,192,192,True,192,False,3.469446951953614e-18,True,NOT_SAVED_AS_DEDICATED_BASELINE_ENDPOINT,"Historical pool_hash is physical; v2 persisted adapter returns coefficient-pool hash. Exact fixture file binding, not raw hash equality, establishes reuse."
2012,early,16,/Volumes/migodam's-external-brain/Research/Inv_SLAM/Gaussian/A17/EXCHANGE_R1/results/object_2012_early,/Volumes/migodam's-external-brain/Research/Inv_SLAM/Gaussian/A17/CLOSURE_R1/remote_snapshots/primary_complete_v1/results/replay_remaining_v2/object_2012/early,f11c4a141a29490d85a47d3ad73be984f1356e09c89234599113eb6c9415c804,940e6a11e3b11eabe4a6f068b75c933bd0e865ba1cfb3de6502ee413777ae59d,False,8305891509db380224bcdc1743cb3e69c0d84cd706629afdafcf40645400448d,True,"[{""add"": [17], ""drop"": [1], ""kind"": ""swap"", ""round"": 0}, {""add"": [16], ""drop"": [3], ""kind"": ""swap"", ""round"": 1}, {""add"": [128], ""drop"": [6], ""kind"": ""swap"", ""round"": 2}]","[{""add"": [17], ""drop"": [1], ""kind"": ""swap"", ""round"": 0}, {""add"": [16], ""drop"": [3], ""kind"": ""swap"", ""round"": 1}, {""add"": [128], ""drop"": [6], ""kind"": ""swap"", ""round"": 2}]",True,"[[18, 38], [66, 30], [52, 58]]","[[18, 38], [66, 30], [52, 58]]",False,True,"[0, 2, 4, 5, 7, 8, 9, 10, 11, 12, 13, 14, 15, 17, 16, 128]","[0, 2, 4, 5, 7, 8, 9, 10, 11, 12, 13, 14, 15, 17, 16, 128]",5.200646837907292e-05,5.200646837907292e-05,0.00010560798930447643,0.00010560798930447643,MECHANICAL_VALUES_ONLY_NO_NEW_ARRAY_TOLERANCE,5.421010862427522e-20,True,True,False,True,"[{""Q_true"": 5.008171191909686e-05, ""Qhat"": 3.337068632823188e-05, ""actual_rank"": 16, ""add"": [17], ""drop"": [1], ""kind"": ""swap"", ""round"": 0, ""tau"": 3.8122333276399174e-14}, {""Q_true"": 2.4268994168954223e-06, ""Qhat"": 8.326060003248883e-07, ""actual_rank"": 16, ""add"": [16], ""drop"": [3], ""kind"": ""swap"", ""round"": 1, ""tau"": 3.8122333276399174e-14}, {""Q_true"": 1.092909589411177e-06, ""Qhat"": 2.1294087328688095e-06, ""actual_rank"": 16, ""add"": [128], ""drop"": [6], ""kind"": ""swap"", ""round"": 2, ""tau"": 3.8122333276399174e-14}]","[{""Q_true"": 5.008171191909683e-05, ""Qhat"": 3.337068632823193e-05, ""actual_rank"": 16, ""add"": [17], ""drop"": [1], ""ids"": [0, 2, 3, 4, 5, 6, 7, 8, 9, 10, 11, 12, 13, 14, 15, 17], ""kind"": ""swap"", ""round"": 0, ""tau"": 2.300860365568224e-11}, {""Q_true"": 2.4268994168954227e-06, ""Qhat"": 8.326060003248918e-07, ""actual_rank"": 16, ""add"": [16], ""drop"": [3], ""ids"": [0, 2, 4, 5, 6, 7, 8, 9, 10, 11, 12, 13, 14, 15, 17, 16], ""kind"": ""swap"", ""round"": 1, ""tau"": 2.297653820870669e-11}, {""Q_true"": 1.0929095894111715e-06, ""Qhat"": 2.129408732868801e-06, ""actual_rank"": 16, ""add"": [128], ""drop"": [6], ""ids"": [0, 2, 4, 5, 7, 8, 9, 10, 11, 12, 13, 14, 15, 17, 16, 128], ""kind"": ""swap"", ""round"": 2, ""tau"": 2.2976821183709694e-11}]","[{""Js_exact_equal"": true, ""Js_finite"": true, ""Js_max_abs_error"": 0.0, ""Js_relative_norm_error"": 0.0, ""Js_shape_equal"": true, ""new_array_exists"": true, ""new_array_sha256"": ""6b45496970a00b7a8763af15743bdcc124f7affe1aac4c66f9b18cd9099b123a"", ""old_array_exists"": true, ""old_array_sha256"": ""6b45496970a00b7a8763af15743bdcc124f7affe1aac4c66f9b18cd9099b123a"", ""round"": 0, ""selected_ids_equal"": true, ""step_exact_equal"": true, ""step_finite"": true, ""step_max_abs_error"": 0.0, ""step_relative_norm_error"": 0.0, ""step_shape_equal"": true}, {""Js_exact_equal"": true, ""Js_finite"": true, ""Js_max_abs_error"": 0.0, ""Js_relative_norm_error"": 0.0, ""Js_shape_equal"": true, ""new_array_exists"": true, ""new_array_sha256"": ""c5359a9e83b7ce52680b01e22aea96fd39af29a606695f1457afd6c351809ec1"", ""old_array_exists"": true, ""old_array_sha256"": ""c5359a9e83b7ce52680b01e22aea96fd39af29a606695f1457afd6c351809ec1"", ""round"": 1, ""selected_ids_equal"": true, ""step_exact_equal"": true, ""step_finite"": true, ""step_max_abs_error"": 0.0, ""step_relative_norm_error"": 0.0, ""step_shape_equal"": true}, {""Js_exact_equal"": true, ""Js_finite"": true, ""Js_max_abs_error"": 0.0, ""Js_relative_norm_error"": 0.0, ""Js_shape_equal"": true, ""new_array_exists"": true, ""new_array_sha256"": ""0e6758b47b65e4495894c993218fca29271fead3407b6f6eed8ae87774f86d56"", ""old_array_exists"": true, ""old_array_sha256"": ""0e6758b47b65e4495894c993218fca29271fead3407b6f6eed8ae87774f86d56"", ""round"": 2, ""selected_ids_equal"": true, ""step_exact_equal"": true, ""step_finite"": true, ""step_max_abs_error"": 0.0, ""step_relative_norm_error"": 0.0, ""step_shape_equal"": true}]",True,True,True,0.0,0.0,True,True,True,0.0,0.0,576,576,True,576,False,3.469446951953614e-18,True,NOT_SAVED_AS_DEDICATED_BASELINE_ENDPOINT,"Historical pool_hash is physical; v2 persisted adapter returns coefficient-pool hash. Exact fixture file binding, not raw hash equality, establishes reuse."
2012,late,4,/Volumes/migodam's-external-brain/Research/Inv_SLAM/Gaussian/A17/EXCHANGE_R1/results/object_2012_late,/Volumes/migodam's-external-brain/Research/Inv_SLAM/Gaussian/A17/CLOSURE_R1/remote_snapshots/primary_complete_v1/results/replay_remaining_v2/object_2012/late,e4491e5cf34886b33d8fa171d9ddf3e4f76828fb80468944d3d043e601502123,305099c72d245a7f4209da19c429dbc391dfd35212e3d4b68492de280a6faf63,False,8305891509db380224bcdc1743cb3e69c0d84cd706629afdafcf40645400448d,True,"[{""add"": [4], ""drop"": [1], ""kind"": ""swap"", ""round"": 0}, {""add"": [96], ""drop"": [2], ""kind"": ""swap"", ""round"": 1}]","[{""add"": [4], ""drop"": [1], ""kind"": ""swap"", ""round"": 0}, {""add"": [96], ""drop"": [2], ""kind"": ""swap"", ""round"": 1}]",True,"[[12, 18], [15, 18], [0, 3]]","[[12, 18], [15, 18], [0, 3]]",False,True,"[0, 3, 4, 96]","[0, 3, 4, 96]",9.601264170280389e-05,9.601264170280389e-05,0.00023145305963441235,0.00023145305963441235,MECHANICAL_VALUES_ONLY_NO_NEW_ARRAY_TOLERANCE,9.486769009248164e-20,True,True,False,True,"[{""Q_true"": 9.312854351219687e-05, ""Qhat"": 8.866291172658037e-05, ""actual_rank"": 4, ""add"": [4], ""drop"": [1], ""kind"": ""swap"", ""round"": 0, ""tau"": 1.330351203376679e-17}, {""Q_true"": 4.2311874419411385e-05, ""Qhat"": 3.1499449820920174e-05, ""actual_rank"": 4, ""add"": [96], ""drop"": [2], ""kind"": ""swap"", ""round"": 1, ""tau"": 1.092264853824229e-17}]","[{""Q_true"": 9.312854351219713e-05, ""Qhat"": 8.866291172658046e-05, ""actual_rank"": 4, ""add"": [4], ""drop"": [1], ""ids"": [0, 2, 3, 4], ""kind"": ""swap"", ""round"": 0, ""tau"": 7.833380006525046e-14}, {""Q_true"": 4.231187441941124e-05, ""Qhat"": 3.149944982092015e-05, ""actual_rank"": 4, ""add"": [96], ""drop"": [2], ""ids"": [0, 3, 4, 96], ""kind"": ""swap"", ""round"": 1, ""tau"": 4.8144656080574655e-14}]","[{""Js_exact_equal"": true, ""Js_finite"": true, ""Js_max_abs_error"": 0.0, ""Js_relative_norm_error"": 0.0, ""Js_shape_equal"": true, ""new_array_exists"": true, ""new_array_sha256"": ""e033db6f993cf7787b9aa0bc383c6e1ac9a59a46983cfd881da396a395b3b268"", ""old_array_exists"": true, ""old_array_sha256"": ""e033db6f993cf7787b9aa0bc383c6e1ac9a59a46983cfd881da396a395b3b268"", ""round"": 0, ""selected_ids_equal"": true, ""step_exact_equal"": true, ""step_finite"": true, ""step_max_abs_error"": 0.0, ""step_relative_norm_error"": 0.0, ""step_shape_equal"": true}, {""Js_exact_equal"": true, ""Js_finite"": true, ""Js_max_abs_error"": 0.0, ""Js_relative_norm_error"": 0.0, ""Js_shape_equal"": true, ""new_array_exists"": true, ""new_array_sha256"": ""1a94437147cd01d58b2fe5d0271bbde0a6f0e876dc5ee4b9f1f5d7961c9728f4"", ""old_array_exists"": true, ""old_array_sha256"": ""1a94437147cd01d58b2fe5d0271bbde0a6f0e876dc5ee4b9f1f5d7961c9728f4"", ""round"": 1, ""selected_ids_equal"": true, ""step_exact_equal"": true, ""step_finite"": true, ""step_max_abs_error"": 0.0, ""step_relative_norm_error"": 0.0, ""step_shape_equal"": true}]",True,True,True,0.0,0.0,True,True,True,0.0,0.0,144,144,True,144,False,4.336808689942018e-19,True,NOT_SAVED_AS_DEDICATED_BASELINE_ENDPOINT,"Historical pool_hash is physical; v2 persisted adapter returns coefficient-pool hash. Exact fixture file binding, not raw hash equality, establishes reuse."
2012,late,8,/Volumes/migodam's-external-brain/Research/Inv_SLAM/Gaussian/A17/EXCHANGE_R1/results/object_2012_late,/Volumes/migodam's-external-brain/Research/Inv_SLAM/Gaussian/A17/CLOSURE_R1/remote_snapshots/primary_complete_v1/results/replay_remaining_v2/object_2012/late,e658d54145f73c9d0ab1c058287e763411742f1241151ef6a1ccefad64c71f5b,305099c72d245a7f4209da19c429dbc391dfd35212e3d4b68492de280a6faf63,False,8305891509db380224bcdc1743cb3e69c0d84cd706629afdafcf40645400448d,True,"[{""add"": [9], ""drop"": [1], ""kind"": ""swap"", ""round"": 0}, {""add"": [8], ""drop"": [5], ""kind"": ""swap"", ""round"": 1}]","[{""add"": [9], ""drop"": [1], ""kind"": ""swap"", ""round"": 0}, {""add"": [8], ""drop"": [5], ""kind"": ""swap"", ""round"": 1}]",True,"[[18, 13], [54, 30], [30, 25]]","[[18, 13], [54, 30], [30, 25]]",False,True,"[0, 2, 3, 4, 6, 7, 9, 8]","[0, 2, 3, 4, 6, 7, 9, 8]",5.838832441526029e-05,5.838832441526029e-05,0.00014620820128459882,0.00014620820128459882,MECHANICAL_VALUES_ONLY_NO_NEW_ARRAY_TOLERANCE,2.710505431213761e-20,True,True,False,True,"[{""Q_true"": 6.77078434565154e-05, ""Qhat"": 5.7282383478799454e-05, ""actual_rank"": 8, ""add"": [9], ""drop"": [1], ""kind"": ""swap"", ""round"": 0, ""tau"": 1.092264853824229e-17}, {""Q_true"": 2.011203341282285e-05, ""Qhat"": 1.2738268868688873e-05, ""actual_rank"": 8, ""add"": [8], ""drop"": [5], ""kind"": ""swap"", ""round"": 1, ""tau"": 1.092264853824229e-17}]","[{""Q_true"": 6.770784345651559e-05, ""Qhat"": 5.728238347879948e-05, ""actual_rank"": 8, ""add"": [9], ""drop"": [1], ""ids"": [0, 2, 3, 4, 5, 6, 7, 9], ""kind"": ""swap"", ""round"": 0, ""tau"": 6.209100811438655e-14}, {""Q_true"": 2.0112033412822856e-05, ""Qhat"": 1.2738268868688858e-05, ""actual_rank"": 8, ""add"": [8], ""drop"": [5], ""ids"": [0, 2, 3, 4, 6, 7, 9, 8], ""kind"": ""swap"", ""round"": 1, ""tau"": 2.5903030318394733e-14}]","[{""Js_exact_equal"": true, ""Js_finite"": true, ""Js_max_abs_error"": 0.0, ""Js_relative_norm_error"": 0.0, ""Js_shape_equal"": true, ""new_array_exists"": true, ""new_array_sha256"": ""179c25d87cc773af91e10207d503c85e85a037549873ab4d35ffb5171496e636"", ""old_array_exists"": true, ""old_array_sha256"": ""179c25d87cc773af91e10207d503c85e85a037549873ab4d35ffb5171496e636"", ""round"": 0, ""selected_ids_equal"": true, ""step_exact_equal"": true, ""step_finite"": true, ""step_max_abs_error"": 0.0, ""step_relative_norm_error"": 0.0, ""step_shape_equal"": true}, {""Js_exact_equal"": true, ""Js_finite"": true, ""Js_max_abs_error"": 0.0, ""Js_relative_norm_error"": 0.0, ""Js_shape_equal"": true, ""new_array_exists"": true, ""new_array_sha256"": ""c04d4392288f11b834835caf990a8ea798eaf0cefa64a442a344cd96bb227064"", ""old_array_exists"": true, ""old_array_sha256"": ""c04d4392288f11b834835caf990a8ea798eaf0cefa64a442a344cd96bb227064"", ""round"": 1, ""selected_ids_equal"": true, ""step_exact_equal"": true, ""step_finite"": true, ""step_max_abs_error"": 0.0, ""step_relative_norm_error"": 0.0, ""step_shape_equal"": true}]",True,True,True,0.0,0.0,True,True,True,0.0,0.0,288,288,True,288,False,1.3552527156068805e-19,True,NOT_SAVED_AS_DEDICATED_BASELINE_ENDPOINT,"Historical pool_hash is physical; v2 persisted adapter returns coefficient-pool hash. Exact fixture file binding, not raw hash equality, establishes reuse."
2012,late,16,/Volumes/migodam's-external-brain/Research/Inv_SLAM/Gaussian/A17/EXCHANGE_R1/results/object_2012_late,/Volumes/migodam's-external-brain/Research/Inv_SLAM/Gaussian/A17/CLOSURE_R1/remote_snapshots/primary_complete_v1/results/replay_remaining_v2/object_2012/late,c6e5d6281e5404d75962c25fcfcd6034e2282458e06fec587b53918e3c23d717,305099c72d245a7f4209da19c429dbc391dfd35212e3d4b68492de280a6faf63,False,8305891509db380224bcdc1743cb3e69c0d84cd706629afdafcf40645400448d,True,"[{""add"": [97], ""drop"": [13], ""kind"": ""swap"", ""round"": 0}]","[{""add"": [97], ""drop"": [13], ""kind"": ""swap"", ""round"": 0}]",True,"[[164, 165], [176, 164]]","[[164, 165], [176, 164]]",False,True,"[0, 1, 2, 3, 4, 5, 6, 7, 8, 9, 10, 11, 12, 14, 15, 97]","[0, 1, 2, 3, 4, 5, 6, 7, 8, 9, 10, 11, 12, 14, 15, 97]",2.9196550893800558e-05,2.9196550893800558e-05,4.508831278957633e-05,4.508831278957633e-05,MECHANICAL_VALUES_ONLY_NO_NEW_ARRAY_TOLERANCE,4.404571325722362e-20,True,True,False,True,"[{""Q_true"": 1.5891761895775766e-05, ""Qhat"": 2.512448698932782e-05, ""actual_rank"": 16, ""add"": [97], ""drop"": [13], ""kind"": ""swap"", ""round"": 0, ""tau"": 1.092264853824229e-17}]","[{""Q_true"": 1.5891761895775772e-05, ""Qhat"": 2.5124486989327823e-05, ""actual_rank"": 16, ""add"": [97], ""drop"": [13], ""ids"": [0, 1, 2, 3, 4, 5, 6, 7, 8, 9, 10, 11, 12, 14, 15, 97], ""kind"": ""swap"", ""round"": 0, ""tau"": 1.981118508467853e-14}]","[{""Js_exact_equal"": true, ""Js_finite"": true, ""Js_max_abs_error"": 0.0, ""Js_relative_norm_error"": 0.0, ""Js_shape_equal"": true, ""new_array_exists"": true, ""new_array_sha256"": ""f0297563ae7c14b19f21fce36187087c4da2007e1542f25d01c24458b4cf2ea5"", ""old_array_exists"": true, ""old_array_sha256"": ""f0297563ae7c14b19f21fce36187087c4da2007e1542f25d01c24458b4cf2ea5"", ""round"": 0, ""selected_ids_equal"": true, ""step_exact_equal"": true, ""step_finite"": true, ""step_max_abs_error"": 0.0, ""step_relative_norm_error"": 0.0, ""step_shape_equal"": true}]",True,True,True,0.0,0.0,True,True,True,0.0,0.0,384,384,True,384,False,1.0842021724855044e-19,True,NOT_SAVED_AS_DEDICATED_BASELINE_ENDPOINT,"Historical pool_hash is physical; v2 persisted adapter returns coefficient-pool hash. Exact fixture file binding, not raw hash equality, establishes reuse."
2012,middle,4,/Volumes/migodam's-external-brain/Research/Inv_SLAM/Gaussian/A17/EXCHANGE_R1/results/object_2012_middle,/Volumes/migodam's-external-brain/Research/Inv_SLAM/Gaussian/A17/CLOSURE_R1/remote_snapshots/primary_complete_v1/results/replay_remaining_v2/object_2012/middle,a3481708f1fdb4c6f652ff920ac133094999f0ed7f67c7e0f3ae7cd5d7ba4452,358791b37bebcd62b809438b8b87873ed431e43c487a29e08743edaed5374953,False,8305891509db380224bcdc1743cb3e69c0d84cd706629afdafcf40645400448d,True,"[{""add"": [5], ""drop"": [2], ""kind"": ""swap"", ""round"": 0}, {""add"": [32], ""drop"": [1], ""kind"": ""swap"", ""round"": 1}]","[{""add"": [5], ""drop"": [2], ""kind"": ""swap"", ""round"": 0}, {""add"": [32], ""drop"": [1], ""kind"": ""swap"", ""round"": 1}]",True,"[[30, 24], [13, 18], [37, 46]]","[[30, 24], [13, 18], [37, 46]]",False,True,"[0, 3, 5, 32]","[0, 3, 5, 32]",3.7789913701292124e-05,3.7789913701292124e-05,0.00011780471056040618,0.00011780471056040618,MECHANICAL_VALUES_ONLY_NO_NEW_ARRAY_TOLERANCE,6.776263578034403e-21,True,True,False,True,"[{""Q_true"": 6.152924054398276e-05, ""Qhat"": 5.648217055382243e-05, ""actual_rank"": 4, ""add"": [5], ""drop"": [2], ""kind"": ""swap"", ""round"": 0, ""tau"": 1.631439621053487e-17}, {""Q_true"": 1.848555631513145e-05, ""Qhat"": 1.6382145704603127e-05, ""actual_rank"": 4, ""add"": [32], ""drop"": [1], ""kind"": ""swap"", ""round"": 1, ""tau"": 1.631439621053487e-17}]","[{""Q_true"": 6.152924054398271e-05, ""Qhat"": 5.648217055382243e-05, ""actual_rank"": 4, ""add"": [5], ""drop"": [2], ""ids"": [0, 1, 3, 5], ""kind"": ""swap"", ""round"": 0, ""tau"": 6.031969964770052e-14}, {""Q_true"": 1.8485556315131443e-05, ""Qhat"": 1.6382145704603127e-05, ""actual_rank"": 4, ""add"": [32], ""drop"": [1], ""ids"": [0, 3, 5, 32], ""kind"": ""swap"", ""round"": 1, ""tau"": 3.794368044402722e-14}]","[{""Js_exact_equal"": true, ""Js_finite"": true, ""Js_max_abs_error"": 0.0, ""Js_relative_norm_error"": 0.0, ""Js_shape_equal"": true, ""new_array_exists"": true, ""new_array_sha256"": ""279e8465b9c3a2efad23899b474d945f007b871eb1e7917ef9aa2717b42e1c77"", ""old_array_exists"": true, ""old_array_sha256"": ""279e8465b9c3a2efad23899b474d945f007b871eb1e7917ef9aa2717b42e1c77"", ""round"": 0, ""selected_ids_equal"": true, ""step_exact_equal"": true, ""step_finite"": true, ""step_max_abs_error"": 0.0, ""step_relative_norm_error"": 0.0, ""step_shape_equal"": true}, {""Js_exact_equal"": true, ""Js_finite"": true, ""Js_max_abs_error"": 0.0, ""Js_relative_norm_error"": 0.0, ""Js_shape_equal"": true, ""new_array_exists"": true, ""new_array_sha256"": ""094a3e4556e345e46a369bdb0cc730741c75a473439a02ac4fd1cd3b51573002"", ""old_array_exists"": true, ""old_array_sha256"": ""094a3e4556e345e46a369bdb0cc730741c75a473439a02ac4fd1cd3b51573002"", ""round"": 1, ""selected_ids_equal"": true, ""step_exact_equal"": true, ""step_finite"": true, ""step_max_abs_error"": 0.0, ""step_relative_norm_error"": 0.0, ""step_shape_equal"": true}]",True,True,True,0.0,0.0,True,True,True,0.0,0.0,144,144,True,144,False,1.3552527156068805e-19,True,NOT_SAVED_AS_DEDICATED_BASELINE_ENDPOINT,"Historical pool_hash is physical; v2 persisted adapter returns coefficient-pool hash. Exact fixture file binding, not raw hash equality, establishes reuse."
2012,middle,8,/Volumes/migodam's-external-brain/Research/Inv_SLAM/Gaussian/A17/EXCHANGE_R1/results/object_2012_middle,/Volumes/migodam's-external-brain/Research/Inv_SLAM/Gaussian/A17/CLOSURE_R1/remote_snapshots/primary_complete_v1/results/replay_remaining_v2/object_2012/middle,e5785a85846318465f6fcae97f537974a619035c225d0b85f76d021c733415d1,358791b37bebcd62b809438b8b87873ed431e43c487a29e08743edaed5374953,False,8305891509db380224bcdc1743cb3e69c0d84cd706629afdafcf40645400448d,True,"[{""add"": [9], ""drop"": [2], ""kind"": ""swap"", ""round"": 0}, {""add"": [65], ""drop"": [1], ""kind"": ""swap"", ""round"": 1}, {""add"": [129], ""drop"": [9], ""kind"": ""swap"", ""round"": 2}]","[{""add"": [9], ""drop"": [2], ""kind"": ""swap"", ""round"": 0}, {""add"": [65], ""drop"": [1], ""kind"": ""swap"", ""round"": 1}, {""add"": [129], ""drop"": [9], ""kind"": ""swap"", ""round"": 2}]",True,"[[30, 21], [20, 19], [82, 76]]","[[30, 21], [20, 19], [82, 76]]",False,True,"[0, 3, 4, 5, 6, 7, 65, 129]","[0, 3, 4, 5, 6, 7, 65, 129]",3.171315475677181e-05,3.171315475677181e-05,8.54205231306445e-05,8.54205231306445e-05,MECHANICAL_VALUES_ONLY_NO_NEW_ARRAY_TOLERANCE,2.0328790734103208e-20,True,True,False,True,"[{""Q_true"": 4.1359909450253273e-05, ""Qhat"": 3.9219547564992065e-05, ""actual_rank"": 8, ""add"": [9], ""drop"": [2], ""kind"": ""swap"", ""round"": 0, ""tau"": 1.631439621053487e-17}, {""Q_true"": 1.0912457570640238e-05, ""Qhat"": 1.0371418982879877e-05, ""actual_rank"": 8, ""add"": [65], ""drop"": [1], ""kind"": ""swap"", ""round"": 1, ""tau"": 1.631439621053487e-17}, {""Q_true"": 1.435001352978952e-06, ""Qhat"": 1.0533926806184976e-06, ""actual_rank"": 8, ""add"": [129], ""drop"": [9], ""kind"": ""swap"", ""round"": 2, ""tau"": 1.631439621053487e-17}]","[{""Q_true"": 4.135990945025368e-05, ""Qhat"": 3.9219547564992085e-05, ""actual_rank"": 8, ""add"": [9], ""drop"": [2], ""ids"": [0, 1, 3, 4, 5, 6, 7, 9], ""kind"": ""swap"", ""round"": 0, ""tau"": 5.270525080258017e-14}, {""Q_true"": 1.0912457570640203e-05, ""Qhat"": 1.0371418982879864e-05, ""actual_rank"": 8, ""add"": [65], ""drop"": [1], ""ids"": [0, 3, 4, 5, 6, 7, 9, 65], ""kind"": ""swap"", ""round"": 1, ""tau"": 3.912851927060558e-14}, {""Q_true"": 1.435001352978959e-06, ""Qhat"": 1.053392680618493e-06, ""actual_rank"": 8, ""add"": [129], ""drop"": [9], ""ids"": [0, 3, 4, 5, 6, 7, 65, 129], ""kind"": ""swap"", ""round"": 2, ""tau"": 2.8246508421260887e-14}]","[{""Js_exact_equal"": true, ""Js_finite"": true, ""Js_max_abs_error"": 0.0, ""Js_relative_norm_error"": 0.0, ""Js_shape_equal"": true, ""new_array_exists"": true, ""new_array_sha256"": ""8a14bab308c680a6a8af16367aae02b320cc4e1d9dc7b5dacf0f74e5218b4c08"", ""old_array_exists"": true, ""old_array_sha256"": ""8a14bab308c680a6a8af16367aae02b320cc4e1d9dc7b5dacf0f74e5218b4c08"", ""round"": 0, ""selected_ids_equal"": true, ""step_exact_equal"": true, ""step_finite"": true, ""step_max_abs_error"": 0.0, ""step_relative_norm_error"": 0.0, ""step_shape_equal"": true}, {""Js_exact_equal"": true, ""Js_finite"": true, ""Js_max_abs_error"": 0.0, ""Js_relative_norm_error"": 0.0, ""Js_shape_equal"": true, ""new_array_exists"": true, ""new_array_sha256"": ""c644ee051b017856356381920598ee3ae4550dc94a363b2d28001a69aa6deb55"", ""old_array_exists"": true, ""old_array_sha256"": ""c644ee051b017856356381920598ee3ae4550dc94a363b2d28001a69aa6deb55"", ""round"": 1, ""selected_ids_equal"": true, ""step_exact_equal"": true, ""step_finite"": true, ""step_max_abs_error"": 0.0, ""step_relative_norm_error"": 0.0, ""step_shape_equal"": true}, {""Js_exact_equal"": true, ""Js_finite"": true, ""Js_max_abs_error"": 0.0, ""Js_relative_norm_error"": 0.0, ""Js_shape_equal"": true, ""new_array_exists"": true, ""new_array_sha256"": ""485fe911461ca2c29dd8226a2918cf818a5ca5d5ba4802c72648b781a2038a94"", ""old_array_exists"": true, ""old_array_sha256"": ""485fe911461ca2c29dd8226a2918cf818a5ca5d5ba4802c72648b781a2038a94"", ""round"": 2, ""selected_ids_equal"": true, ""step_exact_equal"": true, ""step_finite"": true, ""step_max_abs_error"": 0.0, ""step_relative_norm_error"": 0.0, ""step_shape_equal"": true}]",True,True,True,0.0,0.0,True,True,True,0.0,0.0,288,288,True,288,False,8.131516293641283e-20,True,NOT_SAVED_AS_DEDICATED_BASELINE_ENDPOINT,"Historical pool_hash is physical; v2 persisted adapter returns coefficient-pool hash. Exact fixture file binding, not raw hash equality, establishes reuse."
2012,middle,16,/Volumes/migodam's-external-brain/Research/Inv_SLAM/Gaussian/A17/EXCHANGE_R1/results/object_2012_middle,/Volumes/migodam's-external-brain/Research/Inv_SLAM/Gaussian/A17/CLOSURE_R1/remote_snapshots/primary_complete_v1/results/replay_remaining_v2/object_2012/middle,3f324dfa3424dc809e8cb3b37a3ad8b7a9b72dfb5012c4abebb161a424951ff2,358791b37bebcd62b809438b8b87873ed431e43c487a29e08743edaed5374953,False,8305891509db380224bcdc1743cb3e69c0d84cd706629afdafcf40645400448d,True,"[{""add"": [97], ""drop"": [12], ""kind"": ""swap"", ""round"": 0}]","[{""add"": [97], ""drop"": [12], ""kind"": ""swap"", ""round"": 0}]",True,"[[153, 105], [140, 56]]","[[153, 105], [140, 56]]",False,True,"[0, 1, 2, 3, 4, 5, 6, 7, 8, 9, 10, 11, 13, 14, 15, 97]","[0, 1, 2, 3, 4, 5, 6, 7, 8, 9, 10, 11, 13, 14, 15, 97]",1.0523527244607657e-05,1.0523527244607657e-05,1.6665532899026715e-05,1.6665532899026715e-05,MECHANICAL_VALUES_ONLY_NO_NEW_ARRAY_TOLERANCE,2.541098841762901e-21,True,True,False,True,"[{""Q_true"": 6.1420056544190825e-06, ""Qhat"": 4.638647395084854e-06, ""actual_rank"": 16, ""add"": [97], ""drop"": [12], ""kind"": ""swap"", ""round"": 0, ""tau"": 1.631439621053487e-17}]","[{""Q_true"": 6.142005654419063e-06, ""Qhat"": 4.638647395084852e-06, ""actual_rank"": 16, ""add"": [97], ""drop"": [12], ""ids"": [0, 1, 2, 3, 4, 5, 6, 7, 8, 9, 10, 11, 13, 14, 15, 97], ""kind"": ""swap"", ""round"": 0, ""tau"": 2.4979406032325732e-14}]","[{""Js_exact_equal"": true, ""Js_finite"": true, ""Js_max_abs_error"": 0.0, ""Js_relative_norm_error"": 0.0, ""Js_shape_equal"": true, ""new_array_exists"": true, ""new_array_sha256"": ""3634cf111419ee7f194d17f4c0f2208b6088258ac54d78b0b0524be1307fae2e"", ""old_array_exists"": true, ""old_array_sha256"": ""3634cf111419ee7f194d17f4c0f2208b6088258ac54d78b0b0524be1307fae2e"", ""round"": 0, ""selected_ids_equal"": true, ""step_exact_equal"": true, ""step_finite"": true, ""step_max_abs_error"": 0.0, ""step_relative_norm_error"": 0.0, ""step_shape_equal"": true}]",True,True,True,0.0,0.0,True,True,True,0.0,0.0,384,384,True,384,False,2.0328790734103208e-20,True,NOT_SAVED_AS_DEDICATED_BASELINE_ENDPOINT,"Historical pool_hash is physical; v2 persisted adapter returns coefficient-pool hash. Exact fixture file binding, not raw hash equality, establishes reuse."
2014,early,4,/Volumes/migodam's-external-brain/Research/Inv_SLAM/Gaussian/A17/EXCHANGE_R1/results/object_2014_early,/Volumes/migodam's-external-brain/Research/Inv_SLAM/Gaussian/A17/CLOSURE_R1/remote_snapshots/primary_complete_v1/results/replay_remaining_v2/object_2014/early,9ed5b4343d1522ee7b8b4376306273026df8d72d1a5f486e729d3d5c57a15147,d602f01ba6d4ba85b3f7dd16a396cd07046d44a42c9ac6ff92cef7f54ce4dcde,False,8305891509db380224bcdc1743cb3e69c0d84cd706629afdafcf40645400448d,True,"[{""add"": [5], ""drop"": [1], ""kind"": ""swap"", ""round"": 0}, {""add"": [4], ""drop"": [3], ""kind"": ""swap"", ""round"": 1}, {""add"": [129], ""drop"": [0], ""kind"": ""swap"", ""round"": 2}]","[{""add"": [5], ""drop"": [1], ""kind"": ""swap"", ""round"": 0}, {""add"": [4], ""drop"": [3], ""kind"": ""swap"", ""round"": 1}, {""add"": [129], ""drop"": [0], ""kind"": ""swap"", ""round"": 2}]",True,"[[18, 12], [30, 6], [10, 4]]","[[18, 12], [30, 6], [10, 4]]",False,True,"[2, 5, 4, 129]","[2, 5, 4, 129]",9.906694044456614e-05,9.906694044456614e-05,0.00017215927623219826,0.00017215927623219826,MECHANICAL_VALUES_ONLY_NO_NEW_ARRAY_TOLERANCE,1.0842021724855044e-19,True,True,False,True,"[{""Q_true"": 6.720071691886524e-05, ""Qhat"": 7.036505430762628e-05, ""actual_rank"": 4, ""add"": [5], ""drop"": [1], ""kind"": ""swap"", ""round"": 0, ""tau"": 6.847644058182508e-15}, {""Q_true"": 3.9620129890655306e-07, ""Qhat"": 1.577244847781557e-06, ""actual_rank"": 4, ""add"": [4], ""drop"": [3], ""kind"": ""swap"", ""round"": 1, ""tau"": 6.847644058182508e-15}, {""Q_true"": 5.495417569860292e-06, ""Qhat"": 5.151546025103997e-06, ""actual_rank"": 4, ""add"": [129], ""drop"": [0], ""kind"": ""swap"", ""round"": 2, ""tau"": 6.847644058182508e-15}]","[{""Q_true"": 6.720071691886532e-05, ""Qhat"": 7.036505430762638e-05, ""actual_rank"": 4, ""add"": [5], ""drop"": [1], ""ids"": [0, 2, 3, 5], ""kind"": ""swap"", ""round"": 0, ""tau"": 4.157581091099409e-12}, {""Q_true"": 3.962012989065385e-07, ""Qhat"": 1.5772448477815544e-06, ""actual_rank"": 4, ""add"": [4], ""drop"": [3], ""ids"": [0, 2, 5, 4], ""kind"": ""swap"", ""round"": 1, ""tau"": 4.127702531817883e-12}, {""Q_true"": 5.495417569860294e-06, ""Qhat"": 5.1515460251040065e-06, ""actual_rank"": 4, ""add"": [129], ""drop"": [0], ""ids"": [2, 5, 4, 129], ""kind"": ""swap"", ""round"": 2, ""tau"": 4.128289269655121e-12}]","[{""Js_exact_equal"": true, ""Js_finite"": true, ""Js_max_abs_error"": 0.0, ""Js_relative_norm_error"": 0.0, ""Js_shape_equal"": true, ""new_array_exists"": true, ""new_array_sha256"": ""6d6fb945daf86cde5ada5beb69caf74b7197b5d0737a24b94559c7730ec1dd15"", ""old_array_exists"": true, ""old_array_sha256"": ""6d6fb945daf86cde5ada5beb69caf74b7197b5d0737a24b94559c7730ec1dd15"", ""round"": 0, ""selected_ids_equal"": true, ""step_exact_equal"": true, ""step_finite"": true, ""step_max_abs_error"": 0.0, ""step_relative_norm_error"": 0.0, ""step_shape_equal"": true}, {""Js_exact_equal"": true, ""Js_finite"": true, ""Js_max_abs_error"": 0.0, ""Js_relative_norm_error"": 0.0, ""Js_shape_equal"": true, ""new_array_exists"": true, ""new_array_sha256"": ""26ad3958fa20c41cc75f6b91b80e02c40e441b94bb8fd1f32914cbde725fe4b8"", ""old_array_exists"": true, ""old_array_sha256"": ""26ad3958fa20c41cc75f6b91b80e02c40e441b94bb8fd1f32914cbde725fe4b8"", ""round"": 1, ""selected_ids_equal"": true, ""step_exact_equal"": true, ""step_finite"": true, ""step_max_abs_error"": 0.0, ""step_relative_norm_error"": 0.0, ""step_shape_equal"": true}, {""Js_exact_equal"": true, ""Js_finite"": true, ""Js_max_abs_error"": 0.0, ""Js_relative_norm_error"": 0.0, ""Js_shape_equal"": true, ""new_array_exists"": true, ""new_array_sha256"": ""9faae943b007c6aba652174dfce1e8e9a9b5f4d30d447e10dadd7a8ed803d823"", ""old_array_exists"": true, ""old_array_sha256"": ""9faae943b007c6aba652174dfce1e8e9a9b5f4d30d447e10dadd7a8ed803d823"", ""round"": 2, ""selected_ids_equal"": true, ""step_exact_equal"": true, ""step_finite"": true, ""step_max_abs_error"": 0.0, ""step_relative_norm_error"": 0.0, ""step_shape_equal"": true}]",True,True,True,0.0,0.0,True,True,True,0.0,0.0,144,144,True,144,False,5.204170427930421e-18,True,NOT_SAVED_AS_DEDICATED_BASELINE_ENDPOINT,"Historical pool_hash is physical; v2 persisted adapter returns coefficient-pool hash. Exact fixture file binding, not raw hash equality, establishes reuse."
2014,early,8,/Volumes/migodam's-external-brain/Research/Inv_SLAM/Gaussian/A17/EXCHANGE_R1/results/object_2014_early,/Volumes/migodam's-external-brain/Research/Inv_SLAM/Gaussian/A17/CLOSURE_R1/remote_snapshots/primary_complete_v1/results/replay_remaining_v2/object_2014/early,95aa2ad481be0b2b57719a11248d4b2d502a623d06e987328f395b27664a3e17,d602f01ba6d4ba85b3f7dd16a396cd07046d44a42c9ac6ff92cef7f54ce4dcde,False,8305891509db380224bcdc1743cb3e69c0d84cd706629afdafcf40645400448d,True,"[{""add"": [129], ""drop"": [1], ""kind"": ""swap"", ""round"": 0}, {""add"": [130], ""drop"": [4], ""kind"": ""swap"", ""round"": 1}]","[{""add"": [129], ""drop"": [1], ""kind"": ""swap"", ""round"": 0}, {""add"": [130], ""drop"": [4], ""kind"": ""swap"", ""round"": 1}]",True,"[[22, 16], [34, 46], [30, 94]]","[[22, 16], [34, 46], [30, 94]]",False,True,"[0, 2, 3, 5, 6, 7, 129, 130]","[0, 2, 3, 5, 6, 7, 129, 130]",8.712382326372817e-05,8.712382326372817e-05,0.00010960541660527047,0.00010960541660527047,MECHANICAL_VALUES_ONLY_NO_NEW_ARRAY_TOLERANCE,2.710505431213761e-20,True,True,False,True,"[{""Q_true"": 2.1751537180618153e-05, ""Qhat"": 2.139661984133297e-05, ""actual_rank"": 8, ""add"": [129], ""drop"": [1], ""kind"": ""swap"", ""round"": 0, ""tau"": 6.847644058182508e-15}, {""Q_true"": 7.300561609241693e-07, ""Qhat"": 2.699620120753599e-07, ""actual_rank"": 8, ""add"": [130], ""drop"": [4], ""kind"": ""swap"", ""round"": 1, ""tau"": 6.847644058182508e-15}]","[{""Q_true"": 2.1751537180618142e-05, ""Qhat"": 2.1396619841332947e-05, ""actual_rank"": 8, ""add"": [129], ""drop"": [1], ""ids"": [0, 2, 3, 4, 5, 6, 7, 129], ""kind"": ""swap"", ""round"": 0, ""tau"": 4.132079241051031e-12}, {""Q_true"": 7.300561609241713e-07, ""Qhat"": 2.699620120753639e-07, ""actual_rank"": 8, ""add"": [130], ""drop"": [4], ""ids"": [0, 2, 3, 5, 6, 7, 129, 130], ""kind"": ""swap"", ""round"": 1, ""tau"": 4.1227600953784875e-12}]","[{""Js_exact_equal"": true, ""Js_finite"": true, ""Js_max_abs_error"": 0.0, ""Js_relative_norm_error"": 0.0, ""Js_shape_equal"": true, ""new_array_exists"": true, ""new_array_sha256"": ""91a47dfaaae4f87fda9bbd07c02d022578a31ca8e0d5202506b410e92944098c"", ""old_array_exists"": true, ""old_array_sha256"": ""91a47dfaaae4f87fda9bbd07c02d022578a31ca8e0d5202506b410e92944098c"", ""round"": 0, ""selected_ids_equal"": true, ""step_exact_equal"": true, ""step_finite"": true, ""step_max_abs_error"": 0.0, ""step_relative_norm_error"": 0.0, ""step_shape_equal"": true}, {""Js_exact_equal"": true, ""Js_finite"": true, ""Js_max_abs_error"": 0.0, ""Js_relative_norm_error"": 0.0, ""Js_shape_equal"": true, ""new_array_exists"": true, ""new_array_sha256"": ""1c855211f1444da3dc9288b04ad19490bd049fd9f17bf57b7db4caa15add3edc"", ""old_array_exists"": true, ""old_array_sha256"": ""1c855211f1444da3dc9288b04ad19490bd049fd9f17bf57b7db4caa15add3edc"", ""round"": 1, ""selected_ids_equal"": true, ""step_exact_equal"": true, ""step_finite"": true, ""step_max_abs_error"": 0.0, ""step_relative_norm_error"": 0.0, ""step_shape_equal"": true}]",True,True,True,0.0,0.0,True,True,True,0.0,0.0,288,288,True,288,False,8.673617379884035e-19,True,NOT_SAVED_AS_DEDICATED_BASELINE_ENDPOINT,"Historical pool_hash is physical; v2 persisted adapter returns coefficient-pool hash. Exact fixture file binding, not raw hash equality, establishes reuse."
2014,early,16,/Volumes/migodam's-external-brain/Research/Inv_SLAM/Gaussian/A17/EXCHANGE_R1/results/object_2014_early,/Volumes/migodam's-external-brain/Research/Inv_SLAM/Gaussian/A17/CLOSURE_R1/remote_snapshots/primary_complete_v1/results/replay_remaining_v2/object_2014/early,8723ac8552e19b4a1aa1928614e085e01ae5b04cf089ab3db18645f4dd9f0bef,d602f01ba6d4ba85b3f7dd16a396cd07046d44a42c9ac6ff92cef7f54ce4dcde,False,8305891509db380224bcdc1743cb3e69c0d84cd706629afdafcf40645400448d,True,"[{""add"": [17], ""drop"": [0], ""kind"": ""swap"", ""round"": 0}]","[{""add"": [17], ""drop"": [0], ""kind"": ""swap"", ""round"": 0}]",True,"[[6, 0], [126, 130]]","[[6, 0], [126, 130]]",False,True,"[1, 2, 3, 4, 5, 6, 7, 8, 9, 10, 11, 12, 13, 14, 15, 17]","[1, 2, 3, 4, 5, 6, 7, 8, 9, 10, 11, 12, 13, 14, 15, 17]",7.945123948279032e-06,7.945123948279032e-06,1.8452661519246796e-05,1.8452661519246796e-05,MECHANICAL_VALUES_ONLY_NO_NEW_ARRAY_TOLERANCE,6.776263578034403e-21,True,True,False,True,"[{""Q_true"": 1.0507537570967768e-05, ""Qhat"": 8.70924544074793e-06, ""actual_rank"": 16, ""add"": [17], ""drop"": [0], ""kind"": ""swap"", ""round"": 0, ""tau"": 6.847644058182508e-15}]","[{""Q_true"": 1.0507537570967793e-05, ""Qhat"": 8.709245440747923e-06, ""actual_rank"": 16, ""add"": [17], ""drop"": [0], ""ids"": [1, 2, 3, 4, 5, 6, 7, 8, 9, 10, 11, 12, 13, 14, 15, 17], ""kind"": ""swap"", ""round"": 0, ""tau"": 4.1125506678243866e-12}]","[{""Js_exact_equal"": true, ""Js_finite"": true, ""Js_max_abs_error"": 0.0, ""Js_relative_norm_error"": 0.0, ""Js_shape_equal"": true, ""new_array_exists"": true, ""new_array_sha256"": ""12f16f07214e5524eedc0b072792b5612ba549a3028de7f5456265bec74eeb5c"", ""old_array_exists"": true, ""old_array_sha256"": ""12f16f07214e5524eedc0b072792b5612ba549a3028de7f5456265bec74eeb5c"", ""round"": 0, ""selected_ids_equal"": true, ""step_exact_equal"": true, ""step_finite"": true, ""step_max_abs_error"": 0.0, ""step_relative_norm_error"": 0.0, ""step_shape_equal"": true}]",True,True,True,0.0,0.0,True,True,True,0.0,0.0,384,384,True,384,False,3.2526065174565133e-19,True,NOT_SAVED_AS_DEDICATED_BASELINE_ENDPOINT,"Historical pool_hash is physical; v2 persisted adapter returns coefficient-pool hash. Exact fixture file binding, not raw hash equality, establishes reuse."
2014,late,4,/Volumes/migodam's-external-brain/Research/Inv_SLAM/Gaussian/A17/EXCHANGE_R1/results/object_2014_late,/Volumes/migodam's-external-brain/Research/Inv_SLAM/Gaussian/A17/CLOSURE_R1/remote_snapshots/primary_complete_v1/results/replay_remaining_v2/object_2014/late,607be0eaf84bed32abf059a1203b0c2061349eb3ca2f0b886dc169d2ff4162d5,550c0b9b1dfe20137b46106d719687626ff4c100cc59385e838fff357695b4d1,False,8305891509db380224bcdc1743cb3e69c0d84cd706629afdafcf40645400448d,True,"[{""add"": [4], ""drop"": [1], ""kind"": ""swap"", ""round"": 0}, {""add"": [96], ""drop"": [0], ""kind"": ""swap"", ""round"": 1}, {""add"": [98], ""drop"": [2], ""kind"": ""swap"", ""round"": 2}]","[{""add"": [4], ""drop"": [1], ""kind"": ""swap"", ""round"": 0}, {""add"": [96], ""drop"": [0], ""kind"": ""swap"", ""round"": 1}, {""add"": [98], ""drop"": [2], ""kind"": ""swap"", ""round"": 2}]",True,"[[12, 18], [3, 2], [9, 21]]","[[12, 18], [3, 2], [9, 21]]",False,True,"[3, 4, 96, 98]","[3, 4, 96, 98]",4.457422812949114e-05,4.457422812949114e-05,0.00024116505258958958,0.00024116505258958958,MECHANICAL_VALUES_ONLY_NO_NEW_ARRAY_TOLERANCE,1.3552527156068805e-19,True,True,False,True,"[{""Q_true"": 0.00015288634068371976, ""Qhat"": 0.00014498577804081427, ""actual_rank"": 4, ""add"": [4], ""drop"": [1], ""kind"": ""swap"", ""round"": 0, ""tau"": 1.3774746289751401e-17}, {""Q_true"": 6.27697433792148e-06, ""Qhat"": -3.732724772284466e-06, ""actual_rank"": 4, ""add"": [96], ""drop"": [0], ""kind"": ""swap"", ""round"": 1, ""tau"": 5.0841639881704716e-18}, {""Q_true"": 3.742750943845644e-05, ""Qhat"": 3.5467128419686036e-05, ""actual_rank"": 4, ""add"": [98], ""drop"": [2], ""kind"": ""swap"", ""round"": 2, ""tau"": 4.727359306701458e-18}]","[{""Q_true"": 0.00015288634068372082, ""Qhat"": 0.0001449857780408143, ""actual_rank"": 4, ""add"": [4], ""drop"": [1], ""ids"": [0, 2, 3, 4], ""kind"": ""swap"", ""round"": 0, ""tau"": 1.0081584950620244e-13}, {""Q_true"": 6.276974337921517e-06, ""Qhat"": -3.7327247722844764e-06, ""actual_rank"": 4, ""add"": [96], ""drop"": [0], ""ids"": [2, 3, 4, 96], ""kind"": ""swap"", ""round"": 1, ""tau"": 2.7624500438312892e-14}, {""Q_true"": 3.7427509438456385e-05, ""Qhat"": 3.5467128419686056e-05, ""actual_rank"": 4, ""add"": [98], ""drop"": [2], ""ids"": [3, 4, 96, 98], ""kind"": ""swap"", ""round"": 2, ""tau"": 2.8145763658395448e-14}]","[{""Js_exact_equal"": true, ""Js_finite"": true, ""Js_max_abs_error"": 0.0, ""Js_relative_norm_error"": 0.0, ""Js_shape_equal"": true, ""new_array_exists"": true, ""new_array_sha256"": ""0209c60a84c2cefe72c79c37b37300c44fa44910b56689565a08989c0dc542b3"", ""old_array_exists"": true, ""old_array_sha256"": ""0209c60a84c2cefe72c79c37b37300c44fa44910b56689565a08989c0dc542b3"", ""round"": 0, ""selected_ids_equal"": true, ""step_exact_equal"": true, ""step_finite"": true, ""step_max_abs_error"": 0.0, ""step_relative_norm_error"": 0.0, ""step_shape_equal"": true}, {""Js_exact_equal"": true, ""Js_finite"": true, ""Js_max_abs_error"": 0.0, ""Js_relative_norm_error"": 0.0, ""Js_shape_equal"": true, ""new_array_exists"": true, ""new_array_sha256"": ""50816a1564b0b276cba5003d24b8a0cec2209c5856f5508e920f1daef4efbe78"", ""old_array_exists"": true, ""old_array_sha256"": ""50816a1564b0b276cba5003d24b8a0cec2209c5856f5508e920f1daef4efbe78"", ""round"": 1, ""selected_ids_equal"": true, ""step_exact_equal"": true, ""step_finite"": true, ""step_max_abs_error"": 0.0, ""step_relative_norm_error"": 0.0, ""step_shape_equal"": true}, {""Js_exact_equal"": true, ""Js_finite"": true, ""Js_max_abs_error"": 0.0, ""Js_relative_norm_error"": 0.0, ""Js_shape_equal"": true, ""new_array_exists"": true, ""new_array_sha256"": ""017b1c74c685e31a43988505866376af22a40457ed7f2c36beca0e3c50b2c653"", ""old_array_exists"": true, ""old_array_sha256"": ""017b1c74c685e31a43988505866376af22a40457ed7f2c36beca0e3c50b2c653"", ""round"": 2, ""selected_ids_equal"": true, ""step_exact_equal"": true, ""step_finite"": true, ""step_max_abs_error"": 0.0, ""step_relative_norm_error"": 0.0, ""step_shape_equal"": true}]",True,True,True,0.0,0.0,True,True,True,0.0,0.0,144,144,True,144,False,4.336808689942018e-19,True,NOT_SAVED_AS_DEDICATED_BASELINE_ENDPOINT,"Historical pool_hash is physical; v2 persisted adapter returns coefficient-pool hash. Exact fixture file binding, not raw hash equality, establishes reuse."
2014,late,8,/Volumes/migodam's-external-brain/Research/Inv_SLAM/Gaussian/A17/EXCHANGE_R1/results/object_2014_late,/Volumes/migodam's-external-brain/Research/Inv_SLAM/Gaussian/A17/CLOSURE_R1/remote_snapshots/primary_complete_v1/results/replay_remaining_v2/object_2014/late,ac0e3c73a0cb278f12dde1accc92c424755f707dc9955fa15c51ac53fe2f6e94,550c0b9b1dfe20137b46106d719687626ff4c100cc59385e838fff357695b4d1,False,8305891509db380224bcdc1743cb3e69c0d84cd706629afdafcf40645400448d,True,[],[],True,"[[15, 92]]","[[15, 92]]",False,True,"[0, 1, 2, 3, 4, 5, 6, 7]","[0, 1, 2, 3, 4, 5, 6, 7]",4.5278477283791125e-05,4.5278477283791125e-05,4.5278477283791125e-05,4.5278477283791125e-05,MECHANICAL_VALUES_ONLY_NO_NEW_ARRAY_TOLERANCE,2.0328790734103208e-20,True,True,False,True,[],[],[],True,True,True,0.0,0.0,True,True,True,0.0,0.0,96,96,True,96,False,4.0657581468206416e-20,True,NOT_SAVED_AS_DEDICATED_BASELINE_ENDPOINT,"Historical pool_hash is physical; v2 persisted adapter returns coefficient-pool hash. Exact fixture file binding, not raw hash equality, establishes reuse."
2014,late,16,/Volumes/migodam's-external-brain/Research/Inv_SLAM/Gaussian/A17/EXCHANGE_R1/results/object_2014_late,/Volumes/migodam's-external-brain/Research/Inv_SLAM/Gaussian/A17/CLOSURE_R1/remote_snapshots/primary_complete_v1/results/replay_remaining_v2/object_2014/late,c840035ce19df1d616dd47de4b5df9d568b9cbb1cfa002b8b61cbc73cd6d2430,550c0b9b1dfe20137b46106d719687626ff4c100cc59385e838fff357695b4d1,False,8305891509db380224bcdc1743cb3e69c0d84cd706629afdafcf40645400448d,True,"[{""add"": [64], ""drop"": [1], ""kind"": ""swap"", ""round"": 0}, {""add"": [96], ""drop"": [12], ""kind"": ""swap"", ""round"": 1}]","[{""add"": [64], ""drop"": [1], ""kind"": ""swap"", ""round"": 0}, {""add"": [96], ""drop"": [12], ""kind"": ""swap"", ""round"": 1}]",True,"[[14, 12], [22, 135], [19, 16]]","[[14, 12], [22, 135], [19, 16]]",False,True,"[0, 2, 3, 4, 5, 6, 7, 8, 9, 10, 11, 13, 14, 15, 64, 96]","[0, 2, 3, 4, 5, 6, 7, 8, 9, 10, 11, 13, 14, 15, 64, 96]",1.2863524711526717e-05,1.2863524711526717e-05,1.697924548216187e-05,1.697924548216187e-05,MECHANICAL_VALUES_ONLY_NO_NEW_ARRAY_TOLERANCE,1.8634724839594607e-20,True,True,False,True,"[{""Q_true"": 1.7843623661363633e-06, ""Qhat"": 1.4114899305562199e-05, ""actual_rank"": 16, ""add"": [64], ""drop"": [1], ""kind"": ""swap"", ""round"": 0, ""tau"": 3.6589387655649e-18}, {""Q_true"": 2.3313584044987924e-06, ""Qhat"": 6.235438171813472e-06, ""actual_rank"": 16, ""add"": [96], ""drop"": [12], ""kind"": ""swap"", ""round"": 1, ""tau"": 3.6589387655649e-18}]","[{""Q_true"": 1.7843623661363493e-06, ""Qhat"": 1.4114899305562189e-05, ""actual_rank"": 16, ""add"": [64], ""drop"": [1], ""ids"": [0, 2, 3, 4, 5, 6, 7, 8, 9, 10, 11, 12, 13, 14, 15, 64], ""kind"": ""swap"", ""round"": 0, ""tau"": 7.466622433547516e-15}, {""Q_true"": 2.331358404498796e-06, ""Qhat"": 6.235438171813472e-06, ""actual_rank"": 16, ""add"": [96], ""drop"": [12], ""ids"": [0, 2, 3, 4, 5, 6, 7, 8, 9, 10, 11, 13, 14, 15, 64, 96], ""kind"": ""swap"", ""round"": 1, ""tau"": 6.270585797513661e-15}]","[{""Js_exact_equal"": true, ""Js_finite"": true, ""Js_max_abs_error"": 0.0, ""Js_relative_norm_error"": 0.0, ""Js_shape_equal"": true, ""new_array_exists"": true, ""new_array_sha256"": ""313dfde9b9aa831cd15b56693543137407b504d89a462c5e99878a10759576ff"", ""old_array_exists"": true, ""old_array_sha256"": ""313dfde9b9aa831cd15b56693543137407b504d89a462c5e99878a10759576ff"", ""round"": 0, ""selected_ids_equal"": true, ""step_exact_equal"": true, ""step_finite"": true, ""step_max_abs_error"": 0.0, ""step_relative_norm_error"": 0.0, ""step_shape_equal"": true}, {""Js_exact_equal"": true, ""Js_finite"": true, ""Js_max_abs_error"": 0.0, ""Js_relative_norm_error"": 0.0, ""Js_shape_equal"": true, ""new_array_exists"": true, ""new_array_sha256"": ""4f0e408df90d0e599c1db13e228a00ffbdbfaf9f381b684bed2309148c7580c9"", ""old_array_exists"": true, ""old_array_sha256"": ""4f0e408df90d0e599c1db13e228a00ffbdbfaf9f381b684bed2309148c7580c9"", ""round"": 1, ""selected_ids_equal"": true, ""step_exact_equal"": true, ""step_finite"": true, ""step_max_abs_error"": 0.0, ""step_relative_norm_error"": 0.0, ""step_shape_equal"": true}]",True,True,True,0.0,0.0,True,True,True,0.0,0.0,576,576,True,576,False,2.837560373301906e-20,True,NOT_SAVED_AS_DEDICATED_BASELINE_ENDPOINT,"Historical pool_hash is physical; v2 persisted adapter returns coefficient-pool hash. Exact fixture file binding, not raw hash equality, establishes reuse."
2014,middle,4,/Volumes/migodam's-external-brain/Research/Inv_SLAM/Gaussian/A17/EXCHANGE_R1/results/object_2014_middle,/Volumes/migodam's-external-brain/Research/Inv_SLAM/Gaussian/A17/CLOSURE_R1/remote_snapshots/primary_complete_v1/results/replay_remaining_v2/object_2014/middle,b2a66ef1090147e9256104e980e55b015e31f2449cafb54081c7f9e8460c0e88,81912c361db6a489db1aabb91bfa16a34faf0d415c80d3670121fd6a35070adf,False,8305891509db380224bcdc1743cb3e69c0d84cd706629afdafcf40645400448d,True,"[{""add"": [4], ""drop"": [1], ""kind"": ""swap"", ""round"": 0}, {""add"": [33], ""drop"": [2], ""kind"": ""swap"", ""round"": 1}, {""add"": [129], ""drop"": [0], ""kind"": ""swap"", ""round"": 2}]","[{""add"": [4], ""drop"": [1], ""kind"": ""swap"", ""round"": 0}, {""add"": [33], ""drop"": [2], ""kind"": ""swap"", ""round"": 1}, {""add"": [129], ""drop"": [0], ""kind"": ""swap"", ""round"": 2}]",True,"[[12, 18], [19, 18], [10, 4]]","[[12, 18], [19, 18], [10, 4]]",False,True,"[3, 4, 33, 129]","[3, 4, 33, 129]",1.1922740026128284e-05,1.1922740026128284e-05,0.00012923392770278295,0.00012923392770278295,MECHANICAL_VALUES_ONLY_NO_NEW_ARRAY_TOLERANCE,1.0842021724855044e-19,True,True,False,True,"[{""Q_true"": 8.079095540885009e-05, ""Qhat"": 7.74836120262537e-05, ""actual_rank"": 4, ""add"": [4], ""drop"": [1], ""kind"": ""swap"", ""round"": 0, ""tau"": 8.034350999357824e-18}, {""Q_true"": 2.3149187622710006e-05, ""Qhat"": 2.129723130156027e-05, ""actual_rank"": 4, ""add"": [33], ""drop"": [2], ""kind"": ""swap"", ""round"": 1, ""tau"": 3.4419168808877e-18}, {""Q_true"": 1.3371044645094731e-05, ""Qhat"": 1.12285377105302e-05, ""actual_rank"": 4, ""add"": [129], ""drop"": [0], ""kind"": ""swap"", ""round"": 2, ""tau"": 2.6036195269324288e-18}]","[{""Q_true"": 8.079095540884988e-05, ""Qhat"": 7.748361202625359e-05, ""actual_rank"": 4, ""add"": [4], ""drop"": [1], ""ids"": [0, 2, 3, 4], ""kind"": ""swap"", ""round"": 0, ""tau"": 5.775463104810324e-14}, {""Q_true"": 2.314918762270995e-05, ""Qhat"": 2.1297231301560282e-05, ""actual_rank"": 4, ""add"": [33], ""drop"": [2], ""ids"": [0, 3, 4, 33], ""kind"": ""swap"", ""round"": 1, ""tau"": 1.8490833764481866e-14}, {""Q_true"": 1.3371044645094746e-05, ""Qhat"": 1.1228537710530199e-05, ""actual_rank"": 4, ""add"": [129], ""drop"": [0], ""ids"": [3, 4, 33, 129], ""kind"": ""swap"", ""round"": 2, ""tau"": 1.3363176030508554e-14}]","[{""Js_exact_equal"": true, ""Js_finite"": true, ""Js_max_abs_error"": 0.0, ""Js_relative_norm_error"": 0.0, ""Js_shape_equal"": true, ""new_array_exists"": true, ""new_array_sha256"": ""c9fd2df181bc3eaacdb45d625ed60b2680f2c7f1ff642c55e5fcd572a8a2e47f"", ""old_array_exists"": true, ""old_array_sha256"": ""c9fd2df181bc3eaacdb45d625ed60b2680f2c7f1ff642c55e5fcd572a8a2e47f"", ""round"": 0, ""selected_ids_equal"": true, ""step_exact_equal"": true, ""step_finite"": true, ""step_max_abs_error"": 0.0, ""step_relative_norm_error"": 0.0, ""step_shape_equal"": true}, {""Js_exact_equal"": true, ""Js_finite"": true, ""Js_max_abs_error"": 0.0, ""Js_relative_norm_error"": 0.0, ""Js_shape_equal"": true, ""new_array_exists"": true, ""new_array_sha256"": ""694c26619da81594299caa6dc87581b6f3e698030e0c8e3c16d91c1ac0393e5c"", ""old_array_exists"": true, ""old_array_sha256"": ""694c26619da81594299caa6dc87581b6f3e698030e0c8e3c16d91c1ac0393e5c"", ""round"": 1, ""selected_ids_equal"": true, ""step_exact_equal"": true, ""step_finite"": true, ""step_max_abs_error"": 0.0, ""step_relative_norm_error"": 0.0, ""step_shape_equal"": true}, {""Js_exact_equal"": true, ""Js_finite"": true, ""Js_max_abs_error"": 0.0, ""Js_relative_norm_error"": 0.0, ""Js_shape_equal"": true, ""new_array_exists"": true, ""new_array_sha256"": ""fa187a9e3a08e1c087f1010f9d0b7c4f92c063dfbdcd297bc27f826d2ede6e70"", ""old_array_exists"": true, ""old_array_sha256"": ""fa187a9e3a08e1c087f1010f9d0b7c4f92c063dfbdcd297bc27f826d2ede6e70"", ""round"": 2, ""selected_ids_equal"": true, ""step_exact_equal"": true, ""step_finite"": true, ""step_max_abs_error"": 0.0, ""step_relative_norm_error"": 0.0, ""step_shape_equal"": true}]",True,True,True,0.0,0.0,True,True,True,0.0,0.0,144,144,True,144,False,1.6263032587282567e-19,True,NOT_SAVED_AS_DEDICATED_BASELINE_ENDPOINT,"Historical pool_hash is physical; v2 persisted adapter returns coefficient-pool hash. Exact fixture file binding, not raw hash equality, establishes reuse."
2014,middle,8,/Volumes/migodam's-external-brain/Research/Inv_SLAM/Gaussian/A17/EXCHANGE_R1/results/object_2014_middle,/Volumes/migodam's-external-brain/Research/Inv_SLAM/Gaussian/A17/CLOSURE_R1/remote_snapshots/primary_complete_v1/results/replay_remaining_v2/object_2014/middle,71ddddea025cc90078c9ea9e86d991c441e8a8127c7a605c41be25e622e0a631,81912c361db6a489db1aabb91bfa16a34faf0d415c80d3670121fd6a35070adf,False,8305891509db380224bcdc1743cb3e69c0d84cd706629afdafcf40645400448d,True,"[{""add"": [65], ""drop"": [0], ""kind"": ""swap"", ""round"": 0}, {""add"": [64], ""drop"": [1], ""kind"": ""swap"", ""round"": 1}, {""add"": [32], ""drop"": [2], ""kind"": ""swap"", ""round"": 2}]","[{""add"": [65], ""drop"": [0], ""kind"": ""swap"", ""round"": 0}, {""add"": [64], ""drop"": [1], ""kind"": ""swap"", ""round"": 1}, {""add"": [32], ""drop"": [2], ""kind"": ""swap"", ""round"": 2}]",True,"[[8, 2], [3, 2], [1, 13]]","[[8, 2], [3, 2], [1, 13]]",False,True,"[3, 4, 5, 6, 7, 65, 64, 32]","[3, 4, 5, 6, 7, 65, 64, 32]",1.5008598635886461e-05,1.5008598635886461e-05,4.3933076066599486e-05,4.3933076066599486e-05,MECHANICAL_VALUES_ONLY_NO_NEW_ARRAY_TOLERANCE,1.0164395367051604e-20,True,True,False,True,"[{""Q_true"": 1.663445260635969e-05, ""Qhat"": 1.6660420349939355e-05, ""actual_rank"": 8, ""add"": [65], ""drop"": [0], ""kind"": ""swap"", ""round"": 0, ""tau"": 3.185558960618604e-18}, {""Q_true"": 7.651517179100935e-06, ""Qhat"": 5.559864592332843e-06, ""actual_rank"": 8, ""add"": [64], ""drop"": [1], ""kind"": ""swap"", ""round"": 1, ""tau"": 2.6036195269324288e-18}, {""Q_true"": 4.6385076452523474e-06, ""Qhat"": 2.808933762868521e-06, ""actual_rank"": 8, ""add"": [32], ""drop"": [2], ""kind"": ""swap"", ""round"": 2, ""tau"": 2.6036195269324288e-18}]","[{""Q_true"": 1.6634452606359682e-05, ""Qhat"": 1.666042034993935e-05, ""actual_rank"": 8, ""add"": [65], ""drop"": [0], ""ids"": [1, 2, 3, 4, 5, 6, 7, 65], ""kind"": ""swap"", ""round"": 0, ""tau"": 1.8478163765914033e-14}, {""Q_true"": 7.651517179100916e-06, ""Qhat"": 5.559864592332838e-06, ""actual_rank"": 8, ""add"": [64], ""drop"": [1], ""ids"": [2, 3, 4, 5, 6, 7, 65, 64], ""kind"": ""swap"", ""round"": 1, ""tau"": 1.3628273405448468e-14}, {""Q_true"": 4.638507645252379e-06, ""Qhat"": 2.8089337628685245e-06, ""actual_rank"": 8, ""add"": [32], ""drop"": [2], ""ids"": [3, 4, 5, 6, 7, 65, 64, 32], ""kind"": ""swap"", ""round"": 2, ""tau"": 1.2909690350119901e-14}]","[{""Js_exact_equal"": true, ""Js_finite"": true, ""Js_max_abs_error"": 0.0, ""Js_relative_norm_error"": 0.0, ""Js_shape_equal"": true, ""new_array_exists"": true, ""new_array_sha256"": ""ee9876ef7f652c65091374903d87dd9738e7c1664d972b76af3e452a82906dce"", ""old_array_exists"": true, ""old_array_sha256"": ""ee9876ef7f652c65091374903d87dd9738e7c1664d972b76af3e452a82906dce"", ""round"": 0, ""selected_ids_equal"": true, ""step_exact_equal"": true, ""step_finite"": true, ""step_max_abs_error"": 0.0, ""step_relative_norm_error"": 0.0, ""step_shape_equal"": true}, {""Js_exact_equal"": true, ""Js_finite"": true, ""Js_max_abs_error"": 0.0, ""Js_relative_norm_error"": 0.0, ""Js_shape_equal"": true, ""new_array_exists"": true, ""new_array_sha256"": ""d5c9992820d3e64b48e182f538f1796487307021faffb33fc0d6a7b66fff6510"", ""old_array_exists"": true, ""old_array_sha256"": ""d5c9992820d3e64b48e182f538f1796487307021faffb33fc0d6a7b66fff6510"", ""round"": 1, ""selected_ids_equal"": true, ""step_exact_equal"": true, ""step_finite"": true, ""step_max_abs_error"": 0.0, ""step_relative_norm_error"": 0.0, ""step_shape_equal"": true}, {""Js_exact_equal"": true, ""Js_finite"": true, ""Js_max_abs_error"": 0.0, ""Js_relative_norm_error"": 0.0, ""Js_shape_equal"": true, ""new_array_exists"": true, ""new_array_sha256"": ""4fb7380cf91976f85ce48a32278fb73b74340f025796ba993164355ffcd9845f"", ""old_array_exists"": true, ""old_array_sha256"": ""4fb7380cf91976f85ce48a32278fb73b74340f025796ba993164355ffcd9845f"", ""round"": 2, ""selected_ids_equal"": true, ""step_exact_equal"": true, ""step_finite"": true, ""step_max_abs_error"": 0.0, ""step_relative_norm_error"": 0.0, ""step_shape_equal"": true}]",True,True,True,0.0,0.0,True,True,True,0.0,0.0,288,288,True,288,False,3.3881317890172014e-20,True,NOT_SAVED_AS_DEDICATED_BASELINE_ENDPOINT,"Historical pool_hash is physical; v2 persisted adapter returns coefficient-pool hash. Exact fixture file binding, not raw hash equality, establishes reuse."
2014,middle,16,/Volumes/migodam's-external-brain/Research/Inv_SLAM/Gaussian/A17/EXCHANGE_R1/results/object_2014_middle,/Volumes/migodam's-external-brain/Research/Inv_SLAM/Gaussian/A17/CLOSURE_R1/remote_snapshots/primary_complete_v1/results/replay_remaining_v2/object_2014/middle,825d07447387eeab1d59f6eeab34c75e24917610aa4d46ba4af74cdf7fc922fb,81912c361db6a489db1aabb91bfa16a34faf0d415c80d3670121fd6a35070adf,False,8305891509db380224bcdc1743cb3e69c0d84cd706629afdafcf40645400448d,True,"[{""add"": [17], ""drop"": [2], ""kind"": ""swap"", ""round"": 0}]","[{""add"": [17], ""drop"": [2], ""kind"": ""swap"", ""round"": 0}]",True,"[[30, 6], [102, 42]]","[[30, 6], [102, 42]]",False,True,"[0, 1, 3, 4, 5, 6, 7, 8, 9, 10, 11, 12, 13, 14, 15, 17]","[0, 1, 3, 4, 5, 6, 7, 8, 9, 10, 11, 12, 13, 14, 15, 17]",4.236374706551818e-06,4.236374706551818e-06,7.809939906254358e-06,7.809939906254358e-06,MECHANICAL_VALUES_ONLY_NO_NEW_ARRAY_TOLERANCE,5.929230630780102e-21,True,True,False,True,"[{""Q_true"": 3.573565199702538e-06, ""Qhat"": 3.562016975298748e-06, ""actual_rank"": 16, ""add"": [17], ""drop"": [2], ""kind"": ""swap"", ""round"": 0, ""tau"": 2.6036195269324288e-18}]","[{""Q_true"": 3.573565199702533e-06, ""Qhat"": 3.562016975298742e-06, ""actual_rank"": 16, ""add"": [17], ""drop"": [2], ""ids"": [0, 1, 3, 4, 5, 6, 7, 8, 9, 10, 11, 12, 13, 14, 15, 17], ""kind"": ""swap"", ""round"": 0, ""tau"": 7.699689100591859e-15}]","[{""Js_exact_equal"": true, ""Js_finite"": true, ""Js_max_abs_error"": 0.0, ""Js_relative_norm_error"": 0.0, ""Js_shape_equal"": true, ""new_array_exists"": true, ""new_array_sha256"": ""564f5e7e45fd9b1b77731bc10aa8a9d5b505f06886da0cf2eb323c5f0493a46f"", ""old_array_exists"": true, ""old_array_sha256"": ""564f5e7e45fd9b1b77731bc10aa8a9d5b505f06886da0cf2eb323c5f0493a46f"", ""round"": 0, ""selected_ids_equal"": true, ""step_exact_equal"": true, ""step_finite"": true, ""step_max_abs_error"": 0.0, ""step_relative_norm_error"": 0.0, ""step_shape_equal"": true}]",True,True,True,0.0,0.0,True,True,True,0.0,0.0,384,384,True,384,False,1.3552527156068805e-20,True,NOT_SAVED_AS_DEDICATED_BASELINE_ENDPOINT,"Historical pool_hash is physical; v2 persisted adapter returns coefficient-pool hash. Exact fixture file binding, not raw hash equality, establishes reuse."
2007,early,4,/Volumes/migodam's-external-brain/Research/Inv_SLAM/Gaussian/A17/EXCHANGE_R1/results/object_2007_early_portable,/Volumes/migodam's-external-brain/Research/Inv_SLAM/Gaussian/A17/CLOSURE_R1/remote_snapshots/primary_complete_v1/results/replay_v2/object_2007/early,13c69590049e4c1aad0c749448d9c3df678c2148d4472f7863847c828611bc8f,ff4b507867e53a8a31232f9d5b0f24889289074fa694e0e938bff7caf2e51b90,True,8fa298a5f08c960e5e602916c63d786dd7d735f5c222284ffcf317f552ac3d43,True,"[{""add"": [5], ""drop"": [1], ""kind"": ""swap"", ""round"": 0}]","[{""add"": [5], ""drop"": [1], ""kind"": ""swap"", ""round"": 0}]",True,"[[18, 12], [30, 42]]","[[18, 12], [30, 42]]",False,True,"[0, 2, 3, 5]","[0, 2, 3, 5]",0.00014523439588079592,0.00014523439588079592,0.00014968486970471037,0.00014968486970471037,MECHANICAL_VALUES_ONLY_NO_NEW_ARRAY_TOLERANCE,9.486769009248164e-20,True,True,False,True,"[{""Q_true"": 4.450473823914423e-06, ""Qhat"": 9.35193127595821e-06, ""actual_rank"": 4, ""add"": [5], ""drop"": [1], ""kind"": ""swap"", ""round"": 0, ""tau"": 7.923586935705524e-15}]","[{""Q_true"": 4.450473823914373e-06, ""Qhat"": 9.351931275958116e-06, ""actual_rank"": 4, ""add"": [5], ""drop"": [1], ""ids"": [0, 2, 3, 5], ""kind"": ""swap"", ""round"": 0, ""tau"": 6.887574245928555e-13}]","[{""Js_exact_equal"": true, ""Js_finite"": true, ""Js_max_abs_error"": 0.0, ""Js_relative_norm_error"": 0.0, ""Js_shape_equal"": true, ""new_array_exists"": true, ""new_array_sha256"": ""035c5bcc0ffacee8a6c703009feb7a6535afe0296da638e63dce1a7387ff0075"", ""old_array_exists"": true, ""old_array_sha256"": ""035c5bcc0ffacee8a6c703009feb7a6535afe0296da638e63dce1a7387ff0075"", ""round"": 0, ""selected_ids_equal"": true, ""step_exact_equal"": true, ""step_finite"": true, ""step_max_abs_error"": 0.0, ""step_relative_norm_error"": 0.0, ""step_shape_equal"": true}]",True,True,True,0.0,0.0,True,True,True,0.0,0.0,96,96,True,96,False,5.204170427930421e-18,True,NOT_SAVED_AS_DEDICATED_BASELINE_ENDPOINT,"Historical pool_hash is physical; v2 persisted adapter returns coefficient-pool hash. Exact fixture file binding, not raw hash equality, establishes reuse."
2007,early,8,/Volumes/migodam's-external-brain/Research/Inv_SLAM/Gaussian/A17/EXCHANGE_R1/results/object_2007_early_portable,/Volumes/migodam's-external-brain/Research/Inv_SLAM/Gaussian/A17/CLOSURE_R1/remote_snapshots/primary_complete_v1/results/replay_v2/object_2007/early,638e5b76e2c56b71161c727ee7309772a362c584811070903f746bb193b91740,ff4b507867e53a8a31232f9d5b0f24889289074fa694e0e938bff7caf2e51b90,True,8fa298a5f08c960e5e602916c63d786dd7d735f5c222284ffcf317f552ac3d43,True,"[{""add"": [64], ""drop"": [7], ""kind"": ""swap"", ""round"": 0}, {""add"": [33], ""drop"": [5], ""kind"": ""swap"", ""round"": 1}]","[{""add"": [64], ""drop"": [7], ""kind"": ""swap"", ""round"": 0}, {""add"": [33], ""drop"": [5], ""kind"": ""swap"", ""round"": 1}]",True,"[[38, 86], [67, 36], [66, 65]]","[[38, 86], [67, 36], [66, 65]]",False,True,"[0, 1, 2, 3, 4, 6, 64, 33]","[0, 1, 2, 3, 4, 6, 64, 33]",8.419667362420273e-05,8.419667362420273e-05,0.00011170559705552777,0.00011170559705552777,MECHANICAL_VALUES_ONLY_NO_NEW_ARRAY_TOLERANCE,3.3881317890172014e-20,True,True,False,True,"[{""Q_true"": 1.5241863002730046e-05, ""Qhat"": 1.579391801031448e-05, ""actual_rank"": 8, ""add"": [64], ""drop"": [7], ""kind"": ""swap"", ""round"": 0, ""tau"": 7.923586935705524e-15}, {""Q_true"": 1.2267060428595043e-05, ""Qhat"": 1.3018494179337469e-05, ""actual_rank"": 8, ""add"": [33], ""drop"": [5], ""kind"": ""swap"", ""round"": 1, ""tau"": 7.923586935705524e-15}]","[{""Q_true"": 1.5241863002730036e-05, ""Qhat"": 1.5793918010314456e-05, ""actual_rank"": 8, ""add"": [64], ""drop"": [7], ""ids"": [0, 1, 2, 3, 4, 5, 6, 64], ""kind"": ""swap"", ""round"": 0, ""tau"": 6.867341438182443e-13}, {""Q_true"": 1.2267060428595026e-05, ""Qhat"": 1.301849417933748e-05, ""actual_rank"": 8, ""add"": [33], ""drop"": [5], ""ids"": [0, 1, 2, 3, 4, 6, 64, 33], ""kind"": ""swap"", ""round"": 1, ""tau"": 6.863127332424629e-13}]","[{""Js_exact_equal"": true, ""Js_finite"": true, ""Js_max_abs_error"": 0.0, ""Js_relative_norm_error"": 0.0, ""Js_shape_equal"": true, ""new_array_exists"": true, ""new_array_sha256"": ""5be1a2c372e573f7af27987a627b51833ff456e9e8ddbfaf2eefedfc255e93f4"", ""old_array_exists"": true, ""old_array_sha256"": ""5be1a2c372e573f7af27987a627b51833ff456e9e8ddbfaf2eefedfc255e93f4"", ""round"": 0, ""selected_ids_equal"": true, ""step_exact_equal"": true, ""step_finite"": true, ""step_max_abs_error"": 0.0, ""step_relative_norm_error"": 0.0, ""step_shape_equal"": true}, {""Js_exact_equal"": true, ""Js_finite"": true, ""Js_max_abs_error"": 0.0, ""Js_relative_norm_error"": 0.0, ""Js_shape_equal"": true, ""new_array_exists"": true, ""new_array_sha256"": ""7f2212f1bee9d7341a5b99d57220e690c13a3a110b4453bd7adaafd47921f77a"", ""old_array_exists"": true, ""old_array_sha256"": ""7f2212f1bee9d7341a5b99d57220e690c13a3a110b4453bd7adaafd47921f77a"", ""round"": 1, ""selected_ids_equal"": true, ""step_exact_equal"": true, ""step_finite"": true, ""step_max_abs_error"": 0.0, ""step_relative_norm_error"": 0.0, ""step_shape_equal"": true}]",True,True,True,0.0,0.0,True,True,True,0.0,0.0,288,288,True,288,False,1.734723475976807e-18,True,NOT_SAVED_AS_DEDICATED_BASELINE_ENDPOINT,"Historical pool_hash is physical; v2 persisted adapter returns coefficient-pool hash. Exact fixture file binding, not raw hash equality, establishes reuse."
2007,early,16,/Volumes/migodam's-external-brain/Research/Inv_SLAM/Gaussian/A17/EXCHANGE_R1/results/object_2007_early_portable,/Volumes/migodam's-external-brain/Research/Inv_SLAM/Gaussian/A17/CLOSURE_R1/remote_snapshots/primary_complete_v1/results/replay_v2/object_2007/early,18e3c9dee314472cf1f662dfccbdfacd874a45f8fbfc65ec41a0f9f76fba8451,ff4b507867e53a8a31232f9d5b0f24889289074fa694e0e938bff7caf2e51b90,True,8fa298a5f08c960e5e602916c63d786dd7d735f5c222284ffcf317f552ac3d43,True,"[{""add"": [64], ""drop"": [7], ""kind"": ""swap"", ""round"": 0}, {""add"": [32], ""drop"": [5], ""kind"": ""swap"", ""round"": 1}, {""add"": [128], ""drop"": [8], ""kind"": ""swap"", ""round"": 2}]","[{""add"": [64], ""drop"": [7], ""kind"": ""swap"", ""round"": 0}, {""add"": [32], ""drop"": [5], ""kind"": ""swap"", ""round"": 1}, {""add"": [128], ""drop"": [8], ""kind"": ""swap"", ""round"": 2}]",True,"[[86, 98], [61, 88], [76, 82]]","[[86, 98], [61, 88], [76, 82]]",False,True,"[0, 1, 2, 3, 4, 6, 9, 10, 11, 12, 13, 14, 15, 64, 32, 128]","[0, 1, 2, 3, 4, 6, 9, 10, 11, 12, 13, 14, 15, 64, 32, 128]",1.0381194046497643e-05,1.0381194046497643e-05,1.9219206255082333e-05,1.9219206255082333e-05,MECHANICAL_VALUES_ONLY_NO_NEW_ARRAY_TOLERANCE,2.286988957586611e-20,True,True,False,True,"[{""Q_true"": 7.365316744586495e-06, ""Qhat"": 7.0343210886959434e-06, ""actual_rank"": 16, ""add"": [64], ""drop"": [7], ""kind"": ""swap"", ""round"": 0, ""tau"": 7.923586935705524e-15}, {""Q_true"": 1.3275826532644105e-06, ""Qhat"": 1.1282121009197758e-06, ""actual_rank"": 16, ""add"": [32], ""drop"": [5], ""kind"": ""swap"", ""round"": 1, ""tau"": 7.923586935705524e-15}, {""Q_true"": 1.451128107337781e-07, ""Qhat"": 1.544024245086884e-07, ""actual_rank"": 16, ""add"": [128], ""drop"": [8], ""kind"": ""swap"", ""round"": 2, ""tau"": 7.923586935705524e-15}]","[{""Q_true"": 7.365316744586508e-06, ""Qhat"": 7.0343210886959206e-06, ""actual_rank"": 16, ""add"": [64], ""drop"": [7], ""ids"": [0, 1, 2, 3, 4, 5, 6, 8, 9, 10, 11, 12, 13, 14, 15, 64], ""kind"": ""swap"", ""round"": 0, ""tau"": 6.841703823127792e-13}, {""Q_true"": 1.3275826532644078e-06, ""Qhat"": 1.128212100919778e-06, ""actual_rank"": 16, ""add"": [32], ""drop"": [5], ""ids"": [0, 1, 2, 3, 4, 6, 8, 9, 10, 11, 12, 13, 14, 15, 64, 32], ""kind"": ""swap"", ""round"": 1, ""tau"": 6.837728063667794e-13}, {""Q_true"": 1.4511281073377893e-07, ""Qhat"": 1.5440242450868877e-07, ""actual_rank"": 16, ""add"": [128], ""drop"": [8], ""ids"": [0, 1, 2, 3, 4, 6, 9, 10, 11, 12, 13, 14, 15, 64, 32, 128], ""kind"": ""swap"", ""round"": 2, ""tau"": 6.837064576898228e-13}]","[{""Js_exact_equal"": true, ""Js_finite"": true, ""Js_max_abs_error"": 0.0, ""Js_relative_norm_error"": 0.0, ""Js_shape_equal"": true, ""new_array_exists"": true, ""new_array_sha256"": ""4cf51b1ef211b947c82a41912b40d5bd7cea4008de7cb02bdac4e59a23357bea"", ""old_array_exists"": true, ""old_array_sha256"": ""4cf51b1ef211b947c82a41912b40d5bd7cea4008de7cb02bdac4e59a23357bea"", ""round"": 0, ""selected_ids_equal"": true, ""step_exact_equal"": true, ""step_finite"": true, ""step_max_abs_error"": 0.0, ""step_relative_norm_error"": 0.0, ""step_shape_equal"": true}, {""Js_exact_equal"": true, ""Js_finite"": true, ""Js_max_abs_error"": 0.0, ""Js_relative_norm_error"": 0.0, ""Js_shape_equal"": true, ""new_array_exists"": true, ""new_array_sha256"": ""7cab61e8d258c434e8f3e30ee354d28f440f1db8982442da57a5b12b896c31f1"", ""old_array_exists"": true, ""old_array_sha256"": ""7cab61e8d258c434e8f3e30ee354d28f440f1db8982442da57a5b12b896c31f1"", ""round"": 1, ""selected_ids_equal"": true, ""step_exact_equal"": true, ""step_finite"": true, ""step_max_abs_error"": 0.0, ""step_relative_norm_error"": 0.0, ""step_shape_equal"": true}, {""Js_exact_equal"": true, ""Js_finite"": true, ""Js_max_abs_error"": 0.0, ""Js_relative_norm_error"": 0.0, ""Js_shape_equal"": true, ""new_array_exists"": true, ""new_array_sha256"": ""00b4543af796502fb232e55b8ede36f135e52127ac36e2598b68a521106d0a10"", ""old_array_exists"": true, ""old_array_sha256"": ""00b4543af796502fb232e55b8ede36f135e52127ac36e2598b68a521106d0a10"", ""round"": 2, ""selected_ids_equal"": true, ""step_exact_equal"": true, ""step_finite"": true, ""step_max_abs_error"": 0.0, ""step_relative_norm_error"": 0.0, ""step_shape_equal"": true}]",True,True,True,0.0,0.0,True,True,True,0.0,0.0,576,576,True,576,False,7.589415207398531e-19,True,NOT_SAVED_AS_DEDICATED_BASELINE_ENDPOINT,"Historical pool_hash is physical; v2 persisted adapter returns coefficient-pool hash. Exact fixture file binding, not raw hash equality, establishes reuse."
2007,late,4,/Volumes/migodam's-external-brain/Research/Inv_SLAM/Gaussian/A17/EXCHANGE_R1/results/object_2007_late,/Volumes/migodam's-external-brain/Research/Inv_SLAM/Gaussian/A17/CLOSURE_R1/remote_snapshots/primary_complete_v1/results/replay_v2/object_2007/late,153296a8977de9e969d561c8bcc6307a505ddf340772008b9c8a6c66462c73ce,ed4bd122ec3265137bf3662ee3cbab67c1a2b7c43a81ecf089f7bc6817656f22,False,8305891509db380224bcdc1743cb3e69c0d84cd706629afdafcf40645400448d,True,"[{""add"": [129], ""drop"": [1], ""kind"": ""swap"", ""round"": 0}, {""add"": [33], ""drop"": [2], ""kind"": ""swap"", ""round"": 1}, {""add"": [97], ""drop"": [129], ""kind"": ""swap"", ""round"": 2}]","[{""add"": [129], ""drop"": [1], ""kind"": ""swap"", ""round"": 0}, {""add"": [33], ""drop"": [2], ""kind"": ""swap"", ""round"": 1}, {""add"": [97], ""drop"": [129], ""kind"": ""swap"", ""round"": 2}]",True,"[[21, 22], [3, 19], [33, 28]]","[[21, 22], [3, 19], [33, 28]]",False,True,"[0, 3, 33, 97]","[0, 3, 33, 97]",3.5201431998538996e-05,3.5201431998538996e-05,6.389384427794856e-05,6.389384427794856e-05,MECHANICAL_VALUES_ONLY_NO_NEW_ARRAY_TOLERANCE,5.421010862427522e-20,True,True,False,True,"[{""Q_true"": 1.74593700440295e-05, ""Qhat"": 9.515250880110367e-06, ""actual_rank"": 4, ""add"": [129], ""drop"": [1], ""kind"": ""swap"", ""round"": 0, ""tau"": 3.975942529905593e-18}, {""Q_true"": 8.262537459615492e-06, ""Qhat"": 4.895321385979471e-06, ""actual_rank"": 4, ""add"": [33], ""drop"": [2], ""kind"": ""swap"", ""round"": 1, ""tau"": 2.9834922454469813e-18}, {""Q_true"": 2.9705047757645055e-06, ""Qhat"": 3.1510272242244778e-06, ""actual_rank"": 4, ""add"": [97], ""drop"": [129], ""kind"": ""swap"", ""round"": 2, ""tau"": 2.5138213677769386e-18}]","[{""Q_true"": 1.745937004402946e-05, ""Qhat"": 9.51525088011034e-06, ""actual_rank"": 4, ""add"": [129], ""drop"": [1], ""ids"": [0, 2, 3, 129], ""kind"": ""swap"", ""round"": 0, ""tau"": 4.339014155289207e-15}, {""Q_true"": 8.26253745961548e-06, ""Qhat"": 4.895321385979447e-06, ""actual_rank"": 4, ""add"": [33], ""drop"": [2], ""ids"": [0, 3, 129, 33], ""kind"": ""swap"", ""round"": 1, ""tau"": 2.6551370455905146e-15}, {""Q_true"": 2.9705047757644877e-06, ""Qhat"": 3.151027224224476e-06, ""actual_rank"": 4, ""add"": [97], ""drop"": [129], ""ids"": [0, 3, 33, 97], ""kind"": ""swap"", ""round"": 2, ""tau"": 1.7724514106984683e-15}]","[{""Js_exact_equal"": true, ""Js_finite"": true, ""Js_max_abs_error"": 0.0, ""Js_relative_norm_error"": 0.0, ""Js_shape_equal"": true, ""new_array_exists"": true, ""new_array_sha256"": ""ec98e072146e40bdec6298d4080b7b28c76a0a0cb020909762c3274b58aa7265"", ""old_array_exists"": true, ""old_array_sha256"": ""ec98e072146e40bdec6298d4080b7b28c76a0a0cb020909762c3274b58aa7265"", ""round"": 0, ""selected_ids_equal"": true, ""step_exact_equal"": true, ""step_finite"": true, ""step_max_abs_error"": 0.0, ""step_relative_norm_error"": 0.0, ""step_shape_equal"": true}, {""Js_exact_equal"": true, ""Js_finite"": true, ""Js_max_abs_error"": 0.0, ""Js_relative_norm_error"": 0.0, ""Js_shape_equal"": true, ""new_array_exists"": true, ""new_array_sha256"": ""098277ba9a54b7748911a50484010904cced8462f0a0a954450c194db9b2cfd0"", ""old_array_exists"": true, ""old_array_sha256"": ""098277ba9a54b7748911a50484010904cced8462f0a0a954450c194db9b2cfd0"", ""round"": 1, ""selected_ids_equal"": true, ""step_exact_equal"": true, ""step_finite"": true, ""step_max_abs_error"": 0.0, ""step_relative_norm_error"": 0.0, ""step_shape_equal"": true}, {""Js_exact_equal"": true, ""Js_finite"": true, ""Js_max_abs_error"": 0.0, ""Js_relative_norm_error"": 0.0, ""Js_shape_equal"": true, ""new_array_exists"": true, ""new_array_sha256"": ""85238c9e12fcc1c1db966ccd8339926fc18ed8c099ab83f2b54711c00d81307a"", ""old_array_exists"": true, ""old_array_sha256"": ""85238c9e12fcc1c1db966ccd8339926fc18ed8c099ab83f2b54711c00d81307a"", ""round"": 2, ""selected_ids_equal"": true, ""step_exact_equal"": true, ""step_finite"": true, ""step_max_abs_error"": 0.0, ""step_relative_norm_error"": 0.0, ""step_shape_equal"": true}]",True,True,True,0.0,0.0,True,True,True,0.0,0.0,144,144,True,144,False,4.336808689942018e-19,True,NOT_SAVED_AS_DEDICATED_BASELINE_ENDPOINT,"Historical pool_hash is physical; v2 persisted adapter returns coefficient-pool hash. Exact fixture file binding, not raw hash equality, establishes reuse."
2007,late,8,/Volumes/migodam's-external-brain/Research/Inv_SLAM/Gaussian/A17/EXCHANGE_R1/results/object_2007_late,/Volumes/migodam's-external-brain/Research/Inv_SLAM/Gaussian/A17/CLOSURE_R1/remote_snapshots/primary_complete_v1/results/replay_v2/object_2007/late,91bbc252a7240d0105a583648c9658dacc8a06f644ba1baca833504ebec36854,ed4bd122ec3265137bf3662ee3cbab67c1a2b7c43a81ecf089f7bc6817656f22,False,8305891509db380224bcdc1743cb3e69c0d84cd706629afdafcf40645400448d,True,"[{""add"": [33], ""drop"": [0], ""kind"": ""swap"", ""round"": 0}, {""add"": [96], ""drop"": [1], ""kind"": ""swap"", ""round"": 1}, {""add"": [32], ""drop"": [4], ""kind"": ""swap"", ""round"": 2}]","[{""add"": [33], ""drop"": [0], ""kind"": ""swap"", ""round"": 0}, {""add"": [96], ""drop"": [1], ""kind"": ""swap"", ""round"": 1}, {""add"": [32], ""drop"": [4], ""kind"": ""swap"", ""round"": 2}]",True,"[[7, 8], [3, 15], [25, 61]]","[[7, 8], [3, 15], [25, 61]]",False,True,"[2, 3, 5, 6, 7, 33, 96, 32]","[2, 3, 5, 6, 7, 33, 96, 32]",8.422212506452619e-06,8.422212506452619e-06,3.065775223676982e-05,3.065775223676982e-05,MECHANICAL_VALUES_ONLY_NO_NEW_ARRAY_TOLERANCE,2.0328790734103208e-20,True,True,False,True,"[{""Q_true"": 1.4981559213748382e-05, ""Qhat"": 8.918809589512578e-06, ""actual_rank"": 8, ""add"": [33], ""drop"": [0], ""kind"": ""swap"", ""round"": 0, ""tau"": 2.0866894287125e-18}, {""Q_true"": 2.6996719522014656e-06, ""Qhat"": 3.946804650468855e-06, ""actual_rank"": 8, ""add"": [96], ""drop"": [1], ""kind"": ""swap"", ""round"": 1, ""tau"": 1.2350863831374028e-18}, {""Q_true"": 4.554308564367339e-06, ""Qhat"": 1.8745529137211037e-06, ""actual_rank"": 8, ""add"": [32], ""drop"": [4], ""kind"": ""swap"", ""round"": 2, ""tau"": 1.0816277995716395e-18}]","[{""Q_true"": 1.4981559213748373e-05, ""Qhat"": 8.918809589512591e-06, ""actual_rank"": 8, ""add"": [33], ""drop"": [0], ""ids"": [1, 2, 3, 4, 5, 6, 7, 33], ""kind"": ""swap"", ""round"": 0, ""tau"": 1.4985840530877113e-15}, {""Q_true"": 2.699671952201483e-06, ""Qhat"": 3.9468046504688545e-06, ""actual_rank"": 8, ""add"": [96], ""drop"": [1], ""ids"": [2, 3, 4, 5, 6, 7, 33, 96], ""kind"": ""swap"", ""round"": 1, ""tau"": 9.880740999044093e-16}, {""Q_true"": 4.5543085643673335e-06, ""Qhat"": 1.8745529137211003e-06, ""actual_rank"": 8, ""add"": [32], ""drop"": [4], ""ids"": [2, 3, 5, 6, 7, 33, 96, 32], ""kind"": ""swap"", ""round"": 2, ""tau"": 8.362446834412893e-16}]","[{""Js_exact_equal"": true, ""Js_finite"": true, ""Js_max_abs_error"": 0.0, ""Js_relative_norm_error"": 0.0, ""Js_shape_equal"": true, ""new_array_exists"": true, ""new_array_sha256"": ""c250961f394dac9a4c5c6f84c6f9125b8e95f20769a1fe6989b2748273a22749"", ""old_array_exists"": true, ""old_array_sha256"": ""c250961f394dac9a4c5c6f84c6f9125b8e95f20769a1fe6989b2748273a22749"", ""round"": 0, ""selected_ids_equal"": true, ""step_exact_equal"": true, ""step_finite"": true, ""step_max_abs_error"": 0.0, ""step_relative_norm_error"": 0.0, ""step_shape_equal"": true}, {""Js_exact_equal"": true, ""Js_finite"": true, ""Js_max_abs_error"": 0.0, ""Js_relative_norm_error"": 0.0, ""Js_shape_equal"": true, ""new_array_exists"": true, ""new_array_sha256"": ""cfad81062c4f322a05c0723179ddecc385f07b0f5017e9ef1be8419488ab1d2e"", ""old_array_exists"": true, ""old_array_sha256"": ""cfad81062c4f322a05c0723179ddecc385f07b0f5017e9ef1be8419488ab1d2e"", ""round"": 1, ""selected_ids_equal"": true, ""step_exact_equal"": true, ""step_finite"": true, ""step_max_abs_error"": 0.0, ""step_relative_norm_error"": 0.0, ""step_shape_equal"": true}, {""Js_exact_equal"": true, ""Js_finite"": true, ""Js_max_abs_error"": 0.0, ""Js_relative_norm_error"": 0.0, ""Js_shape_equal"": true, ""new_array_exists"": true, ""new_array_sha256"": ""d6412f81a7671b24e3e6a4b3b50e8dd5314393cd017721823947f587b5db0c20"", ""old_array_exists"": true, ""old_array_sha256"": ""d6412f81a7671b24e3e6a4b3b50e8dd5314393cd017721823947f587b5db0c20"", ""round"": 2, ""selected_ids_equal"": true, ""step_exact_equal"": true, ""step_finite"": true, ""step_max_abs_error"": 0.0, ""step_relative_norm_error"": 0.0, ""step_shape_equal"": true}]",True,True,True,0.0,0.0,True,True,True,0.0,0.0,288,288,True,288,False,6.098637220230962e-20,True,NOT_SAVED_AS_DEDICATED_BASELINE_ENDPOINT,"Historical pool_hash is physical; v2 persisted adapter returns coefficient-pool hash. Exact fixture file binding, not raw hash equality, establishes reuse."
2007,late,16,/Volumes/migodam's-external-brain/Research/Inv_SLAM/Gaussian/A17/EXCHANGE_R1/results/object_2007_late,/Volumes/migodam's-external-brain/Research/Inv_SLAM/Gaussian/A17/CLOSURE_R1/remote_snapshots/primary_complete_v1/results/replay_v2/object_2007/late,19f3ff7ca6bcd5dba4bda4b782691ec2eeec8de83d4d36e0ee28cdeb497caaa2,ed4bd122ec3265137bf3662ee3cbab67c1a2b7c43a81ecf089f7bc6817656f22,False,8305891509db380224bcdc1743cb3e69c0d84cd706629afdafcf40645400448d,True,"[{""add"": [96], ""drop"": [2], ""kind"": ""swap"", ""round"": 0}, {""add"": [16], ""drop"": [10], ""kind"": ""swap"", ""round"": 1}, {""add"": [64], ""drop"": [8], ""kind"": ""swap"", ""round"": 2}]","[{""add"": [96], ""drop"": [2], ""kind"": ""swap"", ""round"": 0}, {""add"": [16], ""drop"": [10], ""kind"": ""swap"", ""round"": 1}, {""add"": [64], ""drop"": [8], ""kind"": ""swap"", ""round"": 2}]",True,"[[27, 34], [114, 30], [86, 30]]","[[27, 34], [114, 30], [86, 30]]",False,True,"[0, 1, 3, 4, 5, 6, 7, 9, 11, 12, 13, 14, 15, 96, 16, 64]","[0, 1, 3, 4, 5, 6, 7, 9, 11, 12, 13, 14, 15, 96, 16, 64]",1.6202377126127614e-06,1.6202377126127614e-06,3.236227535097006e-06,3.236227535097006e-06,MECHANICAL_VALUES_ONLY_NO_NEW_ARRAY_TOLERANCE,4.573977915173222e-20,True,True,False,True,"[{""Q_true"": 1.4234606190121837e-06, ""Qhat"": 8.047585949689749e-06, ""actual_rank"": 16, ""add"": [96], ""drop"": [2], ""kind"": ""swap"", ""round"": 0, ""tau"": 8.874192326995243e-19}, {""Q_true"": 1.530465080119628e-07, ""Qhat"": 1.725715263013844e-07, ""actual_rank"": 16, ""add"": [16], ""drop"": [10], ""kind"": ""swap"", ""round"": 1, ""tau"": 8.874192326995243e-19}, {""Q_true"": 3.948269546010601e-08, ""Qhat"": 1.9118885655583775e-08, ""actual_rank"": 16, ""add"": [64], ""drop"": [8], ""kind"": ""swap"", ""round"": 2, ""tau"": 8.874192326995243e-19}]","[{""Q_true"": 1.423460619012173e-06, ""Qhat"": 8.047585949689794e-06, ""actual_rank"": 16, ""add"": [96], ""drop"": [2], ""ids"": [0, 1, 3, 4, 5, 6, 7, 8, 9, 10, 11, 12, 13, 14, 15, 96], ""kind"": ""swap"", ""round"": 0, ""tau"": 5.233499782636513e-16}, {""Q_true"": 1.5304650801196293e-07, ""Qhat"": 1.7257152630138459e-07, ""actual_rank"": 16, ""add"": [16], ""drop"": [10], ""ids"": [0, 1, 3, 4, 5, 6, 7, 8, 9, 11, 12, 13, 14, 15, 96, 16], ""kind"": ""swap"", ""round"": 1, ""tau"": 3.6051104639917337e-16}, {""Q_true"": 3.948269546010584e-08, ""Qhat"": 1.911888565558232e-08, ""actual_rank"": 16, ""add"": [64], ""drop"": [8], ""ids"": [0, 1, 3, 4, 5, 6, 7, 9, 11, 12, 13, 14, 15, 96, 16, 64], ""kind"": ""swap"", ""round"": 2, ""tau"": 3.5708112575618813e-16}]","[{""Js_exact_equal"": true, ""Js_finite"": true, ""Js_max_abs_error"": 0.0, ""Js_relative_norm_error"": 0.0, ""Js_shape_equal"": true, ""new_array_exists"": true, ""new_array_sha256"": ""55c592b0521d994ed693f04c9cdaeaf2c5b0636f7bd5696a0babbf1064c00851"", ""old_array_exists"": true, ""old_array_sha256"": ""55c592b0521d994ed693f04c9cdaeaf2c5b0636f7bd5696a0babbf1064c00851"", ""round"": 0, ""selected_ids_equal"": true, ""step_exact_equal"": true, ""step_finite"": true, ""step_max_abs_error"": 0.0, ""step_relative_norm_error"": 0.0, ""step_shape_equal"": true}, {""Js_exact_equal"": true, ""Js_finite"": true, ""Js_max_abs_error"": 0.0, ""Js_relative_norm_error"": 0.0, ""Js_shape_equal"": true, ""new_array_exists"": true, ""new_array_sha256"": ""72b6ab76dc93953ede5b6aab8a4ed4f1cc9f4a3dca3f7516f36a240d9185f248"", ""old_array_exists"": true, ""old_array_sha256"": ""72b6ab76dc93953ede5b6aab8a4ed4f1cc9f4a3dca3f7516f36a240d9185f248"", ""round"": 1, ""selected_ids_equal"": true, ""step_exact_equal"": true, ""step_finite"": true, ""step_max_abs_error"": 0.0, ""step_relative_norm_error"": 0.0, ""step_shape_equal"": true}, {""Js_exact_equal"": true, ""Js_finite"": true, ""Js_max_abs_error"": 0.0, ""Js_relative_norm_error"": 0.0, ""Js_shape_equal"": true, ""new_array_exists"": true, ""new_array_sha256"": ""cdb874d8b39dc16323103de79c21c48da4ae874d4e2610f346b1ac3838c009ce"", ""old_array_exists"": true, ""old_array_sha256"": ""cdb874d8b39dc16323103de79c21c48da4ae874d4e2610f346b1ac3838c009ce"", ""round"": 2, ""selected_ids_equal"": true, ""step_exact_equal"": true, ""step_finite"": true, ""step_max_abs_error"": 0.0, ""step_relative_norm_error"": 0.0, ""step_shape_equal"": true}]",True,True,True,0.0,0.0,True,True,True,0.0,0.0,576,576,True,576,False,6.776263578034403e-20,True,NOT_SAVED_AS_DEDICATED_BASELINE_ENDPOINT,"Historical pool_hash is physical; v2 persisted adapter returns coefficient-pool hash. Exact fixture file binding, not raw hash equality, establishes reuse."
2007,middle,4,/Volumes/migodam's-external-brain/Research/Inv_SLAM/Gaussian/A17/EXCHANGE_R1/results/object_2007_middle,/Volumes/migodam's-external-brain/Research/Inv_SLAM/Gaussian/A17/CLOSURE_R1/remote_snapshots/primary_complete_v1/results/replay_v2/object_2007/middle,dcbfd8e6772b05ac7071f791c7f5334dbe4bfac94a9cba013d1ac1b3682afe86,84d1ab6eba943e93a2397a8e85bc3c1e99a1395e063b86ab6769525d37e73b54,False,8305891509db380224bcdc1743cb3e69c0d84cd706629afdafcf40645400448d,True,"[{""add"": [4], ""drop"": [0], ""kind"": ""swap"", ""round"": 0}, {""add"": [96], ""drop"": [2], ""kind"": ""swap"", ""round"": 1}]","[{""add"": [4], ""drop"": [0], ""kind"": ""swap"", ""round"": 0}, {""add"": [96], ""drop"": [2], ""kind"": ""swap"", ""round"": 1}]",True,"[[0, 24], [15, 19], [0, 8]]","[[0, 24], [15, 19], [0, 8]]",False,True,"[1, 3, 4, 96]","[1, 3, 4, 96]",8.552266805707531e-06,8.552266805707531e-06,6.506961099199865e-05,6.506961099199865e-05,MECHANICAL_VALUES_ONLY_NO_NEW_ARRAY_TOLERANCE,2.710505431213761e-20,True,True,False,True,"[{""Q_true"": 3.748131981946227e-05, ""Qhat"": 3.740835190081239e-05, ""actual_rank"": 4, ""add"": [4], ""drop"": [0], ""kind"": ""swap"", ""round"": 0, ""tau"": 4.148257246783416e-18}, {""Q_true"": 1.9036024366828852e-05, ""Qhat"": 1.7083280575910167e-05, ""actual_rank"": 4, ""add"": [96], ""drop"": [2], ""kind"": ""swap"", ""round"": 1, ""tau"": 2.01769088482982e-18}]","[{""Q_true"": 3.748131981946217e-05, ""Qhat"": 3.740835190081236e-05, ""actual_rank"": 4, ""add"": [4], ""drop"": [0], ""ids"": [1, 2, 3, 4], ""kind"": ""swap"", ""round"": 0, ""tau"": 3.784976848161702e-15}, {""Q_true"": 1.9036024366828856e-05, ""Qhat"": 1.7083280575910147e-05, ""actual_rank"": 4, ""add"": [96], ""drop"": [2], ""ids"": [1, 3, 4, 96], ""kind"": ""swap"", ""round"": 1, ""tau"": 1.6897221232589573e-15}]","[{""Js_exact_equal"": true, ""Js_finite"": true, ""Js_max_abs_error"": 0.0, ""Js_relative_norm_error"": 0.0, ""Js_shape_equal"": true, ""new_array_exists"": true, ""new_array_sha256"": ""21d16e80ce5add5287365b7dbbcc4a03614d9421929d32cb5565a97436c1fb13"", ""old_array_exists"": true, ""old_array_sha256"": ""21d16e80ce5add5287365b7dbbcc4a03614d9421929d32cb5565a97436c1fb13"", ""round"": 0, ""selected_ids_equal"": true, ""step_exact_equal"": true, ""step_finite"": true, ""step_max_abs_error"": 0.0, ""step_relative_norm_error"": 0.0, ""step_shape_equal"": true}, {""Js_exact_equal"": true, ""Js_finite"": true, ""Js_max_abs_error"": 0.0, ""Js_relative_norm_error"": 0.0, ""Js_shape_equal"": true, ""new_array_exists"": true, ""new_array_sha256"": ""ec3120e8d36ae6b6fffc1821108103972bbb0a67f36d82426ee8eeb9a9322d3e"", ""old_array_exists"": true, ""old_array_sha256"": ""ec3120e8d36ae6b6fffc1821108103972bbb0a67f36d82426ee8eeb9a9322d3e"", ""round"": 1, ""selected_ids_equal"": true, ""step_exact_equal"": true, ""step_finite"": true, ""step_max_abs_error"": 0.0, ""step_relative_norm_error"": 0.0, ""step_shape_equal"": true}]",True,True,True,0.0,0.0,True,True,True,0.0,0.0,144,144,True,144,False,8.131516293641283e-20,True,NOT_SAVED_AS_DEDICATED_BASELINE_ENDPOINT,"Historical pool_hash is physical; v2 persisted adapter returns coefficient-pool hash. Exact fixture file binding, not raw hash equality, establishes reuse."
2007,middle,8,/Volumes/migodam's-external-brain/Research/Inv_SLAM/Gaussian/A17/EXCHANGE_R1/results/object_2007_middle,/Volumes/migodam's-external-brain/Research/Inv_SLAM/Gaussian/A17/CLOSURE_R1/remote_snapshots/primary_complete_v1/results/replay_v2/object_2007/middle,e2982376912eb5785d91c07155571482a03ab3120bb763651e72a36380d06764,84d1ab6eba943e93a2397a8e85bc3c1e99a1395e063b86ab6769525d37e73b54,False,8305891509db380224bcdc1743cb3e69c0d84cd706629afdafcf40645400448d,True,"[{""add"": [96], ""drop"": [0], ""kind"": ""swap"", ""round"": 0}, {""add"": [33], ""drop"": [2], ""kind"": ""swap"", ""round"": 1}, {""add"": [34], ""drop"": [33], ""kind"": ""swap"", ""round"": 2}]","[{""add"": [96], ""drop"": [0], ""kind"": ""swap"", ""round"": 0}, {""add"": [33], ""drop"": [2], ""kind"": ""swap"", ""round"": 1}, {""add"": [34], ""drop"": [33], ""kind"": ""swap"", ""round"": 2}]",True,"[[3, 8], [19, 26], [91, 29]]","[[3, 8], [19, 26], [91, 29]]",False,True,"[1, 3, 4, 5, 6, 7, 96, 34]","[1, 3, 4, 5, 6, 7, 96, 34]",3.519415161920574e-06,3.519415161920574e-06,1.0559067555006145e-05,1.0559067555006145e-05,MECHANICAL_VALUES_ONLY_NO_NEW_ARRAY_TOLERANCE,5.929230630780102e-21,True,True,False,True,"[{""Q_true"": 5.657865643792116e-06, ""Qhat"": 4.949682704528196e-06, ""actual_rank"": 8, ""add"": [96], ""drop"": [0], ""kind"": ""swap"", ""round"": 0, ""tau"": 1.213399455334563e-18}, {""Q_true"": 1.035803802453969e-06, ""Qhat"": 5.041613770945456e-07, ""actual_rank"": 8, ""add"": [33], ""drop"": [2], ""kind"": ""swap"", ""round"": 1, ""tau"": 1.213399455334563e-18}, {""Q_true"": 3.459829468394913e-07, ""Qhat"": -5.423376379466918e-08, ""actual_rank"": 8, ""add"": [34], ""drop"": [33], ""kind"": ""swap"", ""round"": 2, ""tau"": 1.213399455334563e-18}]","[{""Q_true"": 5.6578656437921245e-06, ""Qhat"": 4.949682704528198e-06, ""actual_rank"": 8, ""add"": [96], ""drop"": [0], ""ids"": [1, 2, 3, 4, 5, 6, 7, 96], ""kind"": ""swap"", ""round"": 0, ""tau"": 8.365185099845802e-16}, {""Q_true"": 1.0358038024539706e-06, ""Qhat"": 5.041613770945447e-07, ""actual_rank"": 8, ""add"": [33], ""drop"": [2], ""ids"": [1, 3, 4, 5, 6, 7, 96, 33], ""kind"": ""swap"", ""round"": 1, ""tau"": 6.519448623756687e-16}, {""Q_true"": 3.4598294683949274e-07, ""Qhat"": -5.423376379466918e-08, ""actual_rank"": 8, ""add"": [34], ""drop"": [33], ""ids"": [1, 3, 4, 5, 6, 7, 96, 34], ""kind"": ""swap"", ""round"": 2, ""tau"": 5.786592146932953e-16}]","[{""Js_exact_equal"": true, ""Js_finite"": true, ""Js_max_abs_error"": 0.0, ""Js_relative_norm_error"": 0.0, ""Js_shape_equal"": true, ""new_array_exists"": true, ""new_array_sha256"": ""354690c4025d8ae02be7828822696e013398294d6b9e592dcda06f813023303b"", ""old_array_exists"": true, ""old_array_sha256"": ""354690c4025d8ae02be7828822696e013398294d6b9e592dcda06f813023303b"", ""round"": 0, ""selected_ids_equal"": true, ""step_exact_equal"": true, ""step_finite"": true, ""step_max_abs_error"": 0.0, ""step_relative_norm_error"": 0.0, ""step_shape_equal"": true}, {""Js_exact_equal"": true, ""Js_finite"": true, ""Js_max_abs_error"": 0.0, ""Js_relative_norm_error"": 0.0, ""Js_shape_equal"": true, ""new_array_exists"": true, ""new_array_sha256"": ""78d6de198f54ceb545015aa92dcfad93ef63ce2d94c1c253092f4f99f568762f"", ""old_array_exists"": true, ""old_array_sha256"": ""78d6de198f54ceb545015aa92dcfad93ef63ce2d94c1c253092f4f99f568762f"", ""round"": 1, ""selected_ids_equal"": true, ""step_exact_equal"": true, ""step_finite"": true, ""step_max_abs_error"": 0.0, ""step_relative_norm_error"": 0.0, ""step_shape_equal"": true}, {""Js_exact_equal"": true, ""Js_finite"": true, ""Js_max_abs_error"": 0.0, ""Js_relative_norm_error"": 0.0, ""Js_shape_equal"": true, ""new_array_exists"": true, ""new_array_sha256"": ""621400865306b21e32913942e18725fc2c5418296c14e8e2346b79571ce42035"", ""old_array_exists"": true, ""old_array_sha256"": ""621400865306b21e32913942e18725fc2c5418296c14e8e2346b79571ce42035"", ""round"": 2, ""selected_ids_equal"": true, ""step_exact_equal"": true, ""step_finite"": true, ""step_max_abs_error"": 0.0, ""step_relative_norm_error"": 0.0, ""step_shape_equal"": true}]",True,True,True,0.0,0.0,True,True,True,0.0,0.0,288,288,True,288,False,1.0164395367051604e-20,True,NOT_SAVED_AS_DEDICATED_BASELINE_ENDPOINT,"Historical pool_hash is physical; v2 persisted adapter returns coefficient-pool hash. Exact fixture file binding, not raw hash equality, establishes reuse."
2007,middle,16,/Volumes/migodam's-external-brain/Research/Inv_SLAM/Gaussian/A17/EXCHANGE_R1/results/object_2007_middle,/Volumes/migodam's-external-brain/Research/Inv_SLAM/Gaussian/A17/CLOSURE_R1/remote_snapshots/primary_complete_v1/results/replay_v2/object_2007/middle,674efb4aaa0f9c0e8bad99eacaf87cc24affc06c90a72f74569440fefe85958b,84d1ab6eba943e93a2397a8e85bc3c1e99a1395e063b86ab6769525d37e73b54,False,8305891509db380224bcdc1743cb3e69c0d84cd706629afdafcf40645400448d,True,"[{""add"": [17], ""drop"": [0], ""kind"": ""swap"", ""round"": 0}]","[{""add"": [17], ""drop"": [0], ""kind"": ""swap"", ""round"": 0}]",True,"[[6, 0], [71, 65]]","[[6, 0], [71, 65]]",False,True,"[1, 2, 3, 4, 5, 6, 7, 8, 9, 10, 11, 12, 13, 14, 15, 17]","[1, 2, 3, 4, 5, 6, 7, 8, 9, 10, 11, 12, 13, 14, 15, 17]",7.63003926073703e-07,7.63003926073703e-07,1.6289989965491702e-06,1.6289989965491702e-06,MECHANICAL_VALUES_ONLY_NO_NEW_ARRAY_TOLERANCE,1.4823076576950256e-21,True,True,False,True,"[{""Q_true"": 8.659950704754631e-07, ""Qhat"": 8.37932550743484e-07, ""actual_rank"": 16, ""add"": [17], ""drop"": [0], ""kind"": ""swap"", ""round"": 0, ""tau"": 1.213399455334563e-18}]","[{""Q_true"": 8.659950704754638e-07, ""Qhat"": 8.379325507434839e-07, ""actual_rank"": 16, ""add"": [17], ""drop"": [0], ""ids"": [1, 2, 3, 4, 5, 6, 7, 8, 9, 10, 11, 12, 13, 14, 15, 17], ""kind"": ""swap"", ""round"": 0, ""tau"": 5.087651755001235e-16}]","[{""Js_exact_equal"": true, ""Js_finite"": true, ""Js_max_abs_error"": 0.0, ""Js_relative_norm_error"": 0.0, ""Js_shape_equal"": true, ""new_array_exists"": true, ""new_array_sha256"": ""80dfe0e589a3e2ab9e6e8082c61463124e58fc9b7795c80ab575227d9ee812f2"", ""old_array_exists"": true, ""old_array_sha256"": ""80dfe0e589a3e2ab9e6e8082c61463124e58fc9b7795c80ab575227d9ee812f2"", ""round"": 0, ""selected_ids_equal"": true, ""step_exact_equal"": true, ""step_finite"": true, ""step_max_abs_error"": 0.0, ""step_relative_norm_error"": 0.0, ""step_shape_equal"": true}]",True,True,True,0.0,0.0,True,True,True,0.0,0.0,384,384,True,384,False,5.929230630780102e-21,True,NOT_SAVED_AS_DEDICATED_BASELINE_ENDPOINT,"Historical pool_hash is physical; v2 persisted adapter returns coefficient-pool hash. Exact fixture file binding, not raw hash equality, establishes reuse."
