object_id,phase,k,state_hash,pool_hash,base_U_hash,source_directory,information_scope,fidelity_score_definition,teacher_domain_count,persisted_spectrum_subset_count,fixed12_incoming_count,teacher_best_added,scope,regime,selection_bias,metric,paired_count,excluded_null_count,tau_Q,status,kendall_tau_b,spearman,top2_overlap,top2_fraction,regret_with_no_op,score_tie_tolerance,Q_tie_tolerance,constant_score,constant_Q,top2_score_ids,top2_Q_ids,top2_score_tie_expanded_ids,top2_Q_tie_expanded_ids,top2_scope,teacher_best_subset_with_no_op,selected_move_index,selected_score,selected_Q_with_no_op,no_op_selected,tied_top_score_count,tie_regret_min,tie_regret_max,tie_range_scope,regret_scope
2007,early,4,25387349f2beb0f96d242ca9b954a62e6bfcc22e30747f954ca70f472e65a2bd,26106a1c238544d78f76de616ce9d2614f2f15120f481ce864ad6bd62b0113ef,1561fee739053967971b78a52bb8a4436dc4165692d43b1fe85fe7d9808df99a,<WORKSPACE>/Gaussian/A17/EXCHANGE_R1/results/object_2007_early_portable,FULL_SMALL_REFERENCE,"base spectral fidelity minus child spectral fidelity, same full/projected scope; no-op0",600,49,12,True,exact persisted spectrum subset only; not complete teacher domain; descriptive no inference/certificate,fixed12_per_removal,predeclared fixed bank; bounded nonrandom subset,receiver_score,48,0,7.923586935705524e-15,DESCRIPTIVE,-0.3865248226950355,-0.6447025618758141,0,0.0,0.002342194774750585,1.2614408440208465e-13,7.923586935705524e-15,False,False,"[511, 510]","[151, 150]","[511, 510]","[151, 150]",candidate-only; numerical ties broken by original move_index; expanded sets also saved,4.4504738239144165e-06,511,2.18808918733247,-0.0023377443009266704,False,1,0.002342194774750585,0.002342194774750585,descriptive ambiguity from score ties; not uncertainty interval/certificate,"one matched checkpoint, same available paired subset; scores measured relative to no-op zero"
2007,early,4,25387349f2beb0f96d242ca9b954a62e6bfcc22e30747f954ca70f472e65a2bd,26106a1c238544d78f76de616ce9d2614f2f15120f481ce864ad6bd62b0113ef,1561fee739053967971b78a52bb8a4436dc4165692d43b1fe85fe7d9808df99a,<WORKSPACE>/Gaussian/A17/EXCHANGE_R1/results/object_2007_early_portable,FULL_SMALL_REFERENCE,"base spectral fidelity minus child spectral fidelity, same full/projected scope; no-op0",600,49,12,True,exact persisted spectrum subset only; not complete teacher domain; descriptive no inference/certificate,fixed12_per_removal,predeclared fixed bank; bounded nonrandom subset,delta_logdet_volume,48,0,7.923586935705524e-15,DESCRIPTIVE,-0.17907801418439717,-0.30167173252279633,0,0.0,0.0009657259482005781,1.0410502456397408e-12,7.923586935705524e-15,False,False,"[178, 329]","[151, 150]","[178, 329]","[151, 150]",candidate-only; numerical ties broken by original move_index; expanded sets also saved,4.4504738239144165e-06,178,19.506580947977227,-0.0009612754743766638,False,1,0.0009657259482005781,0.0009657259482005781,descriptive ambiguity from score ties; not uncertainty interval/certificate,"one matched checkpoint, same available paired subset; scores measured relative to no-op zero"
2007,early,4,25387349f2beb0f96d242ca9b954a62e6bfcc22e30747f954ca70f472e65a2bd,26106a1c238544d78f76de616ce9d2614f2f15120f481ce864ad6bd62b0113ef,1561fee739053967971b78a52bb8a4436dc4165692d43b1fe85fe7d9808df99a,<WORKSPACE>/Gaussian/A17/EXCHANGE_R1/results/object_2007_early_portable,FULL_SMALL_REFERENCE,"base spectral fidelity minus child spectral fidelity, same full/projected scope; no-op0",600,49,12,True,exact persisted spectrum subset only; not complete teacher domain; descriptive no inference/certificate,fixed12_per_removal,predeclared fixed bank; bounded nonrandom subset,delta_effective_dim,48,0,7.923586935705524e-15,DESCRIPTIVE,-0.1843971631205674,-0.2899478940512375,0,0.0,0.0009657259482005781,2.3938625888356163e-13,7.923586935705524e-15,False,False,"[178, 329]","[151, 150]","[178, 329]","[151, 150]",candidate-only; numerical ties broken by original move_index; expanded sets also saved,4.4504738239144165e-06,178,5.590789305370009,-0.0009612754743766638,False,1,0.0009657259482005781,0.0009657259482005781,descriptive ambiguity from score ties; not uncertainty interval/certificate,"one matched checkpoint, same available paired subset; scores measured relative to no-op zero"
2007,early,4,25387349f2beb0f96d242ca9b954a62e6bfcc22e30747f954ca70f472e65a2bd,26106a1c238544d78f76de616ce9d2614f2f15120f481ce864ad6bd62b0113ef,1561fee739053967971b78a52bb8a4436dc4165692d43b1fe85fe7d9808df99a,<WORKSPACE>/Gaussian/A17/EXCHANGE_R1/results/object_2007_early_portable,FULL_SMALL_REFERENCE,"base spectral fidelity minus child spectral fidelity, same full/projected scope; no-op0",600,49,12,True,exact persisted spectrum subset only; not complete teacher domain; descriptive no inference/certificate,fixed12_per_removal,predeclared fixed bank; bounded nonrandom subset,Qhat,48,0,7.923586935705524e-15,DESCRIPTIVE,0.9964539007092199,0.9997828918801563,2,1.0,0.0,7.923586935705524e-15,7.923586935705524e-15,False,False,"[151, 150]","[151, 150]","[151, 150]","[151, 150]",candidate-only; numerical ties broken by original move_index; expanded sets also saved,4.4504738239144165e-06,151,9.351931275958204e-06,4.4504738239144165e-06,False,1,0.0,0.0,descriptive ambiguity from score ties; not uncertainty interval/certificate,"one matched checkpoint, same available paired subset; scores measured relative to no-op zero"
2007,early,4,25387349f2beb0f96d242ca9b954a62e6bfcc22e30747f954ca70f472e65a2bd,26106a1c238544d78f76de616ce9d2614f2f15120f481ce864ad6bd62b0113ef,1561fee739053967971b78a52bb8a4436dc4165692d43b1fe85fe7d9808df99a,<WORKSPACE>/Gaussian/A17/EXCHANGE_R1/results/object_2007_early_portable,FULL_SMALL_REFERENCE,"base spectral fidelity minus child spectral fidelity, same full/projected scope; no-op0",600,49,12,True,exact persisted spectrum subset only; not complete teacher domain; descriptive no inference/certificate,fixed12_per_removal,predeclared fixed bank; bounded nonrandom subset,information_fidelity_improvement,48,0,7.923586935705524e-15,DESCRIPTIVE,0.4929078014184398,0.662505427702996,1,0.5,9.785341160402963e-06,3.9951912650675815e-13,7.923586935705524e-15,False,False,"[150, 0]","[151, 150]","[150, 0]","[151, 150]",candidate-only; numerical ties broken by original move_index; expanded sets also saved,4.4504738239144165e-06,150,0.00015908468635583706,-5.334867336488546e-06,False,1,9.785341160402963e-06,9.785341160402963e-06,descriptive ambiguity from score ties; not uncertainty interval/certificate,"one matched checkpoint, same available paired subset; scores measured relative to no-op zero"
2007,early,4,25387349f2beb0f96d242ca9b954a62e6bfcc22e30747f954ca70f472e65a2bd,26106a1c238544d78f76de616ce9d2614f2f15120f481ce864ad6bd62b0113ef,1561fee739053967971b78a52bb8a4436dc4165692d43b1fe85fe7d9808df99a,<WORKSPACE>/Gaussian/A17/EXCHANGE_R1/results/object_2007_early_portable,FULL_SMALL_REFERENCE,"base spectral fidelity minus child spectral fidelity, same full/projected scope; no-op0",600,49,12,True,exact persisted spectrum subset only; not complete teacher domain; descriptive no inference/certificate,spectrum_plus_teacher_best,teacher-best evaluator augmentation introduces utility-selection bias,receiver_score,49,0,7.923586935705524e-15,DESCRIPTIVE,-0.39115646258503395,-0.6519387755102041,0,0.0,0.002431995097220303,1.2614408440208465e-13,7.923586935705524e-15,False,False,"[511, 510]","[7, 151]","[511, 510]","[7, 151]",candidate-only; numerical ties broken by original move_index; expanded sets also saved,9.425079629363262e-05,511,2.18808918733247,-0.0023377443009266704,False,1,0.002431995097220303,0.002431995097220303,descriptive ambiguity from score ties; not uncertainty interval/certificate,"one matched checkpoint, same available paired subset; scores measured relative to no-op zero"
2007,early,4,25387349f2beb0f96d242ca9b954a62e6bfcc22e30747f954ca70f472e65a2bd,26106a1c238544d78f76de616ce9d2614f2f15120f481ce864ad6bd62b0113ef,1561fee739053967971b78a52bb8a4436dc4165692d43b1fe85fe7d9808df99a,<WORKSPACE>/Gaussian/A17/EXCHANGE_R1/results/object_2007_early_portable,FULL_SMALL_REFERENCE,"base spectral fidelity minus child spectral fidelity, same full/projected scope; no-op0",600,49,12,True,exact persisted spectrum subset only; not complete teacher domain; descriptive no inference/certificate,spectrum_plus_teacher_best,teacher-best evaluator augmentation introduces utility-selection bias,delta_logdet_volume,49,0,7.923586935705524e-15,DESCRIPTIVE,-0.16156462585034012,-0.27897959183673465,0,0.0,0.0010555262706702963,1.0410502456397408e-12,7.923586935705524e-15,False,False,"[178, 329]","[7, 151]","[178, 329]","[7, 151]",candidate-only; numerical ties broken by original move_index; expanded sets also saved,9.425079629363262e-05,178,19.506580947977227,-0.0009612754743766638,False,1,0.0010555262706702963,0.0010555262706702963,descriptive ambiguity from score ties; not uncertainty interval/certificate,"one matched checkpoint, same available paired subset; scores measured relative to no-op zero"
2007,early,4,25387349f2beb0f96d242ca9b954a62e6bfcc22e30747f954ca70f472e65a2bd,26106a1c238544d78f76de616ce9d2614f2f15120f481ce864ad6bd62b0113ef,1561fee739053967971b78a52bb8a4436dc4165692d43b1fe85fe7d9808df99a,<WORKSPACE>/Gaussian/A17/EXCHANGE_R1/results/object_2007_early_portable,FULL_SMALL_REFERENCE,"base spectral fidelity minus child spectral fidelity, same full/projected scope; no-op0",600,49,12,True,exact persisted spectrum subset only; not complete teacher domain; descriptive no inference/certificate,spectrum_plus_teacher_best,teacher-best evaluator augmentation introduces utility-selection bias,delta_effective_dim,49,0,7.923586935705524e-15,DESCRIPTIVE,-0.16326530612244894,-0.25999999999999995,0,0.0,0.0010555262706702963,2.3938625888356163e-13,7.923586935705524e-15,False,False,"[178, 329]","[7, 151]","[178, 329]","[7, 151]",candidate-only; numerical ties broken by original move_index; expanded sets also saved,9.425079629363262e-05,178,5.590789305370009,-0.0009612754743766638,False,1,0.0010555262706702963,0.0010555262706702963,descriptive ambiguity from score ties; not uncertainty interval/certificate,"one matched checkpoint, same available paired subset; scores measured relative to no-op zero"
2007,early,4,25387349f2beb0f96d242ca9b954a62e6bfcc22e30747f954ca70f472e65a2bd,26106a1c238544d78f76de616ce9d2614f2f15120f481ce864ad6bd62b0113ef,1561fee739053967971b78a52bb8a4436dc4165692d43b1fe85fe7d9808df99a,<WORKSPACE>/Gaussian/A17/EXCHANGE_R1/results/object_2007_early_portable,FULL_SMALL_REFERENCE,"base spectral fidelity minus child spectral fidelity, same full/projected scope; no-op0",600,49,12,True,exact persisted spectrum subset only; not complete teacher domain; descriptive no inference/certificate,spectrum_plus_teacher_best,teacher-best evaluator augmentation introduces utility-selection bias,Qhat,49,0,7.923586935705524e-15,DESCRIPTIVE,0.9965986394557822,0.9997959183673468,2,1.0,0.0,7.923586935705524e-15,7.923586935705524e-15,False,False,"[7, 151]","[7, 151]","[7, 151]","[7, 151]",candidate-only; numerical ties broken by original move_index; expanded sets also saved,9.425079629363262e-05,7,9.76639139200222e-05,9.425079629363262e-05,False,1,0.0,0.0,descriptive ambiguity from score ties; not uncertainty interval/certificate,"one matched checkpoint, same available paired subset; scores measured relative to no-op zero"
2007,early,4,25387349f2beb0f96d242ca9b954a62e6bfcc22e30747f954ca70f472e65a2bd,26106a1c238544d78f76de616ce9d2614f2f15120f481ce864ad6bd62b0113ef,1561fee739053967971b78a52bb8a4436dc4165692d43b1fe85fe7d9808df99a,<WORKSPACE>/Gaussian/A17/EXCHANGE_R1/results/object_2007_early_portable,FULL_SMALL_REFERENCE,"base spectral fidelity minus child spectral fidelity, same full/projected scope; no-op0",600,49,12,True,exact persisted spectrum subset only; not complete teacher domain; descriptive no inference/certificate,spectrum_plus_teacher_best,teacher-best evaluator augmentation introduces utility-selection bias,information_fidelity_improvement,49,0,7.923586935705524e-15,DESCRIPTIVE,0.5085034013605442,0.6810204081632651,0,0.0,9.958566363012117e-05,3.9951912650675815e-13,7.923586935705524e-15,False,False,"[150, 0]","[7, 151]","[150, 0]","[7, 151]",candidate-only; numerical ties broken by original move_index; expanded sets also saved,9.425079629363262e-05,150,0.00015908468635583706,-5.334867336488546e-06,False,1,9.958566363012117e-05,9.958566363012117e-05,descriptive ambiguity from score ties; not uncertainty interval/certificate,"one matched checkpoint, same available paired subset; scores measured relative to no-op zero"
2007,early,8,25387349f2beb0f96d242ca9b954a62e6bfcc22e30747f954ca70f472e65a2bd,26106a1c238544d78f76de616ce9d2614f2f15120f481ce864ad6bd62b0113ef,333fb9e7603c41b6fed94107949146c14a78990ca48b210c28f2554a993b3f89,<WORKSPACE>/Gaussian/A17/EXCHANGE_R1/results/object_2007_early_portable,FULL_SMALL_REFERENCE,"base spectral fidelity minus child spectral fidelity, same full/projected scope; no-op0",1168,97,12,True,exact persisted spectrum subset only; not complete teacher domain; descriptive no inference/certificate,fixed12_per_removal,predeclared fixed bank; bounded nonrandom subset,receiver_score,96,0,7.923586935705524e-15,DESCRIPTIVE,0.030701754385964904,-0.0061584373304395005,0,0.0,6.52039288646236e-05,1.2614408440208465e-13,7.923586935705524e-15,False,False,"[1079, 933]","[1078, 494]","[1079, 933]","[1078, 494]",candidate-only; numerical ties broken by original move_index; expanded sets also saved,1.5241863002730068e-05,1079,2.9756510919735777,-4.996206586189353e-05,False,1,6.52039288646236e-05,6.52039288646236e-05,descriptive ambiguity from score ties; not uncertainty interval/certificate,"one matched checkpoint, same available paired subset; scores measured relative to no-op zero"
2007,early,8,25387349f2beb0f96d242ca9b954a62e6bfcc22e30747f954ca70f472e65a2bd,26106a1c238544d78f76de616ce9d2614f2f15120f481ce864ad6bd62b0113ef,333fb9e7603c41b6fed94107949146c14a78990ca48b210c28f2554a993b3f89,<WORKSPACE>/Gaussian/A17/EXCHANGE_R1/results/object_2007_early_portable,FULL_SMALL_REFERENCE,"base spectral fidelity minus child spectral fidelity, same full/projected scope; no-op0",1168,97,12,True,exact persisted spectrum subset only; not complete teacher domain; descriptive no inference/certificate,fixed12_per_removal,predeclared fixed bank; bounded nonrandom subset,delta_logdet_volume,96,0,7.923586935705524e-15,DESCRIPTIVE,-0.3732456140350876,-0.5500271296798698,0,0.0,0.0007115072738253117,4.0823195808105666e-13,7.923586935705524e-15,False,False,"[170, 25]","[1078, 494]","[170, 25]","[1078, 494]",candidate-only; numerical ties broken by original move_index; expanded sets also saved,1.5241863002730068e-05,170,14.363385111676365,-0.0006962654108225816,False,1,0.0007115072738253117,0.0007115072738253117,descriptive ambiguity from score ties; not uncertainty interval/certificate,"one matched checkpoint, same available paired subset; scores measured relative to no-op zero"
2007,early,8,25387349f2beb0f96d242ca9b954a62e6bfcc22e30747f954ca70f472e65a2bd,26106a1c238544d78f76de616ce9d2614f2f15120f481ce864ad6bd62b0113ef,333fb9e7603c41b6fed94107949146c14a78990ca48b210c28f2554a993b3f89,<WORKSPACE>/Gaussian/A17/EXCHANGE_R1/results/object_2007_early_portable,FULL_SMALL_REFERENCE,"base spectral fidelity minus child spectral fidelity, same full/projected scope; no-op0",1168,97,12,True,exact persisted spectrum subset only; not complete teacher domain; descriptive no inference/certificate,fixed12_per_removal,predeclared fixed bank; bounded nonrandom subset,delta_effective_dim,96,0,7.923586935705524e-15,DESCRIPTIVE,-0.30307017543859643,-0.440368963646229,0,0.0,0.006469217492793684,6.292802723293396e-14,7.923586935705524e-15,False,False,"[317, 170]","[1078, 494]","[317, 170]","[1078, 494]",candidate-only; numerical ties broken by original move_index; expanded sets also saved,1.5241863002730068e-05,317,2.2140831249797017,-0.006453975629790954,False,1,0.006469217492793684,0.006469217492793684,descriptive ambiguity from score ties; not uncertainty interval/certificate,"one matched checkpoint, same available paired subset; scores measured relative to no-op zero"
2007,early,8,25387349f2beb0f96d242ca9b954a62e6bfcc22e30747f954ca70f472e65a2bd,26106a1c238544d78f76de616ce9d2614f2f15120f481ce864ad6bd62b0113ef,333fb9e7603c41b6fed94107949146c14a78990ca48b210c28f2554a993b3f89,<WORKSPACE>/Gaussian/A17/EXCHANGE_R1/results/object_2007_early_portable,FULL_SMALL_REFERENCE,"base spectral fidelity minus child spectral fidelity, same full/projected scope; no-op0",1168,97,12,True,exact persisted spectrum subset only; not complete teacher domain; descriptive no inference/certificate,fixed12_per_removal,predeclared fixed bank; bounded nonrandom subset,Qhat,96,0,7.923586935705524e-15,DESCRIPTIVE,0.9723684210526314,0.9958491589799241,2,1.0,6.382289390309558e-07,7.923586935705524e-15,7.923586935705524e-15,False,False,"[494, 1078]","[1078, 494]","[494, 1078]","[1078, 494]",candidate-only; numerical ties broken by original move_index; expanded sets also saved,1.5241863002730068e-05,494,1.580717946276828e-05,1.4603634063699112e-05,False,1,6.382289390309558e-07,6.382289390309558e-07,descriptive ambiguity from score ties; not uncertainty interval/certificate,"one matched checkpoint, same available paired subset; scores measured relative to no-op zero"
2007,early,8,25387349f2beb0f96d242ca9b954a62e6bfcc22e30747f954ca70f472e65a2bd,26106a1c238544d78f76de616ce9d2614f2f15120f481ce864ad6bd62b0113ef,333fb9e7603c41b6fed94107949146c14a78990ca48b210c28f2554a993b3f89,<WORKSPACE>/Gaussian/A17/EXCHANGE_R1/results/object_2007_early_portable,FULL_SMALL_REFERENCE,"base spectral fidelity minus child spectral fidelity, same full/projected scope; no-op0",1168,97,12,True,exact persisted spectrum subset only; not complete teacher domain; descriptive no inference/certificate,fixed12_per_removal,predeclared fixed bank; bounded nonrandom subset,information_fidelity_improvement,96,0,7.923586935705524e-15,DESCRIPTIVE,0.15789473684210523,0.24622897449810094,0,0.0,1.6941574773968837e-05,4.0417040595577403e-13,7.923586935705524e-15,False,False,"[438, 876]","[1078, 494]","[438, 876]","[1078, 494]",candidate-only; numerical ties broken by original move_index; expanded sets also saved,1.5241863002730068e-05,438,0.005720886308585693,-1.6997117712387687e-06,False,1,1.6941574773968837e-05,1.6941574773968837e-05,descriptive ambiguity from score ties; not uncertainty interval/certificate,"one matched checkpoint, same available paired subset; scores measured relative to no-op zero"
2007,early,8,25387349f2beb0f96d242ca9b954a62e6bfcc22e30747f954ca70f472e65a2bd,26106a1c238544d78f76de616ce9d2614f2f15120f481ce864ad6bd62b0113ef,333fb9e7603c41b6fed94107949146c14a78990ca48b210c28f2554a993b3f89,<WORKSPACE>/Gaussian/A17/EXCHANGE_R1/results/object_2007_early_portable,FULL_SMALL_REFERENCE,"base spectral fidelity minus child spectral fidelity, same full/projected scope; no-op0",1168,97,12,True,exact persisted spectrum subset only; not complete teacher domain; descriptive no inference/certificate,spectrum_plus_teacher_best,teacher-best evaluator augmentation introduces utility-selection bias,receiver_score,97,0,7.923586935705524e-15,DESCRIPTIVE,0.014604810996563576,-0.027969177361666313,0,0.0,0.00013360017307298424,1.2614408440208465e-13,7.923586935705524e-15,False,False,"[1079, 933]","[295, 1078]","[1079, 933]","[295, 1078]",candidate-only; numerical ties broken by original move_index; expanded sets also saved,8.363810721109071e-05,1079,2.9756510919735777,-4.996206586189353e-05,False,1,0.00013360017307298424,0.00013360017307298424,descriptive ambiguity from score ties; not uncertainty interval/certificate,"one matched checkpoint, same available paired subset; scores measured relative to no-op zero"
2007,early,8,25387349f2beb0f96d242ca9b954a62e6bfcc22e30747f954ca70f472e65a2bd,26106a1c238544d78f76de616ce9d2614f2f15120f481ce864ad6bd62b0113ef,333fb9e7603c41b6fed94107949146c14a78990ca48b210c28f2554a993b3f89,<WORKSPACE>/Gaussian/A17/EXCHANGE_R1/results/object_2007_early_portable,FULL_SMALL_REFERENCE,"base spectral fidelity minus child spectral fidelity, same full/projected scope; no-op0",1168,97,12,True,exact persisted spectrum subset only; not complete teacher domain; descriptive no inference/certificate,spectrum_plus_teacher_best,teacher-best evaluator augmentation introduces utility-selection bias,delta_logdet_volume,97,0,7.923586935705524e-15,DESCRIPTIVE,-0.3530927835051547,-0.5232879234167893,0,0.0,0.0007799035180336724,4.0823195808105666e-13,7.923586935705524e-15,False,False,"[170, 25]","[295, 1078]","[170, 25]","[295, 1078]",candidate-only; numerical ties broken by original move_index; expanded sets also saved,8.363810721109071e-05,170,14.363385111676365,-0.0006962654108225816,False,1,0.0007799035180336724,0.0007799035180336724,descriptive ambiguity from score ties; not uncertainty interval/certificate,"one matched checkpoint, same available paired subset; scores measured relative to no-op zero"
2007,early,8,25387349f2beb0f96d242ca9b954a62e6bfcc22e30747f954ca70f472e65a2bd,26106a1c238544d78f76de616ce9d2614f2f15120f481ce864ad6bd62b0113ef,333fb9e7603c41b6fed94107949146c14a78990ca48b210c28f2554a993b3f89,<WORKSPACE>/Gaussian/A17/EXCHANGE_R1/results/object_2007_early_portable,FULL_SMALL_REFERENCE,"base spectral fidelity minus child spectral fidelity, same full/projected scope; no-op0",1168,97,12,True,exact persisted spectrum subset only; not complete teacher domain; descriptive no inference/certificate,spectrum_plus_teacher_best,teacher-best evaluator augmentation introduces utility-selection bias,delta_effective_dim,97,0,7.923586935705524e-15,DESCRIPTIVE,-0.2976804123711341,-0.43535661687355354,0,0.0,0.006537613737002044,6.292802723293396e-14,7.923586935705524e-15,False,False,"[317, 170]","[295, 1078]","[317, 170]","[295, 1078]",candidate-only; numerical ties broken by original move_index; expanded sets also saved,8.363810721109071e-05,317,2.2140831249797017,-0.006453975629790954,False,1,0.006537613737002044,0.006537613737002044,descriptive ambiguity from score ties; not uncertainty interval/certificate,"one matched checkpoint, same available paired subset; scores measured relative to no-op zero"
2007,early,8,25387349f2beb0f96d242ca9b954a62e6bfcc22e30747f954ca70f472e65a2bd,26106a1c238544d78f76de616ce9d2614f2f15120f481ce864ad6bd62b0113ef,333fb9e7603c41b6fed94107949146c14a78990ca48b210c28f2554a993b3f89,<WORKSPACE>/Gaussian/A17/EXCHANGE_R1/results/object_2007_early_portable,FULL_SMALL_REFERENCE,"base spectral fidelity minus child spectral fidelity, same full/projected scope; no-op0",1168,97,12,True,exact persisted spectrum subset only; not complete teacher domain; descriptive no inference/certificate,spectrum_plus_teacher_best,teacher-best evaluator augmentation introduces utility-selection bias,Qhat,97,0,7.923586935705524e-15,DESCRIPTIVE,0.972938144329897,0.995976225541763,1,0.5,0.0,7.923586935705524e-15,7.923586935705524e-15,False,False,"[295, 494]","[295, 1078]","[295, 494]","[295, 1078]",candidate-only; numerical ties broken by original move_index; expanded sets also saved,8.363810721109071e-05,295,8.38526273621471e-05,8.363810721109071e-05,False,1,0.0,0.0,descriptive ambiguity from score ties; not uncertainty interval/certificate,"one matched checkpoint, same available paired subset; scores measured relative to no-op zero"
2007,early,8,25387349f2beb0f96d242ca9b954a62e6bfcc22e30747f954ca70f472e65a2bd,26106a1c238544d78f76de616ce9d2614f2f15120f481ce864ad6bd62b0113ef,333fb9e7603c41b6fed94107949146c14a78990ca48b210c28f2554a993b3f89,<WORKSPACE>/Gaussian/A17/EXCHANGE_R1/results/object_2007_early_portable,FULL_SMALL_REFERENCE,"base spectral fidelity minus child spectral fidelity, same full/projected scope; no-op0",1168,97,12,True,exact persisted spectrum subset only; not complete teacher domain; descriptive no inference/certificate,spectrum_plus_teacher_best,teacher-best evaluator augmentation introduces utility-selection bias,information_fidelity_improvement,97,0,7.923586935705524e-15,DESCRIPTIVE,0.1752577319587629,0.26930359772775087,1,0.5,0.0,4.0417040595577403e-13,7.923586935705524e-15,False,False,"[295, 438]","[295, 1078]","[295, 438]","[295, 1078]",candidate-only; numerical ties broken by original move_index; expanded sets also saved,8.363810721109071e-05,295,0.009937644491765596,8.363810721109071e-05,False,1,0.0,0.0,descriptive ambiguity from score ties; not uncertainty interval/certificate,"one matched checkpoint, same available paired subset; scores measured relative to no-op zero"
2007,early,16,25387349f2beb0f96d242ca9b954a62e6bfcc22e30747f954ca70f472e65a2bd,26106a1c238544d78f76de616ce9d2614f2f15120f481ce864ad6bd62b0113ef,8008d587e0fa868b62eea6aab9a2533b0affd0f6bff154b1bb10f90481085e36,<WORKSPACE>/Gaussian/A17/EXCHANGE_R1/results/object_2007_early_portable,FULL_SMALL_REFERENCE,"base spectral fidelity minus child spectral fidelity, same full/projected scope; no-op0",2208,193,12,True,exact persisted spectrum subset only; not complete teacher domain; descriptive no inference/certificate,fixed12_per_removal,predeclared fixed bank; bounded nonrandom subset,receiver_score,192,0,7.923586935705524e-15,DESCRIPTIVE,0.15630453752181503,0.23167878360415595,0,0.0,7.764958912407837e-06,1.2614408440208465e-13,7.923586935705524e-15,False,False,"[2119, 1981]","[277, 276]","[2119, 1981]","[277, 276]",candidate-only; numerical ties broken by original move_index; expanded sets also saved,7.973100990753737e-06,2119,3.9184669878853913,2.081420783458996e-07,False,1,7.764958912407837e-06,7.764958912407837e-06,descriptive ambiguity from score ties; not uncertainty interval/certificate,"one matched checkpoint, same available paired subset; scores measured relative to no-op zero"
2007,early,16,25387349f2beb0f96d242ca9b954a62e6bfcc22e30747f954ca70f472e65a2bd,26106a1c238544d78f76de616ce9d2614f2f15120f481ce864ad6bd62b0113ef,8008d587e0fa868b62eea6aab9a2533b0affd0f6bff154b1bb10f90481085e36,<WORKSPACE>/Gaussian/A17/EXCHANGE_R1/results/object_2007_early_portable,FULL_SMALL_REFERENCE,"base spectral fidelity minus child spectral fidelity, same full/projected scope; no-op0",2208,193,12,True,exact persisted spectrum subset only; not complete teacher domain; descriptive no inference/certificate,fixed12_per_removal,predeclared fixed bank; bounded nonrandom subset,delta_logdet_volume,192,0,7.923586935705524e-15,DESCRIPTIVE,-0.3242801047120419,-0.44310012749911837,0,0.0,0.000852687075015888,3.6828389053861925e-13,7.923586935705524e-15,False,False,"[17, 293]","[277, 276]","[17, 293]","[277, 276]",candidate-only; numerical ties broken by original move_index; expanded sets also saved,7.973100990753737e-06,17,12.957837439033455,-0.0008447139740251343,False,1,0.000852687075015888,0.000852687075015888,descriptive ambiguity from score ties; not uncertainty interval/certificate,"one matched checkpoint, same available paired subset; scores measured relative to no-op zero"
2007,early,16,25387349f2beb0f96d242ca9b954a62e6bfcc22e30747f954ca70f472e65a2bd,26106a1c238544d78f76de616ce9d2614f2f15120f481ce864ad6bd62b0113ef,8008d587e0fa868b62eea6aab9a2533b0affd0f6bff154b1bb10f90481085e36,<WORKSPACE>/Gaussian/A17/EXCHANGE_R1/results/object_2007_early_portable,FULL_SMALL_REFERENCE,"base spectral fidelity minus child spectral fidelity, same full/projected scope; no-op0",2208,193,12,True,exact persisted spectrum subset only; not complete teacher domain; descriptive no inference/certificate,fixed12_per_removal,predeclared fixed bank; bounded nonrandom subset,delta_effective_dim,192,0,7.923586935705524e-15,DESCRIPTIVE,-0.16961169284467714,-0.21812182947671108,0,0.0,0.000852687075015888,4.7153595028247805e-14,7.923586935705524e-15,False,False,"[17, 293]","[277, 276]","[17, 293]","[277, 276]",candidate-only; numerical ties broken by original move_index; expanded sets also saved,7.973100990753737e-06,17,1.6590696327999694,-0.0008447139740251343,False,1,0.000852687075015888,0.000852687075015888,descriptive ambiguity from score ties; not uncertainty interval/certificate,"one matched checkpoint, same available paired subset; scores measured relative to no-op zero"
2007,early,16,25387349f2beb0f96d242ca9b954a62e6bfcc22e30747f954ca70f472e65a2bd,26106a1c238544d78f76de616ce9d2614f2f15120f481ce864ad6bd62b0113ef,8008d587e0fa868b62eea6aab9a2533b0affd0f6bff154b1bb10f90481085e36,<WORKSPACE>/Gaussian/A17/EXCHANGE_R1/results/object_2007_early_portable,FULL_SMALL_REFERENCE,"base spectral fidelity minus child spectral fidelity, same full/projected scope; no-op0",2208,193,12,True,exact persisted spectrum subset only; not complete teacher domain; descriptive no inference/certificate,fixed12_per_removal,predeclared fixed bank; bounded nonrandom subset,Qhat,192,0,7.923586935705524e-15,DESCRIPTIVE,0.9195026178010471,0.981610964924179,0,0.0,6.077842461672248e-07,7.923586935705524e-15,7.923586935705524e-15,False,False,"[1014, 1152]","[277, 276]","[1014, 1152]","[277, 276]",candidate-only; numerical ties broken by original move_index; expanded sets also saved,7.973100990753737e-06,1014,7.0343210886959434e-06,7.365316744586512e-06,False,1,6.077842461672248e-07,6.077842461672248e-07,descriptive ambiguity from score ties; not uncertainty interval/certificate,"one matched checkpoint, same available paired subset; scores measured relative to no-op zero"
2007,early,16,25387349f2beb0f96d242ca9b954a62e6bfcc22e30747f954ca70f472e65a2bd,26106a1c238544d78f76de616ce9d2614f2f15120f481ce864ad6bd62b0113ef,8008d587e0fa868b62eea6aab9a2533b0affd0f6bff154b1bb10f90481085e36,<WORKSPACE>/Gaussian/A17/EXCHANGE_R1/results/object_2007_early_portable,FULL_SMALL_REFERENCE,"base spectral fidelity minus child spectral fidelity, same full/projected scope; no-op0",2208,193,12,True,exact persisted spectrum subset only; not complete teacher domain; descriptive no inference/certificate,fixed12_per_removal,predeclared fixed bank; bounded nonrandom subset,information_fidelity_improvement,192,0,7.923586935705524e-15,DESCRIPTIVE,0.09402268760907505,0.14734455958549225,0,0.0,0.0006748531642348914,4.0817958209070666e-13,7.923586935705524e-15,False,False,"[292, 16]","[277, 276]","[292, 16]","[277, 276]",candidate-only; numerical ties broken by original move_index; expanded sets also saved,7.973100990753737e-06,292,0.03048995598595694,-0.0006668800632441377,False,1,0.0006748531642348914,0.0006748531642348914,descriptive ambiguity from score ties; not uncertainty interval/certificate,"one matched checkpoint, same available paired subset; scores measured relative to no-op zero"
2007,early,16,25387349f2beb0f96d242ca9b954a62e6bfcc22e30747f954ca70f472e65a2bd,26106a1c238544d78f76de616ce9d2614f2f15120f481ce864ad6bd62b0113ef,8008d587e0fa868b62eea6aab9a2533b0affd0f6bff154b1bb10f90481085e36,<WORKSPACE>/Gaussian/A17/EXCHANGE_R1/results/object_2007_early_portable,FULL_SMALL_REFERENCE,"base spectral fidelity minus child spectral fidelity, same full/projected scope; no-op0",2208,193,12,True,exact persisted spectrum subset only; not complete teacher domain; descriptive no inference/certificate,spectrum_plus_teacher_best,teacher-best evaluator augmentation introduces utility-selection bias,receiver_score,193,0,7.923586935705524e-15,DESCRIPTIVE,0.1457253886010363,0.21473044976229902,0,0.0,8.557699187566229e-06,1.2614408440208465e-13,7.923586935705524e-15,False,False,"[2119, 1981]","[281, 277]","[2119, 1981]","[281, 277]",candidate-only; numerical ties broken by original move_index; expanded sets also saved,8.765841265912128e-06,2119,3.9184669878853913,2.081420783458996e-07,False,1,8.557699187566229e-06,8.557699187566229e-06,descriptive ambiguity from score ties; not uncertainty interval/certificate,"one matched checkpoint, same available paired subset; scores measured relative to no-op zero"
2007,early,16,25387349f2beb0f96d242ca9b954a62e6bfcc22e30747f954ca70f472e65a2bd,26106a1c238544d78f76de616ce9d2614f2f15120f481ce864ad6bd62b0113ef,8008d587e0fa868b62eea6aab9a2533b0affd0f6bff154b1bb10f90481085e36,<WORKSPACE>/Gaussian/A17/EXCHANGE_R1/results/object_2007_early_portable,FULL_SMALL_REFERENCE,"base spectral fidelity minus child spectral fidelity, same full/projected scope; no-op0",2208,193,12,True,exact persisted spectrum subset only; not complete teacher domain; descriptive no inference/certificate,spectrum_plus_teacher_best,teacher-best evaluator augmentation introduces utility-selection bias,delta_logdet_volume,193,0,7.923586935705524e-15,DESCRIPTIVE,-0.31509067357512954,-0.43099827733561236,0,0.0,0.0008534798152910465,3.6828389053861925e-13,7.923586935705524e-15,False,False,"[17, 293]","[281, 277]","[17, 293]","[281, 277]",candidate-only; numerical ties broken by original move_index; expanded sets also saved,8.765841265912128e-06,17,12.957837439033455,-0.0008447139740251343,False,1,0.0008534798152910465,0.0008534798152910465,descriptive ambiguity from score ties; not uncertainty interval/certificate,"one matched checkpoint, same available paired subset; scores measured relative to no-op zero"
2007,early,16,25387349f2beb0f96d242ca9b954a62e6bfcc22e30747f954ca70f472e65a2bd,26106a1c238544d78f76de616ce9d2614f2f15120f481ce864ad6bd62b0113ef,8008d587e0fa868b62eea6aab9a2533b0affd0f6bff154b1bb10f90481085e36,<WORKSPACE>/Gaussian/A17/EXCHANGE_R1/results/object_2007_early_portable,FULL_SMALL_REFERENCE,"base spectral fidelity minus child spectral fidelity, same full/projected scope; no-op0",2208,193,12,True,exact persisted spectrum subset only; not complete teacher domain; descriptive no inference/certificate,spectrum_plus_teacher_best,teacher-best evaluator augmentation introduces utility-selection bias,delta_effective_dim,193,0,7.923586935705524e-15,DESCRIPTIVE,-0.16655872193436963,-0.21461360237166813,0,0.0,0.0008534798152910465,4.7153595028247805e-14,7.923586935705524e-15,False,False,"[17, 293]","[281, 277]","[17, 293]","[281, 277]",candidate-only; numerical ties broken by original move_index; expanded sets also saved,8.765841265912128e-06,17,1.6590696327999694,-0.0008447139740251343,False,1,0.0008534798152910465,0.0008534798152910465,descriptive ambiguity from score ties; not uncertainty interval/certificate,"one matched checkpoint, same available paired subset; scores measured relative to no-op zero"
2007,early,16,25387349f2beb0f96d242ca9b954a62e6bfcc22e30747f954ca70f472e65a2bd,26106a1c238544d78f76de616ce9d2614f2f15120f481ce864ad6bd62b0113ef,8008d587e0fa868b62eea6aab9a2533b0affd0f6bff154b1bb10f90481085e36,<WORKSPACE>/Gaussian/A17/EXCHANGE_R1/results/object_2007_early_portable,FULL_SMALL_REFERENCE,"base spectral fidelity minus child spectral fidelity, same full/projected scope; no-op0",2208,193,12,True,exact persisted spectrum subset only; not complete teacher domain; descriptive no inference/certificate,spectrum_plus_teacher_best,teacher-best evaluator augmentation introduces utility-selection bias,Qhat,193,0,7.923586935705524e-15,DESCRIPTIVE,0.9203367875647669,0.9818953314459696,1,0.5,0.0,7.923586935705524e-15,7.923586935705524e-15,False,False,"[281, 1014]","[281, 277]","[281, 1014]","[281, 277]",candidate-only; numerical ties broken by original move_index; expanded sets also saved,8.765841265912128e-06,281,8.23785731444854e-06,8.765841265912128e-06,False,1,0.0,0.0,descriptive ambiguity from score ties; not uncertainty interval/certificate,"one matched checkpoint, same available paired subset; scores measured relative to no-op zero"
2007,early,16,25387349f2beb0f96d242ca9b954a62e6bfcc22e30747f954ca70f472e65a2bd,26106a1c238544d78f76de616ce9d2614f2f15120f481ce864ad6bd62b0113ef,8008d587e0fa868b62eea6aab9a2533b0affd0f6bff154b1bb10f90481085e36,<WORKSPACE>/Gaussian/A17/EXCHANGE_R1/results/object_2007_early_portable,FULL_SMALL_REFERENCE,"base spectral fidelity minus child spectral fidelity, same full/projected scope; no-op0",2208,193,12,True,exact persisted spectrum subset only; not complete teacher domain; descriptive no inference/certificate,spectrum_plus_teacher_best,teacher-best evaluator augmentation introduces utility-selection bias,information_fidelity_improvement,193,0,7.923586935705524e-15,DESCRIPTIVE,0.10168393782383421,0.1576738689172587,0,0.0,0.0006756459045100499,4.0817958209070666e-13,7.923586935705524e-15,False,False,"[292, 16]","[281, 277]","[292, 16]","[281, 277]",candidate-only; numerical ties broken by original move_index; expanded sets also saved,8.765841265912128e-06,292,0.03048995598595694,-0.0006668800632441377,False,1,0.0006756459045100499,0.0006756459045100499,descriptive ambiguity from score ties; not uncertainty interval/certificate,"one matched checkpoint, same available paired subset; scores measured relative to no-op zero"
2007,late,4,8b6ae019adc6227a1c90d1bb327c514b1a79631e0803834efb187b2f9b415f24,87b802fa63668f337f8ab5563faed5907a2fbbc8afe91916d542368a05106d7c,c6f5cee7dbac2d6ee520db5ba6df6f5fbedd421a0163292afdb6e07d3b6b1d65,<WORKSPACE>/Gaussian/A17/EXCHANGE_R1/results/object_2007_late,FULL_SMALL_REFERENCE,"base spectral fidelity minus child spectral fidelity, same full/projected scope; no-op0",600,49,12,True,exact persisted spectrum subset only; not complete teacher domain; descriptive no inference/certificate,fixed12_per_removal,predeclared fixed bank; bounded nonrandom subset,receiver_score,48,0,8.874192326995243e-19,DESCRIPTIVE,-0.20567375886524825,-0.3160008684324794,0,0.0,7.502969047763048e-05,1.2615179978925527e-13,8.874192326995243e-19,False,False,"[542, 511]","[275, 274]","[542, 511]","[275, 274]",candidate-only; numerical ties broken by original move_index; expanded sets also saved,1.7459370044029595e-05,542,2.2701655935588545,-5.7570320433600883e-05,False,1,7.502969047763048e-05,7.502969047763048e-05,descriptive ambiguity from score ties; not uncertainty interval/certificate,"one matched checkpoint, same available paired subset; scores measured relative to no-op zero"
2007,late,4,8b6ae019adc6227a1c90d1bb327c514b1a79631e0803834efb187b2f9b415f24,87b802fa63668f337f8ab5563faed5907a2fbbc8afe91916d542368a05106d7c,c6f5cee7dbac2d6ee520db5ba6df6f5fbedd421a0163292afdb6e07d3b6b1d65,<WORKSPACE>/Gaussian/A17/EXCHANGE_R1/results/object_2007_late,FULL_SMALL_REFERENCE,"base spectral fidelity minus child spectral fidelity, same full/projected scope; no-op0",600,49,12,True,exact persisted spectrum subset only; not complete teacher domain; descriptive no inference/certificate,fixed12_per_removal,predeclared fixed bank; bounded nonrandom subset,delta_logdet_volume,48,0,8.874192326995243e-19,DESCRIPTIVE,0.3297872340425532,0.47503256621797657,0,0.0,5.633895549134272e-07,1.1047289320633422e-12,8.874192326995243e-19,False,False,"[243, 29]","[275, 274]","[243, 29]","[275, 274]",candidate-only; numerical ties broken by original move_index; expanded sets also saved,1.7459370044029595e-05,243,19.323118387605575,1.6895980489116168e-05,False,1,5.633895549134272e-07,5.633895549134272e-07,descriptive ambiguity from score ties; not uncertainty interval/certificate,"one matched checkpoint, same available paired subset; scores measured relative to no-op zero"
2007,late,4,8b6ae019adc6227a1c90d1bb327c514b1a79631e0803834efb187b2f9b415f24,87b802fa63668f337f8ab5563faed5907a2fbbc8afe91916d542368a05106d7c,c6f5cee7dbac2d6ee520db5ba6df6f5fbedd421a0163292afdb6e07d3b6b1d65,<WORKSPACE>/Gaussian/A17/EXCHANGE_R1/results/object_2007_late,FULL_SMALL_REFERENCE,"base spectral fidelity minus child spectral fidelity, same full/projected scope; no-op0",600,49,12,True,exact persisted spectrum subset only; not complete teacher domain; descriptive no inference/certificate,fixed12_per_removal,predeclared fixed bank; bounded nonrandom subset,delta_effective_dim,48,0,8.874192326995243e-19,DESCRIPTIVE,0.2393617021276596,0.3405340859748155,0,0.0,8.429686956029441e-05,2.5529942207701837e-13,8.874192326995243e-19,False,False,"[29, 93]","[275, 274]","[29, 93]","[275, 274]",candidate-only; numerical ties broken by original move_index; expanded sets also saved,1.7459370044029595e-05,29,5.551227521851509,-6.683749951626482e-05,False,1,8.429686956029441e-05,8.429686956029441e-05,descriptive ambiguity from score ties; not uncertainty interval/certificate,"one matched checkpoint, same available paired subset; scores measured relative to no-op zero"
2007,late,4,8b6ae019adc6227a1c90d1bb327c514b1a79631e0803834efb187b2f9b415f24,87b802fa63668f337f8ab5563faed5907a2fbbc8afe91916d542368a05106d7c,c6f5cee7dbac2d6ee520db5ba6df6f5fbedd421a0163292afdb6e07d3b6b1d65,<WORKSPACE>/Gaussian/A17/EXCHANGE_R1/results/object_2007_late,FULL_SMALL_REFERENCE,"base spectral fidelity minus child spectral fidelity, same full/projected scope; no-op0",600,49,12,True,exact persisted spectrum subset only; not complete teacher domain; descriptive no inference/certificate,fixed12_per_removal,predeclared fixed bank; bounded nonrandom subset,Qhat,48,0,8.874192326995243e-19,DESCRIPTIVE,0.9290780141843973,0.9866478506296135,1,0.5,5.633895549134272e-07,8.874192326995243e-19,8.874192326995243e-19,False,False,"[243, 275]","[275, 274]","[243, 275]","[275, 274]",candidate-only; numerical ties broken by original move_index; expanded sets also saved,1.7459370044029595e-05,243,1.167235142207256e-05,1.6895980489116168e-05,False,1,5.633895549134272e-07,5.633895549134272e-07,descriptive ambiguity from score ties; not uncertainty interval/certificate,"one matched checkpoint, same available paired subset; scores measured relative to no-op zero"
2007,late,4,8b6ae019adc6227a1c90d1bb327c514b1a79631e0803834efb187b2f9b415f24,87b802fa63668f337f8ab5563faed5907a2fbbc8afe91916d542368a05106d7c,c6f5cee7dbac2d6ee520db5ba6df6f5fbedd421a0163292afdb6e07d3b6b1d65,<WORKSPACE>/Gaussian/A17/EXCHANGE_R1/results/object_2007_late,FULL_SMALL_REFERENCE,"base spectral fidelity minus child spectral fidelity, same full/projected scope; no-op0",600,49,12,True,exact persisted spectrum subset only; not complete teacher domain; descriptive no inference/certificate,fixed12_per_removal,predeclared fixed bank; bounded nonrandom subset,information_fidelity_improvement,48,0,8.874192326995243e-19,DESCRIPTIVE,0.008865248226950355,0.013677811550151976,0,0.0,7.088946740493057e-05,8.727524118943525e-11,8.874192326995243e-19,False,False,"[0, 1]","[275, 274]","[0, 1]","[275, 274]",candidate-only; numerical ties broken by original move_index; expanded sets also saved,1.7459370044029595e-05,0,0.0003025284424437169,-5.343009736090098e-05,False,1,7.088946740493057e-05,7.088946740493057e-05,descriptive ambiguity from score ties; not uncertainty interval/certificate,"one matched checkpoint, same available paired subset; scores measured relative to no-op zero"
2007,late,4,8b6ae019adc6227a1c90d1bb327c514b1a79631e0803834efb187b2f9b415f24,87b802fa63668f337f8ab5563faed5907a2fbbc8afe91916d542368a05106d7c,c6f5cee7dbac2d6ee520db5ba6df6f5fbedd421a0163292afdb6e07d3b6b1d65,<WORKSPACE>/Gaussian/A17/EXCHANGE_R1/results/object_2007_late,FULL_SMALL_REFERENCE,"base spectral fidelity minus child spectral fidelity, same full/projected scope; no-op0",600,49,12,True,exact persisted spectrum subset only; not complete teacher domain; descriptive no inference/certificate,spectrum_plus_teacher_best,teacher-best evaluator augmentation introduces utility-selection bias,receiver_score,49,0,8.874192326995243e-19,DESCRIPTIVE,-0.227891156462585,-0.34530612244897957,0,0.0,9.007896697095285e-05,1.2615179978925527e-13,8.874192326995243e-19,False,False,"[542, 511]","[250, 275]","[542, 511]","[250, 275]",candidate-only; numerical ties broken by original move_index; expanded sets also saved,3.250864653735198e-05,542,2.2701655935588545,-5.7570320433600883e-05,False,1,9.007896697095285e-05,9.007896697095285e-05,descriptive ambiguity from score ties; not uncertainty interval/certificate,"one matched checkpoint, same available paired subset; scores measured relative to no-op zero"
2007,late,4,8b6ae019adc6227a1c90d1bb327c514b1a79631e0803834efb187b2f9b415f24,87b802fa63668f337f8ab5563faed5907a2fbbc8afe91916d542368a05106d7c,c6f5cee7dbac2d6ee520db5ba6df6f5fbedd421a0163292afdb6e07d3b6b1d65,<WORKSPACE>/Gaussian/A17/EXCHANGE_R1/results/object_2007_late,FULL_SMALL_REFERENCE,"base spectral fidelity minus child spectral fidelity, same full/projected scope; no-op0",600,49,12,True,exact persisted spectrum subset only; not complete teacher domain; descriptive no inference/certificate,spectrum_plus_teacher_best,teacher-best evaluator augmentation introduces utility-selection bias,delta_logdet_volume,49,0,8.874192326995243e-19,DESCRIPTIVE,0.3095238095238095,0.4458163265306122,0,0.0,1.561266604823581e-05,1.1047289320633422e-12,8.874192326995243e-19,False,False,"[243, 29]","[250, 275]","[243, 29]","[250, 275]",candidate-only; numerical ties broken by original move_index; expanded sets also saved,3.250864653735198e-05,243,19.323118387605575,1.6895980489116168e-05,False,1,1.561266604823581e-05,1.561266604823581e-05,descriptive ambiguity from score ties; not uncertainty interval/certificate,"one matched checkpoint, same available paired subset; scores measured relative to no-op zero"
2007,late,4,8b6ae019adc6227a1c90d1bb327c514b1a79631e0803834efb187b2f9b415f24,87b802fa63668f337f8ab5563faed5907a2fbbc8afe91916d542368a05106d7c,c6f5cee7dbac2d6ee520db5ba6df6f5fbedd421a0163292afdb6e07d3b6b1d65,<WORKSPACE>/Gaussian/A17/EXCHANGE_R1/results/object_2007_late,FULL_SMALL_REFERENCE,"base spectral fidelity minus child spectral fidelity, same full/projected scope; no-op0",600,49,12,True,exact persisted spectrum subset only; not complete teacher domain; descriptive no inference/certificate,spectrum_plus_teacher_best,teacher-best evaluator augmentation introduces utility-selection bias,delta_effective_dim,49,0,8.874192326995243e-19,DESCRIPTIVE,0.22619047619047616,0.32438775510204076,0,0.0,9.934614605361679e-05,2.5529942207701837e-13,8.874192326995243e-19,False,False,"[29, 93]","[250, 275]","[29, 93]","[250, 275]",candidate-only; numerical ties broken by original move_index; expanded sets also saved,3.250864653735198e-05,29,5.551227521851509,-6.683749951626482e-05,False,1,9.934614605361679e-05,9.934614605361679e-05,descriptive ambiguity from score ties; not uncertainty interval/certificate,"one matched checkpoint, same available paired subset; scores measured relative to no-op zero"
2007,late,4,8b6ae019adc6227a1c90d1bb327c514b1a79631e0803834efb187b2f9b415f24,87b802fa63668f337f8ab5563faed5907a2fbbc8afe91916d542368a05106d7c,c6f5cee7dbac2d6ee520db5ba6df6f5fbedd421a0163292afdb6e07d3b6b1d65,<WORKSPACE>/Gaussian/A17/EXCHANGE_R1/results/object_2007_late,FULL_SMALL_REFERENCE,"base spectral fidelity minus child spectral fidelity, same full/projected scope; no-op0",600,49,12,True,exact persisted spectrum subset only; not complete teacher domain; descriptive no inference/certificate,spectrum_plus_teacher_best,teacher-best evaluator augmentation introduces utility-selection bias,Qhat,49,0,8.874192326995243e-19,DESCRIPTIVE,0.9319727891156461,0.9874489795918366,1,0.5,0.0,8.874192326995243e-19,8.874192326995243e-19,False,False,"[250, 243]","[250, 275]","[250, 243]","[250, 275]",candidate-only; numerical ties broken by original move_index; expanded sets also saved,3.250864653735198e-05,250,2.3259483815527875e-05,3.250864653735198e-05,False,1,0.0,0.0,descriptive ambiguity from score ties; not uncertainty interval/certificate,"one matched checkpoint, same available paired subset; scores measured relative to no-op zero"
2007,late,4,8b6ae019adc6227a1c90d1bb327c514b1a79631e0803834efb187b2f9b415f24,87b802fa63668f337f8ab5563faed5907a2fbbc8afe91916d542368a05106d7c,c6f5cee7dbac2d6ee520db5ba6df6f5fbedd421a0163292afdb6e07d3b6b1d65,<WORKSPACE>/Gaussian/A17/EXCHANGE_R1/results/object_2007_late,FULL_SMALL_REFERENCE,"base spectral fidelity minus child spectral fidelity, same full/projected scope; no-op0",600,49,12,True,exact persisted spectrum subset only; not complete teacher domain; descriptive no inference/certificate,spectrum_plus_teacher_best,teacher-best evaluator augmentation introduces utility-selection bias,information_fidelity_improvement,49,0,8.874192326995243e-19,DESCRIPTIVE,-0.008503401360544217,-0.014795918367346936,0,0.0,8.593874389825295e-05,8.727524118943525e-11,8.874192326995243e-19,False,False,"[0, 1]","[250, 275]","[0, 1]","[250, 275]",candidate-only; numerical ties broken by original move_index; expanded sets also saved,3.250864653735198e-05,0,0.0003025284424437169,-5.343009736090098e-05,False,1,8.593874389825295e-05,8.593874389825295e-05,descriptive ambiguity from score ties; not uncertainty interval/certificate,"one matched checkpoint, same available paired subset; scores measured relative to no-op zero"
2007,late,8,8b6ae019adc6227a1c90d1bb327c514b1a79631e0803834efb187b2f9b415f24,87b802fa63668f337f8ab5563faed5907a2fbbc8afe91916d542368a05106d7c,c99b610b71347bcf98c90f6da31999d9acc7013f83952a6cf92c2e17208b24b4,<WORKSPACE>/Gaussian/A17/EXCHANGE_R1/results/object_2007_late,FULL_SMALL_REFERENCE,"base spectral fidelity minus child spectral fidelity, same full/projected scope; no-op0",1168,97,12,True,exact persisted spectrum subset only; not complete teacher domain; descriptive no inference/certificate,fixed12_per_removal,predeclared fixed bank; bounded nonrandom subset,receiver_score,96,0,8.874192326995243e-19,DESCRIPTIVE,0.16315789473684209,0.255249593054802,0,0.0,3.4402531561376235e-05,1.2615179978925527e-13,8.874192326995243e-19,False,False,"[1110, 964]","[25, 317]","[1110, 964]","[25, 317]",candidate-only; numerical ties broken by original move_index; expanded sets also saved,1.4981559213748373e-05,1110,3.0577274981999585,-1.9420972347627864e-05,False,1,3.4402531561376235e-05,3.4402531561376235e-05,descriptive ambiguity from score ties; not uncertainty interval/certificate,"one matched checkpoint, same available paired subset; scores measured relative to no-op zero"
2007,late,8,8b6ae019adc6227a1c90d1bb327c514b1a79631e0803834efb187b2f9b415f24,87b802fa63668f337f8ab5563faed5907a2fbbc8afe91916d542368a05106d7c,c99b610b71347bcf98c90f6da31999d9acc7013f83952a6cf92c2e17208b24b4,<WORKSPACE>/Gaussian/A17/EXCHANGE_R1/results/object_2007_late,FULL_SMALL_REFERENCE,"base spectral fidelity minus child spectral fidelity, same full/projected scope; no-op0",1168,97,12,True,exact persisted spectrum subset only; not complete teacher domain; descriptive no inference/certificate,fixed12_per_removal,predeclared fixed bank; bounded nonrandom subset,delta_logdet_volume,96,0,8.874192326995243e-19,DESCRIPTIVE,0.4548245614035087,0.6399484536082474,1,0.5,1.0326772059448498e-05,4.676385634355197e-13,8.874192326995243e-19,False,False,"[235, 25]","[25, 317]","[235, 25]","[25, 317]",candidate-only; numerical ties broken by original move_index; expanded sets also saved,1.4981559213748373e-05,235,16.45356921900219,4.654787154299875e-06,False,1,1.0326772059448498e-05,1.0326772059448498e-05,descriptive ambiguity from score ties; not uncertainty interval/certificate,"one matched checkpoint, same available paired subset; scores measured relative to no-op zero"
2007,late,8,8b6ae019adc6227a1c90d1bb327c514b1a79631e0803834efb187b2f9b415f24,87b802fa63668f337f8ab5563faed5907a2fbbc8afe91916d542368a05106d7c,c99b610b71347bcf98c90f6da31999d9acc7013f83952a6cf92c2e17208b24b4,<WORKSPACE>/Gaussian/A17/EXCHANGE_R1/results/object_2007_late,FULL_SMALL_REFERENCE,"base spectral fidelity minus child spectral fidelity, same full/projected scope; no-op0",1168,97,12,True,exact persisted spectrum subset only; not complete teacher domain; descriptive no inference/certificate,fixed12_per_removal,predeclared fixed bank; bounded nonrandom subset,delta_effective_dim,96,0,8.874192326995243e-19,DESCRIPTIVE,0.2096491228070175,0.29766684753119915,0,0.0,1.0326772059448498e-05,5.646419614409348e-14,8.874192326995243e-19,False,False,"[235, 381]","[25, 317]","[235, 381]","[25, 317]",candidate-only; numerical ties broken by original move_index; expanded sets also saved,1.4981559213748373e-05,235,1.986657286830578,4.654787154299875e-06,False,1,1.0326772059448498e-05,1.0326772059448498e-05,descriptive ambiguity from score ties; not uncertainty interval/certificate,"one matched checkpoint, same available paired subset; scores measured relative to no-op zero"
2007,late,8,8b6ae019adc6227a1c90d1bb327c514b1a79631e0803834efb187b2f9b415f24,87b802fa63668f337f8ab5563faed5907a2fbbc8afe91916d542368a05106d7c,c99b610b71347bcf98c90f6da31999d9acc7013f83952a6cf92c2e17208b24b4,<WORKSPACE>/Gaussian/A17/EXCHANGE_R1/results/object_2007_late,FULL_SMALL_REFERENCE,"base spectral fidelity minus child spectral fidelity, same full/projected scope; no-op0",1168,97,12,True,exact persisted spectrum subset only; not complete teacher domain; descriptive no inference/certificate,fixed12_per_removal,predeclared fixed bank; bounded nonrandom subset,Qhat,96,0,8.874192326995243e-19,DESCRIPTIVE,0.7381578947368419,0.9094818231144872,1,0.5,0.0,8.874192326995243e-19,8.874192326995243e-19,False,False,"[25, 57]","[25, 317]","[25, 57]","[25, 317]",candidate-only; numerical ties broken by original move_index; expanded sets also saved,1.4981559213748373e-05,25,8.918809589512574e-06,1.4981559213748373e-05,False,1,0.0,0.0,descriptive ambiguity from score ties; not uncertainty interval/certificate,"one matched checkpoint, same available paired subset; scores measured relative to no-op zero"
2007,late,8,8b6ae019adc6227a1c90d1bb327c514b1a79631e0803834efb187b2f9b415f24,87b802fa63668f337f8ab5563faed5907a2fbbc8afe91916d542368a05106d7c,c99b610b71347bcf98c90f6da31999d9acc7013f83952a6cf92c2e17208b24b4,<WORKSPACE>/Gaussian/A17/EXCHANGE_R1/results/object_2007_late,FULL_SMALL_REFERENCE,"base spectral fidelity minus child spectral fidelity, same full/projected scope; no-op0",1168,97,12,True,exact persisted spectrum subset only; not complete teacher domain; descriptive no inference/certificate,fixed12_per_removal,predeclared fixed bank; bounded nonrandom subset,information_fidelity_improvement,96,0,8.874192326995243e-19,DESCRIPTIVE,0.09780701754385963,0.11048562126966902,0,0.0,5.125884526556682e-06,8.85316456481363e-11,8.874192326995243e-19,False,False,"[755, 203]","[25, 317]","[755, 203]","[25, 317]",candidate-only; numerical ties broken by original move_index; expanded sets also saved,1.4981559213748373e-05,755,0.004885681716248258,9.855674687191691e-06,False,1,5.125884526556682e-06,5.125884526556682e-06,descriptive ambiguity from score ties; not uncertainty interval/certificate,"one matched checkpoint, same available paired subset; scores measured relative to no-op zero"
2007,late,8,8b6ae019adc6227a1c90d1bb327c514b1a79631e0803834efb187b2f9b415f24,87b802fa63668f337f8ab5563faed5907a2fbbc8afe91916d542368a05106d7c,c99b610b71347bcf98c90f6da31999d9acc7013f83952a6cf92c2e17208b24b4,<WORKSPACE>/Gaussian/A17/EXCHANGE_R1/results/object_2007_late,FULL_SMALL_REFERENCE,"base spectral fidelity minus child spectral fidelity, same full/projected scope; no-op0",1168,97,12,True,exact persisted spectrum subset only; not complete teacher domain; descriptive no inference/certificate,spectrum_plus_teacher_best,teacher-best evaluator augmentation introduces utility-selection bias,receiver_score,97,0,8.874192326995243e-19,DESCRIPTIVE,0.1469072164948454,0.23332632021880914,0,0.0,3.9365280772956426e-05,1.2615179978925527e-13,8.874192326995243e-19,False,False,"[1110, 964]","[244, 25]","[1110, 964]","[244, 25]",candidate-only; numerical ties broken by original move_index; expanded sets also saved,1.994430842532856e-05,1110,3.0577274981999585,-1.9420972347627864e-05,False,1,3.9365280772956426e-05,3.9365280772956426e-05,descriptive ambiguity from score ties; not uncertainty interval/certificate,"one matched checkpoint, same available paired subset; scores measured relative to no-op zero"
2007,late,8,8b6ae019adc6227a1c90d1bb327c514b1a79631e0803834efb187b2f9b415f24,87b802fa63668f337f8ab5563faed5907a2fbbc8afe91916d542368a05106d7c,c99b610b71347bcf98c90f6da31999d9acc7013f83952a6cf92c2e17208b24b4,<WORKSPACE>/Gaussian/A17/EXCHANGE_R1/results/object_2007_late,FULL_SMALL_REFERENCE,"base spectral fidelity minus child spectral fidelity, same full/projected scope; no-op0",1168,97,12,True,exact persisted spectrum subset only; not complete teacher domain; descriptive no inference/certificate,spectrum_plus_teacher_best,teacher-best evaluator augmentation introduces utility-selection bias,delta_logdet_volume,97,0,8.874192326995243e-19,DESCRIPTIVE,0.45876288659793824,0.6446717862402693,1,0.5,1.5289521271028684e-05,4.676385634355197e-13,8.874192326995243e-19,False,False,"[235, 25]","[244, 25]","[235, 25]","[244, 25]",candidate-only; numerical ties broken by original move_index; expanded sets also saved,1.994430842532856e-05,235,16.45356921900219,4.654787154299875e-06,False,1,1.5289521271028684e-05,1.5289521271028684e-05,descriptive ambiguity from score ties; not uncertainty interval/certificate,"one matched checkpoint, same available paired subset; scores measured relative to no-op zero"
2007,late,8,8b6ae019adc6227a1c90d1bb327c514b1a79631e0803834efb187b2f9b415f24,87b802fa63668f337f8ab5563faed5907a2fbbc8afe91916d542368a05106d7c,c99b610b71347bcf98c90f6da31999d9acc7013f83952a6cf92c2e17208b24b4,<WORKSPACE>/Gaussian/A17/EXCHANGE_R1/results/object_2007_late,FULL_SMALL_REFERENCE,"base spectral fidelity minus child spectral fidelity, same full/projected scope; no-op0",1168,97,12,True,exact persisted spectrum subset only; not complete teacher domain; descriptive no inference/certificate,spectrum_plus_teacher_best,teacher-best evaluator augmentation introduces utility-selection bias,delta_effective_dim,97,0,8.874192326995243e-19,DESCRIPTIVE,0.2203608247422681,0.3137229118451504,0,0.0,1.5289521271028684e-05,5.646419614409348e-14,8.874192326995243e-19,False,False,"[235, 381]","[244, 25]","[235, 381]","[244, 25]",candidate-only; numerical ties broken by original move_index; expanded sets also saved,1.994430842532856e-05,235,1.986657286830578,4.654787154299875e-06,False,1,1.5289521271028684e-05,1.5289521271028684e-05,descriptive ambiguity from score ties; not uncertainty interval/certificate,"one matched checkpoint, same available paired subset; scores measured relative to no-op zero"
2007,late,8,8b6ae019adc6227a1c90d1bb327c514b1a79631e0803834efb187b2f9b415f24,87b802fa63668f337f8ab5563faed5907a2fbbc8afe91916d542368a05106d7c,c99b610b71347bcf98c90f6da31999d9acc7013f83952a6cf92c2e17208b24b4,<WORKSPACE>/Gaussian/A17/EXCHANGE_R1/results/object_2007_late,FULL_SMALL_REFERENCE,"base spectral fidelity minus child spectral fidelity, same full/projected scope; no-op0",1168,97,12,True,exact persisted spectrum subset only; not complete teacher domain; descriptive no inference/certificate,spectrum_plus_teacher_best,teacher-best evaluator augmentation introduces utility-selection bias,Qhat,97,0,8.874192326995243e-19,DESCRIPTIVE,0.743556701030928,0.9122527877130233,2,1.0,0.0,8.874192326995243e-19,8.874192326995243e-19,False,False,"[244, 25]","[244, 25]","[244, 25]","[244, 25]",candidate-only; numerical ties broken by original move_index; expanded sets also saved,1.994430842532856e-05,244,1.2768763758155096e-05,1.994430842532856e-05,False,1,0.0,0.0,descriptive ambiguity from score ties; not uncertainty interval/certificate,"one matched checkpoint, same available paired subset; scores measured relative to no-op zero"
2007,late,8,8b6ae019adc6227a1c90d1bb327c514b1a79631e0803834efb187b2f9b415f24,87b802fa63668f337f8ab5563faed5907a2fbbc8afe91916d542368a05106d7c,c99b610b71347bcf98c90f6da31999d9acc7013f83952a6cf92c2e17208b24b4,<WORKSPACE>/Gaussian/A17/EXCHANGE_R1/results/object_2007_late,FULL_SMALL_REFERENCE,"base spectral fidelity minus child spectral fidelity, same full/projected scope; no-op0",1168,97,12,True,exact persisted spectrum subset only; not complete teacher domain; descriptive no inference/certificate,spectrum_plus_teacher_best,teacher-best evaluator augmentation introduces utility-selection bias,information_fidelity_improvement,97,0,8.874192326995243e-19,DESCRIPTIVE,0.08376288659793817,0.08531453818640858,0,0.0,1.0088633738136867e-05,8.85316456481363e-11,8.874192326995243e-19,False,False,"[755, 203]","[244, 25]","[755, 203]","[244, 25]",candidate-only; numerical ties broken by original move_index; expanded sets also saved,1.994430842532856e-05,755,0.004885681716248258,9.855674687191691e-06,False,1,1.0088633738136867e-05,1.0088633738136867e-05,descriptive ambiguity from score ties; not uncertainty interval/certificate,"one matched checkpoint, same available paired subset; scores measured relative to no-op zero"
2007,late,16,8b6ae019adc6227a1c90d1bb327c514b1a79631e0803834efb187b2f9b415f24,87b802fa63668f337f8ab5563faed5907a2fbbc8afe91916d542368a05106d7c,cdeb211b33407ebbdcb173fc731b1a2c733e8439244ef3c2eaa3e1a43fed9e14,<WORKSPACE>/Gaussian/A17/EXCHANGE_R1/results/object_2007_late,FULL_SMALL_REFERENCE,"base spectral fidelity minus child spectral fidelity, same full/projected scope; no-op0",2208,193,12,True,exact persisted spectrum subset only; not complete teacher domain; descriptive no inference/certificate,fixed12_per_removal,predeclared fixed bank; bounded nonrandom subset,receiver_score,192,0,8.874192326995243e-19,DESCRIPTIVE,-0.22654886561954624,-0.3274251959959852,0,0.0,1.3367130253706328e-06,1.2615179978925527e-13,8.874192326995243e-19,False,False,"[2150, 2012]","[276, 405]","[2150, 2012]","[276, 405]",candidate-only; numerical ties broken by original move_index; expanded sets also saved,1.7701302017123487e-06,2150,4.000543394111769,4.3341717634171596e-07,False,1,1.3367130253706328e-06,1.3367130253706328e-06,descriptive ambiguity from score ties; not uncertainty interval/certificate,"one matched checkpoint, same available paired subset; scores measured relative to no-op zero"
2007,late,16,8b6ae019adc6227a1c90d1bb327c514b1a79631e0803834efb187b2f9b415f24,87b802fa63668f337f8ab5563faed5907a2fbbc8afe91916d542368a05106d7c,cdeb211b33407ebbdcb173fc731b1a2c733e8439244ef3c2eaa3e1a43fed9e14,<WORKSPACE>/Gaussian/A17/EXCHANGE_R1/results/object_2007_late,FULL_SMALL_REFERENCE,"base spectral fidelity minus child spectral fidelity, same full/projected scope; no-op0",2208,193,12,True,exact persisted spectrum subset only; not complete teacher domain; descriptive no inference/certificate,fixed12_per_removal,predeclared fixed bank; bounded nonrandom subset,delta_logdet_volume,192,0,8.874192326995243e-19,DESCRIPTIVE,0.1637216404886562,0.24819941404660503,0,0.0,2.1110282963185877e-06,4.271843027084699e-13,8.874192326995243e-19,False,False,"[219, 81]","[276, 405]","[219, 81]","[276, 405]",candidate-only; numerical ties broken by original move_index; expanded sets also saved,1.7701302017123487e-06,219,15.030211457003048,-3.408980946062389e-07,False,1,2.1110282963185877e-06,2.1110282963185877e-06,descriptive ambiguity from score ties; not uncertainty interval/certificate,"one matched checkpoint, same available paired subset; scores measured relative to no-op zero"
2007,late,16,8b6ae019adc6227a1c90d1bb327c514b1a79631e0803834efb187b2f9b415f24,87b802fa63668f337f8ab5563faed5907a2fbbc8afe91916d542368a05106d7c,cdeb211b33407ebbdcb173fc731b1a2c733e8439244ef3c2eaa3e1a43fed9e14,<WORKSPACE>/Gaussian/A17/EXCHANGE_R1/results/object_2007_late,FULL_SMALL_REFERENCE,"base spectral fidelity minus child spectral fidelity, same full/projected scope; no-op0",2208,193,12,True,exact persisted spectrum subset only; not complete teacher domain; descriptive no inference/certificate,fixed12_per_removal,predeclared fixed bank; bounded nonrandom subset,delta_effective_dim,192,0,8.874192326995243e-19,DESCRIPTIVE,0.0943499127399651,0.13893843420231672,0,0.0,2.1110282963185877e-06,2.842170943040401e-14,8.874192326995243e-19,False,False,"[219, 81]","[276, 405]","[219, 81]","[276, 405]",candidate-only; numerical ties broken by original move_index; expanded sets also saved,1.7701302017123487e-06,219,0.941834081934573,-3.408980946062389e-07,False,1,2.1110282963185877e-06,2.1110282963185877e-06,descriptive ambiguity from score ties; not uncertainty interval/certificate,"one matched checkpoint, same available paired subset; scores measured relative to no-op zero"
2007,late,16,8b6ae019adc6227a1c90d1bb327c514b1a79631e0803834efb187b2f9b415f24,87b802fa63668f337f8ab5563faed5907a2fbbc8afe91916d542368a05106d7c,cdeb211b33407ebbdcb173fc731b1a2c733e8439244ef3c2eaa3e1a43fed9e14,<WORKSPACE>/Gaussian/A17/EXCHANGE_R1/results/object_2007_late,FULL_SMALL_REFERENCE,"base spectral fidelity minus child spectral fidelity, same full/projected scope; no-op0",2208,193,12,True,exact persisted spectrum subset only; not complete teacher domain; descriptive no inference/certificate,fixed12_per_removal,predeclared fixed bank; bounded nonrandom subset,Qhat,192,0,8.874192326995243e-19,DESCRIPTIVE,0.3158813263525306,0.4722112958793371,0,0.0,3.4666958270014344e-07,8.874192326995243e-19,8.874192326995243e-19,False,False,"[356, 389]","[276, 405]","[356, 389]","[276, 405]",candidate-only; numerical ties broken by original move_index; expanded sets also saved,1.7701302017123487e-06,356,8.047585949689745e-06,1.4234606190122053e-06,False,1,3.4666958270014344e-07,3.4666958270014344e-07,descriptive ambiguity from score ties; not uncertainty interval/certificate,"one matched checkpoint, same available paired subset; scores measured relative to no-op zero"
2007,late,16,8b6ae019adc6227a1c90d1bb327c514b1a79631e0803834efb187b2f9b415f24,87b802fa63668f337f8ab5563faed5907a2fbbc8afe91916d542368a05106d7c,cdeb211b33407ebbdcb173fc731b1a2c733e8439244ef3c2eaa3e1a43fed9e14,<WORKSPACE>/Gaussian/A17/EXCHANGE_R1/results/object_2007_late,FULL_SMALL_REFERENCE,"base spectral fidelity minus child spectral fidelity, same full/projected scope; no-op0",2208,193,12,True,exact persisted spectrum subset only; not complete teacher domain; descriptive no inference/certificate,fixed12_per_removal,predeclared fixed bank; bounded nonrandom subset,information_fidelity_improvement,192,0,8.874192326995243e-19,DESCRIPTIVE,0.07384380453752182,0.09686202967745437,0,0.0,1.450548436742705e-06,8.91508814990929e-11,8.874192326995243e-19,False,False,"[707, 431]","[276, 405]","[707, 431]","[276, 405]",candidate-only; numerical ties broken by original move_index; expanded sets also saved,1.7701302017123487e-06,707,0.0445588925571363,3.195817649696438e-07,False,1,1.450548436742705e-06,1.450548436742705e-06,descriptive ambiguity from score ties; not uncertainty interval/certificate,"one matched checkpoint, same available paired subset; scores measured relative to no-op zero"
2007,late,16,8b6ae019adc6227a1c90d1bb327c514b1a79631e0803834efb187b2f9b415f24,87b802fa63668f337f8ab5563faed5907a2fbbc8afe91916d542368a05106d7c,cdeb211b33407ebbdcb173fc731b1a2c733e8439244ef3c2eaa3e1a43fed9e14,<WORKSPACE>/Gaussian/A17/EXCHANGE_R1/results/object_2007_late,FULL_SMALL_REFERENCE,"base spectral fidelity minus child spectral fidelity, same full/projected scope; no-op0",2208,193,12,True,exact persisted spectrum subset only; not complete teacher domain; descriptive no inference/certificate,spectrum_plus_teacher_best,teacher-best evaluator augmentation introduces utility-selection bias,receiver_score,193,0,8.874192326995243e-19,DESCRIPTIVE,-0.2326208981001727,-0.33612487313711875,0,0.0,1.71641334310433e-06,1.2615179978925527e-13,8.874192326995243e-19,False,False,"[2150, 2012]","[328, 276]","[2150, 2012]","[328, 276]",candidate-only; numerical ties broken by original move_index; expanded sets also saved,2.149830519446046e-06,2150,4.000543394111769,4.3341717634171596e-07,False,1,1.71641334310433e-06,1.71641334310433e-06,descriptive ambiguity from score ties; not uncertainty interval/certificate,"one matched checkpoint, same available paired subset; scores measured relative to no-op zero"
2007,late,16,8b6ae019adc6227a1c90d1bb327c514b1a79631e0803834efb187b2f9b415f24,87b802fa63668f337f8ab5563faed5907a2fbbc8afe91916d542368a05106d7c,cdeb211b33407ebbdcb173fc731b1a2c733e8439244ef3c2eaa3e1a43fed9e14,<WORKSPACE>/Gaussian/A17/EXCHANGE_R1/results/object_2007_late,FULL_SMALL_REFERENCE,"base spectral fidelity minus child spectral fidelity, same full/projected scope; no-op0",2208,193,12,True,exact persisted spectrum subset only; not complete teacher domain; descriptive no inference/certificate,spectrum_plus_teacher_best,teacher-best evaluator augmentation introduces utility-selection bias,delta_logdet_volume,193,0,8.874192326995243e-19,DESCRIPTIVE,0.16547927461139897,0.2506626916297206,0,0.0,2.4907286140522848e-06,4.271843027084699e-13,8.874192326995243e-19,False,False,"[219, 81]","[328, 276]","[219, 81]","[328, 276]",candidate-only; numerical ties broken by original move_index; expanded sets also saved,2.149830519446046e-06,219,15.030211457003048,-3.408980946062389e-07,False,1,2.4907286140522848e-06,2.4907286140522848e-06,descriptive ambiguity from score ties; not uncertainty interval/certificate,"one matched checkpoint, same available paired subset; scores measured relative to no-op zero"
2007,late,16,8b6ae019adc6227a1c90d1bb327c514b1a79631e0803834efb187b2f9b415f24,87b802fa63668f337f8ab5563faed5907a2fbbc8afe91916d542368a05106d7c,cdeb211b33407ebbdcb173fc731b1a2c733e8439244ef3c2eaa3e1a43fed9e14,<WORKSPACE>/Gaussian/A17/EXCHANGE_R1/results/object_2007_late,FULL_SMALL_REFERENCE,"base spectral fidelity minus child spectral fidelity, same full/projected scope; no-op0",2208,193,12,True,exact persisted spectrum subset only; not complete teacher domain; descriptive no inference/certificate,spectrum_plus_teacher_best,teacher-best evaluator augmentation introduces utility-selection bias,delta_effective_dim,193,0,8.874192326995243e-19,DESCRIPTIVE,0.09380397236614853,0.13846916564286094,0,0.0,2.4907286140522848e-06,2.842170943040401e-14,8.874192326995243e-19,False,False,"[219, 81]","[328, 276]","[219, 81]","[328, 276]",candidate-only; numerical ties broken by original move_index; expanded sets also saved,2.149830519446046e-06,219,0.941834081934573,-3.408980946062389e-07,False,1,2.4907286140522848e-06,2.4907286140522848e-06,descriptive ambiguity from score ties; not uncertainty interval/certificate,"one matched checkpoint, same available paired subset; scores measured relative to no-op zero"
2007,late,16,8b6ae019adc6227a1c90d1bb327c514b1a79631e0803834efb187b2f9b415f24,87b802fa63668f337f8ab5563faed5907a2fbbc8afe91916d542368a05106d7c,cdeb211b33407ebbdcb173fc731b1a2c733e8439244ef3c2eaa3e1a43fed9e14,<WORKSPACE>/Gaussian/A17/EXCHANGE_R1/results/object_2007_late,FULL_SMALL_REFERENCE,"base spectral fidelity minus child spectral fidelity, same full/projected scope; no-op0",2208,193,12,True,exact persisted spectrum subset only; not complete teacher domain; descriptive no inference/certificate,spectrum_plus_teacher_best,teacher-best evaluator augmentation introduces utility-selection bias,Qhat,193,0,8.874192326995243e-19,DESCRIPTIVE,0.32286269430051817,0.48036629987714324,1,0.5,7.263699004338406e-07,8.874192326995243e-19,8.874192326995243e-19,False,False,"[356, 328]","[328, 276]","[356, 328]","[328, 276]",candidate-only; numerical ties broken by original move_index; expanded sets also saved,2.149830519446046e-06,356,8.047585949689745e-06,1.4234606190122053e-06,False,1,7.263699004338406e-07,7.263699004338406e-07,descriptive ambiguity from score ties; not uncertainty interval/certificate,"one matched checkpoint, same available paired subset; scores measured relative to no-op zero"
2007,late,16,8b6ae019adc6227a1c90d1bb327c514b1a79631e0803834efb187b2f9b415f24,87b802fa63668f337f8ab5563faed5907a2fbbc8afe91916d542368a05106d7c,cdeb211b33407ebbdcb173fc731b1a2c733e8439244ef3c2eaa3e1a43fed9e14,<WORKSPACE>/Gaussian/A17/EXCHANGE_R1/results/object_2007_late,FULL_SMALL_REFERENCE,"base spectral fidelity minus child spectral fidelity, same full/projected scope; no-op0",2208,193,12,True,exact persisted spectrum subset only; not complete teacher domain; descriptive no inference/certificate,spectrum_plus_teacher_best,teacher-best evaluator augmentation introduces utility-selection bias,information_fidelity_improvement,193,0,8.874192326995243e-19,DESCRIPTIVE,0.0765328151986183,0.10197271780353613,0,0.0,1.8302487544764021e-06,8.91508814990929e-11,8.874192326995243e-19,False,False,"[707, 431]","[328, 276]","[707, 431]","[328, 276]",candidate-only; numerical ties broken by original move_index; expanded sets also saved,2.149830519446046e-06,707,0.0445588925571363,3.195817649696438e-07,False,1,1.8302487544764021e-06,1.8302487544764021e-06,descriptive ambiguity from score ties; not uncertainty interval/certificate,"one matched checkpoint, same available paired subset; scores measured relative to no-op zero"
2007,middle,4,b21bb4739b29eb7a9609a3988b53c0feb3fd02e4cc8439d65a6ab1dcdbb7ea25,7c708621363a1f54816c3f30f0a5b9490c9fcb305df7cf817f3398432fe3c9bc,d1aa509d634d4842205959efc1cce2d7b276713adf8e6b74892b5d858b5e09f8,<WORKSPACE>/Gaussian/A17/EXCHANGE_R1/results/object_2007_middle,FULL_SMALL_REFERENCE,"base spectral fidelity minus child spectral fidelity, same full/projected scope; no-op0",600,49,12,True,exact persisted spectrum subset only; not complete teacher domain; descriptive no inference/certificate,fixed12_per_removal,predeclared fixed bank; bounded nonrandom subset,receiver_score,48,0,1.213399455334563e-18,DESCRIPTIVE,-0.07624113475177306,-0.16239687364307426,0,0.0,0.00014384800488052767,1.2613739852357668e-13,1.213399455334563e-18,False,False,"[542, 511]","[0, 300]","[542, 511]","[0, 300]",candidate-only; numerical ties broken by original move_index; expanded sets also saved,3.748131981946228e-05,542,2.337076238838222,-0.00010636668506106539,False,1,0.00014384800488052767,0.00014384800488052767,descriptive ambiguity from score ties; not uncertainty interval/certificate,"one matched checkpoint, same available paired subset; scores measured relative to no-op zero"
2007,middle,4,b21bb4739b29eb7a9609a3988b53c0feb3fd02e4cc8439d65a6ab1dcdbb7ea25,7c708621363a1f54816c3f30f0a5b9490c9fcb305df7cf817f3398432fe3c9bc,d1aa509d634d4842205959efc1cce2d7b276713adf8e6b74892b5d858b5e09f8,<WORKSPACE>/Gaussian/A17/EXCHANGE_R1/results/object_2007_middle,FULL_SMALL_REFERENCE,"base spectral fidelity minus child spectral fidelity, same full/projected scope; no-op0",600,49,12,True,exact persisted spectrum subset only; not complete teacher domain; descriptive no inference/certificate,fixed12_per_removal,predeclared fixed bank; bounded nonrandom subset,delta_logdet_volume,48,0,1.213399455334563e-18,DESCRIPTIVE,0.38829787234042556,0.5312635692574902,0,0.0,3.535134516223837e-05,1.074365125207718e-12,1.213399455334563e-18,False,False,"[92, 242]","[0, 300]","[92, 242]","[0, 300]",candidate-only; numerical ties broken by original move_index; expanded sets also saved,3.748131981946228e-05,92,19.562481860038588,2.1299746572239053e-06,False,1,3.535134516223837e-05,3.535134516223837e-05,descriptive ambiguity from score ties; not uncertainty interval/certificate,"one matched checkpoint, same available paired subset; scores measured relative to no-op zero"
2007,middle,4,b21bb4739b29eb7a9609a3988b53c0feb3fd02e4cc8439d65a6ab1dcdbb7ea25,7c708621363a1f54816c3f30f0a5b9490c9fcb305df7cf817f3398432fe3c9bc,d1aa509d634d4842205959efc1cce2d7b276713adf8e6b74892b5d858b5e09f8,<WORKSPACE>/Gaussian/A17/EXCHANGE_R1/results/object_2007_middle,FULL_SMALL_REFERENCE,"base spectral fidelity minus child spectral fidelity, same full/projected scope; no-op0",600,49,12,True,exact persisted spectrum subset only; not complete teacher domain; descriptive no inference/certificate,fixed12_per_removal,predeclared fixed bank; bounded nonrandom subset,delta_effective_dim,48,0,1.213399455334563e-18,DESCRIPTIVE,0.40070921985815605,0.5584020842379505,0,0.0,1.8920713895372547e-06,2.518999377060923e-13,1.213399455334563e-18,False,False,"[29, 92]","[0, 300]","[29, 92]","[0, 300]",candidate-only; numerical ties broken by original move_index; expanded sets also saved,3.748131981946228e-05,29,5.563183529044444,3.558924842992502e-05,False,1,1.8920713895372547e-06,1.8920713895372547e-06,descriptive ambiguity from score ties; not uncertainty interval/certificate,"one matched checkpoint, same available paired subset; scores measured relative to no-op zero"
2007,middle,4,b21bb4739b29eb7a9609a3988b53c0feb3fd02e4cc8439d65a6ab1dcdbb7ea25,7c708621363a1f54816c3f30f0a5b9490c9fcb305df7cf817f3398432fe3c9bc,d1aa509d634d4842205959efc1cce2d7b276713adf8e6b74892b5d858b5e09f8,<WORKSPACE>/Gaussian/A17/EXCHANGE_R1/results/object_2007_middle,FULL_SMALL_REFERENCE,"base spectral fidelity minus child spectral fidelity, same full/projected scope; no-op0",600,49,12,True,exact persisted spectrum subset only; not complete teacher domain; descriptive no inference/certificate,fixed12_per_removal,predeclared fixed bank; bounded nonrandom subset,Qhat,48,0,1.213399455334563e-18,DESCRIPTIVE,0.9893617021276597,0.999240121580547,2,1.0,0.0,1.213399455334563e-18,1.213399455334563e-18,False,False,"[0, 300]","[0, 300]","[0, 300]","[0, 300]",candidate-only; numerical ties broken by original move_index; expanded sets also saved,3.748131981946228e-05,0,3.740835190081239e-05,3.748131981946228e-05,False,1,0.0,0.0,descriptive ambiguity from score ties; not uncertainty interval/certificate,"one matched checkpoint, same available paired subset; scores measured relative to no-op zero"
2007,middle,4,b21bb4739b29eb7a9609a3988b53c0feb3fd02e4cc8439d65a6ab1dcdbb7ea25,7c708621363a1f54816c3f30f0a5b9490c9fcb305df7cf817f3398432fe3c9bc,d1aa509d634d4842205959efc1cce2d7b276713adf8e6b74892b5d858b5e09f8,<WORKSPACE>/Gaussian/A17/EXCHANGE_R1/results/object_2007_middle,FULL_SMALL_REFERENCE,"base spectral fidelity minus child spectral fidelity, same full/projected scope; no-op0",600,49,12,True,exact persisted spectrum subset only; not complete teacher domain; descriptive no inference/certificate,fixed12_per_removal,predeclared fixed bank; bounded nonrandom subset,information_fidelity_improvement,48,0,1.213399455334563e-18,DESCRIPTIVE,0.17375886524822698,0.24457229700390795,1,0.5,1.1281328585090786e-05,1.5725204811751722e-12,1.213399455334563e-18,False,False,"[1, 0]","[0, 300]","[1, 0]","[0, 300]",candidate-only; numerical ties broken by original move_index; expanded sets also saved,3.748131981946228e-05,1,0.00024177584334084123,2.619999123437149e-05,False,1,1.1281328585090786e-05,1.1281328585090786e-05,descriptive ambiguity from score ties; not uncertainty interval/certificate,"one matched checkpoint, same available paired subset; scores measured relative to no-op zero"
2007,middle,4,b21bb4739b29eb7a9609a3988b53c0feb3fd02e4cc8439d65a6ab1dcdbb7ea25,7c708621363a1f54816c3f30f0a5b9490c9fcb305df7cf817f3398432fe3c9bc,d1aa509d634d4842205959efc1cce2d7b276713adf8e6b74892b5d858b5e09f8,<WORKSPACE>/Gaussian/A17/EXCHANGE_R1/results/object_2007_middle,FULL_SMALL_REFERENCE,"base spectral fidelity minus child spectral fidelity, same full/projected scope; no-op0",600,49,12,True,exact persisted spectrum subset only; not complete teacher domain; descriptive no inference/certificate,spectrum_plus_teacher_best,teacher-best evaluator augmentation introduces utility-selection bias,receiver_score,49,0,1.213399455334563e-18,DESCRIPTIVE,-0.08843537414965985,-0.17551020408163262,0,0.0,0.00015682094883463,1.2613739852357668e-13,1.213399455334563e-18,False,False,"[542, 511]","[318, 0]","[542, 511]","[318, 0]",candidate-only; numerical ties broken by original move_index; expanded sets also saved,5.045426377356461e-05,542,2.337076238838222,-0.00010636668506106539,False,1,0.00015682094883463,0.00015682094883463,descriptive ambiguity from score ties; not uncertainty interval/certificate,"one matched checkpoint, same available paired subset; scores measured relative to no-op zero"
2007,middle,4,b21bb4739b29eb7a9609a3988b53c0feb3fd02e4cc8439d65a6ab1dcdbb7ea25,7c708621363a1f54816c3f30f0a5b9490c9fcb305df7cf817f3398432fe3c9bc,d1aa509d634d4842205959efc1cce2d7b276713adf8e6b74892b5d858b5e09f8,<WORKSPACE>/Gaussian/A17/EXCHANGE_R1/results/object_2007_middle,FULL_SMALL_REFERENCE,"base spectral fidelity minus child spectral fidelity, same full/projected scope; no-op0",600,49,12,True,exact persisted spectrum subset only; not complete teacher domain; descriptive no inference/certificate,spectrum_plus_teacher_best,teacher-best evaluator augmentation introduces utility-selection bias,delta_logdet_volume,49,0,1.213399455334563e-18,DESCRIPTIVE,0.3775510204081632,0.5219387755102041,0,0.0,4.8324289116340704e-05,1.074365125207718e-12,1.213399455334563e-18,False,False,"[92, 242]","[318, 0]","[92, 242]","[318, 0]",candidate-only; numerical ties broken by original move_index; expanded sets also saved,5.045426377356461e-05,92,19.562481860038588,2.1299746572239053e-06,False,1,4.8324289116340704e-05,4.8324289116340704e-05,descriptive ambiguity from score ties; not uncertainty interval/certificate,"one matched checkpoint, same available paired subset; scores measured relative to no-op zero"
2007,middle,4,b21bb4739b29eb7a9609a3988b53c0feb3fd02e4cc8439d65a6ab1dcdbb7ea25,7c708621363a1f54816c3f30f0a5b9490c9fcb305df7cf817f3398432fe3c9bc,d1aa509d634d4842205959efc1cce2d7b276713adf8e6b74892b5d858b5e09f8,<WORKSPACE>/Gaussian/A17/EXCHANGE_R1/results/object_2007_middle,FULL_SMALL_REFERENCE,"base spectral fidelity minus child spectral fidelity, same full/projected scope; no-op0",600,49,12,True,exact persisted spectrum subset only; not complete teacher domain; descriptive no inference/certificate,spectrum_plus_teacher_best,teacher-best evaluator augmentation introduces utility-selection bias,delta_effective_dim,49,0,1.213399455334563e-18,DESCRIPTIVE,0.401360544217687,0.5616326530612245,0,0.0,1.4865015343639588e-05,2.518999377060923e-13,1.213399455334563e-18,False,False,"[29, 92]","[318, 0]","[29, 92]","[318, 0]",candidate-only; numerical ties broken by original move_index; expanded sets also saved,5.045426377356461e-05,29,5.563183529044444,3.558924842992502e-05,False,1,1.4865015343639588e-05,1.4865015343639588e-05,descriptive ambiguity from score ties; not uncertainty interval/certificate,"one matched checkpoint, same available paired subset; scores measured relative to no-op zero"
2007,middle,4,b21bb4739b29eb7a9609a3988b53c0feb3fd02e4cc8439d65a6ab1dcdbb7ea25,7c708621363a1f54816c3f30f0a5b9490c9fcb305df7cf817f3398432fe3c9bc,d1aa509d634d4842205959efc1cce2d7b276713adf8e6b74892b5d858b5e09f8,<WORKSPACE>/Gaussian/A17/EXCHANGE_R1/results/object_2007_middle,FULL_SMALL_REFERENCE,"base spectral fidelity minus child spectral fidelity, same full/projected scope; no-op0",600,49,12,True,exact persisted spectrum subset only; not complete teacher domain; descriptive no inference/certificate,spectrum_plus_teacher_best,teacher-best evaluator augmentation introduces utility-selection bias,Qhat,49,0,1.213399455334563e-18,DESCRIPTIVE,0.9897959183673469,0.9992857142857142,2,1.0,0.0,1.213399455334563e-18,1.213399455334563e-18,False,False,"[318, 0]","[318, 0]","[318, 0]","[318, 0]",candidate-only; numerical ties broken by original move_index; expanded sets also saved,5.045426377356461e-05,318,4.919928626227488e-05,5.045426377356461e-05,False,1,0.0,0.0,descriptive ambiguity from score ties; not uncertainty interval/certificate,"one matched checkpoint, same available paired subset; scores measured relative to no-op zero"
2007,middle,4,b21bb4739b29eb7a9609a3988b53c0feb3fd02e4cc8439d65a6ab1dcdbb7ea25,7c708621363a1f54816c3f30f0a5b9490c9fcb305df7cf817f3398432fe3c9bc,d1aa509d634d4842205959efc1cce2d7b276713adf8e6b74892b5d858b5e09f8,<WORKSPACE>/Gaussian/A17/EXCHANGE_R1/results/object_2007_middle,FULL_SMALL_REFERENCE,"base spectral fidelity minus child spectral fidelity, same full/projected scope; no-op0",600,49,12,True,exact persisted spectrum subset only; not complete teacher domain; descriptive no inference/certificate,spectrum_plus_teacher_best,teacher-best evaluator augmentation introduces utility-selection bias,information_fidelity_improvement,49,0,1.213399455334563e-18,DESCRIPTIVE,0.20578231292517005,0.28826530612244894,1,0.5,2.425427253919312e-05,1.5725204811751722e-12,1.213399455334563e-18,False,False,"[1, 318]","[318, 0]","[1, 318]","[318, 0]",candidate-only; numerical ties broken by original move_index; expanded sets also saved,5.045426377356461e-05,1,0.00024177584334084123,2.619999123437149e-05,False,1,2.425427253919312e-05,2.425427253919312e-05,descriptive ambiguity from score ties; not uncertainty interval/certificate,"one matched checkpoint, same available paired subset; scores measured relative to no-op zero"
2007,middle,8,b21bb4739b29eb7a9609a3988b53c0feb3fd02e4cc8439d65a6ab1dcdbb7ea25,7c708621363a1f54816c3f30f0a5b9490c9fcb305df7cf817f3398432fe3c9bc,9634371d010015830e749145af820e030601042b28a682ef57dda57fbfa764c2,<WORKSPACE>/Gaussian/A17/EXCHANGE_R1/results/object_2007_middle,FULL_SMALL_REFERENCE,"base spectral fidelity minus child spectral fidelity, same full/projected scope; no-op0",1168,97,12,True,exact persisted spectrum subset only; not complete teacher domain; descriptive no inference/certificate,fixed12_per_removal,predeclared fixed bank; bounded nonrandom subset,receiver_score,96,0,1.213399455334563e-18,DESCRIPTIVE,0.30438596491228065,0.47090341833966365,0,0.0,6.314592055420442e-06,1.2613739852357668e-13,1.213399455334563e-18,False,False,"[1110, 964]","[88, 57]","[1110, 964]","[88, 57]",candidate-only; numerical ties broken by original move_index; expanded sets also saved,5.657865643792113e-06,1110,3.124638143479333,-6.567264116283294e-07,False,1,6.314592055420442e-06,6.314592055420442e-06,descriptive ambiguity from score ties; not uncertainty interval/certificate,"one matched checkpoint, same available paired subset; scores measured relative to no-op zero"
2007,middle,8,b21bb4739b29eb7a9609a3988b53c0feb3fd02e4cc8439d65a6ab1dcdbb7ea25,7c708621363a1f54816c3f30f0a5b9490c9fcb305df7cf817f3398432fe3c9bc,9634371d010015830e749145af820e030601042b28a682ef57dda57fbfa764c2,<WORKSPACE>/Gaussian/A17/EXCHANGE_R1/results/object_2007_middle,FULL_SMALL_REFERENCE,"base spectral fidelity minus child spectral fidelity, same full/projected scope; no-op0",1168,97,12,True,exact persisted spectrum subset only; not complete teacher domain; descriptive no inference/certificate,fixed12_per_removal,predeclared fixed bank; bounded nonrandom subset,delta_logdet_volume,96,0,1.213399455334563e-18,DESCRIPTIVE,0.13771929824561402,0.19835865436787845,0,0.0,4.430950930400939e-06,3.774736516174088e-13,1.213399455334563e-18,False,False,"[234, 526]","[88, 57]","[234, 526]","[88, 57]",candidate-only; numerical ties broken by original move_index; expanded sets also saved,5.657865643792113e-06,234,13.281173412237052,1.2269147133911733e-06,False,1,4.430950930400939e-06,4.430950930400939e-06,descriptive ambiguity from score ties; not uncertainty interval/certificate,"one matched checkpoint, same available paired subset; scores measured relative to no-op zero"
2007,middle,8,b21bb4739b29eb7a9609a3988b53c0feb3fd02e4cc8439d65a6ab1dcdbb7ea25,7c708621363a1f54816c3f30f0a5b9490c9fcb305df7cf817f3398432fe3c9bc,9634371d010015830e749145af820e030601042b28a682ef57dda57fbfa764c2,<WORKSPACE>/Gaussian/A17/EXCHANGE_R1/results/object_2007_middle,FULL_SMALL_REFERENCE,"base spectral fidelity minus child spectral fidelity, same full/projected scope; no-op0",1168,97,12,True,exact persisted spectrum subset only; not complete teacher domain; descriptive no inference/certificate,fixed12_per_removal,predeclared fixed bank; bounded nonrandom subset,delta_effective_dim,96,0,1.213399455334563e-18,DESCRIPTIVE,0.006140350877192982,0.015368963646228974,0,0.0,9.711978143087393e-06,5.1004820855490546e-14,1.213399455334563e-18,False,False,"[317, 25]","[88, 57]","[317, 25]","[88, 57]",candidate-only; numerical ties broken by original move_index; expanded sets also saved,5.657865643792113e-06,317,1.7945725953037979,-4.05411249929528e-06,False,1,9.711978143087393e-06,9.711978143087393e-06,descriptive ambiguity from score ties; not uncertainty interval/certificate,"one matched checkpoint, same available paired subset; scores measured relative to no-op zero"
2007,middle,8,b21bb4739b29eb7a9609a3988b53c0feb3fd02e4cc8439d65a6ab1dcdbb7ea25,7c708621363a1f54816c3f30f0a5b9490c9fcb305df7cf817f3398432fe3c9bc,9634371d010015830e749145af820e030601042b28a682ef57dda57fbfa764c2,<WORKSPACE>/Gaussian/A17/EXCHANGE_R1/results/object_2007_middle,FULL_SMALL_REFERENCE,"base spectral fidelity minus child spectral fidelity, same full/projected scope; no-op0",1168,97,12,True,exact persisted spectrum subset only; not complete teacher domain; descriptive no inference/certificate,fixed12_per_removal,predeclared fixed bank; bounded nonrandom subset,Qhat,96,0,1.213399455334563e-18,DESCRIPTIVE,0.9271929824561402,0.9838171459576777,2,1.0,0.0,1.213399455334563e-18,1.213399455334563e-18,False,False,"[88, 57]","[88, 57]","[88, 57]","[88, 57]",candidate-only; numerical ties broken by original move_index; expanded sets also saved,5.657865643792113e-06,88,4.949682704528198e-06,5.657865643792113e-06,False,1,0.0,0.0,descriptive ambiguity from score ties; not uncertainty interval/certificate,"one matched checkpoint, same available paired subset; scores measured relative to no-op zero"
2007,middle,8,b21bb4739b29eb7a9609a3988b53c0feb3fd02e4cc8439d65a6ab1dcdbb7ea25,7c708621363a1f54816c3f30f0a5b9490c9fcb305df7cf817f3398432fe3c9bc,9634371d010015830e749145af820e030601042b28a682ef57dda57fbfa764c2,<WORKSPACE>/Gaussian/A17/EXCHANGE_R1/results/object_2007_middle,FULL_SMALL_REFERENCE,"base spectral fidelity minus child spectral fidelity, same full/projected scope; no-op0",1168,97,12,True,exact persisted spectrum subset only; not complete teacher domain; descriptive no inference/certificate,fixed12_per_removal,predeclared fixed bank; bounded nonrandom subset,information_fidelity_improvement,96,0,1.213399455334563e-18,DESCRIPTIVE,0.0513157894736842,0.06770211611502984,0,0.0,7.313477560759175e-06,1.4795650268765605e-12,1.213399455334563e-18,False,False,"[755, 203]","[88, 57]","[755, 203]","[88, 57]",candidate-only; numerical ties broken by original move_index; expanded sets also saved,5.657865643792113e-06,755,0.005589812156719276,-1.655611916967062e-06,False,1,7.313477560759175e-06,7.313477560759175e-06,descriptive ambiguity from score ties; not uncertainty interval/certificate,"one matched checkpoint, same available paired subset; scores measured relative to no-op zero"
2007,middle,8,b21bb4739b29eb7a9609a3988b53c0feb3fd02e4cc8439d65a6ab1dcdbb7ea25,7c708621363a1f54816c3f30f0a5b9490c9fcb305df7cf817f3398432fe3c9bc,9634371d010015830e749145af820e030601042b28a682ef57dda57fbfa764c2,<WORKSPACE>/Gaussian/A17/EXCHANGE_R1/results/object_2007_middle,FULL_SMALL_REFERENCE,"base spectral fidelity minus child spectral fidelity, same full/projected scope; no-op0",1168,97,12,True,exact persisted spectrum subset only; not complete teacher domain; descriptive no inference/certificate,spectrum_plus_teacher_best,teacher-best evaluator augmentation introduces utility-selection bias,receiver_score,97,0,1.213399455334563e-18,DESCRIPTIVE,0.2839347079037801,0.44274668630338726,0,0.0,8.005252339156737e-06,1.2613739852357668e-13,1.213399455334563e-18,False,False,"[1110, 964]","[5, 88]","[1110, 964]","[5, 88]",candidate-only; numerical ties broken by original move_index; expanded sets also saved,7.348525927528407e-06,1110,3.124638143479333,-6.567264116283294e-07,False,1,8.005252339156737e-06,8.005252339156737e-06,descriptive ambiguity from score ties; not uncertainty interval/certificate,"one matched checkpoint, same available paired subset; scores measured relative to no-op zero"
2007,middle,8,b21bb4739b29eb7a9609a3988b53c0feb3fd02e4cc8439d65a6ab1dcdbb7ea25,7c708621363a1f54816c3f30f0a5b9490c9fcb305df7cf817f3398432fe3c9bc,9634371d010015830e749145af820e030601042b28a682ef57dda57fbfa764c2,<WORKSPACE>/Gaussian/A17/EXCHANGE_R1/results/object_2007_middle,FULL_SMALL_REFERENCE,"base spectral fidelity minus child spectral fidelity, same full/projected scope; no-op0",1168,97,12,True,exact persisted spectrum subset only; not complete teacher domain; descriptive no inference/certificate,spectrum_plus_teacher_best,teacher-best evaluator augmentation introduces utility-selection bias,delta_logdet_volume,97,0,1.213399455334563e-18,DESCRIPTIVE,0.14604810996563578,0.21016989269934774,0,0.0,6.121611214137233e-06,3.774736516174088e-13,1.213399455334563e-18,False,False,"[234, 526]","[5, 88]","[234, 526]","[5, 88]",candidate-only; numerical ties broken by original move_index; expanded sets also saved,7.348525927528407e-06,234,13.281173412237052,1.2269147133911733e-06,False,1,6.121611214137233e-06,6.121611214137233e-06,descriptive ambiguity from score ties; not uncertainty interval/certificate,"one matched checkpoint, same available paired subset; scores measured relative to no-op zero"
2007,middle,8,b21bb4739b29eb7a9609a3988b53c0feb3fd02e4cc8439d65a6ab1dcdbb7ea25,7c708621363a1f54816c3f30f0a5b9490c9fcb305df7cf817f3398432fe3c9bc,9634371d010015830e749145af820e030601042b28a682ef57dda57fbfa764c2,<WORKSPACE>/Gaussian/A17/EXCHANGE_R1/results/object_2007_middle,FULL_SMALL_REFERENCE,"base spectral fidelity minus child spectral fidelity, same full/projected scope; no-op0",1168,97,12,True,exact persisted spectrum subset only; not complete teacher domain; descriptive no inference/certificate,spectrum_plus_teacher_best,teacher-best evaluator augmentation introduces utility-selection bias,delta_effective_dim,97,0,1.213399455334563e-18,DESCRIPTIVE,0.006872852233676977,0.018146433831264464,0,0.0,1.1402638426823687e-05,5.1004820855490546e-14,1.213399455334563e-18,False,False,"[317, 25]","[5, 88]","[317, 25]","[5, 88]",candidate-only; numerical ties broken by original move_index; expanded sets also saved,7.348525927528407e-06,317,1.7945725953037979,-4.05411249929528e-06,False,1,1.1402638426823687e-05,1.1402638426823687e-05,descriptive ambiguity from score ties; not uncertainty interval/certificate,"one matched checkpoint, same available paired subset; scores measured relative to no-op zero"
2007,middle,8,b21bb4739b29eb7a9609a3988b53c0feb3fd02e4cc8439d65a6ab1dcdbb7ea25,7c708621363a1f54816c3f30f0a5b9490c9fcb305df7cf817f3398432fe3c9bc,9634371d010015830e749145af820e030601042b28a682ef57dda57fbfa764c2,<WORKSPACE>/Gaussian/A17/EXCHANGE_R1/results/object_2007_middle,FULL_SMALL_REFERENCE,"base spectral fidelity minus child spectral fidelity, same full/projected scope; no-op0",1168,97,12,True,exact persisted spectrum subset only; not complete teacher domain; descriptive no inference/certificate,spectrum_plus_teacher_best,teacher-best evaluator augmentation introduces utility-selection bias,Qhat,97,0,1.213399455334563e-18,DESCRIPTIVE,0.9286941580756015,0.9843125394487691,2,1.0,0.0,1.213399455334563e-18,1.213399455334563e-18,False,False,"[5, 88]","[5, 88]","[5, 88]","[5, 88]",candidate-only; numerical ties broken by original move_index; expanded sets also saved,7.348525927528407e-06,5,5.785303902554124e-06,7.348525927528407e-06,False,1,0.0,0.0,descriptive ambiguity from score ties; not uncertainty interval/certificate,"one matched checkpoint, same available paired subset; scores measured relative to no-op zero"
2007,middle,8,b21bb4739b29eb7a9609a3988b53c0feb3fd02e4cc8439d65a6ab1dcdbb7ea25,7c708621363a1f54816c3f30f0a5b9490c9fcb305df7cf817f3398432fe3c9bc,9634371d010015830e749145af820e030601042b28a682ef57dda57fbfa764c2,<WORKSPACE>/Gaussian/A17/EXCHANGE_R1/results/object_2007_middle,FULL_SMALL_REFERENCE,"base spectral fidelity minus child spectral fidelity, same full/projected scope; no-op0",1168,97,12,True,exact persisted spectrum subset only; not complete teacher domain; descriptive no inference/certificate,spectrum_plus_teacher_best,teacher-best evaluator augmentation introduces utility-selection bias,information_fidelity_improvement,97,0,1.213399455334563e-18,DESCRIPTIVE,0.07087628865979383,0.09624184725436566,1,0.5,0.0,1.4795650268765605e-12,1.213399455334563e-18,False,False,"[5, 755]","[5, 88]","[5, 755]","[5, 88]",candidate-only; numerical ties broken by original move_index; expanded sets also saved,7.348525927528407e-06,5,0.008518535028310237,7.348525927528407e-06,False,1,0.0,0.0,descriptive ambiguity from score ties; not uncertainty interval/certificate,"one matched checkpoint, same available paired subset; scores measured relative to no-op zero"
2007,middle,16,b21bb4739b29eb7a9609a3988b53c0feb3fd02e4cc8439d65a6ab1dcdbb7ea25,7c708621363a1f54816c3f30f0a5b9490c9fcb305df7cf817f3398432fe3c9bc,d3e2b82375fe61e53e82adbbfe66055397100b936852af69db8d9bec0c513441,<WORKSPACE>/Gaussian/A17/EXCHANGE_R1/results/object_2007_middle,FULL_SMALL_REFERENCE,"base spectral fidelity minus child spectral fidelity, same full/projected scope; no-op0",2208,193,12,True,exact persisted spectrum subset only; not complete teacher domain; descriptive no inference/certificate,fixed12_per_removal,predeclared fixed bank; bounded nonrandom subset,receiver_score,192,0,1.213399455334563e-18,DESCRIPTIVE,-0.1756108202443281,-0.23074966768846816,0,0.0,3.7777696783392384e-07,1.2613739852357668e-13,1.213399455334563e-18,False,False,"[2150, 2012]","[1, 112]","[2150, 2012]","[1, 112]",candidate-only; numerical ties broken by original move_index; expanded sets also saved,8.659950704754681e-07,2150,4.067454039391144,4.882181026415443e-07,False,1,3.7777696783392384e-07,3.7777696783392384e-07,descriptive ambiguity from score ties; not uncertainty interval/certificate,"one matched checkpoint, same available paired subset; scores measured relative to no-op zero"
2007,middle,16,b21bb4739b29eb7a9609a3988b53c0feb3fd02e4cc8439d65a6ab1dcdbb7ea25,7c708621363a1f54816c3f30f0a5b9490c9fcb305df7cf817f3398432fe3c9bc,d3e2b82375fe61e53e82adbbfe66055397100b936852af69db8d9bec0c513441,<WORKSPACE>/Gaussian/A17/EXCHANGE_R1/results/object_2007_middle,FULL_SMALL_REFERENCE,"base spectral fidelity minus child spectral fidelity, same full/projected scope; no-op0",2208,193,12,True,exact persisted spectrum subset only; not complete teacher domain; descriptive no inference/certificate,fixed12_per_removal,predeclared fixed bank; bounded nonrandom subset,delta_logdet_volume,192,0,1.213399455334563e-18,DESCRIPTIVE,0.14910558464223386,0.2232930038249736,0,0.0,8.276400092811109e-07,3.009049346623659e-13,1.213399455334563e-18,False,False,"[218, 80]","[1, 112]","[218, 80]","[1, 112]",candidate-only; numerical ties broken by original move_index; expanded sets also saved,8.659950704754681e-07,218,10.587151184526363,3.835506119435728e-08,False,1,8.276400092811109e-07,8.276400092811109e-07,descriptive ambiguity from score ties; not uncertainty interval/certificate,"one matched checkpoint, same available paired subset; scores measured relative to no-op zero"
2007,middle,16,b21bb4739b29eb7a9609a3988b53c0feb3fd02e4cc8439d65a6ab1dcdbb7ea25,7c708621363a1f54816c3f30f0a5b9490c9fcb305df7cf817f3398432fe3c9bc,d3e2b82375fe61e53e82adbbfe66055397100b936852af69db8d9bec0c513441,<WORKSPACE>/Gaussian/A17/EXCHANGE_R1/results/object_2007_middle,FULL_SMALL_REFERENCE,"base spectral fidelity minus child spectral fidelity, same full/projected scope; no-op0",2208,193,12,True,exact persisted spectrum subset only; not complete teacher domain; descriptive no inference/certificate,fixed12_per_removal,predeclared fixed bank; bounded nonrandom subset,delta_effective_dim,192,0,1.213399455334563e-18,DESCRIPTIVE,0.12183682373472951,0.16831748636844535,0,0.0,6.801414359349069e-07,2.842170943040401e-14,1.213399455334563e-18,False,False,"[17, 293]","[1, 112]","[17, 293]","[1, 112]",candidate-only; numerical ties broken by original move_index; expanded sets also saved,8.659950704754681e-07,17,0.8045661506658064,1.8585363454056122e-07,False,1,6.801414359349069e-07,6.801414359349069e-07,descriptive ambiguity from score ties; not uncertainty interval/certificate,"one matched checkpoint, same available paired subset; scores measured relative to no-op zero"
2007,middle,16,b21bb4739b29eb7a9609a3988b53c0feb3fd02e4cc8439d65a6ab1dcdbb7ea25,7c708621363a1f54816c3f30f0a5b9490c9fcb305df7cf817f3398432fe3c9bc,d3e2b82375fe61e53e82adbbfe66055397100b936852af69db8d9bec0c513441,<WORKSPACE>/Gaussian/A17/EXCHANGE_R1/results/object_2007_middle,FULL_SMALL_REFERENCE,"base spectral fidelity minus child spectral fidelity, same full/projected scope; no-op0",2208,193,12,True,exact persisted spectrum subset only; not complete teacher domain; descriptive no inference/certificate,fixed12_per_removal,predeclared fixed bank; bounded nonrandom subset,Qhat,192,0,1.213399455334563e-18,DESCRIPTIVE,0.7733420593368238,0.9103081002631367,1,0.5,0.0,1.213399455334563e-18,1.213399455334563e-18,False,False,"[1, 0]","[1, 112]","[1, 0]","[1, 112]",candidate-only; numerical ties broken by original move_index; expanded sets also saved,8.659950704754681e-07,1,8.379325507434838e-07,8.659950704754681e-07,False,1,0.0,0.0,descriptive ambiguity from score ties; not uncertainty interval/certificate,"one matched checkpoint, same available paired subset; scores measured relative to no-op zero"
2007,middle,16,b21bb4739b29eb7a9609a3988b53c0feb3fd02e4cc8439d65a6ab1dcdbb7ea25,7c708621363a1f54816c3f30f0a5b9490c9fcb305df7cf817f3398432fe3c9bc,d3e2b82375fe61e53e82adbbfe66055397100b936852af69db8d9bec0c513441,<WORKSPACE>/Gaussian/A17/EXCHANGE_R1/results/object_2007_middle,FULL_SMALL_REFERENCE,"base spectral fidelity minus child spectral fidelity, same full/projected scope; no-op0",2208,193,12,True,exact persisted spectrum subset only; not complete teacher domain; descriptive no inference/certificate,fixed12_per_removal,predeclared fixed bank; bounded nonrandom subset,information_fidelity_improvement,192,0,1.213399455334563e-18,DESCRIPTIVE,-0.10503926701570682,-0.15658824566638638,0,0.0,8.704921056751608e-07,1.562008803777143e-12,1.213399455334563e-18,False,False,"[707, 292]","[1, 112]","[707, 292]","[1, 112]",candidate-only; numerical ties broken by original move_index; expanded sets also saved,8.659950704754681e-07,707,0.02536655201385629,-4.497035199692661e-09,False,1,8.704921056751608e-07,8.704921056751608e-07,descriptive ambiguity from score ties; not uncertainty interval/certificate,"one matched checkpoint, same available paired subset; scores measured relative to no-op zero"
2007,middle,16,b21bb4739b29eb7a9609a3988b53c0feb3fd02e4cc8439d65a6ab1dcdbb7ea25,7c708621363a1f54816c3f30f0a5b9490c9fcb305df7cf817f3398432fe3c9bc,d3e2b82375fe61e53e82adbbfe66055397100b936852af69db8d9bec0c513441,<WORKSPACE>/Gaussian/A17/EXCHANGE_R1/results/object_2007_middle,FULL_SMALL_REFERENCE,"base spectral fidelity minus child spectral fidelity, same full/projected scope; no-op0",2208,193,12,True,exact persisted spectrum subset only; not complete teacher domain; descriptive no inference/certificate,spectrum_plus_teacher_best,teacher-best evaluator augmentation introduces utility-selection bias,receiver_score,193,0,1.213399455334563e-18,DESCRIPTIVE,-0.18253454231433508,-0.2404602451792105,0,0.0,5.538400691607034e-07,1.2613739852357668e-13,1.213399455334563e-18,False,False,"[2150, 2012]","[2, 1]","[2150, 2012]","[2, 1]",candidate-only; numerical ties broken by original move_index; expanded sets also saved,1.0420581718022477e-06,2150,4.067454039391144,4.882181026415443e-07,False,1,5.538400691607034e-07,5.538400691607034e-07,descriptive ambiguity from score ties; not uncertainty interval/certificate,"one matched checkpoint, same available paired subset; scores measured relative to no-op zero"
2007,middle,16,b21bb4739b29eb7a9609a3988b53c0feb3fd02e4cc8439d65a6ab1dcdbb7ea25,7c708621363a1f54816c3f30f0a5b9490c9fcb305df7cf817f3398432fe3c9bc,d3e2b82375fe61e53e82adbbfe66055397100b936852af69db8d9bec0c513441,<WORKSPACE>/Gaussian/A17/EXCHANGE_R1/results/object_2007_middle,FULL_SMALL_REFERENCE,"base spectral fidelity minus child spectral fidelity, same full/projected scope; no-op0",2208,193,12,True,exact persisted spectrum subset only; not complete teacher domain; descriptive no inference/certificate,spectrum_plus_teacher_best,teacher-best evaluator augmentation introduces utility-selection bias,delta_logdet_volume,193,0,1.213399455334563e-18,DESCRIPTIVE,0.14550949913644215,0.21938264515784411,0,0.0,1.0037031106078904e-06,3.009049346623659e-13,1.213399455334563e-18,False,False,"[218, 80]","[2, 1]","[218, 80]","[2, 1]",candidate-only; numerical ties broken by original move_index; expanded sets also saved,1.0420581718022477e-06,218,10.587151184526363,3.835506119435728e-08,False,1,1.0037031106078904e-06,1.0037031106078904e-06,descriptive ambiguity from score ties; not uncertainty interval/certificate,"one matched checkpoint, same available paired subset; scores measured relative to no-op zero"
2007,middle,16,b21bb4739b29eb7a9609a3988b53c0feb3fd02e4cc8439d65a6ab1dcdbb7ea25,7c708621363a1f54816c3f30f0a5b9490c9fcb305df7cf817f3398432fe3c9bc,d3e2b82375fe61e53e82adbbfe66055397100b936852af69db8d9bec0c513441,<WORKSPACE>/Gaussian/A17/EXCHANGE_R1/results/object_2007_middle,FULL_SMALL_REFERENCE,"base spectral fidelity minus child spectral fidelity, same full/projected scope; no-op0",2208,193,12,True,exact persisted spectrum subset only; not complete teacher domain; descriptive no inference/certificate,spectrum_plus_teacher_best,teacher-best evaluator augmentation introduces utility-selection bias,delta_effective_dim,193,0,1.213399455334563e-18,DESCRIPTIVE,0.11442141623488775,0.15762546071256878,0,0.0,8.562045372616865e-07,2.842170943040401e-14,1.213399455334563e-18,False,False,"[17, 293]","[2, 1]","[17, 293]","[2, 1]",candidate-only; numerical ties broken by original move_index; expanded sets also saved,1.0420581718022477e-06,17,0.8045661506658064,1.8585363454056122e-07,False,1,8.562045372616865e-07,8.562045372616865e-07,descriptive ambiguity from score ties; not uncertainty interval/certificate,"one matched checkpoint, same available paired subset; scores measured relative to no-op zero"
2007,middle,16,b21bb4739b29eb7a9609a3988b53c0feb3fd02e4cc8439d65a6ab1dcdbb7ea25,7c708621363a1f54816c3f30f0a5b9490c9fcb305df7cf817f3398432fe3c9bc,d3e2b82375fe61e53e82adbbfe66055397100b936852af69db8d9bec0c513441,<WORKSPACE>/Gaussian/A17/EXCHANGE_R1/results/object_2007_middle,FULL_SMALL_REFERENCE,"base spectral fidelity minus child spectral fidelity, same full/projected scope; no-op0",2208,193,12,True,exact persisted spectrum subset only; not complete teacher domain; descriptive no inference/certificate,spectrum_plus_teacher_best,teacher-best evaluator augmentation introduces utility-selection bias,Qhat,193,0,1.213399455334563e-18,DESCRIPTIVE,0.7756908462867012,0.9116950884033972,2,1.0,0.0,1.213399455334563e-18,1.213399455334563e-18,False,False,"[2, 1]","[2, 1]","[2, 1]","[2, 1]",candidate-only; numerical ties broken by original move_index; expanded sets also saved,1.0420581718022477e-06,2,9.312371508313154e-07,1.0420581718022477e-06,False,1,0.0,0.0,descriptive ambiguity from score ties; not uncertainty interval/certificate,"one matched checkpoint, same available paired subset; scores measured relative to no-op zero"
2007,middle,16,b21bb4739b29eb7a9609a3988b53c0feb3fd02e4cc8439d65a6ab1dcdbb7ea25,7c708621363a1f54816c3f30f0a5b9490c9fcb305df7cf817f3398432fe3c9bc,d3e2b82375fe61e53e82adbbfe66055397100b936852af69db8d9bec0c513441,<WORKSPACE>/Gaussian/A17/EXCHANGE_R1/results/object_2007_middle,FULL_SMALL_REFERENCE,"base spectral fidelity minus child spectral fidelity, same full/projected scope; no-op0",2208,193,12,True,exact persisted spectrum subset only; not complete teacher domain; descriptive no inference/certificate,spectrum_plus_teacher_best,teacher-best evaluator augmentation introduces utility-selection bias,information_fidelity_improvement,193,0,1.213399455334563e-18,DESCRIPTIVE,-0.1031951640759931,-0.15420350141552266,0,0.0,1.0465552070019404e-06,1.562008803777143e-12,1.213399455334563e-18,False,False,"[707, 292]","[2, 1]","[707, 292]","[2, 1]",candidate-only; numerical ties broken by original move_index; expanded sets also saved,1.0420581718022477e-06,707,0.02536655201385629,-4.497035199692661e-09,False,1,1.0465552070019404e-06,1.0465552070019404e-06,descriptive ambiguity from score ties; not uncertainty interval/certificate,"one matched checkpoint, same available paired subset; scores measured relative to no-op zero"
2012,early,4,25387349f2beb0f96d242ca9b954a62e6bfcc22e30747f954ca70f472e65a2bd,1b8d28c9a325e4528b333f93c4eb260b516b3016d9e8c823bf68a33812c2279c,7f51838a3745a97f7b4bbdf9712bebfd2de490b2fe7914eaa3291aba430eecea,<WORKSPACE>/Gaussian/A17/EXCHANGE_R1/results/object_2012_early,PROJECTED_ONLY,"base spectral fidelity minus child spectral fidelity, same full/projected scope; no-op0",600,48,12,False,exact persisted spectrum subset only; not complete teacher domain; descriptive no inference/certificate,fixed12_per_removal,predeclared fixed bank; bounded nonrandom subset,receiver_score,48,0,3.8122333276399174e-14,DESCRIPTIVE,-0.39539007092198586,-0.5972644376899696,0,0.0,0.012500474948663864,5.329257160506962e-14,3.8122333276399174e-14,False,False,"[510, 511]","[0, 1]","[510, 511]","[0, 1]",candidate-only; numerical ties broken by original move_index; expanded sets also saved,0.002044583855756647,510,0.9252855380113093,-0.010455891092907217,False,1,0.012500474948663864,0.012500474948663864,descriptive ambiguity from score ties; not uncertainty interval/certificate,"one matched checkpoint, same available paired subset; scores measured relative to no-op zero"
2012,early,4,25387349f2beb0f96d242ca9b954a62e6bfcc22e30747f954ca70f472e65a2bd,1b8d28c9a325e4528b333f93c4eb260b516b3016d9e8c823bf68a33812c2279c,7f51838a3745a97f7b4bbdf9712bebfd2de490b2fe7914eaa3291aba430eecea,<WORKSPACE>/Gaussian/A17/EXCHANGE_R1/results/object_2012_early,PROJECTED_ONLY,"base spectral fidelity minus child spectral fidelity, same full/projected scope; no-op0",600,48,12,False,exact persisted spectrum subset only; not complete teacher domain; descriptive no inference/certificate,fixed12_per_removal,predeclared fixed bank; bounded nonrandom subset,delta_logdet_volume,48,0,3.8122333276399174e-14,DESCRIPTIVE,-0.04787234042553192,-0.10486322188449848,0,0.0,0.003500226049044767,9.562601557844283e-13,3.8122333276399174e-14,False,False,"[179, 328]","[0, 1]","[179, 328]","[0, 1]",candidate-only; numerical ties broken by original move_index; expanded sets also saved,0.002044583855756647,179,33.387598073673075,-0.0014556421932881197,False,1,0.003500226049044767,0.003500226049044767,descriptive ambiguity from score ties; not uncertainty interval/certificate,"one matched checkpoint, same available paired subset; scores measured relative to no-op zero"
2012,early,4,25387349f2beb0f96d242ca9b954a62e6bfcc22e30747f954ca70f472e65a2bd,1b8d28c9a325e4528b333f93c4eb260b516b3016d9e8c823bf68a33812c2279c,7f51838a3745a97f7b4bbdf9712bebfd2de490b2fe7914eaa3291aba430eecea,<WORKSPACE>/Gaussian/A17/EXCHANGE_R1/results/object_2012_early,PROJECTED_ONLY,"base spectral fidelity minus child spectral fidelity, same full/projected scope; no-op0",600,48,12,False,exact persisted spectrum subset only; not complete teacher domain; descriptive no inference/certificate,fixed12_per_removal,predeclared fixed bank; bounded nonrandom subset,delta_effective_dim,48,0,3.8122333276399174e-14,DESCRIPTIVE,0.033687943262411355,0.1223404255319149,0,0.0,0.007759139062663092,1.609714691844741e-13,3.8122333276399174e-14,False,False,"[178, 179]","[0, 1]","[178, 179]","[0, 1]",candidate-only; numerical ties broken by original move_index; expanded sets also saved,0.002044583855756647,178,4.7867668293066,-0.005714555206906445,False,1,0.007759139062663092,0.007759139062663092,descriptive ambiguity from score ties; not uncertainty interval/certificate,"one matched checkpoint, same available paired subset; scores measured relative to no-op zero"
2012,early,4,25387349f2beb0f96d242ca9b954a62e6bfcc22e30747f954ca70f472e65a2bd,1b8d28c9a325e4528b333f93c4eb260b516b3016d9e8c823bf68a33812c2279c,7f51838a3745a97f7b4bbdf9712bebfd2de490b2fe7914eaa3291aba430eecea,<WORKSPACE>/Gaussian/A17/EXCHANGE_R1/results/object_2012_early,PROJECTED_ONLY,"base spectral fidelity minus child spectral fidelity, same full/projected scope; no-op0",600,48,12,False,exact persisted spectrum subset only; not complete teacher domain; descriptive no inference/certificate,fixed12_per_removal,predeclared fixed bank; bounded nonrandom subset,Qhat,48,0,3.8122333276399174e-14,DESCRIPTIVE,0.9946808510638299,0.9995657837603126,2,1.0,0.0,3.8122333276399174e-14,3.8122333276399174e-14,False,False,"[0, 1]","[0, 1]","[0, 1]","[0, 1]",candidate-only; numerical ties broken by original move_index; expanded sets also saved,0.002044583855756647,0,0.0020157357118234403,0.002044583855756647,False,1,0.0,0.0,descriptive ambiguity from score ties; not uncertainty interval/certificate,"one matched checkpoint, same available paired subset; scores measured relative to no-op zero"
2012,early,4,25387349f2beb0f96d242ca9b954a62e6bfcc22e30747f954ca70f472e65a2bd,1b8d28c9a325e4528b333f93c4eb260b516b3016d9e8c823bf68a33812c2279c,7f51838a3745a97f7b4bbdf9712bebfd2de490b2fe7914eaa3291aba430eecea,<WORKSPACE>/Gaussian/A17/EXCHANGE_R1/results/object_2012_early,PROJECTED_ONLY,"base spectral fidelity minus child spectral fidelity, same full/projected scope; no-op0",600,48,12,False,exact persisted spectrum subset only; not complete teacher domain; descriptive no inference/certificate,fixed12_per_removal,predeclared fixed bank; bounded nonrandom subset,information_fidelity_improvement,48,0,3.8122333276399174e-14,DESCRIPTIVE,0.18262411347517732,0.28180633955709944,0,0.0,0.0001043960251857351,2.842170943040401e-14,3.8122333276399174e-14,False,False,"[150, 300]","[0, 1]","[150, 300]","[0, 1]",candidate-only; numerical ties broken by original move_index; expanded sets also saved,0.002044583855756647,150,0.07858029806035638,0.0019401878305709119,False,1,0.0001043960251857351,0.0001043960251857351,descriptive ambiguity from score ties; not uncertainty interval/certificate,"one matched checkpoint, same available paired subset; scores measured relative to no-op zero"
2012,early,4,25387349f2beb0f96d242ca9b954a62e6bfcc22e30747f954ca70f472e65a2bd,1b8d28c9a325e4528b333f93c4eb260b516b3016d9e8c823bf68a33812c2279c,7f51838a3745a97f7b4bbdf9712bebfd2de490b2fe7914eaa3291aba430eecea,<WORKSPACE>/Gaussian/A17/EXCHANGE_R1/results/object_2012_early,PROJECTED_ONLY,"base spectral fidelity minus child spectral fidelity, same full/projected scope; no-op0",600,48,12,False,exact persisted spectrum subset only; not complete teacher domain; descriptive no inference/certificate,spectrum_plus_teacher_best,teacher-best evaluator augmentation introduces utility-selection bias,receiver_score,48,0,3.8122333276399174e-14,DESCRIPTIVE,-0.39539007092198586,-0.5972644376899696,0,0.0,0.012500474948663864,5.329257160506962e-14,3.8122333276399174e-14,False,False,"[510, 511]","[0, 1]","[510, 511]","[0, 1]",candidate-only; numerical ties broken by original move_index; expanded sets also saved,0.002044583855756647,510,0.9252855380113093,-0.010455891092907217,False,1,0.012500474948663864,0.012500474948663864,descriptive ambiguity from score ties; not uncertainty interval/certificate,"one matched checkpoint, same available paired subset; scores measured relative to no-op zero"
2012,early,4,25387349f2beb0f96d242ca9b954a62e6bfcc22e30747f954ca70f472e65a2bd,1b8d28c9a325e4528b333f93c4eb260b516b3016d9e8c823bf68a33812c2279c,7f51838a3745a97f7b4bbdf9712bebfd2de490b2fe7914eaa3291aba430eecea,<WORKSPACE>/Gaussian/A17/EXCHANGE_R1/results/object_2012_early,PROJECTED_ONLY,"base spectral fidelity minus child spectral fidelity, same full/projected scope; no-op0",600,48,12,False,exact persisted spectrum subset only; not complete teacher domain; descriptive no inference/certificate,spectrum_plus_teacher_best,teacher-best evaluator augmentation introduces utility-selection bias,delta_logdet_volume,48,0,3.8122333276399174e-14,DESCRIPTIVE,-0.04787234042553192,-0.10486322188449848,0,0.0,0.003500226049044767,9.562601557844283e-13,3.8122333276399174e-14,False,False,"[179, 328]","[0, 1]","[179, 328]","[0, 1]",candidate-only; numerical ties broken by original move_index; expanded sets also saved,0.002044583855756647,179,33.387598073673075,-0.0014556421932881197,False,1,0.003500226049044767,0.003500226049044767,descriptive ambiguity from score ties; not uncertainty interval/certificate,"one matched checkpoint, same available paired subset; scores measured relative to no-op zero"
2012,early,4,25387349f2beb0f96d242ca9b954a62e6bfcc22e30747f954ca70f472e65a2bd,1b8d28c9a325e4528b333f93c4eb260b516b3016d9e8c823bf68a33812c2279c,7f51838a3745a97f7b4bbdf9712bebfd2de490b2fe7914eaa3291aba430eecea,<WORKSPACE>/Gaussian/A17/EXCHANGE_R1/results/object_2012_early,PROJECTED_ONLY,"base spectral fidelity minus child spectral fidelity, same full/projected scope; no-op0",600,48,12,False,exact persisted spectrum subset only; not complete teacher domain; descriptive no inference/certificate,spectrum_plus_teacher_best,teacher-best evaluator augmentation introduces utility-selection bias,delta_effective_dim,48,0,3.8122333276399174e-14,DESCRIPTIVE,0.033687943262411355,0.1223404255319149,0,0.0,0.007759139062663092,1.609714691844741e-13,3.8122333276399174e-14,False,False,"[178, 179]","[0, 1]","[178, 179]","[0, 1]",candidate-only; numerical ties broken by original move_index; expanded sets also saved,0.002044583855756647,178,4.7867668293066,-0.005714555206906445,False,1,0.007759139062663092,0.007759139062663092,descriptive ambiguity from score ties; not uncertainty interval/certificate,"one matched checkpoint, same available paired subset; scores measured relative to no-op zero"
2012,early,4,25387349f2beb0f96d242ca9b954a62e6bfcc22e30747f954ca70f472e65a2bd,1b8d28c9a325e4528b333f93c4eb260b516b3016d9e8c823bf68a33812c2279c,7f51838a3745a97f7b4bbdf9712bebfd2de490b2fe7914eaa3291aba430eecea,<WORKSPACE>/Gaussian/A17/EXCHANGE_R1/results/object_2012_early,PROJECTED_ONLY,"base spectral fidelity minus child spectral fidelity, same full/projected scope; no-op0",600,48,12,False,exact persisted spectrum subset only; not complete teacher domain; descriptive no inference/certificate,spectrum_plus_teacher_best,teacher-best evaluator augmentation introduces utility-selection bias,Qhat,48,0,3.8122333276399174e-14,DESCRIPTIVE,0.9946808510638299,0.9995657837603126,2,1.0,0.0,3.8122333276399174e-14,3.8122333276399174e-14,False,False,"[0, 1]","[0, 1]","[0, 1]","[0, 1]",candidate-only; numerical ties broken by original move_index; expanded sets also saved,0.002044583855756647,0,0.0020157357118234403,0.002044583855756647,False,1,0.0,0.0,descriptive ambiguity from score ties; not uncertainty interval/certificate,"one matched checkpoint, same available paired subset; scores measured relative to no-op zero"
2012,early,4,25387349f2beb0f96d242ca9b954a62e6bfcc22e30747f954ca70f472e65a2bd,1b8d28c9a325e4528b333f93c4eb260b516b3016d9e8c823bf68a33812c2279c,7f51838a3745a97f7b4bbdf9712bebfd2de490b2fe7914eaa3291aba430eecea,<WORKSPACE>/Gaussian/A17/EXCHANGE_R1/results/object_2012_early,PROJECTED_ONLY,"base spectral fidelity minus child spectral fidelity, same full/projected scope; no-op0",600,48,12,False,exact persisted spectrum subset only; not complete teacher domain; descriptive no inference/certificate,spectrum_plus_teacher_best,teacher-best evaluator augmentation introduces utility-selection bias,information_fidelity_improvement,48,0,3.8122333276399174e-14,DESCRIPTIVE,0.18262411347517732,0.28180633955709944,0,0.0,0.0001043960251857351,2.842170943040401e-14,3.8122333276399174e-14,False,False,"[150, 300]","[0, 1]","[150, 300]","[0, 1]",candidate-only; numerical ties broken by original move_index; expanded sets also saved,0.002044583855756647,150,0.07858029806035638,0.0019401878305709119,False,1,0.0001043960251857351,0.0001043960251857351,descriptive ambiguity from score ties; not uncertainty interval/certificate,"one matched checkpoint, same available paired subset; scores measured relative to no-op zero"
2012,early,8,25387349f2beb0f96d242ca9b954a62e6bfcc22e30747f954ca70f472e65a2bd,1b8d28c9a325e4528b333f93c4eb260b516b3016d9e8c823bf68a33812c2279c,f88f65324fe35794fb4ba726e679a88981f42d327fd05bbdd795450352527108,<WORKSPACE>/Gaussian/A17/EXCHANGE_R1/results/object_2012_early,PROJECTED_ONLY,"base spectral fidelity minus child spectral fidelity, same full/projected scope; no-op0",1168,97,12,True,exact persisted spectrum subset only; not complete teacher domain; descriptive no inference/certificate,fixed12_per_removal,predeclared fixed bank; bounded nonrandom subset,receiver_score,96,0,3.8122333276399174e-14,DESCRIPTIVE,-0.1201754385964912,-0.19881985892566464,0,0.0,3.236506421571849e-05,5.329257160506962e-14,3.8122333276399174e-14,False,False,"[1078, 932]","[585, 584]","[1078, 932]","[585, 584]",candidate-only; numerical ties broken by original move_index; expanded sets also saved,4.044166117320138e-06,1078,1.2589335595986637,-2.8320898098398354e-05,False,1,3.236506421571849e-05,3.236506421571849e-05,descriptive ambiguity from score ties; not uncertainty interval/certificate,"one matched checkpoint, same available paired subset; scores measured relative to no-op zero"
2012,early,8,25387349f2beb0f96d242ca9b954a62e6bfcc22e30747f954ca70f472e65a2bd,1b8d28c9a325e4528b333f93c4eb260b516b3016d9e8c823bf68a33812c2279c,f88f65324fe35794fb4ba726e679a88981f42d327fd05bbdd795450352527108,<WORKSPACE>/Gaussian/A17/EXCHANGE_R1/results/object_2012_early,PROJECTED_ONLY,"base spectral fidelity minus child spectral fidelity, same full/projected scope; no-op0",1168,97,12,True,exact persisted spectrum subset only; not complete teacher domain; descriptive no inference/certificate,fixed12_per_removal,predeclared fixed bank; bounded nonrandom subset,delta_logdet_volume,96,0,3.8122333276399174e-14,DESCRIPTIVE,-0.3144736842105263,-0.5143516006511123,0,0.0,0.0011594266107288532,1.2057951623937707e-12,3.8122333276399174e-14,False,False,"[171, 24]","[585, 584]","[171, 24]","[585, 584]",candidate-only; numerical ties broken by original move_index; expanded sets also saved,4.044166117320138e-06,171,42.425145656576035,-0.001155382444611533,False,1,0.0011594266107288532,0.0011594266107288532,descriptive ambiguity from score ties; not uncertainty interval/certificate,"one matched checkpoint, same available paired subset; scores measured relative to no-op zero"
2012,early,8,25387349f2beb0f96d242ca9b954a62e6bfcc22e30747f954ca70f472e65a2bd,1b8d28c9a325e4528b333f93c4eb260b516b3016d9e8c823bf68a33812c2279c,f88f65324fe35794fb4ba726e679a88981f42d327fd05bbdd795450352527108,<WORKSPACE>/Gaussian/A17/EXCHANGE_R1/results/object_2012_early,PROJECTED_ONLY,"base spectral fidelity minus child spectral fidelity, same full/projected scope; no-op0",1168,97,12,True,exact persisted spectrum subset only; not complete teacher domain; descriptive no inference/certificate,fixed12_per_removal,predeclared fixed bank; bounded nonrandom subset,delta_effective_dim,96,0,3.8122333276399174e-14,DESCRIPTIVE,-0.20482456140350874,-0.3214731416169289,0,0.0,0.0020816122010787236,2.3984651604138925e-13,3.8122333276399174e-14,False,False,"[24, 25]","[585, 584]","[24, 25]","[585, 584]",candidate-only; numerical ties broken by original move_index; expanded sets also saved,4.044166117320138e-06,24,8.438849064610253,-0.0020775680349614033,False,1,0.0020816122010787236,0.0020816122010787236,descriptive ambiguity from score ties; not uncertainty interval/certificate,"one matched checkpoint, same available paired subset; scores measured relative to no-op zero"
2012,early,8,25387349f2beb0f96d242ca9b954a62e6bfcc22e30747f954ca70f472e65a2bd,1b8d28c9a325e4528b333f93c4eb260b516b3016d9e8c823bf68a33812c2279c,f88f65324fe35794fb4ba726e679a88981f42d327fd05bbdd795450352527108,<WORKSPACE>/Gaussian/A17/EXCHANGE_R1/results/object_2012_early,PROJECTED_ONLY,"base spectral fidelity minus child spectral fidelity, same full/projected scope; no-op0",1168,97,12,True,exact persisted spectrum subset only; not complete teacher domain; descriptive no inference/certificate,fixed12_per_removal,predeclared fixed bank; bounded nonrandom subset,Qhat,96,0,3.8122333276399174e-14,DESCRIPTIVE,0.9644736842105263,0.9965409658166032,2,1.0,7.617718498269527e-07,3.8122333276399174e-14,3.8122333276399174e-14,False,False,"[584, 585]","[585, 584]","[584, 585]","[585, 584]",candidate-only; numerical ties broken by original move_index; expanded sets also saved,4.044166117320138e-06,584,1.70887675094258e-06,3.282394267493185e-06,False,1,7.617718498269527e-07,7.617718498269527e-07,descriptive ambiguity from score ties; not uncertainty interval/certificate,"one matched checkpoint, same available paired subset; scores measured relative to no-op zero"
2012,early,8,25387349f2beb0f96d242ca9b954a62e6bfcc22e30747f954ca70f472e65a2bd,1b8d28c9a325e4528b333f93c4eb260b516b3016d9e8c823bf68a33812c2279c,f88f65324fe35794fb4ba726e679a88981f42d327fd05bbdd795450352527108,<WORKSPACE>/Gaussian/A17/EXCHANGE_R1/results/object_2012_early,PROJECTED_ONLY,"base spectral fidelity minus child spectral fidelity, same full/projected scope; no-op0",1168,97,12,True,exact persisted spectrum subset only; not complete teacher domain; descriptive no inference/certificate,fixed12_per_removal,predeclared fixed bank; bounded nonrandom subset,information_fidelity_improvement,96,0,3.8122333276399174e-14,DESCRIPTIVE,-0.28815789473684206,-0.47125610417797076,0,0.0,0.0020816122010787236,2.842170943040401e-14,3.8122333276399174e-14,False,False,"[24, 381]","[585, 584]","[24, 381]","[585, 584]",candidate-only; numerical ties broken by original move_index; expanded sets also saved,4.044166117320138e-06,24,0.0767166744086949,-0.0020775680349614033,False,1,0.0020816122010787236,0.0020816122010787236,descriptive ambiguity from score ties; not uncertainty interval/certificate,"one matched checkpoint, same available paired subset; scores measured relative to no-op zero"
2012,early,8,25387349f2beb0f96d242ca9b954a62e6bfcc22e30747f954ca70f472e65a2bd,1b8d28c9a325e4528b333f93c4eb260b516b3016d9e8c823bf68a33812c2279c,f88f65324fe35794fb4ba726e679a88981f42d327fd05bbdd795450352527108,<WORKSPACE>/Gaussian/A17/EXCHANGE_R1/results/object_2012_early,PROJECTED_ONLY,"base spectral fidelity minus child spectral fidelity, same full/projected scope; no-op0",1168,97,12,True,exact persisted spectrum subset only; not complete teacher domain; descriptive no inference/certificate,spectrum_plus_teacher_best,teacher-best evaluator augmentation introduces utility-selection bias,receiver_score,97,0,3.8122333276399174e-14,DESCRIPTIVE,-0.13316151202749144,-0.21429886387544705,0,0.0,0.00018937163654836315,5.329257160506962e-14,3.8122333276399174e-14,False,False,"[1078, 932]","[149, 585]","[1078, 932]","[149, 585]",candidate-only; numerical ties broken by original move_index; expanded sets also saved,0.0001610507384499648,1078,1.2589335595986637,-2.8320898098398354e-05,False,1,0.00018937163654836315,0.00018937163654836315,descriptive ambiguity from score ties; not uncertainty interval/certificate,"one matched checkpoint, same available paired subset; scores measured relative to no-op zero"
2012,early,8,25387349f2beb0f96d242ca9b954a62e6bfcc22e30747f954ca70f472e65a2bd,1b8d28c9a325e4528b333f93c4eb260b516b3016d9e8c823bf68a33812c2279c,f88f65324fe35794fb4ba726e679a88981f42d327fd05bbdd795450352527108,<WORKSPACE>/Gaussian/A17/EXCHANGE_R1/results/object_2012_early,PROJECTED_ONLY,"base spectral fidelity minus child spectral fidelity, same full/projected scope; no-op0",1168,97,12,True,exact persisted spectrum subset only; not complete teacher domain; descriptive no inference/certificate,spectrum_plus_teacher_best,teacher-best evaluator augmentation introduces utility-selection bias,delta_logdet_volume,97,0,3.8122333276399174e-14,DESCRIPTIVE,-0.31228522336769765,-0.511190300862613,0,0.0,0.001316433183061498,1.2057951623937707e-12,3.8122333276399174e-14,False,False,"[171, 24]","[149, 585]","[171, 24]","[149, 585]",candidate-only; numerical ties broken by original move_index; expanded sets also saved,0.0001610507384499648,171,42.425145656576035,-0.001155382444611533,False,1,0.001316433183061498,0.001316433183061498,descriptive ambiguity from score ties; not uncertainty interval/certificate,"one matched checkpoint, same available paired subset; scores measured relative to no-op zero"
2012,early,8,25387349f2beb0f96d242ca9b954a62e6bfcc22e30747f954ca70f472e65a2bd,1b8d28c9a325e4528b333f93c4eb260b516b3016d9e8c823bf68a33812c2279c,f88f65324fe35794fb4ba726e679a88981f42d327fd05bbdd795450352527108,<WORKSPACE>/Gaussian/A17/EXCHANGE_R1/results/object_2012_early,PROJECTED_ONLY,"base spectral fidelity minus child spectral fidelity, same full/projected scope; no-op0",1168,97,12,True,exact persisted spectrum subset only; not complete teacher domain; descriptive no inference/certificate,spectrum_plus_teacher_best,teacher-best evaluator augmentation introduces utility-selection bias,delta_effective_dim,97,0,3.8122333276399174e-14,DESCRIPTIVE,-0.21477663230240554,-0.3355249316221333,0,0.0,0.002238618773411368,2.3984651604138925e-13,3.8122333276399174e-14,False,False,"[24, 25]","[149, 585]","[24, 25]","[149, 585]",candidate-only; numerical ties broken by original move_index; expanded sets also saved,0.0001610507384499648,24,8.438849064610253,-0.0020775680349614033,False,1,0.002238618773411368,0.002238618773411368,descriptive ambiguity from score ties; not uncertainty interval/certificate,"one matched checkpoint, same available paired subset; scores measured relative to no-op zero"
2012,early,8,25387349f2beb0f96d242ca9b954a62e6bfcc22e30747f954ca70f472e65a2bd,1b8d28c9a325e4528b333f93c4eb260b516b3016d9e8c823bf68a33812c2279c,f88f65324fe35794fb4ba726e679a88981f42d327fd05bbdd795450352527108,<WORKSPACE>/Gaussian/A17/EXCHANGE_R1/results/object_2012_early,PROJECTED_ONLY,"base spectral fidelity minus child spectral fidelity, same full/projected scope; no-op0",1168,97,12,True,exact persisted spectrum subset only; not complete teacher domain; descriptive no inference/certificate,spectrum_plus_teacher_best,teacher-best evaluator augmentation introduces utility-selection bias,Qhat,97,0,3.8122333276399174e-14,DESCRIPTIVE,0.9652061855670103,0.9966468546181357,1,0.5,0.0,3.8122333276399174e-14,3.8122333276399174e-14,False,False,"[149, 584]","[149, 585]","[149, 584]","[149, 585]",candidate-only; numerical ties broken by original move_index; expanded sets also saved,0.0001610507384499648,149,0.00013784791765791013,0.0001610507384499648,False,1,0.0,0.0,descriptive ambiguity from score ties; not uncertainty interval/certificate,"one matched checkpoint, same available paired subset; scores measured relative to no-op zero"
2012,early,8,25387349f2beb0f96d242ca9b954a62e6bfcc22e30747f954ca70f472e65a2bd,1b8d28c9a325e4528b333f93c4eb260b516b3016d9e8c823bf68a33812c2279c,f88f65324fe35794fb4ba726e679a88981f42d327fd05bbdd795450352527108,<WORKSPACE>/Gaussian/A17/EXCHANGE_R1/results/object_2012_early,PROJECTED_ONLY,"base spectral fidelity minus child spectral fidelity, same full/projected scope; no-op0",1168,97,12,True,exact persisted spectrum subset only; not complete teacher domain; descriptive no inference/certificate,spectrum_plus_teacher_best,teacher-best evaluator augmentation introduces utility-selection bias,information_fidelity_improvement,97,0,3.8122333276399174e-14,DESCRIPTIVE,-0.27362542955326463,-0.4544498211655796,0,0.0,0.002238618773411368,2.842170943040401e-14,3.8122333276399174e-14,False,False,"[24, 381]","[149, 585]","[24, 381]","[149, 585]",candidate-only; numerical ties broken by original move_index; expanded sets also saved,0.0001610507384499648,24,0.0767166744086949,-0.0020775680349614033,False,1,0.002238618773411368,0.002238618773411368,descriptive ambiguity from score ties; not uncertainty interval/certificate,"one matched checkpoint, same available paired subset; scores measured relative to no-op zero"
2012,early,16,25387349f2beb0f96d242ca9b954a62e6bfcc22e30747f954ca70f472e65a2bd,1b8d28c9a325e4528b333f93c4eb260b516b3016d9e8c823bf68a33812c2279c,734d34f6914f9ae32fc6e7789a52ab01cbc860762721c185812a3d3b501751ba,<WORKSPACE>/Gaussian/A17/EXCHANGE_R1/results/object_2012_early,PROJECTED_ONLY,"base spectral fidelity minus child spectral fidelity, same full/projected scope; no-op0",2208,193,12,True,exact persisted spectrum subset only; not complete teacher domain; descriptive no inference/certificate,fixed12_per_removal,predeclared fixed bank; bounded nonrandom subset,receiver_score,192,0,3.8122333276399174e-14,DESCRIPTIVE,-0.11529232111692846,-0.1251390282939533,0,0.0,2.3685189454891043e-05,5.329257160506962e-14,3.8122333276399174e-14,False,False,"[2118, 1980]","[139, 138]","[2118, 1980]","[139, 138]",candidate-only; numerical ties broken by original move_index; expanded sets also saved,5.0081711919176575e-05,2118,1.6563584661884483,2.6396522464285532e-05,False,1,2.3685189454891043e-05,2.3685189454891043e-05,descriptive ambiguity from score ties; not uncertainty interval/certificate,"one matched checkpoint, same available paired subset; scores measured relative to no-op zero"
2012,early,16,25387349f2beb0f96d242ca9b954a62e6bfcc22e30747f954ca70f472e65a2bd,1b8d28c9a325e4528b333f93c4eb260b516b3016d9e8c823bf68a33812c2279c,734d34f6914f9ae32fc6e7789a52ab01cbc860762721c185812a3d3b501751ba,<WORKSPACE>/Gaussian/A17/EXCHANGE_R1/results/object_2012_early,PROJECTED_ONLY,"base spectral fidelity minus child spectral fidelity, same full/projected scope; no-op0",2208,193,12,True,exact persisted spectrum subset only; not complete teacher domain; descriptive no inference/certificate,fixed12_per_removal,predeclared fixed bank; bounded nonrandom subset,delta_logdet_volume,192,0,3.8122333276399174e-14,DESCRIPTIVE,-0.4128490401396161,-0.5708789979111847,0,0.0,0.0006615024995179048,1.3944073316443735e-12,3.8122333276399174e-14,False,False,"[155, 292]","[139, 138]","[155, 292]","[139, 138]",candidate-only; numerical ties broken by original move_index; expanded sets also saved,5.0081711919176575e-05,155,49.061346399971,-0.0006114207875987282,False,1,0.0006615024995179048,0.0006615024995179048,descriptive ambiguity from score ties; not uncertainty interval/certificate,"one matched checkpoint, same available paired subset; scores measured relative to no-op zero"
2012,early,16,25387349f2beb0f96d242ca9b954a62e6bfcc22e30747f954ca70f472e65a2bd,1b8d28c9a325e4528b333f93c4eb260b516b3016d9e8c823bf68a33812c2279c,734d34f6914f9ae32fc6e7789a52ab01cbc860762721c185812a3d3b501751ba,<WORKSPACE>/Gaussian/A17/EXCHANGE_R1/results/object_2012_early,PROJECTED_ONLY,"base spectral fidelity minus child spectral fidelity, same full/projected scope; no-op0",2208,193,12,True,exact persisted spectrum subset only; not complete teacher domain; descriptive no inference/certificate,fixed12_per_removal,predeclared fixed bank; bounded nonrandom subset,delta_effective_dim,192,0,3.8122333276399174e-14,DESCRIPTIVE,-0.28544938917975565,-0.3996486992377181,0,0.0,0.0010317249706848274,2.912804892507991e-13,3.8122333276399174e-14,False,False,"[16, 292]","[139, 138]","[16, 292]","[139, 138]",candidate-only; numerical ties broken by original move_index; expanded sets also saved,5.0081711919176575e-05,16,10.248521116017145,-0.0009816432587656508,False,1,0.0010317249706848274,0.0010317249706848274,descriptive ambiguity from score ties; not uncertainty interval/certificate,"one matched checkpoint, same available paired subset; scores measured relative to no-op zero"
2012,early,16,25387349f2beb0f96d242ca9b954a62e6bfcc22e30747f954ca70f472e65a2bd,1b8d28c9a325e4528b333f93c4eb260b516b3016d9e8c823bf68a33812c2279c,734d34f6914f9ae32fc6e7789a52ab01cbc860762721c185812a3d3b501751ba,<WORKSPACE>/Gaussian/A17/EXCHANGE_R1/results/object_2012_early,PROJECTED_ONLY,"base spectral fidelity minus child spectral fidelity, same full/projected scope; no-op0",2208,193,12,True,exact persisted spectrum subset only; not complete teacher domain; descriptive no inference/certificate,fixed12_per_removal,predeclared fixed bank; bounded nonrandom subset,Qhat,192,0,3.8122333276399174e-14,DESCRIPTIVE,0.8526396160558465,0.9464181564170037,1,0.5,0.0,3.8122333276399174e-14,3.8122333276399174e-14,False,False,"[139, 462]","[139, 138]","[139, 462]","[139, 138]",candidate-only; numerical ties broken by original move_index; expanded sets also saved,5.0081711919176575e-05,139,3.337068632825821e-05,5.0081711919176575e-05,False,1,0.0,0.0,descriptive ambiguity from score ties; not uncertainty interval/certificate,"one matched checkpoint, same available paired subset; scores measured relative to no-op zero"
2012,early,16,25387349f2beb0f96d242ca9b954a62e6bfcc22e30747f954ca70f472e65a2bd,1b8d28c9a325e4528b333f93c4eb260b516b3016d9e8c823bf68a33812c2279c,734d34f6914f9ae32fc6e7789a52ab01cbc860762721c185812a3d3b501751ba,<WORKSPACE>/Gaussian/A17/EXCHANGE_R1/results/object_2012_early,PROJECTED_ONLY,"base spectral fidelity minus child spectral fidelity, same full/projected scope; no-op0",2208,193,12,True,exact persisted spectrum subset only; not complete teacher domain; descriptive no inference/certificate,fixed12_per_removal,predeclared fixed bank; bounded nonrandom subset,information_fidelity_improvement,192,0,3.8122333276399174e-14,DESCRIPTIVE,0.04635689354275742,0.05419051623579199,0,0.0,0.000933279983075472,2.842170943040401e-14,3.8122333276399174e-14,False,False,"[218, 1461]","[139, 138]","[218, 1461]","[139, 138]",candidate-only; numerical ties broken by original move_index; expanded sets also saved,5.0081711919176575e-05,218,0.03420269661599873,-0.0008831982711562954,False,1,0.000933279983075472,0.000933279983075472,descriptive ambiguity from score ties; not uncertainty interval/certificate,"one matched checkpoint, same available paired subset; scores measured relative to no-op zero"
2012,early,16,25387349f2beb0f96d242ca9b954a62e6bfcc22e30747f954ca70f472e65a2bd,1b8d28c9a325e4528b333f93c4eb260b516b3016d9e8c823bf68a33812c2279c,734d34f6914f9ae32fc6e7789a52ab01cbc860762721c185812a3d3b501751ba,<WORKSPACE>/Gaussian/A17/EXCHANGE_R1/results/object_2012_early,PROJECTED_ONLY,"base spectral fidelity minus child spectral fidelity, same full/projected scope; no-op0",2208,193,12,True,exact persisted spectrum subset only; not complete teacher domain; descriptive no inference/certificate,spectrum_plus_teacher_best,teacher-best evaluator augmentation introduces utility-selection bias,receiver_score,193,0,3.8122333276399174e-14,DESCRIPTIVE,-0.12316493955094993,-0.1365144757224507,0,0.0,2.9740530097367735e-05,5.329257160506962e-14,3.8122333276399174e-14,False,False,"[2118, 1980]","[144, 139]","[2118, 1980]","[144, 139]",candidate-only; numerical ties broken by original move_index; expanded sets also saved,5.613705256165327e-05,2118,1.6563584661884483,2.6396522464285532e-05,False,1,2.9740530097367735e-05,2.9740530097367735e-05,descriptive ambiguity from score ties; not uncertainty interval/certificate,"one matched checkpoint, same available paired subset; scores measured relative to no-op zero"
2012,early,16,25387349f2beb0f96d242ca9b954a62e6bfcc22e30747f954ca70f472e65a2bd,1b8d28c9a325e4528b333f93c4eb260b516b3016d9e8c823bf68a33812c2279c,734d34f6914f9ae32fc6e7789a52ab01cbc860762721c185812a3d3b501751ba,<WORKSPACE>/Gaussian/A17/EXCHANGE_R1/results/object_2012_early,PROJECTED_ONLY,"base spectral fidelity minus child spectral fidelity, same full/projected scope; no-op0",2208,193,12,True,exact persisted spectrum subset only; not complete teacher domain; descriptive no inference/certificate,spectrum_plus_teacher_best,teacher-best evaluator augmentation introduces utility-selection bias,delta_logdet_volume,193,0,3.8122333276399174e-14,DESCRIPTIVE,-0.41353626943005184,-0.5726557074942578,0,0.0,0.0006675578401603814,1.3944073316443735e-12,3.8122333276399174e-14,False,False,"[155, 292]","[144, 139]","[155, 292]","[144, 139]",candidate-only; numerical ties broken by original move_index; expanded sets also saved,5.613705256165327e-05,155,49.061346399971,-0.0006114207875987282,False,1,0.0006675578401603814,0.0006675578401603814,descriptive ambiguity from score ties; not uncertainty interval/certificate,"one matched checkpoint, same available paired subset; scores measured relative to no-op zero"
2012,early,16,25387349f2beb0f96d242ca9b954a62e6bfcc22e30747f954ca70f472e65a2bd,1b8d28c9a325e4528b333f93c4eb260b516b3016d9e8c823bf68a33812c2279c,734d34f6914f9ae32fc6e7789a52ab01cbc860762721c185812a3d3b501751ba,<WORKSPACE>/Gaussian/A17/EXCHANGE_R1/results/object_2012_early,PROJECTED_ONLY,"base spectral fidelity minus child spectral fidelity, same full/projected scope; no-op0",2208,193,12,True,exact persisted spectrum subset only; not complete teacher domain; descriptive no inference/certificate,spectrum_plus_teacher_best,teacher-best evaluator augmentation introduces utility-selection bias,delta_effective_dim,193,0,3.8122333276399174e-14,DESCRIPTIVE,-0.288860103626943,-0.40567077079215846,0,0.0,0.001037780311327304,2.912804892507991e-13,3.8122333276399174e-14,False,False,"[16, 292]","[144, 139]","[16, 292]","[144, 139]",candidate-only; numerical ties broken by original move_index; expanded sets also saved,5.613705256165327e-05,16,10.248521116017145,-0.0009816432587656508,False,1,0.001037780311327304,0.001037780311327304,descriptive ambiguity from score ties; not uncertainty interval/certificate,"one matched checkpoint, same available paired subset; scores measured relative to no-op zero"
2012,early,16,25387349f2beb0f96d242ca9b954a62e6bfcc22e30747f954ca70f472e65a2bd,1b8d28c9a325e4528b333f93c4eb260b516b3016d9e8c823bf68a33812c2279c,734d34f6914f9ae32fc6e7789a52ab01cbc860762721c185812a3d3b501751ba,<WORKSPACE>/Gaussian/A17/EXCHANGE_R1/results/object_2012_early,PROJECTED_ONLY,"base spectral fidelity minus child spectral fidelity, same full/projected scope; no-op0",2208,193,12,True,exact persisted spectrum subset only; not complete teacher domain; descriptive no inference/certificate,spectrum_plus_teacher_best,teacher-best evaluator augmentation introduces utility-selection bias,Qhat,193,0,3.8122333276399174e-14,DESCRIPTIVE,0.8541666666666666,0.9472467416270498,2,1.0,0.0,3.8122333276399174e-14,3.8122333276399174e-14,False,False,"[144, 139]","[144, 139]","[144, 139]","[144, 139]",candidate-only; numerical ties broken by original move_index; expanded sets also saved,5.613705256165327e-05,144,3.3644917464746e-05,5.613705256165327e-05,False,1,0.0,0.0,descriptive ambiguity from score ties; not uncertainty interval/certificate,"one matched checkpoint, same available paired subset; scores measured relative to no-op zero"
2012,early,16,25387349f2beb0f96d242ca9b954a62e6bfcc22e30747f954ca70f472e65a2bd,1b8d28c9a325e4528b333f93c4eb260b516b3016d9e8c823bf68a33812c2279c,734d34f6914f9ae32fc6e7789a52ab01cbc860762721c185812a3d3b501751ba,<WORKSPACE>/Gaussian/A17/EXCHANGE_R1/results/object_2012_early,PROJECTED_ONLY,"base spectral fidelity minus child spectral fidelity, same full/projected scope; no-op0",2208,193,12,True,exact persisted spectrum subset only; not complete teacher domain; descriptive no inference/certificate,spectrum_plus_teacher_best,teacher-best evaluator augmentation introduces utility-selection bias,information_fidelity_improvement,193,0,3.8122333276399174e-14,DESCRIPTIVE,0.03950777202072539,0.044388654452219435,0,0.0,0.0009393353237179486,2.842170943040401e-14,3.8122333276399174e-14,False,False,"[218, 1461]","[144, 139]","[218, 1461]","[144, 139]",candidate-only; numerical ties broken by original move_index; expanded sets also saved,5.613705256165327e-05,218,0.03420269661599873,-0.0008831982711562954,False,1,0.0009393353237179486,0.0009393353237179486,descriptive ambiguity from score ties; not uncertainty interval/certificate,"one matched checkpoint, same available paired subset; scores measured relative to no-op zero"
2012,late,4,8d23d77df9571531f26acc45ca51dc73068ce28f1180c843477c23bfd995499f,45c6c90baceeac68f1272dbe8de7256e3e0f9523cc12d68b0407332c6d5d0241,29de8dd7e13d3e95361576486c71c3191f619056cff0a1dd9fc36bace8974c61,<WORKSPACE>/Gaussian/A17/EXCHANGE_R1/results/object_2012_late,PROJECTED_ONLY,"base spectral fidelity minus child spectral fidelity, same full/projected scope; no-op0",600,33,12,True,exact persisted spectrum subset only; not complete teacher domain; descriptive no inference/certificate,fixed12_per_removal,predeclared fixed bank; bounded nonrandom subset,receiver_score,32,0,1.092264853824229e-17,DESCRIPTIVE,-0.17741935483870971,-0.28372434017595305,0,0.0,0.0003973682061008531,5.3319923010818446e-14,1.092264853824229e-17,False,False,"[510, 511]","[150, 301]","[510, 511]","[150, 301]",candidate-only; numerical ties broken by original move_index; expanded sets also saved,9.31285435119704e-05,510,0.9252855380113101,-0.0003042396625888827,False,1,0.0003973682061008531,0.0003973682061008531,descriptive ambiguity from score ties; not uncertainty interval/certificate,"one matched checkpoint, same available paired subset; scores measured relative to no-op zero"
2012,late,4,8d23d77df9571531f26acc45ca51dc73068ce28f1180c843477c23bfd995499f,45c6c90baceeac68f1272dbe8de7256e3e0f9523cc12d68b0407332c6d5d0241,29de8dd7e13d3e95361576486c71c3191f619056cff0a1dd9fc36bace8974c61,<WORKSPACE>/Gaussian/A17/EXCHANGE_R1/results/object_2012_late,PROJECTED_ONLY,"base spectral fidelity minus child spectral fidelity, same full/projected scope; no-op0",600,33,12,True,exact persisted spectrum subset only; not complete teacher domain; descriptive no inference/certificate,fixed12_per_removal,predeclared fixed bank; bounded nonrandom subset,delta_logdet_volume,32,0,1.092264853824229e-17,DESCRIPTIVE,0.342741935483871,0.46847507331378296,0,0.0,5.082443135795065e-05,1.2457114078417804e-12,1.092264853824229e-17,False,False,"[179, 328]","[150, 301]","[179, 328]","[150, 301]",candidate-only; numerical ties broken by original move_index; expanded sets also saved,9.31285435119704e-05,179,29.400671049468826,4.230411215401975e-05,False,1,5.082443135795065e-05,5.082443135795065e-05,descriptive ambiguity from score ties; not uncertainty interval/certificate,"one matched checkpoint, same available paired subset; scores measured relative to no-op zero"
2012,late,4,8d23d77df9571531f26acc45ca51dc73068ce28f1180c843477c23bfd995499f,45c6c90baceeac68f1272dbe8de7256e3e0f9523cc12d68b0407332c6d5d0241,29de8dd7e13d3e95361576486c71c3191f619056cff0a1dd9fc36bace8974c61,<WORKSPACE>/Gaussian/A17/EXCHANGE_R1/results/object_2012_late,PROJECTED_ONLY,"base spectral fidelity minus child spectral fidelity, same full/projected scope; no-op0",600,33,12,True,exact persisted spectrum subset only; not complete teacher domain; descriptive no inference/certificate,fixed12_per_removal,predeclared fixed bank; bounded nonrandom subset,delta_effective_dim,32,0,1.092264853824229e-17,DESCRIPTIVE,0.2298387096774194,0.3548387096774193,0,0.0,5.082443135795065e-05,2.430453332926201e-13,1.092264853824229e-17,False,False,"[179, 178]","[150, 301]","[179, 178]","[150, 301]",candidate-only; numerical ties broken by original move_index; expanded sets also saved,9.31285435119704e-05,179,4.837891536181061,4.230411215401975e-05,False,1,5.082443135795065e-05,5.082443135795065e-05,descriptive ambiguity from score ties; not uncertainty interval/certificate,"one matched checkpoint, same available paired subset; scores measured relative to no-op zero"
2012,late,4,8d23d77df9571531f26acc45ca51dc73068ce28f1180c843477c23bfd995499f,45c6c90baceeac68f1272dbe8de7256e3e0f9523cc12d68b0407332c6d5d0241,29de8dd7e13d3e95361576486c71c3191f619056cff0a1dd9fc36bace8974c61,<WORKSPACE>/Gaussian/A17/EXCHANGE_R1/results/object_2012_late,PROJECTED_ONLY,"base spectral fidelity minus child spectral fidelity, same full/projected scope; no-op0",600,33,12,True,exact persisted spectrum subset only; not complete teacher domain; descriptive no inference/certificate,fixed12_per_removal,predeclared fixed bank; bounded nonrandom subset,Qhat,32,0,1.092264853824229e-17,DESCRIPTIVE,0.903225806451613,0.9802052785923753,1,0.5,0.0,1.092264853824229e-17,1.092264853824229e-17,False,False,"[150, 151]","[150, 301]","[150, 151]","[150, 301]",candidate-only; numerical ties broken by original move_index; expanded sets also saved,9.31285435119704e-05,150,8.866291172646243e-05,9.31285435119704e-05,False,1,0.0,0.0,descriptive ambiguity from score ties; not uncertainty interval/certificate,"one matched checkpoint, same available paired subset; scores measured relative to no-op zero"
2012,late,4,8d23d77df9571531f26acc45ca51dc73068ce28f1180c843477c23bfd995499f,45c6c90baceeac68f1272dbe8de7256e3e0f9523cc12d68b0407332c6d5d0241,29de8dd7e13d3e95361576486c71c3191f619056cff0a1dd9fc36bace8974c61,<WORKSPACE>/Gaussian/A17/EXCHANGE_R1/results/object_2012_late,PROJECTED_ONLY,"base spectral fidelity minus child spectral fidelity, same full/projected scope; no-op0",600,33,12,True,exact persisted spectrum subset only; not complete teacher domain; descriptive no inference/certificate,fixed12_per_removal,predeclared fixed bank; bounded nonrandom subset,information_fidelity_improvement,32,0,1.092264853824229e-17,DESCRIPTIVE,0.5241935483870969,0.6623900293255132,0,0.0,5.83557711924935e-05,2.842170943040401e-14,1.092264853824229e-17,False,False,"[300, 179]","[150, 301]","[300, 179]","[150, 301]",candidate-only; numerical ties broken by original move_index; expanded sets also saved,9.31285435119704e-05,300,0.05051626768915429,3.47727723194769e-05,False,1,5.83557711924935e-05,5.83557711924935e-05,descriptive ambiguity from score ties; not uncertainty interval/certificate,"one matched checkpoint, same available paired subset; scores measured relative to no-op zero"
2012,late,4,8d23d77df9571531f26acc45ca51dc73068ce28f1180c843477c23bfd995499f,45c6c90baceeac68f1272dbe8de7256e3e0f9523cc12d68b0407332c6d5d0241,29de8dd7e13d3e95361576486c71c3191f619056cff0a1dd9fc36bace8974c61,<WORKSPACE>/Gaussian/A17/EXCHANGE_R1/results/object_2012_late,PROJECTED_ONLY,"base spectral fidelity minus child spectral fidelity, same full/projected scope; no-op0",600,33,12,True,exact persisted spectrum subset only; not complete teacher domain; descriptive no inference/certificate,spectrum_plus_teacher_best,teacher-best evaluator augmentation introduces utility-selection bias,receiver_score,33,0,1.092264853824229e-17,DESCRIPTIVE,-0.15151515151515152,-0.24766042780748665,0,0.0,0.00041481819306996823,5.3319923010818446e-14,1.092264853824229e-17,False,False,"[510, 511]","[248, 150]","[510, 511]","[248, 150]",candidate-only; numerical ties broken by original move_index; expanded sets also saved,0.0001105785304810855,510,0.9252855380113101,-0.0003042396625888827,False,1,0.00041481819306996823,0.00041481819306996823,descriptive ambiguity from score ties; not uncertainty interval/certificate,"one matched checkpoint, same available paired subset; scores measured relative to no-op zero"
2012,late,4,8d23d77df9571531f26acc45ca51dc73068ce28f1180c843477c23bfd995499f,45c6c90baceeac68f1272dbe8de7256e3e0f9523cc12d68b0407332c6d5d0241,29de8dd7e13d3e95361576486c71c3191f619056cff0a1dd9fc36bace8974c61,<WORKSPACE>/Gaussian/A17/EXCHANGE_R1/results/object_2012_late,PROJECTED_ONLY,"base spectral fidelity minus child spectral fidelity, same full/projected scope; no-op0",600,33,12,True,exact persisted spectrum subset only; not complete teacher domain; descriptive no inference/certificate,spectrum_plus_teacher_best,teacher-best evaluator augmentation introduces utility-selection bias,delta_logdet_volume,33,0,1.092264853824229e-17,DESCRIPTIVE,0.3598484848484849,0.4943181818181819,0,0.0,6.827441832706575e-05,1.2457114078417804e-12,1.092264853824229e-17,False,False,"[179, 328]","[248, 150]","[179, 328]","[248, 150]",candidate-only; numerical ties broken by original move_index; expanded sets also saved,0.0001105785304810855,179,29.400671049468826,4.230411215401975e-05,False,1,6.827441832706575e-05,6.827441832706575e-05,descriptive ambiguity from score ties; not uncertainty interval/certificate,"one matched checkpoint, same available paired subset; scores measured relative to no-op zero"
2012,late,4,8d23d77df9571531f26acc45ca51dc73068ce28f1180c843477c23bfd995499f,45c6c90baceeac68f1272dbe8de7256e3e0f9523cc12d68b0407332c6d5d0241,29de8dd7e13d3e95361576486c71c3191f619056cff0a1dd9fc36bace8974c61,<WORKSPACE>/Gaussian/A17/EXCHANGE_R1/results/object_2012_late,PROJECTED_ONLY,"base spectral fidelity minus child spectral fidelity, same full/projected scope; no-op0",600,33,12,True,exact persisted spectrum subset only; not complete teacher domain; descriptive no inference/certificate,spectrum_plus_teacher_best,teacher-best evaluator augmentation introduces utility-selection bias,delta_effective_dim,33,0,1.092264853824229e-17,DESCRIPTIVE,0.25,0.3830213903743316,0,0.0,6.827441832706575e-05,2.430453332926201e-13,1.092264853824229e-17,False,False,"[179, 178]","[248, 150]","[179, 178]","[248, 150]",candidate-only; numerical ties broken by original move_index; expanded sets also saved,0.0001105785304810855,179,4.837891536181061,4.230411215401975e-05,False,1,6.827441832706575e-05,6.827441832706575e-05,descriptive ambiguity from score ties; not uncertainty interval/certificate,"one matched checkpoint, same available paired subset; scores measured relative to no-op zero"
2012,late,4,8d23d77df9571531f26acc45ca51dc73068ce28f1180c843477c23bfd995499f,45c6c90baceeac68f1272dbe8de7256e3e0f9523cc12d68b0407332c6d5d0241,29de8dd7e13d3e95361576486c71c3191f619056cff0a1dd9fc36bace8974c61,<WORKSPACE>/Gaussian/A17/EXCHANGE_R1/results/object_2012_late,PROJECTED_ONLY,"base spectral fidelity minus child spectral fidelity, same full/projected scope; no-op0",600,33,12,True,exact persisted spectrum subset only; not complete teacher domain; descriptive no inference/certificate,spectrum_plus_teacher_best,teacher-best evaluator augmentation introduces utility-selection bias,Qhat,33,0,1.092264853824229e-17,DESCRIPTIVE,0.9090909090909091,0.9819518716577541,2,1.0,0.0,1.092264853824229e-17,1.092264853824229e-17,False,False,"[248, 150]","[248, 150]","[248, 150]","[248, 150]",candidate-only; numerical ties broken by original move_index; expanded sets also saved,0.0001105785304810855,248,9.994260645404169e-05,0.0001105785304810855,False,1,0.0,0.0,descriptive ambiguity from score ties; not uncertainty interval/certificate,"one matched checkpoint, same available paired subset; scores measured relative to no-op zero"
2012,late,4,8d23d77df9571531f26acc45ca51dc73068ce28f1180c843477c23bfd995499f,45c6c90baceeac68f1272dbe8de7256e3e0f9523cc12d68b0407332c6d5d0241,29de8dd7e13d3e95361576486c71c3191f619056cff0a1dd9fc36bace8974c61,<WORKSPACE>/Gaussian/A17/EXCHANGE_R1/results/object_2012_late,PROJECTED_ONLY,"base spectral fidelity minus child spectral fidelity, same full/projected scope; no-op0",600,33,12,True,exact persisted spectrum subset only; not complete teacher domain; descriptive no inference/certificate,spectrum_plus_teacher_best,teacher-best evaluator augmentation introduces utility-selection bias,information_fidelity_improvement,33,0,1.092264853824229e-17,DESCRIPTIVE,0.5378787878787878,0.6861631016042782,0,0.0,7.58057581616086e-05,2.842170943040401e-14,1.092264853824229e-17,False,False,"[300, 179]","[248, 150]","[300, 179]","[248, 150]",candidate-only; numerical ties broken by original move_index; expanded sets also saved,0.0001105785304810855,300,0.05051626768915429,3.47727723194769e-05,False,1,7.58057581616086e-05,7.58057581616086e-05,descriptive ambiguity from score ties; not uncertainty interval/certificate,"one matched checkpoint, same available paired subset; scores measured relative to no-op zero"
2012,late,8,8d23d77df9571531f26acc45ca51dc73068ce28f1180c843477c23bfd995499f,45c6c90baceeac68f1272dbe8de7256e3e0f9523cc12d68b0407332c6d5d0241,49aded3e0637048b279da906426fb81526d00abf2c6aeaf8c553d6abcb252a12,<WORKSPACE>/Gaussian/A17/EXCHANGE_R1/results/object_2012_late,PROJECTED_ONLY,"base spectral fidelity minus child spectral fidelity, same full/projected scope; no-op0",1168,66,12,True,exact persisted spectrum subset only; not complete teacher domain; descriptive no inference/certificate,fixed12_per_removal,predeclared fixed bank; bounded nonrandom subset,receiver_score,65,0,1.092264853824229e-17,DESCRIPTIVE,-0.23076923076923078,-0.35450174825174824,0,0.0,0.0001541219025011544,5.332000377270565e-14,1.092264853824229e-17,False,False,"[933, 964]","[147, 146]","[933, 964]","[147, 146]",candidate-only; numerical ties broken by original move_index; expanded sets also saved,6.770784345668798e-05,933,1.2554965224950245,-8.641405904446641e-05,False,1,0.0001541219025011544,0.0001541219025011544,descriptive ambiguity from score ties; not uncertainty interval/certificate,"one matched checkpoint, same available paired subset; scores measured relative to no-op zero"
2012,late,8,8d23d77df9571531f26acc45ca51dc73068ce28f1180c843477c23bfd995499f,45c6c90baceeac68f1272dbe8de7256e3e0f9523cc12d68b0407332c6d5d0241,49aded3e0637048b279da906426fb81526d00abf2c6aeaf8c553d6abcb252a12,<WORKSPACE>/Gaussian/A17/EXCHANGE_R1/results/object_2012_late,PROJECTED_ONLY,"base spectral fidelity minus child spectral fidelity, same full/projected scope; no-op0",1168,66,12,True,exact persisted spectrum subset only; not complete teacher domain; descriptive no inference/certificate,fixed12_per_removal,predeclared fixed bank; bounded nonrandom subset,delta_logdet_volume,65,0,1.092264853824229e-17,DESCRIPTIVE,0.08557692307692309,0.1278409090909091,0,0.0,2.9466915105432422e-05,1.0166373088843956e-12,1.092264853824229e-17,False,False,"[316, 317]","[147, 146]","[316, 317]","[147, 146]",candidate-only; numerical ties broken by original move_index; expanded sets also saved,6.770784345668798e-05,316,35.769745355177406,3.8240928351255556e-05,False,1,2.9466915105432422e-05,2.9466915105432422e-05,descriptive ambiguity from score ties; not uncertainty interval/certificate,"one matched checkpoint, same available paired subset; scores measured relative to no-op zero"
2012,late,8,8d23d77df9571531f26acc45ca51dc73068ce28f1180c843477c23bfd995499f,45c6c90baceeac68f1272dbe8de7256e3e0f9523cc12d68b0407332c6d5d0241,49aded3e0637048b279da906426fb81526d00abf2c6aeaf8c553d6abcb252a12,<WORKSPACE>/Gaussian/A17/EXCHANGE_R1/results/object_2012_late,PROJECTED_ONLY,"base spectral fidelity minus child spectral fidelity, same full/projected scope; no-op0",1168,66,12,True,exact persisted spectrum subset only; not complete teacher domain; descriptive no inference/certificate,fixed12_per_removal,predeclared fixed bank; bounded nonrandom subset,delta_effective_dim,65,0,1.092264853824229e-17,DESCRIPTIVE,0.23750000000000004,0.35362762237762235,0,0.0,2.9466915105432422e-05,2.049865418797359e-13,1.092264853824229e-17,False,False,"[316, 317]","[147, 146]","[316, 317]","[147, 146]",candidate-only; numerical ties broken by original move_index; expanded sets also saved,6.770784345668798e-05,316,5.802131210819894,3.8240928351255556e-05,False,1,2.9466915105432422e-05,2.9466915105432422e-05,descriptive ambiguity from score ties; not uncertainty interval/certificate,"one matched checkpoint, same available paired subset; scores measured relative to no-op zero"
2012,late,8,8d23d77df9571531f26acc45ca51dc73068ce28f1180c843477c23bfd995499f,45c6c90baceeac68f1272dbe8de7256e3e0f9523cc12d68b0407332c6d5d0241,49aded3e0637048b279da906426fb81526d00abf2c6aeaf8c553d6abcb252a12,<WORKSPACE>/Gaussian/A17/EXCHANGE_R1/results/object_2012_late,PROJECTED_ONLY,"base spectral fidelity minus child spectral fidelity, same full/projected scope; no-op0",1168,66,12,True,exact persisted spectrum subset only; not complete teacher domain; descriptive no inference/certificate,fixed12_per_removal,predeclared fixed bank; bounded nonrandom subset,Qhat,65,0,1.092264853824229e-17,DESCRIPTIVE,0.9384615384615385,0.9929195804195805,1,0.5,0.0,1.092264853824229e-17,1.092264853824229e-17,False,False,"[147, 170]","[147, 146]","[147, 170]","[147, 146]",candidate-only; numerical ties broken by original move_index; expanded sets also saved,6.770784345668798e-05,147,5.7282383478781984e-05,6.770784345668798e-05,False,1,0.0,0.0,descriptive ambiguity from score ties; not uncertainty interval/certificate,"one matched checkpoint, same available paired subset; scores measured relative to no-op zero"
2012,late,8,8d23d77df9571531f26acc45ca51dc73068ce28f1180c843477c23bfd995499f,45c6c90baceeac68f1272dbe8de7256e3e0f9523cc12d68b0407332c6d5d0241,49aded3e0637048b279da906426fb81526d00abf2c6aeaf8c553d6abcb252a12,<WORKSPACE>/Gaussian/A17/EXCHANGE_R1/results/object_2012_late,PROJECTED_ONLY,"base spectral fidelity minus child spectral fidelity, same full/projected scope; no-op0",1168,66,12,True,exact persisted spectrum subset only; not complete teacher domain; descriptive no inference/certificate,fixed12_per_removal,predeclared fixed bank; bounded nonrandom subset,information_fidelity_improvement,65,0,1.092264853824229e-17,DESCRIPTIVE,-0.026923076923076925,-0.06813811188811189,0,0.0,0.00010946272130565965,2.842170943040401e-14,1.092264853824229e-17,False,False,"[203, 88]","[147, 146]","[203, 88]","[147, 146]",candidate-only; numerical ties broken by original move_index; expanded sets also saved,6.770784345668798e-05,203,0.045167605831884394,-4.175487784897168e-05,False,1,0.00010946272130565965,0.00010946272130565965,descriptive ambiguity from score ties; not uncertainty interval/certificate,"one matched checkpoint, same available paired subset; scores measured relative to no-op zero"
2012,late,8,8d23d77df9571531f26acc45ca51dc73068ce28f1180c843477c23bfd995499f,45c6c90baceeac68f1272dbe8de7256e3e0f9523cc12d68b0407332c6d5d0241,49aded3e0637048b279da906426fb81526d00abf2c6aeaf8c553d6abcb252a12,<WORKSPACE>/Gaussian/A17/EXCHANGE_R1/results/object_2012_late,PROJECTED_ONLY,"base spectral fidelity minus child spectral fidelity, same full/projected scope; no-op0",1168,66,12,True,exact persisted spectrum subset only; not complete teacher domain; descriptive no inference/certificate,spectrum_plus_teacher_best,teacher-best evaluator augmentation introduces utility-selection bias,receiver_score,66,0,1.092264853824229e-17,DESCRIPTIVE,-0.2438228438228438,-0.3743033086316669,0,0.0,0.00016829730409671223,5.332000377270565e-14,1.092264853824229e-17,False,False,"[933, 964]","[162, 147]","[933, 964]","[162, 147]",candidate-only; numerical ties broken by original move_index; expanded sets also saved,8.188324505224582e-05,933,1.2554965224950245,-8.641405904446641e-05,False,1,0.00016829730409671223,0.00016829730409671223,descriptive ambiguity from score ties; not uncertainty interval/certificate,"one matched checkpoint, same available paired subset; scores measured relative to no-op zero"
2012,late,8,8d23d77df9571531f26acc45ca51dc73068ce28f1180c843477c23bfd995499f,45c6c90baceeac68f1272dbe8de7256e3e0f9523cc12d68b0407332c6d5d0241,49aded3e0637048b279da906426fb81526d00abf2c6aeaf8c553d6abcb252a12,<WORKSPACE>/Gaussian/A17/EXCHANGE_R1/results/object_2012_late,PROJECTED_ONLY,"base spectral fidelity minus child spectral fidelity, same full/projected scope; no-op0",1168,66,12,True,exact persisted spectrum subset only; not complete teacher domain; descriptive no inference/certificate,spectrum_plus_teacher_best,teacher-best evaluator augmentation introduces utility-selection bias,delta_logdet_volume,66,0,1.092264853824229e-17,DESCRIPTIVE,0.07226107226107226,0.11053125978499115,0,0.0,4.364231670099026e-05,1.0166373088843956e-12,1.092264853824229e-17,False,False,"[316, 317]","[162, 147]","[316, 317]","[162, 147]",candidate-only; numerical ties broken by original move_index; expanded sets also saved,8.188324505224582e-05,316,35.769745355177406,3.8240928351255556e-05,False,1,4.364231670099026e-05,4.364231670099026e-05,descriptive ambiguity from score ties; not uncertainty interval/certificate,"one matched checkpoint, same available paired subset; scores measured relative to no-op zero"
2012,late,8,8d23d77df9571531f26acc45ca51dc73068ce28f1180c843477c23bfd995499f,45c6c90baceeac68f1272dbe8de7256e3e0f9523cc12d68b0407332c6d5d0241,49aded3e0637048b279da906426fb81526d00abf2c6aeaf8c553d6abcb252a12,<WORKSPACE>/Gaussian/A17/EXCHANGE_R1/results/object_2012_late,PROJECTED_ONLY,"base spectral fidelity minus child spectral fidelity, same full/projected scope; no-op0",1168,66,12,True,exact persisted spectrum subset only; not complete teacher domain; descriptive no inference/certificate,spectrum_plus_teacher_best,teacher-best evaluator augmentation introduces utility-selection bias,delta_effective_dim,66,0,1.092264853824229e-17,DESCRIPTIVE,0.24195804195804196,0.3611105312597851,0,0.0,4.364231670099026e-05,2.049865418797359e-13,1.092264853824229e-17,False,False,"[316, 317]","[162, 147]","[316, 317]","[162, 147]",candidate-only; numerical ties broken by original move_index; expanded sets also saved,8.188324505224582e-05,316,5.802131210819894,3.8240928351255556e-05,False,1,4.364231670099026e-05,4.364231670099026e-05,descriptive ambiguity from score ties; not uncertainty interval/certificate,"one matched checkpoint, same available paired subset; scores measured relative to no-op zero"
2012,late,8,8d23d77df9571531f26acc45ca51dc73068ce28f1180c843477c23bfd995499f,45c6c90baceeac68f1272dbe8de7256e3e0f9523cc12d68b0407332c6d5d0241,49aded3e0637048b279da906426fb81526d00abf2c6aeaf8c553d6abcb252a12,<WORKSPACE>/Gaussian/A17/EXCHANGE_R1/results/object_2012_late,PROJECTED_ONLY,"base spectral fidelity minus child spectral fidelity, same full/projected scope; no-op0",1168,66,12,True,exact persisted spectrum subset only; not complete teacher domain; descriptive no inference/certificate,spectrum_plus_teacher_best,teacher-best evaluator augmentation introduces utility-selection bias,Qhat,66,0,1.092264853824229e-17,DESCRIPTIVE,0.9403263403263402,0.9932366141321366,2,1.0,0.0,1.092264853824229e-17,1.092264853824229e-17,False,False,"[162, 147]","[162, 147]","[162, 147]","[162, 147]",candidate-only; numerical ties broken by original move_index; expanded sets also saved,8.188324505224582e-05,162,6.759185934159598e-05,8.188324505224582e-05,False,1,0.0,0.0,descriptive ambiguity from score ties; not uncertainty interval/certificate,"one matched checkpoint, same available paired subset; scores measured relative to no-op zero"
2012,late,8,8d23d77df9571531f26acc45ca51dc73068ce28f1180c843477c23bfd995499f,45c6c90baceeac68f1272dbe8de7256e3e0f9523cc12d68b0407332c6d5d0241,49aded3e0637048b279da906426fb81526d00abf2c6aeaf8c553d6abcb252a12,<WORKSPACE>/Gaussian/A17/EXCHANGE_R1/results/object_2012_late,PROJECTED_ONLY,"base spectral fidelity minus child spectral fidelity, same full/projected scope; no-op0",1168,66,12,True,exact persisted spectrum subset only; not complete teacher domain; descriptive no inference/certificate,spectrum_plus_teacher_best,teacher-best evaluator augmentation introduces utility-selection bias,information_fidelity_improvement,66,0,1.092264853824229e-17,DESCRIPTIVE,-0.04428904428904429,-0.09792297254983824,0,0.0,0.0001236381229012175,2.842170943040401e-14,1.092264853824229e-17,False,False,"[203, 88]","[162, 147]","[203, 88]","[162, 147]",candidate-only; numerical ties broken by original move_index; expanded sets also saved,8.188324505224582e-05,203,0.045167605831884394,-4.175487784897168e-05,False,1,0.0001236381229012175,0.0001236381229012175,descriptive ambiguity from score ties; not uncertainty interval/certificate,"one matched checkpoint, same available paired subset; scores measured relative to no-op zero"
2012,late,16,8d23d77df9571531f26acc45ca51dc73068ce28f1180c843477c23bfd995499f,45c6c90baceeac68f1272dbe8de7256e3e0f9523cc12d68b0407332c6d5d0241,461b3633a6c62294e0e1195a9daae02348c4d7a926ec2f90a677b67a6d429f7c,<WORKSPACE>/Gaussian/A17/EXCHANGE_R1/results/object_2012_late,PROJECTED_ONLY,"base spectral fidelity minus child spectral fidelity, same full/projected scope; no-op0",2208,156,12,False,exact persisted spectrum subset only; not complete teacher domain; descriptive no inference/certificate,fixed12_per_removal,predeclared fixed bank; bounded nonrandom subset,receiver_score,156,0,1.092264853824229e-17,DESCRIPTIVE,0.4531017369727047,0.682884733922334,0,0.0,1.2722414431976216e-05,5.328028960885182e-14,1.092264853824229e-17,False,False,"[2118, 1980]","[1599, 1737]","[2118, 1980]","[1599, 1737]",candidate-only; numerical ties broken by original move_index; expanded sets also saved,1.7465164670603108e-05,2118,1.6563584661884498,4.742750238626892e-06,False,1,1.2722414431976216e-05,1.2722414431976216e-05,descriptive ambiguity from score ties; not uncertainty interval/certificate,"one matched checkpoint, same available paired subset; scores measured relative to no-op zero"
2012,late,16,8d23d77df9571531f26acc45ca51dc73068ce28f1180c843477c23bfd995499f,45c6c90baceeac68f1272dbe8de7256e3e0f9523cc12d68b0407332c6d5d0241,461b3633a6c62294e0e1195a9daae02348c4d7a926ec2f90a677b67a6d429f7c,<WORKSPACE>/Gaussian/A17/EXCHANGE_R1/results/object_2012_late,PROJECTED_ONLY,"base spectral fidelity minus child spectral fidelity, same full/projected scope; no-op0",2208,156,12,False,exact persisted spectrum subset only; not complete teacher domain; descriptive no inference/certificate,fixed12_per_removal,predeclared fixed bank; bounded nonrandom subset,delta_logdet_volume,156,0,1.092264853824229e-17,DESCRIPTIVE,0.18544251447477256,0.2957689936937933,0,0.0,5.405883763391533e-05,1.2199746989968884e-12,1.092264853824229e-17,False,False,"[292, 155]","[1599, 1737]","[292, 155]","[1599, 1737]",candidate-only; numerical ties broken by original move_index; expanded sets also saved,1.7465164670603108e-05,292,42.92404374846734,-3.659367296331222e-05,False,1,5.405883763391533e-05,5.405883763391533e-05,descriptive ambiguity from score ties; not uncertainty interval/certificate,"one matched checkpoint, same available paired subset; scores measured relative to no-op zero"
2012,late,16,8d23d77df9571531f26acc45ca51dc73068ce28f1180c843477c23bfd995499f,45c6c90baceeac68f1272dbe8de7256e3e0f9523cc12d68b0407332c6d5d0241,461b3633a6c62294e0e1195a9daae02348c4d7a926ec2f90a677b67a6d429f7c,<WORKSPACE>/Gaussian/A17/EXCHANGE_R1/results/object_2012_late,PROJECTED_ONLY,"base spectral fidelity minus child spectral fidelity, same full/projected scope; no-op0",2208,156,12,False,exact persisted spectrum subset only; not complete teacher domain; descriptive no inference/certificate,fixed12_per_removal,predeclared fixed bank; bounded nonrandom subset,delta_effective_dim,156,0,1.092264853824229e-17,DESCRIPTIVE,0.03937138130686518,0.07539947211202604,0,0.0,5.405883763391533e-05,2.415358082414785e-13,1.092264853824229e-17,False,False,"[292, 293]","[1599, 1737]","[292, 293]","[1599, 1737]",candidate-only; numerical ties broken by original move_index; expanded sets also saved,1.7465164670603108e-05,292,8.498285749944955,-3.659367296331222e-05,False,1,5.405883763391533e-05,5.405883763391533e-05,descriptive ambiguity from score ties; not uncertainty interval/certificate,"one matched checkpoint, same available paired subset; scores measured relative to no-op zero"
2012,late,16,8d23d77df9571531f26acc45ca51dc73068ce28f1180c843477c23bfd995499f,45c6c90baceeac68f1272dbe8de7256e3e0f9523cc12d68b0407332c6d5d0241,461b3633a6c62294e0e1195a9daae02348c4d7a926ec2f90a677b67a6d429f7c,<WORKSPACE>/Gaussian/A17/EXCHANGE_R1/results/object_2012_late,PROJECTED_ONLY,"base spectral fidelity minus child spectral fidelity, same full/projected scope; no-op0",2208,156,12,False,exact persisted spectrum subset only; not complete teacher domain; descriptive no inference/certificate,fixed12_per_removal,predeclared fixed bank; bounded nonrandom subset,Qhat,156,0,1.092264853824229e-17,DESCRIPTIVE,0.49975186104218366,0.6918145753978915,0,0.0,1.1551812338433821e-05,1.092264853824229e-17,1.092264853824229e-17,False,False,"[1843, 1875]","[1599, 1737]","[1843, 1875]","[1599, 1737]",candidate-only; numerical ties broken by original move_index; expanded sets also saved,1.7465164670603108e-05,1843,2.7279776429271548e-05,5.913352332169287e-06,False,1,1.1551812338433821e-05,1.1551812338433821e-05,descriptive ambiguity from score ties; not uncertainty interval/certificate,"one matched checkpoint, same available paired subset; scores measured relative to no-op zero"
2012,late,16,8d23d77df9571531f26acc45ca51dc73068ce28f1180c843477c23bfd995499f,45c6c90baceeac68f1272dbe8de7256e3e0f9523cc12d68b0407332c6d5d0241,461b3633a6c62294e0e1195a9daae02348c4d7a926ec2f90a677b67a6d429f7c,<WORKSPACE>/Gaussian/A17/EXCHANGE_R1/results/object_2012_late,PROJECTED_ONLY,"base spectral fidelity minus child spectral fidelity, same full/projected scope; no-op0",2208,156,12,False,exact persisted spectrum subset only; not complete teacher domain; descriptive no inference/certificate,fixed12_per_removal,predeclared fixed bank; bounded nonrandom subset,information_fidelity_improvement,156,0,1.092264853824229e-17,DESCRIPTIVE,0.17154673283705543,0.24530353558502313,0,0.0,6.557249428382664e-05,2.842170943040401e-14,1.092264853824229e-17,False,False,"[356, 632]","[1599, 1737]","[356, 632]","[1599, 1737]",candidate-only; numerical ties broken by original move_index; expanded sets also saved,1.7465164670603108e-05,356,0.11305624086930971,-4.8107329613223534e-05,False,1,6.557249428382664e-05,6.557249428382664e-05,descriptive ambiguity from score ties; not uncertainty interval/certificate,"one matched checkpoint, same available paired subset; scores measured relative to no-op zero"
2012,late,16,8d23d77df9571531f26acc45ca51dc73068ce28f1180c843477c23bfd995499f,45c6c90baceeac68f1272dbe8de7256e3e0f9523cc12d68b0407332c6d5d0241,461b3633a6c62294e0e1195a9daae02348c4d7a926ec2f90a677b67a6d429f7c,<WORKSPACE>/Gaussian/A17/EXCHANGE_R1/results/object_2012_late,PROJECTED_ONLY,"base spectral fidelity minus child spectral fidelity, same full/projected scope; no-op0",2208,156,12,False,exact persisted spectrum subset only; not complete teacher domain; descriptive no inference/certificate,spectrum_plus_teacher_best,teacher-best evaluator augmentation introduces utility-selection bias,receiver_score,156,0,1.092264853824229e-17,DESCRIPTIVE,0.4531017369727047,0.682884733922334,0,0.0,1.2722414431976216e-05,5.328028960885182e-14,1.092264853824229e-17,False,False,"[2118, 1980]","[1599, 1737]","[2118, 1980]","[1599, 1737]",candidate-only; numerical ties broken by original move_index; expanded sets also saved,1.7465164670603108e-05,2118,1.6563584661884498,4.742750238626892e-06,False,1,1.2722414431976216e-05,1.2722414431976216e-05,descriptive ambiguity from score ties; not uncertainty interval/certificate,"one matched checkpoint, same available paired subset; scores measured relative to no-op zero"
2012,late,16,8d23d77df9571531f26acc45ca51dc73068ce28f1180c843477c23bfd995499f,45c6c90baceeac68f1272dbe8de7256e3e0f9523cc12d68b0407332c6d5d0241,461b3633a6c62294e0e1195a9daae02348c4d7a926ec2f90a677b67a6d429f7c,<WORKSPACE>/Gaussian/A17/EXCHANGE_R1/results/object_2012_late,PROJECTED_ONLY,"base spectral fidelity minus child spectral fidelity, same full/projected scope; no-op0",2208,156,12,False,exact persisted spectrum subset only; not complete teacher domain; descriptive no inference/certificate,spectrum_plus_teacher_best,teacher-best evaluator augmentation introduces utility-selection bias,delta_logdet_volume,156,0,1.092264853824229e-17,DESCRIPTIVE,0.18544251447477256,0.2957689936937933,0,0.0,5.405883763391533e-05,1.2199746989968884e-12,1.092264853824229e-17,False,False,"[292, 155]","[1599, 1737]","[292, 155]","[1599, 1737]",candidate-only; numerical ties broken by original move_index; expanded sets also saved,1.7465164670603108e-05,292,42.92404374846734,-3.659367296331222e-05,False,1,5.405883763391533e-05,5.405883763391533e-05,descriptive ambiguity from score ties; not uncertainty interval/certificate,"one matched checkpoint, same available paired subset; scores measured relative to no-op zero"
2012,late,16,8d23d77df9571531f26acc45ca51dc73068ce28f1180c843477c23bfd995499f,45c6c90baceeac68f1272dbe8de7256e3e0f9523cc12d68b0407332c6d5d0241,461b3633a6c62294e0e1195a9daae02348c4d7a926ec2f90a677b67a6d429f7c,<WORKSPACE>/Gaussian/A17/EXCHANGE_R1/results/object_2012_late,PROJECTED_ONLY,"base spectral fidelity minus child spectral fidelity, same full/projected scope; no-op0",2208,156,12,False,exact persisted spectrum subset only; not complete teacher domain; descriptive no inference/certificate,spectrum_plus_teacher_best,teacher-best evaluator augmentation introduces utility-selection bias,delta_effective_dim,156,0,1.092264853824229e-17,DESCRIPTIVE,0.03937138130686518,0.07539947211202604,0,0.0,5.405883763391533e-05,2.415358082414785e-13,1.092264853824229e-17,False,False,"[292, 293]","[1599, 1737]","[292, 293]","[1599, 1737]",candidate-only; numerical ties broken by original move_index; expanded sets also saved,1.7465164670603108e-05,292,8.498285749944955,-3.659367296331222e-05,False,1,5.405883763391533e-05,5.405883763391533e-05,descriptive ambiguity from score ties; not uncertainty interval/certificate,"one matched checkpoint, same available paired subset; scores measured relative to no-op zero"
2012,late,16,8d23d77df9571531f26acc45ca51dc73068ce28f1180c843477c23bfd995499f,45c6c90baceeac68f1272dbe8de7256e3e0f9523cc12d68b0407332c6d5d0241,461b3633a6c62294e0e1195a9daae02348c4d7a926ec2f90a677b67a6d429f7c,<WORKSPACE>/Gaussian/A17/EXCHANGE_R1/results/object_2012_late,PROJECTED_ONLY,"base spectral fidelity minus child spectral fidelity, same full/projected scope; no-op0",2208,156,12,False,exact persisted spectrum subset only; not complete teacher domain; descriptive no inference/certificate,spectrum_plus_teacher_best,teacher-best evaluator augmentation introduces utility-selection bias,Qhat,156,0,1.092264853824229e-17,DESCRIPTIVE,0.49975186104218366,0.6918145753978915,0,0.0,1.1551812338433821e-05,1.092264853824229e-17,1.092264853824229e-17,False,False,"[1843, 1875]","[1599, 1737]","[1843, 1875]","[1599, 1737]",candidate-only; numerical ties broken by original move_index; expanded sets also saved,1.7465164670603108e-05,1843,2.7279776429271548e-05,5.913352332169287e-06,False,1,1.1551812338433821e-05,1.1551812338433821e-05,descriptive ambiguity from score ties; not uncertainty interval/certificate,"one matched checkpoint, same available paired subset; scores measured relative to no-op zero"
2012,late,16,8d23d77df9571531f26acc45ca51dc73068ce28f1180c843477c23bfd995499f,45c6c90baceeac68f1272dbe8de7256e3e0f9523cc12d68b0407332c6d5d0241,461b3633a6c62294e0e1195a9daae02348c4d7a926ec2f90a677b67a6d429f7c,<WORKSPACE>/Gaussian/A17/EXCHANGE_R1/results/object_2012_late,PROJECTED_ONLY,"base spectral fidelity minus child spectral fidelity, same full/projected scope; no-op0",2208,156,12,False,exact persisted spectrum subset only; not complete teacher domain; descriptive no inference/certificate,spectrum_plus_teacher_best,teacher-best evaluator augmentation introduces utility-selection bias,information_fidelity_improvement,156,0,1.092264853824229e-17,DESCRIPTIVE,0.17154673283705543,0.24530353558502313,0,0.0,6.557249428382664e-05,2.842170943040401e-14,1.092264853824229e-17,False,False,"[356, 632]","[1599, 1737]","[356, 632]","[1599, 1737]",candidate-only; numerical ties broken by original move_index; expanded sets also saved,1.7465164670603108e-05,356,0.11305624086930971,-4.8107329613223534e-05,False,1,6.557249428382664e-05,6.557249428382664e-05,descriptive ambiguity from score ties; not uncertainty interval/certificate,"one matched checkpoint, same available paired subset; scores measured relative to no-op zero"
2012,middle,4,6bb612278b131a2b4bd62344122f5a462651f080d63727a172cd273e16664884,92a2012fcd2c647e2ec3c2ce4ebd22933b2156099a2e0020204ff3316c7ed88c,884ab32bbc926536b8bc9340a5297009796c68a1810d4ffa5e39246f1c9228a0,<WORKSPACE>/Gaussian/A17/EXCHANGE_R1/results/object_2012_middle,PROJECTED_ONLY,"base spectral fidelity minus child spectral fidelity, same full/projected scope; no-op0",600,49,12,True,exact persisted spectrum subset only; not complete teacher domain; descriptive no inference/certificate,fixed12_per_removal,predeclared fixed bank; bounded nonrandom subset,receiver_score,48,0,1.631439621053487e-17,DESCRIPTIVE,-0.25886524822695034,-0.3824359531046461,0,0.0,5.552459626172324e-05,5.331681565091034e-14,1.631439621053487e-17,False,False,"[510, 511]","[301, 178]","[510, 511]","[301, 178]",candidate-only; numerical ties broken by original move_index; expanded sets also saved,6.152924054397837e-05,510,0.9252855380113091,6.004644282255129e-06,False,1,5.552459626172324e-05,5.552459626172324e-05,descriptive ambiguity from score ties; not uncertainty interval/certificate,"one matched checkpoint, same available paired subset; scores measured relative to no-op zero"
2012,middle,4,6bb612278b131a2b4bd62344122f5a462651f080d63727a172cd273e16664884,92a2012fcd2c647e2ec3c2ce4ebd22933b2156099a2e0020204ff3316c7ed88c,884ab32bbc926536b8bc9340a5297009796c68a1810d4ffa5e39246f1c9228a0,<WORKSPACE>/Gaussian/A17/EXCHANGE_R1/results/object_2012_middle,PROJECTED_ONLY,"base spectral fidelity minus child spectral fidelity, same full/projected scope; no-op0",600,49,12,True,exact persisted spectrum subset only; not complete teacher domain; descriptive no inference/certificate,fixed12_per_removal,predeclared fixed bank; bounded nonrandom subset,delta_logdet_volume,48,0,1.631439621053487e-17,DESCRIPTIVE,0.2801418439716312,0.420755536257056,0,0.0,6.989325838558253e-06,1.1554832763021431e-12,1.631439621053487e-17,False,False,"[179, 328]","[301, 178]","[179, 328]","[301, 178]",candidate-only; numerical ties broken by original move_index; expanded sets also saved,6.152924054397837e-05,179,29.499308080375272,5.453991470542012e-05,False,1,6.989325838558253e-06,6.989325838558253e-06,descriptive ambiguity from score ties; not uncertainty interval/certificate,"one matched checkpoint, same available paired subset; scores measured relative to no-op zero"
2012,middle,4,6bb612278b131a2b4bd62344122f5a462651f080d63727a172cd273e16664884,92a2012fcd2c647e2ec3c2ce4ebd22933b2156099a2e0020204ff3316c7ed88c,884ab32bbc926536b8bc9340a5297009796c68a1810d4ffa5e39246f1c9228a0,<WORKSPACE>/Gaussian/A17/EXCHANGE_R1/results/object_2012_middle,PROJECTED_ONLY,"base spectral fidelity minus child spectral fidelity, same full/projected scope; no-op0",600,49,12,True,exact persisted spectrum subset only; not complete teacher domain; descriptive no inference/certificate,fixed12_per_removal,predeclared fixed bank; bounded nonrandom subset,delta_effective_dim,48,0,1.631439621053487e-17,DESCRIPTIVE,0.2783687943262412,0.4052323056882327,1,0.5,6.989325838558253e-06,1.8873235573329655e-13,1.631439621053487e-17,False,False,"[179, 178]","[301, 178]","[179, 178]","[301, 178]",candidate-only; numerical ties broken by original move_index; expanded sets also saved,6.152924054397837e-05,179,4.970407321153914,5.453991470542012e-05,False,1,6.989325838558253e-06,6.989325838558253e-06,descriptive ambiguity from score ties; not uncertainty interval/certificate,"one matched checkpoint, same available paired subset; scores measured relative to no-op zero"
2012,middle,4,6bb612278b131a2b4bd62344122f5a462651f080d63727a172cd273e16664884,92a2012fcd2c647e2ec3c2ce4ebd22933b2156099a2e0020204ff3316c7ed88c,884ab32bbc926536b8bc9340a5297009796c68a1810d4ffa5e39246f1c9228a0,<WORKSPACE>/Gaussian/A17/EXCHANGE_R1/results/object_2012_middle,PROJECTED_ONLY,"base spectral fidelity minus child spectral fidelity, same full/projected scope; no-op0",600,49,12,True,exact persisted spectrum subset only; not complete teacher domain; descriptive no inference/certificate,fixed12_per_removal,predeclared fixed bank; bounded nonrandom subset,Qhat,48,0,1.631439621053487e-17,DESCRIPTIVE,0.9840425531914896,0.998588797221016,1,0.5,0.0,1.631439621053487e-17,1.631439621053487e-17,False,False,"[301, 300]","[301, 178]","[301, 300]","[301, 178]",candidate-only; numerical ties broken by original move_index; expanded sets also saved,6.152924054397837e-05,301,5.648217055381915e-05,6.152924054397837e-05,False,1,0.0,0.0,descriptive ambiguity from score ties; not uncertainty interval/certificate,"one matched checkpoint, same available paired subset; scores measured relative to no-op zero"
2012,middle,4,6bb612278b131a2b4bd62344122f5a462651f080d63727a172cd273e16664884,92a2012fcd2c647e2ec3c2ce4ebd22933b2156099a2e0020204ff3316c7ed88c,884ab32bbc926536b8bc9340a5297009796c68a1810d4ffa5e39246f1c9228a0,<WORKSPACE>/Gaussian/A17/EXCHANGE_R1/results/object_2012_middle,PROJECTED_ONLY,"base spectral fidelity minus child spectral fidelity, same full/projected scope; no-op0",600,49,12,True,exact persisted spectrum subset only; not complete teacher domain; descriptive no inference/certificate,fixed12_per_removal,predeclared fixed bank; bounded nonrandom subset,information_fidelity_improvement,48,0,1.631439621053487e-17,DESCRIPTIVE,0.4539007092198582,0.6438341293964394,0,0.0,2.7999573663808447e-06,2.842170943040401e-14,1.631439621053487e-17,False,False,"[300, 179]","[301, 178]","[300, 179]","[301, 178]",candidate-only; numerical ties broken by original move_index; expanded sets also saved,6.152924054397837e-05,300,0.052171079845418356,5.872928317759753e-05,False,1,2.7999573663808447e-06,2.7999573663808447e-06,descriptive ambiguity from score ties; not uncertainty interval/certificate,"one matched checkpoint, same available paired subset; scores measured relative to no-op zero"
2012,middle,4,6bb612278b131a2b4bd62344122f5a462651f080d63727a172cd273e16664884,92a2012fcd2c647e2ec3c2ce4ebd22933b2156099a2e0020204ff3316c7ed88c,884ab32bbc926536b8bc9340a5297009796c68a1810d4ffa5e39246f1c9228a0,<WORKSPACE>/Gaussian/A17/EXCHANGE_R1/results/object_2012_middle,PROJECTED_ONLY,"base spectral fidelity minus child spectral fidelity, same full/projected scope; no-op0",600,49,12,True,exact persisted spectrum subset only; not complete teacher domain; descriptive no inference/certificate,spectrum_plus_teacher_best,teacher-best evaluator augmentation introduces utility-selection bias,receiver_score,49,0,1.631439621053487e-17,DESCRIPTIVE,-0.26870748299319724,-0.39428571428571424,0,0.0,6.201788581422782e-05,5.331681565091034e-14,1.631439621053487e-17,False,False,"[510, 511]","[302, 301]","[510, 511]","[302, 301]",candidate-only; numerical ties broken by original move_index; expanded sets also saved,6.802253009648295e-05,510,0.9252855380113091,6.004644282255129e-06,False,1,6.201788581422782e-05,6.201788581422782e-05,descriptive ambiguity from score ties; not uncertainty interval/certificate,"one matched checkpoint, same available paired subset; scores measured relative to no-op zero"
2012,middle,4,6bb612278b131a2b4bd62344122f5a462651f080d63727a172cd273e16664884,92a2012fcd2c647e2ec3c2ce4ebd22933b2156099a2e0020204ff3316c7ed88c,884ab32bbc926536b8bc9340a5297009796c68a1810d4ffa5e39246f1c9228a0,<WORKSPACE>/Gaussian/A17/EXCHANGE_R1/results/object_2012_middle,PROJECTED_ONLY,"base spectral fidelity minus child spectral fidelity, same full/projected scope; no-op0",600,49,12,True,exact persisted spectrum subset only; not complete teacher domain; descriptive no inference/certificate,spectrum_plus_teacher_best,teacher-best evaluator augmentation introduces utility-selection bias,delta_logdet_volume,49,0,1.631439621053487e-17,DESCRIPTIVE,0.282312925170068,0.42295918367346935,0,0.0,1.3482615391062833e-05,1.1554832763021431e-12,1.631439621053487e-17,False,False,"[179, 328]","[302, 301]","[179, 328]","[302, 301]",candidate-only; numerical ties broken by original move_index; expanded sets also saved,6.802253009648295e-05,179,29.499308080375272,5.453991470542012e-05,False,1,1.3482615391062833e-05,1.3482615391062833e-05,descriptive ambiguity from score ties; not uncertainty interval/certificate,"one matched checkpoint, same available paired subset; scores measured relative to no-op zero"
2012,middle,4,6bb612278b131a2b4bd62344122f5a462651f080d63727a172cd273e16664884,92a2012fcd2c647e2ec3c2ce4ebd22933b2156099a2e0020204ff3316c7ed88c,884ab32bbc926536b8bc9340a5297009796c68a1810d4ffa5e39246f1c9228a0,<WORKSPACE>/Gaussian/A17/EXCHANGE_R1/results/object_2012_middle,PROJECTED_ONLY,"base spectral fidelity minus child spectral fidelity, same full/projected scope; no-op0",600,49,12,True,exact persisted spectrum subset only; not complete teacher domain; descriptive no inference/certificate,spectrum_plus_teacher_best,teacher-best evaluator augmentation introduces utility-selection bias,delta_effective_dim,49,0,1.631439621053487e-17,DESCRIPTIVE,0.2874149659863945,0.4193877551020408,0,0.0,1.3482615391062833e-05,1.8873235573329655e-13,1.631439621053487e-17,False,False,"[179, 178]","[302, 301]","[179, 178]","[302, 301]",candidate-only; numerical ties broken by original move_index; expanded sets also saved,6.802253009648295e-05,179,4.970407321153914,5.453991470542012e-05,False,1,1.3482615391062833e-05,1.3482615391062833e-05,descriptive ambiguity from score ties; not uncertainty interval/certificate,"one matched checkpoint, same available paired subset; scores measured relative to no-op zero"
2012,middle,4,6bb612278b131a2b4bd62344122f5a462651f080d63727a172cd273e16664884,92a2012fcd2c647e2ec3c2ce4ebd22933b2156099a2e0020204ff3316c7ed88c,884ab32bbc926536b8bc9340a5297009796c68a1810d4ffa5e39246f1c9228a0,<WORKSPACE>/Gaussian/A17/EXCHANGE_R1/results/object_2012_middle,PROJECTED_ONLY,"base spectral fidelity minus child spectral fidelity, same full/projected scope; no-op0",600,49,12,True,exact persisted spectrum subset only; not complete teacher domain; descriptive no inference/certificate,spectrum_plus_teacher_best,teacher-best evaluator augmentation introduces utility-selection bias,Qhat,49,0,1.631439621053487e-17,DESCRIPTIVE,0.9846938775510202,0.9986734693877549,2,1.0,0.0,1.631439621053487e-17,1.631439621053487e-17,False,False,"[302, 301]","[302, 301]","[302, 301]","[302, 301]",candidate-only; numerical ties broken by original move_index; expanded sets also saved,6.802253009648295e-05,302,6.127567154394942e-05,6.802253009648295e-05,False,1,0.0,0.0,descriptive ambiguity from score ties; not uncertainty interval/certificate,"one matched checkpoint, same available paired subset; scores measured relative to no-op zero"
2012,middle,4,6bb612278b131a2b4bd62344122f5a462651f080d63727a172cd273e16664884,92a2012fcd2c647e2ec3c2ce4ebd22933b2156099a2e0020204ff3316c7ed88c,884ab32bbc926536b8bc9340a5297009796c68a1810d4ffa5e39246f1c9228a0,<WORKSPACE>/Gaussian/A17/EXCHANGE_R1/results/object_2012_middle,PROJECTED_ONLY,"base spectral fidelity minus child spectral fidelity, same full/projected scope; no-op0",600,49,12,True,exact persisted spectrum subset only; not complete teacher domain; descriptive no inference/certificate,spectrum_plus_teacher_best,teacher-best evaluator augmentation introduces utility-selection bias,information_fidelity_improvement,49,0,1.631439621053487e-17,DESCRIPTIVE,0.4438775510204081,0.6343877551020407,0,0.0,9.293246918885424e-06,2.842170943040401e-14,1.631439621053487e-17,False,False,"[300, 179]","[302, 301]","[300, 179]","[302, 301]",candidate-only; numerical ties broken by original move_index; expanded sets also saved,6.802253009648295e-05,300,0.052171079845418356,5.872928317759753e-05,False,1,9.293246918885424e-06,9.293246918885424e-06,descriptive ambiguity from score ties; not uncertainty interval/certificate,"one matched checkpoint, same available paired subset; scores measured relative to no-op zero"
2012,middle,8,6bb612278b131a2b4bd62344122f5a462651f080d63727a172cd273e16664884,92a2012fcd2c647e2ec3c2ce4ebd22933b2156099a2e0020204ff3316c7ed88c,5acab65254d43f18fa74b95a5cc36139405784a08ad0dd4cc13ef7b90835dca8,<WORKSPACE>/Gaussian/A17/EXCHANGE_R1/results/object_2012_middle,PROJECTED_ONLY,"base spectral fidelity minus child spectral fidelity, same full/projected scope; no-op0",1168,97,12,True,exact persisted spectrum subset only; not complete teacher domain; descriptive no inference/certificate,fixed12_per_removal,predeclared fixed bank; bounded nonrandom subset,receiver_score,96,0,1.631439621053487e-17,DESCRIPTIVE,-0.045175438596491216,-0.07167661421595226,0,0.0,3.151103290346621e-05,5.331681565091034e-14,1.631439621053487e-17,False,False,"[1078, 932]","[293, 146]","[1078, 932]","[293, 146]",candidate-only; numerical ties broken by original move_index; expanded sets also saved,4.135990945025185e-05,1078,1.258933559598666,9.848876546785638e-06,False,1,3.151103290346621e-05,3.151103290346621e-05,descriptive ambiguity from score ties; not uncertainty interval/certificate,"one matched checkpoint, same available paired subset; scores measured relative to no-op zero"
2012,middle,8,6bb612278b131a2b4bd62344122f5a462651f080d63727a172cd273e16664884,92a2012fcd2c647e2ec3c2ce4ebd22933b2156099a2e0020204ff3316c7ed88c,5acab65254d43f18fa74b95a5cc36139405784a08ad0dd4cc13ef7b90835dca8,<WORKSPACE>/Gaussian/A17/EXCHANGE_R1/results/object_2012_middle,PROJECTED_ONLY,"base spectral fidelity minus child spectral fidelity, same full/projected scope; no-op0",1168,97,12,True,exact persisted spectrum subset only; not complete teacher domain; descriptive no inference/certificate,fixed12_per_removal,predeclared fixed bank; bounded nonrandom subset,delta_logdet_volume,96,0,1.631439621053487e-17,DESCRIPTIVE,0.09429824561403508,0.12939500813890395,0,0.0,1.8078727204791405e-06,1.0244211782298661e-12,1.631439621053487e-17,False,False,"[316, 171]","[293, 146]","[316, 171]","[293, 146]",candidate-only; numerical ties broken by original move_index; expanded sets also saved,4.135990945025185e-05,316,36.04361591051929,3.955203672977271e-05,False,1,1.8078727204791405e-06,1.8078727204791405e-06,descriptive ambiguity from score ties; not uncertainty interval/certificate,"one matched checkpoint, same available paired subset; scores measured relative to no-op zero"
2012,middle,8,6bb612278b131a2b4bd62344122f5a462651f080d63727a172cd273e16664884,92a2012fcd2c647e2ec3c2ce4ebd22933b2156099a2e0020204ff3316c7ed88c,5acab65254d43f18fa74b95a5cc36139405784a08ad0dd4cc13ef7b90835dca8,<WORKSPACE>/Gaussian/A17/EXCHANGE_R1/results/object_2012_middle,PROJECTED_ONLY,"base spectral fidelity minus child spectral fidelity, same full/projected scope; no-op0",1168,97,12,True,exact persisted spectrum subset only; not complete teacher domain; descriptive no inference/certificate,fixed12_per_removal,predeclared fixed bank; bounded nonrandom subset,delta_effective_dim,96,0,1.631439621053487e-17,DESCRIPTIVE,0.12368421052631577,0.17630222463374934,0,0.0,1.8078727204791405e-06,1.704704693087127e-13,1.631439621053487e-17,False,False,"[316, 317]","[293, 146]","[316, 317]","[293, 146]",candidate-only; numerical ties broken by original move_index; expanded sets also saved,4.135990945025185e-05,316,5.997896422315563,3.955203672977271e-05,False,1,1.8078727204791405e-06,1.8078727204791405e-06,descriptive ambiguity from score ties; not uncertainty interval/certificate,"one matched checkpoint, same available paired subset; scores measured relative to no-op zero"
2012,middle,8,6bb612278b131a2b4bd62344122f5a462651f080d63727a172cd273e16664884,92a2012fcd2c647e2ec3c2ce4ebd22933b2156099a2e0020204ff3316c7ed88c,5acab65254d43f18fa74b95a5cc36139405784a08ad0dd4cc13ef7b90835dca8,<WORKSPACE>/Gaussian/A17/EXCHANGE_R1/results/object_2012_middle,PROJECTED_ONLY,"base spectral fidelity minus child spectral fidelity, same full/projected scope; no-op0",1168,97,12,True,exact persisted spectrum subset only; not complete teacher domain; descriptive no inference/certificate,fixed12_per_removal,predeclared fixed bank; bounded nonrandom subset,Qhat,96,0,1.631439621053487e-17,DESCRIPTIVE,0.931578947368421,0.9904232230059686,1,0.5,0.0,1.631439621053487e-17,1.631439621053487e-17,False,False,"[293, 235]","[293, 146]","[293, 235]","[293, 146]",candidate-only; numerical ties broken by original move_index; expanded sets also saved,4.135990945025185e-05,293,3.9219547564990744e-05,4.135990945025185e-05,False,1,0.0,0.0,descriptive ambiguity from score ties; not uncertainty interval/certificate,"one matched checkpoint, same available paired subset; scores measured relative to no-op zero"
2012,middle,8,6bb612278b131a2b4bd62344122f5a462651f080d63727a172cd273e16664884,92a2012fcd2c647e2ec3c2ce4ebd22933b2156099a2e0020204ff3316c7ed88c,5acab65254d43f18fa74b95a5cc36139405784a08ad0dd4cc13ef7b90835dca8,<WORKSPACE>/Gaussian/A17/EXCHANGE_R1/results/object_2012_middle,PROJECTED_ONLY,"base spectral fidelity minus child spectral fidelity, same full/projected scope; no-op0",1168,97,12,True,exact persisted spectrum subset only; not complete teacher domain; descriptive no inference/certificate,fixed12_per_removal,predeclared fixed bank; bounded nonrandom subset,information_fidelity_improvement,96,0,1.631439621053487e-17,DESCRIPTIVE,0.10131578947368419,0.11881443298969073,0,0.0,4.5212018597942265e-06,2.842170943040401e-14,1.631439621053487e-17,False,False,"[171, 203]","[293, 146]","[171, 203]","[293, 146]",candidate-only; numerical ties broken by original move_index; expanded sets also saved,4.135990945025185e-05,171,0.0757672431586921,3.6838707590457624e-05,False,1,4.5212018597942265e-06,4.5212018597942265e-06,descriptive ambiguity from score ties; not uncertainty interval/certificate,"one matched checkpoint, same available paired subset; scores measured relative to no-op zero"
2012,middle,8,6bb612278b131a2b4bd62344122f5a462651f080d63727a172cd273e16664884,92a2012fcd2c647e2ec3c2ce4ebd22933b2156099a2e0020204ff3316c7ed88c,5acab65254d43f18fa74b95a5cc36139405784a08ad0dd4cc13ef7b90835dca8,<WORKSPACE>/Gaussian/A17/EXCHANGE_R1/results/object_2012_middle,PROJECTED_ONLY,"base spectral fidelity minus child spectral fidelity, same full/projected scope; no-op0",1168,97,12,True,exact persisted spectrum subset only; not complete teacher domain; descriptive no inference/certificate,spectrum_plus_teacher_best,teacher-best evaluator augmentation introduces utility-selection bias,receiver_score,97,0,1.631439621053487e-17,DESCRIPTIVE,-0.05970790378006874,-0.09430885756364402,0,0.0,3.795723925017383e-05,5.331681565091034e-14,1.631439621053487e-17,False,False,"[1078, 932]","[155, 293]","[1078, 932]","[155, 293]",candidate-only; numerical ties broken by original move_index; expanded sets also saved,4.780611579695947e-05,1078,1.258933559598666,9.848876546785638e-06,False,1,3.795723925017383e-05,3.795723925017383e-05,descriptive ambiguity from score ties; not uncertainty interval/certificate,"one matched checkpoint, same available paired subset; scores measured relative to no-op zero"
2012,middle,8,6bb612278b131a2b4bd62344122f5a462651f080d63727a172cd273e16664884,92a2012fcd2c647e2ec3c2ce4ebd22933b2156099a2e0020204ff3316c7ed88c,5acab65254d43f18fa74b95a5cc36139405784a08ad0dd4cc13ef7b90835dca8,<WORKSPACE>/Gaussian/A17/EXCHANGE_R1/results/object_2012_middle,PROJECTED_ONLY,"base spectral fidelity minus child spectral fidelity, same full/projected scope; no-op0",1168,97,12,True,exact persisted spectrum subset only; not complete teacher domain; descriptive no inference/certificate,spectrum_plus_teacher_best,teacher-best evaluator augmentation introduces utility-selection bias,delta_logdet_volume,97,0,1.631439621053487e-17,DESCRIPTIVE,0.09106529209621994,0.1254996844098464,0,0.0,8.254079067186757e-06,1.0244211782298661e-12,1.631439621053487e-17,False,False,"[316, 171]","[155, 293]","[316, 171]","[155, 293]",candidate-only; numerical ties broken by original move_index; expanded sets also saved,4.780611579695947e-05,316,36.04361591051929,3.955203672977271e-05,False,1,8.254079067186757e-06,8.254079067186757e-06,descriptive ambiguity from score ties; not uncertainty interval/certificate,"one matched checkpoint, same available paired subset; scores measured relative to no-op zero"
2012,middle,8,6bb612278b131a2b4bd62344122f5a462651f080d63727a172cd273e16664884,92a2012fcd2c647e2ec3c2ce4ebd22933b2156099a2e0020204ff3316c7ed88c,5acab65254d43f18fa74b95a5cc36139405784a08ad0dd4cc13ef7b90835dca8,<WORKSPACE>/Gaussian/A17/EXCHANGE_R1/results/object_2012_middle,PROJECTED_ONLY,"base spectral fidelity minus child spectral fidelity, same full/projected scope; no-op0",1168,97,12,True,exact persisted spectrum subset only; not complete teacher domain; descriptive no inference/certificate,spectrum_plus_teacher_best,teacher-best evaluator augmentation introduces utility-selection bias,delta_effective_dim,97,0,1.631439621053487e-17,DESCRIPTIVE,0.1327319587628866,0.19035346097201766,0,0.0,8.254079067186757e-06,1.704704693087127e-13,1.631439621053487e-17,False,False,"[316, 317]","[155, 293]","[316, 317]","[155, 293]",candidate-only; numerical ties broken by original move_index; expanded sets also saved,4.780611579695947e-05,316,5.997896422315563,3.955203672977271e-05,False,1,8.254079067186757e-06,8.254079067186757e-06,descriptive ambiguity from score ties; not uncertainty interval/certificate,"one matched checkpoint, same available paired subset; scores measured relative to no-op zero"
2012,middle,8,6bb612278b131a2b4bd62344122f5a462651f080d63727a172cd273e16664884,92a2012fcd2c647e2ec3c2ce4ebd22933b2156099a2e0020204ff3316c7ed88c,5acab65254d43f18fa74b95a5cc36139405784a08ad0dd4cc13ef7b90835dca8,<WORKSPACE>/Gaussian/A17/EXCHANGE_R1/results/object_2012_middle,PROJECTED_ONLY,"base spectral fidelity minus child spectral fidelity, same full/projected scope; no-op0",1168,97,12,True,exact persisted spectrum subset only; not complete teacher domain; descriptive no inference/certificate,spectrum_plus_teacher_best,teacher-best evaluator augmentation introduces utility-selection bias,Qhat,97,0,1.631439621053487e-17,DESCRIPTIVE,0.9329896907216497,0.9907163896486428,2,1.0,0.0,1.631439621053487e-17,1.631439621053487e-17,False,False,"[155, 293]","[155, 293]","[155, 293]","[155, 293]",candidate-only; numerical ties broken by original move_index; expanded sets also saved,4.780611579695947e-05,155,4.2562276952289224e-05,4.780611579695947e-05,False,1,0.0,0.0,descriptive ambiguity from score ties; not uncertainty interval/certificate,"one matched checkpoint, same available paired subset; scores measured relative to no-op zero"
2012,middle,8,6bb612278b131a2b4bd62344122f5a462651f080d63727a172cd273e16664884,92a2012fcd2c647e2ec3c2ce4ebd22933b2156099a2e0020204ff3316c7ed88c,5acab65254d43f18fa74b95a5cc36139405784a08ad0dd4cc13ef7b90835dca8,<WORKSPACE>/Gaussian/A17/EXCHANGE_R1/results/object_2012_middle,PROJECTED_ONLY,"base spectral fidelity minus child spectral fidelity, same full/projected scope; no-op0",1168,97,12,True,exact persisted spectrum subset only; not complete teacher domain; descriptive no inference/certificate,spectrum_plus_teacher_best,teacher-best evaluator augmentation introduces utility-selection bias,information_fidelity_improvement,97,0,1.631439621053487e-17,DESCRIPTIVE,0.10352233676975947,0.12443456764148957,0,0.0,1.0967408206501843e-05,2.842170943040401e-14,1.631439621053487e-17,False,False,"[171, 203]","[155, 293]","[171, 203]","[155, 293]",candidate-only; numerical ties broken by original move_index; expanded sets also saved,4.780611579695947e-05,171,0.0757672431586921,3.6838707590457624e-05,False,1,1.0967408206501843e-05,1.0967408206501843e-05,descriptive ambiguity from score ties; not uncertainty interval/certificate,"one matched checkpoint, same available paired subset; scores measured relative to no-op zero"
2012,middle,16,6bb612278b131a2b4bd62344122f5a462651f080d63727a172cd273e16664884,92a2012fcd2c647e2ec3c2ce4ebd22933b2156099a2e0020204ff3316c7ed88c,54bda9c0f2fcedb63898f4690c8d19fe1bd71bd0a4e3da46edd2a7675d339d45,<WORKSPACE>/Gaussian/A17/EXCHANGE_R1/results/object_2012_middle,PROJECTED_ONLY,"base spectral fidelity minus child spectral fidelity, same full/projected scope; no-op0",2208,193,12,True,exact persisted spectrum subset only; not complete teacher domain; descriptive no inference/certificate,fixed12_per_removal,predeclared fixed bank; bounded nonrandom subset,receiver_score,192,0,1.631439621053487e-17,DESCRIPTIVE,0.15281413612565445,0.24194314081870713,0,0.0,7.0684478485732294e-06,5.331681565091034e-14,1.631439621053487e-17,False,False,"[2118, 1980]","[1737, 633]","[2118, 1980]","[1737, 633]",candidate-only; numerical ties broken by original move_index; expanded sets also saved,6.1420056544176256e-06,2118,1.656358466188451,-9.264421941556043e-07,False,1,7.0684478485732294e-06,7.0684478485732294e-06,descriptive ambiguity from score ties; not uncertainty interval/certificate,"one matched checkpoint, same available paired subset; scores measured relative to no-op zero"
2012,middle,16,6bb612278b131a2b4bd62344122f5a462651f080d63727a172cd273e16664884,92a2012fcd2c647e2ec3c2ce4ebd22933b2156099a2e0020204ff3316c7ed88c,54bda9c0f2fcedb63898f4690c8d19fe1bd71bd0a4e3da46edd2a7675d339d45,<WORKSPACE>/Gaussian/A17/EXCHANGE_R1/results/object_2012_middle,PROJECTED_ONLY,"base spectral fidelity minus child spectral fidelity, same full/projected scope; no-op0",2208,193,12,True,exact persisted spectrum subset only; not complete teacher domain; descriptive no inference/certificate,fixed12_per_removal,predeclared fixed bank; bounded nonrandom subset,delta_logdet_volume,192,0,1.631439621053487e-17,DESCRIPTIVE,0.013852530541012218,0.027563207009738765,0,0.0,2.6281837006695264e-05,1.2293332886672571e-12,1.631439621053487e-17,False,False,"[292, 155]","[1737, 633]","[292, 155]","[1737, 633]",candidate-only; numerical ties broken by original move_index; expanded sets also saved,6.1420056544176256e-06,292,43.25331984965629,-2.013983135227764e-05,False,1,2.6281837006695264e-05,2.6281837006695264e-05,descriptive ambiguity from score ties; not uncertainty interval/certificate,"one matched checkpoint, same available paired subset; scores measured relative to no-op zero"
2012,middle,16,6bb612278b131a2b4bd62344122f5a462651f080d63727a172cd273e16664884,92a2012fcd2c647e2ec3c2ce4ebd22933b2156099a2e0020204ff3316c7ed88c,54bda9c0f2fcedb63898f4690c8d19fe1bd71bd0a4e3da46edd2a7675d339d45,<WORKSPACE>/Gaussian/A17/EXCHANGE_R1/results/object_2012_middle,PROJECTED_ONLY,"base spectral fidelity minus child spectral fidelity, same full/projected scope; no-op0",2208,193,12,True,exact persisted spectrum subset only; not complete teacher domain; descriptive no inference/certificate,fixed12_per_removal,predeclared fixed bank; bounded nonrandom subset,delta_effective_dim,192,0,1.631439621053487e-17,DESCRIPTIVE,-0.020287958115183247,-0.042578262756693706,0,0.0,2.6281837006695264e-05,2.4587742056800736e-13,1.631439621053487e-17,False,False,"[292, 293]","[1737, 633]","[292, 293]","[1737, 633]",candidate-only; numerical ties broken by original move_index; expanded sets also saved,6.1420056544176256e-06,292,8.651042653507005,-2.013983135227764e-05,False,1,2.6281837006695264e-05,2.6281837006695264e-05,descriptive ambiguity from score ties; not uncertainty interval/certificate,"one matched checkpoint, same available paired subset; scores measured relative to no-op zero"
2012,middle,16,6bb612278b131a2b4bd62344122f5a462651f080d63727a172cd273e16664884,92a2012fcd2c647e2ec3c2ce4ebd22933b2156099a2e0020204ff3316c7ed88c,54bda9c0f2fcedb63898f4690c8d19fe1bd71bd0a4e3da46edd2a7675d339d45,<WORKSPACE>/Gaussian/A17/EXCHANGE_R1/results/object_2012_middle,PROJECTED_ONLY,"base spectral fidelity minus child spectral fidelity, same full/projected scope; no-op0",2208,193,12,True,exact persisted spectrum subset only; not complete teacher domain; descriptive no inference/certificate,fixed12_per_removal,predeclared fixed bank; bounded nonrandom subset,Qhat,192,0,1.631439621053487e-17,DESCRIPTIVE,0.8318062827225131,0.9444954968396496,1,0.5,0.0,1.631439621053487e-17,1.631439621053487e-17,False,False,"[1737, 1185]","[1737, 633]","[1737, 1185]","[1737, 633]",candidate-only; numerical ties broken by original move_index; expanded sets also saved,6.1420056544176256e-06,1737,4.638647395086646e-06,6.1420056544176256e-06,False,1,0.0,0.0,descriptive ambiguity from score ties; not uncertainty interval/certificate,"one matched checkpoint, same available paired subset; scores measured relative to no-op zero"
2012,middle,16,6bb612278b131a2b4bd62344122f5a462651f080d63727a172cd273e16664884,92a2012fcd2c647e2ec3c2ce4ebd22933b2156099a2e0020204ff3316c7ed88c,54bda9c0f2fcedb63898f4690c8d19fe1bd71bd0a4e3da46edd2a7675d339d45,<WORKSPACE>/Gaussian/A17/EXCHANGE_R1/results/object_2012_middle,PROJECTED_ONLY,"base spectral fidelity minus child spectral fidelity, same full/projected scope; no-op0",2208,193,12,True,exact persisted spectrum subset only; not complete teacher domain; descriptive no inference/certificate,fixed12_per_removal,predeclared fixed bank; bounded nonrandom subset,information_fidelity_improvement,192,0,1.631439621053487e-17,DESCRIPTIVE,0.00512652705061082,0.011349456094186583,0,0.0,2.6272100767306132e-05,2.842170943040401e-14,1.631439621053487e-17,False,False,"[293, 49]","[1737, 633]","[293, 49]","[1737, 633]",candidate-only; numerical ties broken by original move_index; expanded sets also saved,6.1420056544176256e-06,293,0.023689105699571056,-2.0130095112888508e-05,False,1,2.6272100767306132e-05,2.6272100767306132e-05,descriptive ambiguity from score ties; not uncertainty interval/certificate,"one matched checkpoint, same available paired subset; scores measured relative to no-op zero"
2012,middle,16,6bb612278b131a2b4bd62344122f5a462651f080d63727a172cd273e16664884,92a2012fcd2c647e2ec3c2ce4ebd22933b2156099a2e0020204ff3316c7ed88c,54bda9c0f2fcedb63898f4690c8d19fe1bd71bd0a4e3da46edd2a7675d339d45,<WORKSPACE>/Gaussian/A17/EXCHANGE_R1/results/object_2012_middle,PROJECTED_ONLY,"base spectral fidelity minus child spectral fidelity, same full/projected scope; no-op0",2208,193,12,True,exact persisted spectrum subset only; not complete teacher domain; descriptive no inference/certificate,spectrum_plus_teacher_best,teacher-best evaluator augmentation introduces utility-selection bias,receiver_score,193,0,1.631439621053487e-17,DESCRIPTIVE,0.1525259067357513,0.24300084130121255,0,0.0,7.4589246029475215e-06,5.331681565091034e-14,1.631439621053487e-17,False,False,"[2118, 1980]","[1658, 1737]","[2118, 1980]","[1658, 1737]",candidate-only; numerical ties broken by original move_index; expanded sets also saved,6.532482408791917e-06,2118,1.656358466188451,-9.264421941556043e-07,False,1,7.4589246029475215e-06,7.4589246029475215e-06,descriptive ambiguity from score ties; not uncertainty interval/certificate,"one matched checkpoint, same available paired subset; scores measured relative to no-op zero"
2012,middle,16,6bb612278b131a2b4bd62344122f5a462651f080d63727a172cd273e16664884,92a2012fcd2c647e2ec3c2ce4ebd22933b2156099a2e0020204ff3316c7ed88c,54bda9c0f2fcedb63898f4690c8d19fe1bd71bd0a4e3da46edd2a7675d339d45,<WORKSPACE>/Gaussian/A17/EXCHANGE_R1/results/object_2012_middle,PROJECTED_ONLY,"base spectral fidelity minus child spectral fidelity, same full/projected scope; no-op0",2208,193,12,True,exact persisted spectrum subset only; not complete teacher domain; descriptive no inference/certificate,spectrum_plus_teacher_best,teacher-best evaluator augmentation introduces utility-selection bias,delta_logdet_volume,193,0,1.631439621053487e-17,DESCRIPTIVE,0.014464594127806563,0.028492401581112117,0,0.0,2.6672313761069556e-05,1.2293332886672571e-12,1.631439621053487e-17,False,False,"[292, 155]","[1658, 1737]","[292, 155]","[1658, 1737]",candidate-only; numerical ties broken by original move_index; expanded sets also saved,6.532482408791917e-06,292,43.25331984965629,-2.013983135227764e-05,False,1,2.6672313761069556e-05,2.6672313761069556e-05,descriptive ambiguity from score ties; not uncertainty interval/certificate,"one matched checkpoint, same available paired subset; scores measured relative to no-op zero"
2012,middle,16,6bb612278b131a2b4bd62344122f5a462651f080d63727a172cd273e16664884,92a2012fcd2c647e2ec3c2ce4ebd22933b2156099a2e0020204ff3316c7ed88c,54bda9c0f2fcedb63898f4690c8d19fe1bd71bd0a4e3da46edd2a7675d339d45,<WORKSPACE>/Gaussian/A17/EXCHANGE_R1/results/object_2012_middle,PROJECTED_ONLY,"base spectral fidelity minus child spectral fidelity, same full/projected scope; no-op0",2208,193,12,True,exact persisted spectrum subset only; not complete teacher domain; descriptive no inference/certificate,spectrum_plus_teacher_best,teacher-best evaluator augmentation introduces utility-selection bias,delta_effective_dim,193,0,1.631439621053487e-17,DESCRIPTIVE,-0.022236614853195166,-0.04516986272100849,0,0.0,2.6672313761069556e-05,2.4587742056800736e-13,1.631439621053487e-17,False,False,"[292, 293]","[1658, 1737]","[292, 293]","[1658, 1737]",candidate-only; numerical ties broken by original move_index; expanded sets also saved,6.532482408791917e-06,292,8.651042653507005,-2.013983135227764e-05,False,1,2.6672313761069556e-05,2.6672313761069556e-05,descriptive ambiguity from score ties; not uncertainty interval/certificate,"one matched checkpoint, same available paired subset; scores measured relative to no-op zero"
2012,middle,16,6bb612278b131a2b4bd62344122f5a462651f080d63727a172cd273e16664884,92a2012fcd2c647e2ec3c2ce4ebd22933b2156099a2e0020204ff3316c7ed88c,54bda9c0f2fcedb63898f4690c8d19fe1bd71bd0a4e3da46edd2a7675d339d45,<WORKSPACE>/Gaussian/A17/EXCHANGE_R1/results/object_2012_middle,PROJECTED_ONLY,"base spectral fidelity minus child spectral fidelity, same full/projected scope; no-op0",2208,193,12,True,exact persisted spectrum subset only; not complete teacher domain; descriptive no inference/certificate,spectrum_plus_teacher_best,teacher-best evaluator augmentation introduces utility-selection bias,Qhat,193,0,1.631439621053487e-17,DESCRIPTIVE,0.8335492227979274,0.9453538138988301,2,1.0,0.0,1.631439621053487e-17,1.631439621053487e-17,False,False,"[1658, 1737]","[1658, 1737]","[1658, 1737]","[1658, 1737]",candidate-only; numerical ties broken by original move_index; expanded sets also saved,6.532482408791917e-06,1658,4.779114790392823e-06,6.532482408791917e-06,False,1,0.0,0.0,descriptive ambiguity from score ties; not uncertainty interval/certificate,"one matched checkpoint, same available paired subset; scores measured relative to no-op zero"
2012,middle,16,6bb612278b131a2b4bd62344122f5a462651f080d63727a172cd273e16664884,92a2012fcd2c647e2ec3c2ce4ebd22933b2156099a2e0020204ff3316c7ed88c,54bda9c0f2fcedb63898f4690c8d19fe1bd71bd0a4e3da46edd2a7675d339d45,<WORKSPACE>/Gaussian/A17/EXCHANGE_R1/results/object_2012_middle,PROJECTED_ONLY,"base spectral fidelity minus child spectral fidelity, same full/projected scope; no-op0",2208,193,12,True,exact persisted spectrum subset only; not complete teacher domain; descriptive no inference/certificate,spectrum_plus_teacher_best,teacher-best evaluator augmentation introduces utility-selection bias,information_fidelity_improvement,193,0,1.631439621053487e-17,DESCRIPTIVE,0.012197754749568222,0.021156054697932802,0,0.0,2.6662577521680425e-05,2.842170943040401e-14,1.631439621053487e-17,False,False,"[293, 49]","[1658, 1737]","[293, 49]","[1658, 1737]",candidate-only; numerical ties broken by original move_index; expanded sets also saved,6.532482408791917e-06,293,0.023689105699571056,-2.0130095112888508e-05,False,1,2.6662577521680425e-05,2.6662577521680425e-05,descriptive ambiguity from score ties; not uncertainty interval/certificate,"one matched checkpoint, same available paired subset; scores measured relative to no-op zero"
