mode,object_id,phase,k,noise_basis_points,realization_index,source_directory,paired_attempt,receiver_full_gap,final_full_gap,signed_full_gap_improvement,evaluation_floor,evaluation_classification,classification_scope,receiver_H_step_error,final_H_step_error,receiver_normalized_H_step_error,final_normalized_H_step_error,full_reference_H_energy,receiver_half_H_step_energy,final_half_H_step_energy,reference_relative_residual,accepted_moves,stop_reason,selected_ids,one_step_truth,final_nonlinear_status,result_sha256,endpoint_sha256
noise,2002,middle,4,100,0,/Volumes/migodam's-external-brain/Research/Inv_SLAM/Gaussian/A17/CLOSURE_R1/remote_snapshots/noise_complete_v1/results/locked_noise_v1/object_2002/middle_noise100_rep0,a17_closure_locked_noise_v1_2002_1db259627047431788c4148bd07e5d60,8.284119874738797e-05,2.1681778580554423e-05,6.115942016683355e-05,1.0580006733835163e-18,improved,evaluation floor ONLY; not online acceptance tolerance,0.012871767458076826,0.006585101150409288,2.628183695518145,1.3445593647656908,2.398639255158819e-05,8.284119874740277e-05,2.1681778580560864e-05,1.8040016381565097e-12,3,MOVE_BUDGET_EXHAUSTED,"[3, 4, 5, 32]","{""constraints_violated"": true, ""relative_material_error"": 0.34169640300383847, ""scope"": ""Offline unconstrained alpha1 diagnostic; not nonlinear accepted update""}","{""reason"": ""Separate owner bounded nonlinear transfer stage"", ""status"": ""NOT_RUN""}",92c0e5ac729886c77b9b2d1c948f16fce22d53eaf5714dceff2a232ef997ad2d,317b57f1623cb8c01dd9049d0e6aea784cd7da54f9e2195012e6e9ecf100eb7a
noise,2002,middle,8,100,0,/Volumes/migodam's-external-brain/Research/Inv_SLAM/Gaussian/A17/CLOSURE_R1/remote_snapshots/noise_complete_v1/results/locked_noise_v1/object_2002/middle_noise100_rep0,a17_closure_locked_noise_v1_2002_1db259627047431788c4148bd07e5d60,5.6289183480194785e-05,1.7009149092989337e-05,3.928003438720545e-05,1.0580006733835163e-18,improved,evaluation floor ONLY; not online acceptance tolerance,0.010610295328613694,0.0058325207402964915,2.1664317101842103,1.1908959638483834,2.398639255158819e-05,5.628918348020078e-05,1.7009149092994365e-05,1.8040016381565097e-12,3,MOVE_BUDGET_EXHAUSTED,"[1, 4, 5, 6, 7, 65, 32, 34]","{""constraints_violated"": true, ""relative_material_error"": 0.3343730632249543, ""scope"": ""Offline unconstrained alpha1 diagnostic; not nonlinear accepted update""}","{""reason"": ""Separate owner bounded nonlinear transfer stage"", ""status"": ""NOT_RUN""}",92c0e5ac729886c77b9b2d1c948f16fce22d53eaf5714dceff2a232ef997ad2d,ba6911c17f92a87a156e30bacb4cd9c4c8d93a252e010d64028341953a2de1e7
noise,2002,middle,16,100,0,/Volumes/migodam's-external-brain/Research/Inv_SLAM/Gaussian/A17/CLOSURE_R1/remote_snapshots/noise_complete_v1/results/locked_noise_v1/object_2002/middle_noise100_rep0,a17_closure_locked_noise_v1_2002_1db259627047431788c4148bd07e5d60,7.953198368199272e-06,4.794988868532985e-06,3.1582094996662875e-06,1.0580006733835163e-18,improved,evaluation floor ONLY; not online acceptance tolerance,0.003988282429366488,0.0030967689189000734,0.8143356293626369,0.6323045850500905,2.398639255158819e-05,7.953198368196728e-06,4.794988868532765e-06,1.8040016381565097e-12,3,MOVE_BUDGET_EXHAUSTED,"[0, 1, 3, 4, 5, 6, 8, 9, 10, 11, 12, 13, 15, 17, 128, 129]","{""constraints_violated"": true, ""relative_material_error"": 0.32264023207297, ""scope"": ""Offline unconstrained alpha1 diagnostic; not nonlinear accepted update""}","{""reason"": ""Separate owner bounded nonlinear transfer stage"", ""status"": ""NOT_RUN""}",92c0e5ac729886c77b9b2d1c948f16fce22d53eaf5714dceff2a232ef997ad2d,1542c37c1367bd8345ad90ca1871f69be3bd2abba351bfca0a1c0b70b8d3dd90
noise,2002,middle,4,100,1,/Volumes/migodam's-external-brain/Research/Inv_SLAM/Gaussian/A17/CLOSURE_R1/remote_snapshots/noise_complete_v1/results/locked_noise_v1/object_2002/middle_noise100_rep1,a17_closure_locked_noise_v1_2002_1db259627047431788c4148bd07e5d60,9.056648913794602e-05,3.0562570166933323e-05,6.00039189710127e-05,1.0437413657097553e-18,improved,evaluation floor ONLY; not online acceptance tolerance,0.013458565238386674,0.00781825686031631,2.766998978885234,1.6073859557819363,2.3658081867617126e-05,9.056648913795506e-05,3.056257016694153e-05,5.31148745924725e-12,3,MOVE_BUDGET_EXHAUSTED,"[3, 5, 33, 32]","{""constraints_violated"": true, ""relative_material_error"": 0.3429990495952829, ""scope"": ""Offline unconstrained alpha1 diagnostic; not nonlinear accepted update""}","{""reason"": ""Separate owner bounded nonlinear transfer stage"", ""status"": ""NOT_RUN""}",d79831b501a488267ea405465f361ca7689311636a4378fe89782591542a96e6,a5c94514372a0a641e7a8da0dd1200d7aeee1360e356a77e8e8c4beaceaa2478
noise,2002,middle,8,100,1,/Volumes/migodam's-external-brain/Research/Inv_SLAM/Gaussian/A17/CLOSURE_R1/remote_snapshots/noise_complete_v1/results/locked_noise_v1/object_2002/middle_noise100_rep1,a17_closure_locked_noise_v1_2002_1db259627047431788c4148bd07e5d60,5.404499438854522e-05,1.9217875310069718e-05,3.48271190784755e-05,1.0437413657097553e-18,improved,evaluation floor ONLY; not online acceptance tolerance,0.010396633530961406,0.006199657298604751,2.1374844832615048,1.2746117517601079,2.3658081867617126e-05,5.4044994388555506e-05,1.921787531007158e-05,5.31148745924725e-12,3,MOVE_BUDGET_EXHAUSTED,"[0, 3, 4, 6, 7, 65, 128, 33]","{""constraints_violated"": true, ""relative_material_error"": 0.3348996476185155, ""scope"": ""Offline unconstrained alpha1 diagnostic; not nonlinear accepted update""}","{""reason"": ""Separate owner bounded nonlinear transfer stage"", ""status"": ""NOT_RUN""}",d79831b501a488267ea405465f361ca7689311636a4378fe89782591542a96e6,9c967d1133a983e61213900d7d0c8e60b8da315adffabe12c547b9adda5584a0
noise,2002,middle,16,100,1,/Volumes/migodam's-external-brain/Research/Inv_SLAM/Gaussian/A17/CLOSURE_R1/remote_snapshots/noise_complete_v1/results/locked_noise_v1/object_2002/middle_noise100_rep1,a17_closure_locked_noise_v1_2002_1db259627047431788c4148bd07e5d60,7.4930701338724815e-06,5.188096718011639e-06,2.3049734158608427e-06,1.0437413657097553e-18,improved,evaluation floor ONLY; not online acceptance tolerance,0.003871193648960803,0.0032212099335551057,0.7958938181010431,0.6622611280658616,2.3658081867617126e-05,7.493070133877227e-06,5.188096718017044e-06,5.31148745924725e-12,1,ABSTAIN_UNRESOLVED,"[0, 1, 2, 3, 4, 5, 6, 7, 8, 9, 11, 12, 13, 14, 15, 96]","{""constraints_violated"": true, ""relative_material_error"": 0.32100357545946767, ""scope"": ""Offline unconstrained alpha1 diagnostic; not nonlinear accepted update""}","{""reason"": ""Separate owner bounded nonlinear transfer stage"", ""status"": ""NOT_RUN""}",d79831b501a488267ea405465f361ca7689311636a4378fe89782591542a96e6,15655ac3f891033603324c9b00c0d90b5d099650bb1f26ebfcaeec6ba7e1e1ac
noise,2002,middle,4,100,2,/Volumes/migodam's-external-brain/Research/Inv_SLAM/Gaussian/A17/CLOSURE_R1/remote_snapshots/noise_complete_v1/results/locked_noise_v1/object_2002/middle_noise100_rep2,a17_closure_locked_noise_v1_2002_1db259627047431788c4148bd07e5d60,6.802655225180035e-05,1.8281103922124964e-05,4.9745448329675385e-05,9.831688099368426e-19,improved,evaluation floor ONLY; not online acceptance tolerance,0.011664180404281277,0.006046669152868389,2.5531481536168252,1.323542816391222,2.0871632665535494e-05,6.802655225180966e-05,1.8281103922125063e-05,3.889320696368013e-12,3,MOVE_BUDGET_EXHAUSTED,"[3, 4, 5, 32]","{""constraints_violated"": true, ""relative_material_error"": 0.34134069303064885, ""scope"": ""Offline unconstrained alpha1 diagnostic; not nonlinear accepted update""}","{""reason"": ""Separate owner bounded nonlinear transfer stage"", ""status"": ""NOT_RUN""}",2d250e29a70f861f332dc98aaf5029e83278a464327937865992a48cb5147d58,cfcb525b36f72039675ed6fccdc383ab6e65c12660a5bec241c3bb7733e5581c
noise,2002,middle,8,100,2,/Volumes/migodam's-external-brain/Research/Inv_SLAM/Gaussian/A17/CLOSURE_R1/remote_snapshots/noise_complete_v1/results/locked_noise_v1/object_2002/middle_noise100_rep2,a17_closure_locked_noise_v1_2002_1db259627047431788c4148bd07e5d60,4.5760916637157226e-05,1.607813076091782e-05,2.9682785876239404e-05,9.831688099368426e-19,improved,evaluation floor ONLY; not online acceptance tolerance,0.009566704410312467,0.005670649127024859,2.094036002085673,1.2412365761385433,2.0871632665535494e-05,4.5760916637146004e-05,1.6078130760913898e-05,3.889320696368013e-12,2,ABSTAIN_UNRESOLVED,"[0, 1, 3, 4, 5, 6, 65, 8]","{""constraints_violated"": true, ""relative_material_error"": 0.33532547292301246, ""scope"": ""Offline unconstrained alpha1 diagnostic; not nonlinear accepted update""}","{""reason"": ""Separate owner bounded nonlinear transfer stage"", ""status"": ""NOT_RUN""}",2d250e29a70f861f332dc98aaf5029e83278a464327937865992a48cb5147d58,3d7b55819e07dbd482f59e1576c267e98ab7e7c63d10966eef536656335bbb1a
noise,2002,middle,16,100,2,/Volumes/migodam's-external-brain/Research/Inv_SLAM/Gaussian/A17/CLOSURE_R1/remote_snapshots/noise_complete_v1/results/locked_noise_v1/object_2002/middle_noise100_rep2,a17_closure_locked_noise_v1_2002_1db259627047431788c4148bd07e5d60,5.397325796421407e-06,3.351356764361238e-06,2.0459690320601693e-06,9.831688099368426e-19,improved,evaluation floor ONLY; not online acceptance tolerance,0.003285521510026419,0.0025889599318508587,0.7191609599859574,0.5666920469925857,2.0871632665535494e-05,5.39732579642314e-06,3.351356764364601e-06,3.889320696368013e-12,3,MOVE_BUDGET_EXHAUSTED,"[1, 2, 3, 4, 5, 6, 7, 8, 9, 11, 12, 13, 14, 96, 129, 97]","{""constraints_violated"": true, ""relative_material_error"": 0.31954085073684685, ""scope"": ""Offline unconstrained alpha1 diagnostic; not nonlinear accepted update""}","{""reason"": ""Separate owner bounded nonlinear transfer stage"", ""status"": ""NOT_RUN""}",2d250e29a70f861f332dc98aaf5029e83278a464327937865992a48cb5147d58,b53bcaa37d1f9b84f9577fa99ba2b02f0f0a44c5fa9dd6d570a77feb5d7e407e
noise,2002,middle,4,300,0,/Volumes/migodam's-external-brain/Research/Inv_SLAM/Gaussian/A17/CLOSURE_R1/remote_snapshots/noise_complete_v1/results/locked_noise_v1/object_2002/middle_noise300_rep0,a17_closure_locked_noise_v1_2002_1db259627047431788c4148bd07e5d60,0.00010025505908358227,4.581906475411433e-05,5.443599432946794e-05,6.6744325028273815e-18,improved,evaluation floor ONLY; not online acceptance tolerance,0.014160159538896986,0.009572780657055698,1.8634113630384852,1.259733564670141,5.7745588801126586e-05,0.00010025505908350765,4.581906475404985e-05,3.227792113383584e-12,3,MOVE_BUDGET_EXHAUSTED,"[3, 4, 32, 33]","{""constraints_violated"": true, ""relative_material_error"": 0.3434849895887941, ""scope"": ""Offline unconstrained alpha1 diagnostic; not nonlinear accepted update""}","{""reason"": ""Separate owner bounded nonlinear transfer stage"", ""status"": ""NOT_RUN""}",a2dbe27b132aaf6b3cd7e994b5e11ae70524626030b5df05f291acf86c6e6645,b521f686a24ce6317895f4826a0ba0302f689259db3e50628c879b467e0983f3
noise,2002,middle,8,300,0,/Volumes/migodam's-external-brain/Research/Inv_SLAM/Gaussian/A17/CLOSURE_R1/remote_snapshots/noise_complete_v1/results/locked_noise_v1/object_2002/middle_noise300_rep0,a17_closure_locked_noise_v1_2002_1db259627047431788c4148bd07e5d60,6.716425790814578e-05,3.3524309575553255e-05,3.363994833259252e-05,6.6744325028273815e-18,improved,evaluation floor ONLY; not online acceptance tolerance,0.011590017938556482,0.008188322120617837,1.5251926410292647,1.0775452382344564,5.7745588801126586e-05,6.716425790803053e-05,3.3524309575499695e-05,3.227792113383584e-12,3,MOVE_BUDGET_EXHAUSTED,"[0, 2, 3, 4, 6, 65, 64, 96]","{""constraints_violated"": true, ""relative_material_error"": 0.349926286652013, ""scope"": ""Offline unconstrained alpha1 diagnostic; not nonlinear accepted update""}","{""reason"": ""Separate owner bounded nonlinear transfer stage"", ""status"": ""NOT_RUN""}",a2dbe27b132aaf6b3cd7e994b5e11ae70524626030b5df05f291acf86c6e6645,9fcbba665ba51061efbd5a1c23d28480ba03cba7d6ec746a5758ab8758b578ea
noise,2002,middle,16,300,0,/Volumes/migodam's-external-brain/Research/Inv_SLAM/Gaussian/A17/CLOSURE_R1/remote_snapshots/noise_complete_v1/results/locked_noise_v1/object_2002/middle_noise300_rep0,a17_closure_locked_noise_v1_2002_1db259627047431788c4148bd07e5d60,1.2943711756578398e-05,1.1070130868856849e-05,1.8735808877215492e-06,6.6744325028273815e-18,improved,evaluation floor ONLY; not online acceptance tolerance,0.005087968505509172,0.0047053439552962985,0.6695530726122212,0.6192014552674003,5.7745588801126586e-05,1.2943711756526619e-05,1.1070130868821709e-05,3.227792113383584e-12,3,MOVE_BUDGET_EXHAUSTED,"[0, 1, 2, 3, 4, 5, 6, 8, 9, 10, 11, 13, 14, 16, 96, 144]","{""constraints_violated"": true, ""relative_material_error"": 0.3299950717006295, ""scope"": ""Offline unconstrained alpha1 diagnostic; not nonlinear accepted update""}","{""reason"": ""Separate owner bounded nonlinear transfer stage"", ""status"": ""NOT_RUN""}",a2dbe27b132aaf6b3cd7e994b5e11ae70524626030b5df05f291acf86c6e6645,add5bc5cafed420fb686671f8f6663561e02a94b44eea57bc1de8e92365e17c1
noise,2002,middle,4,300,1,/Volumes/migodam's-external-brain/Research/Inv_SLAM/Gaussian/A17/CLOSURE_R1/remote_snapshots/noise_complete_v1/results/locked_noise_v1/object_2002/middle_noise300_rep1,a17_closure_locked_noise_v1_2002_1db259627047431788c4148bd07e5d60,0.00022636591975674683,7.266702277053155e-05,0.00015369889698621528,6.8299836330984595e-18,improved,evaluation floor ONLY; not online acceptance tolerance,0.02127749608186325,0.0120554570855333,2.690726510515565,1.5245185735964941,6.253194296572283e-05,0.00022636591975685297,7.266702277056751e-05,5.228896479906024e-12,3,MOVE_BUDGET_EXHAUSTED,"[3, 5, 33, 34]","{""constraints_violated"": true, ""relative_material_error"": 0.343954921731338, ""scope"": ""Offline unconstrained alpha1 diagnostic; not nonlinear accepted update""}","{""reason"": ""Separate owner bounded nonlinear transfer stage"", ""status"": ""NOT_RUN""}",0254267ab4cbce9be18d603c39cc84a6bf5dea380d310911e11e94fea92ab070,40e0d10703ebeca02e86a62844ba645b1b0b16de2ece59508ad9fa8772f4db7f
noise,2002,middle,8,300,1,/Volumes/migodam's-external-brain/Research/Inv_SLAM/Gaussian/A17/CLOSURE_R1/remote_snapshots/noise_complete_v1/results/locked_noise_v1/object_2002/middle_noise300_rep1,a17_closure_locked_noise_v1_2002_1db259627047431788c4148bd07e5d60,9.33297215738859e-05,3.815689239957318e-05,5.517282917431272e-05,6.8299836330984595e-18,improved,evaluation floor ONLY; not online acceptance tolerance,0.01366233666499761,0.00873577614177264,1.7277226285772014,1.1047157223839403,6.253194296572283e-05,9.3329721573869e-05,3.815689239958204e-05,5.228896479906024e-12,3,MOVE_BUDGET_EXHAUSTED,"[3, 4, 5, 6, 7, 65, 96, 32]","{""constraints_violated"": true, ""relative_material_error"": 0.33526220477371155, ""scope"": ""Offline unconstrained alpha1 diagnostic; not nonlinear accepted update""}","{""reason"": ""Separate owner bounded nonlinear transfer stage"", ""status"": ""NOT_RUN""}",0254267ab4cbce9be18d603c39cc84a6bf5dea380d310911e11e94fea92ab070,663bab6077cec6cb002d730161738df212984889e5c2897ab0bf1a43c6ec335c
noise,2002,middle,16,300,1,/Volumes/migodam's-external-brain/Research/Inv_SLAM/Gaussian/A17/CLOSURE_R1/remote_snapshots/noise_complete_v1/results/locked_noise_v1/object_2002/middle_noise300_rep1,a17_closure_locked_noise_v1_2002_1db259627047431788c4148bd07e5d60,1.8907612545290722e-05,1.6265921143963685e-05,2.641691401327037e-06,6.8299836330984595e-18,improved,evaluation floor ONLY; not online acceptance tolerance,0.00614940851550336,0.005703669195168161,0.7776467894997776,0.7212791322627292,6.253194296572283e-05,1.8907612545272616e-05,1.6265921143955106e-05,5.228896479906024e-12,3,MOVE_BUDGET_EXHAUSTED,"[0, 1, 2, 3, 5, 6, 7, 8, 9, 11, 13, 14, 15, 17, 16, 129]","{""constraints_violated"": true, ""relative_material_error"": 0.333366159372684, ""scope"": ""Offline unconstrained alpha1 diagnostic; not nonlinear accepted update""}","{""reason"": ""Separate owner bounded nonlinear transfer stage"", ""status"": ""NOT_RUN""}",0254267ab4cbce9be18d603c39cc84a6bf5dea380d310911e11e94fea92ab070,51029b01d917aedc0235e04faa2dd5bc7de51f578108bc381adfc4572da4960d
noise,2002,middle,4,300,2,/Volumes/migodam's-external-brain/Research/Inv_SLAM/Gaussian/A17/CLOSURE_R1/remote_snapshots/noise_complete_v1/results/locked_noise_v1/object_2002/middle_noise300_rep2,a17_closure_locked_noise_v1_2002_1db259627047431788c4148bd07e5d60,0.0001369456976504673,6.437558973761602e-05,7.257010791285127e-05,6.778311089079671e-18,improved,evaluation floor ONLY; not online acceptance tolerance,0.016549664507198348,0.011346857691681646,2.014829824854926,1.3814169638085882,6.746859193787666e-05,0.0001369456976504104,6.437558973763747e-05,4.847020033346535e-12,2,ABSTAIN_UNRESOLVED,"[2, 3, 4, 64]","{""constraints_violated"": true, ""relative_material_error"": 0.347664638977019, ""scope"": ""Offline unconstrained alpha1 diagnostic; not nonlinear accepted update""}","{""reason"": ""Separate owner bounded nonlinear transfer stage"", ""status"": ""NOT_RUN""}",245b22b808f0c89bd4f896f6b99207146a3eb98c750d85add612e9c762be5b17,62975a644ece5f124723d62bbddb42f3dc07bd6eb9132735585ea2d46dd0d2ba
noise,2002,middle,8,300,2,/Volumes/migodam's-external-brain/Research/Inv_SLAM/Gaussian/A17/CLOSURE_R1/remote_snapshots/noise_complete_v1/results/locked_noise_v1/object_2002/middle_noise300_rep2,a17_closure_locked_noise_v1_2002_1db259627047431788c4148bd07e5d60,7.45621871933957e-05,3.2353186034989124e-05,4.220900115840657e-05,6.778311089079671e-18,improved,evaluation floor ONLY; not online acceptance tolerance,0.012211649126418119,0.008044027105250817,1.4867005225313803,0.9793156662814115,6.746859193787666e-05,7.45621871933742e-05,3.235318603500492e-05,4.847020033346535e-12,3,MOVE_BUDGET_EXHAUSTED,"[2, 3, 4, 6, 7, 64, 66, 129]","{""constraints_violated"": true, ""relative_material_error"": 0.33839956041474684, ""scope"": ""Offline unconstrained alpha1 diagnostic; not nonlinear accepted update""}","{""reason"": ""Separate owner bounded nonlinear transfer stage"", ""status"": ""NOT_RUN""}",245b22b808f0c89bd4f896f6b99207146a3eb98c750d85add612e9c762be5b17,2695fb701bcc4cc03f77a4000e0e8aaa9070ffe05c206b9e0e25b81be837cab7
noise,2002,middle,16,300,2,/Volumes/migodam's-external-brain/Research/Inv_SLAM/Gaussian/A17/CLOSURE_R1/remote_snapshots/noise_complete_v1/results/locked_noise_v1/object_2002/middle_noise300_rep2,a17_closure_locked_noise_v1_2002_1db259627047431788c4148bd07e5d60,1.8951464252270472e-05,1.4336405506530116e-05,4.615058745740356e-06,6.778311089079671e-18,improved,evaluation floor ONLY; not online acceptance tolerance,0.006156535430299582,0.005354699899434496,0.7495240279552685,0.6519050012062573,6.746859193787666e-05,1.8951464252267026e-05,1.4336405506501898e-05,4.847020033346535e-12,3,MOVE_BUDGET_EXHAUSTED,"[0, 1, 3, 4, 5, 6, 7, 8, 10, 12, 13, 14, 15, 17, 16, 33]","{""constraints_violated"": true, ""relative_material_error"": 0.3361514040025649, ""scope"": ""Offline unconstrained alpha1 diagnostic; not nonlinear accepted update""}","{""reason"": ""Separate owner bounded nonlinear transfer stage"", ""status"": ""NOT_RUN""}",245b22b808f0c89bd4f896f6b99207146a3eb98c750d85add612e9c762be5b17,77292722ee3c170d2d73e5d859dd607a4c6f19f6e2aef050faa8cb42456d59e9
noise,2005,middle,4,100,0,/Volumes/migodam's-external-brain/Research/Inv_SLAM/Gaussian/A17/CLOSURE_R1/remote_snapshots/noise_complete_v1/results/locked_noise_v1/object_2005/middle_noise100_rep0,a17_closure_locked_noise_v1_2005_7b38aa98897c4b22aeb2c6de897fed36,0.00027593837558124393,1.0731104887600408e-05,0.00026520727069364355,1.0263771127166266e-18,improved,evaluation floor ONLY; not online acceptance tolerance,0.023492057193070955,0.004632732430780387,10.033964243682014,1.9787399280939617,5.48146948597447e-06,0.0002759383755812584,1.0731104887602175e-05,1.912596163916422e-12,3,MOVE_BUDGET_EXHAUSTED,"[3, 4, 5, 144]","{""constraints_violated"": false, ""relative_material_error"": 0.6797770181204775, ""scope"": ""Offline unconstrained alpha1 diagnostic; not nonlinear accepted update""}","{""reason"": ""Separate owner bounded nonlinear transfer stage"", ""status"": ""NOT_RUN""}",5f9237db482ea3b103f55ca4a8f2d6e8f4b1f498c611b0775eb3527b0d497c7b,2ae0fed51a6547b6171e3c7329193475f882b77d3ae31fbe578180c14acdac29
noise,2005,middle,8,100,0,/Volumes/migodam's-external-brain/Research/Inv_SLAM/Gaussian/A17/CLOSURE_R1/remote_snapshots/noise_complete_v1/results/locked_noise_v1/object_2005/middle_noise100_rep0,a17_closure_locked_noise_v1_2005_7b38aa98897c4b22aeb2c6de897fed36,4.789635727332863e-05,1.9571711215273194e-05,2.8324646058055434e-05,1.0263771127166266e-18,improved,evaluation floor ONLY; not online acceptance tolerance,0.00978737526340232,0.006256470445111473,4.180399044041272,2.672273450637525,5.48146948597447e-06,4.789635727332982e-05,1.9571711215276677e-05,1.912596163916422e-12,2,ABSTAIN_UNRESOLVED,"[0, 1, 4, 5, 6, 7, 65, 97]","{""constraints_violated"": false, ""relative_material_error"": 0.6884995228592624, ""scope"": ""Offline unconstrained alpha1 diagnostic; not nonlinear accepted update""}","{""reason"": ""Separate owner bounded nonlinear transfer stage"", ""status"": ""NOT_RUN""}",5f9237db482ea3b103f55ca4a8f2d6e8f4b1f498c611b0775eb3527b0d497c7b,8cbc5ddae40de2136cfcba852d2ac11eee696aeb7ff118d57935ceca5dc732b5
noise,2005,middle,16,100,0,/Volumes/migodam's-external-brain/Research/Inv_SLAM/Gaussian/A17/CLOSURE_R1/remote_snapshots/noise_complete_v1/results/locked_noise_v1/object_2005/middle_noise100_rep0,a17_closure_locked_noise_v1_2005_7b38aa98897c4b22aeb2c6de897fed36,7.518528533058127e-06,2.342262230827224e-06,5.1762663022309036e-06,1.0263771127166266e-18,improved,evaluation floor ONLY; not online acceptance tolerance,0.003877764441803511,0.0021643762292301513,1.6562768187859849,0.924451763227284,5.48146948597447e-06,7.518528533057848e-06,2.3422622308282644e-06,1.912596163916422e-12,3,MOVE_BUDGET_EXHAUSTED,"[0, 1, 2, 3, 5, 6, 7, 8, 9, 11, 13, 14, 15, 17, 16, 32]","{""constraints_violated"": false, ""relative_material_error"": 0.6732677723927115, ""scope"": ""Offline unconstrained alpha1 diagnostic; not nonlinear accepted update""}","{""reason"": ""Separate owner bounded nonlinear transfer stage"", ""status"": ""NOT_RUN""}",5f9237db482ea3b103f55ca4a8f2d6e8f4b1f498c611b0775eb3527b0d497c7b,801a82bc9f8144c127e67140173d2d95659253cee1c915757f2e0626d4e7ba1c
noise,2005,middle,4,100,1,/Volumes/migodam's-external-brain/Research/Inv_SLAM/Gaussian/A17/CLOSURE_R1/remote_snapshots/noise_complete_v1/results/locked_noise_v1/object_2005/middle_noise100_rep1,a17_closure_locked_noise_v1_2005_7b38aa98897c4b22aeb2c6de897fed36,0.0002719936141634002,1.5028365377211552e-05,0.00025696524878618865,1.0271011667702665e-18,improved,evaluation floor ONLY; not online acceptance tolerance,0.023323533787288783,0.005482401914710673,11.251004897829404,2.64464773463684,4.297402934063312e-06,0.0002719936141634007,1.5028365377211626e-05,1.0866636905878713e-12,3,MOVE_BUDGET_EXHAUSTED,"[1, 4, 5, 128]","{""constraints_violated"": false, ""relative_material_error"": 0.6802668137204904, ""scope"": ""Offline unconstrained alpha1 diagnostic; not nonlinear accepted update""}","{""reason"": ""Separate owner bounded nonlinear transfer stage"", ""status"": ""NOT_RUN""}",8338c0ce9c68fca80383eb190735428688ff1b8a6c633c5937f979711224959e,93e574ff466e409ba2ac38bef0fdad1db44215c6209019e05b38013fed682197
noise,2005,middle,8,100,1,/Volumes/migodam's-external-brain/Research/Inv_SLAM/Gaussian/A17/CLOSURE_R1/remote_snapshots/noise_complete_v1/results/locked_noise_v1/object_2005/middle_noise100_rep1,a17_closure_locked_noise_v1_2005_7b38aa98897c4b22aeb2c6de897fed36,4.835866551854864e-05,1.3483752093298467e-05,3.4874913425250177e-05,1.0271011667702665e-18,improved,evaluation floor ONLY; not online acceptance tolerance,0.009834496989531812,0.005193024570190497,4.744048427910765,2.5050554262752422,4.297402934063312e-06,4.835866551855514e-05,1.34837520933011e-05,1.0866636905878713e-12,3,MOVE_BUDGET_EXHAUSTED,"[1, 4, 5, 6, 7, 96, 32, 65]","{""constraints_violated"": false, ""relative_material_error"": 0.6752737396735425, ""scope"": ""Offline unconstrained alpha1 diagnostic; not nonlinear accepted update""}","{""reason"": ""Separate owner bounded nonlinear transfer stage"", ""status"": ""NOT_RUN""}",8338c0ce9c68fca80383eb190735428688ff1b8a6c633c5937f979711224959e,248732d5501565ed16b05de38eb8d92857ffa262c19c2f5441e64ee060e3775d
noise,2005,middle,16,100,1,/Volumes/migodam's-external-brain/Research/Inv_SLAM/Gaussian/A17/CLOSURE_R1/remote_snapshots/noise_complete_v1/results/locked_noise_v1/object_2005/middle_noise100_rep1,a17_closure_locked_noise_v1_2005_7b38aa98897c4b22aeb2c6de897fed36,7.673118609325026e-06,3.245132895734611e-06,4.427985713590416e-06,1.0271011667702665e-18,improved,evaluation floor ONLY; not online acceptance tolerance,0.003917427372479553,0.0025476000061762285,1.8897219845253073,1.2289329913985934,4.297402934063312e-06,7.673118609326024e-06,3.2451328957345593e-06,1.0866636905878713e-12,1,ABSTAIN_UNRESOLVED,"[0, 1, 2, 4, 5, 6, 7, 8, 9, 10, 11, 12, 13, 14, 15, 17]","{""constraints_violated"": false, ""relative_material_error"": 0.6708190826947205, ""scope"": ""Offline unconstrained alpha1 diagnostic; not nonlinear accepted update""}","{""reason"": ""Separate owner bounded nonlinear transfer stage"", ""status"": ""NOT_RUN""}",8338c0ce9c68fca80383eb190735428688ff1b8a6c633c5937f979711224959e,3777df060d873d665fc6a5355820a86af9ec491af5e5990ddcd912f3f3270321
noise,2005,middle,4,100,2,/Volumes/migodam's-external-brain/Research/Inv_SLAM/Gaussian/A17/CLOSURE_R1/remote_snapshots/noise_complete_v1/results/locked_noise_v1/object_2005/middle_noise100_rep2,a17_closure_locked_noise_v1_2005_7b38aa98897c4b22aeb2c6de897fed36,0.0002464640747616891,1.559933619159292e-05,0.00023086473857009617,1.0229379657775903e-18,improved,evaluation floor ONLY; not online acceptance tolerance,0.022201985260858256,0.0055855771754745095,8.732413964953022,2.1969013832031954,6.464203038286954e-06,0.0002464640747616836,1.55993361915909e-05,1.929339196066874e-12,2,ABSTAIN_UNRESOLVED,"[1, 3, 4, 96]","{""constraints_violated"": false, ""relative_material_error"": 0.6719645443728031, ""scope"": ""Offline unconstrained alpha1 diagnostic; not nonlinear accepted update""}","{""reason"": ""Separate owner bounded nonlinear transfer stage"", ""status"": ""NOT_RUN""}",475c7cceeb65d9e5c534ab5d7541c24430b0a73d96107ffc8742349ee6edd8b0,20ddda88e82af8a09ac8ab16a01ef039fec8a07a65195580b31da29cbd4042d2
noise,2005,middle,8,100,2,/Volumes/migodam's-external-brain/Research/Inv_SLAM/Gaussian/A17/CLOSURE_R1/remote_snapshots/noise_complete_v1/results/locked_noise_v1/object_2005/middle_noise100_rep2,a17_closure_locked_noise_v1_2005_7b38aa98897c4b22aeb2c6de897fed36,4.797653932501607e-05,1.371398023463739e-05,3.426255909037868e-05,1.0229379657775903e-18,improved,evaluation floor ONLY; not online acceptance tolerance,0.009795564233367028,0.005237171036855146,3.8527600528071844,2.0598673930167934,6.464203038286954e-06,4.79765393250097e-05,1.3713980234637203e-05,1.929339196066874e-12,3,MOVE_BUDGET_EXHAUSTED,"[1, 3, 4, 5, 6, 7, 32, 97]","{""constraints_violated"": false, ""relative_material_error"": 0.6885964268946114, ""scope"": ""Offline unconstrained alpha1 diagnostic; not nonlinear accepted update""}","{""reason"": ""Separate owner bounded nonlinear transfer stage"", ""status"": ""NOT_RUN""}",475c7cceeb65d9e5c534ab5d7541c24430b0a73d96107ffc8742349ee6edd8b0,f95d3dca9376fb29382acd549d79b0aed99098fbca7d9d759872a2db38b43eaa
noise,2005,middle,16,100,2,/Volumes/migodam's-external-brain/Research/Inv_SLAM/Gaussian/A17/CLOSURE_R1/remote_snapshots/noise_complete_v1/results/locked_noise_v1/object_2005/middle_noise100_rep2,a17_closure_locked_noise_v1_2005_7b38aa98897c4b22aeb2c6de897fed36,9.167402687216374e-06,2.1526814645480077e-06,7.014721222668366e-06,1.0229379657775903e-18,improved,evaluation floor ONLY; not online acceptance tolerance,0.0042819160868037285,0.002074936849423572,1.6841495656283685,0.8161075375653861,6.464203038286954e-06,9.167402687214278e-06,2.1526814645479103e-06,1.929339196066874e-12,3,MOVE_BUDGET_EXHAUSTED,"[0, 1, 3, 4, 6, 7, 8, 9, 10, 11, 13, 14, 15, 17, 16, 144]","{""constraints_violated"": false, ""relative_material_error"": 0.6739536154542455, ""scope"": ""Offline unconstrained alpha1 diagnostic; not nonlinear accepted update""}","{""reason"": ""Separate owner bounded nonlinear transfer stage"", ""status"": ""NOT_RUN""}",475c7cceeb65d9e5c534ab5d7541c24430b0a73d96107ffc8742349ee6edd8b0,4f40bf33fbf2088ce928c1854aca9fbb7564b52e6aa6393565738bcba1805961
noise,2005,middle,4,300,0,/Volumes/migodam's-external-brain/Research/Inv_SLAM/Gaussian/A17/CLOSURE_R1/remote_snapshots/noise_complete_v1/results/locked_noise_v1/object_2005/middle_noise300_rep0,a17_closure_locked_noise_v1_2005_7b38aa98897c4b22aeb2c6de897fed36,0.000503864277263061,7.721769848713295e-05,0.000426646578775928,6.726425652888073e-18,improved,evaluation floor ONLY; not online acceptance tolerance,0.031744740580544384,0.012427203908130333,5.205597917936304,2.037850226742152,3.71879573886269e-05,0.0005038642772630307,7.72176984871249e-05,1.3927332398622834e-12,3,MOVE_BUDGET_EXHAUSTED,"[3, 5, 65, 145]","{""constraints_violated"": false, ""relative_material_error"": 0.6810984736890929, ""scope"": ""Offline unconstrained alpha1 diagnostic; not nonlinear accepted update""}","{""reason"": ""Separate owner bounded nonlinear transfer stage"", ""status"": ""NOT_RUN""}",d0c979fd697cd60c9f600282bafb532634ab7920d52c4689631d316e6c20e1de,98bec868aaa1008d854a448ef671db764ac3c05cb8918b9d304481470257e035
noise,2005,middle,8,300,0,/Volumes/migodam's-external-brain/Research/Inv_SLAM/Gaussian/A17/CLOSURE_R1/remote_snapshots/noise_complete_v1/results/locked_noise_v1/object_2005/middle_noise300_rep0,a17_closure_locked_noise_v1_2005_7b38aa98897c4b22aeb2c6de897fed36,9.100512051177151e-05,3.7898966519116825e-05,5.310615399265469e-05,6.726425652888073e-18,improved,evaluation floor ONLY; not online acceptance tolerance,0.013491117115477772,0.00870620083838187,2.212313910355527,1.4276689659008317,3.71879573886269e-05,9.100512051176864e-05,3.789896651912059e-05,1.3927332398622834e-12,3,MOVE_BUDGET_EXHAUSTED,"[0, 1, 3, 5, 7, 8, 65, 33]","{""constraints_violated"": true, ""relative_material_error"": 0.6800066990835161, ""scope"": ""Offline unconstrained alpha1 diagnostic; not nonlinear accepted update""}","{""reason"": ""Separate owner bounded nonlinear transfer stage"", ""status"": ""NOT_RUN""}",d0c979fd697cd60c9f600282bafb532634ab7920d52c4689631d316e6c20e1de,c6202150715d3efbabc6cda078503377573966b1610bf27de7d19e94c85edf75
noise,2005,middle,16,300,0,/Volumes/migodam's-external-brain/Research/Inv_SLAM/Gaussian/A17/CLOSURE_R1/remote_snapshots/noise_complete_v1/results/locked_noise_v1/object_2005/middle_noise300_rep0,a17_closure_locked_noise_v1_2005_7b38aa98897c4b22aeb2c6de897fed36,1.3727908948947045e-05,5.5513441291041215e-06,8.176564819842922e-06,6.726425652888073e-18,improved,evaluation floor ONLY; not online acceptance tolerance,0.005239829949330704,0.0033320696658689446,0.8592430549359507,0.5464027929620788,3.71879573886269e-05,1.3727908948951504e-05,5.5513441291019895e-06,1.3927332398622834e-12,2,ABSTAIN_UNRESOLVED,"[0, 1, 3, 4, 5, 6, 7, 8, 9, 10, 11, 12, 13, 15, 17, 16]","{""constraints_violated"": false, ""relative_material_error"": 0.6755596398938312, ""scope"": ""Offline unconstrained alpha1 diagnostic; not nonlinear accepted update""}","{""reason"": ""Separate owner bounded nonlinear transfer stage"", ""status"": ""NOT_RUN""}",d0c979fd697cd60c9f600282bafb532634ab7920d52c4689631d316e6c20e1de,5012fd1e090114c35b1c40a2a4e5a2e023304ef016036cce45d01e71cbce2fe2
noise,2005,middle,4,300,1,/Volumes/migodam's-external-brain/Research/Inv_SLAM/Gaussian/A17/CLOSURE_R1/remote_snapshots/noise_complete_v1/results/locked_noise_v1/object_2005/middle_noise300_rep1,a17_closure_locked_noise_v1_2005_7b38aa98897c4b22aeb2c6de897fed36,0.0003879585362128973,3.326241395738401e-05,0.0003546961222555133,6.709037521051313e-18,improved,evaluation floor ONLY; not online acceptance tolerance,0.02785528805138895,0.008156275370212499,4.845337854920843,1.41875789378091,3.304967384853589e-05,0.000387958536212926,3.326241395736752e-05,1.306387322533988e-12,3,MOVE_BUDGET_EXHAUSTED,"[3, 5, 144, 146]","{""constraints_violated"": false, ""relative_material_error"": 0.6796856245768736, ""scope"": ""Offline unconstrained alpha1 diagnostic; not nonlinear accepted update""}","{""reason"": ""Separate owner bounded nonlinear transfer stage"", ""status"": ""NOT_RUN""}",2be65bba8f3fe6c2ec13d33294ed6d00e18f155c77dcc127d7f5adca6462466a,979f10b0f4900c9c5f491abf297a3084194ca944480b399184a4c410d11a1b93
noise,2005,middle,8,300,1,/Volumes/migodam's-external-brain/Research/Inv_SLAM/Gaussian/A17/CLOSURE_R1/remote_snapshots/noise_complete_v1/results/locked_noise_v1/object_2005/middle_noise300_rep1,a17_closure_locked_noise_v1_2005_7b38aa98897c4b22aeb2c6de897fed36,7.527813665270337e-05,4.471933160461077e-05,3.05588050480926e-05,6.709037521051313e-18,improved,evaluation floor ONLY; not online acceptance tolerance,0.012270137460737851,0.009457201658483681,2.1343509862081973,1.6450498416291288,3.304967384853589e-05,7.527813665270115e-05,4.471933160461324e-05,1.306387322533988e-12,3,MOVE_BUDGET_EXHAUSTED,"[0, 1, 5, 6, 7, 33, 8, 64]","{""constraints_violated"": true, ""relative_material_error"": 0.6749557970232383, ""scope"": ""Offline unconstrained alpha1 diagnostic; not nonlinear accepted update""}","{""reason"": ""Separate owner bounded nonlinear transfer stage"", ""status"": ""NOT_RUN""}",2be65bba8f3fe6c2ec13d33294ed6d00e18f155c77dcc127d7f5adca6462466a,97f65d6d70cf256dc50980acbee3ca9f8e72105e92af074b02c1042298420e82
noise,2005,middle,16,300,1,/Volumes/migodam's-external-brain/Research/Inv_SLAM/Gaussian/A17/CLOSURE_R1/remote_snapshots/noise_complete_v1/results/locked_noise_v1/object_2005/middle_noise300_rep1,a17_closure_locked_noise_v1_2005_7b38aa98897c4b22aeb2c6de897fed36,1.3069803979284494e-05,6.6271111641813725e-06,6.442692815103121e-06,6.709037521051313e-18,improved,evaluation floor ONLY; not online acceptance tolerance,0.005112690872581365,0.003640634879847965,0.8893361497366216,0.6332767396527768,3.304967384853589e-05,1.3069803979288402e-05,6.627111164182804e-06,1.306387322533988e-12,1,ABSTAIN_UNRESOLVED,"[0, 1, 2, 3, 4, 5, 6, 7, 8, 10, 11, 12, 13, 14, 15, 17]","{""constraints_violated"": false, ""relative_material_error"": 0.6781937054510085, ""scope"": ""Offline unconstrained alpha1 diagnostic; not nonlinear accepted update""}","{""reason"": ""Separate owner bounded nonlinear transfer stage"", ""status"": ""NOT_RUN""}",2be65bba8f3fe6c2ec13d33294ed6d00e18f155c77dcc127d7f5adca6462466a,0234388d0808a6de82806f893929dbfa1b36f410a32c4fff0ec0bc49467e97a7
noise,2005,middle,4,300,2,/Volumes/migodam's-external-brain/Research/Inv_SLAM/Gaussian/A17/CLOSURE_R1/remote_snapshots/noise_complete_v1/results/locked_noise_v1/object_2005/middle_noise300_rep2,a17_closure_locked_noise_v1_2005_7b38aa98897c4b22aeb2c6de897fed36,0.0003512456615132987,4.028157950348473e-05,0.000310964082009814,6.619053603353687e-18,improved,evaluation floor ONLY; not online acceptance tolerance,0.02650455287354488,0.008975698246204103,5.0231168709999485,1.7010655303117517,2.784161339605378e-05,0.000351245661513268,4.028157950345571e-05,2.5239149563240914e-12,3,MOVE_BUDGET_EXHAUSTED,"[3, 5, 4, 65]","{""constraints_violated"": false, ""relative_material_error"": 0.6800328685549822, ""scope"": ""Offline unconstrained alpha1 diagnostic; not nonlinear accepted update""}","{""reason"": ""Separate owner bounded nonlinear transfer stage"", ""status"": ""NOT_RUN""}",fca8f612e9d371b8e3bd56a85b70911d5dbd6f053348aaa8f72cf9bc967faf47,b4237e6185428eec2b6458f145c6678227d10f1eabe129a86fedf33fe419adea
noise,2005,middle,8,300,2,/Volumes/migodam's-external-brain/Research/Inv_SLAM/Gaussian/A17/CLOSURE_R1/remote_snapshots/noise_complete_v1/results/locked_noise_v1/object_2005/middle_noise300_rep2,a17_closure_locked_noise_v1_2005_7b38aa98897c4b22aeb2c6de897fed36,6.648001590958016e-05,2.9951051736045496e-05,3.652896417353466e-05,6.619053603353687e-18,improved,evaluation floor ONLY; not online acceptance tolerance,0.011530829624063321,0.007739644918993007,2.1853115235560585,1.4668099157766754,2.784161339605378e-05,6.648001590958814e-05,2.9951051736047136e-05,2.5239149563240914e-12,3,MOVE_BUDGET_EXHAUSTED,"[1, 4, 5, 6, 7, 9, 8, 144]","{""constraints_violated"": true, ""relative_material_error"": 0.6827862592096654, ""scope"": ""Offline unconstrained alpha1 diagnostic; not nonlinear accepted update""}","{""reason"": ""Separate owner bounded nonlinear transfer stage"", ""status"": ""NOT_RUN""}",fca8f612e9d371b8e3bd56a85b70911d5dbd6f053348aaa8f72cf9bc967faf47,6d2f3ae8dd77fa468f297156c803342f06acd3fc20b30b36650796e2d52b4c56
noise,2005,middle,16,300,2,/Volumes/migodam's-external-brain/Research/Inv_SLAM/Gaussian/A17/CLOSURE_R1/remote_snapshots/noise_complete_v1/results/locked_noise_v1/object_2005/middle_noise300_rep2,a17_closure_locked_noise_v1_2005_7b38aa98897c4b22aeb2c6de897fed36,1.5378761680607866e-05,8.738860031664505e-06,6.639901648943361e-06,6.619053603353687e-18,improved,evaluation floor ONLY; not online acceptance tolerance,0.005545946570353799,0.004180636322775922,1.0510623558194205,0.7923100964820117,2.784161339605378e-05,1.5378761680609536e-05,8.738860031656693e-06,2.5239149563240914e-12,1,ABSTAIN_UNRESOLVED,"[0, 1, 2, 3, 4, 5, 6, 8, 9, 10, 11, 12, 13, 14, 15, 17]","{""constraints_violated"": false, ""relative_material_error"": 0.673062274898119, ""scope"": ""Offline unconstrained alpha1 diagnostic; not nonlinear accepted update""}","{""reason"": ""Separate owner bounded nonlinear transfer stage"", ""status"": ""NOT_RUN""}",fca8f612e9d371b8e3bd56a85b70911d5dbd6f053348aaa8f72cf9bc967faf47,f08f7b37f61d1c922cb89709141e8e5c97161de875114bafb0832d8135e0c0c8
noise,2009,middle,4,100,0,/Volumes/migodam's-external-brain/Research/Inv_SLAM/Gaussian/A17/CLOSURE_R1/remote_snapshots/noise_complete_v1/results/locked_noise_v1/object_2009/middle_noise100_rep0,a17_closure_locked_noise_v1_2009_0576f36e8b9640148259e663a41de0bd,0.00017413743882638407,4.9596286285953376e-05,0.00012454115254043068,1.6497672277070472e-18,improved,evaluation floor ONLY; not online acceptance tolerance,0.018662124146322914,0.00995954680554798,3.6466556964910195,1.9461363459033998,2.618982682404323e-05,0.00017413743882638437,4.959628628595048e-05,2.8351943893913128e-12,1,ABSTAIN_UNRESOLVED,"[0, 2, 3, 4]","{""constraints_violated"": true, ""relative_material_error"": 0.5934615551082758, ""scope"": ""Offline unconstrained alpha1 diagnostic; not nonlinear accepted update""}","{""reason"": ""Separate owner bounded nonlinear transfer stage"", ""status"": ""NOT_RUN""}",0ac4d974eaf6fa91d21cee2615310fef7ae39aeeba2a8948523f82c4de38fe79,f9a37895a6706f3560c8b047b8e1005759f89f1604c8e6b7874bfb9a6f4c32b5
noise,2009,middle,8,100,0,/Volumes/migodam's-external-brain/Research/Inv_SLAM/Gaussian/A17/CLOSURE_R1/remote_snapshots/noise_complete_v1/results/locked_noise_v1/object_2009/middle_noise100_rep0,a17_closure_locked_noise_v1_2009_0576f36e8b9640148259e663a41de0bd,4.989211600231612e-05,2.6887714410592945e-05,2.3004401591723175e-05,1.6497672277070472e-18,improved,evaluation floor ONLY; not online acceptance tolerance,0.009989205774466398,0.0073331731754521755,1.9519318302282487,1.4329321530575518,2.618982682404323e-05,4.989211600231642e-05,2.6887714410585674e-05,2.8351943893913128e-12,2,ABSTAIN_UNRESOLVED,"[1, 2, 4, 5, 6, 7, 65, 33]","{""constraints_violated"": true, ""relative_material_error"": 0.5826129343638364, ""scope"": ""Offline unconstrained alpha1 diagnostic; not nonlinear accepted update""}","{""reason"": ""Separate owner bounded nonlinear transfer stage"", ""status"": ""NOT_RUN""}",0ac4d974eaf6fa91d21cee2615310fef7ae39aeeba2a8948523f82c4de38fe79,bc87faab687a94e3bf4c4839280efd7ced620bf050dbf72757331c0d7e8f1709
noise,2009,middle,16,100,0,/Volumes/migodam's-external-brain/Research/Inv_SLAM/Gaussian/A17/CLOSURE_R1/remote_snapshots/noise_complete_v1/results/locked_noise_v1/object_2009/middle_noise100_rep0,a17_closure_locked_noise_v1_2009_0576f36e8b9640148259e663a41de0bd,7.938926117385208e-06,5.406925101413202e-06,2.5320010159720055e-06,1.6497672277070472e-18,improved,evaluation floor ONLY; not online acceptance tolerance,0.003984702276804209,0.0032884419111220775,0.7786271885556973,0.6425750538229028,2.618982682404323e-05,7.938926117384322e-06,5.406925101412111e-06,2.8351943893913128e-12,1,ABSTAIN_UNRESOLVED,"[0, 1, 2, 3, 4, 6, 7, 8, 9, 10, 11, 12, 13, 14, 15, 96]","{""constraints_violated"": true, ""relative_material_error"": 0.5753733027510418, ""scope"": ""Offline unconstrained alpha1 diagnostic; not nonlinear accepted update""}","{""reason"": ""Separate owner bounded nonlinear transfer stage"", ""status"": ""NOT_RUN""}",0ac4d974eaf6fa91d21cee2615310fef7ae39aeeba2a8948523f82c4de38fe79,b59c968b146dea67a7b5ffb2fe89d9cafddf2dcd07030c2bcd07581d614ad21e
noise,2009,middle,4,100,1,/Volumes/migodam's-external-brain/Research/Inv_SLAM/Gaussian/A17/CLOSURE_R1/remote_snapshots/noise_complete_v1/results/locked_noise_v1/object_2009/middle_noise100_rep1,a17_closure_locked_noise_v1_2009_0576f36e8b9640148259e663a41de0bd,0.00019352865644207685,4.1544754381549525e-05,0.00015198390206052733,1.684765117417602e-18,improved,evaluation floor ONLY; not online acceptance tolerance,0.019673772207793497,0.009115344687011554,3.629947075236329,1.6818441545887755,2.937478462965705e-05,0.00019352865644207392,4.1544754381514885e-05,8.524080730315498e-12,3,MOVE_BUDGET_EXHAUSTED,"[0, 4, 5, 96]","{""constraints_violated"": true, ""relative_material_error"": 0.5913690724624109, ""scope"": ""Offline unconstrained alpha1 diagnostic; not nonlinear accepted update""}","{""reason"": ""Separate owner bounded nonlinear transfer stage"", ""status"": ""NOT_RUN""}",4cad24c77a9a78a8c1c5a7ff89c68ae7da8ec393ec210614b27fa51e92165666,27b917161f352d195a0cd914e5f2b18e2da85ecc92d3cf64d9b7a8fdb065fc39
noise,2009,middle,8,100,1,/Volumes/migodam's-external-brain/Research/Inv_SLAM/Gaussian/A17/CLOSURE_R1/remote_snapshots/noise_complete_v1/results/locked_noise_v1/object_2009/middle_noise100_rep1,a17_closure_locked_noise_v1_2009_0576f36e8b9640148259e663a41de0bd,5.077157543969074e-05,2.8178083600073895e-05,2.2593491839616847e-05,1.684765117417602e-18,improved,evaluation floor ONLY; not online acceptance tolerance,0.010076862154422916,0.007507074476791176,1.8592507790914163,1.3851071748108679,2.937478462965705e-05,5.077157543962042e-05,2.8178083600044754e-05,8.524080730315498e-12,2,ABSTAIN_UNRESOLVED,"[0, 2, 3, 4, 6, 7, 96, 8]","{""constraints_violated"": true, ""relative_material_error"": 0.5948363929410458, ""scope"": ""Offline unconstrained alpha1 diagnostic; not nonlinear accepted update""}","{""reason"": ""Separate owner bounded nonlinear transfer stage"", ""status"": ""NOT_RUN""}",4cad24c77a9a78a8c1c5a7ff89c68ae7da8ec393ec210614b27fa51e92165666,cc115bdeacd1b9d8b8874b3fd2996787594f1326f230ea274db9ebc9ab4310a1
noise,2009,middle,16,100,1,/Volumes/migodam's-external-brain/Research/Inv_SLAM/Gaussian/A17/CLOSURE_R1/remote_snapshots/noise_complete_v1/results/locked_noise_v1/object_2009/middle_noise100_rep1,a17_closure_locked_noise_v1_2009_0576f36e8b9640148259e663a41de0bd,1.0183523481157504e-05,8.377105336708795e-06,1.8064181444487089e-06,1.684765117417602e-18,improved,evaluation floor ONLY; not online acceptance tolerance,0.004512986479298119,0.004093190769247859,0.8326772262118515,0.7552220135663553,2.937478462965705e-05,1.0183523481163813e-05,8.37710533672794e-06,8.524080730315498e-12,1,ABSTAIN_UNRESOLVED,"[0, 1, 2, 3, 4, 5, 6, 7, 8, 9, 10, 12, 13, 14, 15, 97]","{""constraints_violated"": true, ""relative_material_error"": 0.5783813496261485, ""scope"": ""Offline unconstrained alpha1 diagnostic; not nonlinear accepted update""}","{""reason"": ""Separate owner bounded nonlinear transfer stage"", ""status"": ""NOT_RUN""}",4cad24c77a9a78a8c1c5a7ff89c68ae7da8ec393ec210614b27fa51e92165666,d91e6f23f41cdb82b8dc16e4dc67bb47e2894953380fad81de00678341abd039
noise,2009,middle,4,100,2,/Volumes/migodam's-external-brain/Research/Inv_SLAM/Gaussian/A17/CLOSURE_R1/remote_snapshots/noise_complete_v1/results/locked_noise_v1/object_2009/middle_noise100_rep2,a17_closure_locked_noise_v1_2009_0576f36e8b9640148259e663a41de0bd,0.000181076269202182,4.611656958354486e-05,0.00013495969961863715,1.6407530649186528e-18,improved,evaluation floor ONLY; not online acceptance tolerance,0.019030305788514234,0.009603808576136717,3.815891067589706,1.9257224643568214,2.4871363613841706e-05,0.0001810762692021792,4.611656958353858e-05,2.1144156881566672e-12,3,MOVE_BUDGET_EXHAUSTED,"[0, 4, 5, 96]","{""constraints_violated"": true, ""relative_material_error"": 0.5886177847340626, ""scope"": ""Offline unconstrained alpha1 diagnostic; not nonlinear accepted update""}","{""reason"": ""Separate owner bounded nonlinear transfer stage"", ""status"": ""NOT_RUN""}",e0789e839c225483c74ad8fb378c8bff6653cfbbb0f3f20cdcd614e2954c82e5,d2b224486e366709b23ec6d1dbb04015ee70800169f812531389b581ca46ab95
noise,2009,middle,8,100,2,/Volumes/migodam's-external-brain/Research/Inv_SLAM/Gaussian/A17/CLOSURE_R1/remote_snapshots/noise_complete_v1/results/locked_noise_v1/object_2009/middle_noise100_rep2,a17_closure_locked_noise_v1_2009_0576f36e8b9640148259e663a41de0bd,4.736451730956121e-05,3.0233304955566323e-05,1.7131212353994888e-05,1.6407530649186528e-18,improved,evaluation floor ONLY; not online acceptance tolerance,0.009732884188106375,0.007776027900613387,1.9516042594384306,1.559222207831669,2.4871363613841706e-05,4.736451730954554e-05,3.023330495555892e-05,2.1144156881566672e-12,1,ABSTAIN_UNRESOLVED,"[1, 2, 3, 4, 5, 6, 7, 65]","{""constraints_violated"": true, ""relative_material_error"": 0.5777306768565923, ""scope"": ""Offline unconstrained alpha1 diagnostic; not nonlinear accepted update""}","{""reason"": ""Separate owner bounded nonlinear transfer stage"", ""status"": ""NOT_RUN""}",e0789e839c225483c74ad8fb378c8bff6653cfbbb0f3f20cdcd614e2954c82e5,681f0b896ad6a501f4a3091df6758d7aadff5b0c2e3b7dbcdd4b063fa10def30
noise,2009,middle,16,100,2,/Volumes/migodam's-external-brain/Research/Inv_SLAM/Gaussian/A17/CLOSURE_R1/remote_snapshots/noise_complete_v1/results/locked_noise_v1/object_2009/middle_noise100_rep2,a17_closure_locked_noise_v1_2009_0576f36e8b9640148259e663a41de0bd,8.132052765960358e-06,6.481654257100501e-06,1.6503985088598566e-06,1.6407530649186528e-18,improved,evaluation floor ONLY; not online acceptance tolerance,0.0040328780705495585,0.0036004594865377383,0.8086587560446105,0.721951677843776,2.4871363613841706e-05,8.132052765959766e-06,6.481654257099797e-06,2.1144156881566672e-12,2,ABSTAIN_UNRESOLVED,"[0, 1, 2, 3, 5, 6, 7, 8, 9, 10, 12, 13, 14, 15, 97, 33]","{""constraints_violated"": true, ""relative_material_error"": 0.5765167759543407, ""scope"": ""Offline unconstrained alpha1 diagnostic; not nonlinear accepted update""}","{""reason"": ""Separate owner bounded nonlinear transfer stage"", ""status"": ""NOT_RUN""}",e0789e839c225483c74ad8fb378c8bff6653cfbbb0f3f20cdcd614e2954c82e5,6be2fe5817150568f2f6dbd6526aded09c26f0f20baf256e51a0b01eabee5b64
noise,2009,middle,4,300,0,/Volumes/migodam's-external-brain/Research/Inv_SLAM/Gaussian/A17/CLOSURE_R1/remote_snapshots/noise_complete_v1/results/locked_noise_v1/object_2009/middle_noise300_rep0,a17_closure_locked_noise_v1_2009_0576f36e8b9640148259e663a41de0bd,0.00020781575229546426,5.3851819259446704e-05,0.00015396393303601755,7.376196217179485e-18,improved,evaluation floor ONLY; not online acceptance tolerance,0.02038704256607174,0.010378036351779597,2.740866533788408,1.3952397671632029,5.532643450035751e-05,0.00020781575229541048,5.385181925942938e-05,1.333762576747536e-12,1,ABSTAIN_UNRESOLVED,"[0, 2, 3, 4]","{""constraints_violated"": true, ""relative_material_error"": 0.5926326018664976, ""scope"": ""Offline unconstrained alpha1 diagnostic; not nonlinear accepted update""}","{""reason"": ""Separate owner bounded nonlinear transfer stage"", ""status"": ""NOT_RUN""}",66eec41471122f56f200e2f9df58772d3d07419c31fa755ae28e26b9570923bd,093d239a8b04521aac593ab619eca3289420377cb2c2a65e13f2985089169e25
noise,2009,middle,8,300,0,/Volumes/migodam's-external-brain/Research/Inv_SLAM/Gaussian/A17/CLOSURE_R1/remote_snapshots/noise_complete_v1/results/locked_noise_v1/object_2009/middle_noise300_rep0,a17_closure_locked_noise_v1_2009_0576f36e8b9640148259e663a41de0bd,5.964815786460227e-05,3.471011684325595e-05,2.4938041021346324e-05,7.376196217179485e-18,improved,evaluation floor ONLY; not online acceptance tolerance,0.010922285279610358,0.008331880561223772,1.468409461468157,1.1201513176700382,5.532643450035751e-05,5.964815786459656e-05,3.471011684324928e-05,1.333762576747536e-12,2,ABSTAIN_UNRESOLVED,"[0, 1, 4, 5, 6, 7, 33, 8]","{""constraints_violated"": true, ""relative_material_error"": 0.5765222005227068, ""scope"": ""Offline unconstrained alpha1 diagnostic; not nonlinear accepted update""}","{""reason"": ""Separate owner bounded nonlinear transfer stage"", ""status"": ""NOT_RUN""}",66eec41471122f56f200e2f9df58772d3d07419c31fa755ae28e26b9570923bd,0251c36125a23dd69d3b8d5cfe67b200e1f72bfdb0fab02eb43e4fc1b78aea9f
noise,2009,middle,16,300,0,/Volumes/migodam's-external-brain/Research/Inv_SLAM/Gaussian/A17/CLOSURE_R1/remote_snapshots/noise_complete_v1/results/locked_noise_v1/object_2009/middle_noise300_rep0,a17_closure_locked_noise_v1_2009_0576f36e8b9640148259e663a41de0bd,1.1890263906274507e-05,8.534531022304835e-06,3.355732883969672e-06,7.376196217179485e-18,improved,evaluation floor ONLY; not online acceptance tolerance,0.004876528254047532,0.004131472140121098,0.6556082398550608,0.5554417070272989,5.532643450035751e-05,1.1890263906261934e-05,8.534531022298402e-06,1.333762576747536e-12,3,MOVE_BUDGET_EXHAUSTED,"[0, 1, 3, 5, 6, 7, 8, 9, 10, 11, 12, 14, 15, 17, 16, 145]","{""constraints_violated"": true, ""relative_material_error"": 0.5783516164143776, ""scope"": ""Offline unconstrained alpha1 diagnostic; not nonlinear accepted update""}","{""reason"": ""Separate owner bounded nonlinear transfer stage"", ""status"": ""NOT_RUN""}",66eec41471122f56f200e2f9df58772d3d07419c31fa755ae28e26b9570923bd,8eec8561556ed55776914b52f7af948382dfdc5397637ef863a6da05783842fb
noise,2009,middle,4,300,1,/Volumes/migodam's-external-brain/Research/Inv_SLAM/Gaussian/A17/CLOSURE_R1/remote_snapshots/noise_complete_v1/results/locked_noise_v1/object_2009/middle_noise300_rep1,a17_closure_locked_noise_v1_2009_0576f36e8b9640148259e663a41de0bd,0.00020752415147782234,6.997171721820893e-05,0.0001375524342596134,7.42073318755118e-18,improved,evaluation floor ONLY; not online acceptance tolerance,0.020372734302387358,0.01182976899336637,2.94191717731397,1.708273425092598,4.79554265634192e-05,0.0002075241514778353,6.997171721820618e-05,1.0043040468959676e-12,2,ABSTAIN_UNRESOLVED,"[0, 3, 4, 65]","{""constraints_violated"": true, ""relative_material_error"": 0.5872259134728942, ""scope"": ""Offline unconstrained alpha1 diagnostic; not nonlinear accepted update""}","{""reason"": ""Separate owner bounded nonlinear transfer stage"", ""status"": ""NOT_RUN""}",03131eecc3dbec6c543271395683584401d6688ff3aa383e242c2406efcb4db0,b731c4753da210fe7c82a2cafdc2dd1074894eb0f240677b49dd7903cd79e31b
noise,2009,middle,8,300,1,/Volumes/migodam's-external-brain/Research/Inv_SLAM/Gaussian/A17/CLOSURE_R1/remote_snapshots/noise_complete_v1/results/locked_noise_v1/object_2009/middle_noise300_rep1,a17_closure_locked_noise_v1_2009_0576f36e8b9640148259e663a41de0bd,5.68240964685215e-05,3.825079274672508e-05,1.8573303721796424e-05,7.42073318755118e-18,improved,evaluation floor ONLY; not online acceptance tolerance,0.010660590646726496,0.008746518478425506,1.5394386574924372,1.2630377725172963,4.79554265634192e-05,5.682409646853623e-05,3.825079274671941e-05,1.0043040468959676e-12,3,MOVE_BUDGET_EXHAUSTED,"[0, 2, 4, 5, 7, 8, 96, 64]","{""constraints_violated"": true, ""relative_material_error"": 0.578559855040763, ""scope"": ""Offline unconstrained alpha1 diagnostic; not nonlinear accepted update""}","{""reason"": ""Separate owner bounded nonlinear transfer stage"", ""status"": ""NOT_RUN""}",03131eecc3dbec6c543271395683584401d6688ff3aa383e242c2406efcb4db0,7e7adf5e3556a01b797208a5107233f206e4f155f307471dae39cff5d10e6dff
noise,2009,middle,16,300,1,/Volumes/migodam's-external-brain/Research/Inv_SLAM/Gaussian/A17/CLOSURE_R1/remote_snapshots/noise_complete_v1/results/locked_noise_v1/object_2009/middle_noise300_rep1,a17_closure_locked_noise_v1_2009_0576f36e8b9640148259e663a41de0bd,1.18574186075066e-05,1.18574186075066e-05,0.0,7.42073318755118e-18,equal_within_evaluation_floor,evaluation floor ONLY; not online acceptance tolerance,0.004869788210488226,0.004869788210488226,0.7032199690857173,0.7032199690857173,4.79554265634192e-05,1.1857418607505059e-05,1.1857418607505059e-05,1.0043040468959676e-12,0,ABSTAIN_UNRESOLVED,"[0, 1, 2, 3, 4, 5, 6, 7, 8, 9, 10, 11, 12, 13, 14, 15]","{""constraints_violated"": true, ""relative_material_error"": 0.5742042066371547, ""scope"": ""Offline unconstrained alpha1 diagnostic; not nonlinear accepted update""}","{""reason"": ""Separate owner bounded nonlinear transfer stage"", ""status"": ""NOT_RUN""}",03131eecc3dbec6c543271395683584401d6688ff3aa383e242c2406efcb4db0,e38fcffa9656c70993bbff394e76fb6ef2d2f90a44bbece21bbea0898c150176
noise,2009,middle,4,300,2,/Volumes/migodam's-external-brain/Research/Inv_SLAM/Gaussian/A17/CLOSURE_R1/remote_snapshots/noise_complete_v1/results/locked_noise_v1/object_2009/middle_noise300_rep2,a17_closure_locked_noise_v1_2009_0576f36e8b9640148259e663a41de0bd,0.00026020558676548625,6.929674924261131e-05,0.00019090883752287494,7.322006305925231e-18,improved,evaluation floor ONLY; not online acceptance tolerance,0.02281252229655758,0.011772573995740495,3.176299176270037,1.6391531194641835,5.1582668867046854e-05,0.0002602055867654683,6.929674924259266e-05,2.5941722874540238e-12,3,MOVE_BUDGET_EXHAUSTED,"[3, 4, 96, 129]","{""constraints_violated"": true, ""relative_material_error"": 0.576893371092201, ""scope"": ""Offline unconstrained alpha1 diagnostic; not nonlinear accepted update""}","{""reason"": ""Separate owner bounded nonlinear transfer stage"", ""status"": ""NOT_RUN""}",f2ea334fd38e0215c7cd8b2bd4efb564cb6ca292b8c90a3fe69331da6aecf071,7fdb02d1f5ac6228997e56d9117bd46bdd6f379b4e792c3049c95ca2a276ac49
noise,2009,middle,8,300,2,/Volumes/migodam's-external-brain/Research/Inv_SLAM/Gaussian/A17/CLOSURE_R1/remote_snapshots/noise_complete_v1/results/locked_noise_v1/object_2009/middle_noise300_rep2,a17_closure_locked_noise_v1_2009_0576f36e8b9640148259e663a41de0bd,6.0794270899928196e-05,3.0101547699459054e-05,3.069272320046914e-05,7.322006305925231e-18,improved,evaluation floor ONLY; not online acceptance tolerance,0.011026719448674858,0.007759065368898601,1.535304138949682,1.0803326620124316,5.1582668867046854e-05,6.0794270899892194e-05,3.010154769942079e-05,2.5941722874540238e-12,3,MOVE_BUDGET_EXHAUSTED,"[0, 1, 4, 5, 6, 7, 64, 96]","{""constraints_violated"": true, ""relative_material_error"": 0.5684796656964143, ""scope"": ""Offline unconstrained alpha1 diagnostic; not nonlinear accepted update""}","{""reason"": ""Separate owner bounded nonlinear transfer stage"", ""status"": ""NOT_RUN""}",f2ea334fd38e0215c7cd8b2bd4efb564cb6ca292b8c90a3fe69331da6aecf071,a016c1ca2daea7195aa4468c312b3db622145d1fcf5f8db4c4a99efde222e367
noise,2009,middle,16,300,2,/Volumes/migodam's-external-brain/Research/Inv_SLAM/Gaussian/A17/CLOSURE_R1/remote_snapshots/noise_complete_v1/results/locked_noise_v1/object_2009/middle_noise300_rep2,a17_closure_locked_noise_v1_2009_0576f36e8b9640148259e663a41de0bd,1.287720347570639e-05,9.603505320567446e-06,3.273698155138943e-06,7.322006305925231e-18,improved,evaluation floor ONLY; not online acceptance tolerance,0.005074879993791298,0.004382580363339178,0.706600389663225,0.6102081224096848,5.1582668867046854e-05,1.2877203475691585e-05,9.603505320563079e-06,2.5941722874540238e-12,2,ABSTAIN_UNRESOLVED,"[0, 2, 3, 4, 5, 6, 7, 8, 9, 10, 11, 12, 14, 15, 17, 16]","{""constraints_violated"": true, ""relative_material_error"": 0.5717404745198026, ""scope"": ""Offline unconstrained alpha1 diagnostic; not nonlinear accepted update""}","{""reason"": ""Separate owner bounded nonlinear transfer stage"", ""status"": ""NOT_RUN""}",f2ea334fd38e0215c7cd8b2bd4efb564cb6ca292b8c90a3fe69331da6aecf071,8c1178df46d5e28244454199a4d3c5f75d82eb9b5b9a04e32405502ba68c86a5
noise,2016,middle,4,100,0,/Volumes/migodam's-external-brain/Research/Inv_SLAM/Gaussian/A17/CLOSURE_R1/remote_snapshots/noise_complete_v1/results/locked_noise_v1/object_2016/middle_noise100_rep0,a17_closure_locked_noise_v1_2016_0b5e4009c17a4b229cfaff7592951077,9.292553727346631e-05,2.3992572397385885e-05,6.893296487608042e-05,8.574030184846041e-19,improved,evaluation floor ONLY; not online acceptance tolerance,0.013632720731641302,0.006927131065222603,4.448859690356455,2.2605784107611893,9.390044671509723e-06,9.292553727346127e-05,2.3992572397386017e-05,3.208488298340546e-12,2,ABSTAIN_UNRESOLVED,"[2, 3, 4, 64]","{""constraints_violated"": true, ""relative_material_error"": 0.7988482311083518, ""scope"": ""Offline unconstrained alpha1 diagnostic; not nonlinear accepted update""}","{""reason"": ""Separate owner bounded nonlinear transfer stage"", ""status"": ""NOT_RUN""}",3c4413538c20748459bc672cb7c3130bb0ee111bba844600e0b772b5ca8d18b6,df384715b1fe3662843c375569b0ba13ac66e7e6426ad7a9976a35fc16f17325
noise,2016,middle,8,100,0,/Volumes/migodam's-external-brain/Research/Inv_SLAM/Gaussian/A17/CLOSURE_R1/remote_snapshots/noise_complete_v1/results/locked_noise_v1/object_2016/middle_noise100_rep0,a17_closure_locked_noise_v1_2016_0b5e4009c17a4b229cfaff7592951077,3.432164239227887e-05,1.4664046574207758e-05,1.965759581807111e-05,8.574030184846041e-19,improved,evaluation floor ONLY; not online acceptance tolerance,0.008285124307127247,0.005415541814852406,2.703741702419016,1.7672910753329905,9.390044671509723e-06,3.432164239227537e-05,1.4664046574207446e-05,3.208488298340546e-12,3,MOVE_BUDGET_EXHAUSTED,"[2, 3, 4, 6, 7, 64, 66, 33]","{""constraints_violated"": true, ""relative_material_error"": 0.7986306048245453, ""scope"": ""Offline unconstrained alpha1 diagnostic; not nonlinear accepted update""}","{""reason"": ""Separate owner bounded nonlinear transfer stage"", ""status"": ""NOT_RUN""}",3c4413538c20748459bc672cb7c3130bb0ee111bba844600e0b772b5ca8d18b6,ad9f4b0c34564181edef2d6ecb1b3e29e24e44c50a6bbebb7263c2acd16e2d50
noise,2016,middle,16,100,0,/Volumes/migodam's-external-brain/Research/Inv_SLAM/Gaussian/A17/CLOSURE_R1/remote_snapshots/noise_complete_v1/results/locked_noise_v1/object_2016/middle_noise100_rep0,a17_closure_locked_noise_v1_2016_0b5e4009c17a4b229cfaff7592951077,6.672973750471455e-06,3.44664445739457e-06,3.2263292930768854e-06,8.574030184846041e-19,improved,evaluation floor ONLY; not online acceptance tolerance,0.00365321057440461,0.002625507363308606,1.1921773785866951,0.8567999084913,9.390044671509723e-06,6.67297375047083e-06,3.4466444573938538e-06,3.208488298340546e-12,2,ABSTAIN_UNRESOLVED,"[1, 2, 3, 4, 5, 6, 7, 8, 9, 10, 11, 12, 13, 14, 17, 97]","{""constraints_violated"": true, ""relative_material_error"": 0.7964075532461757, ""scope"": ""Offline unconstrained alpha1 diagnostic; not nonlinear accepted update""}","{""reason"": ""Separate owner bounded nonlinear transfer stage"", ""status"": ""NOT_RUN""}",3c4413538c20748459bc672cb7c3130bb0ee111bba844600e0b772b5ca8d18b6,5f3b065df8d54f4cadb4d744f3ad806ab087c8e9c92eb03162880cae01fb764a
noise,2016,middle,4,100,1,/Volumes/migodam's-external-brain/Research/Inv_SLAM/Gaussian/A17/CLOSURE_R1/remote_snapshots/noise_complete_v1/results/locked_noise_v1/object_2016/middle_noise100_rep1,a17_closure_locked_noise_v1_2016_0b5e4009c17a4b229cfaff7592951077,7.878142736459318e-05,2.882292390880839e-05,4.995850345578479e-05,9.023723942904326e-19,improved,evaluation floor ONLY; not online acceptance tolerance,0.012552404340572037,0.007592486273784456,3.871869296220235,2.3419508874823203,1.0510235910171627e-05,7.878142736460587e-05,2.8822923908802687e-05,3.048095472798172e-12,2,ABSTAIN_UNRESOLVED,"[2, 3, 4, 64]","{""constraints_violated"": true, ""relative_material_error"": 0.7995768886892496, ""scope"": ""Offline unconstrained alpha1 diagnostic; not nonlinear accepted update""}","{""reason"": ""Separate owner bounded nonlinear transfer stage"", ""status"": ""NOT_RUN""}",955d7e280bd22adc42fb6680b5ba155e03fbdbb52bd188b99f852df7a401282b,9f2d7e221f92b0c4b140382fd84ffa3bfbcc08875295daa5739f094e47d4c18a
noise,2016,middle,8,100,1,/Volumes/migodam's-external-brain/Research/Inv_SLAM/Gaussian/A17/CLOSURE_R1/remote_snapshots/noise_complete_v1/results/locked_noise_v1/object_2016/middle_noise100_rep1,a17_closure_locked_noise_v1_2016_0b5e4009c17a4b229cfaff7592951077,4.3389978757678143e-05,2.4611033013267472e-05,1.877894574441067e-05,9.023723942904326e-19,improved,evaluation floor ONLY; not online acceptance tolerance,0.009315576069967422,0.00701584392831801,2.873448941198392,2.1640818727712943,1.0510235910171627e-05,4.338997875767483e-05,2.4611033013258345e-05,3.048095472798172e-12,3,MOVE_BUDGET_EXHAUSTED,"[0, 3, 4, 6, 7, 9, 64, 96]","{""constraints_violated"": true, ""relative_material_error"": 0.80119503728032, ""scope"": ""Offline unconstrained alpha1 diagnostic; not nonlinear accepted update""}","{""reason"": ""Separate owner bounded nonlinear transfer stage"", ""status"": ""NOT_RUN""}",955d7e280bd22adc42fb6680b5ba155e03fbdbb52bd188b99f852df7a401282b,9bc6acf658f8b1c8a4cb304b56509c8b4d4e48f5b9f874ba7e3fb48a3d55fe57
noise,2016,middle,16,100,1,/Volumes/migodam's-external-brain/Research/Inv_SLAM/Gaussian/A17/CLOSURE_R1/remote_snapshots/noise_complete_v1/results/locked_noise_v1/object_2016/middle_noise100_rep1,a17_closure_locked_noise_v1_2016_0b5e4009c17a4b229cfaff7592951077,9.215631742782514e-06,4.3652911965423164e-06,4.850340546240198e-06,9.023723942904326e-19,improved,evaluation floor ONLY; not online acceptance tolerance,0.004293164740090277,0.002954755893991843,1.3242540862903198,0.9114133287433143,1.0510235910171627e-05,9.215631742777208e-06,4.365291196539768e-06,3.048095472798172e-12,2,ABSTAIN_UNRESOLVED,"[0, 1, 3, 4, 5, 6, 7, 9, 10, 11, 12, 13, 14, 15, 17, 16]","{""constraints_violated"": true, ""relative_material_error"": 0.7974769878951283, ""scope"": ""Offline unconstrained alpha1 diagnostic; not nonlinear accepted update""}","{""reason"": ""Separate owner bounded nonlinear transfer stage"", ""status"": ""NOT_RUN""}",955d7e280bd22adc42fb6680b5ba155e03fbdbb52bd188b99f852df7a401282b,ae03e38ed4582c575d75c20f999955cb6ca838734574ceae07df7fdf56be0db4
noise,2016,middle,4,100,2,/Volumes/migodam's-external-brain/Research/Inv_SLAM/Gaussian/A17/CLOSURE_R1/remote_snapshots/noise_complete_v1/results/locked_noise_v1/object_2016/middle_noise100_rep2,a17_closure_locked_noise_v1_2016_0b5e4009c17a4b229cfaff7592951077,9.003866145429442e-05,2.6765995307229096e-05,6.327266614706532e-05,8.658960389341537e-19,improved,evaluation floor ONLY; not online acceptance tolerance,0.013419289210259347,0.007316555925739214,4.415226085260726,2.407299527675087,9.237471933949083e-06,9.003866145429147e-05,2.6765995307234802e-05,2.991607974841026e-12,3,MOVE_BUDGET_EXHAUSTED,"[3, 96, 4, 32]","{""constraints_violated"": true, ""relative_material_error"": 0.7975103575694223, ""scope"": ""Offline unconstrained alpha1 diagnostic; not nonlinear accepted update""}","{""reason"": ""Separate owner bounded nonlinear transfer stage"", ""status"": ""NOT_RUN""}",2192dd216ccd11508047acdf985c89b704a7fe0fb0a251735c14531bb17770f3,f782392884bff081b6bf9ebdf4b42de33362d22c3d22d52b1bfd0129fe02ee6b
noise,2016,middle,8,100,2,/Volumes/migodam's-external-brain/Research/Inv_SLAM/Gaussian/A17/CLOSURE_R1/remote_snapshots/noise_complete_v1/results/locked_noise_v1/object_2016/middle_noise100_rep2,a17_closure_locked_noise_v1_2016_0b5e4009c17a4b229cfaff7592951077,3.7031796740260035e-05,1.7222915729859493e-05,1.9808881010400542e-05,8.658960389341537e-19,improved,evaluation floor ONLY; not online acceptance tolerance,0.008606020769235891,0.005869057118457485,2.831560360259314,1.9310422243144891,9.237471933949083e-06,3.703179674025976e-05,1.7222915729858236e-05,2.991607974841026e-12,2,ABSTAIN_UNRESOLVED,"[0, 3, 4, 5, 6, 7, 97, 64]","{""constraints_violated"": true, ""relative_material_error"": 0.800798128849212, ""scope"": ""Offline unconstrained alpha1 diagnostic; not nonlinear accepted update""}","{""reason"": ""Separate owner bounded nonlinear transfer stage"", ""status"": ""NOT_RUN""}",2192dd216ccd11508047acdf985c89b704a7fe0fb0a251735c14531bb17770f3,0b6b2237039bc6f81046fce1df3eabc39b8acec8db0d45b2eb1aef9f640f55ca
noise,2016,middle,16,100,2,/Volumes/migodam's-external-brain/Research/Inv_SLAM/Gaussian/A17/CLOSURE_R1/remote_snapshots/noise_complete_v1/results/locked_noise_v1/object_2016/middle_noise100_rep2,a17_closure_locked_noise_v1_2016_0b5e4009c17a4b229cfaff7592951077,5.349653521000171e-06,2.749807361488579e-06,2.599846159511592e-06,8.658960389341537e-19,improved,evaluation floor ONLY; not online acceptance tolerance,0.0032709795233229768,0.002345125737136342,1.0762204979297996,0.7715952883633063,9.237471933949083e-06,5.349653520999104e-06,2.749807361489636e-06,2.991607974841026e-12,3,MOVE_BUDGET_EXHAUSTED,"[0, 1, 3, 4, 6, 7, 8, 9, 11, 12, 13, 14, 15, 17, 16, 33]","{""constraints_violated"": true, ""relative_material_error"": 0.7968490957880694, ""scope"": ""Offline unconstrained alpha1 diagnostic; not nonlinear accepted update""}","{""reason"": ""Separate owner bounded nonlinear transfer stage"", ""status"": ""NOT_RUN""}",2192dd216ccd11508047acdf985c89b704a7fe0fb0a251735c14531bb17770f3,709833b2e41ef83da9a4ad596164f7f06ebef52e296ae499b0fc52122423b0b4
noise,2016,middle,4,300,0,/Volumes/migodam's-external-brain/Research/Inv_SLAM/Gaussian/A17/CLOSURE_R1/remote_snapshots/noise_complete_v1/results/locked_noise_v1/object_2016/middle_noise300_rep0,a17_closure_locked_noise_v1_2016_0b5e4009c17a4b229cfaff7592951077,0.00017764674673346974,8.138213018536843e-05,9.626461654810131e-05,6.568135399191109e-18,improved,evaluation floor ONLY; not online acceptance tolerance,0.01884923058023281,0.012757909717922292,2.4633622809266953,1.6673016677697061,5.8550509668288666e-05,0.00017764674673339186,8.138213018532803e-05,2.477004674377662e-12,3,MOVE_BUDGET_EXHAUSTED,"[2, 4, 5, 64]","{""constraints_violated"": true, ""relative_material_error"": 0.8000018167081386, ""scope"": ""Offline unconstrained alpha1 diagnostic; not nonlinear accepted update""}","{""reason"": ""Separate owner bounded nonlinear transfer stage"", ""status"": ""NOT_RUN""}",be55dcd5f5b848ce10db88693013740c278f42e9f3f9cec3313fbaf79887d4d2,0264190e4ddc20a9790d1be220650d3e607d6e4d808589d91fc3074cd492454b
noise,2016,middle,8,300,0,/Volumes/migodam's-external-brain/Research/Inv_SLAM/Gaussian/A17/CLOSURE_R1/remote_snapshots/noise_complete_v1/results/locked_noise_v1/object_2016/middle_noise300_rep0,a17_closure_locked_noise_v1_2016_0b5e4009c17a4b229cfaff7592951077,7.003840188541661e-05,6.344192189549375e-05,6.596479989922865e-06,6.568135399191109e-18,improved,evaluation floor ONLY; not online acceptance tolerance,0.01183540467287811,0.011264272892243198,1.5467416203845596,1.4721017309808,5.8550509668288666e-05,7.00384018853925e-05,6.344192189546248e-05,2.477004674377662e-12,2,ABSTAIN_UNRESOLVED,"[0, 1, 2, 3, 5, 7, 64, 65]","{""constraints_violated"": true, ""relative_material_error"": 0.8010005913354509, ""scope"": ""Offline unconstrained alpha1 diagnostic; not nonlinear accepted update""}","{""reason"": ""Separate owner bounded nonlinear transfer stage"", ""status"": ""NOT_RUN""}",be55dcd5f5b848ce10db88693013740c278f42e9f3f9cec3313fbaf79887d4d2,61aa2ae68b2c4c50a816d34309e16d14cdb9c711013a47f48a34523d207520f2
noise,2016,middle,16,300,0,/Volumes/migodam's-external-brain/Research/Inv_SLAM/Gaussian/A17/CLOSURE_R1/remote_snapshots/noise_complete_v1/results/locked_noise_v1/object_2016/middle_noise300_rep0,a17_closure_locked_noise_v1_2016_0b5e4009c17a4b229cfaff7592951077,2.674160925291575e-05,1.828352125215781e-05,8.458088000757939e-06,6.568135399191109e-18,improved,evaluation floor ONLY; not online acceptance tolerance,0.007313222169866168,0.006047068918433005,0.9557480645484624,0.7902774291197655,5.8550509668288666e-05,2.6741609252911014e-05,1.8283521252139258e-05,2.477004674377662e-12,2,ABSTAIN_UNRESOLVED,"[0, 1, 3, 4, 5, 7, 8, 9, 10, 11, 12, 13, 14, 15, 17, 64]","{""constraints_violated"": true, ""relative_material_error"": 0.801413084703177, ""scope"": ""Offline unconstrained alpha1 diagnostic; not nonlinear accepted update""}","{""reason"": ""Separate owner bounded nonlinear transfer stage"", ""status"": ""NOT_RUN""}",be55dcd5f5b848ce10db88693013740c278f42e9f3f9cec3313fbaf79887d4d2,d1911e642b22172955596718372abbd4ab5081f77ec9e2b3d59df3c59c8c0b82
noise,2016,middle,4,300,1,/Volumes/migodam's-external-brain/Research/Inv_SLAM/Gaussian/A17/CLOSURE_R1/remote_snapshots/noise_complete_v1/results/locked_noise_v1/object_2016/middle_noise300_rep1,a17_closure_locked_noise_v1_2016_0b5e4009c17a4b229cfaff7592951077,0.00022128684073410634,6.891481978732134e-05,0.000152372020946785,6.502703664968799e-18,improved,evaluation floor ONLY; not online acceptance tolerance,0.02103743523979207,0.01174008686401375,2.9260306021305915,1.6328917020644922,5.1692538077627857e-05,0.00022128684073422256,6.89148197872941e-05,2.770134871616609e-12,2,ABSTAIN_UNRESOLVED,"[0, 2, 4, 5]","{""constraints_violated"": true, ""relative_material_error"": 0.7987259971193396, ""scope"": ""Offline unconstrained alpha1 diagnostic; not nonlinear accepted update""}","{""reason"": ""Separate owner bounded nonlinear transfer stage"", ""status"": ""NOT_RUN""}",645fc8f6b6ae865e059ea64edcf89c4111a4b078f06ab5ca9371a047da7d3a29,a277566e836ec9dda14e8535bd51e05b608802a0d359064c0da4a4bdaa41eeb6
noise,2016,middle,8,300,1,/Volumes/migodam's-external-brain/Research/Inv_SLAM/Gaussian/A17/CLOSURE_R1/remote_snapshots/noise_complete_v1/results/locked_noise_v1/object_2016/middle_noise300_rep1,a17_closure_locked_noise_v1_2016_0b5e4009c17a4b229cfaff7592951077,8.319301015665923e-05,4.957408903660622e-05,3.361892112005301e-05,6.502703664968799e-18,improved,evaluation floor ONLY; not online acceptance tolerance,0.012899070521292254,0.00995731781521247,1.7940910882972625,1.384931970573224,5.1692538077627857e-05,8.319301015663541e-05,4.957408903657383e-05,2.770134871616609e-12,3,MOVE_BUDGET_EXHAUSTED,"[3, 4, 5, 6, 7, 97, 33, 34]","{""constraints_violated"": true, ""relative_material_error"": 0.800312677635787, ""scope"": ""Offline unconstrained alpha1 diagnostic; not nonlinear accepted update""}","{""reason"": ""Separate owner bounded nonlinear transfer stage"", ""status"": ""NOT_RUN""}",645fc8f6b6ae865e059ea64edcf89c4111a4b078f06ab5ca9371a047da7d3a29,0e5015ecace416f1c95c432b38c98a2618ee7e3b886f606c94ee5f554cbd926f
noise,2016,middle,16,300,1,/Volumes/migodam's-external-brain/Research/Inv_SLAM/Gaussian/A17/CLOSURE_R1/remote_snapshots/noise_complete_v1/results/locked_noise_v1/object_2016/middle_noise300_rep1,a17_closure_locked_noise_v1_2016_0b5e4009c17a4b229cfaff7592951077,1.817786907770302e-05,1.5445602230799133e-05,2.732266846903888e-06,6.502703664968799e-18,improved,evaluation floor ONLY; not online acceptance tolerance,0.00602957197116022,0.005557985647840533,0.8386341730475152,0.7730427167767604,5.1692538077627857e-05,1.8177869077700473e-05,1.5445602230800675e-05,2.770134871616609e-12,3,MOVE_BUDGET_EXHAUSTED,"[1, 2, 3, 4, 5, 6, 7, 8, 9, 10, 11, 12, 13, 15, 64, 67]","{""constraints_violated"": true, ""relative_material_error"": 0.8019207775584801, ""scope"": ""Offline unconstrained alpha1 diagnostic; not nonlinear accepted update""}","{""reason"": ""Separate owner bounded nonlinear transfer stage"", ""status"": ""NOT_RUN""}",645fc8f6b6ae865e059ea64edcf89c4111a4b078f06ab5ca9371a047da7d3a29,45205a3a79201ae6fbc3933bc656abdc42f994264e8ff092621cff578bad52f6
noise,2016,middle,4,300,2,/Volumes/migodam's-external-brain/Research/Inv_SLAM/Gaussian/A17/CLOSURE_R1/remote_snapshots/noise_complete_v1/results/locked_noise_v1/object_2016/middle_noise300_rep2,a17_closure_locked_noise_v1_2016_0b5e4009c17a4b229cfaff7592951077,0.0001123409219893337,7.237590777383086e-05,3.996501421550284e-05,6.472756284306757e-18,improved,evaluation floor ONLY; not online acceptance tolerance,0.014989391047621477,0.012031284866865638,2.1908088154790777,1.758460024435202,4.681219655865396e-05,0.00011234092198925745,7.237590777383506e-05,3.0749455220897708e-12,2,ABSTAIN_UNRESOLVED,"[0, 3, 97, 64]","{""constraints_violated"": true, ""relative_material_error"": 0.8005411164458689, ""scope"": ""Offline unconstrained alpha1 diagnostic; not nonlinear accepted update""}","{""reason"": ""Separate owner bounded nonlinear transfer stage"", ""status"": ""NOT_RUN""}",4bcc955a05febba587326cb024fed97ad17573182289b5ca094b7972a9e337a2,16a8e241ef9bbb7ee619584be11b7ceddd71fba14d1faffc9120c4d16c6d611e
noise,2016,middle,8,300,2,/Volumes/migodam's-external-brain/Research/Inv_SLAM/Gaussian/A17/CLOSURE_R1/remote_snapshots/noise_complete_v1/results/locked_noise_v1/object_2016/middle_noise300_rep2,a17_closure_locked_noise_v1_2016_0b5e4009c17a4b229cfaff7592951077,7.247279256041028e-05,4.359060176402378e-05,2.88821907963865e-05,6.472756284306757e-18,improved,evaluation floor ONLY; not online acceptance tolerance,0.012039334911894071,0.00933708752920548,1.7596365972230668,1.364683435430758,4.681219655865396e-05,7.247279256037572e-05,4.3590601764022246e-05,3.0749455220897708e-12,2,ABSTAIN_UNRESOLVED,"[2, 3, 4, 5, 6, 7, 64, 97]","{""constraints_violated"": true, ""relative_material_error"": 0.8030400544686583, ""scope"": ""Offline unconstrained alpha1 diagnostic; not nonlinear accepted update""}","{""reason"": ""Separate owner bounded nonlinear transfer stage"", ""status"": ""NOT_RUN""}",4bcc955a05febba587326cb024fed97ad17573182289b5ca094b7972a9e337a2,6bed3d8ceb4df3be90612db74f1537cea83c67465303b8da0850e38987aa775c
noise,2016,middle,16,300,2,/Volumes/migodam's-external-brain/Research/Inv_SLAM/Gaussian/A17/CLOSURE_R1/remote_snapshots/noise_complete_v1/results/locked_noise_v1/object_2016/middle_noise300_rep2,a17_closure_locked_noise_v1_2016_0b5e4009c17a4b229cfaff7592951077,1.235066397520676e-05,1.0319817051992094e-05,2.0308469232146654e-06,6.472756284306757e-18,improved,evaluation floor ONLY; not online acceptance tolerance,0.0049700430531732535,0.004543086407276023,0.7264080374986476,0.66400521001304,4.681219655865396e-05,1.2350663975197859e-05,1.031981705198808e-05,3.0749455220897708e-12,1,ABSTAIN_UNRESOLVED,"[0, 1, 2, 3, 4, 5, 6, 7, 8, 10, 11, 12, 13, 14, 15, 17]","{""constraints_violated"": true, ""relative_material_error"": 0.800291194563024, ""scope"": ""Offline unconstrained alpha1 diagnostic; not nonlinear accepted update""}","{""reason"": ""Separate owner bounded nonlinear transfer stage"", ""status"": ""NOT_RUN""}",4bcc955a05febba587326cb024fed97ad17573182289b5ca094b7972a9e337a2,807ae14444ee8de059c6bf8fa98fc70540e975647b7566981862c7caf9abb182
validation,2003,early,4,0,0,/Volumes/migodam's-external-brain/Research/Inv_SLAM/Gaussian/A17/CLOSURE_R1/remote_snapshots/noise_complete_v1/results/locked_validation_continuation_v1/object_2003/early,a17_closure_locked_validation_continuation_v1_2003_e62ac5b29b1d42ecac5b63720e7e0f10,0.0024192650928840593,0.0008324635827456431,0.0015868015101384162,8.401877837338022e-15,improved,evaluation floor ONLY; not online acceptance tolerance,0.06955954417426351,0.04080351903261179,0.09005332741291831,0.052825139995706975,0.5966421432399984,0.002419265092865658,0.0008324635827223563,4.456263006761237e-13,3,MOVE_BUDGET_EXHAUSTED,"[1, 4, 5, 0]","{""constraints_violated"": true, ""relative_material_error"": 0.5782706857922038, ""scope"": ""Offline unconstrained alpha1 diagnostic; not nonlinear accepted update""}","{""reason"": ""Separate owner bounded nonlinear transfer stage"", ""status"": ""NOT_RUN""}",6f298d7aad0d46f67a07513f2143d6c7b4582b89b25d1f03be92c133ac9d67b8,5ab24a1fea091253ce29c1e05d102c60dc1fbdb1be4b72fc04198d2629735e0c
validation,2003,early,8,0,0,/Volumes/migodam's-external-brain/Research/Inv_SLAM/Gaussian/A17/CLOSURE_R1/remote_snapshots/noise_complete_v1/results/locked_validation_continuation_v1/object_2003/early,a17_closure_locked_validation_continuation_v1_2003_e62ac5b29b1d42ecac5b63720e7e0f10,0.0005030765132211397,0.00022603561265078977,0.00027704090057034995,8.401877837338022e-15,improved,evaluation floor ONLY; not online acceptance tolerance,0.03171991529644032,0.02126196663751738,0.04106530529504609,0.02752621320022,0.5966421432399984,0.0005030765132066742,0.00022603561264745105,4.456263006761237e-13,1,ABSTAIN_UNRESOLVED,"[0, 1, 2, 3, 4, 6, 7, 32]","{""constraints_violated"": true, ""relative_material_error"": 0.5137602019083858, ""scope"": ""Offline unconstrained alpha1 diagnostic; not nonlinear accepted update""}","{""reason"": ""Separate owner bounded nonlinear transfer stage"", ""status"": ""NOT_RUN""}",6f298d7aad0d46f67a07513f2143d6c7b4582b89b25d1f03be92c133ac9d67b8,413b36cc57f0e694c3c874a9eda9e69748ce00e93caacbe1c8ed018a9b67f7fd
validation,2003,early,16,0,0,/Volumes/migodam's-external-brain/Research/Inv_SLAM/Gaussian/A17/CLOSURE_R1/remote_snapshots/noise_complete_v1/results/locked_validation_continuation_v1/object_2003/early,a17_closure_locked_validation_continuation_v1_2003_e62ac5b29b1d42ecac5b63720e7e0f10,5.298438123779921e-05,3.862278286973042e-05,1.4361598368068792e-05,8.401877837338022e-15,improved,evaluation floor ONLY; not online acceptance tolerance,0.010294113000774435,0.008788945655559401,0.013326986820987666,0.011378363819515597,0.5966421432399984,5.298438123635662e-05,3.862278286818824e-05,4.456263006761237e-13,1,ABSTAIN_UNRESOLVED,"[0, 1, 2, 3, 4, 5, 6, 7, 8, 10, 11, 12, 13, 14, 15, 64]","{""constraints_violated"": true, ""relative_material_error"": 0.5173730466291833, ""scope"": ""Offline unconstrained alpha1 diagnostic; not nonlinear accepted update""}","{""reason"": ""Separate owner bounded nonlinear transfer stage"", ""status"": ""NOT_RUN""}",6f298d7aad0d46f67a07513f2143d6c7b4582b89b25d1f03be92c133ac9d67b8,798d77d161bac713c33945306417626dab42730bef340c5379c8fcb7f764019f
validation,2003,late,4,0,0,/Volumes/migodam's-external-brain/Research/Inv_SLAM/Gaussian/A17/CLOSURE_R1/remote_snapshots/noise_complete_v1/results/locked_validation_continuation_v1/object_2003/late,a17_closure_locked_validation_continuation_v1_2003_e62ac5b29b1d42ecac5b63720e7e0f10,0.0004046341449102887,0.00016488007490098107,0.00023975407000930763,1.071966077038765e-18,improved,evaluation floor ONLY; not online acceptance tolerance,0.02844764119959041,0.018159299265175174,5.665527495198074,3.616539190667992,2.5212262509040142e-05,0.00040463414491031683,0.00016488007490109583,9.418226815849891e-12,3,MOVE_BUDGET_EXHAUSTED,"[2, 3, 32, 33]","{""constraints_violated"": true, ""relative_material_error"": 0.24748471371734906, ""scope"": ""Offline unconstrained alpha1 diagnostic; not nonlinear accepted update""}","{""reason"": ""Separate owner bounded nonlinear transfer stage"", ""status"": ""NOT_RUN""}",21a4a8cadbc957e20e0532a2ccbc88c5741c717967983392ba2cdbebd2c9e0bb,ca51d171a01828d82e734321e07eeddb8d0e3ed1f83e8fc0994fa53c70e80b89
validation,2003,late,8,0,0,/Volumes/migodam's-external-brain/Research/Inv_SLAM/Gaussian/A17/CLOSURE_R1/remote_snapshots/noise_complete_v1/results/locked_validation_continuation_v1/object_2003/late,a17_closure_locked_validation_continuation_v1_2003_e62ac5b29b1d42ecac5b63720e7e0f10,0.00015690084123470114,9.635809100218139e-05,6.054275023251975e-05,1.071966077038765e-18,improved,evaluation floor ONLY; not online acceptance tolerance,0.017714448409971596,0.013882225398128145,3.5279443320034174,2.764732904771185,2.5212262509040142e-05,0.00015690084123477262,9.635809100221708e-05,9.418226815849891e-12,2,ABSTAIN_UNRESOLVED,"[1, 2, 3, 4, 5, 7, 33, 65]","{""constraints_violated"": true, ""relative_material_error"": 0.2670182945575692, ""scope"": ""Offline unconstrained alpha1 diagnostic; not nonlinear accepted update""}","{""reason"": ""Separate owner bounded nonlinear transfer stage"", ""status"": ""NOT_RUN""}",21a4a8cadbc957e20e0532a2ccbc88c5741c717967983392ba2cdbebd2c9e0bb,e52e5108b22e885e602f3bdd66ab59d9f3f052d1a5d9c2bfe532ca1be362b498
validation,2003,late,16,0,0,/Volumes/migodam's-external-brain/Research/Inv_SLAM/Gaussian/A17/CLOSURE_R1/remote_snapshots/noise_complete_v1/results/locked_validation_continuation_v1/object_2003/late,a17_closure_locked_validation_continuation_v1_2003_e62ac5b29b1d42ecac5b63720e7e0f10,1.6351858618356444e-05,1.3317369761003491e-05,3.0344888573529527e-06,1.071966077038765e-18,improved,evaluation floor ONLY; not online acceptance tolerance,0.005718716397640751,0.005160885536606105,1.1389185050794384,1.027822964374035,2.5212262509040142e-05,1.63518586183226e-05,1.331736976097504e-05,9.418226815849891e-12,3,MOVE_BUDGET_EXHAUSTED,"[0, 1, 2, 3, 5, 6, 7, 8, 9, 10, 11, 14, 15, 96, 98, 4]","{""constraints_violated"": true, ""relative_material_error"": 0.3333943947549436, ""scope"": ""Offline unconstrained alpha1 diagnostic; not nonlinear accepted update""}","{""reason"": ""Separate owner bounded nonlinear transfer stage"", ""status"": ""NOT_RUN""}",21a4a8cadbc957e20e0532a2ccbc88c5741c717967983392ba2cdbebd2c9e0bb,27dd5d1df4a9ba5b6ca601dd74185f15141c7474902e40a3da530f47d2623a47
validation,2003,middle,4,0,0,/Volumes/migodam's-external-brain/Research/Inv_SLAM/Gaussian/A17/CLOSURE_R1/remote_snapshots/noise_complete_v1/results/locked_validation_continuation_v1/object_2003/middle,a17_closure_locked_validation_continuation_v1_2003_e62ac5b29b1d42ecac5b63720e7e0f10,0.000275814053766532,0.00010336708459697615,0.00017244696916955584,3.313616318215942e-18,improved,evaluation floor ONLY; not online acceptance tolerance,0.0234867645181927,0.014378253342954426,1.4724713827413924,0.9014254204706139,0.00025442082750092926,0.0002758140537665178,0.00010336708459709006,3.6351008734434664e-12,2,ABSTAIN_UNRESOLVED,"[2, 3, 4, 65]","{""constraints_violated"": true, ""relative_material_error"": 0.27684523928197274, ""scope"": ""Offline unconstrained alpha1 diagnostic; not nonlinear accepted update""}","{""reason"": ""Separate owner bounded nonlinear transfer stage"", ""status"": ""NOT_RUN""}",0f1996a5327b8d755610d192de4cadef140c2b0bbb5cd59de0b5e9039fa1028b,c0783621ef167df1da5b083fc6c91d5162b205ea14b93a02e0af93dca0e3ea84
validation,2003,middle,8,0,0,/Volumes/migodam's-external-brain/Research/Inv_SLAM/Gaussian/A17/CLOSURE_R1/remote_snapshots/noise_complete_v1/results/locked_validation_continuation_v1/object_2003/middle,a17_closure_locked_validation_continuation_v1_2003_e62ac5b29b1d42ecac5b63720e7e0f10,0.00012096878001187189,5.401748951890706e-05,6.695129049296482e-05,3.313616318215942e-18,improved,evaluation floor ONLY; not online acceptance tolerance,0.015554342159785644,0.01039398763892396,0.9751587405711643,0.6516371950265122,0.00025442082750092926,0.00012096878001184256,5.401748951905204e-05,3.6351008734434664e-12,2,ABSTAIN_UNRESOLVED,"[1, 2, 3, 4, 6, 7, 65, 8]","{""constraints_violated"": true, ""relative_material_error"": 0.26677725592244933, ""scope"": ""Offline unconstrained alpha1 diagnostic; not nonlinear accepted update""}","{""reason"": ""Separate owner bounded nonlinear transfer stage"", ""status"": ""NOT_RUN""}",0f1996a5327b8d755610d192de4cadef140c2b0bbb5cd59de0b5e9039fa1028b,7c378d4e20d4b136fc0cd66486c482c5ef0f690aba6a1cee3dbe6248736e695c
validation,2003,middle,16,0,0,/Volumes/migodam's-external-brain/Research/Inv_SLAM/Gaussian/A17/CLOSURE_R1/remote_snapshots/noise_complete_v1/results/locked_validation_continuation_v1/object_2003/middle,a17_closure_locked_validation_continuation_v1_2003_e62ac5b29b1d42ecac5b63720e7e0f10,4.336775428549801e-05,1.0824461680469511e-05,3.2543292605028494e-05,3.313616318215942e-18,improved,evaluation floor ONLY; not online acceptance tolerance,0.009313190031947626,0.0046528403541505215,0.5838780302605305,0.2917036216139559,0.00025442082750092926,4.33677542855843e-05,1.0824461680605777e-05,3.6351008734434664e-12,3,MOVE_BUDGET_EXHAUSTED,"[0, 1, 3, 4, 5, 6, 7, 8, 10, 11, 12, 13, 14, 97, 98, 129]","{""constraints_violated"": true, ""relative_material_error"": 0.24745622399035339, ""scope"": ""Offline unconstrained alpha1 diagnostic; not nonlinear accepted update""}","{""reason"": ""Separate owner bounded nonlinear transfer stage"", ""status"": ""NOT_RUN""}",0f1996a5327b8d755610d192de4cadef140c2b0bbb5cd59de0b5e9039fa1028b,3218ab25de6458b75c370803e32cfe8679fe9d17abeee0a0db312bbf72f87c2c
validation,2004,early,4,0,0,/Volumes/migodam's-external-brain/Research/Inv_SLAM/Gaussian/A17/CLOSURE_R1/remote_snapshots/noise_complete_v1/results/locked_validation_continuation_v1/object_2004/early,a17_closure_locked_validation_continuation_v1_2004_abb477d73a064ae1b10a355cc1b6faf7,0.0005765744240291336,0.00040971721419596476,0.00016685720983316882,4.318574103338581e-15,improved,evaluation floor ONLY; not online acceptance tolerance,0.03395804540982564,0.028625765114370733,0.06151300349668139,0.051853891127254616,0.30475546604834547,0.00057657442402789,0.0004097172141915622,1.0379406923901778e-12,1,ABSTAIN_UNRESOLVED,"[1, 2, 3, 4]","{""constraints_violated"": true, ""relative_material_error"": 0.5709434584032129, ""scope"": ""Offline unconstrained alpha1 diagnostic; not nonlinear accepted update""}","{""reason"": ""Separate owner bounded nonlinear transfer stage"", ""status"": ""NOT_RUN""}",0955a12535a420d7b0d7f95c09c9d83aaa4c96679ddda8bc82d1eb64a4c62158,d15ec74b34929254dbc13d0b359d5a120056f93c297cd5b60aecb49b16e4c425
validation,2004,early,8,0,0,/Volumes/migodam's-external-brain/Research/Inv_SLAM/Gaussian/A17/CLOSURE_R1/remote_snapshots/noise_complete_v1/results/locked_validation_continuation_v1/object_2004/early,a17_closure_locked_validation_continuation_v1_2004_abb477d73a064ae1b10a355cc1b6faf7,0.00023553945103107547,0.00020615860817169433,2.9380842859381132e-05,4.318574103338581e-15,improved,evaluation floor ONLY; not online acceptance tolerance,0.02170435214538068,0.02030559569004769,0.039316158315334006,0.036782393203428944,0.30475546604834547,0.00023553945102534549,0.00020615860816384162,1.0379406923901778e-12,2,ABSTAIN_UNRESOLVED,"[0, 1, 2, 5, 6, 7, 8, 9]","{""constraints_violated"": true, ""relative_material_error"": 0.5636296089683296, ""scope"": ""Offline unconstrained alpha1 diagnostic; not nonlinear accepted update""}","{""reason"": ""Separate owner bounded nonlinear transfer stage"", ""status"": ""NOT_RUN""}",0955a12535a420d7b0d7f95c09c9d83aaa4c96679ddda8bc82d1eb64a4c62158,dfe451d5e438492de72b084832d8629da749ac2a68723e611d9c98dcc554a187
validation,2004,early,16,0,0,/Volumes/migodam's-external-brain/Research/Inv_SLAM/Gaussian/A17/CLOSURE_R1/remote_snapshots/noise_complete_v1/results/locked_validation_continuation_v1/object_2004/early,a17_closure_locked_validation_continuation_v1_2004_abb477d73a064ae1b10a355cc1b6faf7,6.0722358189003874e-05,3.5957117705765546e-05,2.4765240483238328e-05,4.318574103338581e-15,improved,evaluation floor ONLY; not online acceptance tolerance,0.011020195840928072,0.008480226141117254,0.019962437093065978,0.015361431259534705,0.30475546604834547,6.0722358186204186e-05,3.595711770224422e-05,1.0379406923901778e-12,3,MOVE_BUDGET_EXHAUSTED,"[0, 1, 2, 5, 6, 7, 8, 9, 10, 11, 12, 13, 14, 15, 66, 65]","{""constraints_violated"": true, ""relative_material_error"": 0.5454150039828469, ""scope"": ""Offline unconstrained alpha1 diagnostic; not nonlinear accepted update""}","{""reason"": ""Separate owner bounded nonlinear transfer stage"", ""status"": ""NOT_RUN""}",0955a12535a420d7b0d7f95c09c9d83aaa4c96679ddda8bc82d1eb64a4c62158,8c4b799304d6566641e713403d007786b2f4237b1a1f7637d5d6240c9ef5cf04
validation,2004,late,4,0,0,/Volumes/migodam's-external-brain/Research/Inv_SLAM/Gaussian/A17/CLOSURE_R1/remote_snapshots/noise_complete_v1/results/locked_validation_continuation_v1/object_2004/late,a17_closure_locked_validation_continuation_v1_2004_abb477d73a064ae1b10a355cc1b6faf7,2.6392153164920296e-05,1.187073907771187e-05,1.4521414087208426e-05,1.629242733159325e-20,improved,evaluation floor ONLY; not online acceptance tolerance,0.0072652808844414435,0.004872522771155199,6.759801943108727,4.533518995367605,1.1551459913132076e-06,2.6392153164915122e-05,1.1870739077712974e-05,5.918838232927275e-12,3,MOVE_BUDGET_EXHAUSTED,"[2, 3, 98, 64]","{""constraints_violated"": true, ""relative_material_error"": 0.25280374982778203, ""scope"": ""Offline unconstrained alpha1 diagnostic; not nonlinear accepted update""}","{""reason"": ""Separate owner bounded nonlinear transfer stage"", ""status"": ""NOT_RUN""}",b8e41016676c2d51f38567d82c074d269fcd597b3d5a4638e1b61ec008472abf,8917351cf48d6d2397a2d9bb79906d51edfa354d5f1c57e1db3a27a0a3b3a726
validation,2004,late,8,0,0,/Volumes/migodam's-external-brain/Research/Inv_SLAM/Gaussian/A17/CLOSURE_R1/remote_snapshots/noise_complete_v1/results/locked_validation_continuation_v1/object_2004/late,a17_closure_locked_validation_continuation_v1_2004_abb477d73a064ae1b10a355cc1b6faf7,4.257340253658217e-06,2.2501289859865256e-06,2.007211267671691e-06,1.629242733159325e-20,improved,evaluation floor ONLY; not online acceptance tolerance,0.0029179925475102163,0.0021213811472668223,2.7149744113648,1.9737869229636753,1.1551459913132076e-06,4.257340253662581e-06,2.25012898598955e-06,5.918838232927275e-12,2,ABSTAIN_UNRESOLVED,"[0, 2, 3, 4, 5, 7, 65, 8]","{""constraints_violated"": true, ""relative_material_error"": 0.24898288405390162, ""scope"": ""Offline unconstrained alpha1 diagnostic; not nonlinear accepted update""}","{""reason"": ""Separate owner bounded nonlinear transfer stage"", ""status"": ""NOT_RUN""}",b8e41016676c2d51f38567d82c074d269fcd597b3d5a4638e1b61ec008472abf,daa8f7969eb0fb2a74384023ef822cc0b99cae3edfe5e958d88277722ce41d0a
validation,2004,late,16,0,0,/Volumes/migodam's-external-brain/Research/Inv_SLAM/Gaussian/A17/CLOSURE_R1/remote_snapshots/noise_complete_v1/results/locked_validation_continuation_v1/object_2004/late,a17_closure_locked_validation_continuation_v1_2004_abb477d73a064ae1b10a355cc1b6faf7,3.2752904630045307e-07,1.753051181430171e-07,1.5222392815743598e-07,1.629242733159325e-20,improved,evaluation floor ONLY; not online acceptance tolerance,0.0008093565917444646,0.000592123497494776,0.7530459384245413,0.5509267477183363,1.1551459913132076e-06,3.2752904630010796e-07,1.75305118142723e-07,5.918838232927275e-12,3,MOVE_BUDGET_EXHAUSTED,"[0, 1, 2, 3, 4, 7, 8, 9, 10, 12, 13, 14, 15, 96, 97, 98]","{""constraints_violated"": true, ""relative_material_error"": 0.23736220246961973, ""scope"": ""Offline unconstrained alpha1 diagnostic; not nonlinear accepted update""}","{""reason"": ""Separate owner bounded nonlinear transfer stage"", ""status"": ""NOT_RUN""}",b8e41016676c2d51f38567d82c074d269fcd597b3d5a4638e1b61ec008472abf,b17320ea7506d7ae9ecdc51150dff0dc3c62e6db0f040c2675aa5ec78dad4027
validation,2004,middle,4,0,0,/Volumes/migodam's-external-brain/Research/Inv_SLAM/Gaussian/A17/CLOSURE_R1/remote_snapshots/noise_complete_v1/results/locked_validation_continuation_v1/object_2004/middle,a17_closure_locked_validation_continuation_v1_2004_abb477d73a064ae1b10a355cc1b6faf7,0.00014066404411811303,4.065848595625888e-05,0.00010000555816185415,6.884300005212678e-19,improved,evaluation floor ONLY; not online acceptance tolerance,0.016772837811066692,0.009017592356750821,2.256310223601104,1.2130616211753669,5.526058428154276e-05,0.00014066404411817424,4.065848595626542e-05,5.038108720207746e-12,3,MOVE_BUDGET_EXHAUSTED,"[0, 4, 5, 128]","{""constraints_violated"": true, ""relative_material_error"": 0.40587601429379544, ""scope"": ""Offline unconstrained alpha1 diagnostic; not nonlinear accepted update""}","{""reason"": ""Separate owner bounded nonlinear transfer stage"", ""status"": ""NOT_RUN""}",49403cb3add65e953fb64d0692435b15b3cc24dff56470a9b8fffde8ec7889d4,5481466cb832cdc636ced6cba9c4406d29f94ad94a372de5bf4ff41c66d827f8
validation,2004,middle,8,0,0,/Volumes/migodam's-external-brain/Research/Inv_SLAM/Gaussian/A17/CLOSURE_R1/remote_snapshots/noise_complete_v1/results/locked_validation_continuation_v1/object_2004/middle,a17_closure_locked_validation_continuation_v1_2004_abb477d73a064ae1b10a355cc1b6faf7,8.273124151266133e-05,2.7337622045555198e-05,5.539361946710613e-05,6.884300005212678e-19,improved,evaluation floor ONLY; not online acceptance tolerance,0.0128632221089956,0.007394271031755903,1.730382173839952,0.9946897187559044,5.526058428154276e-05,8.27312415126766e-05,2.733762204553225e-05,5.038108720207746e-12,3,MOVE_BUDGET_EXHAUSTED,"[0, 3, 4, 5, 7, 65, 96, 1]","{""constraints_violated"": true, ""relative_material_error"": 0.40243702199808407, ""scope"": ""Offline unconstrained alpha1 diagnostic; not nonlinear accepted update""}","{""reason"": ""Separate owner bounded nonlinear transfer stage"", ""status"": ""NOT_RUN""}",49403cb3add65e953fb64d0692435b15b3cc24dff56470a9b8fffde8ec7889d4,c4ecfb270ce0c51ad7990ee1a1537484437104a227e7052d3e1aa0fd3fa0a709
validation,2004,middle,16,0,0,/Volumes/migodam's-external-brain/Research/Inv_SLAM/Gaussian/A17/CLOSURE_R1/remote_snapshots/noise_complete_v1/results/locked_validation_continuation_v1/object_2004/middle,a17_closure_locked_validation_continuation_v1_2004_abb477d73a064ae1b10a355cc1b6faf7,1.3746514781767669e-05,6.803275845805615e-06,6.943238935962054e-06,6.884300005212678e-19,improved,evaluation floor ONLY; not online acceptance tolerance,0.005243379593686768,0.0036887059643703757,0.7053482014624255,0.49621090199631185,5.526058428154276e-05,1.3746514781745409e-05,6.803275845790791e-06,5.038108720207746e-12,2,ABSTAIN_UNRESOLVED,"[0, 1, 2, 3, 4, 5, 6, 7, 8, 10, 12, 13, 14, 15, 96, 98]","{""constraints_violated"": true, ""relative_material_error"": 0.3965953067072488, ""scope"": ""Offline unconstrained alpha1 diagnostic; not nonlinear accepted update""}","{""reason"": ""Separate owner bounded nonlinear transfer stage"", ""status"": ""NOT_RUN""}",49403cb3add65e953fb64d0692435b15b3cc24dff56470a9b8fffde8ec7889d4,df0b1a5bb7d105eb83fc15bf44d4440346c56cc3a8285a010c5476de4bf24597
validation,2005,early,4,0,0,/Volumes/migodam's-external-brain/Research/Inv_SLAM/Gaussian/A17/CLOSURE_R1/remote_snapshots/noise_complete_v1/results/locked_validation_continuation_v1/object_2005/early,a17_closure_locked_validation_continuation_v1_2005_92e605d173434ee8851cdcb9d151a257,0.00030538587389168507,0.00013986883173426005,0.00016551704215742502,6.931729472525306e-16,improved,evaluation floor ONLY; not online acceptance tolerance,0.02471379670753262,0.01672535989005672,0.11181384549225432,0.07567136804921384,0.04885261006928468,0.00030538587385062503,0.0001398688317259591,7.444485215001517e-12,2,ABSTAIN_UNRESOLVED,"[0, 1, 5, 4]","{""constraints_violated"": false, ""relative_material_error"": 0.7355650700039401, ""scope"": ""Offline unconstrained alpha1 diagnostic; not nonlinear accepted update""}","{""reason"": ""Separate owner bounded nonlinear transfer stage"", ""status"": ""NOT_RUN""}",8d380acb543e567efeb686089f95862d3cbb1b4d1919030da9411600f24ffe6a,a653b3a0c8952189a3b28511f5d4abc09ac769591e9a8fb49ab4fef733fd1ca3
validation,2005,early,8,0,0,/Volumes/migodam's-external-brain/Research/Inv_SLAM/Gaussian/A17/CLOSURE_R1/remote_snapshots/noise_complete_v1/results/locked_validation_continuation_v1/object_2005/early,a17_closure_locked_validation_continuation_v1_2005_92e605d173434ee8851cdcb9d151a257,0.00012556656867777292,9.617038735606382e-05,2.93961813217091e-05,6.931729472525306e-16,improved,evaluation floor ONLY; not online acceptance tolerance,0.01584718073723763,0.013868697656543298,0.07169817893263006,0.06274683065896039,0.04885261006928468,0.00012556656865933771,9.617038734430478e-05,7.444485215001517e-12,1,ABSTAIN_UNRESOLVED,"[0, 1, 2, 3, 5, 6, 7, 64]","{""constraints_violated"": false, ""relative_material_error"": 0.733606705957778, ""scope"": ""Offline unconstrained alpha1 diagnostic; not nonlinear accepted update""}","{""reason"": ""Separate owner bounded nonlinear transfer stage"", ""status"": ""NOT_RUN""}",8d380acb543e567efeb686089f95862d3cbb1b4d1919030da9411600f24ffe6a,9a89f6e802a3d5002cbbd4093275002ef7e183c83eec960d6f2b9640e86a74de
validation,2005,early,16,0,0,/Volumes/migodam's-external-brain/Research/Inv_SLAM/Gaussian/A17/CLOSURE_R1/remote_snapshots/noise_complete_v1/results/locked_validation_continuation_v1/object_2005/early,a17_closure_locked_validation_continuation_v1_2005_92e605d173434ee8851cdcb9d151a257,2.079204444564125e-05,9.625647265907886e-06,1.1166397179733363e-05,6.931729472525306e-16,improved,evaluation floor ONLY; not online acceptance tolerance,0.00644857262374196,0.0043876297171150675,0.02917559416424656,0.01985116884599105,0.04885261006928468,2.079204444183713e-05,9.625647267255625e-06,7.444485215001517e-12,1,ABSTAIN_UNRESOLVED,"[0, 1, 3, 4, 5, 6, 7, 8, 9, 10, 11, 12, 13, 14, 15, 17]","{""constraints_violated"": false, ""relative_material_error"": 0.7235549114991904, ""scope"": ""Offline unconstrained alpha1 diagnostic; not nonlinear accepted update""}","{""reason"": ""Separate owner bounded nonlinear transfer stage"", ""status"": ""NOT_RUN""}",8d380acb543e567efeb686089f95862d3cbb1b4d1919030da9411600f24ffe6a,98decc826317c783f14cc21dc64d596296a153b2afc849407960d80ee7d3861a
validation,2005,late,4,0,0,/Volumes/migodam's-external-brain/Research/Inv_SLAM/Gaussian/A17/CLOSURE_R1/remote_snapshots/noise_complete_v1/results/locked_validation_continuation_v1/object_2005/late,a17_closure_locked_validation_continuation_v1_2005_92e605d173434ee8851cdcb9d151a257,0.0002555729096788046,3.743575525597648e-05,0.0002181371544228281,2.558367742586024e-19,improved,evaluation floor ONLY; not online acceptance tolerance,0.022608534215150043,0.008652832513804727,25.087835863553234,9.601721181715673,8.121166486525185e-07,0.00025557290967880513,3.743575525597812e-05,6.966903143393171e-12,2,ABSTAIN_UNRESOLVED,"[1, 3, 4, 129]","{""constraints_violated"": false, ""relative_material_error"": 0.6733216562960019, ""scope"": ""Offline unconstrained alpha1 diagnostic; not nonlinear accepted update""}","{""reason"": ""Separate owner bounded nonlinear transfer stage"", ""status"": ""NOT_RUN""}",d8f739542b1f1b268fefc0c6a00af015281b68392108f6a7e4ec15bec1cdf405,1d52f7ecea5361693c0559491378ef1fb712c1dbf8fbff8c0602e4a9ad6329b0
validation,2005,late,8,0,0,/Volumes/migodam's-external-brain/Research/Inv_SLAM/Gaussian/A17/CLOSURE_R1/remote_snapshots/noise_complete_v1/results/locked_validation_continuation_v1/object_2005/late,a17_closure_locked_validation_continuation_v1_2005_92e605d173434ee8851cdcb9d151a257,7.160838852252254e-05,1.6758051781629936e-05,5.485033674089261e-05,2.558367742586024e-19,improved,evaluation floor ONLY; not online acceptance tolerance,0.011967321214250311,0.005789309420237859,13.279684011904788,6.424177839929285,8.121166486525185e-07,7.160838852252278e-05,1.6758051781627405e-05,6.966903143393171e-12,3,MOVE_BUDGET_EXHAUSTED,"[1, 3, 4, 6, 7, 96, 8, 129]","{""constraints_violated"": true, ""relative_material_error"": 0.7064216453307018, ""scope"": ""Offline unconstrained alpha1 diagnostic; not nonlinear accepted update""}","{""reason"": ""Separate owner bounded nonlinear transfer stage"", ""status"": ""NOT_RUN""}",d8f739542b1f1b268fefc0c6a00af015281b68392108f6a7e4ec15bec1cdf405,fede4dbf79285aeb3dcad2b16e40ab6b52ec5c04ee0f1157898a4f84daab0bfc
validation,2005,late,16,0,0,/Volumes/migodam's-external-brain/Research/Inv_SLAM/Gaussian/A17/CLOSURE_R1/remote_snapshots/noise_complete_v1/results/locked_validation_continuation_v1/object_2005/late,a17_closure_locked_validation_continuation_v1_2005_92e605d173434ee8851cdcb9d151a257,1.0693778186554274e-05,3.021876663256418e-06,7.671901523297856e-06,2.558367742586024e-19,improved,evaluation floor ONLY; not online acceptance tolerance,0.004624668244653774,0.0024584046303473494,5.131819548368308,2.7279986957767592,8.121166486525185e-07,1.0693778186554511e-05,3.0218766632566433e-06,6.966903143393171e-12,3,MOVE_BUDGET_EXHAUSTED,"[0, 1, 4, 5, 6, 7, 8, 9, 11, 12, 13, 14, 15, 129, 16, 145]","{""constraints_violated"": true, ""relative_material_error"": 0.6800732026837562, ""scope"": ""Offline unconstrained alpha1 diagnostic; not nonlinear accepted update""}","{""reason"": ""Separate owner bounded nonlinear transfer stage"", ""status"": ""NOT_RUN""}",d8f739542b1f1b268fefc0c6a00af015281b68392108f6a7e4ec15bec1cdf405,ea1f97b48552f1f7fbf445928efa1fd9a53ec9dae4d4f566c79df5c9aad48231
validation,2005,middle,4,0,0,/Volumes/migodam's-external-brain/Research/Inv_SLAM/Gaussian/A17/CLOSURE_R1/remote_snapshots/noise_complete_v1/results/locked_validation_continuation_v1/object_2005/middle,a17_closure_locked_validation_continuation_v1_2005_92e605d173434ee8851cdcb9d151a257,0.00024022552424435417,5.843592285823263e-06,0.00023438193195853091,3.164697342252236e-19,improved,evaluation floor ONLY; not online acceptance tolerance,0.021919193609453894,0.003418652449671667,14.115495418236911,2.201539611798113,2.4113313622462225e-06,0.00024022552424436222,5.843592285823044e-06,3.5690648277124404e-12,3,MOVE_BUDGET_EXHAUSTED,"[3, 4, 128, 144]","{""constraints_violated"": false, ""relative_material_error"": 0.6796867439945894, ""scope"": ""Offline unconstrained alpha1 diagnostic; not nonlinear accepted update""}","{""reason"": ""Separate owner bounded nonlinear transfer stage"", ""status"": ""NOT_RUN""}",f5bcc2581ff944ed616db5028f02ea571c5703ffdc1e230c253fb47dca02fff9,d2430a187c9c13306210ececdf9ddf66f5a9f1c9000e4052748372a529e5eb57
validation,2005,middle,8,0,0,/Volumes/migodam's-external-brain/Research/Inv_SLAM/Gaussian/A17/CLOSURE_R1/remote_snapshots/noise_complete_v1/results/locked_validation_continuation_v1/object_2005/middle,a17_closure_locked_validation_continuation_v1_2005_92e605d173434ee8851cdcb9d151a257,4.430961461974164e-05,6.695910936717088e-06,3.761370368302456e-05,3.164697342252236e-19,improved,evaluation floor ONLY; not online acceptance tolerance,0.009413778690806682,0.00365948382609267,6.062273655955386,2.3566299062226372,2.4113313622462225e-06,4.430961461974299e-05,6.695910936716923e-06,3.5690648277124404e-12,3,MOVE_BUDGET_EXHAUSTED,"[1, 3, 4, 5, 6, 96, 8, 144]","{""constraints_violated"": false, ""relative_material_error"": 0.6680455116159422, ""scope"": ""Offline unconstrained alpha1 diagnostic; not nonlinear accepted update""}","{""reason"": ""Separate owner bounded nonlinear transfer stage"", ""status"": ""NOT_RUN""}",f5bcc2581ff944ed616db5028f02ea571c5703ffdc1e230c253fb47dca02fff9,69c851c5bfa561f838eb8abcef8830b777c199a1ee26f264c60206cf2296c436
validation,2005,middle,16,0,0,/Volumes/migodam's-external-brain/Research/Inv_SLAM/Gaussian/A17/CLOSURE_R1/remote_snapshots/noise_complete_v1/results/locked_validation_continuation_v1/object_2005/middle,a17_closure_locked_validation_continuation_v1_2005_92e605d173434ee8851cdcb9d151a257,7.136677460807362e-06,1.6753292513109134e-06,5.461348209496448e-06,3.164697342252236e-19,improved,evaluation floor ONLY; not online acceptance tolerance,0.003778009386120407,0.0018304804021407079,2.4329578510058747,1.1787905244126071,2.4113313622462225e-06,7.136677460806947e-06,1.6753292513106038e-06,3.5690648277124404e-12,3,MOVE_BUDGET_EXHAUSTED,"[0, 3, 4, 6, 7, 8, 9, 10, 11, 12, 13, 14, 15, 17, 144, 146]","{""constraints_violated"": false, ""relative_material_error"": 0.6750998356180925, ""scope"": ""Offline unconstrained alpha1 diagnostic; not nonlinear accepted update""}","{""reason"": ""Separate owner bounded nonlinear transfer stage"", ""status"": ""NOT_RUN""}",f5bcc2581ff944ed616db5028f02ea571c5703ffdc1e230c253fb47dca02fff9,338b148d7af9380fe749d743b61bcd8bcdf16c02641a9c90f5f11a9980786bf7
validation,2006,early,4,0,0,/Volumes/migodam's-external-brain/Research/Inv_SLAM/Gaussian/A17/CLOSURE_R1/remote_snapshots/noise_complete_v1/results/locked_validation_continuation_v1/object_2006/early,a17_closure_locked_validation_continuation_v1_2006_858bf52a07154e46996f117b114eeaef,0.0025104669040416964,0.0008015239047453787,0.0017089429992963178,1.7620860629857842e-15,improved,evaluation floor ONLY; not online acceptance tolerance,0.07085854788272088,0.04003807949298284,0.20102072971207577,0.11358522290452074,0.12425183340393128,0.0025104669040239237,0.0008015239047432065,7.408201084728153e-13,2,ABSTAIN_UNRESOLVED,"[2, 3, 4, 96]","{""constraints_violated"": true, ""relative_material_error"": 0.8490743764065914, ""scope"": ""Offline unconstrained alpha1 diagnostic; not nonlinear accepted update""}","{""reason"": ""Separate owner bounded nonlinear transfer stage"", ""status"": ""NOT_RUN""}",3a171229498d94d3f3248f0d2ac750306400ee0be645508610714f896f087745,50d96a4fd25192b374bdb455b88ebbe37488987b5ebe2575c6f9b9883bba0c30
validation,2006,early,8,0,0,/Volumes/migodam's-external-brain/Research/Inv_SLAM/Gaussian/A17/CLOSURE_R1/remote_snapshots/noise_complete_v1/results/locked_validation_continuation_v1/object_2006/early,a17_closure_locked_validation_continuation_v1_2006_858bf52a07154e46996f117b114eeaef,0.0009691275331346003,0.0006770892181272258,0.00029203831500737457,1.7620860629857842e-15,improved,evaluation floor ONLY; not online acceptance tolerance,0.044025618295015834,0.0367991635264244,0.12489759076543984,0.10439664551296454,0.12425183340393128,0.0009691275331292164,0.0006770892181222619,7.408201084728153e-13,2,ABSTAIN_UNRESOLVED,"[0, 1, 2, 3, 4, 5, 64, 8]","{""constraints_violated"": true, ""relative_material_error"": 0.8512385717736576, ""scope"": ""Offline unconstrained alpha1 diagnostic; not nonlinear accepted update""}","{""reason"": ""Separate owner bounded nonlinear transfer stage"", ""status"": ""NOT_RUN""}",3a171229498d94d3f3248f0d2ac750306400ee0be645508610714f896f087745,1f43e93a541536017516409dcf5cc1709953d6c44cc0e8bced2ab02de191e9bb
validation,2006,early,16,0,0,/Volumes/migodam's-external-brain/Research/Inv_SLAM/Gaussian/A17/CLOSURE_R1/remote_snapshots/noise_complete_v1/results/locked_validation_continuation_v1/object_2006/early,a17_closure_locked_validation_continuation_v1_2006_858bf52a07154e46996f117b114eeaef,0.00012156713429465582,7.857059930365609e-05,4.2996534990999736e-05,1.7620860629857842e-15,improved,evaluation floor ONLY; not online acceptance tolerance,0.015592763340252926,0.012535597257534952,0.04423557578505922,0.03556261006445014,0.12425183340393128,0.00012156713429256779,7.85705993015589e-05,7.408201084728153e-13,2,ABSTAIN_UNRESOLVED,"[0, 1, 2, 3, 4, 6, 7, 9, 10, 11, 12, 13, 14, 15, 64, 16]","{""constraints_violated"": true, ""relative_material_error"": 0.8280757532895772, ""scope"": ""Offline unconstrained alpha1 diagnostic; not nonlinear accepted update""}","{""reason"": ""Separate owner bounded nonlinear transfer stage"", ""status"": ""NOT_RUN""}",3a171229498d94d3f3248f0d2ac750306400ee0be645508610714f896f087745,f0251aaad5a4a5a340b26f6aad39af002a68d7fa081d8debd24fa978dde55d26
validation,2006,late,4,0,0,/Volumes/migodam's-external-brain/Research/Inv_SLAM/Gaussian/A17/CLOSURE_R1/remote_snapshots/noise_complete_v1/results/locked_validation_continuation_v1/object_2006/late,a17_closure_locked_validation_continuation_v1_2006_858bf52a07154e46996f117b114eeaef,0.003089229498790782,0.00039206568421616916,0.002697163814574613,9.913725166428e-18,improved,evaluation floor ONLY; not online acceptance tolerance,0.0786031742207946,0.02800234576660075,2.9477504437950377,1.0501347811849857,0.0007110477099539613,0.003089229498792295,0.0003920656842161315,7.943039517104007e-12,3,MOVE_BUDGET_EXHAUSTED,"[3, 4, 128, 33]","{""constraints_violated"": true, ""relative_material_error"": 0.8977441363050278, ""scope"": ""Offline unconstrained alpha1 diagnostic; not nonlinear accepted update""}","{""reason"": ""Separate owner bounded nonlinear transfer stage"", ""status"": ""NOT_RUN""}",c5bd7ccf32320a0919c2423db3c39ed34335d7855a7ca1d2fcd1e1f644c236bc,97e24d907a227de48e52d5bf6f2ce71f063ee4dc5d53ebd29f7c1b4feb57d511
validation,2006,late,8,0,0,/Volumes/migodam's-external-brain/Research/Inv_SLAM/Gaussian/A17/CLOSURE_R1/remote_snapshots/noise_complete_v1/results/locked_validation_continuation_v1/object_2006/late,a17_closure_locked_validation_continuation_v1_2006_858bf52a07154e46996f117b114eeaef,0.002185711005288225,0.00035888352690207514,0.00182682747838615,9.913725166428e-18,improved,evaluation floor ONLY; not online acceptance tolerance,0.06611673018666357,0.026791174923926235,2.4794879174033957,1.0047138497226415,0.0007110477099539613,0.002185711005288035,0.000358883526902207,7.943039517104007e-12,3,MOVE_BUDGET_EXHAUSTED,"[0, 3, 4, 5, 6, 128, 8, 130]","{""constraints_violated"": true, ""relative_material_error"": 0.992837839339412, ""scope"": ""Offline unconstrained alpha1 diagnostic; not nonlinear accepted update""}","{""reason"": ""Separate owner bounded nonlinear transfer stage"", ""status"": ""NOT_RUN""}",c5bd7ccf32320a0919c2423db3c39ed34335d7855a7ca1d2fcd1e1f644c236bc,1823152f9f088c4a2c6b0b3e5187d542609e3b455951074717b26314c507f25a
validation,2006,late,16,0,0,/Volumes/migodam's-external-brain/Research/Inv_SLAM/Gaussian/A17/CLOSURE_R1/remote_snapshots/noise_complete_v1/results/locked_validation_continuation_v1/object_2006/late,a17_closure_locked_validation_continuation_v1_2006_858bf52a07154e46996f117b114eeaef,0.00042208063896465107,0.00013168506912137717,0.0002903955698432739,9.913725166428e-18,improved,evaluation floor ONLY; not online acceptance tolerance,0.02905445366772204,0.016228682578785545,1.0895905864141602,0.6086027281728812,0.0007110477099539613,0.00042208063896490326,0.0001316850691214887,7.943039517104007e-12,3,MOVE_BUDGET_EXHAUSTED,"[0, 2, 3, 4, 5, 7, 8, 9, 10, 11, 13, 14, 15, 128, 130, 64]","{""constraints_violated"": true, ""relative_material_error"": 1.4666725110515029, ""scope"": ""Offline unconstrained alpha1 diagnostic; not nonlinear accepted update""}","{""reason"": ""Separate owner bounded nonlinear transfer stage"", ""status"": ""NOT_RUN""}",c5bd7ccf32320a0919c2423db3c39ed34335d7855a7ca1d2fcd1e1f644c236bc,05f61df7b70ea32ea3fee06c39274c0f8c142a8966e843e90032f765ae96f3ad
validation,2006,middle,4,0,0,/Volumes/migodam's-external-brain/Research/Inv_SLAM/Gaussian/A17/CLOSURE_R1/remote_snapshots/noise_complete_v1/results/locked_validation_continuation_v1/object_2006/middle,a17_closure_locked_validation_continuation_v1_2006_858bf52a07154e46996f117b114eeaef,0.0026284678218859445,0.00022648881037370003,0.0024019790115122445,6.034754600482992e-18,improved,evaluation floor ONLY; not online acceptance tolerance,0.07250472842358326,0.02128327091279962,3.13517499513642,0.9203093402501423,0.0005348217822148172,0.002628467821888781,0.0002264888103738112,7.46591867149086e-12,3,MOVE_BUDGET_EXHAUSTED,"[0, 3, 4, 96]","{""constraints_violated"": true, ""relative_material_error"": 0.8358258540412541, ""scope"": ""Offline unconstrained alpha1 diagnostic; not nonlinear accepted update""}","{""reason"": ""Separate owner bounded nonlinear transfer stage"", ""status"": ""NOT_RUN""}",a9c1bb1e3c1014f0ffac591ab801f45e2596d162748b211e340998d7e1cd8717,82c2fc6363b0a42171a8e48444103b9877cae8e14eadaab361c327e58a9e29c4
validation,2006,middle,8,0,0,/Volumes/migodam's-external-brain/Research/Inv_SLAM/Gaussian/A17/CLOSURE_R1/remote_snapshots/noise_complete_v1/results/locked_validation_continuation_v1/object_2006/middle,a17_closure_locked_validation_continuation_v1_2006_858bf52a07154e46996f117b114eeaef,0.0011633771529893802,0.00016676828930475127,0.000996608863684629,6.034754600482992e-18,improved,evaluation floor ONLY; not online acceptance tolerance,0.048236441680316336,0.018262983836427587,2.085790666327001,0.7897091887034012,0.0005348217822148172,0.0011633771529892794,0.00016676828930480762,7.46591867149086e-12,3,MOVE_BUDGET_EXHAUSTED,"[0, 3, 5, 6, 7, 96, 128, 32]","{""constraints_violated"": true, ""relative_material_error"": 0.8365350637221434, ""scope"": ""Offline unconstrained alpha1 diagnostic; not nonlinear accepted update""}","{""reason"": ""Separate owner bounded nonlinear transfer stage"", ""status"": ""NOT_RUN""}",a9c1bb1e3c1014f0ffac591ab801f45e2596d162748b211e340998d7e1cd8717,f5b5aafdab7f91035936c3f8efba2bdf61a41d01701505772a7e18d0f59f3dc4
validation,2006,middle,16,0,0,/Volumes/migodam's-external-brain/Research/Inv_SLAM/Gaussian/A17/CLOSURE_R1/remote_snapshots/noise_complete_v1/results/locked_validation_continuation_v1/object_2006/middle,a17_closure_locked_validation_continuation_v1_2006_858bf52a07154e46996f117b114eeaef,0.00015944618262369226,7.837874558296161e-05,8.106743704073065e-05,6.034754600482992e-18,improved,evaluation floor ONLY; not online acceptance tolerance,0.017857557650676543,0.01252028319030779,0.7721781660021734,0.5413892258302991,0.0005348217822148172,0.00015944618262361818,7.837874558275191e-05,7.46591867149086e-12,2,ABSTAIN_UNRESOLVED,"[0, 1, 3, 4, 5, 6, 7, 8, 9, 10, 11, 13, 14, 15, 96, 97]","{""constraints_violated"": true, ""relative_material_error"": 0.867802408159621, ""scope"": ""Offline unconstrained alpha1 diagnostic; not nonlinear accepted update""}","{""reason"": ""Separate owner bounded nonlinear transfer stage"", ""status"": ""NOT_RUN""}",a9c1bb1e3c1014f0ffac591ab801f45e2596d162748b211e340998d7e1cd8717,0d0de855f6e41dd1d32668973be66d864512bce3797cfe87ca3cf8c90a4c62fd
validation,2008,early,4,0,0,/Volumes/migodam's-external-brain/Research/Inv_SLAM/Gaussian/A17/CLOSURE_R1/remote_snapshots/noise_complete_v1/results/locked_validation_continuation_v1/object_2008/early,a17_closure_locked_validation_continuation_v1_2008_ec18dd78aa984bef83c87fc401c03e68,0.00031367228418545574,0.00015154494626904965,0.0001621273379164061,1.546332377860864e-15,improved,evaluation floor ONLY; not online acceptance tolerance,0.025046847473643344,0.01740947708987702,0.07586051655881905,0.05272886843131667,0.10901206108656455,0.000313672284183977,0.00015154494627147636,1.384664312469386e-12,2,ABSTAIN_UNRESOLVED,"[0, 2, 4, 5]","{""constraints_violated"": true, ""relative_material_error"": 0.8238260848928475, ""scope"": ""Offline unconstrained alpha1 diagnostic; not nonlinear accepted update""}","{""reason"": ""Separate owner bounded nonlinear transfer stage"", ""status"": ""NOT_RUN""}",26eae34726b12cb44d2b078a2ae26e40c400b9173d16252d4c89dd498a4c380c,556a3dab9c12106eb9df5b61aa9a302ca34da079c65b60d40298aa28d4d1e1ca
validation,2008,early,8,0,0,/Volumes/migodam's-external-brain/Research/Inv_SLAM/Gaussian/A17/CLOSURE_R1/remote_snapshots/noise_complete_v1/results/locked_validation_continuation_v1/object_2008/early,a17_closure_locked_validation_continuation_v1_2008_ec18dd78aa984bef83c87fc401c03e68,0.0001561302972794343,0.0001117892193807789,4.4341077898655396e-05,1.546332377860864e-15,improved,evaluation floor ONLY; not online acceptance tolerance,0.01767089682366309,0.014952539542340703,0.05352064216909142,0.04528743087295751,0.10901206108656455,0.0001561302972762732,0.00011178921938263116,1.384664312469386e-12,1,ABSTAIN_UNRESOLVED,"[0, 2, 3, 4, 5, 6, 7, 8]","{""constraints_violated"": true, ""relative_material_error"": 0.8211827608202914, ""scope"": ""Offline unconstrained alpha1 diagnostic; not nonlinear accepted update""}","{""reason"": ""Separate owner bounded nonlinear transfer stage"", ""status"": ""NOT_RUN""}",26eae34726b12cb44d2b078a2ae26e40c400b9173d16252d4c89dd498a4c380c,faaaf5014a9ebb408b1134f569a90e6108364001b5942e245aa614c9d9ba86b8
validation,2008,early,16,0,0,/Volumes/migodam's-external-brain/Research/Inv_SLAM/Gaussian/A17/CLOSURE_R1/remote_snapshots/noise_complete_v1/results/locked_validation_continuation_v1/object_2008/early,a17_closure_locked_validation_continuation_v1_2008_ec18dd78aa984bef83c87fc401c03e68,2.8586161508915908e-05,2.3060569558606908e-05,5.525591950309e-06,1.546332377860864e-15,improved,evaluation floor ONLY; not online acceptance tolerance,0.00756123819334507,0.006791254605505031,0.022901063128803897,0.02056897910997382,0.10901206108656455,2.8586161508250107e-05,2.3060569558396644e-05,1.384664312469386e-12,2,ABSTAIN_UNRESOLVED,"[0, 1, 2, 3, 6, 7, 8, 9, 10, 11, 12, 13, 14, 15, 64, 16]","{""constraints_violated"": true, ""relative_material_error"": 0.8224000929990061, ""scope"": ""Offline unconstrained alpha1 diagnostic; not nonlinear accepted update""}","{""reason"": ""Separate owner bounded nonlinear transfer stage"", ""status"": ""NOT_RUN""}",26eae34726b12cb44d2b078a2ae26e40c400b9173d16252d4c89dd498a4c380c,5978a3e29f5cb85b3cb6f44c7ac2ab68bbc180483403dbffbd61224e026f8d50
validation,2008,late,4,0,0,/Volumes/migodam's-external-brain/Research/Inv_SLAM/Gaussian/A17/CLOSURE_R1/remote_snapshots/noise_complete_v1/results/locked_validation_continuation_v1/object_2008/late,a17_closure_locked_validation_continuation_v1_2008_ec18dd78aa984bef83c87fc401c03e68,1.0748744721879174e-05,6.9315003283181676e-06,3.817244393561006e-06,8.498239595960868e-21,improved,evaluation floor ONLY; not online acceptance tolerance,0.004636538519602863,0.003723305071658466,5.47489499290157,4.396535089201412,7.171931889482818e-07,1.0748744721880556e-05,6.931500328318828e-06,7.574970490842475e-12,2,ABSTAIN_UNRESOLVED,"[0, 1, 96, 65]","{""constraints_violated"": true, ""relative_material_error"": 0.7780302906803103, ""scope"": ""Offline unconstrained alpha1 diagnostic; not nonlinear accepted update""}","{""reason"": ""Separate owner bounded nonlinear transfer stage"", ""status"": ""NOT_RUN""}",aa280674fed695f036b0b274930198e764d4b6322f20db6633d5d15f0f12956d,55561313878630866ec0c6fd82f613736b6c4c6ae50f2b849034c437efcb326d
validation,2008,late,8,0,0,/Volumes/migodam's-external-brain/Research/Inv_SLAM/Gaussian/A17/CLOSURE_R1/remote_snapshots/noise_complete_v1/results/locked_validation_continuation_v1/object_2008/late,a17_closure_locked_validation_continuation_v1_2008_ec18dd78aa984bef83c87fc401c03e68,3.4186537404047834e-06,1.4903312246447417e-06,1.9283225157600417e-06,8.498239595960868e-21,improved,evaluation floor ONLY; not online acceptance tolerance,0.0026148245602365815,0.0017264595127864397,3.087624492200168,2.0386295729106494,7.171931889482818e-07,3.4186537404082164e-06,1.4903312246453952e-06,7.574970490842475e-12,3,MOVE_BUDGET_EXHAUSTED,"[1, 2, 3, 4, 6, 7, 96, 66]","{""constraints_violated"": true, ""relative_material_error"": 0.7781019805737732, ""scope"": ""Offline unconstrained alpha1 diagnostic; not nonlinear accepted update""}","{""reason"": ""Separate owner bounded nonlinear transfer stage"", ""status"": ""NOT_RUN""}",aa280674fed695f036b0b274930198e764d4b6322f20db6633d5d15f0f12956d,f84c1de968db7ead3255b251406ae3297ac4ff4471f204718fa84c600dbf78c7
validation,2008,late,16,0,0,/Volumes/migodam's-external-brain/Research/Inv_SLAM/Gaussian/A17/CLOSURE_R1/remote_snapshots/noise_complete_v1/results/locked_validation_continuation_v1/object_2008/late,a17_closure_locked_validation_continuation_v1_2008_ec18dd78aa984bef83c87fc401c03e68,9.377424753699059e-07,6.577366348503976e-07,2.8000584051950836e-07,8.498239595960868e-21,improved,evaluation floor ONLY; not online acceptance tolerance,0.0013694834612875077,0.0011469408309505932,1.6171068380785714,1.3543251255170465,7.171931889482818e-07,9.377424753700063e-07,6.577366348508187e-07,7.574970490842475e-12,3,MOVE_BUDGET_EXHAUSTED,"[1, 2, 3, 4, 5, 6, 8, 9, 10, 11, 12, 14, 15, 17, 65, 13]","{""constraints_violated"": true, ""relative_material_error"": 0.7735942662905885, ""scope"": ""Offline unconstrained alpha1 diagnostic; not nonlinear accepted update""}","{""reason"": ""Separate owner bounded nonlinear transfer stage"", ""status"": ""NOT_RUN""}",aa280674fed695f036b0b274930198e764d4b6322f20db6633d5d15f0f12956d,fa476a82bffc66b3213aa578dace3b1bd0c84478970e4927958cf312484c5fa7
validation,2008,middle,4,0,0,/Volumes/migodam's-external-brain/Research/Inv_SLAM/Gaussian/A17/CLOSURE_R1/remote_snapshots/noise_complete_v1/results/locked_validation_continuation_v1/object_2008/middle,a17_closure_locked_validation_continuation_v1_2008_ec18dd78aa984bef83c87fc401c03e68,0.00014085221974918203,1.816963749778351e-05,0.0001226825822513985,3.24095682259767e-19,improved,evaluation floor ONLY; not online acceptance tolerance,0.01678405313082547,0.006028206615202543,3.6513695339827934,1.3114359092964545,2.112915436855011e-05,0.00014085221974918612,1.816963749778585e-05,7.288612420993277e-12,3,MOVE_BUDGET_EXHAUSTED,"[0, 3, 4, 128]","{""constraints_violated"": true, ""relative_material_error"": 0.8008568638604358, ""scope"": ""Offline unconstrained alpha1 diagnostic; not nonlinear accepted update""}","{""reason"": ""Separate owner bounded nonlinear transfer stage"", ""status"": ""NOT_RUN""}",9231751c00a3b86cf8e93b2885ccfec8b888f30d2a4afb750bb164c08af75516,12986814511e098b8e3b52c82c1def1ea05110a9c7a7bd2ba2483f61ee65b2c7
validation,2008,middle,8,0,0,/Volumes/migodam's-external-brain/Research/Inv_SLAM/Gaussian/A17/CLOSURE_R1/remote_snapshots/noise_complete_v1/results/locked_validation_continuation_v1/object_2008/middle,a17_closure_locked_validation_continuation_v1_2008_ec18dd78aa984bef83c87fc401c03e68,5.981316118669943e-05,2.2428952031255953e-05,3.738420915544347e-05,3.24095682259767e-19,improved,evaluation floor ONLY; not online acceptance tolerance,0.010937381879289039,0.006697604352490055,2.379426629806392,1.4570633382015503,2.112915436855011e-05,5.981316118670011e-05,2.2428952031246863e-05,7.288612420993277e-12,3,MOVE_BUDGET_EXHAUSTED,"[0, 2, 3, 6, 7, 96, 65, 66]","{""constraints_violated"": true, ""relative_material_error"": 0.7993316857754781, ""scope"": ""Offline unconstrained alpha1 diagnostic; not nonlinear accepted update""}","{""reason"": ""Separate owner bounded nonlinear transfer stage"", ""status"": ""NOT_RUN""}",9231751c00a3b86cf8e93b2885ccfec8b888f30d2a4afb750bb164c08af75516,dcbf4c3f6db53258b2cc58daffc8d1d3c94094a6d7296319d89d876d18c03335
validation,2008,middle,16,0,0,/Volumes/migodam's-external-brain/Research/Inv_SLAM/Gaussian/A17/CLOSURE_R1/remote_snapshots/noise_complete_v1/results/locked_validation_continuation_v1/object_2008/middle,a17_closure_locked_validation_continuation_v1_2008_ec18dd78aa984bef83c87fc401c03e68,1.4393596532301328e-05,5.077129078832827e-06,9.316467453468502e-06,3.24095682259767e-19,improved,evaluation floor ONLY; not online acceptance tolerance,0.00536536979756388,0.003186574674735582,1.167235807982256,0.6932390879841301,2.112915436855011e-05,1.439359653230534e-05,5.07712907883309e-06,7.288612420993277e-12,3,MOVE_BUDGET_EXHAUSTED,"[1, 3, 4, 5, 6, 7, 8, 9, 10, 11, 13, 14, 15, 97, 96, 128]","{""constraints_violated"": true, ""relative_material_error"": 0.7991400415549709, ""scope"": ""Offline unconstrained alpha1 diagnostic; not nonlinear accepted update""}","{""reason"": ""Separate owner bounded nonlinear transfer stage"", ""status"": ""NOT_RUN""}",9231751c00a3b86cf8e93b2885ccfec8b888f30d2a4afb750bb164c08af75516,a2a5747f49dd96394a8c3764825657cf258e1b8511e834ed87391d92d95e5422
validation,2009,early,4,0,0,/Volumes/migodam's-external-brain/Research/Inv_SLAM/Gaussian/A17/CLOSURE_R1/remote_snapshots/noise_complete_v1/results/locked_validation_continuation_v1/object_2009/early,a17_closure_locked_validation_continuation_v1_2009_a849071e93854311b14c0f3374326e40,0.0010242125862320378,0.0006596904975225382,0.00036452208870949953,3.8196402348923085e-15,improved,evaluation floor ONLY; not online acceptance tolerance,0.04525953128878242,0.036323284475026495,0.08716119964058837,0.06995169767731017,0.2696334111781568,0.0010242125862401374,0.0006596904975268503,1.071070936513853e-12,1,ABSTAIN_UNRESOLVED,"[0, 2, 3, 5]","{""constraints_violated"": true, ""relative_material_error"": 0.7563162350281353, ""scope"": ""Offline unconstrained alpha1 diagnostic; not nonlinear accepted update""}","{""reason"": ""Separate owner bounded nonlinear transfer stage"", ""status"": ""NOT_RUN""}",e2768620272cd40466ef46d4b6506e6888ae7d4a8a3a020dad36ecc612d94bae,c2c4e4f99a58205585dfc485a0740013b2843c119939e41532c01b922d57551b
validation,2009,early,8,0,0,/Volumes/migodam's-external-brain/Research/Inv_SLAM/Gaussian/A17/CLOSURE_R1/remote_snapshots/noise_complete_v1/results/locked_validation_continuation_v1/object_2009/early,a17_closure_locked_validation_continuation_v1_2009_a849071e93854311b14c0f3374326e40,0.000649396333041205,0.00031414980864326856,0.0003352465243979364,3.8196402348923085e-15,improved,evaluation floor ONLY; not online acceptance tolerance,0.03603876615667994,0.025065905475197586,0.06940376982121779,0.04827213912922935,0.2696334111781568,0.0006493963330479297,0.00031414980864577014,1.071070936513853e-12,2,ABSTAIN_UNRESOLVED,"[0, 1, 2, 3, 6, 7, 33, 64]","{""constraints_violated"": true, ""relative_material_error"": 0.7411363311126183, ""scope"": ""Offline unconstrained alpha1 diagnostic; not nonlinear accepted update""}","{""reason"": ""Separate owner bounded nonlinear transfer stage"", ""status"": ""NOT_RUN""}",e2768620272cd40466ef46d4b6506e6888ae7d4a8a3a020dad36ecc612d94bae,66ff28ede651f891a71d40686f1dc0747cbe15538c83da30e9f2aed0acb5eab3
validation,2009,early,16,0,0,/Volumes/migodam's-external-brain/Research/Inv_SLAM/Gaussian/A17/CLOSURE_R1/remote_snapshots/noise_complete_v1/results/locked_validation_continuation_v1/object_2009/early,a17_closure_locked_validation_continuation_v1_2009_a849071e93854311b14c0f3374326e40,8.508011831457121e-05,3.719825007097843e-05,4.788186824359278e-05,3.8196402348923085e-15,improved,evaluation floor ONLY; not online acceptance tolerance,0.013044548157295003,0.008625340581079445,0.02512130448069972,0.01661075603188729,0.2696334111781568,8.508011831399423e-05,3.719825006980795e-05,1.071070936513853e-12,2,ABSTAIN_UNRESOLVED,"[0, 1, 2, 4, 6, 7, 8, 9, 10, 11, 12, 13, 14, 15, 64, 66]","{""constraints_violated"": true, ""relative_material_error"": 0.7246983158400075, ""scope"": ""Offline unconstrained alpha1 diagnostic; not nonlinear accepted update""}","{""reason"": ""Separate owner bounded nonlinear transfer stage"", ""status"": ""NOT_RUN""}",e2768620272cd40466ef46d4b6506e6888ae7d4a8a3a020dad36ecc612d94bae,98c69cac235696131899aa69dda931e16eb6eea58ac53a0dbdf292ef391de2cc
validation,2009,late,4,0,0,/Volumes/migodam's-external-brain/Research/Inv_SLAM/Gaussian/A17/CLOSURE_R1/remote_snapshots/noise_complete_v1/results/locked_validation_continuation_v1/object_2009/late,a17_closure_locked_validation_continuation_v1_2009_a849071e93854311b14c0f3374326e40,0.00035901717430921804,0.00016888086056069583,0.0001901363137485222,6.502280812445908e-19,improved,evaluation floor ONLY; not online acceptance tolerance,0.026796162945805585,0.018378294837152486,17.471672170835646,11.983041866968172,2.352210994748278e-06,0.00035901717430908214,0.00016888086056065284,5.385292138971104e-12,2,ABSTAIN_UNRESOLVED,"[0, 2, 3, 130]","{""constraints_violated"": true, ""relative_material_error"": 0.597158041904324, ""scope"": ""Offline unconstrained alpha1 diagnostic; not nonlinear accepted update""}","{""reason"": ""Separate owner bounded nonlinear transfer stage"", ""status"": ""NOT_RUN""}",60ccf9060e68ec9b91d164d5e6a5dacf8fc90fe29aef434dad7d5b58331a98cd,77298326d3c8f38a7d6ad042743729a867749c9f7ef99bbf05fe93c868590e34
validation,2009,late,8,0,0,/Volumes/migodam's-external-brain/Research/Inv_SLAM/Gaussian/A17/CLOSURE_R1/remote_snapshots/noise_complete_v1/results/locked_validation_continuation_v1/object_2009/late,a17_closure_locked_validation_continuation_v1_2009_a849071e93854311b14c0f3374326e40,0.00017220686856180155,4.1387413980273146e-05,0.0001308194545815284,6.502280812445908e-19,improved,evaluation floor ONLY; not online acceptance tolerance,0.018558387244680324,0.009098067265113703,12.100465973962395,5.932134722637955,2.352210994748278e-06,0.00017220686856175664,4.138741398026676e-05,5.385292138971104e-12,3,MOVE_BUDGET_EXHAUSTED,"[1, 2, 5, 6, 7, 65, 96, 128]","{""constraints_violated"": true, ""relative_material_error"": 0.5159070685513193, ""scope"": ""Offline unconstrained alpha1 diagnostic; not nonlinear accepted update""}","{""reason"": ""Separate owner bounded nonlinear transfer stage"", ""status"": ""NOT_RUN""}",60ccf9060e68ec9b91d164d5e6a5dacf8fc90fe29aef434dad7d5b58331a98cd,70409ede751ef88261c1e4839ea78568b078899e906658e9d3ef3adad094174e
validation,2009,late,16,0,0,/Volumes/migodam's-external-brain/Research/Inv_SLAM/Gaussian/A17/CLOSURE_R1/remote_snapshots/noise_complete_v1/results/locked_validation_continuation_v1/object_2009/late,a17_closure_locked_validation_continuation_v1_2009_a849071e93854311b14c0f3374326e40,1.0080062934862888e-05,8.38505971920059e-06,1.6950032156622978e-06,6.502280812445908e-19,improved,evaluation floor ONLY; not online acceptance tolerance,0.004490002880814672,0.004095133628881133,2.927578046840511,2.6701148371235464,2.352210994748278e-06,1.0080062934862027e-05,8.385059719196578e-06,5.385292138971104e-12,2,ABSTAIN_UNRESOLVED,"[0, 1, 2, 3, 5, 6, 7, 8, 9, 10, 12, 13, 14, 15, 65, 32]","{""constraints_violated"": true, ""relative_material_error"": 0.5114353596422135, ""scope"": ""Offline unconstrained alpha1 diagnostic; not nonlinear accepted update""}","{""reason"": ""Separate owner bounded nonlinear transfer stage"", ""status"": ""NOT_RUN""}",60ccf9060e68ec9b91d164d5e6a5dacf8fc90fe29aef434dad7d5b58331a98cd,ae93d1427dc3e0a97c227af8e310bb53a1dc30a2e29824e21e0038bd3fea055b
validation,2009,middle,4,0,0,/Volumes/migodam's-external-brain/Research/Inv_SLAM/Gaussian/A17/CLOSURE_R1/remote_snapshots/noise_complete_v1/results/locked_validation_continuation_v1/object_2009/middle,a17_closure_locked_validation_continuation_v1_2009_a849071e93854311b14c0f3374326e40,0.00016568966250967123,4.1752424259065734e-05,0.0001239372382506055,9.218752849453654e-19,improved,evaluation floor ONLY; not online acceptance tolerance,0.01820382720801974,0.00913809873650639,3.8217794279776824,1.9184865557624722,2.2687893364603913e-05,0.0001656896625097199,4.1752424259069834e-05,3.988488879330766e-12,3,MOVE_BUDGET_EXHAUSTED,"[2, 4, 5, 33]","{""constraints_violated"": true, ""relative_material_error"": 0.5965382450601574, ""scope"": ""Offline unconstrained alpha1 diagnostic; not nonlinear accepted update""}","{""reason"": ""Separate owner bounded nonlinear transfer stage"", ""status"": ""NOT_RUN""}",6ce0d93c6da0e7d8a18830515c5a0ca5d3f0e6a537e4c64324fbb7fa3ebc74a7,14826e468b87bd06d92780e66950c034c9a9085e0bbec498a0abe70543d3945c
validation,2009,middle,8,0,0,/Volumes/migodam's-external-brain/Research/Inv_SLAM/Gaussian/A17/CLOSURE_R1/remote_snapshots/noise_complete_v1/results/locked_validation_continuation_v1/object_2009/middle,a17_closure_locked_validation_continuation_v1_2009_a849071e93854311b14c0f3374326e40,4.3054315996254145e-05,2.4626216980815976e-05,1.842809901543817e-05,9.218752849453654e-19,improved,evaluation floor ONLY; not online acceptance tolerance,0.009279473691568793,0.007018007834252759,1.9481673414958551,1.4733867587205631,2.2687893364603913e-05,4.305431599625868e-05,2.4626216980816548e-05,3.988488879330766e-12,2,ABSTAIN_UNRESOLVED,"[1, 2, 4, 5, 6, 7, 65, 97]","{""constraints_violated"": true, ""relative_material_error"": 0.5937456585864336, ""scope"": ""Offline unconstrained alpha1 diagnostic; not nonlinear accepted update""}","{""reason"": ""Separate owner bounded nonlinear transfer stage"", ""status"": ""NOT_RUN""}",6ce0d93c6da0e7d8a18830515c5a0ca5d3f0e6a537e4c64324fbb7fa3ebc74a7,23af53884da808438d755e495ab579d39c91f7bc112ce4067783f5e1384f2135
validation,2009,middle,16,0,0,/Volumes/migodam's-external-brain/Research/Inv_SLAM/Gaussian/A17/CLOSURE_R1/remote_snapshots/noise_complete_v1/results/locked_validation_continuation_v1/object_2009/middle,a17_closure_locked_validation_continuation_v1_2009_a849071e93854311b14c0f3374326e40,7.733384867756309e-06,5.895901606719232e-06,1.837483261037077e-06,9.218752849453654e-19,improved,evaluation floor ONLY; not online acceptance tolerance,0.003932781424833484,0.003433919511787713,0.8256628110345812,0.720929879058607,2.2687893364603913e-05,7.733384867757645e-06,5.895901606718183e-06,3.988488879330766e-12,2,ABSTAIN_UNRESOLVED,"[0, 1, 2, 4, 5, 6, 7, 8, 9, 10, 11, 12, 14, 15, 97, 129]","{""constraints_violated"": true, ""relative_material_error"": 0.5745266070524169, ""scope"": ""Offline unconstrained alpha1 diagnostic; not nonlinear accepted update""}","{""reason"": ""Separate owner bounded nonlinear transfer stage"", ""status"": ""NOT_RUN""}",6ce0d93c6da0e7d8a18830515c5a0ca5d3f0e6a537e4c64324fbb7fa3ebc74a7,33502c6e978831c24c976da43abec975af880eb3a94fb409560a2b4b2af916fd
validation,2010,early,4,0,0,/Volumes/migodam's-external-brain/Research/Inv_SLAM/Gaussian/A17/CLOSURE_R1/remote_snapshots/noise_complete_v1/results/locked_validation_continuation_v1/object_2010/early,a17_closure_locked_validation_continuation_v1_2010_167ddd9956d4416ead95ca711b1c5b13,0.0011710962936462659,0.0006556559736406981,0.0005154403200055678,3.915358086798981e-15,improved,evaluation floor ONLY; not online acceptance tolerance,0.04839620426529955,0.036212041468126746,0.09206711908228862,0.0688884259555301,0.27632074737654105,0.0011710962936442994,0.0006556559736446655,7.206411812362506e-13,1,ABSTAIN_UNRESOLVED,"[0, 2, 3, 4]","{""constraints_violated"": true, ""relative_material_error"": 0.7774624475783367, ""scope"": ""Offline unconstrained alpha1 diagnostic; not nonlinear accepted update""}","{""reason"": ""Separate owner bounded nonlinear transfer stage"", ""status"": ""NOT_RUN""}",9d4bc7153743beb757f592e52a66818dd264130c2eb7c970004c95b4c26d3077,8292a6fd0eabb9c50cc91758c2decc8ae794dd0244db1e23281e7413c19566cc
validation,2010,early,8,0,0,/Volumes/migodam's-external-brain/Research/Inv_SLAM/Gaussian/A17/CLOSURE_R1/remote_snapshots/noise_complete_v1/results/locked_validation_continuation_v1/object_2010/early,a17_closure_locked_validation_continuation_v1_2010_167ddd9956d4416ead95ca711b1c5b13,0.0007343634832830378,0.0006172700389225665,0.00011709344436047124,3.915358086798981e-15,improved,evaluation floor ONLY; not online acceptance tolerance,0.038323973783715555,0.03513602251042662,0.07290608657468042,0.06684144795348856,0.27632074737654105,0.0007343634832874585,0.0006172700389266031,7.206411812362506e-13,3,MOVE_BUDGET_EXHAUSTED,"[0, 2, 3, 4, 5, 7, 8, 130]","{""constraints_violated"": true, ""relative_material_error"": 0.7773254376972343, ""scope"": ""Offline unconstrained alpha1 diagnostic; not nonlinear accepted update""}","{""reason"": ""Separate owner bounded nonlinear transfer stage"", ""status"": ""NOT_RUN""}",9d4bc7153743beb757f592e52a66818dd264130c2eb7c970004c95b4c26d3077,3d15e4d1f86eb8c622dd4f627ed72a1f70a8c53f80aee984ff5a04eece279e28
validation,2010,early,16,0,0,/Volumes/migodam's-external-brain/Research/Inv_SLAM/Gaussian/A17/CLOSURE_R1/remote_snapshots/noise_complete_v1/results/locked_validation_continuation_v1/object_2010/early,a17_closure_locked_validation_continuation_v1_2010_167ddd9956d4416ead95ca711b1c5b13,9.158938450339064e-05,4.5377495432612256e-05,4.6211889070778385e-05,3.915358086798981e-15,improved,evaluation floor ONLY; not online acceptance tolerance,0.013534355138071169,0.009526541390266076,0.02574724826286065,0.01812293410061607,0.27632074737654105,9.158938450171671e-05,4.5377495430226354e-05,7.206411812362506e-13,2,ABSTAIN_UNRESOLVED,"[0, 3, 4, 5, 6, 7, 8, 9, 10, 11, 12, 13, 14, 15, 17, 16]","{""constraints_violated"": true, ""relative_material_error"": 0.7550436552858869, ""scope"": ""Offline unconstrained alpha1 diagnostic; not nonlinear accepted update""}","{""reason"": ""Separate owner bounded nonlinear transfer stage"", ""status"": ""NOT_RUN""}",9d4bc7153743beb757f592e52a66818dd264130c2eb7c970004c95b4c26d3077,2f72dda250cbfe271105bab7417688281e5d071abbafd49ab561203ccce5dcac
validation,2010,late,4,0,0,/Volumes/migodam's-external-brain/Research/Inv_SLAM/Gaussian/A17/CLOSURE_R1/remote_snapshots/noise_complete_v1/results/locked_validation_continuation_v1/object_2010/late,a17_closure_locked_validation_continuation_v1_2010_167ddd9956d4416ead95ca711b1c5b13,0.0003125500197841812,0.00012016966532273448,0.00019238035446144674,1.2632182950612938e-18,improved,evaluation floor ONLY; not online acceptance tolerance,0.025002000711305646,0.015502881365914455,2.604425205142459,1.614914560156112,9.21564521669341e-05,0.000312550019784064,0.0001201696653228088,7.771692692962935e-12,2,ABSTAIN_UNRESOLVED,"[0, 3, 96, 4]","{""constraints_violated"": true, ""relative_material_error"": 0.6798958575507585, ""scope"": ""Offline unconstrained alpha1 diagnostic; not nonlinear accepted update""}","{""reason"": ""Separate owner bounded nonlinear transfer stage"", ""status"": ""NOT_RUN""}",557709146e1d1fce1a05c2eebd4d7f0556261df06312fff99408cc709bc9199b,b007c0d36e813f3a2b3a7e5fdf8a30b33ed9dc95abd74f68b57cef23d88d90fb
validation,2010,late,8,0,0,/Volumes/migodam's-external-brain/Research/Inv_SLAM/Gaussian/A17/CLOSURE_R1/remote_snapshots/noise_complete_v1/results/locked_validation_continuation_v1/object_2010/late,a17_closure_locked_validation_continuation_v1_2010_167ddd9956d4416ead95ca711b1c5b13,0.00015295592468817377,8.843176716083672e-05,6.452415752733705e-05,1.2632182950612938e-18,improved,evaluation floor ONLY; not online acceptance tolerance,0.01749033588518494,0.013299005012478672,1.8219450575883325,1.3853396877215987,9.21564521669341e-05,0.000152955924688294,8.843176716096642e-05,7.771692692962935e-12,2,ABSTAIN_UNRESOLVED,"[0, 2, 3, 4, 5, 6, 65, 144]","{""constraints_violated"": true, ""relative_material_error"": 0.6874050601740085, ""scope"": ""Offline unconstrained alpha1 diagnostic; not nonlinear accepted update""}","{""reason"": ""Separate owner bounded nonlinear transfer stage"", ""status"": ""NOT_RUN""}",557709146e1d1fce1a05c2eebd4d7f0556261df06312fff99408cc709bc9199b,8995c0d7ef93905803c9f22c10f724bfdc51f98d4b75b156337e82e637b7fd5f
validation,2010,late,16,0,0,/Volumes/migodam's-external-brain/Research/Inv_SLAM/Gaussian/A17/CLOSURE_R1/remote_snapshots/noise_complete_v1/results/locked_validation_continuation_v1/object_2010/late,a17_closure_locked_validation_continuation_v1_2010_167ddd9956d4416ead95ca711b1c5b13,9.229955821963364e-05,3.778921915912733e-05,5.451033906050631e-05,1.2632182950612938e-18,improved,evaluation floor ONLY; not online acceptance tolerance,0.013586725743881867,0.00869358604479934,1.4153111741462694,0.9055993110148082,9.21564521669341e-05,9.229955821973113e-05,3.778921915916491e-05,7.771692692962935e-12,2,ABSTAIN_UNRESOLVED,"[0, 2, 3, 5, 6, 7, 8, 9, 10, 11, 12, 13, 14, 15, 33, 64]","{""constraints_violated"": true, ""relative_material_error"": 0.6894851926412566, ""scope"": ""Offline unconstrained alpha1 diagnostic; not nonlinear accepted update""}","{""reason"": ""Separate owner bounded nonlinear transfer stage"", ""status"": ""NOT_RUN""}",557709146e1d1fce1a05c2eebd4d7f0556261df06312fff99408cc709bc9199b,e080b5666c33c413cbb75d4bf0f22981ad85f15d3970bf49df159d1fdfbc112e
validation,2010,middle,4,0,0,/Volumes/migodam's-external-brain/Research/Inv_SLAM/Gaussian/A17/CLOSURE_R1/remote_snapshots/noise_complete_v1/results/locked_validation_continuation_v1/object_2010/middle,a17_closure_locked_validation_continuation_v1_2010_167ddd9956d4416ead95ca711b1c5b13,0.00016194249404878413,2.9225197182226197e-05,0.00013271729686655794,3.460210557353781e-18,improved,evaluation floor ONLY; not online acceptance tolerance,0.017996804941361445,0.007645285760729611,1.1186527031657283,0.4752187741424532,0.0002588214502235574,0.00016194249404870585,2.9225197181607477e-05,9.547165679641322e-12,3,MOVE_BUDGET_EXHAUSTED,"[3, 4, 96, 32]","{""constraints_violated"": true, ""relative_material_error"": 0.6745111003063825, ""scope"": ""Offline unconstrained alpha1 diagnostic; not nonlinear accepted update""}","{""reason"": ""Separate owner bounded nonlinear transfer stage"", ""status"": ""NOT_RUN""}",0ed75467bcedc7ec2860613f83bf75c4d2e042b478cf7ecc8af1c5e4d1019ecf,1893ef768c16f2c2ba6790b19b53ae6977dd28b566e35c1dc59a52478d5ce18d
validation,2010,middle,8,0,0,/Volumes/migodam's-external-brain/Research/Inv_SLAM/Gaussian/A17/CLOSURE_R1/remote_snapshots/noise_complete_v1/results/locked_validation_continuation_v1/object_2010/middle,a17_closure_locked_validation_continuation_v1_2010_167ddd9956d4416ead95ca711b1c5b13,5.2521602389620364e-05,2.7636828597065585e-05,2.488477379255478e-05,3.460210557353781e-18,improved,evaluation floor ONLY; not online acceptance tolerance,0.010249058726457398,0.007434625558310744,0.6370651505426904,0.4621244718119487,0.0002588214502235574,5.252160238918627e-05,2.7636828596143675e-05,9.547165679641322e-12,3,MOVE_BUDGET_EXHAUSTED,"[0, 4, 5, 6, 7, 64, 96, 65]","{""constraints_violated"": true, ""relative_material_error"": 0.6762490196384939, ""scope"": ""Offline unconstrained alpha1 diagnostic; not nonlinear accepted update""}","{""reason"": ""Separate owner bounded nonlinear transfer stage"", ""status"": ""NOT_RUN""}",0ed75467bcedc7ec2860613f83bf75c4d2e042b478cf7ecc8af1c5e4d1019ecf,9cca2534e2640ecdf36dbab5ade9add598ccc86a915a2b8d11249e7bc29f6ba3
validation,2010,middle,16,0,0,/Volumes/migodam's-external-brain/Research/Inv_SLAM/Gaussian/A17/CLOSURE_R1/remote_snapshots/noise_complete_v1/results/locked_validation_continuation_v1/object_2010/middle,a17_closure_locked_validation_continuation_v1_2010_167ddd9956d4416ead95ca711b1c5b13,1.1193186848312497e-05,6.6766954834676424e-06,4.516491364844855e-06,3.460210557353781e-18,improved,evaluation floor ONLY; not online acceptance tolerance,0.0047314240664369815,0.0036542291890989276,0.29409777674362647,0.22714106052112285,0.0002588214502235574,1.119318684822953e-05,6.676695483231303e-06,9.547165679641322e-12,3,MOVE_BUDGET_EXHAUSTED,"[0, 1, 2, 3, 4, 5, 6, 7, 9, 10, 13, 14, 15, 96, 129, 11]","{""constraints_violated"": true, ""relative_material_error"": 0.6520677778565905, ""scope"": ""Offline unconstrained alpha1 diagnostic; not nonlinear accepted update""}","{""reason"": ""Separate owner bounded nonlinear transfer stage"", ""status"": ""NOT_RUN""}",0ed75467bcedc7ec2860613f83bf75c4d2e042b478cf7ecc8af1c5e4d1019ecf,ee899a97b8d03df51aad8a866ec2c7180e50776f812ec1204f6bbb9733b5c3bb
validation,2011,early,4,0,0,/Volumes/migodam's-external-brain/Research/Inv_SLAM/Gaussian/A17/CLOSURE_R1/remote_snapshots/noise_complete_v1/results/locked_validation_continuation_v1/object_2011/early,a17_closure_locked_validation_continuation_v1_2011_7dab4fa1f0964848bdbef12aebd1eeac,0.0014324152646231934,0.0008355316767389723,0.0005968835878842211,3.955165103965394e-15,improved,evaluation floor ONLY; not online acceptance tolerance,0.0535241116623501,0.040878641776307324,0.10129145730486594,0.07736059636611142,0.2792243554842701,0.0014324152646218607,0.0008355316767378293,2.6854328626638574e-13,1,ABSTAIN_UNRESOLVED,"[0, 2, 3, 5]","{""constraints_violated"": true, ""relative_material_error"": 0.7556348944954454, ""scope"": ""Offline unconstrained alpha1 diagnostic; not nonlinear accepted update""}","{""reason"": ""Separate owner bounded nonlinear transfer stage"", ""status"": ""NOT_RUN""}",b67903f92d2a3ed70c5ea2c51605292e2556939412054513e83eaf6c0b7646a5,adbcc264d99415b9797ccef14b87fca1dd0b2b95d8bae5689ac9d3c98838f3f7
validation,2011,early,8,0,0,/Volumes/migodam's-external-brain/Research/Inv_SLAM/Gaussian/A17/CLOSURE_R1/remote_snapshots/noise_complete_v1/results/locked_validation_continuation_v1/object_2011/early,a17_closure_locked_validation_continuation_v1_2011_7dab4fa1f0964848bdbef12aebd1eeac,0.0007913833912392233,0.00041425206713854607,0.00037713132410067724,3.955165103965394e-15,improved,evaluation floor ONLY; not online acceptance tolerance,0.03978400158956456,0.02878374774545015,0.07528904961276962,0.0544716701553993,0.2792243554842701,0.0007913833912392378,0.0004142520671368533,2.6854328626638574e-13,2,ABSTAIN_UNRESOLVED,"[0, 1, 2, 3, 6, 7, 33, 64]","{""constraints_violated"": true, ""relative_material_error"": 0.7283255422846981, ""scope"": ""Offline unconstrained alpha1 diagnostic; not nonlinear accepted update""}","{""reason"": ""Separate owner bounded nonlinear transfer stage"", ""status"": ""NOT_RUN""}",b67903f92d2a3ed70c5ea2c51605292e2556939412054513e83eaf6c0b7646a5,d685863168479b326ebb4c55ab8c8dd62254569c7a2c6282adc6bd305af1c32b
validation,2011,early,16,0,0,/Volumes/migodam's-external-brain/Research/Inv_SLAM/Gaussian/A17/CLOSURE_R1/remote_snapshots/noise_complete_v1/results/locked_validation_continuation_v1/object_2011/early,a17_closure_locked_validation_continuation_v1_2011_7dab4fa1f0964848bdbef12aebd1eeac,8.287666817443184e-05,3.5242032267218485e-05,4.763463590721335e-05,3.955165103965394e-15,improved,evaluation floor ONLY; not online acceptance tolerance,0.012874522761962437,0.008395478815070918,0.024364330993299935,0.015887985013469053,0.2792243554842701,8.287666817414446e-05,3.52420322671523e-05,2.6854328626638574e-13,1,ABSTAIN_UNRESOLVED,"[0, 2, 3, 4, 5, 6, 7, 8, 9, 10, 11, 12, 13, 14, 15, 17]","{""constraints_violated"": true, ""relative_material_error"": 0.7184214409265883, ""scope"": ""Offline unconstrained alpha1 diagnostic; not nonlinear accepted update""}","{""reason"": ""Separate owner bounded nonlinear transfer stage"", ""status"": ""NOT_RUN""}",b67903f92d2a3ed70c5ea2c51605292e2556939412054513e83eaf6c0b7646a5,a8a82468a9837451739255cf09b86475437517707df67eb4ef6b350d745cddbb
validation,2011,late,4,0,0,/Volumes/migodam's-external-brain/Research/Inv_SLAM/Gaussian/A17/CLOSURE_R1/remote_snapshots/noise_complete_v1/results/locked_validation_continuation_v1/object_2011/late,a17_closure_locked_validation_continuation_v1_2011_7dab4fa1f0964848bdbef12aebd1eeac,0.00016215004483432236,8.556457245483908e-05,7.658547237948328e-05,5.673084830296888e-19,improved,evaluation floor ONLY; not online acceptance tolerance,0.01800833389485862,0.013081633877682212,14.104962977637525,10.246142847473287,1.6300584131238547e-06,0.00016215004483435691,8.556457245486146e-05,4.555210096211423e-12,2,ABSTAIN_UNRESOLVED,"[1, 3, 5, 32]","{""constraints_violated"": true, ""relative_material_error"": 0.5171089991352694, ""scope"": ""Offline unconstrained alpha1 diagnostic; not nonlinear accepted update""}","{""reason"": ""Separate owner bounded nonlinear transfer stage"", ""status"": ""NOT_RUN""}",049d19f8879d3d6168400dcc6713aa73069acbd54d164557e5712cadccd1c81a,677650446d108ba2757b471eda4c39b0c6c8fa28706841260530a7957dbe6923
validation,2011,late,8,0,0,/Volumes/migodam's-external-brain/Research/Inv_SLAM/Gaussian/A17/CLOSURE_R1/remote_snapshots/noise_complete_v1/results/locked_validation_continuation_v1/object_2011/late,a17_closure_locked_validation_continuation_v1_2011_7dab4fa1f0964848bdbef12aebd1eeac,0.00011781349829420718,5.2979420737363706e-05,6.483407755684348e-05,5.673084830296888e-19,improved,evaluation floor ONLY; not online acceptance tolerance,0.015350146467979501,0.010293631112232294,12.022947203015756,8.062449674200366,1.6300584131238547e-06,0.00011781349829421178,5.297942073735832e-05,4.555210096211423e-12,3,MOVE_BUDGET_EXHAUSTED,"[0, 1, 5, 6, 7, 96, 65, 64]","{""constraints_violated"": true, ""relative_material_error"": 0.49574315494194016, ""scope"": ""Offline unconstrained alpha1 diagnostic; not nonlinear accepted update""}","{""reason"": ""Separate owner bounded nonlinear transfer stage"", ""status"": ""NOT_RUN""}",049d19f8879d3d6168400dcc6713aa73069acbd54d164557e5712cadccd1c81a,a07e22238cb066d5b5ad787a01b854ca15ca4694135d9e6f4043347d68db9027
validation,2011,late,16,0,0,/Volumes/migodam's-external-brain/Research/Inv_SLAM/Gaussian/A17/CLOSURE_R1/remote_snapshots/noise_complete_v1/results/locked_validation_continuation_v1/object_2011/late,a17_closure_locked_validation_continuation_v1_2011_7dab4fa1f0964848bdbef12aebd1eeac,1.1371647399174078e-05,1.1371647399174078e-05,0.0,5.673084830296888e-19,equal_within_evaluation_floor,evaluation floor ONLY; not online acceptance tolerance,0.004768993059161864,0.004768993059161864,3.7352967205529763,3.7352967205529763,1.6300584131238547e-06,1.1371647399167016e-05,1.1371647399167016e-05,4.555210096211423e-12,0,ABSTAIN_UNRESOLVED,"[0, 1, 2, 3, 4, 5, 6, 7, 8, 9, 10, 11, 12, 13, 14, 15]","{""constraints_violated"": true, ""relative_material_error"": 0.48442429253071695, ""scope"": ""Offline unconstrained alpha1 diagnostic; not nonlinear accepted update""}","{""reason"": ""Separate owner bounded nonlinear transfer stage"", ""status"": ""NOT_RUN""}",049d19f8879d3d6168400dcc6713aa73069acbd54d164557e5712cadccd1c81a,e6e14f00cbea37943d05fde9361ec653833154dc95a0f5e3b46305457feb0741
validation,2011,middle,4,0,0,/Volumes/migodam's-external-brain/Research/Inv_SLAM/Gaussian/A17/CLOSURE_R1/remote_snapshots/noise_complete_v1/results/locked_validation_continuation_v1/object_2011/middle,a17_closure_locked_validation_continuation_v1_2011_7dab4fa1f0964848bdbef12aebd1eeac,0.00011796827583845384,4.44052381365748e-05,7.356303770187904e-05,9.316169577174575e-19,improved,evaluation floor ONLY; not online acceptance tolerance,0.015360226289899245,0.009423931041403799,2.8670252522030992,1.7590006657969992,2.8703323876161177e-05,0.00011796827583845596,4.440523813656705e-05,3.2766312538862705e-12,2,ABSTAIN_UNRESOLVED,"[0, 3, 4, 65]","{""constraints_violated"": true, ""relative_material_error"": 0.5761227576593028, ""scope"": ""Offline unconstrained alpha1 diagnostic; not nonlinear accepted update""}","{""reason"": ""Separate owner bounded nonlinear transfer stage"", ""status"": ""NOT_RUN""}",ec563bbb70587cff2be2c84ad2d7c26ad3ce11e27e6da81cc9981db8b58d54d1,030967285c84ea67bdc746ac1b50226d4c464afd32f509fc956468cbd57285c9
validation,2011,middle,8,0,0,/Volumes/migodam's-external-brain/Research/Inv_SLAM/Gaussian/A17/CLOSURE_R1/remote_snapshots/noise_complete_v1/results/locked_validation_continuation_v1/object_2011/middle,a17_closure_locked_validation_continuation_v1_2011_7dab4fa1f0964848bdbef12aebd1eeac,4.583340687831767e-05,2.325170884574238e-05,2.2581698032575294e-05,9.316169577174575e-19,improved,evaluation floor ONLY; not online acceptance tolerance,0.009574278759082525,0.006819341441185128,1.787063449187076,1.2728474012215274,2.8703323876161177e-05,4.58334068783094e-05,2.325170884573243e-05,3.2766312538862705e-12,2,ABSTAIN_UNRESOLVED,"[0, 2, 3, 4, 6, 7, 8, 9]","{""constraints_violated"": true, ""relative_material_error"": 0.5699594426590242, ""scope"": ""Offline unconstrained alpha1 diagnostic; not nonlinear accepted update""}","{""reason"": ""Separate owner bounded nonlinear transfer stage"", ""status"": ""NOT_RUN""}",ec563bbb70587cff2be2c84ad2d7c26ad3ce11e27e6da81cc9981db8b58d54d1,12ea81b46e540880bfc0976b7aa0692ca4f19f1ceb81530bfa2be91b6afa1804
validation,2011,middle,16,0,0,/Volumes/migodam's-external-brain/Research/Inv_SLAM/Gaussian/A17/CLOSURE_R1/remote_snapshots/noise_complete_v1/results/locked_validation_continuation_v1/object_2011/middle,a17_closure_locked_validation_continuation_v1_2011_7dab4fa1f0964848bdbef12aebd1eeac,1.2193328935241626e-05,5.837199479236314e-06,6.356129456005312e-06,9.316169577174575e-19,improved,evaluation floor ONLY; not online acceptance tolerance,0.004938284911837851,0.003416781959458272,0.9217434221084998,0.6377510314076961,2.8703323876161177e-05,1.2193328935242688e-05,5.837199479239755e-06,3.2766312538862705e-12,3,MOVE_BUDGET_EXHAUSTED,"[0, 1, 2, 3, 5, 6, 7, 8, 9, 10, 12, 13, 14, 15, 98, 97]","{""constraints_violated"": true, ""relative_material_error"": 0.5552048532971391, ""scope"": ""Offline unconstrained alpha1 diagnostic; not nonlinear accepted update""}","{""reason"": ""Separate owner bounded nonlinear transfer stage"", ""status"": ""NOT_RUN""}",ec563bbb70587cff2be2c84ad2d7c26ad3ce11e27e6da81cc9981db8b58d54d1,46d8386b9cde2468f081e6288544bdf577f8fc50460b54cb4f2b8167dd9f2b11
validation,2013,early,4,0,0,/Volumes/migodam's-external-brain/Research/Inv_SLAM/Gaussian/A17/CLOSURE_R1/remote_snapshots/noise_complete_v1/results/locked_validation_continuation_v1/object_2013/early,a17_closure_locked_validation_continuation_v1_2013_258c710f6fc64761805c7d5a5cf78e31,0.00018652286060045673,4.0438326738748675e-05,0.00014608453386170806,5.516584386539471e-16,improved,evaluation floor ONLY; not online acceptance tolerance,0.019314391556853477,0.00899314480521842,0.09797036785436603,0.04561685011621272,0.03886624514480736,0.00018652286060572644,4.0438326743813526e-05,4.299922251156079e-12,1,ABSTAIN_UNRESOLVED,"[0, 2, 3, 4]","{""constraints_violated"": false, ""relative_material_error"": 0.8104611635286642, ""scope"": ""Offline unconstrained alpha1 diagnostic; not nonlinear accepted update""}","{""reason"": ""Separate owner bounded nonlinear transfer stage"", ""status"": ""NOT_RUN""}",0b64e188a7b318ee905a90fb471adec24f4db7872d0231163aff667a501b31e8,eb5ca4b3c9c16068bcea5d3cdcd17b5ad5e05858d0723b03fb009ee47883be93
validation,2013,early,8,0,0,/Volumes/migodam's-external-brain/Research/Inv_SLAM/Gaussian/A17/CLOSURE_R1/remote_snapshots/noise_complete_v1/results/locked_validation_continuation_v1/object_2013/early,a17_closure_locked_validation_continuation_v1_2013_258c710f6fc64761805c7d5a5cf78e31,2.872115151539468e-05,2.3972603658170912e-05,4.748547857223769e-06,5.516584386539471e-16,improved,evaluation floor ONLY; not online acceptance tolerance,0.007579070064147265,0.006924247780362321,0.03844409387646723,0.03512257169272114,0.03886624514480736,2.8721151518626616e-05,2.397260366192627e-05,4.299922251156079e-12,1,ABSTAIN_UNRESOLVED,"[0, 2, 3, 4, 5, 6, 7, 145]","{""constraints_violated"": false, ""relative_material_error"": 0.8071300338904599, ""scope"": ""Offline unconstrained alpha1 diagnostic; not nonlinear accepted update""}","{""reason"": ""Separate owner bounded nonlinear transfer stage"", ""status"": ""NOT_RUN""}",0b64e188a7b318ee905a90fb471adec24f4db7872d0231163aff667a501b31e8,533da1667db9fa4cdc4df1ca12cb1430a4a76192e3e4f68d0e4c2655e3903a91
validation,2013,early,16,0,0,/Volumes/migodam's-external-brain/Research/Inv_SLAM/Gaussian/A17/CLOSURE_R1/remote_snapshots/noise_complete_v1/results/locked_validation_continuation_v1/object_2013/early,a17_closure_locked_validation_continuation_v1_2013_258c710f6fc64761805c7d5a5cf78e31,9.06592399876404e-06,4.22473492942125e-06,4.8411890693427895e-06,5.516584386539471e-16,improved,evaluation floor ONLY; not online acceptance tolerance,0.0042581507721441945,0.002906797182201281,0.021599054585713356,0.014744445269219128,0.03886624514480736,9.065923999156099e-06,4.224734929226654e-06,4.299922251156079e-12,2,ABSTAIN_UNRESOLVED,"[0, 1, 3, 4, 5, 6, 7, 8, 9, 10, 11, 13, 14, 15, 17, 16]","{""constraints_violated"": false, ""relative_material_error"": 0.8060030466562822, ""scope"": ""Offline unconstrained alpha1 diagnostic; not nonlinear accepted update""}","{""reason"": ""Separate owner bounded nonlinear transfer stage"", ""status"": ""NOT_RUN""}",0b64e188a7b318ee905a90fb471adec24f4db7872d0231163aff667a501b31e8,617adea378e382419646ad07089a78fdb4a2abbc2fca341440d3cb98362e8286
validation,2013,late,4,0,0,/Volumes/migodam's-external-brain/Research/Inv_SLAM/Gaussian/A17/CLOSURE_R1/remote_snapshots/noise_complete_v1/results/locked_validation_continuation_v1/object_2013/late,a17_closure_locked_validation_continuation_v1_2013_258c710f6fc64761805c7d5a5cf78e31,0.0003262697915266788,0.0001135079642423149,0.0002127618272843639,2.2303420244361265e-19,improved,evaluation floor ONLY; not online acceptance tolerance,0.025544854336115533,0.015067047769375095,16.777396943692533,9.895763658318941,2.3182362976539915e-06,0.00032626979152668026,0.0001135079642423155,9.208481906417586e-13,3,MOVE_BUDGET_EXHAUSTED,"[3, 4, 32, 34]","{""constraints_violated"": true, ""relative_material_error"": 0.819522859679747, ""scope"": ""Offline unconstrained alpha1 diagnostic; not nonlinear accepted update""}","{""reason"": ""Separate owner bounded nonlinear transfer stage"", ""status"": ""NOT_RUN""}",c75e16e5d1933fa955200099f64f9f0e84ee7ec851ecf15b3d8f0cc4f4903283,19be7864a4d198a2cae00228ca3b25f4abb6d622ef84ff292e2de8091c79a397
validation,2013,late,8,0,0,/Volumes/migodam's-external-brain/Research/Inv_SLAM/Gaussian/A17/CLOSURE_R1/remote_snapshots/noise_complete_v1/results/locked_validation_continuation_v1/object_2013/late,a17_closure_locked_validation_continuation_v1_2013_258c710f6fc64761805c7d5a5cf78e31,5.6274956375377333e-05,2.444678527015713e-05,3.18281711052202e-05,2.2303420244361265e-19,improved,evaluation floor ONLY; not online acceptance tolerance,0.010608954366513221,0.006992393763248421,6.967768781240134,4.592477381511588,2.3182362976539915e-06,5.627495637537996e-05,2.4446785270157706e-05,9.208481906417586e-13,3,MOVE_BUDGET_EXHAUSTED,"[1, 3, 4, 5, 7, 97, 33, 34]","{""constraints_violated"": true, ""relative_material_error"": 0.8179715064797674, ""scope"": ""Offline unconstrained alpha1 diagnostic; not nonlinear accepted update""}","{""reason"": ""Separate owner bounded nonlinear transfer stage"", ""status"": ""NOT_RUN""}",c75e16e5d1933fa955200099f64f9f0e84ee7ec851ecf15b3d8f0cc4f4903283,ef50c5bb0da1f288e7fc4ccb7755aa3f3261a09f5436e3fbd42d0501e4a09350
validation,2013,late,16,0,0,/Volumes/migodam's-external-brain/Research/Inv_SLAM/Gaussian/A17/CLOSURE_R1/remote_snapshots/noise_complete_v1/results/locked_validation_continuation_v1/object_2013/late,a17_closure_locked_validation_continuation_v1_2013_258c710f6fc64761805c7d5a5cf78e31,1.0425108527251028e-05,5.91002081574566e-06,4.515087711505368e-06,2.2303420244361265e-19,improved,evaluation floor ONLY; not online acceptance tolerance,0.004566203790294742,0.003438028742097802,2.9989998184197044,2.2580349118862904,2.3182362976539915e-06,1.0425108527251036e-05,5.910020815745298e-06,9.208481906417586e-13,3,MOVE_BUDGET_EXHAUSTED,"[0, 3, 4, 5, 6, 7, 8, 9, 11, 12, 13, 14, 15, 33, 32, 35]","{""constraints_violated"": true, ""relative_material_error"": 0.8087253198688239, ""scope"": ""Offline unconstrained alpha1 diagnostic; not nonlinear accepted update""}","{""reason"": ""Separate owner bounded nonlinear transfer stage"", ""status"": ""NOT_RUN""}",c75e16e5d1933fa955200099f64f9f0e84ee7ec851ecf15b3d8f0cc4f4903283,8e981c68b214f4959255ceef8b33bdaf702467db40c16a059f362d47d1bbccb1
validation,2013,middle,4,0,0,/Volumes/migodam's-external-brain/Research/Inv_SLAM/Gaussian/A17/CLOSURE_R1/remote_snapshots/noise_complete_v1/results/locked_validation_continuation_v1/object_2013/middle,a17_closure_locked_validation_continuation_v1_2013_258c710f6fc64761805c7d5a5cf78e31,0.00015015526542001842,2.2430817550856343e-05,0.00012772444786916207,2.3995360689283627e-19,improved,evaluation floor ONLY; not online acceptance tolerance,0.01732947001036211,0.006697882882054086,20.28731222240254,7.841096189096741,7.296616745183279e-07,0.00015015526542001988,2.243081755085657e-05,2.014971965706711e-12,3,MOVE_BUDGET_EXHAUSTED,"[3, 4, 32, 64]","{""constraints_violated"": false, ""relative_material_error"": 0.8018371842890538, ""scope"": ""Offline unconstrained alpha1 diagnostic; not nonlinear accepted update""}","{""reason"": ""Separate owner bounded nonlinear transfer stage"", ""status"": ""NOT_RUN""}",2e90b1fcd224dc6a8a5da3ea7de6c329b73f20ad9d586a08b77e1fa10deb5211,723f08f966a58241d540fc946994c3dfdc0cb8ee96757ab9b595bef7f5fe3a2a
validation,2013,middle,8,0,0,/Volumes/migodam's-external-brain/Research/Inv_SLAM/Gaussian/A17/CLOSURE_R1/remote_snapshots/noise_complete_v1/results/locked_validation_continuation_v1/object_2013/middle,a17_closure_locked_validation_continuation_v1_2013_258c710f6fc64761805c7d5a5cf78e31,2.2336817268302273e-05,1.218589849214885e-05,1.0150918776153422e-05,2.3995360689283627e-19,improved,evaluation floor ONLY; not online acceptance tolerance,0.006683833820241629,0.004936780021866332,7.824649194280933,5.779403387237734,7.296616745183279e-07,2.2336817268302906e-05,1.2185898492149267e-05,2.014971965706711e-12,3,MOVE_BUDGET_EXHAUSTED,"[0, 1, 3, 4, 5, 97, 64, 7]","{""constraints_violated"": true, ""relative_material_error"": 0.8018182269405494, ""scope"": ""Offline unconstrained alpha1 diagnostic; not nonlinear accepted update""}","{""reason"": ""Separate owner bounded nonlinear transfer stage"", ""status"": ""NOT_RUN""}",2e90b1fcd224dc6a8a5da3ea7de6c329b73f20ad9d586a08b77e1fa10deb5211,acd3e794b1543201b3d0a2e3b7b65b6f7809dc81a88082ebaef76cf0af9a0677
validation,2013,middle,16,0,0,/Volumes/migodam's-external-brain/Research/Inv_SLAM/Gaussian/A17/CLOSURE_R1/remote_snapshots/noise_complete_v1/results/locked_validation_continuation_v1/object_2013/middle,a17_closure_locked_validation_continuation_v1_2013_258c710f6fc64761805c7d5a5cf78e31,2.1471025473283678e-06,1.0170168976440607e-06,1.130085649684307e-06,2.3995360689283627e-19,improved,evaluation floor ONLY; not online acceptance tolerance,0.0020722463885013676,0.0014261955669852288,2.425943174265308,1.6696225989793652,7.296616745183279e-07,2.1471025473284804e-06,1.0170168976441592e-06,2.014971965706711e-12,2,ABSTAIN_UNRESOLVED,"[0, 1, 2, 3, 4, 6, 7, 9, 10, 11, 12, 13, 14, 15, 97, 96]","{""constraints_violated"": false, ""relative_material_error"": 0.8012702486006038, ""scope"": ""Offline unconstrained alpha1 diagnostic; not nonlinear accepted update""}","{""reason"": ""Separate owner bounded nonlinear transfer stage"", ""status"": ""NOT_RUN""}",2e90b1fcd224dc6a8a5da3ea7de6c329b73f20ad9d586a08b77e1fa10deb5211,9424f2158498cf1595f9fa07c90e717beabb2f2a318caa96ff3bdd1dd6b5adb7
validation,2016,early,4,0,0,/Volumes/migodam's-external-brain/Research/Inv_SLAM/Gaussian/A17/CLOSURE_R1/remote_snapshots/noise_complete_v1/results/locked_validation_continuation_v1/object_2016/early,a17_closure_locked_validation_continuation_v1_2016_04a22623ea944b76a824ae6aa4285358,0.00015865075353299214,6.707854592974826e-05,9.157220760324388e-05,6.810814087806196e-16,improved,evaluation floor ONLY; not online acceptance tolerance,0.01781295896489764,0.011582620250255086,0.08131523346916497,0.05287406049102649,0.04798752024390783,0.00015865075354256361,6.70785459308096e-05,4.896988182838492e-12,1,ABSTAIN_UNRESOLVED,"[1, 2, 3, 4]","{""constraints_violated"": true, ""relative_material_error"": 0.8192483189893937, ""scope"": ""Offline unconstrained alpha1 diagnostic; not nonlinear accepted update""}","{""reason"": ""Separate owner bounded nonlinear transfer stage"", ""status"": ""NOT_RUN""}",e45aefc4e1ba89c1756ab56881fd0c1039e5be33882e77bed03385c72524ab67,5852effd1fd014fc6de1a71b58c6b836678c36ed57154954565e9dee0cb79fc6
validation,2016,early,8,0,0,/Volumes/migodam's-external-brain/Research/Inv_SLAM/Gaussian/A17/CLOSURE_R1/remote_snapshots/noise_complete_v1/results/locked_validation_continuation_v1/object_2016/early,a17_closure_locked_validation_continuation_v1_2016_04a22623ea944b76a824ae6aa4285358,6.386630430712373e-05,5.761848752430062e-05,6.247816782823108e-06,6.810814087806196e-16,improved,evaluation floor ONLY; not online acceptance tolerance,0.011301885179632164,0.010734848627278522,0.0515925194592602,0.04900402701782759,0.04798752024390783,6.386630430679458e-05,5.7618487525291794e-05,4.896988182838492e-12,2,ABSTAIN_UNRESOLVED,"[0, 1, 2, 3, 4, 5, 64, 33]","{""constraints_violated"": true, ""relative_material_error"": 0.8206404763927726, ""scope"": ""Offline unconstrained alpha1 diagnostic; not nonlinear accepted update""}","{""reason"": ""Separate owner bounded nonlinear transfer stage"", ""status"": ""NOT_RUN""}",e45aefc4e1ba89c1756ab56881fd0c1039e5be33882e77bed03385c72524ab67,a41d0a59430a899c487a9f9d8947dacc7a555e8b632bd2d6fbc916df830f211d
validation,2016,early,16,0,0,/Volumes/migodam's-external-brain/Research/Inv_SLAM/Gaussian/A17/CLOSURE_R1/remote_snapshots/noise_complete_v1/results/locked_validation_continuation_v1/object_2016/early,a17_closure_locked_validation_continuation_v1_2016_04a22623ea944b76a824ae6aa4285358,1.6123278450327335e-05,1.33278085703005e-05,2.7954698800268346e-06,6.810814087806196e-16,improved,evaluation floor ONLY; not online acceptance tolerance,0.005678605189703195,0.005162907818409439,0.025922538062871498,0.023568406319300874,0.04798752024390783,1.612327845026203e-05,1.3327808570696656e-05,4.896988182838492e-12,1,ABSTAIN_UNRESOLVED,"[0, 1, 2, 3, 4, 5, 7, 8, 9, 10, 11, 12, 13, 14, 15, 64]","{""constraints_violated"": true, ""relative_material_error"": 0.8164658029035207, ""scope"": ""Offline unconstrained alpha1 diagnostic; not nonlinear accepted update""}","{""reason"": ""Separate owner bounded nonlinear transfer stage"", ""status"": ""NOT_RUN""}",e45aefc4e1ba89c1756ab56881fd0c1039e5be33882e77bed03385c72524ab67,cb8263bfb468789ef189bf686f9a83817c16b8d242ba85ddbf9d2323d015bc0b
validation,2016,middle,4,0,0,/Volumes/migodam's-external-brain/Research/Inv_SLAM/Gaussian/A17/CLOSURE_R1/remote_snapshots/noise_complete_v1/results/locked_validation_continuation_v1/object_2016/middle,a17_closure_locked_validation_continuation_v1_2016_04a22623ea944b76a824ae6aa4285358,7.14962411504458e-05,1.8264982824510703e-05,5.32312583259351e-05,1.6854366987493347e-19,improved,evaluation floor ONLY; not online acceptance tolerance,0.011957946408179444,0.006044002452764237,5.181816164832495,2.6190876377066123,5.325362827899582e-06,7.149624115044583e-05,1.8264982824510056e-05,4.790580396230904e-12,3,MOVE_BUDGET_EXHAUSTED,"[3, 4, 96, 33]","{""constraints_violated"": true, ""relative_material_error"": 0.7983518019679074, ""scope"": ""Offline unconstrained alpha1 diagnostic; not nonlinear accepted update""}","{""reason"": ""Separate owner bounded nonlinear transfer stage"", ""status"": ""NOT_RUN""}",381f500e5df28413516fe24a77897320ce5441afeb40300d431b1bb47cf2f1b7,124968723bc5c6239dcc9067a71a654c297e87550a20ff1cd39ba5a22a7cd351
validation,2016,middle,8,0,0,/Volumes/migodam's-external-brain/Research/Inv_SLAM/Gaussian/A17/CLOSURE_R1/remote_snapshots/noise_complete_v1/results/locked_validation_continuation_v1/object_2016/middle,a17_closure_locked_validation_continuation_v1_2016_04a22623ea944b76a824ae6aa4285358,2.966112996974037e-05,1.1856259173930665e-05,1.7804870795809705e-05,1.6854366987493347e-19,improved,evaluation floor ONLY; not online acceptance tolerance,0.007702094516394709,0.004869550117604417,3.337599660157543,2.1101544239740577,5.325362827899582e-06,2.9661129969738723e-05,1.1856259173930596e-05,4.790580396230904e-12,3,MOVE_BUDGET_EXHAUSTED,"[3, 4, 5, 6, 7, 9, 33, 34]","{""constraints_violated"": true, ""relative_material_error"": 0.7986105872669778, ""scope"": ""Offline unconstrained alpha1 diagnostic; not nonlinear accepted update""}","{""reason"": ""Separate owner bounded nonlinear transfer stage"", ""status"": ""NOT_RUN""}",381f500e5df28413516fe24a77897320ce5441afeb40300d431b1bb47cf2f1b7,89fe3dedf715bbf7c498abb6c430d22ac9199776ef5139527283b38eb77e0165
validation,2016,middle,16,0,0,/Volumes/migodam's-external-brain/Research/Inv_SLAM/Gaussian/A17/CLOSURE_R1/remote_snapshots/noise_complete_v1/results/locked_validation_continuation_v1/object_2016/middle,a17_closure_locked_validation_continuation_v1_2016_04a22623ea944b76a824ae6aa4285358,5.14255614874553e-06,1.7451757665233558e-06,3.3973803822221743e-06,1.6854366987493347e-19,improved,evaluation floor ONLY; not online acceptance tolerance,0.003207041050172519,0.0018682482525211907,1.3897283519934605,0.809580396531335,5.325362827899582e-06,5.1425561487458255e-06,1.7451757665242412e-06,4.790580396230904e-12,1,ABSTAIN_UNRESOLVED,"[0, 1, 3, 4, 5, 6, 7, 8, 9, 10, 11, 12, 13, 14, 15, 17]","{""constraints_violated"": true, ""relative_material_error"": 0.7962118121265962, ""scope"": ""Offline unconstrained alpha1 diagnostic; not nonlinear accepted update""}","{""reason"": ""Separate owner bounded nonlinear transfer stage"", ""status"": ""NOT_RUN""}",381f500e5df28413516fe24a77897320ce5441afeb40300d431b1bb47cf2f1b7,b43ab8e1638b0153cf53591fb4285766a0057c16b8feeb1396aed9c04f95a3ff
validation,2002,early,4,0,0,/Volumes/migodam's-external-brain/Research/Inv_SLAM/Gaussian/A17/CLOSURE_R1/remote_snapshots/noise_complete_v1/results/locked_validation_v1/object_2002/early,a17_closure_locked_validation_v1_2002_e3dd53c45173436b8006b14e4a049be2,0.0006891547974062239,0.0003461715618654395,0.0003429832355407844,4.942973330270039e-15,improved,evaluation floor ONLY; not online acceptance tolerance,0.037125592182149385,0.026312413870432812,0.06285254759346864,0.04454615126342952,0.34890003119699065,0.0006891547974376357,0.0003461715618444725,6.470350573453869e-12,1,ABSTAIN_UNRESOLVED,"[0, 2, 3, 4]","{""constraints_violated"": true, ""relative_material_error"": 0.4976448431133674, ""scope"": ""Offline unconstrained alpha1 diagnostic; not nonlinear accepted update""}","{""reason"": ""Separate owner bounded nonlinear transfer stage"", ""status"": ""NOT_RUN""}",f7083f1d8fa0c1ab70f4c7d9f1f83c049dda7e334d366f16f01b4525c90a7926,6abbaec979aae92ad3ce8ae49bd6e64e46d03ba069ddab2d19e7bedceb6e0e9c
validation,2002,early,8,0,0,/Volumes/migodam's-external-brain/Research/Inv_SLAM/Gaussian/A17/CLOSURE_R1/remote_snapshots/noise_complete_v1/results/locked_validation_v1/object_2002/early,a17_closure_locked_validation_v1_2002_e3dd53c45173436b8006b14e4a049be2,0.00022409330706022818,0.00021278171750414656,1.1311589556081621e-05,4.942973330270039e-15,improved,evaluation floor ONLY; not online acceptance tolerance,0.021170418373948348,0.020629188908532322,0.035840902466789844,0.03492461672602246,0.34890003119699065,0.0002240933070640049,0.00021278171751195647,6.470350573453869e-12,1,ABSTAIN_UNRESOLVED,"[0, 1, 2, 3, 5, 6, 7, 8]","{""constraints_violated"": true, ""relative_material_error"": 0.4913776684025423, ""scope"": ""Offline unconstrained alpha1 diagnostic; not nonlinear accepted update""}","{""reason"": ""Separate owner bounded nonlinear transfer stage"", ""status"": ""NOT_RUN""}",f7083f1d8fa0c1ab70f4c7d9f1f83c049dda7e334d366f16f01b4525c90a7926,c25d3613a2b876ac3edb38a244304fbc81e4d53c797e2c3005e9f3171cf0766d
validation,2002,early,16,0,0,/Volumes/migodam's-external-brain/Research/Inv_SLAM/Gaussian/A17/CLOSURE_R1/remote_snapshots/noise_complete_v1/results/locked_validation_v1/object_2002/early,a17_closure_locked_validation_v1_2002_e3dd53c45173436b8006b14e4a049be2,5.294419605630184e-05,3.6396068330437034e-05,1.654812772586481e-05,4.942973330270039e-15,improved,evaluation floor ONLY; not online acceptance tolerance,0.010290208555465105,0.008531830790343954,0.017421023745718585,0.014444141339982487,0.34890003119699065,5.2944196057483616e-05,3.639606831753057e-05,6.470350573453869e-12,1,ABSTAIN_UNRESOLVED,"[0, 2, 3, 4, 5, 6, 7, 8, 9, 10, 11, 12, 13, 14, 15, 17]","{""constraints_violated"": true, ""relative_material_error"": 0.46650566219275824, ""scope"": ""Offline unconstrained alpha1 diagnostic; not nonlinear accepted update""}","{""reason"": ""Separate owner bounded nonlinear transfer stage"", ""status"": ""NOT_RUN""}",f7083f1d8fa0c1ab70f4c7d9f1f83c049dda7e334d366f16f01b4525c90a7926,170f9b0a41e25ee7801f446bab99cc3d18806e7a292694a409c8515b1818b6fd
validation,2002,late,4,0,0,/Volumes/migodam's-external-brain/Research/Inv_SLAM/Gaussian/A17/CLOSURE_R1/remote_snapshots/noise_complete_v1/results/locked_validation_v1/object_2002/late,a17_closure_locked_validation_v1_2002_e3dd53c45173436b8006b14e4a049be2,3.76057298564645e-05,4.487171741776649e-06,3.311855811468785e-05,1.4223829255423322e-21,improved,evaluation floor ONLY; not online acceptance tolerance,0.008672454076726403,0.002995720862088871,25.19763576233263,8.704004940321331,1.1845800929126763e-07,3.7605729856464196e-05,4.487171741777245e-06,6.957386619275975e-12,2,ABSTAIN_UNRESOLVED,"[2, 3, 96, 4]","{""constraints_violated"": true, ""relative_material_error"": 0.20368039959897485, ""scope"": ""Offline unconstrained alpha1 diagnostic; not nonlinear accepted update""}","{""reason"": ""Separate owner bounded nonlinear transfer stage"", ""status"": ""NOT_RUN""}",aefa4c9d42a732e95309799643228d178702c911d34f4fd7f2fe6b2a8ce0d474,1b632efbd97bfe43783fed967eb792e04c0a56df202d8e41790fd4734b34f8ed
validation,2002,late,8,0,0,/Volumes/migodam's-external-brain/Research/Inv_SLAM/Gaussian/A17/CLOSURE_R1/remote_snapshots/noise_complete_v1/results/locked_validation_v1/object_2002/late,a17_closure_locked_validation_v1_2002_e3dd53c45173436b8006b14e4a049be2,3.4102060681535615e-06,4.4078780476721216e-07,2.9694182633863493e-06,1.4223829255423322e-21,improved,evaluation floor ONLY; not online acceptance tolerance,0.002611591877822249,0.0009389225790951739,7.587926129678757,2.7280201137716005,1.1845800929126763e-07,3.4102060681535696e-06,4.407878047673665e-07,6.957386619275975e-12,3,MOVE_BUDGET_EXHAUSTED,"[0, 1, 5, 6, 7, 96, 8, 64]","{""constraints_violated"": true, ""relative_material_error"": 0.2005227353411676, ""scope"": ""Offline unconstrained alpha1 diagnostic; not nonlinear accepted update""}","{""reason"": ""Separate owner bounded nonlinear transfer stage"", ""status"": ""NOT_RUN""}",aefa4c9d42a732e95309799643228d178702c911d34f4fd7f2fe6b2a8ce0d474,a743d8ec594459bc0539e0bcf9e1534861ad3c73b43131e7141fd4c089bea688
validation,2002,late,16,0,0,/Volumes/migodam's-external-brain/Research/Inv_SLAM/Gaussian/A17/CLOSURE_R1/remote_snapshots/noise_complete_v1/results/locked_validation_v1/object_2002/late,a17_closure_locked_validation_v1_2002_e3dd53c45173436b8006b14e4a049be2,2.741481596545216e-07,8.731943800329767e-08,1.8682872165122395e-07,1.4223829255423322e-21,improved,evaluation floor ONLY; not online acceptance tolerance,0.0007404703365493139,0.00041789816463670915,2.1514212318809256,1.2141944650386545,1.1845800929126763e-07,2.7414815965472713e-07,8.731943800336504e-08,6.957386619275975e-12,3,MOVE_BUDGET_EXHAUSTED,"[0, 1, 2, 3, 4, 6, 7, 8, 9, 10, 11, 13, 15, 96, 98, 99]","{""constraints_violated"": true, ""relative_material_error"": 0.1989044126914635, ""scope"": ""Offline unconstrained alpha1 diagnostic; not nonlinear accepted update""}","{""reason"": ""Separate owner bounded nonlinear transfer stage"", ""status"": ""NOT_RUN""}",aefa4c9d42a732e95309799643228d178702c911d34f4fd7f2fe6b2a8ce0d474,64586fee645085375fa4e52b3195c7bec4e9ecbc63161a644dbde359f5f9f427
validation,2002,middle,4,0,0,/Volumes/migodam's-external-brain/Research/Inv_SLAM/Gaussian/A17/CLOSURE_R1/remote_snapshots/noise_complete_v1/results/locked_validation_v1/object_2002/middle,a17_closure_locked_validation_v1_2002_e3dd53c45173436b8006b14e4a049be2,7.119329782337559e-05,1.9839019180535867e-05,5.135427864283972e-05,3.2049436252638086e-19,improved,evaluation floor ONLY; not online acceptance tolerance,0.011932585455245589,0.006299050592039149,2.71634082691549,1.4339196109792263,1.9297479317995845e-05,7.119329782336929e-05,1.9839019180534376e-05,5.481550240597161e-12,3,MOVE_BUDGET_EXHAUSTED,"[3, 4, 5, 32]","{""constraints_violated"": true, ""relative_material_error"": 0.34140708163527717, ""scope"": ""Offline unconstrained alpha1 diagnostic; not nonlinear accepted update""}","{""reason"": ""Separate owner bounded nonlinear transfer stage"", ""status"": ""NOT_RUN""}",9edd68c9aef34b400d981fed32a8ee48cd049c9d038d3559c0a1a64978ff5491,f90f0bb73ea5bbd695670fdbeae657e237f9293df123ed2c920563e27fc5e534
validation,2002,middle,8,0,0,/Volumes/migodam's-external-brain/Research/Inv_SLAM/Gaussian/A17/CLOSURE_R1/remote_snapshots/noise_complete_v1/results/locked_validation_v1/object_2002/middle,a17_closure_locked_validation_v1_2002_e3dd53c45173436b8006b14e4a049be2,5.022639518576049e-05,1.6407850371613245e-05,3.381854481414724e-05,3.2049436252638086e-19,improved,evaluation floor ONLY; not online acceptance tolerance,0.010022613949040747,0.005728498995654309,2.281553780972419,1.304038907343398,1.9297479317995845e-05,5.022639518575307e-05,1.6407850371606214e-05,5.481550240597161e-12,3,MOVE_BUDGET_EXHAUSTED,"[0, 1, 3, 4, 6, 65, 8, 128]","{""constraints_violated"": true, ""relative_material_error"": 0.33212115835093114, ""scope"": ""Offline unconstrained alpha1 diagnostic; not nonlinear accepted update""}","{""reason"": ""Separate owner bounded nonlinear transfer stage"", ""status"": ""NOT_RUN""}",9edd68c9aef34b400d981fed32a8ee48cd049c9d038d3559c0a1a64978ff5491,b116b58ba41d00a7ea52e0ed4681550a62bb0a07ab035b5f049fc6e699c4dc42
validation,2002,middle,16,0,0,/Volumes/migodam's-external-brain/Research/Inv_SLAM/Gaussian/A17/CLOSURE_R1/remote_snapshots/noise_complete_v1/results/locked_validation_v1/object_2002/middle,a17_closure_locked_validation_v1_2002_e3dd53c45173436b8006b14e4a049be2,5.4400289712050664e-06,2.9256248606072887e-06,2.5144041105977777e-06,3.2049436252638086e-19,improved,evaluation floor ONLY; not online acceptance tolerance,0.0032984932836682634,0.0024189356587590396,0.750870966509264,0.5506479473549819,1.9297479317995845e-05,5.440028971202321e-06,2.9256248606080146e-06,5.481550240597161e-12,3,MOVE_BUDGET_EXHAUSTED,"[0, 1, 2, 3, 4, 5, 6, 8, 9, 11, 13, 14, 15, 97, 129, 130]","{""constraints_violated"": true, ""relative_material_error"": 0.3185271611349301, ""scope"": ""Offline unconstrained alpha1 diagnostic; not nonlinear accepted update""}","{""reason"": ""Separate owner bounded nonlinear transfer stage"", ""status"": ""NOT_RUN""}",9edd68c9aef34b400d981fed32a8ee48cd049c9d038d3559c0a1a64978ff5491,727f0aa8fa256ffb1e53e1b2dcf7b399569dfcf3994dddf5284ae11cb4cca971
replay,2001,early,4,0,0,/Volumes/migodam's-external-brain/Research/Inv_SLAM/Gaussian/A17/CLOSURE_R1/remote_snapshots/noise_complete_v1/results/replay_remaining_v2/object_2001/early,a17_closure_replay_remaining_v2_2001_7016d76662014c3d98910ea298dfe051,0.0013352954485755715,0.0001936029059481648,0.0011416925426274067,2.8915684191413183e-15,improved,evaluation floor ONLY; not online acceptance tolerance,0.0516777601777065,0.019677545880363058,0.11445221167680925,0.04358042296405483,0.2038726581974829,0.001335295448492274,0.0001936029059368966,4.030764277322223e-12,1,ABSTAIN_UNRESOLVED,"[0, 2, 3, 5]","{""constraints_violated"": true, ""relative_material_error"": 0.43458377621806427, ""scope"": ""Offline unconstrained alpha1 diagnostic; not nonlinear accepted update""}","{""reason"": ""Separate owner bounded nonlinear transfer stage"", ""status"": ""NOT_RUN""}",2868c4a1f27fd3df4da08607173bcc224c8715ae74bc7606ef4d80e45bcb992f,0295b1f4b25c9f0e75829531b2207ad86940d5b0185ad31be5de78d6d339c10a
replay,2001,early,8,0,0,/Volumes/migodam's-external-brain/Research/Inv_SLAM/Gaussian/A17/CLOSURE_R1/remote_snapshots/noise_complete_v1/results/replay_remaining_v2/object_2001/early,a17_closure_replay_remaining_v2_2001_7016d76662014c3d98910ea298dfe051,8.831780221564739e-05,7.85526805640808e-05,9.765121651566586e-06,2.8915684191413183e-15,improved,evaluation floor ONLY; not online acceptance tolerance,0.013290432815695787,0.01253416774763718,0.029434701207399244,0.027759779357931006,0.2038726581974829,8.831780221426171e-05,7.855268056295404e-05,4.030764277322223e-12,3,MOVE_BUDGET_EXHAUSTED,"[0, 1, 2, 3, 6, 9, 8, 65]","{""constraints_violated"": true, ""relative_material_error"": 0.41503541873435945, ""scope"": ""Offline unconstrained alpha1 diagnostic; not nonlinear accepted update""}","{""reason"": ""Separate owner bounded nonlinear transfer stage"", ""status"": ""NOT_RUN""}",2868c4a1f27fd3df4da08607173bcc224c8715ae74bc7606ef4d80e45bcb992f,24f80c6e21dfb85b9fb683e35835b1fcc28d9bb12152af0a9867b42a149d207d
replay,2001,early,16,0,0,/Volumes/migodam's-external-brain/Research/Inv_SLAM/Gaussian/A17/CLOSURE_R1/remote_snapshots/noise_complete_v1/results/replay_remaining_v2/object_2001/early,a17_closure_replay_remaining_v2_2001_7016d76662014c3d98910ea298dfe051,2.642871382533148e-05,1.4478701397820284e-05,1.1950012427511196e-05,2.8915684191413183e-15,improved,evaluation floor ONLY; not online acceptance tolerance,0.007270311385703712,0.005381208301610489,0.01610176630743068,0.011917915743542984,0.2038726581974829,2.642871382254651e-05,1.4478701392660824e-05,4.030764277322223e-12,2,ABSTAIN_UNRESOLVED,"[0, 1, 2, 5, 6, 7, 8, 9, 10, 11, 12, 13, 14, 15, 65, 64]","{""constraints_violated"": true, ""relative_material_error"": 0.397780605186962, ""scope"": ""Offline unconstrained alpha1 diagnostic; not nonlinear accepted update""}","{""reason"": ""Separate owner bounded nonlinear transfer stage"", ""status"": ""NOT_RUN""}",2868c4a1f27fd3df4da08607173bcc224c8715ae74bc7606ef4d80e45bcb992f,3c55ecbbcd3ca3f56626a6a6fb3eceb19c6633ed11792575a470b0cc791b7a97
replay,2001,late,4,0,0,/Volumes/migodam's-external-brain/Research/Inv_SLAM/Gaussian/A17/CLOSURE_R1/remote_snapshots/noise_complete_v1/results/replay_remaining_v2/object_2001/late,a17_closure_replay_remaining_v2_2001_7016d76662014c3d98910ea298dfe051,0.00028650196246260613,3.8784900959344815e-05,0.0002477170615032613,1.820467525657628e-19,improved,evaluation floor ONLY; not online acceptance tolerance,0.023937500390082574,0.008807372021135936,31.517429158464676,11.596270254825805,5.768408738544566e-07,0.00028650196246260174,3.878490095934404e-05,1.074028292892572e-12,2,ABSTAIN_UNRESOLVED,"[0, 2, 4, 128]","{""constraints_violated"": true, ""relative_material_error"": 0.3687931598837584, ""scope"": ""Offline unconstrained alpha1 diagnostic; not nonlinear accepted update""}","{""reason"": ""Separate owner bounded nonlinear transfer stage"", ""status"": ""NOT_RUN""}",6c1b359db25a1cd41e14f40ed9b4b73eed3227a33d7fd81086ba14723e6b594d,8e1a7bd0bd65043b5a7de0493bf32be4f27b8a738f5c1a28993f7dc109a81e00
replay,2001,late,8,0,0,/Volumes/migodam's-external-brain/Research/Inv_SLAM/Gaussian/A17/CLOSURE_R1/remote_snapshots/noise_complete_v1/results/replay_remaining_v2/object_2001/late,a17_closure_replay_remaining_v2_2001_7016d76662014c3d98910ea298dfe051,5.7316672820409987e-05,1.2602468302277157e-05,4.471420451813283e-05,1.820467525657628e-19,improved,evaluation floor ONLY; not online acceptance tolerance,0.010706696299083798,0.005020451832709283,14.097025028869586,6.610202920203613,5.768408738544566e-07,5.731667282040735e-05,1.2602468302276998e-05,1.074028292892572e-12,3,MOVE_BUDGET_EXHAUSTED,"[0, 1, 4, 6, 7, 96, 98, 99]","{""constraints_violated"": true, ""relative_material_error"": 0.36688235139182734, ""scope"": ""Offline unconstrained alpha1 diagnostic; not nonlinear accepted update""}","{""reason"": ""Separate owner bounded nonlinear transfer stage"", ""status"": ""NOT_RUN""}",6c1b359db25a1cd41e14f40ed9b4b73eed3227a33d7fd81086ba14723e6b594d,bc435e8968dd14ab6cea7d777fc0cb3c2fbcec03b62a95fa41391d11890cbf99
replay,2001,late,16,0,0,/Volumes/migodam's-external-brain/Research/Inv_SLAM/Gaussian/A17/CLOSURE_R1/remote_snapshots/noise_complete_v1/results/replay_remaining_v2/object_2001/late,a17_closure_replay_remaining_v2_2001_7016d76662014c3d98910ea298dfe051,3.468408115451801e-06,2.1122024870769628e-06,1.3562056283748382e-06,1.820467525657628e-19,improved,evaluation floor ONLY; not online acceptance tolerance,0.0026337836340336205,0.002055335732709745,3.4677843447167014,2.706168033291341,5.768408738544566e-07,3.468408115451672e-06,2.1122024870767523e-06,1.074028292892572e-12,1,ABSTAIN_UNRESOLVED,"[0, 1, 2, 3, 4, 5, 6, 7, 8, 10, 11, 12, 13, 14, 15, 96]","{""constraints_violated"": true, ""relative_material_error"": 0.3408884832075046, ""scope"": ""Offline unconstrained alpha1 diagnostic; not nonlinear accepted update""}","{""reason"": ""Separate owner bounded nonlinear transfer stage"", ""status"": ""NOT_RUN""}",6c1b359db25a1cd41e14f40ed9b4b73eed3227a33d7fd81086ba14723e6b594d,02e9d1cd91de42326e359ecf52ca715f4cc474b6e6662d97f57daf509681774f
replay,2001,middle,4,0,0,/Volumes/migodam's-external-brain/Research/Inv_SLAM/Gaussian/A17/CLOSURE_R1/remote_snapshots/noise_complete_v1/results/replay_remaining_v2/object_2001/middle,a17_closure_replay_remaining_v2_2001_7016d76662014c3d98910ea298dfe051,7.479667797000949e-05,1.0712018393707932e-05,6.408465957630155e-05,2.1871235165076276e-19,improved,evaluation floor ONLY; not online acceptance tolerance,0.012230836273127156,0.004628610675723391,7.29457692097185,2.760543584863402,2.8113316933573168e-06,7.479667797002149e-05,1.0712018393710275e-05,2.311832994365931e-12,2,ABSTAIN_UNRESOLVED,"[2, 3, 5, 64]","{""constraints_violated"": true, ""relative_material_error"": 0.3368924464174315, ""scope"": ""Offline unconstrained alpha1 diagnostic; not nonlinear accepted update""}","{""reason"": ""Separate owner bounded nonlinear transfer stage"", ""status"": ""NOT_RUN""}",431907fba40be85567e018fbe91f86e4868032103421726c5d4ecab271546c86,00d8b6dd155ad057312fbdf235d47b3f4edf7368e300ae2906e5d017b86ee100
replay,2001,middle,8,0,0,/Volumes/migodam's-external-brain/Research/Inv_SLAM/Gaussian/A17/CLOSURE_R1/remote_snapshots/noise_complete_v1/results/replay_remaining_v2/object_2001/middle,a17_closure_replay_remaining_v2_2001_7016d76662014c3d98910ea298dfe051,8.780418261098822e-06,6.589188285025978e-06,2.1912299760728438e-06,2.1871235165076276e-19,improved,evaluation floor ONLY; not online acceptance tolerance,0.00419056517932873,0.003630203378607929,2.4992894484347428,2.1650848063602504,2.8113316933573168e-06,8.780418261101215e-06,6.589188285028212e-06,2.311832994365931e-12,2,ABSTAIN_UNRESOLVED,"[0, 1, 2, 3, 5, 7, 9, 33]","{""constraints_violated"": true, ""relative_material_error"": 0.33867494503361284, ""scope"": ""Offline unconstrained alpha1 diagnostic; not nonlinear accepted update""}","{""reason"": ""Separate owner bounded nonlinear transfer stage"", ""status"": ""NOT_RUN""}",431907fba40be85567e018fbe91f86e4868032103421726c5d4ecab271546c86,cd7435694f6d4a2760f13e1bee8d54f93843ddb58b51ef6973646ab3bd31da84
replay,2001,middle,16,0,0,/Volumes/migodam's-external-brain/Research/Inv_SLAM/Gaussian/A17/CLOSURE_R1/remote_snapshots/noise_complete_v1/results/replay_remaining_v2/object_2001/middle,a17_closure_replay_remaining_v2_2001_7016d76662014c3d98910ea298dfe051,1.1460114827364732e-06,9.085725760364422e-07,2.3743890670003095e-07,2.1871235165076276e-19,improved,evaluation floor ONLY; not online acceptance tolerance,0.0015139428540970337,0.0013480152640356323,0.9029286597050388,0.8039680046864012,2.8113316933573168e-06,1.146011482735736e-06,9.085725760365278e-07,2.311832994365931e-12,3,MOVE_BUDGET_EXHAUSTED,"[0, 1, 2, 3, 4, 5, 6, 7, 8, 9, 10, 14, 15, 96, 16, 12]","{""constraints_violated"": false, ""relative_material_error"": 0.3322611374083522, ""scope"": ""Offline unconstrained alpha1 diagnostic; not nonlinear accepted update""}","{""reason"": ""Separate owner bounded nonlinear transfer stage"", ""status"": ""NOT_RUN""}",431907fba40be85567e018fbe91f86e4868032103421726c5d4ecab271546c86,b88636b33c2724f917be8df4f1af59ec141d6b8a1a8e399be4d57f56a4f53787
replay,2012,early,4,0,0,/Volumes/migodam's-external-brain/Research/Inv_SLAM/Gaussian/A17/CLOSURE_R1/remote_snapshots/noise_complete_v1/results/replay_remaining_v2/object_2012/early,a17_closure_replay_remaining_v2_2012_779a36662bac440aa852f9ff678d7168,0.0024402768227154716,0.00034847874832019904,0.0020917980743952727,3.812233327639918e-15,improved,evaluation floor ONLY; not online acceptance tolerance,0.06986095937917634,0.026399952587978413,0.13468964141620207,0.05089824387008684,0.26902999115806625,0.0024402768226894638,0.00034847874832375403,9.188723633843212e-13,2,ABSTAIN_UNRESOLVED,"[2, 3, 4, 96]","{""constraints_violated"": true, ""relative_material_error"": 0.7646412043856714, ""scope"": ""Offline unconstrained alpha1 diagnostic; not nonlinear accepted update""}","{""reason"": ""Separate owner bounded nonlinear transfer stage"", ""status"": ""NOT_RUN""}",c78dcef04cf32971c29d3f6e12e6a1e0fbf2adf095595f9866a3831a5c0c3516,9add3ec546579b13aebcc0ff259cc5df64326f22144d3bff9bc3fcf1ddc1bfaf
replay,2012,early,8,0,0,/Volumes/migodam's-external-brain/Research/Inv_SLAM/Gaussian/A17/CLOSURE_R1/remote_snapshots/noise_complete_v1/results/replay_remaining_v2/object_2012/early,a17_closure_replay_remaining_v2_2012_779a36662bac440aa852f9ff678d7168,0.00031171475014024744,0.0003076705840233036,4.0441661169438536e-06,3.812233327639918e-15,improved,evaluation floor ONLY; not online acceptance tolerance,0.02496857024899743,0.02480607119328578,0.04813858560486841,0.04782529274804575,0.26902999115806625,0.0003117147501395598,0.00030767058402318123,9.188723633843212e-13,1,ABSTAIN_UNRESOLVED,"[0, 1, 2, 3, 5, 6, 7, 9]","{""constraints_violated"": true, ""relative_material_error"": 0.7670937009367893, ""scope"": ""Offline unconstrained alpha1 diagnostic; not nonlinear accepted update""}","{""reason"": ""Separate owner bounded nonlinear transfer stage"", ""status"": ""NOT_RUN""}",c78dcef04cf32971c29d3f6e12e6a1e0fbf2adf095595f9866a3831a5c0c3516,0873de32f6f33cb070481ac1d972e0f7161ec6235f54cc47120601423668a978
replay,2012,early,16,0,0,/Volumes/migodam's-external-brain/Research/Inv_SLAM/Gaussian/A17/CLOSURE_R1/remote_snapshots/noise_complete_v1/results/replay_remaining_v2/object_2012/early,a17_closure_replay_remaining_v2_2012_779a36662bac440aa852f9ff678d7168,0.00010560798930447643,5.200646837907292e-05,5.3601520925403505e-05,3.812233327639918e-15,improved,evaluation floor ONLY; not online acceptance tolerance,0.01453327143503977,0.01019867328423947,0.028019671295457634,0.01966270803868553,0.26902999115806625,0.00010560798930227147,5.200646837932995e-05,9.188723633843212e-13,3,MOVE_BUDGET_EXHAUSTED,"[0, 2, 4, 5, 7, 8, 9, 10, 11, 12, 13, 14, 15, 17, 16, 128]","{""constraints_violated"": true, ""relative_material_error"": 0.7534724554352488, ""scope"": ""Offline unconstrained alpha1 diagnostic; not nonlinear accepted update""}","{""reason"": ""Separate owner bounded nonlinear transfer stage"", ""status"": ""NOT_RUN""}",c78dcef04cf32971c29d3f6e12e6a1e0fbf2adf095595f9866a3831a5c0c3516,af985e8a2bba64f59bba86e78267987953326b64629ba5fb2766707ecb83a7b1
replay,2012,late,4,0,0,/Volumes/migodam's-external-brain/Research/Inv_SLAM/Gaussian/A17/CLOSURE_R1/remote_snapshots/noise_complete_v1/results/replay_remaining_v2/object_2012/late,a17_closure_replay_remaining_v2_2012_779a36662bac440aa852f9ff678d7168,0.00023145305963441235,9.601264170280389e-05,0.00013544041793160845,1.092264853824229e-18,improved,evaluation floor ONLY; not online acceptance tolerance,0.021515253176966162,0.013857318766833495,2.408595706567113,1.5513030784159907,7.979305740782968e-05,0.00023145305963447624,9.601264170281788e-05,8.145365559492244e-12,2,ABSTAIN_UNRESOLVED,"[0, 3, 4, 96]","{""constraints_violated"": true, ""relative_material_error"": 0.6868332921316348, ""scope"": ""Offline unconstrained alpha1 diagnostic; not nonlinear accepted update""}","{""reason"": ""Separate owner bounded nonlinear transfer stage"", ""status"": ""NOT_RUN""}",e8ac6ff4a75a1609d09b758025072e8cff3d93030e25cc1a28df2d3be6ea3409,afc911eb1cbb425310a5e2dd656e372e9374277dd807efc72270dca010fe3a4a
replay,2012,late,8,0,0,/Volumes/migodam's-external-brain/Research/Inv_SLAM/Gaussian/A17/CLOSURE_R1/remote_snapshots/noise_complete_v1/results/replay_remaining_v2/object_2012/late,a17_closure_replay_remaining_v2_2012_779a36662bac440aa852f9ff678d7168,0.00014620820128459882,5.838832441526029e-05,8.781987686933853e-05,1.092264853824229e-18,improved,evaluation floor ONLY; not online acceptance tolerance,0.01710018720859635,0.010806324482931767,1.9143366407704443,1.2097494990775057,7.979305740782968e-05,0.0001462082012845211,5.8388324415205255e-05,8.145365559492244e-12,2,ABSTAIN_UNRESOLVED,"[0, 2, 3, 4, 6, 7, 9, 8]","{""constraints_violated"": true, ""relative_material_error"": 0.647479802496566, ""scope"": ""Offline unconstrained alpha1 diagnostic; not nonlinear accepted update""}","{""reason"": ""Separate owner bounded nonlinear transfer stage"", ""status"": ""NOT_RUN""}",e8ac6ff4a75a1609d09b758025072e8cff3d93030e25cc1a28df2d3be6ea3409,3050a977a7c8cf942c8391b901d901b2b97d56edbfef4f22e0f91e71481abeef
replay,2012,late,16,0,0,/Volumes/migodam's-external-brain/Research/Inv_SLAM/Gaussian/A17/CLOSURE_R1/remote_snapshots/noise_complete_v1/results/replay_remaining_v2/object_2012/late,a17_closure_replay_remaining_v2_2012_779a36662bac440aa852f9ff678d7168,4.508831278957633e-05,2.9196550893800558e-05,1.5891761895775772e-05,1.092264853824229e-18,improved,evaluation floor ONLY; not online acceptance tolerance,0.009496137403124234,0.007641537920309318,1.0630763017291902,0.8554570692261835,7.979305740782968e-05,4.5088312789507524e-05,2.9196550893762624e-05,8.145365559492244e-12,1,ABSTAIN_UNRESOLVED,"[0, 1, 2, 3, 4, 5, 6, 7, 8, 9, 10, 11, 12, 14, 15, 97]","{""constraints_violated"": true, ""relative_material_error"": 0.7182186792886677, ""scope"": ""Offline unconstrained alpha1 diagnostic; not nonlinear accepted update""}","{""reason"": ""Separate owner bounded nonlinear transfer stage"", ""status"": ""NOT_RUN""}",e8ac6ff4a75a1609d09b758025072e8cff3d93030e25cc1a28df2d3be6ea3409,964945fba316e6547b5e3531c3d267f0bd43275b5a3549f946a9d5a8f53c6553
replay,2012,middle,4,0,0,/Volumes/migodam's-external-brain/Research/Inv_SLAM/Gaussian/A17/CLOSURE_R1/remote_snapshots/noise_complete_v1/results/replay_remaining_v2/object_2012/middle,a17_closure_replay_remaining_v2_2012_779a36662bac440aa852f9ff678d7168,0.00011780471056040618,3.7789913701292124e-05,8.001479685911406e-05,1.6314396210534872e-18,improved,evaluation floor ONLY; not online acceptance tolerance,0.015349573971965397,0.008693665935737383,1.34867146377795,0.7638582793608412,0.00012953296759419785,0.00011780471056041878,3.778991370110028e-05,8.580123863841074e-12,2,ABSTAIN_UNRESOLVED,"[0, 3, 5, 32]","{""constraints_violated"": true, ""relative_material_error"": 0.6845588235788241, ""scope"": ""Offline unconstrained alpha1 diagnostic; not nonlinear accepted update""}","{""reason"": ""Separate owner bounded nonlinear transfer stage"", ""status"": ""NOT_RUN""}",12dc2c697a55f0cec7531295697378381539c3efedec2acc6d1bab119b945ec2,47b8c24b59e37749267b01046d629dce132217f13bc4f39fb6a3c5d4beda7d80
replay,2012,middle,8,0,0,/Volumes/migodam's-external-brain/Research/Inv_SLAM/Gaussian/A17/CLOSURE_R1/remote_snapshots/noise_complete_v1/results/replay_remaining_v2/object_2012/middle,a17_closure_replay_remaining_v2_2012_779a36662bac440aa852f9ff678d7168,8.54205231306445e-05,3.171315475677181e-05,5.3707368373872685e-05,1.6314396210534872e-18,improved,evaluation floor ONLY; not online acceptance tolerance,0.01307061766949099,0.007964063630699026,1.1484337674120622,0.6997526689700236,0.00012953296759419785,8.542052313100505e-05,3.171315475691148e-05,8.580123863841074e-12,3,MOVE_BUDGET_EXHAUSTED,"[0, 3, 4, 5, 6, 7, 65, 129]","{""constraints_violated"": true, ""relative_material_error"": 0.680488735867824, ""scope"": ""Offline unconstrained alpha1 diagnostic; not nonlinear accepted update""}","{""reason"": ""Separate owner bounded nonlinear transfer stage"", ""status"": ""NOT_RUN""}",12dc2c697a55f0cec7531295697378381539c3efedec2acc6d1bab119b945ec2,c0f1971d4085cbca45a1447a052fbc6f68f795527976f358331a9c90aa09aefe
replay,2012,middle,16,0,0,/Volumes/migodam's-external-brain/Research/Inv_SLAM/Gaussian/A17/CLOSURE_R1/remote_snapshots/noise_complete_v1/results/replay_remaining_v2/object_2012/middle,a17_closure_replay_remaining_v2_2012_779a36662bac440aa852f9ff678d7168,1.6665532899026715e-05,1.0523527244607657e-05,6.142005654419058e-06,1.6314396210534872e-18,improved,evaluation floor ONLY; not online acceptance tolerance,0.00577330631423366,0.004587706887879229,0.5072644681785273,0.40309323080632875,0.00012953296759419785,1.6665532898985123e-05,1.052352724454726e-05,8.580123863841074e-12,1,ABSTAIN_UNRESOLVED,"[0, 1, 2, 3, 4, 5, 6, 7, 8, 9, 10, 11, 13, 14, 15, 97]","{""constraints_violated"": true, ""relative_material_error"": 0.6691357461373183, ""scope"": ""Offline unconstrained alpha1 diagnostic; not nonlinear accepted update""}","{""reason"": ""Separate owner bounded nonlinear transfer stage"", ""status"": ""NOT_RUN""}",12dc2c697a55f0cec7531295697378381539c3efedec2acc6d1bab119b945ec2,5ce01705b0b7b47bdecd55ceb21098dba1f5c1a225e8a4b325f826e11b09e664
replay,2014,early,4,0,0,/Volumes/migodam's-external-brain/Research/Inv_SLAM/Gaussian/A17/CLOSURE_R1/remote_snapshots/noise_complete_v1/results/replay_remaining_v2/object_2014/early,a17_closure_replay_remaining_v2_2014_ae31117d083b4246a36e7125d4593113,0.00017215927623219826,9.906694044456614e-05,7.309233578763213e-05,6.847644058182508e-16,improved,evaluation floor ONLY; not online acceptance tolerance,0.018555822602952635,0.014076003725893876,0.08448083614324704,0.06408514404151264,0.04824407863252537,0.00017215927623612394,9.906694044568915e-05,2.785161046065373e-12,3,MOVE_BUDGET_EXHAUSTED,"[2, 5, 4, 129]","{""constraints_violated"": true, ""relative_material_error"": 0.8213550489961058, ""scope"": ""Offline unconstrained alpha1 diagnostic; not nonlinear accepted update""}","{""reason"": ""Separate owner bounded nonlinear transfer stage"", ""status"": ""NOT_RUN""}",d9def02d276190726e622c4664b0bacd62567dd4213433f79ffe5b4670a9b0fe,1b8a72585513c08a478d193ad54d77ae856b290da4d09b229fb9f955610cdfdb
replay,2014,early,8,0,0,/Volumes/migodam's-external-brain/Research/Inv_SLAM/Gaussian/A17/CLOSURE_R1/remote_snapshots/noise_complete_v1/results/replay_remaining_v2/object_2014/early,a17_closure_replay_remaining_v2_2014_ae31117d083b4246a36e7125d4593113,0.00010960541660527047,8.712382326372817e-05,2.2481593341542298e-05,6.847644058182508e-16,improved,evaluation floor ONLY; not online acceptance tolerance,0.014805770267557236,0.013200289638114183,0.0674076207081777,0.060098198275698005,0.04824407863252537,0.00010960541660784094,8.712382326505233e-05,2.785161046065373e-12,2,ABSTAIN_UNRESOLVED,"[0, 2, 3, 5, 6, 7, 129, 130]","{""constraints_violated"": true, ""relative_material_error"": 0.8204035785338675, ""scope"": ""Offline unconstrained alpha1 diagnostic; not nonlinear accepted update""}","{""reason"": ""Separate owner bounded nonlinear transfer stage"", ""status"": ""NOT_RUN""}",d9def02d276190726e622c4664b0bacd62567dd4213433f79ffe5b4670a9b0fe,71232a3ec0bf4046fa6deab671d4effe10069aff376d956383fa3cfc1baa090a
replay,2014,early,16,0,0,/Volumes/migodam's-external-brain/Research/Inv_SLAM/Gaussian/A17/CLOSURE_R1/remote_snapshots/noise_complete_v1/results/replay_remaining_v2/object_2014/early,a17_closure_replay_remaining_v2_2014_ae31117d083b4246a36e7125d4593113,1.8452661519246796e-05,7.945123948279032e-06,1.0507537570967764e-05,6.847644058182508e-16,improved,evaluation floor ONLY; not online acceptance tolerance,0.006074975147310487,0.003986257379784695,0.027658109854562365,0.018148608322695103,0.04824407863252537,1.8452661520220037e-05,7.945123948943971e-06,2.785161046065373e-12,1,ABSTAIN_UNRESOLVED,"[1, 2, 3, 4, 5, 6, 7, 8, 9, 10, 11, 12, 13, 14, 15, 17]","{""constraints_violated"": false, ""relative_material_error"": 0.8150854307232711, ""scope"": ""Offline unconstrained alpha1 diagnostic; not nonlinear accepted update""}","{""reason"": ""Separate owner bounded nonlinear transfer stage"", ""status"": ""NOT_RUN""}",d9def02d276190726e622c4664b0bacd62567dd4213433f79ffe5b4670a9b0fe,dd1ccc5689ee4f370e1d63db0e8b30e617dea965ab4f3954ccca3b3971610740
replay,2014,late,4,0,0,/Volumes/migodam's-external-brain/Research/Inv_SLAM/Gaussian/A17/CLOSURE_R1/remote_snapshots/noise_complete_v1/results/replay_remaining_v2/object_2014/late,a17_closure_replay_remaining_v2_2014_ae31117d083b4246a36e7125d4593113,0.00024116505258958958,4.457422812949114e-05,0.00019659082446009846,3.6589387655649004e-19,improved,evaluation floor ONLY; not online acceptance tolerance,0.021962015052794527,0.009441846019658747,4.2459085539083485,1.825388730641703,2.6754885523299153e-05,0.00024116505258958668,4.4574228129472856e-05,4.093014178586756e-12,3,MOVE_BUDGET_EXHAUSTED,"[3, 4, 96, 98]","{""constraints_violated"": true, ""relative_material_error"": 0.8363218801886969, ""scope"": ""Offline unconstrained alpha1 diagnostic; not nonlinear accepted update""}","{""reason"": ""Separate owner bounded nonlinear transfer stage"", ""status"": ""NOT_RUN""}",20eb343217e7e9c34bc1ee53a869ea66a4133fc9307064c91ffad4d9401184a3,c0130740ec2ef7272ac6e0f0c61a6da08a67c7f9f2929c72b261e500203abcac
replay,2014,late,8,0,0,/Volumes/migodam's-external-brain/Research/Inv_SLAM/Gaussian/A17/CLOSURE_R1/remote_snapshots/noise_complete_v1/results/replay_remaining_v2/object_2014/late,a17_closure_replay_remaining_v2_2014_ae31117d083b4246a36e7125d4593113,4.5278477283791125e-05,4.5278477283791125e-05,0.0,3.6589387655649004e-19,equal_within_evaluation_floor,evaluation floor ONLY; not online acceptance tolerance,0.009516141790011728,0.009516141790011728,1.839752305482291,1.839752305482291,2.6754885523299153e-05,4.527847728380382e-05,4.527847728380382e-05,4.093014178586756e-12,0,ABSTAIN_UNRESOLVED,"[0, 1, 2, 3, 4, 5, 6, 7]","{""constraints_violated"": true, ""relative_material_error"": 0.8692291914593657, ""scope"": ""Offline unconstrained alpha1 diagnostic; not nonlinear accepted update""}","{""reason"": ""Separate owner bounded nonlinear transfer stage"", ""status"": ""NOT_RUN""}",20eb343217e7e9c34bc1ee53a869ea66a4133fc9307064c91ffad4d9401184a3,b529f18646b76d91cc5cb09768ba0cf423ceea8ea416efa5a10f9970e93c9fa3
replay,2014,late,16,0,0,/Volumes/migodam's-external-brain/Research/Inv_SLAM/Gaussian/A17/CLOSURE_R1/remote_snapshots/noise_complete_v1/results/replay_remaining_v2/object_2014/late,a17_closure_replay_remaining_v2_2014_ae31117d083b4246a36e7125d4593113,1.697924548216187e-05,1.2863524711526717e-05,4.115720770635151e-06,3.6589387655649004e-19,improved,evaluation floor ONLY; not online acceptance tolerance,0.005827391437368904,0.005072183890895554,1.126607512626605,0.9806035064441521,2.6754885523299153e-05,1.6979245482160208e-05,1.2863524711530177e-05,4.093014178586756e-12,2,ABSTAIN_UNRESOLVED,"[0, 2, 3, 4, 5, 6, 7, 8, 9, 10, 11, 13, 14, 15, 64, 96]","{""constraints_violated"": true, ""relative_material_error"": 0.8727263507344297, ""scope"": ""Offline unconstrained alpha1 diagnostic; not nonlinear accepted update""}","{""reason"": ""Separate owner bounded nonlinear transfer stage"", ""status"": ""NOT_RUN""}",20eb343217e7e9c34bc1ee53a869ea66a4133fc9307064c91ffad4d9401184a3,a1ad96cc7236c5114c2e48ede3a9043e7d7efedbc97e943f50e3d5b0ef13f763
replay,2014,middle,4,0,0,/Volumes/migodam's-external-brain/Research/Inv_SLAM/Gaussian/A17/CLOSURE_R1/remote_snapshots/noise_complete_v1/results/replay_remaining_v2/object_2014/middle,a17_closure_replay_remaining_v2_2014_ae31117d083b4246a36e7125d4593113,0.00012923392770278295,1.1922740026128284e-05,0.00011731118767665467,2.603619526932429e-19,improved,evaluation floor ONLY; not online acceptance tolerance,0.01607693551039925,0.004883183393264783,4.5605901279867815,1.3852265540324549,1.2426947217174033e-05,0.00012923392770276823,1.1922740026128477e-05,2.9473063871209483e-12,3,MOVE_BUDGET_EXHAUSTED,"[3, 4, 33, 129]","{""constraints_violated"": true, ""relative_material_error"": 0.806946801036623, ""scope"": ""Offline unconstrained alpha1 diagnostic; not nonlinear accepted update""}","{""reason"": ""Separate owner bounded nonlinear transfer stage"", ""status"": ""NOT_RUN""}",98f3e7a2788876357066de1c6722522c136b257676107ab77a3013b0d0d7ed6a,cb4642f28335db829e3007ddefc6ba38da6d3511499c1f2639925a5a1adda5cb
replay,2014,middle,8,0,0,/Volumes/migodam's-external-brain/Research/Inv_SLAM/Gaussian/A17/CLOSURE_R1/remote_snapshots/noise_complete_v1/results/replay_remaining_v2/object_2014/middle,a17_closure_replay_remaining_v2_2014_ae31117d083b4246a36e7125d4593113,4.3933076066599486e-05,1.5008598635886461e-05,2.8924477430713022e-05,2.603619526932429e-19,improved,evaluation floor ONLY; not online acceptance tolerance,0.009373694689566274,0.0054787952390807585,2.6590626948989007,1.5541854642913955,1.2426947217174033e-05,4.393307606660148e-05,1.5008598635886993e-05,2.9473063871209483e-12,3,MOVE_BUDGET_EXHAUSTED,"[3, 4, 5, 6, 7, 65, 64, 32]","{""constraints_violated"": true, ""relative_material_error"": 0.8094065945169489, ""scope"": ""Offline unconstrained alpha1 diagnostic; not nonlinear accepted update""}","{""reason"": ""Separate owner bounded nonlinear transfer stage"", ""status"": ""NOT_RUN""}",98f3e7a2788876357066de1c6722522c136b257676107ab77a3013b0d0d7ed6a,f461a1000abe6513a819cbbf71a1389b34ab1140c8f98d46ba916fa64289524a
replay,2014,middle,16,0,0,/Volumes/migodam's-external-brain/Research/Inv_SLAM/Gaussian/A17/CLOSURE_R1/remote_snapshots/noise_complete_v1/results/replay_remaining_v2/object_2014/middle,a17_closure_replay_remaining_v2_2014_ae31117d083b4246a36e7125d4593113,7.809939906254358e-06,4.236374706551818e-06,3.5735651997025398e-06,2.603619526932429e-19,improved,evaluation floor ONLY; not online acceptance tolerance,0.003952199363962692,0.002910798758606447,1.1211316604128292,0.8257145818909285,1.2426947217174033e-05,7.809939906253553e-06,4.2363747065524156e-06,2.9473063871209483e-12,1,ABSTAIN_UNRESOLVED,"[0, 1, 3, 4, 5, 6, 7, 8, 9, 10, 11, 12, 13, 14, 15, 17]","{""constraints_violated"": true, ""relative_material_error"": 0.8111305669951885, ""scope"": ""Offline unconstrained alpha1 diagnostic; not nonlinear accepted update""}","{""reason"": ""Separate owner bounded nonlinear transfer stage"", ""status"": ""NOT_RUN""}",98f3e7a2788876357066de1c6722522c136b257676107ab77a3013b0d0d7ed6a,6601f08f6ad2ee0c1ca94bb1f20ba013be7ec2c9b41abd7104b338e20901eccb
replay,2007,early,4,0,0,/Volumes/migodam's-external-brain/Research/Inv_SLAM/Gaussian/A17/CLOSURE_R1/remote_snapshots/noise_complete_v1/results/replay_v2/object_2007/early,a17_closure_replay_2007_v2_e219059d9d3b4362886a47dcff3da659,0.00014968486970471037,0.00014523439588079592,4.450473823914457e-06,7.923586935705523e-16,improved,evaluation floor ONLY; not online acceptance tolerance,0.01730230445163229,0.01704314500690983,0.07321872499477543,0.07212203153605279,0.055842335724291904,0.00014968486966848732,0.00014523439586327773,8.858313709531091e-12,1,ABSTAIN_UNRESOLVED,"[0, 2, 3, 5]","{""constraints_violated"": true, ""relative_material_error"": 0.7381872934232935, ""scope"": ""Offline unconstrained alpha1 diagnostic; not nonlinear accepted update""}","{""reason"": ""Separate owner bounded nonlinear transfer stage"", ""status"": ""NOT_RUN""}",9717c2b279c0d5633f9118f5cc7dcb2f4506fa011963b566896c6fc9f169333d,667abc097095764bf1257e21a2e1ba61cdb79a747a6c36cf6f413c08f8560950
replay,2007,early,8,0,0,/Volumes/migodam's-external-brain/Research/Inv_SLAM/Gaussian/A17/CLOSURE_R1/remote_snapshots/noise_complete_v1/results/replay_v2/object_2007/early,a17_closure_replay_2007_v2_e219059d9d3b4362886a47dcff3da659,0.00011170559705552777,8.419667362420273e-05,2.750892343132504e-05,7.923586935705523e-16,improved,evaluation floor ONLY; not online acceptance tolerance,0.014946945978114547,0.01297664622413603,0.06325147786774082,0.05491369625910563,0.055842335724291904,0.00011170559703633732,8.419667361319195e-05,8.858313709531091e-12,2,ABSTAIN_UNRESOLVED,"[0, 1, 2, 3, 4, 6, 64, 33]","{""constraints_violated"": false, ""relative_material_error"": 0.7369503593557319, ""scope"": ""Offline unconstrained alpha1 diagnostic; not nonlinear accepted update""}","{""reason"": ""Separate owner bounded nonlinear transfer stage"", ""status"": ""NOT_RUN""}",9717c2b279c0d5633f9118f5cc7dcb2f4506fa011963b566896c6fc9f169333d,0b6c1b50688f37c7951958565ab0b760e2f86aa8d2914a02c413a1f04a592fb8
replay,2007,early,16,0,0,/Volumes/migodam's-external-brain/Research/Inv_SLAM/Gaussian/A17/CLOSURE_R1/remote_snapshots/noise_complete_v1/results/replay_v2/object_2007/early,a17_closure_replay_2007_v2_e219059d9d3b4362886a47dcff3da659,1.9219206255082333e-05,1.0381194046497643e-05,8.83801220858469e-06,7.923586935705523e-16,improved,evaluation floor ONLY; not online acceptance tolerance,0.006199871975239317,0.004556576357063261,0.026236200063803495,0.01928221250170155,0.055842335724291904,1.9219206254678938e-05,1.0381194048873949e-05,8.858313709531091e-12,3,MOVE_BUDGET_EXHAUSTED,"[0, 1, 2, 3, 4, 6, 9, 10, 11, 12, 13, 14, 15, 64, 32, 128]","{""constraints_violated"": false, ""relative_material_error"": 0.7281200346658939, ""scope"": ""Offline unconstrained alpha1 diagnostic; not nonlinear accepted update""}","{""reason"": ""Separate owner bounded nonlinear transfer stage"", ""status"": ""NOT_RUN""}",9717c2b279c0d5633f9118f5cc7dcb2f4506fa011963b566896c6fc9f169333d,acc59671c602e71ef731e554f15fa137369f3cb6a938b85c0901ef5611d0e38d
replay,2007,late,4,0,0,/Volumes/migodam's-external-brain/Research/Inv_SLAM/Gaussian/A17/CLOSURE_R1/remote_snapshots/noise_complete_v1/results/replay_v2/object_2007/late,a17_closure_replay_2007_v2_e219059d9d3b4362886a47dcff3da659,6.389384427794856e-05,3.5201431998538996e-05,2.8692412279409562e-05,8.874192326995242e-20,improved,evaluation floor ONLY; not online acceptance tolerance,0.01130432167606247,0.008390641453254823,18.195836481476725,13.505873614816027,3.859623694691353e-07,6.389384427794792e-05,3.520143199853911e-05,1.180537498024881e-12,3,MOVE_BUDGET_EXHAUSTED,"[0, 3, 33, 97]","{""constraints_violated"": true, ""relative_material_error"": 0.6962828289020484, ""scope"": ""Offline unconstrained alpha1 diagnostic; not nonlinear accepted update""}","{""reason"": ""Separate owner bounded nonlinear transfer stage"", ""status"": ""NOT_RUN""}",81b20630a8044161b64d1b85b393df0a78a8465c82cd48b9ebac5108e4d49928,d187801e81bb893f3e73516c157d5faf0bb25d220c6d1095078c78573872a801
replay,2007,late,8,0,0,/Volumes/migodam's-external-brain/Research/Inv_SLAM/Gaussian/A17/CLOSURE_R1/remote_snapshots/noise_complete_v1/results/replay_v2/object_2007/late,a17_closure_replay_2007_v2_e219059d9d3b4362886a47dcff3da659,3.065775223676982e-05,8.422212506452619e-06,2.22355397303172e-05,8.874192326995242e-20,improved,evaluation floor ONLY; not online acceptance tolerance,0.007830421730247915,0.004104196025155789,12.604124110012254,6.606259260986795,3.859623694691353e-07,3.065775223676938e-05,8.422212506452288e-06,1.180537498024881e-12,3,MOVE_BUDGET_EXHAUSTED,"[2, 3, 5, 6, 7, 33, 96, 32]","{""constraints_violated"": true, ""relative_material_error"": 0.6949180472461189, ""scope"": ""Offline unconstrained alpha1 diagnostic; not nonlinear accepted update""}","{""reason"": ""Separate owner bounded nonlinear transfer stage"", ""status"": ""NOT_RUN""}",81b20630a8044161b64d1b85b393df0a78a8465c82cd48b9ebac5108e4d49928,2f84762889f8b5d4bb55360a90bf4bdec23f3e2acf1be33ce4b2fdcb971a3a36
replay,2007,late,16,0,0,/Volumes/migodam's-external-brain/Research/Inv_SLAM/Gaussian/A17/CLOSURE_R1/remote_snapshots/noise_complete_v1/results/replay_v2/object_2007/late,a17_closure_replay_2007_v2_e219059d9d3b4362886a47dcff3da659,3.236227535097006e-06,1.6202377126127614e-06,1.6159898224842447e-06,8.874192326995242e-20,improved,evaluation floor ONLY; not online acceptance tolerance,0.002544102016467484,0.0018001320577184037,4.095076698132499,2.8975563068652437,3.859623694691353e-07,3.2362275350969587e-06,1.620237712612747e-06,1.180537498024881e-12,3,MOVE_BUDGET_EXHAUSTED,"[0, 1, 3, 4, 5, 6, 7, 9, 11, 12, 13, 14, 15, 96, 16, 64]","{""constraints_violated"": false, ""relative_material_error"": 0.7074340915961121, ""scope"": ""Offline unconstrained alpha1 diagnostic; not nonlinear accepted update""}","{""reason"": ""Separate owner bounded nonlinear transfer stage"", ""status"": ""NOT_RUN""}",81b20630a8044161b64d1b85b393df0a78a8465c82cd48b9ebac5108e4d49928,16b194238a407722ccabfdb914c054b043bfb86db602d8172045557ce740133c
replay,2007,middle,4,0,0,/Volumes/migodam's-external-brain/Research/Inv_SLAM/Gaussian/A17/CLOSURE_R1/remote_snapshots/noise_complete_v1/results/replay_v2/object_2007/middle,a17_closure_replay_2007_v2_e219059d9d3b4362886a47dcff3da659,6.506961099199865e-05,8.552266805707531e-06,5.651734418629112e-05,1.213399455334563e-19,improved,evaluation floor ONLY; not online acceptance tolerance,0.011407857905145799,0.0041357627605334065,10.15296216020248,3.680817482161088,1.2624746629796522e-06,6.506961099199875e-05,8.552266805707451e-06,8.982510667500508e-13,2,ABSTAIN_UNRESOLVED,"[1, 3, 4, 96]","{""constraints_violated"": false, ""relative_material_error"": 0.6870922668178869, ""scope"": ""Offline unconstrained alpha1 diagnostic; not nonlinear accepted update""}","{""reason"": ""Separate owner bounded nonlinear transfer stage"", ""status"": ""NOT_RUN""}",cb7118a9b93d0aaaad64e1cc9ce16c47753c83be2c8f7704d8fd93b6c8bb4ff7,fe7edfab4ab95e4385c9c7058144b3005c110b2a949f0ba1ee0b2efa18f2905d
replay,2007,middle,8,0,0,/Volumes/migodam's-external-brain/Research/Inv_SLAM/Gaussian/A17/CLOSURE_R1/remote_snapshots/noise_complete_v1/results/replay_v2/object_2007/middle,a17_closure_replay_2007_v2_e219059d9d3b4362886a47dcff3da659,1.0559067555006145e-05,3.519415161920574e-06,7.039652393085571e-06,1.213399455334563e-19,improved,evaluation floor ONLY; not online acceptance tolerance,0.00459544721545266,0.0026530794039833997,4.089935382755138,2.3612333727005463,1.2624746629796522e-06,1.0559067555005804e-05,3.5194151619204554e-06,8.982510667500508e-13,3,MOVE_BUDGET_EXHAUSTED,"[1, 3, 4, 5, 6, 7, 96, 34]","{""constraints_violated"": false, ""relative_material_error"": 0.6868894830544607, ""scope"": ""Offline unconstrained alpha1 diagnostic; not nonlinear accepted update""}","{""reason"": ""Separate owner bounded nonlinear transfer stage"", ""status"": ""NOT_RUN""}",cb7118a9b93d0aaaad64e1cc9ce16c47753c83be2c8f7704d8fd93b6c8bb4ff7,2636a29b6678a108e3bbd6ebbc8fa73b9f1a397a25984d9e89f970c4aaa2cac1
replay,2007,middle,16,0,0,/Volumes/migodam's-external-brain/Research/Inv_SLAM/Gaussian/A17/CLOSURE_R1/remote_snapshots/noise_complete_v1/results/replay_v2/object_2007/middle,a17_closure_replay_2007_v2_e219059d9d3b4362886a47dcff3da659,1.6289989965491702e-06,7.63003926073703e-07,8.659950704754672e-07,1.213399455334563e-19,improved,evaluation floor ONLY; not online acceptance tolerance,0.0018049925188482494,0.0012353169035301788,1.6064383774493218,1.0994286466123464,1.2624746629796522e-06,1.628998996549074e-06,7.630039260736946e-07,8.982510667500508e-13,1,ABSTAIN_UNRESOLVED,"[1, 2, 3, 4, 5, 6, 7, 8, 9, 10, 11, 12, 13, 14, 15, 17]","{""constraints_violated"": false, ""relative_material_error"": 0.688336310720448, ""scope"": ""Offline unconstrained alpha1 diagnostic; not nonlinear accepted update""}","{""reason"": ""Separate owner bounded nonlinear transfer stage"", ""status"": ""NOT_RUN""}",cb7118a9b93d0aaaad64e1cc9ce16c47753c83be2c8f7704d8fd93b6c8bb4ff7,6372fcfcf3de28a2a73e5dd42cbaf995e25875985d1f535ba497a4d5af49f87b
